<?xml version="1.0" encoding="UTF-8"?>
<gpx version="1.1" creator="walkingwithember" xmlns="http://www.topografix.com/GPX/1/1">
  <metadata>
    <name>Walk 2014-04-19</name>
    <time>2014-04-19T08:25:30.000Z</time>
  </metadata>
  <trk>
    <name>Walk 2014-04-19</name>
    <trkseg>
      <trkpt lat="52.737019" lon="-1.349612"><ele>149.6</ele><time>2014-04-19T08:25:30.000Z</time></trkpt>
      <trkpt lat="52.737047" lon="-1.349581"><ele>149.4</ele><time>2014-04-19T08:25:31.000Z</time></trkpt>
      <trkpt lat="52.737077" lon="-1.349568"><ele>149.1</ele><time>2014-04-19T08:25:32.000Z</time></trkpt>
      <trkpt lat="52.737093" lon="-1.349629"><ele>149.0</ele><time>2014-04-19T08:25:34.000Z</time></trkpt>
      <trkpt lat="52.737089" lon="-1.349680"><ele>149.1</ele><time>2014-04-19T08:25:40.000Z</time></trkpt>
      <trkpt lat="52.737074" lon="-1.349630"><ele>149.1</ele><time>2014-04-19T08:25:45.000Z</time></trkpt>
      <trkpt lat="52.737034" lon="-1.349611"><ele>149.5</ele><time>2014-04-19T08:25:48.000Z</time></trkpt>
      <trkpt lat="52.736989" lon="-1.349597"><ele>149.9</ele><time>2014-04-19T08:25:50.000Z</time></trkpt>
      <trkpt lat="52.736960" lon="-1.349610"><ele>150.2</ele><time>2014-04-19T08:25:52.000Z</time></trkpt>
      <trkpt lat="52.736946" lon="-1.349672"><ele>150.4</ele><time>2014-04-19T08:25:55.000Z</time></trkpt>
      <trkpt lat="52.736936" lon="-1.349734"><ele>150.6</ele><time>2014-04-19T08:25:57.000Z</time></trkpt>
      <trkpt lat="52.736918" lon="-1.349774"><ele>150.8</ele><time>2014-04-19T08:25:59.000Z</time></trkpt>
      <trkpt lat="52.736890" lon="-1.349814"><ele>151.1</ele><time>2014-04-19T08:26:01.000Z</time></trkpt>
      <trkpt lat="52.736865" lon="-1.349839"><ele>151.3</ele><time>2014-04-19T08:26:03.000Z</time></trkpt>
      <trkpt lat="52.736828" lon="-1.349869"><ele>151.7</ele><time>2014-04-19T08:26:05.000Z</time></trkpt>
      <trkpt lat="52.736801" lon="-1.349875"><ele>151.9</ele><time>2014-04-19T08:26:06.000Z</time></trkpt>
      <trkpt lat="52.736758" lon="-1.349887"><ele>152.3</ele><time>2014-04-19T08:26:08.000Z</time></trkpt>
      <trkpt lat="52.736725" lon="-1.349903"><ele>152.7</ele><time>2014-04-19T08:26:10.000Z</time></trkpt>
      <trkpt lat="52.736692" lon="-1.349922"><ele>153.0</ele><time>2014-04-19T08:26:13.000Z</time></trkpt>
      <trkpt lat="52.736661" lon="-1.349909"><ele>153.2</ele><time>2014-04-19T08:26:16.000Z</time></trkpt>
      <trkpt lat="52.736627" lon="-1.349908"><ele>153.6</ele><time>2014-04-19T08:26:18.000Z</time></trkpt>
      <trkpt lat="52.736592" lon="-1.349901"><ele>153.9</ele><time>2014-04-19T08:26:20.000Z</time></trkpt>
      <trkpt lat="52.736564" lon="-1.349888"><ele>154.1</ele><time>2014-04-19T08:26:23.000Z</time></trkpt>
      <trkpt lat="52.736529" lon="-1.349876"><ele>154.4</ele><time>2014-04-19T08:26:27.000Z</time></trkpt>
      <trkpt lat="52.736498" lon="-1.349856"><ele>154.7</ele><time>2014-04-19T08:26:32.000Z</time></trkpt>
      <trkpt lat="52.736470" lon="-1.349835"><ele>155.0</ele><time>2014-04-19T08:26:36.000Z</time></trkpt>
      <trkpt lat="52.736441" lon="-1.349795"><ele>155.2</ele><time>2014-04-19T08:26:40.000Z</time></trkpt>
      <trkpt lat="52.736420" lon="-1.349751"><ele>155.4</ele><time>2014-04-19T08:26:43.000Z</time></trkpt>
      <trkpt lat="52.736399" lon="-1.349719"><ele>155.6</ele><time>2014-04-19T08:26:46.000Z</time></trkpt>
      <trkpt lat="52.736377" lon="-1.349669"><ele>155.8</ele><time>2014-04-19T08:26:52.000Z</time></trkpt>
      <trkpt lat="52.736345" lon="-1.349649"><ele>156.1</ele><time>2014-04-19T08:26:57.000Z</time></trkpt>
      <trkpt lat="52.736316" lon="-1.349643"><ele>156.4</ele><time>2014-04-19T08:27:00.000Z</time></trkpt>
      <trkpt lat="52.736273" lon="-1.349652"><ele>156.8</ele><time>2014-04-19T08:27:04.000Z</time></trkpt>
      <trkpt lat="52.736247" lon="-1.349661"><ele>157.0</ele><time>2014-04-19T08:27:05.000Z</time></trkpt>
      <trkpt lat="52.736193" lon="-1.349661"><ele>157.1</ele><time>2014-04-19T08:27:07.000Z</time></trkpt>
      <trkpt lat="52.736151" lon="-1.349662"><ele>157.1</ele><time>2014-04-19T08:27:09.000Z</time></trkpt>
      <trkpt lat="52.736133" lon="-1.349626"><ele>157.1</ele><time>2014-04-19T08:27:12.000Z</time></trkpt>
      <trkpt lat="52.736116" lon="-1.349587"><ele>157.2</ele><time>2014-04-19T08:27:15.000Z</time></trkpt>
      <trkpt lat="52.736080" lon="-1.349561"><ele>157.2</ele><time>2014-04-19T08:27:19.000Z</time></trkpt>
      <trkpt lat="52.736067" lon="-1.349509"><ele>157.2</ele><time>2014-04-19T08:27:21.000Z</time></trkpt>
      <trkpt lat="52.736052" lon="-1.349461"><ele>157.2</ele><time>2014-04-19T08:27:24.000Z</time></trkpt>
      <trkpt lat="52.736022" lon="-1.349448"><ele>157.3</ele><time>2014-04-19T08:27:28.000Z</time></trkpt>
      <trkpt lat="52.735993" lon="-1.349442"><ele>157.3</ele><time>2014-04-19T08:27:31.000Z</time></trkpt>
      <trkpt lat="52.735964" lon="-1.349407"><ele>157.3</ele><time>2014-04-19T08:27:34.000Z</time></trkpt>
      <trkpt lat="52.735946" lon="-1.349360"><ele>157.4</ele><time>2014-04-19T08:27:36.000Z</time></trkpt>
      <trkpt lat="52.735924" lon="-1.349322"><ele>157.4</ele><time>2014-04-19T08:27:39.000Z</time></trkpt>
      <trkpt lat="52.735899" lon="-1.349297"><ele>157.4</ele><time>2014-04-19T08:27:42.000Z</time></trkpt>
      <trkpt lat="52.735886" lon="-1.349249"><ele>157.4</ele><time>2014-04-19T08:27:45.000Z</time></trkpt>
      <trkpt lat="52.735877" lon="-1.349204"><ele>157.4</ele><time>2014-04-19T08:27:47.000Z</time></trkpt>
      <trkpt lat="52.735879" lon="-1.349153"><ele>157.4</ele><time>2014-04-19T08:27:49.000Z</time></trkpt>
      <trkpt lat="52.735896" lon="-1.349092"><ele>157.4</ele><time>2014-04-19T08:27:51.000Z</time></trkpt>
      <trkpt lat="52.735859" lon="-1.349063"><ele>157.5</ele><time>2014-04-19T08:27:54.000Z</time></trkpt>
      <trkpt lat="52.735831" lon="-1.349062"><ele>157.5</ele><time>2014-04-19T08:27:55.000Z</time></trkpt>
      <trkpt lat="52.735785" lon="-1.349054"><ele>157.6</ele><time>2014-04-19T08:27:57.000Z</time></trkpt>
      <trkpt lat="52.735750" lon="-1.349055"><ele>157.6</ele><time>2014-04-19T08:27:59.000Z</time></trkpt>
      <trkpt lat="52.735720" lon="-1.349016"><ele>157.6</ele><time>2014-04-19T08:28:02.000Z</time></trkpt>
      <trkpt lat="52.735713" lon="-1.348952"><ele>157.6</ele><time>2014-04-19T08:28:04.000Z</time></trkpt>
      <trkpt lat="52.735700" lon="-1.348891"><ele>157.7</ele><time>2014-04-19T08:28:07.000Z</time></trkpt>
      <trkpt lat="52.735681" lon="-1.348848"><ele>157.7</ele><time>2014-04-19T08:28:09.000Z</time></trkpt>
      <trkpt lat="52.735680" lon="-1.348790"><ele>157.7</ele><time>2014-04-19T08:28:12.000Z</time></trkpt>
      <trkpt lat="52.735689" lon="-1.348732"><ele>157.7</ele><time>2014-04-19T08:28:14.000Z</time></trkpt>
      <trkpt lat="52.735684" lon="-1.348671"><ele>157.7</ele><time>2014-04-19T08:28:16.000Z</time></trkpt>
      <trkpt lat="52.735674" lon="-1.348626"><ele>157.7</ele><time>2014-04-19T08:28:18.000Z</time></trkpt>
      <trkpt lat="52.735665" lon="-1.348568"><ele>157.7</ele><time>2014-04-19T08:28:20.000Z</time></trkpt>
      <trkpt lat="52.735638" lon="-1.348552"><ele>157.7</ele><time>2014-04-19T08:28:22.000Z</time></trkpt>
      <trkpt lat="52.735612" lon="-1.348511"><ele>157.8</ele><time>2014-04-19T08:28:24.000Z</time></trkpt>
      <trkpt lat="52.735604" lon="-1.348452"><ele>157.8</ele><time>2014-04-19T08:28:26.000Z</time></trkpt>
      <trkpt lat="52.735588" lon="-1.348391"><ele>157.8</ele><time>2014-04-19T08:28:30.000Z</time></trkpt>
      <trkpt lat="52.735592" lon="-1.348339"><ele>157.8</ele><time>2014-04-19T08:28:32.000Z</time></trkpt>
      <trkpt lat="52.735580" lon="-1.348289"><ele>157.8</ele><time>2014-04-19T08:28:35.000Z</time></trkpt>
      <trkpt lat="52.735556" lon="-1.348242"><ele>157.8</ele><time>2014-04-19T08:28:38.000Z</time></trkpt>
      <trkpt lat="52.735546" lon="-1.348195"><ele>157.8</ele><time>2014-04-19T08:28:40.000Z</time></trkpt>
      <trkpt lat="52.735512" lon="-1.348178"><ele>157.9</ele><time>2014-04-19T08:28:42.000Z</time></trkpt>
      <trkpt lat="52.735485" lon="-1.348148"><ele>157.9</ele><time>2014-04-19T08:28:44.000Z</time></trkpt>
      <trkpt lat="52.735465" lon="-1.348093"><ele>157.9</ele><time>2014-04-19T08:28:47.000Z</time></trkpt>
      <trkpt lat="52.735456" lon="-1.348041"><ele>158.0</ele><time>2014-04-19T08:28:50.000Z</time></trkpt>
      <trkpt lat="52.735423" lon="-1.348020"><ele>158.0</ele><time>2014-04-19T08:28:53.000Z</time></trkpt>
      <trkpt lat="52.735400" lon="-1.347995"><ele>158.0</ele><time>2014-04-19T08:28:55.000Z</time></trkpt>
      <trkpt lat="52.735381" lon="-1.347959"><ele>158.0</ele><time>2014-04-19T08:28:58.000Z</time></trkpt>
      <trkpt lat="52.735365" lon="-1.347899"><ele>158.0</ele><time>2014-04-19T08:29:02.000Z</time></trkpt>
      <trkpt lat="52.735342" lon="-1.347860"><ele>158.0</ele><time>2014-04-19T08:29:06.000Z</time></trkpt>
      <trkpt lat="52.735325" lon="-1.347818"><ele>158.0</ele><time>2014-04-19T08:29:09.000Z</time></trkpt>
      <trkpt lat="52.735302" lon="-1.347775"><ele>158.0</ele><time>2014-04-19T08:29:13.000Z</time></trkpt>
      <trkpt lat="52.735283" lon="-1.347727"><ele>158.1</ele><time>2014-04-19T08:29:15.000Z</time></trkpt>
      <trkpt lat="52.735241" lon="-1.347699"><ele>158.1</ele><time>2014-04-19T08:29:17.000Z</time></trkpt>
      <trkpt lat="52.735206" lon="-1.347679"><ele>158.0</ele><time>2014-04-19T08:29:20.000Z</time></trkpt>
      <trkpt lat="52.735181" lon="-1.347659"><ele>158.0</ele><time>2014-04-19T08:29:22.000Z</time></trkpt>
      <trkpt lat="52.735156" lon="-1.347641"><ele>158.0</ele><time>2014-04-19T08:29:24.000Z</time></trkpt>
      <trkpt lat="52.735134" lon="-1.347597"><ele>158.0</ele><time>2014-04-19T08:29:27.000Z</time></trkpt>
      <trkpt lat="52.735109" lon="-1.347570"><ele>158.0</ele><time>2014-04-19T08:29:30.000Z</time></trkpt>
      <trkpt lat="52.735084" lon="-1.347526"><ele>158.1</ele><time>2014-04-19T08:29:33.000Z</time></trkpt>
      <trkpt lat="52.735067" lon="-1.347492"><ele>158.1</ele><time>2014-04-19T08:29:35.000Z</time></trkpt>
      <trkpt lat="52.735031" lon="-1.347452"><ele>158.1</ele><time>2014-04-19T08:29:38.000Z</time></trkpt>
      <trkpt lat="52.735028" lon="-1.347389"><ele>158.2</ele><time>2014-04-19T08:29:40.000Z</time></trkpt>
      <trkpt lat="52.735027" lon="-1.347340"><ele>158.2</ele><time>2014-04-19T08:29:42.000Z</time></trkpt>
      <trkpt lat="52.735014" lon="-1.347294"><ele>158.3</ele><time>2014-04-19T08:29:45.000Z</time></trkpt>
      <trkpt lat="52.734992" lon="-1.347253"><ele>158.3</ele><time>2014-04-19T08:29:49.000Z</time></trkpt>
      <trkpt lat="52.734970" lon="-1.347213"><ele>158.3</ele><time>2014-04-19T08:29:54.000Z</time></trkpt>
      <trkpt lat="52.734942" lon="-1.347167"><ele>158.3</ele><time>2014-04-19T08:29:57.000Z</time></trkpt>
      <trkpt lat="52.734928" lon="-1.347121"><ele>158.4</ele><time>2014-04-19T08:30:00.000Z</time></trkpt>
      <trkpt lat="52.734925" lon="-1.347050"><ele>158.5</ele><time>2014-04-19T08:30:03.000Z</time></trkpt>
      <trkpt lat="52.734914" lon="-1.346998"><ele>158.5</ele><time>2014-04-19T08:30:05.000Z</time></trkpt>
      <trkpt lat="52.734903" lon="-1.346950"><ele>158.6</ele><time>2014-04-19T08:30:07.000Z</time></trkpt>
      <trkpt lat="52.734889" lon="-1.346912"><ele>158.6</ele><time>2014-04-19T08:30:09.000Z</time></trkpt>
      <trkpt lat="52.734868" lon="-1.346871"><ele>158.7</ele><time>2014-04-19T08:30:12.000Z</time></trkpt>
      <trkpt lat="52.734843" lon="-1.346842"><ele>158.7</ele><time>2014-04-19T08:30:15.000Z</time></trkpt>
      <trkpt lat="52.734818" lon="-1.346810"><ele>158.7</ele><time>2014-04-19T08:30:17.000Z</time></trkpt>
      <trkpt lat="52.734801" lon="-1.346776"><ele>158.7</ele><time>2014-04-19T08:30:19.000Z</time></trkpt>
      <trkpt lat="52.734769" lon="-1.346776"><ele>158.7</ele><time>2014-04-19T08:30:22.000Z</time></trkpt>
      <trkpt lat="52.734740" lon="-1.346752"><ele>158.7</ele><time>2014-04-19T08:30:24.000Z</time></trkpt>
      <trkpt lat="52.734710" lon="-1.346716"><ele>158.7</ele><time>2014-04-19T08:30:26.000Z</time></trkpt>
      <trkpt lat="52.734684" lon="-1.346682"><ele>158.7</ele><time>2014-04-19T08:30:28.000Z</time></trkpt>
      <trkpt lat="52.734654" lon="-1.346663"><ele>158.6</ele><time>2014-04-19T08:30:30.000Z</time></trkpt>
      <trkpt lat="52.734620" lon="-1.346636"><ele>158.6</ele><time>2014-04-19T08:30:32.000Z</time></trkpt>
      <trkpt lat="52.734602" lon="-1.346598"><ele>158.6</ele><time>2014-04-19T08:30:34.000Z</time></trkpt>
      <trkpt lat="52.734588" lon="-1.346545"><ele>158.7</ele><time>2014-04-19T08:30:36.000Z</time></trkpt>
      <trkpt lat="52.734563" lon="-1.346516"><ele>158.7</ele><time>2014-04-19T08:30:38.000Z</time></trkpt>
      <trkpt lat="52.734546" lon="-1.346479"><ele>158.7</ele><time>2014-04-19T08:30:41.000Z</time></trkpt>
      <trkpt lat="52.734510" lon="-1.346439"><ele>158.8</ele><time>2014-04-19T08:30:44.000Z</time></trkpt>
      <trkpt lat="52.734481" lon="-1.346419"><ele>158.8</ele><time>2014-04-19T08:30:46.000Z</time></trkpt>
      <trkpt lat="52.734451" lon="-1.346393"><ele>158.9</ele><time>2014-04-19T08:30:49.000Z</time></trkpt>
      <trkpt lat="52.734427" lon="-1.346365"><ele>158.9</ele><time>2014-04-19T08:30:51.000Z</time></trkpt>
      <trkpt lat="52.734411" lon="-1.346318"><ele>158.9</ele><time>2014-04-19T08:30:54.000Z</time></trkpt>
      <trkpt lat="52.734392" lon="-1.346266"><ele>159.0</ele><time>2014-04-19T08:30:59.000Z</time></trkpt>
      <trkpt lat="52.734371" lon="-1.346220"><ele>159.1</ele><time>2014-04-19T08:31:02.000Z</time></trkpt>
      <trkpt lat="52.734355" lon="-1.346175"><ele>159.2</ele><time>2014-04-19T08:31:05.000Z</time></trkpt>
      <trkpt lat="52.734341" lon="-1.346134"><ele>159.2</ele><time>2014-04-19T08:31:07.000Z</time></trkpt>
      <trkpt lat="52.734319" lon="-1.346090"><ele>159.3</ele><time>2014-04-19T08:31:10.000Z</time></trkpt>
      <trkpt lat="52.734306" lon="-1.346047"><ele>159.4</ele><time>2014-04-19T08:31:12.000Z</time></trkpt>
      <trkpt lat="52.734295" lon="-1.345989"><ele>159.5</ele><time>2014-04-19T08:31:15.000Z</time></trkpt>
      <trkpt lat="52.734284" lon="-1.345940"><ele>159.6</ele><time>2014-04-19T08:31:18.000Z</time></trkpt>
      <trkpt lat="52.734258" lon="-1.345918"><ele>159.6</ele><time>2014-04-19T08:31:21.000Z</time></trkpt>
      <trkpt lat="52.734242" lon="-1.345879"><ele>159.7</ele><time>2014-04-19T08:31:23.000Z</time></trkpt>
      <trkpt lat="52.734216" lon="-1.345851"><ele>159.7</ele><time>2014-04-19T08:31:26.000Z</time></trkpt>
      <trkpt lat="52.734188" lon="-1.345821"><ele>159.8</ele><time>2014-04-19T08:31:30.000Z</time></trkpt>
      <trkpt lat="52.734171" lon="-1.345768"><ele>159.9</ele><time>2014-04-19T08:31:33.000Z</time></trkpt>
      <trkpt lat="52.734155" lon="-1.345715"><ele>160.0</ele><time>2014-04-19T08:31:36.000Z</time></trkpt>
      <trkpt lat="52.734141" lon="-1.345663"><ele>160.0</ele><time>2014-04-19T08:31:39.000Z</time></trkpt>
      <trkpt lat="52.734130" lon="-1.345620"><ele>160.1</ele><time>2014-04-19T08:31:42.000Z</time></trkpt>
      <trkpt lat="52.734100" lon="-1.345543"><ele>160.2</ele><time>2014-04-19T08:31:48.000Z</time></trkpt>
      <trkpt lat="52.734088" lon="-1.345484"><ele>160.3</ele><time>2014-04-19T08:31:51.000Z</time></trkpt>
      <trkpt lat="52.734079" lon="-1.345439"><ele>160.4</ele><time>2014-04-19T08:31:53.000Z</time></trkpt>
      <trkpt lat="52.734068" lon="-1.345384"><ele>160.5</ele><time>2014-04-19T08:31:55.000Z</time></trkpt>
      <trkpt lat="52.734057" lon="-1.345332"><ele>160.6</ele><time>2014-04-19T08:31:57.000Z</time></trkpt>
      <trkpt lat="52.734035" lon="-1.345291"><ele>160.6</ele><time>2014-04-19T08:32:00.000Z</time></trkpt>
      <trkpt lat="52.734007" lon="-1.345250"><ele>160.7</ele><time>2014-04-19T08:32:03.000Z</time></trkpt>
      <trkpt lat="52.733983" lon="-1.345226"><ele>160.7</ele><time>2014-04-19T08:32:05.000Z</time></trkpt>
      <trkpt lat="52.733959" lon="-1.345202"><ele>160.8</ele><time>2014-04-19T08:32:07.000Z</time></trkpt>
      <trkpt lat="52.733934" lon="-1.345186"><ele>160.8</ele><time>2014-04-19T08:32:09.000Z</time></trkpt>
      <trkpt lat="52.733906" lon="-1.345178"><ele>160.8</ele><time>2014-04-19T08:32:11.000Z</time></trkpt>
      <trkpt lat="52.733879" lon="-1.345162"><ele>160.8</ele><time>2014-04-19T08:32:13.000Z</time></trkpt>
      <trkpt lat="52.733853" lon="-1.345124"><ele>160.8</ele><time>2014-04-19T08:32:16.000Z</time></trkpt>
      <trkpt lat="52.733830" lon="-1.345084"><ele>160.9</ele><time>2014-04-19T08:32:19.000Z</time></trkpt>
      <trkpt lat="52.733810" lon="-1.345033"><ele>161.0</ele><time>2014-04-19T08:32:22.000Z</time></trkpt>
      <trkpt lat="52.733801" lon="-1.344986"><ele>161.1</ele><time>2014-04-19T08:32:24.000Z</time></trkpt>
      <trkpt lat="52.733796" lon="-1.344929"><ele>161.2</ele><time>2014-04-19T08:32:26.000Z</time></trkpt>
      <trkpt lat="52.733800" lon="-1.344883"><ele>161.3</ele><time>2014-04-19T08:32:28.000Z</time></trkpt>
      <trkpt lat="52.733799" lon="-1.344823"><ele>161.5</ele><time>2014-04-19T08:32:31.000Z</time></trkpt>
      <trkpt lat="52.733805" lon="-1.344759"><ele>161.6</ele><time>2014-04-19T08:32:34.000Z</time></trkpt>
      <trkpt lat="52.733804" lon="-1.344707"><ele>161.8</ele><time>2014-04-19T08:32:37.000Z</time></trkpt>
      <trkpt lat="52.733805" lon="-1.344643"><ele>161.9</ele><time>2014-04-19T08:32:40.000Z</time></trkpt>
      <trkpt lat="52.733801" lon="-1.344578"><ele>162.1</ele><time>2014-04-19T08:32:43.000Z</time></trkpt>
      <trkpt lat="52.733791" lon="-1.344523"><ele>162.1</ele><time>2014-04-19T08:32:46.000Z</time></trkpt>
      <trkpt lat="52.733781" lon="-1.344461"><ele>162.1</ele><time>2014-04-19T08:32:49.000Z</time></trkpt>
      <trkpt lat="52.733769" lon="-1.344419"><ele>162.0</ele><time>2014-04-19T08:32:51.000Z</time></trkpt>
      <trkpt lat="52.733755" lon="-1.344372"><ele>162.0</ele><time>2014-04-19T08:32:54.000Z</time></trkpt>
      <trkpt lat="52.733747" lon="-1.344321"><ele>162.0</ele><time>2014-04-19T08:32:57.000Z</time></trkpt>
      <trkpt lat="52.733736" lon="-1.344262"><ele>162.0</ele><time>2014-04-19T08:33:00.000Z</time></trkpt>
      <trkpt lat="52.733728" lon="-1.344209"><ele>162.0</ele><time>2014-04-19T08:33:02.000Z</time></trkpt>
      <trkpt lat="52.733721" lon="-1.344163"><ele>162.0</ele><time>2014-04-19T08:33:04.000Z</time></trkpt>
      <trkpt lat="52.733714" lon="-1.344119"><ele>162.0</ele><time>2014-04-19T08:33:06.000Z</time></trkpt>
      <trkpt lat="52.733696" lon="-1.344076"><ele>161.9</ele><time>2014-04-19T08:33:09.000Z</time></trkpt>
      <trkpt lat="52.733671" lon="-1.344030"><ele>161.9</ele><time>2014-04-19T08:33:12.000Z</time></trkpt>
      <trkpt lat="52.733651" lon="-1.343990"><ele>161.9</ele><time>2014-04-19T08:33:15.000Z</time></trkpt>
      <trkpt lat="52.733628" lon="-1.343953"><ele>161.9</ele><time>2014-04-19T08:33:18.000Z</time></trkpt>
      <trkpt lat="52.733610" lon="-1.343913"><ele>161.8</ele><time>2014-04-19T08:33:21.000Z</time></trkpt>
      <trkpt lat="52.733595" lon="-1.343863"><ele>161.8</ele><time>2014-04-19T08:33:25.000Z</time></trkpt>
      <trkpt lat="52.733575" lon="-1.343791"><ele>161.8</ele><time>2014-04-19T08:33:35.000Z</time></trkpt>
      <trkpt lat="52.733558" lon="-1.343750"><ele>161.8</ele><time>2014-04-19T08:33:38.000Z</time></trkpt>
      <trkpt lat="52.733531" lon="-1.343721"><ele>161.7</ele><time>2014-04-19T08:33:42.000Z</time></trkpt>
      <trkpt lat="52.733514" lon="-1.343676"><ele>161.7</ele><time>2014-04-19T08:33:45.000Z</time></trkpt>
      <trkpt lat="52.733513" lon="-1.343611"><ele>161.7</ele><time>2014-04-19T08:33:48.000Z</time></trkpt>
      <trkpt lat="52.733521" lon="-1.343560"><ele>161.7</ele><time>2014-04-19T08:33:50.000Z</time></trkpt>
      <trkpt lat="52.733535" lon="-1.343511"><ele>161.7</ele><time>2014-04-19T08:33:52.000Z</time></trkpt>
      <trkpt lat="52.733548" lon="-1.343459"><ele>161.8</ele><time>2014-04-19T08:33:54.000Z</time></trkpt>
      <trkpt lat="52.733561" lon="-1.343401"><ele>161.8</ele><time>2014-04-19T08:33:56.000Z</time></trkpt>
      <trkpt lat="52.733575" lon="-1.343355"><ele>161.8</ele><time>2014-04-19T08:33:58.000Z</time></trkpt>
      <trkpt lat="52.733582" lon="-1.343307"><ele>161.8</ele><time>2014-04-19T08:34:01.000Z</time></trkpt>
      <trkpt lat="52.733580" lon="-1.343245"><ele>161.8</ele><time>2014-04-19T08:34:05.000Z</time></trkpt>
      <trkpt lat="52.733586" lon="-1.343183"><ele>161.8</ele><time>2014-04-19T08:34:08.000Z</time></trkpt>
      <trkpt lat="52.733596" lon="-1.343137"><ele>161.8</ele><time>2014-04-19T08:34:10.000Z</time></trkpt>
      <trkpt lat="52.733611" lon="-1.343092"><ele>161.8</ele><time>2014-04-19T08:34:12.000Z</time></trkpt>
      <trkpt lat="52.733633" lon="-1.343048"><ele>161.9</ele><time>2014-04-19T08:34:14.000Z</time></trkpt>
      <trkpt lat="52.733654" lon="-1.343000"><ele>161.9</ele><time>2014-04-19T08:34:16.000Z</time></trkpt>
      <trkpt lat="52.733672" lon="-1.342952"><ele>161.9</ele><time>2014-04-19T08:34:18.000Z</time></trkpt>
      <trkpt lat="52.733693" lon="-1.342906"><ele>161.9</ele><time>2014-04-19T08:34:20.000Z</time></trkpt>
      <trkpt lat="52.733710" lon="-1.342862"><ele>162.0</ele><time>2014-04-19T08:34:22.000Z</time></trkpt>
      <trkpt lat="52.733723" lon="-1.342818"><ele>162.0</ele><time>2014-04-19T08:34:24.000Z</time></trkpt>
      <trkpt lat="52.733737" lon="-1.342761"><ele>162.0</ele><time>2014-04-19T08:34:27.000Z</time></trkpt>
      <trkpt lat="52.733760" lon="-1.342703"><ele>162.1</ele><time>2014-04-19T08:34:30.000Z</time></trkpt>
      <trkpt lat="52.733772" lon="-1.342659"><ele>162.2</ele><time>2014-04-19T08:34:32.000Z</time></trkpt>
      <trkpt lat="52.733787" lon="-1.342603"><ele>162.3</ele><time>2014-04-19T08:34:35.000Z</time></trkpt>
      <trkpt lat="52.733798" lon="-1.342553"><ele>162.4</ele><time>2014-04-19T08:34:38.000Z</time></trkpt>
      <trkpt lat="52.733812" lon="-1.342509"><ele>162.5</ele><time>2014-04-19T08:34:41.000Z</time></trkpt>
      <trkpt lat="52.733832" lon="-1.342457"><ele>162.7</ele><time>2014-04-19T08:34:44.000Z</time></trkpt>
      <trkpt lat="52.733848" lon="-1.342408"><ele>162.8</ele><time>2014-04-19T08:34:47.000Z</time></trkpt>
      <trkpt lat="52.733861" lon="-1.342367"><ele>162.9</ele><time>2014-04-19T08:34:50.000Z</time></trkpt>
      <trkpt lat="52.733874" lon="-1.342324"><ele>163.0</ele><time>2014-04-19T08:34:53.000Z</time></trkpt>
      <trkpt lat="52.733890" lon="-1.342279"><ele>163.2</ele><time>2014-04-19T08:34:56.000Z</time></trkpt>
      <trkpt lat="52.733900" lon="-1.342219"><ele>163.3</ele><time>2014-04-19T08:34:59.000Z</time></trkpt>
      <trkpt lat="52.733910" lon="-1.342176"><ele>163.3</ele><time>2014-04-19T08:35:01.000Z</time></trkpt>
      <trkpt lat="52.733926" lon="-1.342126"><ele>163.5</ele><time>2014-04-19T08:35:04.000Z</time></trkpt>
      <trkpt lat="52.733943" lon="-1.342074"><ele>163.6</ele><time>2014-04-19T08:35:07.000Z</time></trkpt>
      <trkpt lat="52.733958" lon="-1.342035"><ele>163.7</ele><time>2014-04-19T08:35:09.000Z</time></trkpt>
      <trkpt lat="52.733978" lon="-1.341992"><ele>163.9</ele><time>2014-04-19T08:35:11.000Z</time></trkpt>
      <trkpt lat="52.733998" lon="-1.341953"><ele>164.0</ele><time>2014-04-19T08:35:13.000Z</time></trkpt>
      <trkpt lat="52.734017" lon="-1.341919"><ele>164.2</ele><time>2014-04-19T08:35:15.000Z</time></trkpt>
      <trkpt lat="52.734043" lon="-1.341871"><ele>164.4</ele><time>2014-04-19T08:35:18.000Z</time></trkpt>
      <trkpt lat="52.734067" lon="-1.341834"><ele>164.5</ele><time>2014-04-19T08:35:21.000Z</time></trkpt>
      <trkpt lat="52.734089" lon="-1.341795"><ele>164.7</ele><time>2014-04-19T08:35:24.000Z</time></trkpt>
      <trkpt lat="52.734109" lon="-1.341758"><ele>164.8</ele><time>2014-04-19T08:35:27.000Z</time></trkpt>
      <trkpt lat="52.734138" lon="-1.341727"><ele>165.1</ele><time>2014-04-19T08:35:30.000Z</time></trkpt>
      <trkpt lat="52.734175" lon="-1.341702"><ele>165.3</ele><time>2014-04-19T08:35:33.000Z</time></trkpt>
      <trkpt lat="52.734205" lon="-1.341680"><ele>165.6</ele><time>2014-04-19T08:35:35.000Z</time></trkpt>
      <trkpt lat="52.734236" lon="-1.341655"><ele>165.8</ele><time>2014-04-19T08:35:37.000Z</time></trkpt>
      <trkpt lat="52.734269" lon="-1.341634"><ele>166.0</ele><time>2014-04-19T08:35:39.000Z</time></trkpt>
      <trkpt lat="52.734301" lon="-1.341615"><ele>166.3</ele><time>2014-04-19T08:35:41.000Z</time></trkpt>
      <trkpt lat="52.734330" lon="-1.341596"><ele>166.5</ele><time>2014-04-19T08:35:43.000Z</time></trkpt>
      <trkpt lat="52.734357" lon="-1.341575"><ele>166.7</ele><time>2014-04-19T08:35:45.000Z</time></trkpt>
      <trkpt lat="52.734382" lon="-1.341558"><ele>166.8</ele><time>2014-04-19T08:35:47.000Z</time></trkpt>
      <trkpt lat="52.734417" lon="-1.341541"><ele>167.1</ele><time>2014-04-19T08:35:50.000Z</time></trkpt>
      <trkpt lat="52.734437" lon="-1.341511"><ele>167.2</ele><time>2014-04-19T08:35:53.000Z</time></trkpt>
      <trkpt lat="52.734428" lon="-1.341459"><ele>167.1</ele><time>2014-04-19T08:35:56.000Z</time></trkpt>
      <trkpt lat="52.734412" lon="-1.341409"><ele>166.9</ele><time>2014-04-19T08:35:59.000Z</time></trkpt>
      <trkpt lat="52.734394" lon="-1.341349"><ele>166.7</ele><time>2014-04-19T08:36:02.000Z</time></trkpt>
      <trkpt lat="52.734377" lon="-1.341309"><ele>166.6</ele><time>2014-04-19T08:36:04.000Z</time></trkpt>
      <trkpt lat="52.734356" lon="-1.341267"><ele>166.4</ele><time>2014-04-19T08:36:06.000Z</time></trkpt>
      <trkpt lat="52.734337" lon="-1.341221"><ele>166.2</ele><time>2014-04-19T08:36:08.000Z</time></trkpt>
      <trkpt lat="52.734322" lon="-1.341169"><ele>166.2</ele><time>2014-04-19T08:36:10.000Z</time></trkpt>
      <trkpt lat="52.734303" lon="-1.341124"><ele>166.1</ele><time>2014-04-19T08:36:12.000Z</time></trkpt>
      <trkpt lat="52.734281" lon="-1.341076"><ele>166.0</ele><time>2014-04-19T08:36:14.000Z</time></trkpt>
      <trkpt lat="52.734261" lon="-1.341041"><ele>165.9</ele><time>2014-04-19T08:36:16.000Z</time></trkpt>
      <trkpt lat="52.734232" lon="-1.340995"><ele>165.7</ele><time>2014-04-19T08:36:19.000Z</time></trkpt>
      <trkpt lat="52.734214" lon="-1.340957"><ele>165.7</ele><time>2014-04-19T08:36:21.000Z</time></trkpt>
      <trkpt lat="52.734192" lon="-1.340917"><ele>165.6</ele><time>2014-04-19T08:36:23.000Z</time></trkpt>
      <trkpt lat="52.734168" lon="-1.340883"><ele>165.4</ele><time>2014-04-19T08:36:25.000Z</time></trkpt>
      <trkpt lat="52.734144" lon="-1.340860"><ele>165.3</ele><time>2014-04-19T08:36:27.000Z</time></trkpt>
      <trkpt lat="52.734110" lon="-1.340835"><ele>165.2</ele><time>2014-04-19T08:36:30.000Z</time></trkpt>
      <trkpt lat="52.734074" lon="-1.340811"><ele>165.0</ele><time>2014-04-19T08:36:33.000Z</time></trkpt>
      <trkpt lat="52.734048" lon="-1.340789"><ele>164.9</ele><time>2014-04-19T08:36:35.000Z</time></trkpt>
      <trkpt lat="52.734026" lon="-1.340763"><ele>164.8</ele><time>2014-04-19T08:36:37.000Z</time></trkpt>
      <trkpt lat="52.733999" lon="-1.340719"><ele>164.7</ele><time>2014-04-19T08:36:40.000Z</time></trkpt>
      <trkpt lat="52.733975" lon="-1.340672"><ele>164.6</ele><time>2014-04-19T08:36:43.000Z</time></trkpt>
      <trkpt lat="52.733945" lon="-1.340635"><ele>164.5</ele><time>2014-04-19T08:36:46.000Z</time></trkpt>
      <trkpt lat="52.733914" lon="-1.340608"><ele>164.4</ele><time>2014-04-19T08:36:49.000Z</time></trkpt>
      <trkpt lat="52.733890" lon="-1.340562"><ele>164.4</ele><time>2014-04-19T08:36:52.000Z</time></trkpt>
      <trkpt lat="52.733879" lon="-1.340519"><ele>164.4</ele><time>2014-04-19T08:36:54.000Z</time></trkpt>
      <trkpt lat="52.733863" lon="-1.340461"><ele>164.5</ele><time>2014-04-19T08:36:57.000Z</time></trkpt>
      <trkpt lat="52.733848" lon="-1.340412"><ele>164.5</ele><time>2014-04-19T08:37:00.000Z</time></trkpt>
      <trkpt lat="52.733836" lon="-1.340371"><ele>164.6</ele><time>2014-04-19T08:37:03.000Z</time></trkpt>
      <trkpt lat="52.733804" lon="-1.340259"><ele>164.8</ele><time>2014-04-19T08:37:14.000Z</time></trkpt>
      <trkpt lat="52.733804" lon="-1.340203"><ele>165.0</ele><time>2014-04-19T08:37:18.000Z</time></trkpt>
      <trkpt lat="52.733801" lon="-1.340145"><ele>165.2</ele><time>2014-04-19T08:37:21.000Z</time></trkpt>
      <trkpt lat="52.733789" lon="-1.340093"><ele>165.3</ele><time>2014-04-19T08:37:24.000Z</time></trkpt>
      <trkpt lat="52.733766" lon="-1.340049"><ele>165.4</ele><time>2014-04-19T08:37:27.000Z</time></trkpt>
      <trkpt lat="52.733736" lon="-1.340012"><ele>165.4</ele><time>2014-04-19T08:37:30.000Z</time></trkpt>
      <trkpt lat="52.733703" lon="-1.339979"><ele>165.4</ele><time>2014-04-19T08:37:33.000Z</time></trkpt>
      <trkpt lat="52.733673" lon="-1.339953"><ele>165.4</ele><time>2014-04-19T08:37:36.000Z</time></trkpt>
      <trkpt lat="52.733650" lon="-1.339924"><ele>165.4</ele><time>2014-04-19T08:37:39.000Z</time></trkpt>
      <trkpt lat="52.733623" lon="-1.339893"><ele>165.4</ele><time>2014-04-19T08:37:42.000Z</time></trkpt>
      <trkpt lat="52.733600" lon="-1.339866"><ele>165.4</ele><time>2014-04-19T08:37:45.000Z</time></trkpt>
      <trkpt lat="52.733577" lon="-1.339818"><ele>165.4</ele><time>2014-04-19T08:37:49.000Z</time></trkpt>
      <trkpt lat="52.733555" lon="-1.339766"><ele>165.5</ele><time>2014-04-19T08:37:52.000Z</time></trkpt>
      <trkpt lat="52.733534" lon="-1.339730"><ele>165.5</ele><time>2014-04-19T08:37:54.000Z</time></trkpt>
      <trkpt lat="52.733517" lon="-1.339695"><ele>165.6</ele><time>2014-04-19T08:37:56.000Z</time></trkpt>
      <trkpt lat="52.733502" lon="-1.339649"><ele>165.6</ele><time>2014-04-19T08:37:59.000Z</time></trkpt>
      <trkpt lat="52.733488" lon="-1.339602"><ele>165.7</ele><time>2014-04-19T08:38:02.000Z</time></trkpt>
      <trkpt lat="52.733471" lon="-1.339548"><ele>165.7</ele><time>2014-04-19T08:38:06.000Z</time></trkpt>
      <trkpt lat="52.733454" lon="-1.339512"><ele>165.7</ele><time>2014-04-19T08:38:09.000Z</time></trkpt>
      <trkpt lat="52.733430" lon="-1.339485"><ele>165.6</ele><time>2014-04-19T08:38:13.000Z</time></trkpt>
      <trkpt lat="52.733408" lon="-1.339451"><ele>165.5</ele><time>2014-04-19T08:38:16.000Z</time></trkpt>
      <trkpt lat="52.733385" lon="-1.339422"><ele>165.4</ele><time>2014-04-19T08:38:19.000Z</time></trkpt>
      <trkpt lat="52.733359" lon="-1.339388"><ele>165.4</ele><time>2014-04-19T08:38:23.000Z</time></trkpt>
      <trkpt lat="52.733332" lon="-1.339359"><ele>165.3</ele><time>2014-04-19T08:38:27.000Z</time></trkpt>
      <trkpt lat="52.733306" lon="-1.339319"><ele>165.2</ele><time>2014-04-19T08:38:31.000Z</time></trkpt>
      <trkpt lat="52.733280" lon="-1.339279"><ele>165.1</ele><time>2014-04-19T08:38:35.000Z</time></trkpt>
      <trkpt lat="52.733261" lon="-1.339245"><ele>165.1</ele><time>2014-04-19T08:38:38.000Z</time></trkpt>
      <trkpt lat="52.733246" lon="-1.339199"><ele>165.0</ele><time>2014-04-19T08:38:41.000Z</time></trkpt>
      <trkpt lat="52.733231" lon="-1.339149"><ele>165.0</ele><time>2014-04-19T08:38:44.000Z</time></trkpt>
      <trkpt lat="52.733218" lon="-1.339090"><ele>165.0</ele><time>2014-04-19T08:38:47.000Z</time></trkpt>
      <trkpt lat="52.733204" lon="-1.339051"><ele>165.0</ele><time>2014-04-19T08:38:49.000Z</time></trkpt>
      <trkpt lat="52.733179" lon="-1.338999"><ele>165.0</ele><time>2014-04-19T08:38:52.000Z</time></trkpt>
      <trkpt lat="52.733162" lon="-1.338961"><ele>164.9</ele><time>2014-04-19T08:38:54.000Z</time></trkpt>
      <trkpt lat="52.733140" lon="-1.338907"><ele>164.9</ele><time>2014-04-19T08:38:57.000Z</time></trkpt>
      <trkpt lat="52.733122" lon="-1.338863"><ele>164.8</ele><time>2014-04-19T08:39:00.000Z</time></trkpt>
      <trkpt lat="52.733104" lon="-1.338818"><ele>164.8</ele><time>2014-04-19T08:39:03.000Z</time></trkpt>
      <trkpt lat="52.733084" lon="-1.338773"><ele>164.8</ele><time>2014-04-19T08:39:06.000Z</time></trkpt>
      <trkpt lat="52.733057" lon="-1.338727"><ele>164.7</ele><time>2014-04-19T08:39:09.000Z</time></trkpt>
      <trkpt lat="52.733036" lon="-1.338696"><ele>164.7</ele><time>2014-04-19T08:39:11.000Z</time></trkpt>
      <trkpt lat="52.733009" lon="-1.338650"><ele>164.7</ele><time>2014-04-19T08:39:14.000Z</time></trkpt>
      <trkpt lat="52.732995" lon="-1.338603"><ele>164.7</ele><time>2014-04-19T08:39:17.000Z</time></trkpt>
      <trkpt lat="52.732982" lon="-1.338550"><ele>164.8</ele><time>2014-04-19T08:39:20.000Z</time></trkpt>
      <trkpt lat="52.732973" lon="-1.338507"><ele>164.9</ele><time>2014-04-19T08:39:23.000Z</time></trkpt>
      <trkpt lat="52.732957" lon="-1.338455"><ele>164.9</ele><time>2014-04-19T08:39:25.000Z</time></trkpt>
      <trkpt lat="52.732946" lon="-1.338390"><ele>165.0</ele><time>2014-04-19T08:39:27.000Z</time></trkpt>
      <trkpt lat="52.732940" lon="-1.338334"><ele>165.1</ele><time>2014-04-19T08:39:29.000Z</time></trkpt>
      <trkpt lat="52.732923" lon="-1.338274"><ele>165.2</ele><time>2014-04-19T08:39:31.000Z</time></trkpt>
      <trkpt lat="52.732905" lon="-1.338207"><ele>165.3</ele><time>2014-04-19T08:39:33.000Z</time></trkpt>
      <trkpt lat="52.732889" lon="-1.338159"><ele>165.4</ele><time>2014-04-19T08:39:35.000Z</time></trkpt>
      <trkpt lat="52.732877" lon="-1.338110"><ele>165.5</ele><time>2014-04-19T08:39:37.000Z</time></trkpt>
      <trkpt lat="52.732864" lon="-1.338068"><ele>165.6</ele><time>2014-04-19T08:39:39.000Z</time></trkpt>
      <trkpt lat="52.732852" lon="-1.338025"><ele>165.7</ele><time>2014-04-19T08:39:41.000Z</time></trkpt>
      <trkpt lat="52.732840" lon="-1.337973"><ele>165.8</ele><time>2014-04-19T08:39:43.000Z</time></trkpt>
      <trkpt lat="52.732827" lon="-1.337918"><ele>165.9</ele><time>2014-04-19T08:39:45.000Z</time></trkpt>
      <trkpt lat="52.732811" lon="-1.337875"><ele>165.9</ele><time>2014-04-19T08:39:47.000Z</time></trkpt>
      <trkpt lat="52.732793" lon="-1.337833"><ele>166.0</ele><time>2014-04-19T08:39:49.000Z</time></trkpt>
      <trkpt lat="52.732771" lon="-1.337799"><ele>166.0</ele><time>2014-04-19T08:39:51.000Z</time></trkpt>
      <trkpt lat="52.732749" lon="-1.337741"><ele>166.0</ele><time>2014-04-19T08:39:54.000Z</time></trkpt>
      <trkpt lat="52.732731" lon="-1.337702"><ele>166.0</ele><time>2014-04-19T08:39:56.000Z</time></trkpt>
      <trkpt lat="52.732711" lon="-1.337662"><ele>166.1</ele><time>2014-04-19T08:39:58.000Z</time></trkpt>
      <trkpt lat="52.732696" lon="-1.337618"><ele>166.1</ele><time>2014-04-19T08:40:00.000Z</time></trkpt>
      <trkpt lat="52.732678" lon="-1.337575"><ele>166.1</ele><time>2014-04-19T08:40:02.000Z</time></trkpt>
      <trkpt lat="52.732662" lon="-1.337537"><ele>166.1</ele><time>2014-04-19T08:40:04.000Z</time></trkpt>
      <trkpt lat="52.732645" lon="-1.337500"><ele>166.2</ele><time>2014-04-19T08:40:06.000Z</time></trkpt>
      <trkpt lat="52.732629" lon="-1.337460"><ele>166.2</ele><time>2014-04-19T08:40:08.000Z</time></trkpt>
      <trkpt lat="52.732613" lon="-1.337420"><ele>166.2</ele><time>2014-04-19T08:40:10.000Z</time></trkpt>
      <trkpt lat="52.732599" lon="-1.337382"><ele>166.3</ele><time>2014-04-19T08:40:12.000Z</time></trkpt>
      <trkpt lat="52.732575" lon="-1.337329"><ele>166.3</ele><time>2014-04-19T08:40:15.000Z</time></trkpt>
      <trkpt lat="52.732548" lon="-1.337288"><ele>166.3</ele><time>2014-04-19T08:40:18.000Z</time></trkpt>
      <trkpt lat="52.732522" lon="-1.337248"><ele>166.3</ele><time>2014-04-19T08:40:21.000Z</time></trkpt>
      <trkpt lat="52.732502" lon="-1.337215"><ele>166.3</ele><time>2014-04-19T08:40:23.000Z</time></trkpt>
      <trkpt lat="52.732483" lon="-1.337180"><ele>166.4</ele><time>2014-04-19T08:40:25.000Z</time></trkpt>
      <trkpt lat="52.732460" lon="-1.337132"><ele>166.4</ele><time>2014-04-19T08:40:28.000Z</time></trkpt>
      <trkpt lat="52.732436" lon="-1.337084"><ele>166.4</ele><time>2014-04-19T08:40:31.000Z</time></trkpt>
      <trkpt lat="52.732411" lon="-1.337034"><ele>166.5</ele><time>2014-04-19T08:40:34.000Z</time></trkpt>
      <trkpt lat="52.732384" lon="-1.336991"><ele>166.5</ele><time>2014-04-19T08:40:37.000Z</time></trkpt>
      <trkpt lat="52.732366" lon="-1.336958"><ele>166.6</ele><time>2014-04-19T08:40:39.000Z</time></trkpt>
      <trkpt lat="52.732347" lon="-1.336921"><ele>166.6</ele><time>2014-04-19T08:40:41.000Z</time></trkpt>
      <trkpt lat="52.732327" lon="-1.336889"><ele>166.7</ele><time>2014-04-19T08:40:43.000Z</time></trkpt>
      <trkpt lat="52.732302" lon="-1.336842"><ele>166.8</ele><time>2014-04-19T08:40:46.000Z</time></trkpt>
      <trkpt lat="52.732274" lon="-1.336797"><ele>166.8</ele><time>2014-04-19T08:40:49.000Z</time></trkpt>
      <trkpt lat="52.732254" lon="-1.336750"><ele>166.9</ele><time>2014-04-19T08:40:52.000Z</time></trkpt>
      <trkpt lat="52.732232" lon="-1.336696"><ele>167.0</ele><time>2014-04-19T08:40:55.000Z</time></trkpt>
      <trkpt lat="52.732209" lon="-1.336670"><ele>167.1</ele><time>2014-04-19T08:40:57.000Z</time></trkpt>
      <trkpt lat="52.732186" lon="-1.336641"><ele>167.1</ele><time>2014-04-19T08:40:59.000Z</time></trkpt>
      <trkpt lat="52.732167" lon="-1.336609"><ele>167.2</ele><time>2014-04-19T08:41:01.000Z</time></trkpt>
      <trkpt lat="52.732140" lon="-1.336561"><ele>167.3</ele><time>2014-04-19T08:41:04.000Z</time></trkpt>
      <trkpt lat="52.732113" lon="-1.336519"><ele>167.4</ele><time>2014-04-19T08:41:07.000Z</time></trkpt>
      <trkpt lat="52.732084" lon="-1.336481"><ele>167.4</ele><time>2014-04-19T08:41:10.000Z</time></trkpt>
      <trkpt lat="52.732057" lon="-1.336444"><ele>167.6</ele><time>2014-04-19T08:41:13.000Z</time></trkpt>
      <trkpt lat="52.732030" lon="-1.336402"><ele>167.7</ele><time>2014-04-19T08:41:16.000Z</time></trkpt>
      <trkpt lat="52.732011" lon="-1.336369"><ele>167.8</ele><time>2014-04-19T08:41:18.000Z</time></trkpt>
      <trkpt lat="52.731985" lon="-1.336323"><ele>168.0</ele><time>2014-04-19T08:41:21.000Z</time></trkpt>
      <trkpt lat="52.731964" lon="-1.336294"><ele>168.0</ele><time>2014-04-19T08:41:23.000Z</time></trkpt>
      <trkpt lat="52.731945" lon="-1.336260"><ele>168.1</ele><time>2014-04-19T08:41:25.000Z</time></trkpt>
      <trkpt lat="52.731927" lon="-1.336223"><ele>168.2</ele><time>2014-04-19T08:41:27.000Z</time></trkpt>
      <trkpt lat="52.731906" lon="-1.336169"><ele>168.3</ele><time>2014-04-19T08:41:30.000Z</time></trkpt>
      <trkpt lat="52.731882" lon="-1.336122"><ele>168.4</ele><time>2014-04-19T08:41:33.000Z</time></trkpt>
      <trkpt lat="52.731852" lon="-1.336077"><ele>168.5</ele><time>2014-04-19T08:41:36.000Z</time></trkpt>
      <trkpt lat="52.731824" lon="-1.336033"><ele>168.6</ele><time>2014-04-19T08:41:39.000Z</time></trkpt>
      <trkpt lat="52.731799" lon="-1.335985"><ele>168.7</ele><time>2014-04-19T08:41:42.000Z</time></trkpt>
      <trkpt lat="52.731783" lon="-1.335949"><ele>168.7</ele><time>2014-04-19T08:41:44.000Z</time></trkpt>
      <trkpt lat="52.731760" lon="-1.335893"><ele>168.8</ele><time>2014-04-19T08:41:47.000Z</time></trkpt>
      <trkpt lat="52.731744" lon="-1.335851"><ele>168.9</ele><time>2014-04-19T08:41:49.000Z</time></trkpt>
      <trkpt lat="52.731729" lon="-1.335808"><ele>169.0</ele><time>2014-04-19T08:41:51.000Z</time></trkpt>
      <trkpt lat="52.731713" lon="-1.335771"><ele>169.0</ele><time>2014-04-19T08:41:53.000Z</time></trkpt>
      <trkpt lat="52.731691" lon="-1.335718"><ele>169.1</ele><time>2014-04-19T08:41:56.000Z</time></trkpt>
      <trkpt lat="52.731669" lon="-1.335671"><ele>169.2</ele><time>2014-04-19T08:41:59.000Z</time></trkpt>
      <trkpt lat="52.731647" lon="-1.335625"><ele>169.3</ele><time>2014-04-19T08:42:02.000Z</time></trkpt>
      <trkpt lat="52.731624" lon="-1.335580"><ele>169.4</ele><time>2014-04-19T08:42:05.000Z</time></trkpt>
      <trkpt lat="52.731604" lon="-1.335537"><ele>169.4</ele><time>2014-04-19T08:42:08.000Z</time></trkpt>
      <trkpt lat="52.731585" lon="-1.335488"><ele>169.5</ele><time>2014-04-19T08:42:11.000Z</time></trkpt>
      <trkpt lat="52.731560" lon="-1.335444"><ele>169.6</ele><time>2014-04-19T08:42:14.000Z</time></trkpt>
      <trkpt lat="52.731535" lon="-1.335393"><ele>169.7</ele><time>2014-04-19T08:42:17.000Z</time></trkpt>
      <trkpt lat="52.731516" lon="-1.335353"><ele>169.8</ele><time>2014-04-19T08:42:19.000Z</time></trkpt>
      <trkpt lat="52.731499" lon="-1.335312"><ele>169.9</ele><time>2014-04-19T08:42:21.000Z</time></trkpt>
      <trkpt lat="52.731475" lon="-1.335262"><ele>170.0</ele><time>2014-04-19T08:42:24.000Z</time></trkpt>
      <trkpt lat="52.731457" lon="-1.335227"><ele>170.0</ele><time>2014-04-19T08:42:26.000Z</time></trkpt>
      <trkpt lat="52.731428" lon="-1.335184"><ele>170.1</ele><time>2014-04-19T08:42:29.000Z</time></trkpt>
      <trkpt lat="52.731401" lon="-1.335139"><ele>170.2</ele><time>2014-04-19T08:42:32.000Z</time></trkpt>
      <trkpt lat="52.731377" lon="-1.335092"><ele>170.3</ele><time>2014-04-19T08:42:35.000Z</time></trkpt>
      <trkpt lat="52.731359" lon="-1.335055"><ele>170.4</ele><time>2014-04-19T08:42:37.000Z</time></trkpt>
      <trkpt lat="52.731344" lon="-1.335016"><ele>170.4</ele><time>2014-04-19T08:42:39.000Z</time></trkpt>
      <trkpt lat="52.731325" lon="-1.334981"><ele>170.5</ele><time>2014-04-19T08:42:41.000Z</time></trkpt>
      <trkpt lat="52.731307" lon="-1.334943"><ele>170.5</ele><time>2014-04-19T08:42:43.000Z</time></trkpt>
      <trkpt lat="52.731285" lon="-1.334892"><ele>170.6</ele><time>2014-04-19T08:42:46.000Z</time></trkpt>
      <trkpt lat="52.731263" lon="-1.334840"><ele>170.7</ele><time>2014-04-19T08:42:49.000Z</time></trkpt>
      <trkpt lat="52.731241" lon="-1.334791"><ele>170.8</ele><time>2014-04-19T08:42:52.000Z</time></trkpt>
      <trkpt lat="52.731219" lon="-1.334743"><ele>170.8</ele><time>2014-04-19T08:42:55.000Z</time></trkpt>
      <trkpt lat="52.731199" lon="-1.334691"><ele>170.9</ele><time>2014-04-19T08:42:58.000Z</time></trkpt>
      <trkpt lat="52.731175" lon="-1.334646"><ele>171.0</ele><time>2014-04-19T08:43:01.000Z</time></trkpt>
      <trkpt lat="52.731147" lon="-1.334609"><ele>171.1</ele><time>2014-04-19T08:43:04.000Z</time></trkpt>
      <trkpt lat="52.731120" lon="-1.334569"><ele>171.2</ele><time>2014-04-19T08:43:07.000Z</time></trkpt>
      <trkpt lat="52.731096" lon="-1.334526"><ele>171.3</ele><time>2014-04-19T08:43:10.000Z</time></trkpt>
      <trkpt lat="52.731070" lon="-1.334488"><ele>171.4</ele><time>2014-04-19T08:43:13.000Z</time></trkpt>
      <trkpt lat="52.731048" lon="-1.334439"><ele>171.5</ele><time>2014-04-19T08:43:16.000Z</time></trkpt>
      <trkpt lat="52.731031" lon="-1.334403"><ele>171.6</ele><time>2014-04-19T08:43:18.000Z</time></trkpt>
      <trkpt lat="52.731009" lon="-1.334351"><ele>171.8</ele><time>2014-04-19T08:43:21.000Z</time></trkpt>
      <trkpt lat="52.730991" lon="-1.334290"><ele>171.9</ele><time>2014-04-19T08:43:24.000Z</time></trkpt>
      <trkpt lat="52.730978" lon="-1.334250"><ele>172.0</ele><time>2014-04-19T08:43:26.000Z</time></trkpt>
      <trkpt lat="52.730957" lon="-1.334198"><ele>172.1</ele><time>2014-04-19T08:43:29.000Z</time></trkpt>
      <trkpt lat="52.730933" lon="-1.334150"><ele>172.2</ele><time>2014-04-19T08:43:32.000Z</time></trkpt>
      <trkpt lat="52.730909" lon="-1.334102"><ele>172.3</ele><time>2014-04-19T08:43:35.000Z</time></trkpt>
      <trkpt lat="52.730885" lon="-1.334057"><ele>172.4</ele><time>2014-04-19T08:43:38.000Z</time></trkpt>
      <trkpt lat="52.730864" lon="-1.334017"><ele>172.5</ele><time>2014-04-19T08:43:41.000Z</time></trkpt>
      <trkpt lat="52.730851" lon="-1.333920"><ele>172.7</ele><time>2014-04-19T08:43:52.000Z</time></trkpt>
      <trkpt lat="52.730825" lon="-1.333872"><ele>172.8</ele><time>2014-04-19T08:43:55.000Z</time></trkpt>
      <trkpt lat="52.730806" lon="-1.333833"><ele>172.9</ele><time>2014-04-19T08:43:57.000Z</time></trkpt>
      <trkpt lat="52.730783" lon="-1.333779"><ele>172.9</ele><time>2014-04-19T08:44:00.000Z</time></trkpt>
      <trkpt lat="52.730767" lon="-1.333739"><ele>173.0</ele><time>2014-04-19T08:44:02.000Z</time></trkpt>
      <trkpt lat="52.730752" lon="-1.333699"><ele>173.1</ele><time>2014-04-19T08:44:04.000Z</time></trkpt>
      <trkpt lat="52.730741" lon="-1.333651"><ele>173.2</ele><time>2014-04-19T08:44:07.000Z</time></trkpt>
      <trkpt lat="52.730740" lon="-1.333572"><ele>173.3</ele><time>2014-04-19T08:44:21.000Z</time></trkpt>
      <trkpt lat="52.730759" lon="-1.333529"><ele>173.4</ele><time>2014-04-19T08:44:24.000Z</time></trkpt>
      <trkpt lat="52.730780" lon="-1.333480"><ele>173.5</ele><time>2014-04-19T08:44:27.000Z</time></trkpt>
      <trkpt lat="52.730800" lon="-1.333430"><ele>173.6</ele><time>2014-04-19T08:44:30.000Z</time></trkpt>
      <trkpt lat="52.730817" lon="-1.333382"><ele>173.7</ele><time>2014-04-19T08:44:33.000Z</time></trkpt>
      <trkpt lat="52.730832" lon="-1.333328"><ele>173.8</ele><time>2014-04-19T08:44:36.000Z</time></trkpt>
      <trkpt lat="52.730848" lon="-1.333275"><ele>173.9</ele><time>2014-04-19T08:44:39.000Z</time></trkpt>
      <trkpt lat="52.730865" lon="-1.333221"><ele>174.0</ele><time>2014-04-19T08:44:42.000Z</time></trkpt>
      <trkpt lat="52.730880" lon="-1.333166"><ele>174.1</ele><time>2014-04-19T08:44:45.000Z</time></trkpt>
      <trkpt lat="52.730893" lon="-1.333109"><ele>174.2</ele><time>2014-04-19T08:44:48.000Z</time></trkpt>
      <trkpt lat="52.730904" lon="-1.333059"><ele>174.3</ele><time>2014-04-19T08:44:51.000Z</time></trkpt>
      <trkpt lat="52.730913" lon="-1.333004"><ele>174.4</ele><time>2014-04-19T08:44:54.000Z</time></trkpt>
      <trkpt lat="52.730920" lon="-1.332947"><ele>174.5</ele><time>2014-04-19T08:44:57.000Z</time></trkpt>
      <trkpt lat="52.730932" lon="-1.332892"><ele>174.7</ele><time>2014-04-19T08:45:00.000Z</time></trkpt>
      <trkpt lat="52.730946" lon="-1.332835"><ele>174.9</ele><time>2014-04-19T08:45:03.000Z</time></trkpt>
      <trkpt lat="52.730960" lon="-1.332776"><ele>175.2</ele><time>2014-04-19T08:45:06.000Z</time></trkpt>
      <trkpt lat="52.730973" lon="-1.332722"><ele>175.4</ele><time>2014-04-19T08:45:09.000Z</time></trkpt>
      <trkpt lat="52.730990" lon="-1.332665"><ele>175.6</ele><time>2014-04-19T08:45:12.000Z</time></trkpt>
      <trkpt lat="52.731001" lon="-1.332620"><ele>175.8</ele><time>2014-04-19T08:45:14.000Z</time></trkpt>
      <trkpt lat="52.731012" lon="-1.332573"><ele>176.0</ele><time>2014-04-19T08:45:16.000Z</time></trkpt>
      <trkpt lat="52.731022" lon="-1.332525"><ele>176.1</ele><time>2014-04-19T08:45:18.000Z</time></trkpt>
      <trkpt lat="52.731044" lon="-1.332472"><ele>176.4</ele><time>2014-04-19T08:45:20.000Z</time></trkpt>
      <trkpt lat="52.731073" lon="-1.332412"><ele>176.6</ele><time>2014-04-19T08:45:22.000Z</time></trkpt>
      <trkpt lat="52.731098" lon="-1.332357"><ele>176.8</ele><time>2014-04-19T08:45:24.000Z</time></trkpt>
      <trkpt lat="52.731118" lon="-1.332307"><ele>177.0</ele><time>2014-04-19T08:45:26.000Z</time></trkpt>
      <trkpt lat="52.731138" lon="-1.332260"><ele>177.2</ele><time>2014-04-19T08:45:28.000Z</time></trkpt>
      <trkpt lat="52.731155" lon="-1.332212"><ele>177.4</ele><time>2014-04-19T08:45:30.000Z</time></trkpt>
      <trkpt lat="52.731171" lon="-1.332169"><ele>177.6</ele><time>2014-04-19T08:45:32.000Z</time></trkpt>
      <trkpt lat="52.731189" lon="-1.332135"><ele>177.7</ele><time>2014-04-19T08:45:34.000Z</time></trkpt>
      <trkpt lat="52.731208" lon="-1.332090"><ele>177.9</ele><time>2014-04-19T08:45:36.000Z</time></trkpt>
      <trkpt lat="52.731223" lon="-1.332047"><ele>178.1</ele><time>2014-04-19T08:45:38.000Z</time></trkpt>
      <trkpt lat="52.731241" lon="-1.331990"><ele>178.4</ele><time>2014-04-19T08:45:41.000Z</time></trkpt>
      <trkpt lat="52.731258" lon="-1.331947"><ele>178.6</ele><time>2014-04-19T08:45:44.000Z</time></trkpt>
      <trkpt lat="52.731276" lon="-1.331896"><ele>178.9</ele><time>2014-04-19T08:45:47.000Z</time></trkpt>
      <trkpt lat="52.731290" lon="-1.331845"><ele>179.1</ele><time>2014-04-19T08:45:50.000Z</time></trkpt>
      <trkpt lat="52.731309" lon="-1.331782"><ele>179.4</ele><time>2014-04-19T08:45:53.000Z</time></trkpt>
      <trkpt lat="52.731325" lon="-1.331735"><ele>179.6</ele><time>2014-04-19T08:45:55.000Z</time></trkpt>
      <trkpt lat="52.731348" lon="-1.331683"><ele>179.8</ele><time>2014-04-19T08:45:57.000Z</time></trkpt>
      <trkpt lat="52.731363" lon="-1.331632"><ele>180.0</ele><time>2014-04-19T08:45:59.000Z</time></trkpt>
      <trkpt lat="52.731375" lon="-1.331574"><ele>180.3</ele><time>2014-04-19T08:46:02.000Z</time></trkpt>
      <trkpt lat="52.731386" lon="-1.331531"><ele>180.5</ele><time>2014-04-19T08:46:05.000Z</time></trkpt>
      <trkpt lat="52.731404" lon="-1.331486"><ele>180.7</ele><time>2014-04-19T08:46:08.000Z</time></trkpt>
      <trkpt lat="52.731416" lon="-1.331440"><ele>180.9</ele><time>2014-04-19T08:46:10.000Z</time></trkpt>
      <trkpt lat="52.731432" lon="-1.331384"><ele>181.1</ele><time>2014-04-19T08:46:13.000Z</time></trkpt>
      <trkpt lat="52.731450" lon="-1.331329"><ele>181.4</ele><time>2014-04-19T08:46:16.000Z</time></trkpt>
      <trkpt lat="52.731467" lon="-1.331278"><ele>181.6</ele><time>2014-04-19T08:46:19.000Z</time></trkpt>
      <trkpt lat="52.731480" lon="-1.331231"><ele>181.8</ele><time>2014-04-19T08:46:21.000Z</time></trkpt>
      <trkpt lat="52.731494" lon="-1.331191"><ele>182.0</ele><time>2014-04-19T08:46:23.000Z</time></trkpt>
      <trkpt lat="52.731512" lon="-1.331146"><ele>182.1</ele><time>2014-04-19T08:46:25.000Z</time></trkpt>
      <trkpt lat="52.731524" lon="-1.331095"><ele>182.4</ele><time>2014-04-19T08:46:27.000Z</time></trkpt>
      <trkpt lat="52.731533" lon="-1.331047"><ele>182.6</ele><time>2014-04-19T08:46:29.000Z</time></trkpt>
      <trkpt lat="52.731545" lon="-1.330990"><ele>182.8</ele><time>2014-04-19T08:46:32.000Z</time></trkpt>
      <trkpt lat="52.731559" lon="-1.330926"><ele>183.1</ele><time>2014-04-19T08:46:35.000Z</time></trkpt>
      <trkpt lat="52.731574" lon="-1.330864"><ele>183.4</ele><time>2014-04-19T08:46:38.000Z</time></trkpt>
      <trkpt lat="52.731585" lon="-1.330822"><ele>183.6</ele><time>2014-04-19T08:46:40.000Z</time></trkpt>
      <trkpt lat="52.731602" lon="-1.330767"><ele>183.8</ele><time>2014-04-19T08:46:43.000Z</time></trkpt>
      <trkpt lat="52.731622" lon="-1.330718"><ele>184.0</ele><time>2014-04-19T08:46:46.000Z</time></trkpt>
      <trkpt lat="52.731634" lon="-1.330655"><ele>184.3</ele><time>2014-04-19T08:46:49.000Z</time></trkpt>
      <trkpt lat="52.731642" lon="-1.330610"><ele>184.6</ele><time>2014-04-19T08:46:52.000Z</time></trkpt>
      <trkpt lat="52.731640" lon="-1.330561"><ele>184.8</ele><time>2014-04-19T08:46:56.000Z</time></trkpt>
      <trkpt lat="52.731629" lon="-1.330513"><ele>185.0</ele><time>2014-04-19T08:46:59.000Z</time></trkpt>
      <trkpt lat="52.731617" lon="-1.330471"><ele>185.2</ele><time>2014-04-19T08:47:02.000Z</time></trkpt>
      <trkpt lat="52.731625" lon="-1.330419"><ele>185.4</ele><time>2014-04-19T08:47:05.000Z</time></trkpt>
      <trkpt lat="52.731633" lon="-1.330365"><ele>185.8</ele><time>2014-04-19T08:47:09.000Z</time></trkpt>
      <trkpt lat="52.731632" lon="-1.330318"><ele>186.0</ele><time>2014-04-19T08:47:12.000Z</time></trkpt>
      <trkpt lat="52.731628" lon="-1.330264"><ele>186.4</ele><time>2014-04-19T08:47:15.000Z</time></trkpt>
      <trkpt lat="52.731627" lon="-1.330203"><ele>186.7</ele><time>2014-04-19T08:47:18.000Z</time></trkpt>
      <trkpt lat="52.731623" lon="-1.330151"><ele>187.0</ele><time>2014-04-19T08:47:20.000Z</time></trkpt>
      <trkpt lat="52.731618" lon="-1.330102"><ele>187.3</ele><time>2014-04-19T08:47:22.000Z</time></trkpt>
      <trkpt lat="52.731620" lon="-1.330035"><ele>187.7</ele><time>2014-04-19T08:47:25.000Z</time></trkpt>
      <trkpt lat="52.731616" lon="-1.329985"><ele>188.0</ele><time>2014-04-19T08:47:27.000Z</time></trkpt>
      <trkpt lat="52.731614" lon="-1.329933"><ele>188.3</ele><time>2014-04-19T08:47:29.000Z</time></trkpt>
      <trkpt lat="52.731613" lon="-1.329877"><ele>188.6</ele><time>2014-04-19T08:47:31.000Z</time></trkpt>
      <trkpt lat="52.731611" lon="-1.329826"><ele>188.9</ele><time>2014-04-19T08:47:33.000Z</time></trkpt>
      <trkpt lat="52.731606" lon="-1.329770"><ele>189.2</ele><time>2014-04-19T08:47:35.000Z</time></trkpt>
      <trkpt lat="52.731614" lon="-1.329712"><ele>189.6</ele><time>2014-04-19T08:47:37.000Z</time></trkpt>
      <trkpt lat="52.731623" lon="-1.329658"><ele>189.9</ele><time>2014-04-19T08:47:39.000Z</time></trkpt>
      <trkpt lat="52.731628" lon="-1.329602"><ele>190.3</ele><time>2014-04-19T08:47:41.000Z</time></trkpt>
      <trkpt lat="52.731628" lon="-1.329550"><ele>190.4</ele><time>2014-04-19T08:47:43.000Z</time></trkpt>
      <trkpt lat="52.731626" lon="-1.329485"><ele>190.6</ele><time>2014-04-19T08:47:46.000Z</time></trkpt>
      <trkpt lat="52.731623" lon="-1.329435"><ele>190.7</ele><time>2014-04-19T08:47:48.000Z</time></trkpt>
      <trkpt lat="52.731619" lon="-1.329389"><ele>190.8</ele><time>2014-04-19T08:47:50.000Z</time></trkpt>
      <trkpt lat="52.731613" lon="-1.329335"><ele>190.9</ele><time>2014-04-19T08:47:52.000Z</time></trkpt>
      <trkpt lat="52.731603" lon="-1.329290"><ele>191.0</ele><time>2014-04-19T08:47:54.000Z</time></trkpt>
      <trkpt lat="52.731597" lon="-1.329246"><ele>191.1</ele><time>2014-04-19T08:47:56.000Z</time></trkpt>
      <trkpt lat="52.731597" lon="-1.329198"><ele>191.2</ele><time>2014-04-19T08:47:58.000Z</time></trkpt>
      <trkpt lat="52.731600" lon="-1.329149"><ele>191.3</ele><time>2014-04-19T08:48:00.000Z</time></trkpt>
      <trkpt lat="52.731599" lon="-1.329083"><ele>191.5</ele><time>2014-04-19T08:48:03.000Z</time></trkpt>
      <trkpt lat="52.731594" lon="-1.329017"><ele>191.6</ele><time>2014-04-19T08:48:06.000Z</time></trkpt>
      <trkpt lat="52.731591" lon="-1.328971"><ele>191.7</ele><time>2014-04-19T08:48:08.000Z</time></trkpt>
      <trkpt lat="52.731590" lon="-1.328921"><ele>191.8</ele><time>2014-04-19T08:48:10.000Z</time></trkpt>
      <trkpt lat="52.731589" lon="-1.328874"><ele>191.9</ele><time>2014-04-19T08:48:12.000Z</time></trkpt>
      <trkpt lat="52.731586" lon="-1.328817"><ele>192.0</ele><time>2014-04-19T08:48:15.000Z</time></trkpt>
      <trkpt lat="52.731582" lon="-1.328769"><ele>192.1</ele><time>2014-04-19T08:48:18.000Z</time></trkpt>
      <trkpt lat="52.731578" lon="-1.328723"><ele>192.3</ele><time>2014-04-19T08:48:20.000Z</time></trkpt>
      <trkpt lat="52.731574" lon="-1.328659"><ele>192.4</ele><time>2014-04-19T08:48:23.000Z</time></trkpt>
      <trkpt lat="52.731567" lon="-1.328601"><ele>192.6</ele><time>2014-04-19T08:48:26.000Z</time></trkpt>
      <trkpt lat="52.731552" lon="-1.328550"><ele>192.7</ele><time>2014-04-19T08:48:29.000Z</time></trkpt>
      <trkpt lat="52.731542" lon="-1.328490"><ele>192.8</ele><time>2014-04-19T08:48:32.000Z</time></trkpt>
      <trkpt lat="52.731536" lon="-1.328446"><ele>192.9</ele><time>2014-04-19T08:48:34.000Z</time></trkpt>
      <trkpt lat="52.731535" lon="-1.328400"><ele>193.0</ele><time>2014-04-19T08:48:36.000Z</time></trkpt>
      <trkpt lat="52.731532" lon="-1.328345"><ele>193.2</ele><time>2014-04-19T08:48:39.000Z</time></trkpt>
      <trkpt lat="52.731516" lon="-1.328296"><ele>193.2</ele><time>2014-04-19T08:48:42.000Z</time></trkpt>
      <trkpt lat="52.731502" lon="-1.328242"><ele>193.3</ele><time>2014-04-19T08:48:45.000Z</time></trkpt>
      <trkpt lat="52.731488" lon="-1.328182"><ele>193.4</ele><time>2014-04-19T08:48:48.000Z</time></trkpt>
      <trkpt lat="52.731467" lon="-1.328128"><ele>193.5</ele><time>2014-04-19T08:48:51.000Z</time></trkpt>
      <trkpt lat="52.731448" lon="-1.328077"><ele>193.5</ele><time>2014-04-19T08:48:54.000Z</time></trkpt>
      <trkpt lat="52.731432" lon="-1.328022"><ele>193.6</ele><time>2014-04-19T08:48:57.000Z</time></trkpt>
      <trkpt lat="52.731413" lon="-1.327972"><ele>193.6</ele><time>2014-04-19T08:49:00.000Z</time></trkpt>
      <trkpt lat="52.731395" lon="-1.327923"><ele>193.7</ele><time>2014-04-19T08:49:04.000Z</time></trkpt>
      <trkpt lat="52.731384" lon="-1.327881"><ele>193.8</ele><time>2014-04-19T08:49:07.000Z</time></trkpt>
      <trkpt lat="52.731386" lon="-1.327824"><ele>194.0</ele><time>2014-04-19T08:49:11.000Z</time></trkpt>
      <trkpt lat="52.731376" lon="-1.327732"><ele>194.3</ele><time>2014-04-19T08:49:19.000Z</time></trkpt>
      <trkpt lat="52.731360" lon="-1.327690"><ele>194.4</ele><time>2014-04-19T08:49:22.000Z</time></trkpt>
      <trkpt lat="52.731346" lon="-1.327637"><ele>194.5</ele><time>2014-04-19T08:49:25.000Z</time></trkpt>
      <trkpt lat="52.731329" lon="-1.327589"><ele>194.6</ele><time>2014-04-19T08:49:28.000Z</time></trkpt>
      <trkpt lat="52.731313" lon="-1.327541"><ele>194.7</ele><time>2014-04-19T08:49:31.000Z</time></trkpt>
      <trkpt lat="52.731303" lon="-1.327495"><ele>194.8</ele><time>2014-04-19T08:49:34.000Z</time></trkpt>
      <trkpt lat="52.731280" lon="-1.327443"><ele>194.9</ele><time>2014-04-19T08:49:37.000Z</time></trkpt>
      <trkpt lat="52.731262" lon="-1.327392"><ele>195.0</ele><time>2014-04-19T08:49:40.000Z</time></trkpt>
      <trkpt lat="52.731245" lon="-1.327340"><ele>195.1</ele><time>2014-04-19T08:49:43.000Z</time></trkpt>
      <trkpt lat="52.731224" lon="-1.327300"><ele>195.1</ele><time>2014-04-19T08:49:46.000Z</time></trkpt>
      <trkpt lat="52.731206" lon="-1.327247"><ele>195.2</ele><time>2014-04-19T08:49:49.000Z</time></trkpt>
      <trkpt lat="52.731193" lon="-1.327188"><ele>195.4</ele><time>2014-04-19T08:49:52.000Z</time></trkpt>
      <trkpt lat="52.731177" lon="-1.327143"><ele>195.5</ele><time>2014-04-19T08:49:55.000Z</time></trkpt>
      <trkpt lat="52.731151" lon="-1.327102"><ele>195.6</ele><time>2014-04-19T08:49:58.000Z</time></trkpt>
      <trkpt lat="52.731127" lon="-1.327066"><ele>195.6</ele><time>2014-04-19T08:50:01.000Z</time></trkpt>
      <trkpt lat="52.731102" lon="-1.327004"><ele>195.8</ele><time>2014-04-19T08:50:07.000Z</time></trkpt>
      <trkpt lat="52.731084" lon="-1.326960"><ele>195.9</ele><time>2014-04-19T08:50:10.000Z</time></trkpt>
      <trkpt lat="52.731064" lon="-1.326911"><ele>196.0</ele><time>2014-04-19T08:50:13.000Z</time></trkpt>
      <trkpt lat="52.731048" lon="-1.326873"><ele>196.2</ele><time>2014-04-19T08:50:15.000Z</time></trkpt>
      <trkpt lat="52.731030" lon="-1.326832"><ele>196.3</ele><time>2014-04-19T08:50:18.000Z</time></trkpt>
      <trkpt lat="52.731012" lon="-1.326782"><ele>196.4</ele><time>2014-04-19T08:50:22.000Z</time></trkpt>
      <trkpt lat="52.730996" lon="-1.326735"><ele>196.6</ele><time>2014-04-19T08:50:26.000Z</time></trkpt>
      <trkpt lat="52.730971" lon="-1.326678"><ele>196.8</ele><time>2014-04-19T08:50:32.000Z</time></trkpt>
      <trkpt lat="52.730950" lon="-1.326609"><ele>197.0</ele><time>2014-04-19T08:50:42.000Z</time></trkpt>
      <trkpt lat="52.730931" lon="-1.326576"><ele>197.1</ele><time>2014-04-19T08:50:45.000Z</time></trkpt>
      <trkpt lat="52.730910" lon="-1.326525"><ele>197.3</ele><time>2014-04-19T08:50:48.000Z</time></trkpt>
      <trkpt lat="52.730882" lon="-1.326485"><ele>197.5</ele><time>2014-04-19T08:50:51.000Z</time></trkpt>
      <trkpt lat="52.730858" lon="-1.326455"><ele>197.6</ele><time>2014-04-19T08:50:54.000Z</time></trkpt>
      <trkpt lat="52.730829" lon="-1.326434"><ele>197.6</ele><time>2014-04-19T08:50:57.000Z</time></trkpt>
      <trkpt lat="52.730800" lon="-1.326402"><ele>197.7</ele><time>2014-04-19T08:51:00.000Z</time></trkpt>
      <trkpt lat="52.730768" lon="-1.326378"><ele>197.8</ele><time>2014-04-19T08:51:03.000Z</time></trkpt>
      <trkpt lat="52.730733" lon="-1.326350"><ele>197.9</ele><time>2014-04-19T08:51:06.000Z</time></trkpt>
      <trkpt lat="52.730705" lon="-1.326328"><ele>197.9</ele><time>2014-04-19T08:51:09.000Z</time></trkpt>
      <trkpt lat="52.730677" lon="-1.326293"><ele>198.1</ele><time>2014-04-19T08:51:12.000Z</time></trkpt>
      <trkpt lat="52.730654" lon="-1.326257"><ele>198.2</ele><time>2014-04-19T08:51:15.000Z</time></trkpt>
      <trkpt lat="52.730627" lon="-1.326228"><ele>198.4</ele><time>2014-04-19T08:51:18.000Z</time></trkpt>
      <trkpt lat="52.730599" lon="-1.326201"><ele>198.5</ele><time>2014-04-19T08:51:21.000Z</time></trkpt>
      <trkpt lat="52.730577" lon="-1.326175"><ele>198.6</ele><time>2014-04-19T08:51:23.000Z</time></trkpt>
      <trkpt lat="52.730550" lon="-1.326137"><ele>198.7</ele><time>2014-04-19T08:51:26.000Z</time></trkpt>
      <trkpt lat="52.730526" lon="-1.326101"><ele>198.9</ele><time>2014-04-19T08:51:29.000Z</time></trkpt>
      <trkpt lat="52.730493" lon="-1.326063"><ele>199.0</ele><time>2014-04-19T08:51:32.000Z</time></trkpt>
      <trkpt lat="52.730467" lon="-1.326036"><ele>199.1</ele><time>2014-04-19T08:51:34.000Z</time></trkpt>
      <trkpt lat="52.730438" lon="-1.325999"><ele>199.2</ele><time>2014-04-19T08:51:37.000Z</time></trkpt>
      <trkpt lat="52.730417" lon="-1.325972"><ele>199.3</ele><time>2014-04-19T08:51:40.000Z</time></trkpt>
      <trkpt lat="52.730394" lon="-1.325941"><ele>199.4</ele><time>2014-04-19T08:51:43.000Z</time></trkpt>
      <trkpt lat="52.730372" lon="-1.325907"><ele>199.4</ele><time>2014-04-19T08:51:46.000Z</time></trkpt>
      <trkpt lat="52.730351" lon="-1.325869"><ele>199.5</ele><time>2014-04-19T08:51:49.000Z</time></trkpt>
      <trkpt lat="52.730320" lon="-1.325826"><ele>199.5</ele><time>2014-04-19T08:51:52.000Z</time></trkpt>
      <trkpt lat="52.730298" lon="-1.325792"><ele>199.6</ele><time>2014-04-19T08:51:54.000Z</time></trkpt>
      <trkpt lat="52.730283" lon="-1.325755"><ele>199.6</ele><time>2014-04-19T08:51:56.000Z</time></trkpt>
      <trkpt lat="52.730267" lon="-1.325711"><ele>199.8</ele><time>2014-04-19T08:51:59.000Z</time></trkpt>
      <trkpt lat="52.730255" lon="-1.325667"><ele>199.9</ele><time>2014-04-19T08:52:02.000Z</time></trkpt>
      <trkpt lat="52.730238" lon="-1.325625"><ele>200.0</ele><time>2014-04-19T08:52:05.000Z</time></trkpt>
      <trkpt lat="52.730221" lon="-1.325588"><ele>200.1</ele><time>2014-04-19T08:52:07.000Z</time></trkpt>
      <trkpt lat="52.730201" lon="-1.325550"><ele>200.1</ele><time>2014-04-19T08:52:09.000Z</time></trkpt>
      <trkpt lat="52.730182" lon="-1.325516"><ele>200.1</ele><time>2014-04-19T08:52:11.000Z</time></trkpt>
      <trkpt lat="52.730159" lon="-1.325485"><ele>200.2</ele><time>2014-04-19T08:52:14.000Z</time></trkpt>
      <trkpt lat="52.730145" lon="-1.325443"><ele>200.3</ele><time>2014-04-19T08:52:17.000Z</time></trkpt>
      <trkpt lat="52.730132" lon="-1.325399"><ele>200.4</ele><time>2014-04-19T08:52:20.000Z</time></trkpt>
      <trkpt lat="52.730108" lon="-1.325356"><ele>200.5</ele><time>2014-04-19T08:52:23.000Z</time></trkpt>
      <trkpt lat="52.730085" lon="-1.325309"><ele>200.6</ele><time>2014-04-19T08:52:26.000Z</time></trkpt>
      <trkpt lat="52.730069" lon="-1.325272"><ele>200.6</ele><time>2014-04-19T08:52:28.000Z</time></trkpt>
      <trkpt lat="52.730054" lon="-1.325217"><ele>200.8</ele><time>2014-04-19T08:52:31.000Z</time></trkpt>
      <trkpt lat="52.730040" lon="-1.325178"><ele>200.9</ele><time>2014-04-19T08:52:33.000Z</time></trkpt>
      <trkpt lat="52.730022" lon="-1.325141"><ele>201.0</ele><time>2014-04-19T08:52:35.000Z</time></trkpt>
      <trkpt lat="52.730001" lon="-1.325107"><ele>201.0</ele><time>2014-04-19T08:52:37.000Z</time></trkpt>
      <trkpt lat="52.729976" lon="-1.325071"><ele>201.0</ele><time>2014-04-19T08:52:40.000Z</time></trkpt>
      <trkpt lat="52.729944" lon="-1.325027"><ele>201.0</ele><time>2014-04-19T08:52:43.000Z</time></trkpt>
      <trkpt lat="52.729922" lon="-1.324994"><ele>201.0</ele><time>2014-04-19T08:52:45.000Z</time></trkpt>
      <trkpt lat="52.729895" lon="-1.324958"><ele>200.9</ele><time>2014-04-19T08:52:47.000Z</time></trkpt>
      <trkpt lat="52.729876" lon="-1.324926"><ele>200.9</ele><time>2014-04-19T08:52:49.000Z</time></trkpt>
      <trkpt lat="52.729858" lon="-1.324889"><ele>201.0</ele><time>2014-04-19T08:52:51.000Z</time></trkpt>
      <trkpt lat="52.729837" lon="-1.324856"><ele>201.0</ele><time>2014-04-19T08:52:53.000Z</time></trkpt>
      <trkpt lat="52.729810" lon="-1.324825"><ele>200.9</ele><time>2014-04-19T08:52:55.000Z</time></trkpt>
      <trkpt lat="52.729783" lon="-1.324791"><ele>200.8</ele><time>2014-04-19T08:52:57.000Z</time></trkpt>
      <trkpt lat="52.729758" lon="-1.324761"><ele>200.7</ele><time>2014-04-19T08:52:59.000Z</time></trkpt>
      <trkpt lat="52.729732" lon="-1.324736"><ele>200.6</ele><time>2014-04-19T08:53:01.000Z</time></trkpt>
      <trkpt lat="52.729705" lon="-1.324712"><ele>200.5</ele><time>2014-04-19T08:53:03.000Z</time></trkpt>
      <trkpt lat="52.729677" lon="-1.324679"><ele>200.4</ele><time>2014-04-19T08:53:05.000Z</time></trkpt>
      <trkpt lat="52.729650" lon="-1.324642"><ele>200.3</ele><time>2014-04-19T08:53:07.000Z</time></trkpt>
      <trkpt lat="52.729623" lon="-1.324602"><ele>200.3</ele><time>2014-04-19T08:53:09.000Z</time></trkpt>
      <trkpt lat="52.729594" lon="-1.324566"><ele>200.2</ele><time>2014-04-19T08:53:11.000Z</time></trkpt>
      <trkpt lat="52.729565" lon="-1.324516"><ele>200.4</ele><time>2014-04-19T08:53:13.000Z</time></trkpt>
      <trkpt lat="52.729548" lon="-1.324477"><ele>200.5</ele><time>2014-04-19T08:53:15.000Z</time></trkpt>
      <trkpt lat="52.729524" lon="-1.324443"><ele>200.7</ele><time>2014-04-19T08:53:18.000Z</time></trkpt>
      <trkpt lat="52.729503" lon="-1.324402"><ele>200.9</ele><time>2014-04-19T08:53:21.000Z</time></trkpt>
      <trkpt lat="52.729487" lon="-1.324355"><ele>201.1</ele><time>2014-04-19T08:53:24.000Z</time></trkpt>
      <trkpt lat="52.729459" lon="-1.324330"><ele>201.2</ele><time>2014-04-19T08:53:28.000Z</time></trkpt>
      <trkpt lat="52.729428" lon="-1.324301"><ele>201.3</ele><time>2014-04-19T08:53:33.000Z</time></trkpt>
      <trkpt lat="52.729399" lon="-1.324255"><ele>201.4</ele><time>2014-04-19T08:53:36.000Z</time></trkpt>
      <trkpt lat="52.729379" lon="-1.324219"><ele>201.6</ele><time>2014-04-19T08:53:38.000Z</time></trkpt>
      <trkpt lat="52.729362" lon="-1.324181"><ele>201.8</ele><time>2014-04-19T08:53:40.000Z</time></trkpt>
      <trkpt lat="52.729346" lon="-1.324141"><ele>201.9</ele><time>2014-04-19T08:53:42.000Z</time></trkpt>
      <trkpt lat="52.729328" lon="-1.324106"><ele>202.1</ele><time>2014-04-19T08:53:44.000Z</time></trkpt>
      <trkpt lat="52.729305" lon="-1.324061"><ele>202.3</ele><time>2014-04-19T08:53:47.000Z</time></trkpt>
      <trkpt lat="52.729287" lon="-1.324017"><ele>202.4</ele><time>2014-04-19T08:53:50.000Z</time></trkpt>
      <trkpt lat="52.729260" lon="-1.323965"><ele>202.6</ele><time>2014-04-19T08:53:53.000Z</time></trkpt>
      <trkpt lat="52.729237" lon="-1.323916"><ele>202.8</ele><time>2014-04-19T08:53:56.000Z</time></trkpt>
      <trkpt lat="52.729223" lon="-1.323877"><ele>203.0</ele><time>2014-04-19T08:53:58.000Z</time></trkpt>
      <trkpt lat="52.729205" lon="-1.323837"><ele>203.2</ele><time>2014-04-19T08:54:00.000Z</time></trkpt>
      <trkpt lat="52.729186" lon="-1.323803"><ele>203.3</ele><time>2014-04-19T08:54:02.000Z</time></trkpt>
      <trkpt lat="52.729163" lon="-1.323770"><ele>203.4</ele><time>2014-04-19T08:54:04.000Z</time></trkpt>
      <trkpt lat="52.729145" lon="-1.323736"><ele>203.5</ele><time>2014-04-19T08:54:06.000Z</time></trkpt>
      <trkpt lat="52.729130" lon="-1.323699"><ele>203.7</ele><time>2014-04-19T08:54:08.000Z</time></trkpt>
      <trkpt lat="52.729107" lon="-1.323648"><ele>203.9</ele><time>2014-04-19T08:54:11.000Z</time></trkpt>
      <trkpt lat="52.729087" lon="-1.323599"><ele>204.1</ele><time>2014-04-19T08:54:14.000Z</time></trkpt>
      <trkpt lat="52.729068" lon="-1.323539"><ele>204.4</ele><time>2014-04-19T08:54:17.000Z</time></trkpt>
      <trkpt lat="52.729055" lon="-1.323498"><ele>204.5</ele><time>2014-04-19T08:54:19.000Z</time></trkpt>
      <trkpt lat="52.729042" lon="-1.323458"><ele>204.7</ele><time>2014-04-19T08:54:21.000Z</time></trkpt>
      <trkpt lat="52.729030" lon="-1.323395"><ele>205.0</ele><time>2014-04-19T08:54:24.000Z</time></trkpt>
      <trkpt lat="52.729023" lon="-1.323342"><ele>205.3</ele><time>2014-04-19T08:54:26.000Z</time></trkpt>
      <trkpt lat="52.729015" lon="-1.323297"><ele>205.5</ele><time>2014-04-19T08:54:28.000Z</time></trkpt>
      <trkpt lat="52.728988" lon="-1.323249"><ele>205.6</ele><time>2014-04-19T08:54:31.000Z</time></trkpt>
      <trkpt lat="52.728971" lon="-1.323190"><ele>205.8</ele><time>2014-04-19T08:54:34.000Z</time></trkpt>
      <trkpt lat="52.728941" lon="-1.323159"><ele>205.8</ele><time>2014-04-19T08:54:37.000Z</time></trkpt>
      <trkpt lat="52.728920" lon="-1.323111"><ele>206.0</ele><time>2014-04-19T08:54:40.000Z</time></trkpt>
      <trkpt lat="52.728908" lon="-1.323069"><ele>206.1</ele><time>2014-04-19T08:54:42.000Z</time></trkpt>
      <trkpt lat="52.728891" lon="-1.323016"><ele>206.3</ele><time>2014-04-19T08:54:45.000Z</time></trkpt>
      <trkpt lat="52.728879" lon="-1.322962"><ele>206.5</ele><time>2014-04-19T08:54:48.000Z</time></trkpt>
      <trkpt lat="52.728862" lon="-1.322912"><ele>206.7</ele><time>2014-04-19T08:54:51.000Z</time></trkpt>
      <trkpt lat="52.728845" lon="-1.322873"><ele>206.9</ele><time>2014-04-19T08:54:54.000Z</time></trkpt>
      <trkpt lat="52.728828" lon="-1.322834"><ele>207.0</ele><time>2014-04-19T08:54:57.000Z</time></trkpt>
      <trkpt lat="52.728809" lon="-1.322783"><ele>207.3</ele><time>2014-04-19T08:55:01.000Z</time></trkpt>
      <trkpt lat="52.728782" lon="-1.322748"><ele>207.4</ele><time>2014-04-19T08:55:04.000Z</time></trkpt>
      <trkpt lat="52.728766" lon="-1.322690"><ele>207.7</ele><time>2014-04-19T08:55:07.000Z</time></trkpt>
      <trkpt lat="52.728749" lon="-1.322652"><ele>207.9</ele><time>2014-04-19T08:55:09.000Z</time></trkpt>
      <trkpt lat="52.728730" lon="-1.322528"><ele>208.6</ele><time>2014-04-19T08:55:16.000Z</time></trkpt>
      <trkpt lat="52.728713" lon="-1.322462"><ele>209.0</ele><time>2014-04-19T08:55:18.000Z</time></trkpt>
      <trkpt lat="52.728698" lon="-1.322407"><ele>209.3</ele><time>2014-04-19T08:55:20.000Z</time></trkpt>
      <trkpt lat="52.728685" lon="-1.322344"><ele>209.6</ele><time>2014-04-19T08:55:22.000Z</time></trkpt>
      <trkpt lat="52.728674" lon="-1.322281"><ele>210.0</ele><time>2014-04-19T08:55:24.000Z</time></trkpt>
      <trkpt lat="52.728653" lon="-1.322217"><ele>210.2</ele><time>2014-04-19T08:55:26.000Z</time></trkpt>
      <trkpt lat="52.728635" lon="-1.322164"><ele>210.5</ele><time>2014-04-19T08:55:28.000Z</time></trkpt>
      <trkpt lat="52.728621" lon="-1.322103"><ele>210.8</ele><time>2014-04-19T08:55:30.000Z</time></trkpt>
      <trkpt lat="52.728602" lon="-1.322052"><ele>211.0</ele><time>2014-04-19T08:55:32.000Z</time></trkpt>
      <trkpt lat="52.728582" lon="-1.321999"><ele>211.2</ele><time>2014-04-19T08:55:34.000Z</time></trkpt>
      <trkpt lat="52.728564" lon="-1.321944"><ele>211.4</ele><time>2014-04-19T08:55:36.000Z</time></trkpt>
      <trkpt lat="52.728550" lon="-1.321894"><ele>211.7</ele><time>2014-04-19T08:55:38.000Z</time></trkpt>
      <trkpt lat="52.728542" lon="-1.321834"><ele>212.0</ele><time>2014-04-19T08:55:40.000Z</time></trkpt>
      <trkpt lat="52.728537" lon="-1.321787"><ele>212.3</ele><time>2014-04-19T08:55:42.000Z</time></trkpt>
      <trkpt lat="52.728529" lon="-1.321739"><ele>212.6</ele><time>2014-04-19T08:55:44.000Z</time></trkpt>
      <trkpt lat="52.728516" lon="-1.321690"><ele>212.9</ele><time>2014-04-19T08:55:46.000Z</time></trkpt>
      <trkpt lat="52.728505" lon="-1.321643"><ele>213.1</ele><time>2014-04-19T08:55:48.000Z</time></trkpt>
      <trkpt lat="52.728494" lon="-1.321595"><ele>213.4</ele><time>2014-04-19T08:55:50.000Z</time></trkpt>
      <trkpt lat="52.728455" lon="-1.321566"><ele>213.2</ele><time>2014-04-19T08:55:53.000Z</time></trkpt>
      <trkpt lat="52.728443" lon="-1.321523"><ele>213.5</ele><time>2014-04-19T08:55:55.000Z</time></trkpt>
      <trkpt lat="52.728428" lon="-1.321474"><ele>213.7</ele><time>2014-04-19T08:55:57.000Z</time></trkpt>
      <trkpt lat="52.728411" lon="-1.321419"><ele>213.9</ele><time>2014-04-19T08:55:59.000Z</time></trkpt>
      <trkpt lat="52.728398" lon="-1.321369"><ele>214.2</ele><time>2014-04-19T08:56:01.000Z</time></trkpt>
      <trkpt lat="52.728383" lon="-1.321323"><ele>214.4</ele><time>2014-04-19T08:56:03.000Z</time></trkpt>
      <trkpt lat="52.728367" lon="-1.321285"><ele>214.5</ele><time>2014-04-19T08:56:05.000Z</time></trkpt>
      <trkpt lat="52.728344" lon="-1.321230"><ele>214.6</ele><time>2014-04-19T08:56:08.000Z</time></trkpt>
      <trkpt lat="52.728325" lon="-1.321174"><ele>214.6</ele><time>2014-04-19T08:56:11.000Z</time></trkpt>
      <trkpt lat="52.728303" lon="-1.321125"><ele>214.5</ele><time>2014-04-19T08:56:14.000Z</time></trkpt>
      <trkpt lat="52.728282" lon="-1.321071"><ele>214.5</ele><time>2014-04-19T08:56:17.000Z</time></trkpt>
      <trkpt lat="52.728273" lon="-1.321027"><ele>214.5</ele><time>2014-04-19T08:56:19.000Z</time></trkpt>
      <trkpt lat="52.728264" lon="-1.320982"><ele>214.6</ele><time>2014-04-19T08:56:21.000Z</time></trkpt>
      <trkpt lat="52.728252" lon="-1.320920"><ele>214.6</ele><time>2014-04-19T08:56:24.000Z</time></trkpt>
      <trkpt lat="52.728244" lon="-1.320863"><ele>214.7</ele><time>2014-04-19T08:56:27.000Z</time></trkpt>
      <trkpt lat="52.728240" lon="-1.320808"><ele>214.8</ele><time>2014-04-19T08:56:30.000Z</time></trkpt>
      <trkpt lat="52.728230" lon="-1.320754"><ele>214.8</ele><time>2014-04-19T08:56:33.000Z</time></trkpt>
      <trkpt lat="52.728210" lon="-1.320698"><ele>214.8</ele><time>2014-04-19T08:56:36.000Z</time></trkpt>
      <trkpt lat="52.728191" lon="-1.320641"><ele>214.8</ele><time>2014-04-19T08:56:39.000Z</time></trkpt>
      <trkpt lat="52.728179" lon="-1.320600"><ele>214.8</ele><time>2014-04-19T08:56:41.000Z</time></trkpt>
      <trkpt lat="52.728164" lon="-1.320559"><ele>214.7</ele><time>2014-04-19T08:56:43.000Z</time></trkpt>
      <trkpt lat="52.728144" lon="-1.320508"><ele>214.7</ele><time>2014-04-19T08:56:46.000Z</time></trkpt>
      <trkpt lat="52.728131" lon="-1.320468"><ele>214.7</ele><time>2014-04-19T08:56:48.000Z</time></trkpt>
      <trkpt lat="52.728115" lon="-1.320411"><ele>214.7</ele><time>2014-04-19T08:56:51.000Z</time></trkpt>
      <trkpt lat="52.728104" lon="-1.320352"><ele>214.8</ele><time>2014-04-19T08:56:54.000Z</time></trkpt>
      <trkpt lat="52.728099" lon="-1.320288"><ele>215.0</ele><time>2014-04-19T08:56:57.000Z</time></trkpt>
      <trkpt lat="52.728097" lon="-1.320226"><ele>215.2</ele><time>2014-04-19T08:57:00.000Z</time></trkpt>
      <trkpt lat="52.728091" lon="-1.320170"><ele>215.3</ele><time>2014-04-19T08:57:03.000Z</time></trkpt>
      <trkpt lat="52.728084" lon="-1.320106"><ele>215.4</ele><time>2014-04-19T08:57:06.000Z</time></trkpt>
      <trkpt lat="52.728076" lon="-1.320058"><ele>215.5</ele><time>2014-04-19T08:57:08.000Z</time></trkpt>
      <trkpt lat="52.728065" lon="-1.320007"><ele>215.6</ele><time>2014-04-19T08:57:10.000Z</time></trkpt>
      <trkpt lat="52.728050" lon="-1.319967"><ele>215.7</ele><time>2014-04-19T08:57:12.000Z</time></trkpt>
      <trkpt lat="52.728037" lon="-1.319925"><ele>215.7</ele><time>2014-04-19T08:57:14.000Z</time></trkpt>
      <trkpt lat="52.728016" lon="-1.319873"><ele>215.7</ele><time>2014-04-19T08:57:17.000Z</time></trkpt>
      <trkpt lat="52.727997" lon="-1.319818"><ele>215.8</ele><time>2014-04-19T08:57:20.000Z</time></trkpt>
      <trkpt lat="52.727981" lon="-1.319761"><ele>215.8</ele><time>2014-04-19T08:57:23.000Z</time></trkpt>
      <trkpt lat="52.727967" lon="-1.319706"><ele>215.9</ele><time>2014-04-19T08:57:26.000Z</time></trkpt>
      <trkpt lat="52.727956" lon="-1.319650"><ele>216.0</ele><time>2014-04-19T08:57:29.000Z</time></trkpt>
      <trkpt lat="52.727944" lon="-1.319592"><ele>216.2</ele><time>2014-04-19T08:57:32.000Z</time></trkpt>
      <trkpt lat="52.727934" lon="-1.319533"><ele>216.4</ele><time>2014-04-19T08:57:35.000Z</time></trkpt>
      <trkpt lat="52.727923" lon="-1.319477"><ele>216.6</ele><time>2014-04-19T08:57:38.000Z</time></trkpt>
      <trkpt lat="52.727912" lon="-1.319423"><ele>216.7</ele><time>2014-04-19T08:57:41.000Z</time></trkpt>
      <trkpt lat="52.727899" lon="-1.319371"><ele>216.9</ele><time>2014-04-19T08:57:44.000Z</time></trkpt>
      <trkpt lat="52.727883" lon="-1.319321"><ele>217.0</ele><time>2014-04-19T08:57:47.000Z</time></trkpt>
      <trkpt lat="52.727866" lon="-1.319284"><ele>217.1</ele><time>2014-04-19T08:57:49.000Z</time></trkpt>
      <trkpt lat="52.727857" lon="-1.319226"><ele>217.3</ele><time>2014-04-19T08:57:51.000Z</time></trkpt>
      <trkpt lat="52.727849" lon="-1.319176"><ele>217.5</ele><time>2014-04-19T08:57:53.000Z</time></trkpt>
      <trkpt lat="52.727844" lon="-1.319128"><ele>217.7</ele><time>2014-04-19T08:57:55.000Z</time></trkpt>
      <trkpt lat="52.727837" lon="-1.319083"><ele>217.9</ele><time>2014-04-19T08:57:57.000Z</time></trkpt>
      <trkpt lat="52.727825" lon="-1.319042"><ele>218.0</ele><time>2014-04-19T08:57:59.000Z</time></trkpt>
      <trkpt lat="52.727805" lon="-1.318997"><ele>218.1</ele><time>2014-04-19T08:58:02.000Z</time></trkpt>
      <trkpt lat="52.727785" lon="-1.318953"><ele>218.1</ele><time>2014-04-19T08:58:05.000Z</time></trkpt>
      <trkpt lat="52.727758" lon="-1.318906"><ele>218.1</ele><time>2014-04-19T08:58:08.000Z</time></trkpt>
      <trkpt lat="52.727738" lon="-1.318848"><ele>218.3</ele><time>2014-04-19T08:58:11.000Z</time></trkpt>
      <trkpt lat="52.727718" lon="-1.318787"><ele>218.4</ele><time>2014-04-19T08:58:14.000Z</time></trkpt>
      <trkpt lat="52.727700" lon="-1.318738"><ele>218.5</ele><time>2014-04-19T08:58:17.000Z</time></trkpt>
      <trkpt lat="52.727679" lon="-1.318688"><ele>218.6</ele><time>2014-04-19T08:58:20.000Z</time></trkpt>
      <trkpt lat="52.727663" lon="-1.318641"><ele>218.7</ele><time>2014-04-19T08:58:23.000Z</time></trkpt>
      <trkpt lat="52.727639" lon="-1.318591"><ele>218.8</ele><time>2014-04-19T08:58:26.000Z</time></trkpt>
      <trkpt lat="52.727610" lon="-1.318561"><ele>218.7</ele><time>2014-04-19T08:58:28.000Z</time></trkpt>
      <trkpt lat="52.727584" lon="-1.318514"><ele>218.7</ele><time>2014-04-19T08:58:31.000Z</time></trkpt>
      <trkpt lat="52.727561" lon="-1.318474"><ele>218.8</ele><time>2014-04-19T08:58:34.000Z</time></trkpt>
      <trkpt lat="52.727566" lon="-1.318428"><ele>219.0</ele><time>2014-04-19T08:58:36.000Z</time></trkpt>
      <trkpt lat="52.727555" lon="-1.318361"><ele>219.3</ele><time>2014-04-19T08:58:38.000Z</time></trkpt>
      <trkpt lat="52.727553" lon="-1.318314"><ele>219.5</ele><time>2014-04-19T08:58:40.000Z</time></trkpt>
      <trkpt lat="52.727521" lon="-1.318265"><ele>219.5</ele><time>2014-04-19T08:58:47.000Z</time></trkpt>
      <trkpt lat="52.727498" lon="-1.318213"><ele>219.6</ele><time>2014-04-19T08:58:50.000Z</time></trkpt>
      <trkpt lat="52.727475" lon="-1.318175"><ele>219.6</ele><time>2014-04-19T08:58:53.000Z</time></trkpt>
      <trkpt lat="52.727455" lon="-1.318136"><ele>219.6</ele><time>2014-04-19T08:58:56.000Z</time></trkpt>
      <trkpt lat="52.727452" lon="-1.318060"><ele>220.0</ele><time>2014-04-19T08:59:01.000Z</time></trkpt>
      <trkpt lat="52.727443" lon="-1.318018"><ele>220.1</ele><time>2014-04-19T08:59:04.000Z</time></trkpt>
      <trkpt lat="52.727433" lon="-1.317948"><ele>220.4</ele><time>2014-04-19T08:59:15.000Z</time></trkpt>
      <trkpt lat="52.727394" lon="-1.317901"><ele>220.3</ele><time>2014-04-19T09:00:00.000Z</time></trkpt>
      <trkpt lat="52.727364" lon="-1.317808"><ele>220.6</ele><time>2014-04-19T09:00:16.000Z</time></trkpt>
      <trkpt lat="52.727392" lon="-1.317779"><ele>220.9</ele><time>2014-04-19T09:00:20.000Z</time></trkpt>
      <trkpt lat="52.727412" lon="-1.317744"><ele>221.2</ele><time>2014-04-19T09:00:22.000Z</time></trkpt>
      <trkpt lat="52.727434" lon="-1.317714"><ele>221.5</ele><time>2014-04-19T09:00:24.000Z</time></trkpt>
      <trkpt lat="52.727457" lon="-1.317690"><ele>221.8</ele><time>2014-04-19T09:00:26.000Z</time></trkpt>
      <trkpt lat="52.727480" lon="-1.317660"><ele>222.1</ele><time>2014-04-19T09:00:28.000Z</time></trkpt>
      <trkpt lat="52.727499" lon="-1.317625"><ele>222.4</ele><time>2014-04-19T09:00:30.000Z</time></trkpt>
      <trkpt lat="52.727518" lon="-1.317593"><ele>222.7</ele><time>2014-04-19T09:00:32.000Z</time></trkpt>
      <trkpt lat="52.727540" lon="-1.317559"><ele>223.0</ele><time>2014-04-19T09:00:34.000Z</time></trkpt>
      <trkpt lat="52.727564" lon="-1.317524"><ele>223.3</ele><time>2014-04-19T09:00:36.000Z</time></trkpt>
      <trkpt lat="52.727585" lon="-1.317496"><ele>223.5</ele><time>2014-04-19T09:00:38.000Z</time></trkpt>
      <trkpt lat="52.727607" lon="-1.317464"><ele>223.8</ele><time>2014-04-19T09:00:40.000Z</time></trkpt>
      <trkpt lat="52.727630" lon="-1.317429"><ele>224.1</ele><time>2014-04-19T09:00:42.000Z</time></trkpt>
      <trkpt lat="52.727653" lon="-1.317399"><ele>224.4</ele><time>2014-04-19T09:00:44.000Z</time></trkpt>
      <trkpt lat="52.727682" lon="-1.317365"><ele>224.7</ele><time>2014-04-19T09:00:46.000Z</time></trkpt>
      <trkpt lat="52.727708" lon="-1.317332"><ele>225.0</ele><time>2014-04-19T09:00:48.000Z</time></trkpt>
      <trkpt lat="52.727731" lon="-1.317301"><ele>225.2</ele><time>2014-04-19T09:00:50.000Z</time></trkpt>
      <trkpt lat="52.727754" lon="-1.317269"><ele>225.5</ele><time>2014-04-19T09:00:52.000Z</time></trkpt>
      <trkpt lat="52.727777" lon="-1.317237"><ele>225.7</ele><time>2014-04-19T09:00:54.000Z</time></trkpt>
      <trkpt lat="52.727800" lon="-1.317204"><ele>226.0</ele><time>2014-04-19T09:00:56.000Z</time></trkpt>
      <trkpt lat="52.727826" lon="-1.317172"><ele>226.2</ele><time>2014-04-19T09:00:59.000Z</time></trkpt>
      <trkpt lat="52.727852" lon="-1.317133"><ele>226.5</ele><time>2014-04-19T09:01:02.000Z</time></trkpt>
      <trkpt lat="52.727872" lon="-1.317102"><ele>226.7</ele><time>2014-04-19T09:01:04.000Z</time></trkpt>
      <trkpt lat="52.727896" lon="-1.317058"><ele>227.0</ele><time>2014-04-19T09:01:07.000Z</time></trkpt>
      <trkpt lat="52.727926" lon="-1.317019"><ele>227.4</ele><time>2014-04-19T09:01:10.000Z</time></trkpt>
      <trkpt lat="52.727956" lon="-1.316985"><ele>227.8</ele><time>2014-04-19T09:01:13.000Z</time></trkpt>
      <trkpt lat="52.727983" lon="-1.316951"><ele>228.1</ele><time>2014-04-19T09:01:16.000Z</time></trkpt>
      <trkpt lat="52.728009" lon="-1.316918"><ele>228.5</ele><time>2014-04-19T09:01:19.000Z</time></trkpt>
      <trkpt lat="52.728033" lon="-1.316895"><ele>228.7</ele><time>2014-04-19T09:01:22.000Z</time></trkpt>
      <trkpt lat="52.728060" lon="-1.316882"><ele>229.0</ele><time>2014-04-19T09:01:27.000Z</time></trkpt>
      <trkpt lat="52.728078" lon="-1.316849"><ele>229.3</ele><time>2014-04-19T09:01:31.000Z</time></trkpt>
      <trkpt lat="52.728107" lon="-1.316801"><ele>229.7</ele><time>2014-04-19T09:01:37.000Z</time></trkpt>
      <trkpt lat="52.728128" lon="-1.316767"><ele>230.0</ele><time>2014-04-19T09:01:39.000Z</time></trkpt>
      <trkpt lat="52.728164" lon="-1.316733"><ele>230.5</ele><time>2014-04-19T09:01:42.000Z</time></trkpt>
      <trkpt lat="52.728197" lon="-1.316696"><ele>230.9</ele><time>2014-04-19T09:01:45.000Z</time></trkpt>
      <trkpt lat="52.728226" lon="-1.316661"><ele>231.3</ele><time>2014-04-19T09:01:47.000Z</time></trkpt>
      <trkpt lat="52.728254" lon="-1.316642"><ele>231.5</ele><time>2014-04-19T09:01:49.000Z</time></trkpt>
      <trkpt lat="52.728288" lon="-1.316634"><ele>231.8</ele><time>2014-04-19T09:01:53.000Z</time></trkpt>
      <trkpt lat="52.728315" lon="-1.316633"><ele>232.0</ele><time>2014-04-19T09:01:56.000Z</time></trkpt>
      <trkpt lat="52.728345" lon="-1.316647"><ele>232.2</ele><time>2014-04-19T09:02:01.000Z</time></trkpt>
      <trkpt lat="52.728376" lon="-1.316660"><ele>232.3</ele><time>2014-04-19T09:02:07.000Z</time></trkpt>
      <trkpt lat="52.728408" lon="-1.316673"><ele>232.5</ele><time>2014-04-19T09:02:11.000Z</time></trkpt>
      <trkpt lat="52.728437" lon="-1.316694"><ele>232.6</ele><time>2014-04-19T09:02:14.000Z</time></trkpt>
      <trkpt lat="52.728463" lon="-1.316726"><ele>232.6</ele><time>2014-04-19T09:02:17.000Z</time></trkpt>
      <trkpt lat="52.728483" lon="-1.316756"><ele>232.6</ele><time>2014-04-19T09:02:19.000Z</time></trkpt>
      <trkpt lat="52.728510" lon="-1.316788"><ele>232.7</ele><time>2014-04-19T09:02:22.000Z</time></trkpt>
      <trkpt lat="52.728537" lon="-1.316820"><ele>232.7</ele><time>2014-04-19T09:02:25.000Z</time></trkpt>
      <trkpt lat="52.728568" lon="-1.316860"><ele>232.8</ele><time>2014-04-19T09:02:28.000Z</time></trkpt>
      <trkpt lat="52.728594" lon="-1.316896"><ele>232.8</ele><time>2014-04-19T09:02:31.000Z</time></trkpt>
      <trkpt lat="52.728623" lon="-1.316940"><ele>232.8</ele><time>2014-04-19T09:02:34.000Z</time></trkpt>
      <trkpt lat="52.728643" lon="-1.316969"><ele>232.8</ele><time>2014-04-19T09:02:36.000Z</time></trkpt>
      <trkpt lat="52.728665" lon="-1.316999"><ele>232.8</ele><time>2014-04-19T09:02:38.000Z</time></trkpt>
      <trkpt lat="52.728690" lon="-1.317026"><ele>232.8</ele><time>2014-04-19T09:02:40.000Z</time></trkpt>
      <trkpt lat="52.728713" lon="-1.317054"><ele>232.9</ele><time>2014-04-19T09:02:42.000Z</time></trkpt>
      <trkpt lat="52.728735" lon="-1.317083"><ele>232.9</ele><time>2014-04-19T09:02:44.000Z</time></trkpt>
      <trkpt lat="52.728762" lon="-1.317116"><ele>232.9</ele><time>2014-04-19T09:02:47.000Z</time></trkpt>
      <trkpt lat="52.728788" lon="-1.317156"><ele>232.8</ele><time>2014-04-19T09:02:51.000Z</time></trkpt>
      <trkpt lat="52.728815" lon="-1.317189"><ele>232.7</ele><time>2014-04-19T09:02:54.000Z</time></trkpt>
      <trkpt lat="52.728844" lon="-1.317219"><ele>232.7</ele><time>2014-04-19T09:02:57.000Z</time></trkpt>
      <trkpt lat="52.728872" lon="-1.317257"><ele>232.6</ele><time>2014-04-19T09:03:00.000Z</time></trkpt>
      <trkpt lat="52.728892" lon="-1.317291"><ele>232.6</ele><time>2014-04-19T09:03:02.000Z</time></trkpt>
      <trkpt lat="52.728925" lon="-1.317330"><ele>232.5</ele><time>2014-04-19T09:03:05.000Z</time></trkpt>
      <trkpt lat="52.728948" lon="-1.317357"><ele>232.6</ele><time>2014-04-19T09:03:07.000Z</time></trkpt>
      <trkpt lat="52.728974" lon="-1.317390"><ele>232.6</ele><time>2014-04-19T09:03:09.000Z</time></trkpt>
      <trkpt lat="52.728997" lon="-1.317417"><ele>232.6</ele><time>2014-04-19T09:03:11.000Z</time></trkpt>
      <trkpt lat="52.729026" lon="-1.317451"><ele>232.6</ele><time>2014-04-19T09:03:14.000Z</time></trkpt>
      <trkpt lat="52.729054" lon="-1.317479"><ele>232.7</ele><time>2014-04-19T09:03:17.000Z</time></trkpt>
      <trkpt lat="52.729076" lon="-1.317516"><ele>232.7</ele><time>2014-04-19T09:03:20.000Z</time></trkpt>
      <trkpt lat="52.729100" lon="-1.317548"><ele>232.8</ele><time>2014-04-19T09:03:23.000Z</time></trkpt>
      <trkpt lat="52.729132" lon="-1.317589"><ele>232.9</ele><time>2014-04-19T09:03:26.000Z</time></trkpt>
      <trkpt lat="52.729155" lon="-1.317619"><ele>233.0</ele><time>2014-04-19T09:03:28.000Z</time></trkpt>
      <trkpt lat="52.729180" lon="-1.317660"><ele>233.0</ele><time>2014-04-19T09:03:31.000Z</time></trkpt>
      <trkpt lat="52.729204" lon="-1.317700"><ele>233.1</ele><time>2014-04-19T09:03:35.000Z</time></trkpt>
      <trkpt lat="52.729220" lon="-1.317738"><ele>233.2</ele><time>2014-04-19T09:03:38.000Z</time></trkpt>
      <trkpt lat="52.729242" lon="-1.317785"><ele>233.3</ele><time>2014-04-19T09:03:41.000Z</time></trkpt>
      <trkpt lat="52.729273" lon="-1.317829"><ele>233.5</ele><time>2014-04-19T09:03:44.000Z</time></trkpt>
      <trkpt lat="52.729300" lon="-1.317869"><ele>233.7</ele><time>2014-04-19T09:03:47.000Z</time></trkpt>
      <trkpt lat="52.729326" lon="-1.317904"><ele>233.8</ele><time>2014-04-19T09:03:50.000Z</time></trkpt>
      <trkpt lat="52.729351" lon="-1.317937"><ele>234.0</ele><time>2014-04-19T09:03:53.000Z</time></trkpt>
      <trkpt lat="52.729372" lon="-1.317969"><ele>234.0</ele><time>2014-04-19T09:03:56.000Z</time></trkpt>
      <trkpt lat="52.729396" lon="-1.318008"><ele>234.0</ele><time>2014-04-19T09:03:59.000Z</time></trkpt>
      <trkpt lat="52.729419" lon="-1.318050"><ele>234.0</ele><time>2014-04-19T09:04:02.000Z</time></trkpt>
      <trkpt lat="52.729447" lon="-1.318099"><ele>234.0</ele><time>2014-04-19T09:04:05.000Z</time></trkpt>
      <trkpt lat="52.729463" lon="-1.318135"><ele>233.9</ele><time>2014-04-19T09:04:07.000Z</time></trkpt>
      <trkpt lat="52.729485" lon="-1.318177"><ele>233.9</ele><time>2014-04-19T09:04:10.000Z</time></trkpt>
      <trkpt lat="52.729505" lon="-1.318217"><ele>233.9</ele><time>2014-04-19T09:04:13.000Z</time></trkpt>
      <trkpt lat="52.729524" lon="-1.318257"><ele>233.9</ele><time>2014-04-19T09:04:16.000Z</time></trkpt>
      <trkpt lat="52.729546" lon="-1.318290"><ele>233.9</ele><time>2014-04-19T09:04:19.000Z</time></trkpt>
      <trkpt lat="52.729571" lon="-1.318330"><ele>233.9</ele><time>2014-04-19T09:04:23.000Z</time></trkpt>
      <trkpt lat="52.729592" lon="-1.318362"><ele>233.9</ele><time>2014-04-19T09:04:26.000Z</time></trkpt>
      <trkpt lat="52.729612" lon="-1.318399"><ele>233.7</ele><time>2014-04-19T09:04:29.000Z</time></trkpt>
      <trkpt lat="52.729634" lon="-1.318431"><ele>233.7</ele><time>2014-04-19T09:04:32.000Z</time></trkpt>
      <trkpt lat="52.729654" lon="-1.318462"><ele>233.6</ele><time>2014-04-19T09:04:35.000Z</time></trkpt>
      <trkpt lat="52.729680" lon="-1.318500"><ele>233.5</ele><time>2014-04-19T09:04:39.000Z</time></trkpt>
      <trkpt lat="52.729710" lon="-1.318531"><ele>233.5</ele><time>2014-04-19T09:04:43.000Z</time></trkpt>
      <trkpt lat="52.729737" lon="-1.318559"><ele>233.4</ele><time>2014-04-19T09:04:46.000Z</time></trkpt>
      <trkpt lat="52.729772" lon="-1.318610"><ele>233.4</ele><time>2014-04-19T09:05:01.000Z</time></trkpt>
      <trkpt lat="52.729800" lon="-1.318626"><ele>233.4</ele><time>2014-04-19T09:05:05.000Z</time></trkpt>
      <trkpt lat="52.729822" lon="-1.318652"><ele>233.4</ele><time>2014-04-19T09:05:08.000Z</time></trkpt>
      <trkpt lat="52.729853" lon="-1.318679"><ele>233.5</ele><time>2014-04-19T09:05:12.000Z</time></trkpt>
      <trkpt lat="52.729879" lon="-1.318694"><ele>233.6</ele><time>2014-04-19T09:05:16.000Z</time></trkpt>
      <trkpt lat="52.729901" lon="-1.318726"><ele>233.6</ele><time>2014-04-19T09:05:21.000Z</time></trkpt>
      <trkpt lat="52.729928" lon="-1.318760"><ele>233.6</ele><time>2014-04-19T09:05:26.000Z</time></trkpt>
      <trkpt lat="52.729957" lon="-1.318778"><ele>233.7</ele><time>2014-04-19T09:05:32.000Z</time></trkpt>
      <trkpt lat="52.729988" lon="-1.318801"><ele>233.8</ele><time>2014-04-19T09:05:38.000Z</time></trkpt>
      <trkpt lat="52.730011" lon="-1.318831"><ele>233.9</ele><time>2014-04-19T09:05:42.000Z</time></trkpt>
      <trkpt lat="52.730036" lon="-1.318868"><ele>234.0</ele><time>2014-04-19T09:05:46.000Z</time></trkpt>
      <trkpt lat="52.730054" lon="-1.318902"><ele>234.0</ele><time>2014-04-19T09:05:49.000Z</time></trkpt>
      <trkpt lat="52.730074" lon="-1.318941"><ele>234.1</ele><time>2014-04-19T09:05:54.000Z</time></trkpt>
      <trkpt lat="52.730107" lon="-1.318970"><ele>234.2</ele><time>2014-04-19T09:05:58.000Z</time></trkpt>
      <trkpt lat="52.730136" lon="-1.318999"><ele>234.4</ele><time>2014-04-19T09:06:01.000Z</time></trkpt>
      <trkpt lat="52.730164" lon="-1.319032"><ele>234.5</ele><time>2014-04-19T09:06:04.000Z</time></trkpt>
      <trkpt lat="52.730183" lon="-1.319066"><ele>234.6</ele><time>2014-04-19T09:06:06.000Z</time></trkpt>
      <trkpt lat="52.730202" lon="-1.319097"><ele>234.6</ele><time>2014-04-19T09:06:08.000Z</time></trkpt>
      <trkpt lat="52.730231" lon="-1.319142"><ele>234.8</ele><time>2014-04-19T09:06:11.000Z</time></trkpt>
      <trkpt lat="52.730260" lon="-1.319182"><ele>235.0</ele><time>2014-04-19T09:06:14.000Z</time></trkpt>
      <trkpt lat="52.730283" lon="-1.319212"><ele>235.1</ele><time>2014-04-19T09:06:16.000Z</time></trkpt>
      <trkpt lat="52.730307" lon="-1.319248"><ele>235.2</ele><time>2014-04-19T09:06:18.000Z</time></trkpt>
      <trkpt lat="52.730330" lon="-1.319283"><ele>235.4</ele><time>2014-04-19T09:06:20.000Z</time></trkpt>
      <trkpt lat="52.730360" lon="-1.319321"><ele>235.6</ele><time>2014-04-19T09:06:23.000Z</time></trkpt>
      <trkpt lat="52.730381" lon="-1.319349"><ele>235.7</ele><time>2014-04-19T09:06:25.000Z</time></trkpt>
      <trkpt lat="52.730404" lon="-1.319380"><ele>235.9</ele><time>2014-04-19T09:06:27.000Z</time></trkpt>
      <trkpt lat="52.730426" lon="-1.319414"><ele>236.0</ele><time>2014-04-19T09:06:29.000Z</time></trkpt>
      <trkpt lat="52.730449" lon="-1.319444"><ele>236.0</ele><time>2014-04-19T09:06:31.000Z</time></trkpt>
      <trkpt lat="52.730472" lon="-1.319472"><ele>235.9</ele><time>2014-04-19T09:06:33.000Z</time></trkpt>
      <trkpt lat="52.730494" lon="-1.319502"><ele>235.9</ele><time>2014-04-19T09:06:35.000Z</time></trkpt>
      <trkpt lat="52.730517" lon="-1.319536"><ele>235.9</ele><time>2014-04-19T09:06:37.000Z</time></trkpt>
      <trkpt lat="52.730541" lon="-1.319569"><ele>235.8</ele><time>2014-04-19T09:06:39.000Z</time></trkpt>
      <trkpt lat="52.730568" lon="-1.319600"><ele>235.7</ele><time>2014-04-19T09:06:41.000Z</time></trkpt>
      <trkpt lat="52.730593" lon="-1.319628"><ele>235.6</ele><time>2014-04-19T09:06:43.000Z</time></trkpt>
      <trkpt lat="52.730613" lon="-1.319659"><ele>235.4</ele><time>2014-04-19T09:06:45.000Z</time></trkpt>
      <trkpt lat="52.730633" lon="-1.319691"><ele>235.3</ele><time>2014-04-19T09:06:47.000Z</time></trkpt>
      <trkpt lat="52.730653" lon="-1.319723"><ele>235.1</ele><time>2014-04-19T09:06:49.000Z</time></trkpt>
      <trkpt lat="52.730676" lon="-1.319756"><ele>235.0</ele><time>2014-04-19T09:06:51.000Z</time></trkpt>
      <trkpt lat="52.730704" lon="-1.319803"><ele>234.8</ele><time>2014-04-19T09:06:54.000Z</time></trkpt>
      <trkpt lat="52.730732" lon="-1.319842"><ele>234.6</ele><time>2014-04-19T09:06:57.000Z</time></trkpt>
      <trkpt lat="52.730759" lon="-1.319871"><ele>234.5</ele><time>2014-04-19T09:07:00.000Z</time></trkpt>
      <trkpt lat="52.730790" lon="-1.319890"><ele>234.4</ele><time>2014-04-19T09:07:03.000Z</time></trkpt>
      <trkpt lat="52.730812" lon="-1.319919"><ele>234.3</ele><time>2014-04-19T09:07:06.000Z</time></trkpt>
      <trkpt lat="52.730829" lon="-1.319953"><ele>234.2</ele><time>2014-04-19T09:07:09.000Z</time></trkpt>
      <trkpt lat="52.730849" lon="-1.320000"><ele>234.0</ele><time>2014-04-19T09:07:12.000Z</time></trkpt>
      <trkpt lat="52.730866" lon="-1.320046"><ele>233.8</ele><time>2014-04-19T09:07:15.000Z</time></trkpt>
      <trkpt lat="52.730888" lon="-1.320093"><ele>233.7</ele><time>2014-04-19T09:07:18.000Z</time></trkpt>
      <trkpt lat="52.730915" lon="-1.320133"><ele>233.6</ele><time>2014-04-19T09:07:21.000Z</time></trkpt>
      <trkpt lat="52.730939" lon="-1.320153"><ele>233.5</ele><time>2014-04-19T09:07:23.000Z</time></trkpt>
      <trkpt lat="52.730971" lon="-1.320184"><ele>233.4</ele><time>2014-04-19T09:07:26.000Z</time></trkpt>
      <trkpt lat="52.731000" lon="-1.320226"><ele>233.3</ele><time>2014-04-19T09:07:29.000Z</time></trkpt>
      <trkpt lat="52.731025" lon="-1.320259"><ele>233.2</ele><time>2014-04-19T09:07:31.000Z</time></trkpt>
      <trkpt lat="52.731049" lon="-1.320291"><ele>233.1</ele><time>2014-04-19T09:07:33.000Z</time></trkpt>
      <trkpt lat="52.731077" lon="-1.320328"><ele>233.0</ele><time>2014-04-19T09:07:35.000Z</time></trkpt>
      <trkpt lat="52.731103" lon="-1.320364"><ele>233.0</ele><time>2014-04-19T09:07:37.000Z</time></trkpt>
      <trkpt lat="52.731123" lon="-1.320398"><ele>232.9</ele><time>2014-04-19T09:07:39.000Z</time></trkpt>
      <trkpt lat="52.731145" lon="-1.320429"><ele>232.9</ele><time>2014-04-19T09:07:41.000Z</time></trkpt>
      <trkpt lat="52.731168" lon="-1.320461"><ele>232.8</ele><time>2014-04-19T09:07:43.000Z</time></trkpt>
      <trkpt lat="52.731190" lon="-1.320490"><ele>232.8</ele><time>2014-04-19T09:07:45.000Z</time></trkpt>
      <trkpt lat="52.731217" lon="-1.320537"><ele>232.8</ele><time>2014-04-19T09:07:48.000Z</time></trkpt>
      <trkpt lat="52.731241" lon="-1.320573"><ele>232.8</ele><time>2014-04-19T09:07:51.000Z</time></trkpt>
      <trkpt lat="52.731260" lon="-1.320606"><ele>232.8</ele><time>2014-04-19T09:07:54.000Z</time></trkpt>
      <trkpt lat="52.731281" lon="-1.320639"><ele>232.7</ele><time>2014-04-19T09:07:56.000Z</time></trkpt>
      <trkpt lat="52.731302" lon="-1.320673"><ele>232.6</ele><time>2014-04-19T09:07:58.000Z</time></trkpt>
      <trkpt lat="52.731321" lon="-1.320709"><ele>232.5</ele><time>2014-04-19T09:08:00.000Z</time></trkpt>
      <trkpt lat="52.731341" lon="-1.320742"><ele>232.5</ele><time>2014-04-19T09:08:02.000Z</time></trkpt>
      <trkpt lat="52.731363" lon="-1.320782"><ele>232.4</ele><time>2014-04-19T09:08:05.000Z</time></trkpt>
      <trkpt lat="52.731384" lon="-1.320814"><ele>232.4</ele><time>2014-04-19T09:08:07.000Z</time></trkpt>
      <trkpt lat="52.731403" lon="-1.320859"><ele>232.3</ele><time>2014-04-19T09:08:09.000Z</time></trkpt>
      <trkpt lat="52.731417" lon="-1.320900"><ele>232.3</ele><time>2014-04-19T09:08:11.000Z</time></trkpt>
      <trkpt lat="52.731431" lon="-1.320943"><ele>232.2</ele><time>2014-04-19T09:08:13.000Z</time></trkpt>
      <trkpt lat="52.731452" lon="-1.320994"><ele>232.2</ele><time>2014-04-19T09:08:15.000Z</time></trkpt>
      <trkpt lat="52.731469" lon="-1.321043"><ele>232.1</ele><time>2014-04-19T09:08:17.000Z</time></trkpt>
      <trkpt lat="52.731497" lon="-1.321088"><ele>232.1</ele><time>2014-04-19T09:08:20.000Z</time></trkpt>
      <trkpt lat="52.731522" lon="-1.321121"><ele>232.1</ele><time>2014-04-19T09:08:22.000Z</time></trkpt>
      <trkpt lat="52.731542" lon="-1.321155"><ele>232.0</ele><time>2014-04-19T09:08:24.000Z</time></trkpt>
      <trkpt lat="52.731567" lon="-1.321199"><ele>232.0</ele><time>2014-04-19T09:08:27.000Z</time></trkpt>
      <trkpt lat="52.731593" lon="-1.321250"><ele>232.0</ele><time>2014-04-19T09:08:30.000Z</time></trkpt>
      <trkpt lat="52.731611" lon="-1.321288"><ele>231.8</ele><time>2014-04-19T09:08:32.000Z</time></trkpt>
      <trkpt lat="52.731629" lon="-1.321330"><ele>231.5</ele><time>2014-04-19T09:08:34.000Z</time></trkpt>
      <trkpt lat="52.731649" lon="-1.321369"><ele>231.3</ele><time>2014-04-19T09:08:36.000Z</time></trkpt>
      <trkpt lat="52.731667" lon="-1.321405"><ele>231.1</ele><time>2014-04-19T09:08:38.000Z</time></trkpt>
      <trkpt lat="52.731688" lon="-1.321442"><ele>230.9</ele><time>2014-04-19T09:08:40.000Z</time></trkpt>
      <trkpt lat="52.731709" lon="-1.321485"><ele>230.6</ele><time>2014-04-19T09:08:42.000Z</time></trkpt>
      <trkpt lat="52.731731" lon="-1.321522"><ele>230.5</ele><time>2014-04-19T09:08:44.000Z</time></trkpt>
      <trkpt lat="52.731750" lon="-1.321559"><ele>230.3</ele><time>2014-04-19T09:08:46.000Z</time></trkpt>
      <trkpt lat="52.731768" lon="-1.321599"><ele>230.1</ele><time>2014-04-19T09:08:48.000Z</time></trkpt>
      <trkpt lat="52.731785" lon="-1.321638"><ele>229.9</ele><time>2014-04-19T09:08:50.000Z</time></trkpt>
      <trkpt lat="52.731806" lon="-1.321670"><ele>229.8</ele><time>2014-04-19T09:08:52.000Z</time></trkpt>
      <trkpt lat="52.731831" lon="-1.321716"><ele>229.6</ele><time>2014-04-19T09:08:55.000Z</time></trkpt>
      <trkpt lat="52.731859" lon="-1.321767"><ele>229.5</ele><time>2014-04-19T09:08:58.000Z</time></trkpt>
      <trkpt lat="52.731883" lon="-1.321806"><ele>229.4</ele><time>2014-04-19T09:09:00.000Z</time></trkpt>
      <trkpt lat="52.731911" lon="-1.321847"><ele>229.3</ele><time>2014-04-19T09:09:02.000Z</time></trkpt>
      <trkpt lat="52.731939" lon="-1.321901"><ele>229.1</ele><time>2014-04-19T09:09:04.000Z</time></trkpt>
      <trkpt lat="52.731972" lon="-1.321952"><ele>229.0</ele><time>2014-04-19T09:09:06.000Z</time></trkpt>
      <trkpt lat="52.731997" lon="-1.321993"><ele>229.0</ele><time>2014-04-19T09:09:08.000Z</time></trkpt>
      <trkpt lat="52.732019" lon="-1.322037"><ele>228.9</ele><time>2014-04-19T09:09:11.000Z</time></trkpt>
      <trkpt lat="52.732044" lon="-1.322083"><ele>228.8</ele><time>2014-04-19T09:09:14.000Z</time></trkpt>
      <trkpt lat="52.732066" lon="-1.322132"><ele>228.8</ele><time>2014-04-19T09:09:17.000Z</time></trkpt>
      <trkpt lat="52.732096" lon="-1.322170"><ele>228.7</ele><time>2014-04-19T09:09:20.000Z</time></trkpt>
      <trkpt lat="52.732121" lon="-1.322192"><ele>228.6</ele><time>2014-04-19T09:09:22.000Z</time></trkpt>
      <trkpt lat="52.732158" lon="-1.322224"><ele>228.3</ele><time>2014-04-19T09:09:25.000Z</time></trkpt>
      <trkpt lat="52.732188" lon="-1.322251"><ele>228.1</ele><time>2014-04-19T09:09:27.000Z</time></trkpt>
      <trkpt lat="52.732215" lon="-1.322269"><ele>228.0</ele><time>2014-04-19T09:09:29.000Z</time></trkpt>
      <trkpt lat="52.732253" lon="-1.322287"><ele>227.7</ele><time>2014-04-19T09:09:32.000Z</time></trkpt>
      <trkpt lat="52.732281" lon="-1.322314"><ele>227.6</ele><time>2014-04-19T09:09:34.000Z</time></trkpt>
      <trkpt lat="52.732316" lon="-1.322336"><ele>227.4</ele><time>2014-04-19T09:09:37.000Z</time></trkpt>
      <trkpt lat="52.732353" lon="-1.322359"><ele>227.2</ele><time>2014-04-19T09:09:40.000Z</time></trkpt>
      <trkpt lat="52.732382" lon="-1.322381"><ele>227.0</ele><time>2014-04-19T09:09:42.000Z</time></trkpt>
      <trkpt lat="52.732412" lon="-1.322400"><ele>226.8</ele><time>2014-04-19T09:09:44.000Z</time></trkpt>
      <trkpt lat="52.732437" lon="-1.322427"><ele>226.7</ele><time>2014-04-19T09:09:46.000Z</time></trkpt>
      <trkpt lat="52.732460" lon="-1.322461"><ele>226.5</ele><time>2014-04-19T09:09:48.000Z</time></trkpt>
      <trkpt lat="52.732482" lon="-1.322495"><ele>226.3</ele><time>2014-04-19T09:09:50.000Z</time></trkpt>
      <trkpt lat="52.732503" lon="-1.322529"><ele>226.2</ele><time>2014-04-19T09:09:52.000Z</time></trkpt>
      <trkpt lat="52.732525" lon="-1.322581"><ele>226.0</ele><time>2014-04-19T09:09:55.000Z</time></trkpt>
      <trkpt lat="52.732543" lon="-1.322632"><ele>225.8</ele><time>2014-04-19T09:09:58.000Z</time></trkpt>
      <trkpt lat="52.732553" lon="-1.322681"><ele>225.7</ele><time>2014-04-19T09:10:01.000Z</time></trkpt>
      <trkpt lat="52.732572" lon="-1.322737"><ele>225.5</ele><time>2014-04-19T09:10:04.000Z</time></trkpt>
      <trkpt lat="52.732588" lon="-1.322778"><ele>225.4</ele><time>2014-04-19T09:10:06.000Z</time></trkpt>
      <trkpt lat="52.732599" lon="-1.322825"><ele>225.3</ele><time>2014-04-19T09:10:08.000Z</time></trkpt>
      <trkpt lat="52.732608" lon="-1.322870"><ele>225.2</ele><time>2014-04-19T09:10:10.000Z</time></trkpt>
      <trkpt lat="52.732621" lon="-1.322914"><ele>225.1</ele><time>2014-04-19T09:10:12.000Z</time></trkpt>
      <trkpt lat="52.732634" lon="-1.322959"><ele>224.8</ele><time>2014-04-19T09:10:14.000Z</time></trkpt>
      <trkpt lat="52.732650" lon="-1.323002"><ele>224.6</ele><time>2014-04-19T09:10:16.000Z</time></trkpt>
      <trkpt lat="52.732664" lon="-1.323046"><ele>224.4</ele><time>2014-04-19T09:10:18.000Z</time></trkpt>
      <trkpt lat="52.732676" lon="-1.323087"><ele>224.2</ele><time>2014-04-19T09:10:20.000Z</time></trkpt>
      <trkpt lat="52.732693" lon="-1.323143"><ele>224.0</ele><time>2014-04-19T09:10:23.000Z</time></trkpt>
      <trkpt lat="52.732707" lon="-1.323195"><ele>223.8</ele><time>2014-04-19T09:10:26.000Z</time></trkpt>
      <trkpt lat="52.732721" lon="-1.323238"><ele>223.6</ele><time>2014-04-19T09:10:28.000Z</time></trkpt>
      <trkpt lat="52.732733" lon="-1.323279"><ele>223.4</ele><time>2014-04-19T09:10:30.000Z</time></trkpt>
      <trkpt lat="52.732752" lon="-1.323336"><ele>223.2</ele><time>2014-04-19T09:10:33.000Z</time></trkpt>
      <trkpt lat="52.732765" lon="-1.323378"><ele>223.0</ele><time>2014-04-19T09:10:35.000Z</time></trkpt>
      <trkpt lat="52.732781" lon="-1.323435"><ele>222.8</ele><time>2014-04-19T09:10:38.000Z</time></trkpt>
      <trkpt lat="52.732796" lon="-1.323490"><ele>222.7</ele><time>2014-04-19T09:10:41.000Z</time></trkpt>
      <trkpt lat="52.732809" lon="-1.323550"><ele>222.5</ele><time>2014-04-19T09:10:44.000Z</time></trkpt>
      <trkpt lat="52.732821" lon="-1.323590"><ele>222.4</ele><time>2014-04-19T09:10:46.000Z</time></trkpt>
      <trkpt lat="52.732837" lon="-1.323633"><ele>222.2</ele><time>2014-04-19T09:10:48.000Z</time></trkpt>
      <trkpt lat="52.732853" lon="-1.323677"><ele>222.1</ele><time>2014-04-19T09:10:50.000Z</time></trkpt>
      <trkpt lat="52.732869" lon="-1.323734"><ele>222.0</ele><time>2014-04-19T09:10:53.000Z</time></trkpt>
      <trkpt lat="52.732882" lon="-1.323789"><ele>221.9</ele><time>2014-04-19T09:10:56.000Z</time></trkpt>
      <trkpt lat="52.732897" lon="-1.323839"><ele>221.9</ele><time>2014-04-19T09:10:59.000Z</time></trkpt>
      <trkpt lat="52.732913" lon="-1.323888"><ele>221.8</ele><time>2014-04-19T09:11:02.000Z</time></trkpt>
      <trkpt lat="52.732932" lon="-1.323938"><ele>221.7</ele><time>2014-04-19T09:11:05.000Z</time></trkpt>
      <trkpt lat="52.732952" lon="-1.323987"><ele>221.5</ele><time>2014-04-19T09:11:08.000Z</time></trkpt>
      <trkpt lat="52.732967" lon="-1.324025"><ele>221.4</ele><time>2014-04-19T09:11:10.000Z</time></trkpt>
      <trkpt lat="52.732983" lon="-1.324066"><ele>221.3</ele><time>2014-04-19T09:11:12.000Z</time></trkpt>
      <trkpt lat="52.733000" lon="-1.324107"><ele>221.1</ele><time>2014-04-19T09:11:14.000Z</time></trkpt>
      <trkpt lat="52.733018" lon="-1.324144"><ele>221.0</ele><time>2014-04-19T09:11:16.000Z</time></trkpt>
      <trkpt lat="52.733035" lon="-1.324181"><ele>220.8</ele><time>2014-04-19T09:11:18.000Z</time></trkpt>
      <trkpt lat="52.733059" lon="-1.324229"><ele>220.7</ele><time>2014-04-19T09:11:21.000Z</time></trkpt>
      <trkpt lat="52.733081" lon="-1.324282"><ele>220.5</ele><time>2014-04-19T09:11:24.000Z</time></trkpt>
      <trkpt lat="52.733097" lon="-1.324324"><ele>220.4</ele><time>2014-04-19T09:11:26.000Z</time></trkpt>
      <trkpt lat="52.733120" lon="-1.324377"><ele>220.2</ele><time>2014-04-19T09:11:29.000Z</time></trkpt>
      <trkpt lat="52.733146" lon="-1.324424"><ele>220.0</ele><time>2014-04-19T09:11:32.000Z</time></trkpt>
      <trkpt lat="52.733173" lon="-1.324465"><ele>219.9</ele><time>2014-04-19T09:11:35.000Z</time></trkpt>
      <trkpt lat="52.733196" lon="-1.324519"><ele>219.7</ele><time>2014-04-19T09:11:38.000Z</time></trkpt>
      <trkpt lat="52.733213" lon="-1.324554"><ele>219.6</ele><time>2014-04-19T09:11:40.000Z</time></trkpt>
      <trkpt lat="52.733233" lon="-1.324591"><ele>219.4</ele><time>2014-04-19T09:11:42.000Z</time></trkpt>
      <trkpt lat="52.733253" lon="-1.324627"><ele>219.2</ele><time>2014-04-19T09:11:44.000Z</time></trkpt>
      <trkpt lat="52.733271" lon="-1.324666"><ele>218.9</ele><time>2014-04-19T09:11:46.000Z</time></trkpt>
      <trkpt lat="52.733290" lon="-1.324702"><ele>218.6</ele><time>2014-04-19T09:11:48.000Z</time></trkpt>
      <trkpt lat="52.733309" lon="-1.324740"><ele>218.4</ele><time>2014-04-19T09:11:50.000Z</time></trkpt>
      <trkpt lat="52.733330" lon="-1.324786"><ele>218.0</ele><time>2014-04-19T09:11:52.000Z</time></trkpt>
      <trkpt lat="52.733347" lon="-1.324826"><ele>217.8</ele><time>2014-04-19T09:11:54.000Z</time></trkpt>
      <trkpt lat="52.733372" lon="-1.324875"><ele>217.4</ele><time>2014-04-19T09:11:58.000Z</time></trkpt>
      <trkpt lat="52.733395" lon="-1.324898"><ele>217.2</ele><time>2014-04-19T09:12:00.000Z</time></trkpt>
      <trkpt lat="52.733421" lon="-1.324925"><ele>217.0</ele><time>2014-04-19T09:12:07.000Z</time></trkpt>
      <trkpt lat="52.733432" lon="-1.324966"><ele>216.8</ele><time>2014-04-19T09:12:10.000Z</time></trkpt>
      <trkpt lat="52.733452" lon="-1.325017"><ele>216.5</ele><time>2014-04-19T09:13:57.000Z</time></trkpt>
      <trkpt lat="52.733484" lon="-1.325012"><ele>216.4</ele><time>2014-04-19T09:14:00.000Z</time></trkpt>
      <trkpt lat="52.733512" lon="-1.324993"><ele>216.4</ele><time>2014-04-19T09:14:03.000Z</time></trkpt>
      <trkpt lat="52.733539" lon="-1.324976"><ele>216.4</ele><time>2014-04-19T09:14:06.000Z</time></trkpt>
      <trkpt lat="52.733560" lon="-1.324941"><ele>216.4</ele><time>2014-04-19T09:14:09.000Z</time></trkpt>
      <trkpt lat="52.733563" lon="-1.324890"><ele>216.6</ele><time>2014-04-19T09:14:12.000Z</time></trkpt>
      <trkpt lat="52.733594" lon="-1.324898"><ele>216.5</ele><time>2014-04-19T09:14:19.000Z</time></trkpt>
      <trkpt lat="52.733618" lon="-1.324857"><ele>216.5</ele><time>2014-04-19T09:14:22.000Z</time></trkpt>
      <trkpt lat="52.733643" lon="-1.324815"><ele>216.6</ele><time>2014-04-19T09:14:25.000Z</time></trkpt>
      <trkpt lat="52.733663" lon="-1.324762"><ele>216.7</ele><time>2014-04-19T09:14:28.000Z</time></trkpt>
      <trkpt lat="52.733685" lon="-1.324713"><ele>216.8</ele><time>2014-04-19T09:14:31.000Z</time></trkpt>
      <trkpt lat="52.733716" lon="-1.324668"><ele>216.9</ele><time>2014-04-19T09:14:34.000Z</time></trkpt>
      <trkpt lat="52.733739" lon="-1.324644"><ele>216.8</ele><time>2014-04-19T09:14:36.000Z</time></trkpt>
      <trkpt lat="52.733760" lon="-1.324616"><ele>216.8</ele><time>2014-04-19T09:14:38.000Z</time></trkpt>
      <trkpt lat="52.733790" lon="-1.324578"><ele>216.8</ele><time>2014-04-19T09:14:41.000Z</time></trkpt>
      <trkpt lat="52.733814" lon="-1.324550"><ele>216.7</ele><time>2014-04-19T09:14:43.000Z</time></trkpt>
      <trkpt lat="52.733842" lon="-1.324508"><ele>216.6</ele><time>2014-04-19T09:14:46.000Z</time></trkpt>
      <trkpt lat="52.733868" lon="-1.324463"><ele>216.4</ele><time>2014-04-19T09:14:49.000Z</time></trkpt>
      <trkpt lat="52.733892" lon="-1.324418"><ele>216.3</ele><time>2014-04-19T09:14:52.000Z</time></trkpt>
      <trkpt lat="52.733916" lon="-1.324368"><ele>216.2</ele><time>2014-04-19T09:14:55.000Z</time></trkpt>
      <trkpt lat="52.733940" lon="-1.324335"><ele>216.1</ele><time>2014-04-19T09:14:57.000Z</time></trkpt>
      <trkpt lat="52.733960" lon="-1.324299"><ele>216.0</ele><time>2014-04-19T09:14:59.000Z</time></trkpt>
      <trkpt lat="52.733986" lon="-1.324251"><ele>215.9</ele><time>2014-04-19T09:15:02.000Z</time></trkpt>
      <trkpt lat="52.734007" lon="-1.324218"><ele>215.8</ele><time>2014-04-19T09:15:04.000Z</time></trkpt>
      <trkpt lat="52.734027" lon="-1.324187"><ele>215.7</ele><time>2014-04-19T09:15:06.000Z</time></trkpt>
      <trkpt lat="52.734055" lon="-1.324142"><ele>215.5</ele><time>2014-04-19T09:15:09.000Z</time></trkpt>
      <trkpt lat="52.734078" lon="-1.324107"><ele>215.4</ele><time>2014-04-19T09:15:11.000Z</time></trkpt>
      <trkpt lat="52.734101" lon="-1.324069"><ele>215.3</ele><time>2014-04-19T09:15:13.000Z</time></trkpt>
      <trkpt lat="52.734123" lon="-1.324033"><ele>215.2</ele><time>2014-04-19T09:15:15.000Z</time></trkpt>
      <trkpt lat="52.734144" lon="-1.323980"><ele>215.1</ele><time>2014-04-19T09:15:18.000Z</time></trkpt>
      <trkpt lat="52.734167" lon="-1.323937"><ele>215.0</ele><time>2014-04-19T09:15:21.000Z</time></trkpt>
      <trkpt lat="52.734202" lon="-1.323910"><ele>214.8</ele><time>2014-04-19T09:15:28.000Z</time></trkpt>
      <trkpt lat="52.734222" lon="-1.323870"><ele>214.7</ele><time>2014-04-19T09:15:30.000Z</time></trkpt>
      <trkpt lat="52.734245" lon="-1.323826"><ele>214.6</ele><time>2014-04-19T09:15:32.000Z</time></trkpt>
      <trkpt lat="52.734268" lon="-1.323781"><ele>214.5</ele><time>2014-04-19T09:15:34.000Z</time></trkpt>
      <trkpt lat="52.734291" lon="-1.323736"><ele>214.4</ele><time>2014-04-19T09:15:36.000Z</time></trkpt>
      <trkpt lat="52.734311" lon="-1.323693"><ele>214.3</ele><time>2014-04-19T09:15:38.000Z</time></trkpt>
      <trkpt lat="52.734328" lon="-1.323652"><ele>214.2</ele><time>2014-04-19T09:15:40.000Z</time></trkpt>
      <trkpt lat="52.734351" lon="-1.323601"><ele>214.0</ele><time>2014-04-19T09:15:43.000Z</time></trkpt>
      <trkpt lat="52.734374" lon="-1.323557"><ele>213.9</ele><time>2014-04-19T09:15:46.000Z</time></trkpt>
      <trkpt lat="52.734393" lon="-1.323523"><ele>213.8</ele><time>2014-04-19T09:15:49.000Z</time></trkpt>
      <trkpt lat="52.734415" lon="-1.323494"><ele>213.6</ele><time>2014-04-19T09:15:51.000Z</time></trkpt>
      <trkpt lat="52.734435" lon="-1.323461"><ele>213.5</ele><time>2014-04-19T09:15:53.000Z</time></trkpt>
      <trkpt lat="52.734453" lon="-1.323425"><ele>213.4</ele><time>2014-04-19T09:15:55.000Z</time></trkpt>
      <trkpt lat="52.734471" lon="-1.323390"><ele>213.2</ele><time>2014-04-19T09:15:57.000Z</time></trkpt>
      <trkpt lat="52.734499" lon="-1.323344"><ele>213.0</ele><time>2014-04-19T09:16:00.000Z</time></trkpt>
      <trkpt lat="52.734520" lon="-1.323309"><ele>212.9</ele><time>2014-04-19T09:16:02.000Z</time></trkpt>
      <trkpt lat="52.734544" lon="-1.323265"><ele>212.7</ele><time>2014-04-19T09:16:04.000Z</time></trkpt>
      <trkpt lat="52.734570" lon="-1.323219"><ele>212.4</ele><time>2014-04-19T09:16:06.000Z</time></trkpt>
      <trkpt lat="52.734592" lon="-1.323176"><ele>212.3</ele><time>2014-04-19T09:16:08.000Z</time></trkpt>
      <trkpt lat="52.734610" lon="-1.323139"><ele>212.2</ele><time>2014-04-19T09:16:10.000Z</time></trkpt>
      <trkpt lat="52.734633" lon="-1.323083"><ele>212.1</ele><time>2014-04-19T09:16:13.000Z</time></trkpt>
      <trkpt lat="52.734650" lon="-1.323049"><ele>212.0</ele><time>2014-04-19T09:16:15.000Z</time></trkpt>
      <trkpt lat="52.734666" lon="-1.323000"><ele>211.9</ele><time>2014-04-19T09:16:18.000Z</time></trkpt>
      <trkpt lat="52.734684" lon="-1.322963"><ele>211.8</ele><time>2014-04-19T09:16:21.000Z</time></trkpt>
      <trkpt lat="52.734709" lon="-1.322929"><ele>211.7</ele><time>2014-04-19T09:16:24.000Z</time></trkpt>
      <trkpt lat="52.734735" lon="-1.322905"><ele>211.6</ele><time>2014-04-19T09:16:27.000Z</time></trkpt>
      <trkpt lat="52.734763" lon="-1.322883"><ele>211.6</ele><time>2014-04-19T09:16:31.000Z</time></trkpt>
      <trkpt lat="52.734792" lon="-1.322851"><ele>211.5</ele><time>2014-04-19T09:16:35.000Z</time></trkpt>
      <trkpt lat="52.734813" lon="-1.322822"><ele>211.4</ele><time>2014-04-19T09:16:38.000Z</time></trkpt>
      <trkpt lat="52.734838" lon="-1.322795"><ele>211.3</ele><time>2014-04-19T09:16:42.000Z</time></trkpt>
      <trkpt lat="52.734881" lon="-1.322738"><ele>211.2</ele><time>2014-04-19T09:16:51.000Z</time></trkpt>
      <trkpt lat="52.734909" lon="-1.322708"><ele>211.1</ele><time>2014-04-19T09:16:54.000Z</time></trkpt>
      <trkpt lat="52.734931" lon="-1.322678"><ele>211.0</ele><time>2014-04-19T09:16:57.000Z</time></trkpt>
      <trkpt lat="52.734963" lon="-1.322628"><ele>210.9</ele><time>2014-04-19T09:17:00.000Z</time></trkpt>
      <trkpt lat="52.734986" lon="-1.322585"><ele>210.8</ele><time>2014-04-19T09:17:02.000Z</time></trkpt>
      <trkpt lat="52.735005" lon="-1.322543"><ele>210.8</ele><time>2014-04-19T09:17:04.000Z</time></trkpt>
      <trkpt lat="52.735035" lon="-1.322507"><ele>210.6</ele><time>2014-04-19T09:17:07.000Z</time></trkpt>
      <trkpt lat="52.735067" lon="-1.322477"><ele>210.5</ele><time>2014-04-19T09:17:10.000Z</time></trkpt>
      <trkpt lat="52.735094" lon="-1.322445"><ele>210.4</ele><time>2014-04-19T09:17:13.000Z</time></trkpt>
      <trkpt lat="52.735126" lon="-1.322406"><ele>210.3</ele><time>2014-04-19T09:17:16.000Z</time></trkpt>
      <trkpt lat="52.735149" lon="-1.322371"><ele>210.2</ele><time>2014-04-19T09:17:19.000Z</time></trkpt>
      <trkpt lat="52.735170" lon="-1.322326"><ele>210.1</ele><time>2014-04-19T09:17:22.000Z</time></trkpt>
      <trkpt lat="52.735196" lon="-1.322282"><ele>210.0</ele><time>2014-04-19T09:17:24.000Z</time></trkpt>
      <trkpt lat="52.735228" lon="-1.322257"><ele>209.8</ele><time>2014-04-19T09:17:26.000Z</time></trkpt>
      <trkpt lat="52.735262" lon="-1.322231"><ele>209.7</ele><time>2014-04-19T09:17:28.000Z</time></trkpt>
      <trkpt lat="52.735294" lon="-1.322201"><ele>209.6</ele><time>2014-04-19T09:17:30.000Z</time></trkpt>
      <trkpt lat="52.735320" lon="-1.322170"><ele>209.4</ele><time>2014-04-19T09:17:32.000Z</time></trkpt>
      <trkpt lat="52.735339" lon="-1.322131"><ele>209.3</ele><time>2014-04-19T09:17:34.000Z</time></trkpt>
      <trkpt lat="52.735354" lon="-1.322092"><ele>209.2</ele><time>2014-04-19T09:17:36.000Z</time></trkpt>
      <trkpt lat="52.735372" lon="-1.322054"><ele>209.1</ele><time>2014-04-19T09:17:38.000Z</time></trkpt>
      <trkpt lat="52.735396" lon="-1.322022"><ele>209.0</ele><time>2014-04-19T09:17:40.000Z</time></trkpt>
      <trkpt lat="52.735423" lon="-1.321992"><ele>208.8</ele><time>2014-04-19T09:17:42.000Z</time></trkpt>
      <trkpt lat="52.735459" lon="-1.321961"><ele>208.5</ele><time>2014-04-19T09:17:49.000Z</time></trkpt>
      <trkpt lat="52.735487" lon="-1.321979"><ele>208.4</ele><time>2014-04-19T09:17:52.000Z</time></trkpt>
      <trkpt lat="52.735515" lon="-1.322007"><ele>208.2</ele><time>2014-04-19T09:17:55.000Z</time></trkpt>
      <trkpt lat="52.735540" lon="-1.322058"><ele>208.1</ele><time>2014-04-19T09:17:58.000Z</time></trkpt>
      <trkpt lat="52.735559" lon="-1.322107"><ele>208.0</ele><time>2014-04-19T09:18:00.000Z</time></trkpt>
      <trkpt lat="52.735576" lon="-1.322143"><ele>207.9</ele><time>2014-04-19T09:18:02.000Z</time></trkpt>
      <trkpt lat="52.735596" lon="-1.322174"><ele>207.8</ele><time>2014-04-19T09:18:04.000Z</time></trkpt>
      <trkpt lat="52.735621" lon="-1.322197"><ele>207.7</ele><time>2014-04-19T09:18:07.000Z</time></trkpt>
      <trkpt lat="52.735673" lon="-1.322215"><ele>207.4</ele><time>2014-04-19T09:18:22.000Z</time></trkpt>
      <trkpt lat="52.735702" lon="-1.322243"><ele>207.2</ele><time>2014-04-19T09:18:26.000Z</time></trkpt>
      <trkpt lat="52.735731" lon="-1.322293"><ele>207.1</ele><time>2014-04-19T09:18:29.000Z</time></trkpt>
      <trkpt lat="52.735753" lon="-1.322344"><ele>207.0</ele><time>2014-04-19T09:18:32.000Z</time></trkpt>
      <trkpt lat="52.735774" lon="-1.322390"><ele>207.0</ele><time>2014-04-19T09:18:35.000Z</time></trkpt>
      <trkpt lat="52.735790" lon="-1.322433"><ele>206.9</ele><time>2014-04-19T09:18:38.000Z</time></trkpt>
      <trkpt lat="52.735805" lon="-1.322532"><ele>207.0</ele><time>2014-04-19T09:18:50.000Z</time></trkpt>
      <trkpt lat="52.735815" lon="-1.322574"><ele>207.0</ele><time>2014-04-19T09:18:53.000Z</time></trkpt>
      <trkpt lat="52.735833" lon="-1.322620"><ele>207.0</ele><time>2014-04-19T09:18:56.000Z</time></trkpt>
      <trkpt lat="52.735860" lon="-1.322669"><ele>206.9</ele><time>2014-04-19T09:18:59.000Z</time></trkpt>
      <trkpt lat="52.735880" lon="-1.322703"><ele>206.8</ele><time>2014-04-19T09:19:01.000Z</time></trkpt>
      <trkpt lat="52.735909" lon="-1.322749"><ele>206.7</ele><time>2014-04-19T09:19:04.000Z</time></trkpt>
      <trkpt lat="52.735929" lon="-1.322790"><ele>206.7</ele><time>2014-04-19T09:19:07.000Z</time></trkpt>
      <trkpt lat="52.735954" lon="-1.322809"><ele>206.6</ele><time>2014-04-19T09:19:09.000Z</time></trkpt>
      <trkpt lat="52.735982" lon="-1.322833"><ele>206.4</ele><time>2014-04-19T09:19:11.000Z</time></trkpt>
      <trkpt lat="52.736004" lon="-1.322864"><ele>206.4</ele><time>2014-04-19T09:19:13.000Z</time></trkpt>
      <trkpt lat="52.736032" lon="-1.322911"><ele>206.3</ele><time>2014-04-19T09:19:16.000Z</time></trkpt>
      <trkpt lat="52.736054" lon="-1.322943"><ele>206.2</ele><time>2014-04-19T09:19:18.000Z</time></trkpt>
      <trkpt lat="52.736074" lon="-1.322983"><ele>206.1</ele><time>2014-04-19T09:19:21.000Z</time></trkpt>
      <trkpt lat="52.736087" lon="-1.323070"><ele>206.0</ele><time>2014-04-19T09:19:27.000Z</time></trkpt>
      <trkpt lat="52.736109" lon="-1.323125"><ele>205.8</ele><time>2014-04-19T09:19:32.000Z</time></trkpt>
      <trkpt lat="52.736127" lon="-1.323170"><ele>205.7</ele><time>2014-04-19T09:19:35.000Z</time></trkpt>
      <trkpt lat="52.736143" lon="-1.323216"><ele>205.6</ele><time>2014-04-19T09:19:37.000Z</time></trkpt>
      <trkpt lat="52.736160" lon="-1.323278"><ele>205.5</ele><time>2014-04-19T09:19:39.000Z</time></trkpt>
      <trkpt lat="52.736173" lon="-1.323319"><ele>205.5</ele><time>2014-04-19T09:19:41.000Z</time></trkpt>
      <trkpt lat="52.736189" lon="-1.323364"><ele>205.4</ele><time>2014-04-19T09:19:43.000Z</time></trkpt>
      <trkpt lat="52.736214" lon="-1.323413"><ele>205.2</ele><time>2014-04-19T09:19:46.000Z</time></trkpt>
      <trkpt lat="52.736229" lon="-1.323460"><ele>205.1</ele><time>2014-04-19T09:19:48.000Z</time></trkpt>
      <trkpt lat="52.736251" lon="-1.323507"><ele>205.0</ele><time>2014-04-19T09:19:51.000Z</time></trkpt>
      <trkpt lat="52.736264" lon="-1.323551"><ele>204.9</ele><time>2014-04-19T09:19:54.000Z</time></trkpt>
      <trkpt lat="52.736277" lon="-1.323602"><ele>204.7</ele><time>2014-04-19T09:19:58.000Z</time></trkpt>
      <trkpt lat="52.736292" lon="-1.323649"><ele>204.6</ele><time>2014-04-19T09:20:00.000Z</time></trkpt>
      <trkpt lat="52.736310" lon="-1.323698"><ele>204.4</ele><time>2014-04-19T09:20:02.000Z</time></trkpt>
      <trkpt lat="52.736331" lon="-1.323740"><ele>204.2</ele><time>2014-04-19T09:20:04.000Z</time></trkpt>
      <trkpt lat="52.736350" lon="-1.323792"><ele>204.0</ele><time>2014-04-19T09:20:06.000Z</time></trkpt>
      <trkpt lat="52.736370" lon="-1.323839"><ele>203.9</ele><time>2014-04-19T09:20:08.000Z</time></trkpt>
      <trkpt lat="52.736391" lon="-1.323889"><ele>203.7</ele><time>2014-04-19T09:20:10.000Z</time></trkpt>
      <trkpt lat="52.736412" lon="-1.323928"><ele>203.5</ele><time>2014-04-19T09:20:12.000Z</time></trkpt>
      <trkpt lat="52.736428" lon="-1.323980"><ele>203.4</ele><time>2014-04-19T09:20:14.000Z</time></trkpt>
      <trkpt lat="52.736444" lon="-1.324042"><ele>203.2</ele><time>2014-04-19T09:20:16.000Z</time></trkpt>
      <trkpt lat="52.736460" lon="-1.324102"><ele>203.1</ele><time>2014-04-19T09:20:18.000Z</time></trkpt>
      <trkpt lat="52.736478" lon="-1.324165"><ele>202.9</ele><time>2014-04-19T09:20:20.000Z</time></trkpt>
      <trkpt lat="52.736493" lon="-1.324215"><ele>202.8</ele><time>2014-04-19T09:20:22.000Z</time></trkpt>
      <trkpt lat="52.736512" lon="-1.324267"><ele>202.7</ele><time>2014-04-19T09:20:25.000Z</time></trkpt>
      <trkpt lat="52.736536" lon="-1.324321"><ele>202.5</ele><time>2014-04-19T09:20:28.000Z</time></trkpt>
      <trkpt lat="52.736554" lon="-1.324367"><ele>202.4</ele><time>2014-04-19T09:20:31.000Z</time></trkpt>
      <trkpt lat="52.736568" lon="-1.324421"><ele>202.3</ele><time>2014-04-19T09:20:34.000Z</time></trkpt>
      <trkpt lat="52.736579" lon="-1.324505"><ele>202.2</ele><time>2014-04-19T09:20:39.000Z</time></trkpt>
      <trkpt lat="52.736601" lon="-1.324579"><ele>202.0</ele><time>2014-04-19T09:20:42.000Z</time></trkpt>
      <trkpt lat="52.736615" lon="-1.324627"><ele>202.0</ele><time>2014-04-19T09:20:44.000Z</time></trkpt>
      <trkpt lat="52.736620" lon="-1.324685"><ele>202.1</ele><time>2014-04-19T09:20:47.000Z</time></trkpt>
      <trkpt lat="52.736618" lon="-1.324795"><ele>202.3</ele><time>2014-04-19T09:20:53.000Z</time></trkpt>
      <trkpt lat="52.736624" lon="-1.324848"><ele>202.4</ele><time>2014-04-19T09:20:56.000Z</time></trkpt>
      <trkpt lat="52.736633" lon="-1.324900"><ele>202.4</ele><time>2014-04-19T09:20:59.000Z</time></trkpt>
      <trkpt lat="52.736655" lon="-1.324971"><ele>202.3</ele><time>2014-04-19T09:21:04.000Z</time></trkpt>
      <trkpt lat="52.736636" lon="-1.325006"><ele>202.5</ele><time>2014-04-19T09:21:08.000Z</time></trkpt>
      <trkpt lat="52.736603" lon="-1.325054"><ele>202.9</ele><time>2014-04-19T09:21:15.000Z</time></trkpt>
      <trkpt lat="52.736576" lon="-1.325087"><ele>203.2</ele><time>2014-04-19T09:21:18.000Z</time></trkpt>
      <trkpt lat="52.736550" lon="-1.325125"><ele>203.5</ele><time>2014-04-19T09:21:21.000Z</time></trkpt>
      <trkpt lat="52.736522" lon="-1.325155"><ele>203.9</ele><time>2014-04-19T09:21:24.000Z</time></trkpt>
      <trkpt lat="52.736496" lon="-1.325181"><ele>204.2</ele><time>2014-04-19T09:21:27.000Z</time></trkpt>
      <trkpt lat="52.736467" lon="-1.325210"><ele>204.5</ele><time>2014-04-19T09:21:30.000Z</time></trkpt>
      <trkpt lat="52.736441" lon="-1.325233"><ele>204.8</ele><time>2014-04-19T09:21:32.000Z</time></trkpt>
      <trkpt lat="52.736414" lon="-1.325257"><ele>205.1</ele><time>2014-04-19T09:21:34.000Z</time></trkpt>
      <trkpt lat="52.736390" lon="-1.325281"><ele>205.4</ele><time>2014-04-19T09:21:36.000Z</time></trkpt>
      <trkpt lat="52.736360" lon="-1.325306"><ele>205.7</ele><time>2014-04-19T09:21:39.000Z</time></trkpt>
      <trkpt lat="52.736326" lon="-1.325326"><ele>206.1</ele><time>2014-04-19T09:21:42.000Z</time></trkpt>
      <trkpt lat="52.736288" lon="-1.325343"><ele>206.5</ele><time>2014-04-19T09:21:45.000Z</time></trkpt>
      <trkpt lat="52.736262" lon="-1.325369"><ele>206.8</ele><time>2014-04-19T09:21:48.000Z</time></trkpt>
      <trkpt lat="52.736242" lon="-1.325407"><ele>207.0</ele><time>2014-04-19T09:21:51.000Z</time></trkpt>
      <trkpt lat="52.736213" lon="-1.325432"><ele>207.3</ele><time>2014-04-19T09:21:54.000Z</time></trkpt>
      <trkpt lat="52.736191" lon="-1.325466"><ele>207.5</ele><time>2014-04-19T09:21:58.000Z</time></trkpt>
      <trkpt lat="52.736164" lon="-1.325492"><ele>207.7</ele><time>2014-04-19T09:22:01.000Z</time></trkpt>
      <trkpt lat="52.736130" lon="-1.325508"><ele>207.9</ele><time>2014-04-19T09:22:04.000Z</time></trkpt>
      <trkpt lat="52.736100" lon="-1.325512"><ele>208.1</ele><time>2014-04-19T09:22:07.000Z</time></trkpt>
      <trkpt lat="52.736070" lon="-1.325555"><ele>208.4</ele><time>2014-04-19T09:22:13.000Z</time></trkpt>
      <trkpt lat="52.736048" lon="-1.325590"><ele>208.6</ele><time>2014-04-19T09:22:17.000Z</time></trkpt>
      <trkpt lat="52.736037" lon="-1.325632"><ele>208.8</ele><time>2014-04-19T09:22:20.000Z</time></trkpt>
      <trkpt lat="52.736014" lon="-1.325673"><ele>209.0</ele><time>2014-04-19T09:22:23.000Z</time></trkpt>
      <trkpt lat="52.736006" lon="-1.325723"><ele>209.2</ele><time>2014-04-19T09:22:26.000Z</time></trkpt>
      <trkpt lat="52.735992" lon="-1.325767"><ele>209.4</ele><time>2014-04-19T09:22:29.000Z</time></trkpt>
      <trkpt lat="52.735958" lon="-1.325802"><ele>209.7</ele><time>2014-04-19T09:22:32.000Z</time></trkpt>
      <trkpt lat="52.735928" lon="-1.325831"><ele>209.9</ele><time>2014-04-19T09:22:35.000Z</time></trkpt>
      <trkpt lat="52.735899" lon="-1.325854"><ele>210.2</ele><time>2014-04-19T09:22:38.000Z</time></trkpt>
      <trkpt lat="52.735876" lon="-1.325880"><ele>210.4</ele><time>2014-04-19T09:22:41.000Z</time></trkpt>
      <trkpt lat="52.735859" lon="-1.325922"><ele>210.6</ele><time>2014-04-19T09:22:46.000Z</time></trkpt>
      <trkpt lat="52.735873" lon="-1.325974"><ele>210.6</ele><time>2014-04-19T09:22:49.000Z</time></trkpt>
      <trkpt lat="52.735879" lon="-1.326021"><ele>210.7</ele><time>2014-04-19T09:22:53.000Z</time></trkpt>
      <trkpt lat="52.735876" lon="-1.326075"><ele>210.8</ele><time>2014-04-19T09:22:57.000Z</time></trkpt>
      <trkpt lat="52.735869" lon="-1.326137"><ele>211.0</ele><time>2014-04-19T09:23:00.000Z</time></trkpt>
      <trkpt lat="52.735854" lon="-1.326239"><ele>211.3</ele><time>2014-04-19T09:23:10.000Z</time></trkpt>
      <trkpt lat="52.735865" lon="-1.326287"><ele>211.2</ele><time>2014-04-19T09:23:14.000Z</time></trkpt>
      <trkpt lat="52.735875" lon="-1.326346"><ele>210.9</ele><time>2014-04-19T09:23:17.000Z</time></trkpt>
      <trkpt lat="52.735884" lon="-1.326401"><ele>210.6</ele><time>2014-04-19T09:23:20.000Z</time></trkpt>
      <trkpt lat="52.735903" lon="-1.326459"><ele>210.3</ele><time>2014-04-19T09:23:23.000Z</time></trkpt>
      <trkpt lat="52.735917" lon="-1.326502"><ele>210.0</ele><time>2014-04-19T09:23:25.000Z</time></trkpt>
      <trkpt lat="52.735931" lon="-1.326543"><ele>209.8</ele><time>2014-04-19T09:23:27.000Z</time></trkpt>
      <trkpt lat="52.735947" lon="-1.326581"><ele>209.6</ele><time>2014-04-19T09:23:29.000Z</time></trkpt>
      <trkpt lat="52.735965" lon="-1.326624"><ele>209.4</ele><time>2014-04-19T09:23:31.000Z</time></trkpt>
      <trkpt lat="52.735978" lon="-1.326673"><ele>209.1</ele><time>2014-04-19T09:23:33.000Z</time></trkpt>
      <trkpt lat="52.735991" lon="-1.326719"><ele>208.9</ele><time>2014-04-19T09:23:35.000Z</time></trkpt>
      <trkpt lat="52.736003" lon="-1.326766"><ele>208.7</ele><time>2014-04-19T09:23:37.000Z</time></trkpt>
      <trkpt lat="52.736008" lon="-1.326827"><ele>208.5</ele><time>2014-04-19T09:23:40.000Z</time></trkpt>
      <trkpt lat="52.736020" lon="-1.326872"><ele>208.3</ele><time>2014-04-19T09:23:42.000Z</time></trkpt>
      <trkpt lat="52.736031" lon="-1.326931"><ele>208.0</ele><time>2014-04-19T09:23:45.000Z</time></trkpt>
      <trkpt lat="52.736043" lon="-1.326987"><ele>207.8</ele><time>2014-04-19T09:23:48.000Z</time></trkpt>
      <trkpt lat="52.736051" lon="-1.327032"><ele>207.6</ele><time>2014-04-19T09:23:51.000Z</time></trkpt>
      <trkpt lat="52.736061" lon="-1.327078"><ele>207.5</ele><time>2014-04-19T09:23:54.000Z</time></trkpt>
      <trkpt lat="52.736081" lon="-1.327126"><ele>207.3</ele><time>2014-04-19T09:23:57.000Z</time></trkpt>
      <trkpt lat="52.736108" lon="-1.327173"><ele>207.1</ele><time>2014-04-19T09:24:00.000Z</time></trkpt>
      <trkpt lat="52.736126" lon="-1.327215"><ele>206.9</ele><time>2014-04-19T09:24:02.000Z</time></trkpt>
      <trkpt lat="52.736141" lon="-1.327256"><ele>206.8</ele><time>2014-04-19T09:24:04.000Z</time></trkpt>
      <trkpt lat="52.736159" lon="-1.327298"><ele>206.6</ele><time>2014-04-19T09:24:06.000Z</time></trkpt>
      <trkpt lat="52.736172" lon="-1.327341"><ele>206.5</ele><time>2014-04-19T09:24:08.000Z</time></trkpt>
      <trkpt lat="52.736191" lon="-1.327393"><ele>206.3</ele><time>2014-04-19T09:24:11.000Z</time></trkpt>
      <trkpt lat="52.736207" lon="-1.327436"><ele>206.2</ele><time>2014-04-19T09:24:13.000Z</time></trkpt>
      <trkpt lat="52.736225" lon="-1.327476"><ele>206.1</ele><time>2014-04-19T09:24:15.000Z</time></trkpt>
      <trkpt lat="52.736241" lon="-1.327518"><ele>206.0</ele><time>2014-04-19T09:24:17.000Z</time></trkpt>
      <trkpt lat="52.736255" lon="-1.327558"><ele>205.9</ele><time>2014-04-19T09:24:19.000Z</time></trkpt>
      <trkpt lat="52.736274" lon="-1.327605"><ele>205.7</ele><time>2014-04-19T09:24:22.000Z</time></trkpt>
      <trkpt lat="52.736289" lon="-1.327653"><ele>205.6</ele><time>2014-04-19T09:24:25.000Z</time></trkpt>
      <trkpt lat="52.736302" lon="-1.327692"><ele>205.6</ele><time>2014-04-19T09:24:27.000Z</time></trkpt>
      <trkpt lat="52.736311" lon="-1.327757"><ele>205.4</ele><time>2014-04-19T09:24:30.000Z</time></trkpt>
      <trkpt lat="52.736320" lon="-1.327819"><ele>205.3</ele><time>2014-04-19T09:24:33.000Z</time></trkpt>
      <trkpt lat="52.736325" lon="-1.327871"><ele>205.3</ele><time>2014-04-19T09:24:36.000Z</time></trkpt>
      <trkpt lat="52.736330" lon="-1.327918"><ele>205.2</ele><time>2014-04-19T09:24:39.000Z</time></trkpt>
      <trkpt lat="52.736339" lon="-1.327966"><ele>205.1</ele><time>2014-04-19T09:24:43.000Z</time></trkpt>
      <trkpt lat="52.736362" lon="-1.328014"><ele>205.1</ele><time>2014-04-19T09:24:46.000Z</time></trkpt>
      <trkpt lat="52.736379" lon="-1.328064"><ele>205.0</ele><time>2014-04-19T09:24:49.000Z</time></trkpt>
      <trkpt lat="52.736399" lon="-1.328098"><ele>205.0</ele><time>2014-04-19T09:24:51.000Z</time></trkpt>
      <trkpt lat="52.736422" lon="-1.328170"><ele>204.9</ele><time>2014-04-19T09:24:55.000Z</time></trkpt>
      <trkpt lat="52.736425" lon="-1.328214"><ele>204.8</ele><time>2014-04-19T09:24:57.000Z</time></trkpt>
      <trkpt lat="52.736449" lon="-1.328273"><ele>204.7</ele><time>2014-04-19T09:25:00.000Z</time></trkpt>
      <trkpt lat="52.736474" lon="-1.328313"><ele>204.7</ele><time>2014-04-19T09:25:02.000Z</time></trkpt>
      <trkpt lat="52.736502" lon="-1.328363"><ele>204.7</ele><time>2014-04-19T09:25:04.000Z</time></trkpt>
      <trkpt lat="52.736522" lon="-1.328411"><ele>204.7</ele><time>2014-04-19T09:25:06.000Z</time></trkpt>
      <trkpt lat="52.736536" lon="-1.328455"><ele>204.6</ele><time>2014-04-19T09:25:08.000Z</time></trkpt>
      <trkpt lat="52.736549" lon="-1.328499"><ele>204.6</ele><time>2014-04-19T09:25:10.000Z</time></trkpt>
      <trkpt lat="52.736560" lon="-1.328545"><ele>204.5</ele><time>2014-04-19T09:25:12.000Z</time></trkpt>
      <trkpt lat="52.736572" lon="-1.328586"><ele>204.5</ele><time>2014-04-19T09:25:14.000Z</time></trkpt>
      <trkpt lat="52.736622" lon="-1.328680"><ele>204.5</ele><time>2014-04-19T09:25:22.000Z</time></trkpt>
      <trkpt lat="52.736642" lon="-1.328718"><ele>204.5</ele><time>2014-04-19T09:25:25.000Z</time></trkpt>
      <trkpt lat="52.736648" lon="-1.328771"><ele>204.4</ele><time>2014-04-19T09:25:28.000Z</time></trkpt>
      <trkpt lat="52.736644" lon="-1.328831"><ele>204.3</ele><time>2014-04-19T09:25:31.000Z</time></trkpt>
      <trkpt lat="52.736649" lon="-1.328882"><ele>204.2</ele><time>2014-04-19T09:25:33.000Z</time></trkpt>
      <trkpt lat="52.736659" lon="-1.328926"><ele>204.2</ele><time>2014-04-19T09:25:35.000Z</time></trkpt>
      <trkpt lat="52.736678" lon="-1.328967"><ele>204.2</ele><time>2014-04-19T09:25:37.000Z</time></trkpt>
      <trkpt lat="52.736703" lon="-1.329017"><ele>204.2</ele><time>2014-04-19T09:25:40.000Z</time></trkpt>
      <trkpt lat="52.736721" lon="-1.329066"><ele>204.2</ele><time>2014-04-19T09:25:42.000Z</time></trkpt>
      <trkpt lat="52.736737" lon="-1.329115"><ele>204.1</ele><time>2014-04-19T09:25:44.000Z</time></trkpt>
      <trkpt lat="52.736755" lon="-1.329157"><ele>204.1</ele><time>2014-04-19T09:25:46.000Z</time></trkpt>
      <trkpt lat="52.736766" lon="-1.329219"><ele>204.1</ele><time>2014-04-19T09:25:49.000Z</time></trkpt>
      <trkpt lat="52.736770" lon="-1.329268"><ele>204.0</ele><time>2014-04-19T09:25:51.000Z</time></trkpt>
      <trkpt lat="52.736779" lon="-1.329313"><ele>204.0</ele><time>2014-04-19T09:25:53.000Z</time></trkpt>
      <trkpt lat="52.736794" lon="-1.329351"><ele>204.0</ele><time>2014-04-19T09:25:55.000Z</time></trkpt>
      <trkpt lat="52.736811" lon="-1.329409"><ele>204.0</ele><time>2014-04-19T09:25:58.000Z</time></trkpt>
      <trkpt lat="52.736829" lon="-1.329470"><ele>204.0</ele><time>2014-04-19T09:26:01.000Z</time></trkpt>
      <trkpt lat="52.736837" lon="-1.329521"><ele>203.9</ele><time>2014-04-19T09:26:03.000Z</time></trkpt>
      <trkpt lat="52.736839" lon="-1.329570"><ele>203.8</ele><time>2014-04-19T09:26:05.000Z</time></trkpt>
      <trkpt lat="52.736839" lon="-1.329628"><ele>203.6</ele><time>2014-04-19T09:26:08.000Z</time></trkpt>
      <trkpt lat="52.736852" lon="-1.329695"><ele>203.2</ele><time>2014-04-19T09:26:11.000Z</time></trkpt>
      <trkpt lat="52.736866" lon="-1.329741"><ele>203.0</ele><time>2014-04-19T09:26:13.000Z</time></trkpt>
      <trkpt lat="52.736882" lon="-1.329783"><ele>202.8</ele><time>2014-04-19T09:26:15.000Z</time></trkpt>
      <trkpt lat="52.736898" lon="-1.329824"><ele>202.7</ele><time>2014-04-19T09:26:17.000Z</time></trkpt>
      <trkpt lat="52.736913" lon="-1.329871"><ele>202.5</ele><time>2014-04-19T09:26:19.000Z</time></trkpt>
      <trkpt lat="52.736930" lon="-1.329914"><ele>202.3</ele><time>2014-04-19T09:26:21.000Z</time></trkpt>
      <trkpt lat="52.736945" lon="-1.329972"><ele>202.0</ele><time>2014-04-19T09:26:24.000Z</time></trkpt>
      <trkpt lat="52.736947" lon="-1.330020"><ele>201.7</ele><time>2014-04-19T09:26:26.000Z</time></trkpt>
      <trkpt lat="52.736954" lon="-1.330065"><ele>201.5</ele><time>2014-04-19T09:26:28.000Z</time></trkpt>
      <trkpt lat="52.736959" lon="-1.330125"><ele>201.2</ele><time>2014-04-19T09:26:31.000Z</time></trkpt>
      <trkpt lat="52.736959" lon="-1.330170"><ele>200.9</ele><time>2014-04-19T09:26:33.000Z</time></trkpt>
      <trkpt lat="52.736963" lon="-1.330218"><ele>200.6</ele><time>2014-04-19T09:26:35.000Z</time></trkpt>
      <trkpt lat="52.736972" lon="-1.330279"><ele>200.3</ele><time>2014-04-19T09:26:38.000Z</time></trkpt>
      <trkpt lat="52.736982" lon="-1.330333"><ele>200.0</ele><time>2014-04-19T09:26:41.000Z</time></trkpt>
      <trkpt lat="52.736987" lon="-1.330384"><ele>199.7</ele><time>2014-04-19T09:26:44.000Z</time></trkpt>
      <trkpt lat="52.737010" lon="-1.330431"><ele>199.6</ele><time>2014-04-19T09:26:48.000Z</time></trkpt>
      <trkpt lat="52.737034" lon="-1.330480"><ele>199.4</ele><time>2014-04-19T09:26:51.000Z</time></trkpt>
      <trkpt lat="52.737049" lon="-1.330527"><ele>199.2</ele><time>2014-04-19T09:26:54.000Z</time></trkpt>
      <trkpt lat="52.737065" lon="-1.330581"><ele>198.9</ele><time>2014-04-19T09:26:58.000Z</time></trkpt>
      <trkpt lat="52.737083" lon="-1.330619"><ele>198.8</ele><time>2014-04-19T09:27:01.000Z</time></trkpt>
      <trkpt lat="52.737108" lon="-1.330658"><ele>198.6</ele><time>2014-04-19T09:27:04.000Z</time></trkpt>
      <trkpt lat="52.737140" lon="-1.330690"><ele>198.4</ele><time>2014-04-19T09:27:07.000Z</time></trkpt>
      <trkpt lat="52.737166" lon="-1.330718"><ele>198.2</ele><time>2014-04-19T09:27:10.000Z</time></trkpt>
      <trkpt lat="52.737216" lon="-1.330745"><ele>198.1</ele><time>2014-04-19T09:27:19.000Z</time></trkpt>
      <trkpt lat="52.737262" lon="-1.330854"><ele>197.5</ele><time>2014-04-19T09:27:28.000Z</time></trkpt>
      <trkpt lat="52.737289" lon="-1.330905"><ele>197.2</ele><time>2014-04-19T09:27:31.000Z</time></trkpt>
      <trkpt lat="52.737312" lon="-1.330942"><ele>197.0</ele><time>2014-04-19T09:27:34.000Z</time></trkpt>
      <trkpt lat="52.737340" lon="-1.330969"><ele>196.9</ele><time>2014-04-19T09:27:37.000Z</time></trkpt>
      <trkpt lat="52.737373" lon="-1.330996"><ele>196.8</ele><time>2014-04-19T09:27:40.000Z</time></trkpt>
      <trkpt lat="52.737398" lon="-1.331029"><ele>196.6</ele><time>2014-04-19T09:27:42.000Z</time></trkpt>
      <trkpt lat="52.737420" lon="-1.331064"><ele>196.4</ele><time>2014-04-19T09:27:44.000Z</time></trkpt>
      <trkpt lat="52.737440" lon="-1.331098"><ele>196.3</ele><time>2014-04-19T09:27:46.000Z</time></trkpt>
      <trkpt lat="52.737457" lon="-1.331136"><ele>196.1</ele><time>2014-04-19T09:27:48.000Z</time></trkpt>
      <trkpt lat="52.737477" lon="-1.331179"><ele>195.9</ele><time>2014-04-19T09:27:50.000Z</time></trkpt>
      <trkpt lat="52.737498" lon="-1.331228"><ele>195.6</ele><time>2014-04-19T09:27:52.000Z</time></trkpt>
      <trkpt lat="52.737515" lon="-1.331268"><ele>195.5</ele><time>2014-04-19T09:27:54.000Z</time></trkpt>
      <trkpt lat="52.737538" lon="-1.331319"><ele>195.5</ele><time>2014-04-19T09:27:57.000Z</time></trkpt>
      <trkpt lat="52.737566" lon="-1.331366"><ele>195.5</ele><time>2014-04-19T09:28:00.000Z</time></trkpt>
      <trkpt lat="52.737596" lon="-1.331407"><ele>195.4</ele><time>2014-04-19T09:28:03.000Z</time></trkpt>
      <trkpt lat="52.737627" lon="-1.331443"><ele>195.4</ele><time>2014-04-19T09:28:12.000Z</time></trkpt>
      <trkpt lat="52.737664" lon="-1.331452"><ele>195.3</ele><time>2014-04-19T09:28:15.000Z</time></trkpt>
      <trkpt lat="52.737697" lon="-1.331470"><ele>195.2</ele><time>2014-04-19T09:28:18.000Z</time></trkpt>
      <trkpt lat="52.737729" lon="-1.331488"><ele>195.1</ele><time>2014-04-19T09:28:21.000Z</time></trkpt>
      <trkpt lat="52.737757" lon="-1.331521"><ele>195.0</ele><time>2014-04-19T09:28:24.000Z</time></trkpt>
      <trkpt lat="52.737793" lon="-1.331555"><ele>194.8</ele><time>2014-04-19T09:28:27.000Z</time></trkpt>
      <trkpt lat="52.737820" lon="-1.331578"><ele>194.7</ele><time>2014-04-19T09:28:29.000Z</time></trkpt>
      <trkpt lat="52.737850" lon="-1.331602"><ele>194.5</ele><time>2014-04-19T09:28:31.000Z</time></trkpt>
      <trkpt lat="52.737880" lon="-1.331624"><ele>194.3</ele><time>2014-04-19T09:28:33.000Z</time></trkpt>
      <trkpt lat="52.737920" lon="-1.331650"><ele>194.0</ele><time>2014-04-19T09:28:36.000Z</time></trkpt>
      <trkpt lat="52.737951" lon="-1.331671"><ele>193.5</ele><time>2014-04-19T09:28:38.000Z</time></trkpt>
      <trkpt lat="52.737983" lon="-1.331688"><ele>192.9</ele><time>2014-04-19T09:28:40.000Z</time></trkpt>
      <trkpt lat="52.738012" lon="-1.331699"><ele>192.4</ele><time>2014-04-19T09:28:42.000Z</time></trkpt>
      <trkpt lat="52.738039" lon="-1.331711"><ele>191.9</ele><time>2014-04-19T09:28:44.000Z</time></trkpt>
      <trkpt lat="52.738073" lon="-1.331717"><ele>191.3</ele><time>2014-04-19T09:28:47.000Z</time></trkpt>
      <trkpt lat="52.738110" lon="-1.331729"><ele>190.6</ele><time>2014-04-19T09:28:50.000Z</time></trkpt>
      <trkpt lat="52.738138" lon="-1.331747"><ele>190.0</ele><time>2014-04-19T09:28:52.000Z</time></trkpt>
      <trkpt lat="52.738171" lon="-1.331772"><ele>189.3</ele><time>2014-04-19T09:28:55.000Z</time></trkpt>
      <trkpt lat="52.738199" lon="-1.331794"><ele>188.6</ele><time>2014-04-19T09:28:57.000Z</time></trkpt>
      <trkpt lat="52.738226" lon="-1.331817"><ele>187.9</ele><time>2014-04-19T09:28:59.000Z</time></trkpt>
      <trkpt lat="52.738263" lon="-1.331844"><ele>187.0</ele><time>2014-04-19T09:29:02.000Z</time></trkpt>
      <trkpt lat="52.738292" lon="-1.331863"><ele>186.3</ele><time>2014-04-19T09:29:04.000Z</time></trkpt>
      <trkpt lat="52.738324" lon="-1.331883"><ele>185.5</ele><time>2014-04-19T09:29:06.000Z</time></trkpt>
      <trkpt lat="52.738358" lon="-1.331900"><ele>184.6</ele><time>2014-04-19T09:29:08.000Z</time></trkpt>
      <trkpt lat="52.738388" lon="-1.331916"><ele>183.9</ele><time>2014-04-19T09:29:10.000Z</time></trkpt>
      <trkpt lat="52.738424" lon="-1.331945"><ele>182.8</ele><time>2014-04-19T09:29:13.000Z</time></trkpt>
      <trkpt lat="52.738458" lon="-1.331973"><ele>181.8</ele><time>2014-04-19T09:29:16.000Z</time></trkpt>
      <trkpt lat="52.738489" lon="-1.331990"><ele>180.9</ele><time>2014-04-19T09:29:19.000Z</time></trkpt>
      <trkpt lat="52.738541" lon="-1.331998"><ele>179.8</ele><time>2014-04-19T09:29:25.000Z</time></trkpt>
      <trkpt lat="52.738565" lon="-1.332028"><ele>178.8</ele><time>2014-04-19T09:29:27.000Z</time></trkpt>
      <trkpt lat="52.738590" lon="-1.332073"><ele>177.6</ele><time>2014-04-19T09:29:30.000Z</time></trkpt>
      <trkpt lat="52.738612" lon="-1.332099"><ele>176.8</ele><time>2014-04-19T09:29:32.000Z</time></trkpt>
      <trkpt lat="52.738641" lon="-1.332134"><ele>175.6</ele><time>2014-04-19T09:29:35.000Z</time></trkpt>
      <trkpt lat="52.738665" lon="-1.332167"><ele>174.5</ele><time>2014-04-19T09:29:37.000Z</time></trkpt>
      <trkpt lat="52.738690" lon="-1.332197"><ele>173.5</ele><time>2014-04-19T09:29:39.000Z</time></trkpt>
      <trkpt lat="52.738715" lon="-1.332227"><ele>172.4</ele><time>2014-04-19T09:29:42.000Z</time></trkpt>
      <trkpt lat="52.738753" lon="-1.332283"><ele>170.7</ele><time>2014-04-19T09:29:47.000Z</time></trkpt>
      <trkpt lat="52.738778" lon="-1.332327"><ele>170.1</ele><time>2014-04-19T09:29:50.000Z</time></trkpt>
      <trkpt lat="52.738810" lon="-1.332350"><ele>170.0</ele><time>2014-04-19T09:29:53.000Z</time></trkpt>
      <trkpt lat="52.738842" lon="-1.332373"><ele>169.9</ele><time>2014-04-19T09:29:56.000Z</time></trkpt>
      <trkpt lat="52.738871" lon="-1.332396"><ele>169.8</ele><time>2014-04-19T09:30:01.000Z</time></trkpt>
      <trkpt lat="52.738913" lon="-1.332434"><ele>169.5</ele><time>2014-04-19T09:30:17.000Z</time></trkpt>
      <trkpt lat="52.738941" lon="-1.332426"><ele>169.9</ele><time>2014-04-19T09:30:20.000Z</time></trkpt>
      <trkpt lat="52.738974" lon="-1.332420"><ele>170.3</ele><time>2014-04-19T09:30:23.000Z</time></trkpt>
      <trkpt lat="52.739002" lon="-1.332421"><ele>170.5</ele><time>2014-04-19T09:30:25.000Z</time></trkpt>
      <trkpt lat="52.739030" lon="-1.332435"><ele>170.6</ele><time>2014-04-19T09:30:27.000Z</time></trkpt>
      <trkpt lat="52.739063" lon="-1.332466"><ele>170.5</ele><time>2014-04-19T09:30:29.000Z</time></trkpt>
      <trkpt lat="52.739091" lon="-1.332504"><ele>170.2</ele><time>2014-04-19T09:30:31.000Z</time></trkpt>
      <trkpt lat="52.739116" lon="-1.332549"><ele>169.9</ele><time>2014-04-19T09:30:33.000Z</time></trkpt>
      <trkpt lat="52.739136" lon="-1.332599"><ele>169.5</ele><time>2014-04-19T09:30:35.000Z</time></trkpt>
      <trkpt lat="52.739155" lon="-1.332650"><ele>169.1</ele><time>2014-04-19T09:30:37.000Z</time></trkpt>
      <trkpt lat="52.739549" lon="-1.333232"><ele>165.5</ele><time>2014-04-19T09:30:40.000Z</time></trkpt>
      <trkpt lat="52.739586" lon="-1.333319"><ele>164.4</ele><time>2014-04-19T09:30:41.000Z</time></trkpt>
      <trkpt lat="52.739627" lon="-1.333358"><ele>165.0</ele><time>2014-04-19T09:30:42.000Z</time></trkpt>
      <trkpt lat="52.739651" lon="-1.333383"><ele>165.3</ele><time>2014-04-19T09:30:43.000Z</time></trkpt>
      <trkpt lat="52.739694" lon="-1.333433"><ele>165.8</ele><time>2014-04-19T09:30:50.000Z</time></trkpt>
      <trkpt lat="52.739725" lon="-1.333503"><ele>165.7</ele><time>2014-04-19T09:31:00.000Z</time></trkpt>
      <trkpt lat="52.739753" lon="-1.333549"><ele>165.8</ele><time>2014-04-19T09:31:06.000Z</time></trkpt>
      <trkpt lat="52.739773" lon="-1.333598"><ele>165.7</ele><time>2014-04-19T09:31:09.000Z</time></trkpt>
      <trkpt lat="52.739806" lon="-1.333627"><ele>166.4</ele><time>2014-04-19T09:31:12.000Z</time></trkpt>
      <trkpt lat="52.739830" lon="-1.333656"><ele>166.7</ele><time>2014-04-19T09:31:16.000Z</time></trkpt>
      <trkpt lat="52.739849" lon="-1.333705"><ele>166.6</ele><time>2014-04-19T09:31:22.000Z</time></trkpt>
      <trkpt lat="52.739866" lon="-1.333753"><ele>166.5</ele><time>2014-04-19T09:31:25.000Z</time></trkpt>
      <trkpt lat="52.739883" lon="-1.333791"><ele>166.5</ele><time>2014-04-19T09:31:28.000Z</time></trkpt>
      <trkpt lat="52.739904" lon="-1.333833"><ele>166.7</ele><time>2014-04-19T09:31:31.000Z</time></trkpt>
      <trkpt lat="52.739918" lon="-1.333881"><ele>166.5</ele><time>2014-04-19T09:31:34.000Z</time></trkpt>
      <trkpt lat="52.739933" lon="-1.333939"><ele>166.2</ele><time>2014-04-19T09:31:38.000Z</time></trkpt>
      <trkpt lat="52.739946" lon="-1.333979"><ele>166.1</ele><time>2014-04-19T09:31:41.000Z</time></trkpt>
      <trkpt lat="52.739976" lon="-1.334036"><ele>166.4</ele><time>2014-04-19T09:31:46.000Z</time></trkpt>
      <trkpt lat="52.740000" lon="-1.334066"><ele>166.9</ele><time>2014-04-19T09:31:48.000Z</time></trkpt>
      <trkpt lat="52.740031" lon="-1.334092"><ele>167.8</ele><time>2014-04-19T09:31:51.000Z</time></trkpt>
      <trkpt lat="52.740077" lon="-1.334166"><ele>168.7</ele><time>2014-04-19T09:31:59.000Z</time></trkpt>
      <trkpt lat="52.740106" lon="-1.334205"><ele>169.3</ele><time>2014-04-19T09:32:02.000Z</time></trkpt>
      <trkpt lat="52.740131" lon="-1.334244"><ele>169.8</ele><time>2014-04-19T09:32:05.000Z</time></trkpt>
      <trkpt lat="52.740142" lon="-1.334288"><ele>169.7</ele><time>2014-04-19T09:32:08.000Z</time></trkpt>
      <trkpt lat="52.740164" lon="-1.334364"><ele>169.6</ele><time>2014-04-19T09:32:13.000Z</time></trkpt>
      <trkpt lat="52.740176" lon="-1.334413"><ele>169.5</ele><time>2014-04-19T09:32:16.000Z</time></trkpt>
      <trkpt lat="52.740188" lon="-1.334525"><ele>168.6</ele><time>2014-04-19T09:32:28.000Z</time></trkpt>
      <trkpt lat="52.740248" lon="-1.334696"><ele>168.1</ele><time>2014-04-19T09:32:31.000Z</time></trkpt>
      <trkpt lat="52.740296" lon="-1.334821"><ele>167.4</ele><time>2014-04-19T09:32:37.000Z</time></trkpt>
      <trkpt lat="52.740344" lon="-1.334947"><ele>166.5</ele><time>2014-04-19T09:32:40.000Z</time></trkpt>
      <trkpt lat="52.740392" lon="-1.335073"><ele>165.4</ele><time>2014-04-19T09:32:44.000Z</time></trkpt>
      <trkpt lat="52.740440" lon="-1.335198"><ele>163.8</ele><time>2014-04-19T09:32:47.000Z</time></trkpt>
      <trkpt lat="52.740488" lon="-1.335324"><ele>162.1</ele><time>2014-04-19T09:32:53.000Z</time></trkpt>
      <trkpt lat="52.740581" lon="-1.335566"><ele>159.3</ele><time>2014-04-19T09:32:56.000Z</time></trkpt>
      <trkpt lat="52.740623" lon="-1.335594"><ele>159.9</ele><time>2014-04-19T09:32:57.000Z</time></trkpt>
      <trkpt lat="52.740678" lon="-1.335646"><ele>160.4</ele><time>2014-04-19T09:32:58.000Z</time></trkpt>
      <trkpt lat="52.740698" lon="-1.335710"><ele>159.7</ele><time>2014-04-19T09:33:06.000Z</time></trkpt>
      <trkpt lat="52.740728" lon="-1.335742"><ele>159.9</ele><time>2014-04-19T09:33:09.000Z</time></trkpt>
      <trkpt lat="52.740752" lon="-1.335779"><ele>159.9</ele><time>2014-04-19T09:33:12.000Z</time></trkpt>
      <trkpt lat="52.740775" lon="-1.335812"><ele>159.9</ele><time>2014-04-19T09:33:15.000Z</time></trkpt>
      <trkpt lat="52.740796" lon="-1.335842"><ele>159.9</ele><time>2014-04-19T09:33:17.000Z</time></trkpt>
      <trkpt lat="52.740833" lon="-1.335856"><ele>160.8</ele><time>2014-04-19T09:33:20.000Z</time></trkpt>
      <trkpt lat="52.740898" lon="-1.335904"><ele>161.9</ele><time>2014-04-19T09:33:29.000Z</time></trkpt>
      <trkpt lat="52.740926" lon="-1.335988"><ele>161.1</ele><time>2014-04-19T09:33:36.000Z</time></trkpt>
      <trkpt lat="52.740948" lon="-1.336022"><ele>161.2</ele><time>2014-04-19T09:33:38.000Z</time></trkpt>
      <trkpt lat="52.740981" lon="-1.336045"><ele>161.8</ele><time>2014-04-19T09:33:41.000Z</time></trkpt>
      <trkpt lat="52.741000" lon="-1.336080"><ele>161.8</ele><time>2014-04-19T09:33:43.000Z</time></trkpt>
      <trkpt lat="52.741017" lon="-1.336123"><ele>161.5</ele><time>2014-04-19T09:33:45.000Z</time></trkpt>
      <trkpt lat="52.741042" lon="-1.336181"><ele>161.3</ele><time>2014-04-19T09:33:47.000Z</time></trkpt>
      <trkpt lat="52.741063" lon="-1.336235"><ele>161.0</ele><time>2014-04-19T09:33:49.000Z</time></trkpt>
      <trkpt lat="52.741081" lon="-1.336275"><ele>161.0</ele><time>2014-04-19T09:33:51.000Z</time></trkpt>
      <trkpt lat="52.741109" lon="-1.336304"><ele>161.5</ele><time>2014-04-19T09:33:55.000Z</time></trkpt>
      <trkpt lat="52.741133" lon="-1.336357"><ele>161.4</ele><time>2014-04-19T09:33:58.000Z</time></trkpt>
      <trkpt lat="52.741155" lon="-1.336390"><ele>161.6</ele><time>2014-04-19T09:34:00.000Z</time></trkpt>
      <trkpt lat="52.741176" lon="-1.336421"><ele>161.8</ele><time>2014-04-19T09:34:02.000Z</time></trkpt>
      <trkpt lat="52.741200" lon="-1.336449"><ele>162.1</ele><time>2014-04-19T09:34:05.000Z</time></trkpt>
      <trkpt lat="52.741231" lon="-1.336476"><ele>162.6</ele><time>2014-04-19T09:34:09.000Z</time></trkpt>
      <trkpt lat="52.741262" lon="-1.336512"><ele>162.9</ele><time>2014-04-19T09:34:12.000Z</time></trkpt>
      <trkpt lat="52.741286" lon="-1.336537"><ele>163.2</ele><time>2014-04-19T09:34:14.000Z</time></trkpt>
      <trkpt lat="52.741313" lon="-1.336574"><ele>163.4</ele><time>2014-04-19T09:34:16.000Z</time></trkpt>
      <trkpt lat="52.741334" lon="-1.336612"><ele>163.4</ele><time>2014-04-19T09:34:18.000Z</time></trkpt>
      <trkpt lat="52.741360" lon="-1.336648"><ele>163.5</ele><time>2014-04-19T09:34:21.000Z</time></trkpt>
      <trkpt lat="52.741398" lon="-1.336673"><ele>164.2</ele><time>2014-04-19T09:34:25.000Z</time></trkpt>
      <trkpt lat="52.741431" lon="-1.336714"><ele>164.5</ele><time>2014-04-19T09:34:28.000Z</time></trkpt>
      <trkpt lat="52.741462" lon="-1.336747"><ele>164.9</ele><time>2014-04-19T09:34:31.000Z</time></trkpt>
      <trkpt lat="52.741485" lon="-1.336770"><ele>165.2</ele><time>2014-04-19T09:34:34.000Z</time></trkpt>
      <trkpt lat="52.741534" lon="-1.336825"><ele>165.8</ele><time>2014-04-19T09:34:48.000Z</time></trkpt>
      <trkpt lat="52.741561" lon="-1.336841"><ele>166.3</ele><time>2014-04-19T09:34:50.000Z</time></trkpt>
      <trkpt lat="52.741589" lon="-1.336856"><ele>166.9</ele><time>2014-04-19T09:34:52.000Z</time></trkpt>
      <trkpt lat="52.741626" lon="-1.336866"><ele>167.8</ele><time>2014-04-19T09:34:55.000Z</time></trkpt>
      <trkpt lat="52.741656" lon="-1.336855"><ele>168.9</ele><time>2014-04-19T09:34:58.000Z</time></trkpt>
      <trkpt lat="52.741687" lon="-1.336874"><ele>169.5</ele><time>2014-04-19T09:35:01.000Z</time></trkpt>
      <trkpt lat="52.741718" lon="-1.336898"><ele>170.0</ele><time>2014-04-19T09:35:04.000Z</time></trkpt>
      <trkpt lat="52.741748" lon="-1.336913"><ele>170.7</ele><time>2014-04-19T09:35:07.000Z</time></trkpt>
      <trkpt lat="52.741776" lon="-1.336936"><ele>171.1</ele><time>2014-04-19T09:35:10.000Z</time></trkpt>
      <trkpt lat="52.741802" lon="-1.336963"><ele>171.5</ele><time>2014-04-19T09:35:12.000Z</time></trkpt>
      <trkpt lat="52.741825" lon="-1.336989"><ele>171.8</ele><time>2014-04-19T09:35:14.000Z</time></trkpt>
      <trkpt lat="52.741847" lon="-1.337029"><ele>171.8</ele><time>2014-04-19T09:35:18.000Z</time></trkpt>
      <trkpt lat="52.741867" lon="-1.337064"><ele>171.8</ele><time>2014-04-19T09:35:21.000Z</time></trkpt>
      <trkpt lat="52.741893" lon="-1.337097"><ele>172.1</ele><time>2014-04-19T09:35:24.000Z</time></trkpt>
      <trkpt lat="52.741920" lon="-1.337136"><ele>172.3</ele><time>2014-04-19T09:35:27.000Z</time></trkpt>
      <trkpt lat="52.741943" lon="-1.337184"><ele>172.3</ele><time>2014-04-19T09:35:30.000Z</time></trkpt>
      <trkpt lat="52.741953" lon="-1.337230"><ele>171.9</ele><time>2014-04-19T09:35:33.000Z</time></trkpt>
      <trkpt lat="52.741983" lon="-1.337267"><ele>172.3</ele><time>2014-04-19T09:35:36.000Z</time></trkpt>
      <trkpt lat="52.742016" lon="-1.337289"><ele>173.0</ele><time>2014-04-19T09:35:39.000Z</time></trkpt>
      <trkpt lat="52.742081" lon="-1.337350"><ele>174.1</ele><time>2014-04-19T09:35:47.000Z</time></trkpt>
      <trkpt lat="52.742111" lon="-1.337386"><ele>174.4</ele><time>2014-04-19T09:35:50.000Z</time></trkpt>
      <trkpt lat="52.742139" lon="-1.337433"><ele>174.5</ele><time>2014-04-19T09:35:53.000Z</time></trkpt>
      <trkpt lat="52.742156" lon="-1.337488"><ele>174.2</ele><time>2014-04-19T09:35:56.000Z</time></trkpt>
      <trkpt lat="52.742164" lon="-1.337544"><ele>173.7</ele><time>2014-04-19T09:35:59.000Z</time></trkpt>
      <trkpt lat="52.742168" lon="-1.337589"><ele>173.2</ele><time>2014-04-19T09:36:02.000Z</time></trkpt>
      <trkpt lat="52.742190" lon="-1.337632"><ele>173.3</ele><time>2014-04-19T09:36:05.000Z</time></trkpt>
      <trkpt lat="52.742536" lon="-1.338111"><ele>182.4</ele><time>2014-04-19T09:36:09.000Z</time></trkpt>
      <trkpt lat="52.742524" lon="-1.338166"><ele>182.2</ele><time>2014-04-19T09:36:11.000Z</time></trkpt>
      <trkpt lat="52.742552" lon="-1.338199"><ele>183.3</ele><time>2014-04-19T09:36:13.000Z</time></trkpt>
      <trkpt lat="52.742582" lon="-1.338232"><ele>184.4</ele><time>2014-04-19T09:36:17.000Z</time></trkpt>
      <trkpt lat="52.742612" lon="-1.338263"><ele>185.5</ele><time>2014-04-19T09:36:19.000Z</time></trkpt>
      <trkpt lat="52.742635" lon="-1.338305"><ele>186.4</ele><time>2014-04-19T09:36:21.000Z</time></trkpt>
      <trkpt lat="52.742646" lon="-1.338352"><ele>187.0</ele><time>2014-04-19T09:36:24.000Z</time></trkpt>
      <trkpt lat="52.742674" lon="-1.338349"><ele>187.9</ele><time>2014-04-19T09:36:30.000Z</time></trkpt>
      <trkpt lat="52.742701" lon="-1.338374"><ele>188.9</ele><time>2014-04-19T09:36:35.000Z</time></trkpt>
      <trkpt lat="52.742699" lon="-1.338418"><ele>188.9</ele><time>2014-04-19T09:36:40.000Z</time></trkpt>
      <trkpt lat="52.742720" lon="-1.338391"><ele>189.6</ele><time>2014-04-19T09:36:47.000Z</time></trkpt>
      <trkpt lat="52.742686" lon="-1.338478"><ele>188.7</ele><time>2014-04-19T09:36:56.000Z</time></trkpt>
      <trkpt lat="52.742687" lon="-1.338535"><ele>188.9</ele><time>2014-04-19T09:36:58.000Z</time></trkpt>
      <trkpt lat="52.742679" lon="-1.338588"><ele>188.8</ele><time>2014-04-19T09:37:00.000Z</time></trkpt>
      <trkpt lat="52.742662" lon="-1.338640"><ele>188.4</ele><time>2014-04-19T09:37:03.000Z</time></trkpt>
      <trkpt lat="52.742643" lon="-1.338696"><ele>188.0</ele><time>2014-04-19T09:37:06.000Z</time></trkpt>
      <trkpt lat="52.742624" lon="-1.338753"><ele>187.5</ele><time>2014-04-19T09:37:09.000Z</time></trkpt>
      <trkpt lat="52.742614" lon="-1.338813"><ele>187.4</ele><time>2014-04-19T09:37:11.000Z</time></trkpt>
      <trkpt lat="52.742603" lon="-1.338864"><ele>187.2</ele><time>2014-04-19T09:37:13.000Z</time></trkpt>
      <trkpt lat="52.742598" lon="-1.338932"><ele>187.3</ele><time>2014-04-19T09:37:16.000Z</time></trkpt>
      <trkpt lat="52.742594" lon="-1.338993"><ele>187.4</ele><time>2014-04-19T09:37:19.000Z</time></trkpt>
      <trkpt lat="52.742595" lon="-1.339050"><ele>187.6</ele><time>2014-04-19T09:37:21.000Z</time></trkpt>
      <trkpt lat="52.742597" lon="-1.339107"><ele>187.8</ele><time>2014-04-19T09:37:23.000Z</time></trkpt>
      <trkpt lat="52.742597" lon="-1.339155"><ele>188.0</ele><time>2014-04-19T09:37:25.000Z</time></trkpt>
      <trkpt lat="52.742598" lon="-1.339207"><ele>188.2</ele><time>2014-04-19T09:37:27.000Z</time></trkpt>
      <trkpt lat="52.742606" lon="-1.339272"><ele>188.7</ele><time>2014-04-19T09:37:29.000Z</time></trkpt>
      <trkpt lat="52.742607" lon="-1.339336"><ele>188.9</ele><time>2014-04-19T09:37:31.000Z</time></trkpt>
      <trkpt lat="52.742597" lon="-1.339391"><ele>188.8</ele><time>2014-04-19T09:37:34.000Z</time></trkpt>
      <trkpt lat="52.742568" lon="-1.339431"><ele>188.0</ele><time>2014-04-19T09:37:37.000Z</time></trkpt>
      <trkpt lat="52.742541" lon="-1.339490"><ele>187.4</ele><time>2014-04-19T09:37:40.000Z</time></trkpt>
      <trkpt lat="52.742518" lon="-1.339543"><ele>186.9</ele><time>2014-04-19T09:37:42.000Z</time></trkpt>
      <trkpt lat="52.742504" lon="-1.339592"><ele>186.7</ele><time>2014-04-19T09:37:44.000Z</time></trkpt>
      <trkpt lat="52.742494" lon="-1.339645"><ele>186.6</ele><time>2014-04-19T09:37:46.000Z</time></trkpt>
      <trkpt lat="52.742488" lon="-1.339702"><ele>186.6</ele><time>2014-04-19T09:37:48.000Z</time></trkpt>
      <trkpt lat="52.742482" lon="-1.339755"><ele>186.7</ele><time>2014-04-19T09:37:50.000Z</time></trkpt>
      <trkpt lat="52.742464" lon="-1.339794"><ele>186.3</ele><time>2014-04-19T09:37:53.000Z</time></trkpt>
      <trkpt lat="52.742445" lon="-1.339826"><ele>185.9</ele><time>2014-04-19T09:37:56.000Z</time></trkpt>
      <trkpt lat="52.742427" lon="-1.339879"><ele>185.6</ele><time>2014-04-19T09:37:59.000Z</time></trkpt>
      <trkpt lat="52.742416" lon="-1.339927"><ele>185.5</ele><time>2014-04-19T09:38:03.000Z</time></trkpt>
      <trkpt lat="52.742408" lon="-1.339984"><ele>185.5</ele><time>2014-04-19T09:38:06.000Z</time></trkpt>
      <trkpt lat="52.742399" lon="-1.340059"><ele>185.5</ele><time>2014-04-19T09:38:11.000Z</time></trkpt>
      <trkpt lat="52.742378" lon="-1.340114"><ele>185.2</ele><time>2014-04-19T09:38:14.000Z</time></trkpt>
      <trkpt lat="52.742364" lon="-1.340163"><ele>185.0</ele><time>2014-04-19T09:38:17.000Z</time></trkpt>
      <trkpt lat="52.742361" lon="-1.340251"><ele>185.3</ele><time>2014-04-19T09:38:23.000Z</time></trkpt>
      <trkpt lat="52.742351" lon="-1.340297"><ele>185.2</ele><time>2014-04-19T09:38:25.000Z</time></trkpt>
      <trkpt lat="52.742339" lon="-1.340356"><ele>185.1</ele><time>2014-04-19T09:38:28.000Z</time></trkpt>
      <trkpt lat="52.742341" lon="-1.340435"><ele>185.5</ele><time>2014-04-19T09:38:33.000Z</time></trkpt>
      <trkpt lat="52.742337" lon="-1.340481"><ele>185.6</ele><time>2014-04-19T09:38:35.000Z</time></trkpt>
      <trkpt lat="52.742342" lon="-1.340539"><ele>185.9</ele><time>2014-04-19T09:38:38.000Z</time></trkpt>
      <trkpt lat="52.742325" lon="-1.340601"><ele>185.7</ele><time>2014-04-19T09:38:41.000Z</time></trkpt>
      <trkpt lat="52.742316" lon="-1.340659"><ele>185.7</ele><time>2014-04-19T09:38:43.000Z</time></trkpt>
      <trkpt lat="52.742313" lon="-1.340718"><ele>185.9</ele><time>2014-04-19T09:38:45.000Z</time></trkpt>
      <trkpt lat="52.742310" lon="-1.340782"><ele>186.0</ele><time>2014-04-19T09:38:47.000Z</time></trkpt>
      <trkpt lat="52.742300" lon="-1.340841"><ele>186.0</ele><time>2014-04-19T09:38:49.000Z</time></trkpt>
      <trkpt lat="52.742289" lon="-1.340894"><ele>185.9</ele><time>2014-04-19T09:38:51.000Z</time></trkpt>
      <trkpt lat="52.742280" lon="-1.340950"><ele>185.9</ele><time>2014-04-19T09:38:54.000Z</time></trkpt>
      <trkpt lat="52.742277" lon="-1.341069"><ele>186.3</ele><time>2014-04-19T09:39:01.000Z</time></trkpt>
      <trkpt lat="52.742268" lon="-1.341120"><ele>186.3</ele><time>2014-04-19T09:39:05.000Z</time></trkpt>
      <trkpt lat="52.742252" lon="-1.341783"><ele>187.6</ele><time>2014-04-19T09:39:09.000Z</time></trkpt>
      <trkpt lat="52.742233" lon="-1.341872"><ele>187.5</ele><time>2014-04-19T09:39:15.000Z</time></trkpt>
      <trkpt lat="52.742250" lon="-1.341909"><ele>187.8</ele><time>2014-04-19T09:39:18.000Z</time></trkpt>
      <trkpt lat="52.742242" lon="-1.341963"><ele>187.8</ele><time>2014-04-19T09:39:21.000Z</time></trkpt>
      <trkpt lat="52.742237" lon="-1.342016"><ele>187.9</ele><time>2014-04-19T09:39:25.000Z</time></trkpt>
      <trkpt lat="52.742234" lon="-1.342068"><ele>188.0</ele><time>2014-04-19T09:39:29.000Z</time></trkpt>
      <trkpt lat="52.742221" lon="-1.342124"><ele>187.9</ele><time>2014-04-19T09:39:32.000Z</time></trkpt>
      <trkpt lat="52.742211" lon="-1.342184"><ele>187.9</ele><time>2014-04-19T09:39:35.000Z</time></trkpt>
      <trkpt lat="52.742199" lon="-1.342243"><ele>187.9</ele><time>2014-04-19T09:39:38.000Z</time></trkpt>
      <trkpt lat="52.742198" lon="-1.342300"><ele>188.0</ele><time>2014-04-19T09:39:41.000Z</time></trkpt>
      <trkpt lat="52.742195" lon="-1.342350"><ele>188.0</ele><time>2014-04-19T09:39:44.000Z</time></trkpt>
      <trkpt lat="52.742180" lon="-1.342449"><ele>188.1</ele><time>2014-04-19T09:39:50.000Z</time></trkpt>
      <trkpt lat="52.742184" lon="-1.342517"><ele>188.3</ele><time>2014-04-19T09:39:55.000Z</time></trkpt>
      <trkpt lat="52.742174" lon="-1.342577"><ele>188.4</ele><time>2014-04-19T09:39:58.000Z</time></trkpt>
      <trkpt lat="52.742164" lon="-1.342621"><ele>188.4</ele><time>2014-04-19T09:40:00.000Z</time></trkpt>
      <trkpt lat="52.742159" lon="-1.342677"><ele>188.6</ele><time>2014-04-19T09:40:03.000Z</time></trkpt>
      <trkpt lat="52.742147" lon="-1.342779"><ele>188.8</ele><time>2014-04-19T09:40:12.000Z</time></trkpt>
      <trkpt lat="52.742120" lon="-1.342880"><ele>189.0</ele><time>2014-04-19T09:40:20.000Z</time></trkpt>
      <trkpt lat="52.742120" lon="-1.342931"><ele>189.0</ele><time>2014-04-19T09:40:23.000Z</time></trkpt>
      <trkpt lat="52.742121" lon="-1.342997"><ele>188.7</ele><time>2014-04-19T09:40:26.000Z</time></trkpt>
      <trkpt lat="52.742120" lon="-1.343051"><ele>188.4</ele><time>2014-04-19T09:40:29.000Z</time></trkpt>
      <trkpt lat="52.742108" lon="-1.343103"><ele>188.2</ele><time>2014-04-19T09:40:32.000Z</time></trkpt>
      <trkpt lat="52.742098" lon="-1.343157"><ele>187.9</ele><time>2014-04-19T09:40:35.000Z</time></trkpt>
      <trkpt lat="52.742086" lon="-1.343222"><ele>187.5</ele><time>2014-04-19T09:40:38.000Z</time></trkpt>
      <trkpt lat="52.742074" lon="-1.343263"><ele>187.4</ele><time>2014-04-19T09:40:40.000Z</time></trkpt>
      <trkpt lat="52.742064" lon="-1.343315"><ele>187.2</ele><time>2014-04-19T09:40:42.000Z</time></trkpt>
      <trkpt lat="52.742057" lon="-1.343364"><ele>187.0</ele><time>2014-04-19T09:40:44.000Z</time></trkpt>
      <trkpt lat="52.742060" lon="-1.343416"><ele>186.7</ele><time>2014-04-19T09:40:46.000Z</time></trkpt>
      <trkpt lat="52.742062" lon="-1.343468"><ele>186.5</ele><time>2014-04-19T09:40:48.000Z</time></trkpt>
      <trkpt lat="52.742061" lon="-1.343514"><ele>186.3</ele><time>2014-04-19T09:40:50.000Z</time></trkpt>
      <trkpt lat="52.742061" lon="-1.343564"><ele>186.0</ele><time>2014-04-19T09:40:52.000Z</time></trkpt>
      <trkpt lat="52.742058" lon="-1.343612"><ele>185.8</ele><time>2014-04-19T09:40:54.000Z</time></trkpt>
      <trkpt lat="52.742050" lon="-1.343664"><ele>185.6</ele><time>2014-04-19T09:40:56.000Z</time></trkpt>
      <trkpt lat="52.742039" lon="-1.343718"><ele>185.4</ele><time>2014-04-19T09:40:58.000Z</time></trkpt>
      <trkpt lat="52.742028" lon="-1.343766"><ele>185.3</ele><time>2014-04-19T09:41:00.000Z</time></trkpt>
      <trkpt lat="52.742017" lon="-1.343812"><ele>185.2</ele><time>2014-04-19T09:41:02.000Z</time></trkpt>
      <trkpt lat="52.742009" lon="-1.343857"><ele>185.1</ele><time>2014-04-19T09:41:04.000Z</time></trkpt>
      <trkpt lat="52.741979" lon="-1.343902"><ele>185.1</ele><time>2014-04-19T09:41:07.000Z</time></trkpt>
      <trkpt lat="52.741948" lon="-1.343917"><ele>185.2</ele><time>2014-04-19T09:41:09.000Z</time></trkpt>
      <trkpt lat="52.741912" lon="-1.343935"><ele>185.4</ele><time>2014-04-19T09:41:12.000Z</time></trkpt>
      <trkpt lat="52.741888" lon="-1.344034"><ele>185.1</ele><time>2014-04-19T09:41:23.000Z</time></trkpt>
      <trkpt lat="52.741867" lon="-1.344071"><ele>185.1</ele><time>2014-04-19T09:41:27.000Z</time></trkpt>
      <trkpt lat="52.741839" lon="-1.344067"><ele>185.3</ele><time>2014-04-19T09:41:32.000Z</time></trkpt>
      <trkpt lat="52.741817" lon="-1.344041"><ele>185.6</ele><time>2014-04-19T09:41:37.000Z</time></trkpt>
      <trkpt lat="52.741781" lon="-1.344027"><ele>185.8</ele><time>2014-04-19T09:41:41.000Z</time></trkpt>
      <trkpt lat="52.741742" lon="-1.344014"><ele>186.1</ele><time>2014-04-19T09:41:44.000Z</time></trkpt>
      <trkpt lat="52.741717" lon="-1.343997"><ele>186.3</ele><time>2014-04-19T09:41:46.000Z</time></trkpt>
      <trkpt lat="52.741686" lon="-1.343973"><ele>186.6</ele><time>2014-04-19T09:41:49.000Z</time></trkpt>
      <trkpt lat="52.741655" lon="-1.343957"><ele>186.8</ele><time>2014-04-19T09:41:52.000Z</time></trkpt>
      <trkpt lat="52.741621" lon="-1.343932"><ele>187.1</ele><time>2014-04-19T09:41:55.000Z</time></trkpt>
      <trkpt lat="52.741597" lon="-1.343909"><ele>187.3</ele><time>2014-04-19T09:41:57.000Z</time></trkpt>
      <trkpt lat="52.741574" lon="-1.343886"><ele>187.6</ele><time>2014-04-19T09:41:59.000Z</time></trkpt>
      <trkpt lat="52.741548" lon="-1.343853"><ele>187.8</ele><time>2014-04-19T09:42:01.000Z</time></trkpt>
      <trkpt lat="52.741516" lon="-1.343812"><ele>188.2</ele><time>2014-04-19T09:42:04.000Z</time></trkpt>
      <trkpt lat="52.741489" lon="-1.343788"><ele>188.4</ele><time>2014-04-19T09:42:07.000Z</time></trkpt>
      <trkpt lat="52.741464" lon="-1.343765"><ele>188.7</ele><time>2014-04-19T09:42:10.000Z</time></trkpt>
      <trkpt lat="52.741433" lon="-1.343738"><ele>188.9</ele><time>2014-04-19T09:42:13.000Z</time></trkpt>
      <trkpt lat="52.741409" lon="-1.343698"><ele>189.2</ele><time>2014-04-19T09:42:16.000Z</time></trkpt>
      <trkpt lat="52.741379" lon="-1.343664"><ele>189.6</ele><time>2014-04-19T09:42:19.000Z</time></trkpt>
      <trkpt lat="52.741346" lon="-1.343640"><ele>189.8</ele><time>2014-04-19T09:42:22.000Z</time></trkpt>
      <trkpt lat="52.741315" lon="-1.343611"><ele>190.1</ele><time>2014-04-19T09:42:25.000Z</time></trkpt>
      <trkpt lat="52.741287" lon="-1.343574"><ele>190.4</ele><time>2014-04-19T09:42:28.000Z</time></trkpt>
      <trkpt lat="52.741266" lon="-1.343528"><ele>190.7</ele><time>2014-04-19T09:42:31.000Z</time></trkpt>
      <trkpt lat="52.741251" lon="-1.343483"><ele>191.0</ele><time>2014-04-19T09:42:35.000Z</time></trkpt>
      <trkpt lat="52.741237" lon="-1.343442"><ele>191.2</ele><time>2014-04-19T09:42:40.000Z</time></trkpt>
      <trkpt lat="52.741211" lon="-1.343410"><ele>191.4</ele><time>2014-04-19T09:42:43.000Z</time></trkpt>
      <trkpt lat="52.741184" lon="-1.343373"><ele>191.6</ele><time>2014-04-19T09:42:46.000Z</time></trkpt>
      <trkpt lat="52.741163" lon="-1.343345"><ele>191.8</ele><time>2014-04-19T09:42:49.000Z</time></trkpt>
      <trkpt lat="52.741137" lon="-1.343318"><ele>192.0</ele><time>2014-04-19T09:42:53.000Z</time></trkpt>
      <trkpt lat="52.741101" lon="-1.343304"><ele>192.2</ele><time>2014-04-19T09:42:59.000Z</time></trkpt>
      <trkpt lat="52.741065" lon="-1.343316"><ele>192.2</ele><time>2014-04-19T09:43:03.000Z</time></trkpt>
      <trkpt lat="52.741040" lon="-1.343349"><ele>192.2</ele><time>2014-04-19T09:43:06.000Z</time></trkpt>
      <trkpt lat="52.741015" lon="-1.343367"><ele>192.2</ele><time>2014-04-19T09:43:09.000Z</time></trkpt>
      <trkpt lat="52.740991" lon="-1.343395"><ele>192.2</ele><time>2014-04-19T09:43:13.000Z</time></trkpt>
      <trkpt lat="52.740946" lon="-1.343434"><ele>192.1</ele><time>2014-04-19T09:43:25.000Z</time></trkpt>
      <trkpt lat="52.740890" lon="-1.343436"><ele>192.3</ele><time>2014-04-19T09:43:33.000Z</time></trkpt>
      <trkpt lat="52.740859" lon="-1.343428"><ele>192.5</ele><time>2014-04-19T09:43:35.000Z</time></trkpt>
      <trkpt lat="52.740833" lon="-1.343415"><ele>192.6</ele><time>2014-04-19T09:43:37.000Z</time></trkpt>
      <trkpt lat="52.740806" lon="-1.343405"><ele>192.7</ele><time>2014-04-19T09:43:39.000Z</time></trkpt>
      <trkpt lat="52.740769" lon="-1.343398"><ele>192.9</ele><time>2014-04-19T09:43:42.000Z</time></trkpt>
      <trkpt lat="52.740739" lon="-1.343396"><ele>193.0</ele><time>2014-04-19T09:43:45.000Z</time></trkpt>
      <trkpt lat="52.740707" lon="-1.343393"><ele>193.1</ele><time>2014-04-19T09:43:48.000Z</time></trkpt>
      <trkpt lat="52.740678" lon="-1.343385"><ele>193.3</ele><time>2014-04-19T09:43:50.000Z</time></trkpt>
      <trkpt lat="52.740648" lon="-1.343368"><ele>193.5</ele><time>2014-04-19T09:43:52.000Z</time></trkpt>
      <trkpt lat="52.740618" lon="-1.343343"><ele>193.7</ele><time>2014-04-19T09:43:54.000Z</time></trkpt>
      <trkpt lat="52.740593" lon="-1.343320"><ele>193.9</ele><time>2014-04-19T09:43:56.000Z</time></trkpt>
      <trkpt lat="52.740558" lon="-1.343288"><ele>194.2</ele><time>2014-04-19T09:43:59.000Z</time></trkpt>
      <trkpt lat="52.740530" lon="-1.343274"><ele>194.4</ele><time>2014-04-19T09:44:01.000Z</time></trkpt>
      <trkpt lat="52.740499" lon="-1.343257"><ele>194.6</ele><time>2014-04-19T09:44:03.000Z</time></trkpt>
      <trkpt lat="52.740472" lon="-1.343236"><ele>194.9</ele><time>2014-04-19T09:44:05.000Z</time></trkpt>
      <trkpt lat="52.740439" lon="-1.343208"><ele>195.2</ele><time>2014-04-19T09:44:07.000Z</time></trkpt>
      <trkpt lat="52.740407" lon="-1.343181"><ele>195.4</ele><time>2014-04-19T09:44:09.000Z</time></trkpt>
      <trkpt lat="52.740380" lon="-1.343150"><ele>195.5</ele><time>2014-04-19T09:44:11.000Z</time></trkpt>
      <trkpt lat="52.740360" lon="-1.343113"><ele>195.6</ele><time>2014-04-19T09:44:13.000Z</time></trkpt>
      <trkpt lat="52.740335" lon="-1.343079"><ele>195.7</ele><time>2014-04-19T09:44:15.000Z</time></trkpt>
      <trkpt lat="52.740311" lon="-1.343038"><ele>195.9</ele><time>2014-04-19T09:44:17.000Z</time></trkpt>
      <trkpt lat="52.740291" lon="-1.343002"><ele>196.0</ele><time>2014-04-19T09:44:19.000Z</time></trkpt>
      <trkpt lat="52.740269" lon="-1.342974"><ele>196.1</ele><time>2014-04-19T09:44:21.000Z</time></trkpt>
      <trkpt lat="52.740240" lon="-1.342933"><ele>196.3</ele><time>2014-04-19T09:44:24.000Z</time></trkpt>
      <trkpt lat="52.740219" lon="-1.342887"><ele>196.2</ele><time>2014-04-19T09:44:27.000Z</time></trkpt>
      <trkpt lat="52.740196" lon="-1.342838"><ele>196.1</ele><time>2014-04-19T09:44:30.000Z</time></trkpt>
      <trkpt lat="52.740175" lon="-1.342801"><ele>196.0</ele><time>2014-04-19T09:44:32.000Z</time></trkpt>
      <trkpt lat="52.740150" lon="-1.342772"><ele>195.9</ele><time>2014-04-19T09:44:34.000Z</time></trkpt>
      <trkpt lat="52.740123" lon="-1.342754"><ele>195.8</ele><time>2014-04-19T09:44:36.000Z</time></trkpt>
      <trkpt lat="52.740099" lon="-1.342735"><ele>195.7</ele><time>2014-04-19T09:44:38.000Z</time></trkpt>
      <trkpt lat="52.740073" lon="-1.342722"><ele>195.6</ele><time>2014-04-19T09:44:40.000Z</time></trkpt>
      <trkpt lat="52.740043" lon="-1.342704"><ele>195.6</ele><time>2014-04-19T09:44:43.000Z</time></trkpt>
      <trkpt lat="52.740018" lon="-1.342683"><ele>195.5</ele><time>2014-04-19T09:44:45.000Z</time></trkpt>
      <trkpt lat="52.739992" lon="-1.342669"><ele>195.5</ele><time>2014-04-19T09:44:47.000Z</time></trkpt>
      <trkpt lat="52.739962" lon="-1.342653"><ele>195.4</ele><time>2014-04-19T09:44:49.000Z</time></trkpt>
      <trkpt lat="52.739931" lon="-1.342642"><ele>195.4</ele><time>2014-04-19T09:44:51.000Z</time></trkpt>
      <trkpt lat="52.739902" lon="-1.342633"><ele>195.4</ele><time>2014-04-19T09:44:53.000Z</time></trkpt>
      <trkpt lat="52.739872" lon="-1.342618"><ele>195.4</ele><time>2014-04-19T09:44:55.000Z</time></trkpt>
      <trkpt lat="52.739841" lon="-1.342598"><ele>195.4</ele><time>2014-04-19T09:44:57.000Z</time></trkpt>
      <trkpt lat="52.739812" lon="-1.342578"><ele>195.4</ele><time>2014-04-19T09:44:59.000Z</time></trkpt>
      <trkpt lat="52.739784" lon="-1.342562"><ele>195.4</ele><time>2014-04-19T09:45:01.000Z</time></trkpt>
      <trkpt lat="52.739756" lon="-1.342543"><ele>195.4</ele><time>2014-04-19T09:45:03.000Z</time></trkpt>
      <trkpt lat="52.739727" lon="-1.342532"><ele>195.4</ele><time>2014-04-19T09:45:05.000Z</time></trkpt>
      <trkpt lat="52.739690" lon="-1.342538"><ele>195.4</ele><time>2014-04-19T09:45:08.000Z</time></trkpt>
      <trkpt lat="52.739653" lon="-1.342544"><ele>195.4</ele><time>2014-04-19T09:45:11.000Z</time></trkpt>
      <trkpt lat="52.739616" lon="-1.342545"><ele>195.4</ele><time>2014-04-19T09:45:14.000Z</time></trkpt>
      <trkpt lat="52.739586" lon="-1.342562"><ele>195.3</ele><time>2014-04-19T09:45:17.000Z</time></trkpt>
      <trkpt lat="52.739557" lon="-1.342577"><ele>194.9</ele><time>2014-04-19T09:45:20.000Z</time></trkpt>
      <trkpt lat="52.739532" lon="-1.342602"><ele>194.5</ele><time>2014-04-19T09:45:23.000Z</time></trkpt>
      <trkpt lat="52.739507" lon="-1.342625"><ele>194.0</ele><time>2014-04-19T09:45:26.000Z</time></trkpt>
      <trkpt lat="52.739476" lon="-1.342649"><ele>193.5</ele><time>2014-04-19T09:45:29.000Z</time></trkpt>
      <trkpt lat="52.739440" lon="-1.342665"><ele>193.0</ele><time>2014-04-19T09:45:32.000Z</time></trkpt>
      <trkpt lat="52.739412" lon="-1.342670"><ele>192.6</ele><time>2014-04-19T09:45:34.000Z</time></trkpt>
      <trkpt lat="52.739379" lon="-1.342685"><ele>192.1</ele><time>2014-04-19T09:45:37.000Z</time></trkpt>
      <trkpt lat="52.739348" lon="-1.342714"><ele>191.5</ele><time>2014-04-19T09:45:40.000Z</time></trkpt>
      <trkpt lat="52.739319" lon="-1.342748"><ele>191.0</ele><time>2014-04-19T09:45:43.000Z</time></trkpt>
      <trkpt lat="52.739296" lon="-1.342787"><ele>190.5</ele><time>2014-04-19T09:45:46.000Z</time></trkpt>
      <trkpt lat="52.739279" lon="-1.342832"><ele>190.0</ele><time>2014-04-19T09:45:49.000Z</time></trkpt>
      <trkpt lat="52.739264" lon="-1.342882"><ele>189.6</ele><time>2014-04-19T09:45:52.000Z</time></trkpt>
      <trkpt lat="52.739260" lon="-1.342932"><ele>189.2</ele><time>2014-04-19T09:45:55.000Z</time></trkpt>
      <trkpt lat="52.739259" lon="-1.342979"><ele>188.9</ele><time>2014-04-19T09:45:58.000Z</time></trkpt>
      <trkpt lat="52.739259" lon="-1.343025"><ele>188.6</ele><time>2014-04-19T09:46:01.000Z</time></trkpt>
      <trkpt lat="52.739248" lon="-1.343078"><ele>188.1</ele><time>2014-04-19T09:46:06.000Z</time></trkpt>
      <trkpt lat="52.739239" lon="-1.343121"><ele>187.7</ele><time>2014-04-19T09:46:09.000Z</time></trkpt>
      <trkpt lat="52.739226" lon="-1.343214"><ele>186.9</ele><time>2014-04-19T09:46:26.000Z</time></trkpt>
      <trkpt lat="52.739214" lon="-1.343277"><ele>186.3</ele><time>2014-04-19T09:46:31.000Z</time></trkpt>
      <trkpt lat="52.739199" lon="-1.343331"><ele>185.7</ele><time>2014-04-19T09:46:34.000Z</time></trkpt>
      <trkpt lat="52.739181" lon="-1.343369"><ele>185.2</ele><time>2014-04-19T09:46:38.000Z</time></trkpt>
      <trkpt lat="52.739164" lon="-1.343406"><ele>184.7</ele><time>2014-04-19T09:46:41.000Z</time></trkpt>
      <trkpt lat="52.739156" lon="-1.343458"><ele>184.3</ele><time>2014-04-19T09:46:44.000Z</time></trkpt>
      <trkpt lat="52.739142" lon="-1.343505"><ele>183.8</ele><time>2014-04-19T09:46:48.000Z</time></trkpt>
      <trkpt lat="52.739142" lon="-1.343591"><ele>183.2</ele><time>2014-04-19T09:46:54.000Z</time></trkpt>
      <trkpt lat="52.739151" lon="-1.343664"><ele>182.9</ele><time>2014-04-19T09:47:03.000Z</time></trkpt>
      <trkpt lat="52.739247" lon="-1.344374"><ele>180.1</ele><time>2014-04-19T09:47:15.000Z</time></trkpt>
      <trkpt lat="52.739282" lon="-1.344336"><ele>180.8</ele><time>2014-04-19T09:47:16.000Z</time></trkpt>
      <trkpt lat="52.739336" lon="-1.344402"><ele>181.1</ele><time>2014-04-19T09:47:17.000Z</time></trkpt>
      <trkpt lat="52.739368" lon="-1.344448"><ele>181.2</ele><time>2014-04-19T09:47:18.000Z</time></trkpt>
      <trkpt lat="52.739431" lon="-1.344504"><ele>181.6</ele><time>2014-04-19T09:47:20.000Z</time></trkpt>
      <trkpt lat="52.739481" lon="-1.344536"><ele>182.0</ele><time>2014-04-19T09:47:21.000Z</time></trkpt>
      <trkpt lat="52.739508" lon="-1.344584"><ele>182.1</ele><time>2014-04-19T09:47:23.000Z</time></trkpt>
      <trkpt lat="52.739545" lon="-1.344632"><ele>182.1</ele><time>2014-04-19T09:47:27.000Z</time></trkpt>
      <trkpt lat="52.739554" lon="-1.344685"><ele>181.7</ele><time>2014-04-19T09:47:30.000Z</time></trkpt>
      <trkpt lat="52.739581" lon="-1.344757"><ele>181.3</ele><time>2014-04-19T09:47:35.000Z</time></trkpt>
      <trkpt lat="52.739590" lon="-1.344803"><ele>180.9</ele><time>2014-04-19T09:47:38.000Z</time></trkpt>
      <trkpt lat="52.739595" lon="-1.344867"><ele>180.4</ele><time>2014-04-19T09:47:41.000Z</time></trkpt>
      <trkpt lat="52.739593" lon="-1.344928"><ele>179.8</ele><time>2014-04-19T09:47:44.000Z</time></trkpt>
      <trkpt lat="52.739577" lon="-1.344972"><ele>179.2</ele><time>2014-04-19T09:47:47.000Z</time></trkpt>
      <trkpt lat="52.739556" lon="-1.345005"><ele>178.7</ele><time>2014-04-19T09:47:51.000Z</time></trkpt>
      <trkpt lat="52.739527" lon="-1.345017"><ele>178.3</ele><time>2014-04-19T09:47:54.000Z</time></trkpt>
      <trkpt lat="52.739497" lon="-1.345012"><ele>178.0</ele><time>2014-04-19T09:47:57.000Z</time></trkpt>
      <trkpt lat="52.739470" lon="-1.345020"><ele>177.7</ele><time>2014-04-19T09:47:59.000Z</time></trkpt>
      <trkpt lat="52.739438" lon="-1.345020"><ele>177.3</ele><time>2014-04-19T09:48:02.000Z</time></trkpt>
      <trkpt lat="52.739406" lon="-1.345015"><ele>177.1</ele><time>2014-04-19T09:48:05.000Z</time></trkpt>
      <trkpt lat="52.739376" lon="-1.345013"><ele>176.8</ele><time>2014-04-19T09:48:08.000Z</time></trkpt>
      <trkpt lat="52.739331" lon="-1.345009"><ele>176.3</ele><time>2014-04-19T09:48:18.000Z</time></trkpt>
      <trkpt lat="52.739305" lon="-1.345031"><ele>175.9</ele><time>2014-04-19T09:48:22.000Z</time></trkpt>
      <trkpt lat="52.739279" lon="-1.345000"><ele>175.9</ele><time>2014-04-19T09:48:27.000Z</time></trkpt>
      <trkpt lat="52.739259" lon="-1.344966"><ele>176.0</ele><time>2014-04-19T09:48:31.000Z</time></trkpt>
      <trkpt lat="52.739213" lon="-1.344953"><ele>175.6</ele><time>2014-04-19T09:48:43.000Z</time></trkpt>
      <trkpt lat="52.739169" lon="-1.344976"><ele>175.0</ele><time>2014-04-19T09:48:51.000Z</time></trkpt>
      <trkpt lat="52.738537" lon="-1.344378"><ele>172.3</ele><time>2014-04-19T09:49:00.000Z</time></trkpt>
      <trkpt lat="52.738576" lon="-1.344490"><ele>172.1</ele><time>2014-04-19T09:49:01.000Z</time></trkpt>
      <trkpt lat="52.738565" lon="-1.344533"><ele>171.9</ele><time>2014-04-19T09:49:02.000Z</time></trkpt>
      <trkpt lat="52.738573" lon="-1.344586"><ele>171.7</ele><time>2014-04-19T09:49:03.000Z</time></trkpt>
      <trkpt lat="52.738588" lon="-1.344626"><ele>171.6</ele><time>2014-04-19T09:49:04.000Z</time></trkpt>
      <trkpt lat="52.738622" lon="-1.344606"><ele>172.0</ele><time>2014-04-19T09:49:06.000Z</time></trkpt>
      <trkpt lat="52.738664" lon="-1.344636"><ele>172.1</ele><time>2014-04-19T09:49:10.000Z</time></trkpt>
      <trkpt lat="52.738673" lon="-1.344706"><ele>171.7</ele><time>2014-04-19T09:49:16.000Z</time></trkpt>
      <trkpt lat="52.738647" lon="-1.344731"><ele>171.4</ele><time>2014-04-19T09:49:23.000Z</time></trkpt>
      <trkpt lat="52.738619" lon="-1.344732"><ele>171.2</ele><time>2014-04-19T09:49:29.000Z</time></trkpt>
      <trkpt lat="52.738602" lon="-1.344691"><ele>171.3</ele><time>2014-04-19T09:49:39.000Z</time></trkpt>
      <trkpt lat="52.738575" lon="-1.344649"><ele>171.4</ele><time>2014-04-19T09:49:42.000Z</time></trkpt>
      <trkpt lat="52.738558" lon="-1.344602"><ele>171.5</ele><time>2014-04-19T09:49:45.000Z</time></trkpt>
      <trkpt lat="52.738532" lon="-1.344566"><ele>171.5</ele><time>2014-04-19T09:49:48.000Z</time></trkpt>
      <trkpt lat="52.738512" lon="-1.344535"><ele>171.5</ele><time>2014-04-19T09:49:50.000Z</time></trkpt>
      <trkpt lat="52.738493" lon="-1.344501"><ele>171.5</ele><time>2014-04-19T09:49:52.000Z</time></trkpt>
      <trkpt lat="52.738472" lon="-1.344448"><ele>171.5</ele><time>2014-04-19T09:49:55.000Z</time></trkpt>
      <trkpt lat="52.738448" lon="-1.344419"><ele>171.5</ele><time>2014-04-19T09:49:57.000Z</time></trkpt>
      <trkpt lat="52.738429" lon="-1.344371"><ele>171.5</ele><time>2014-04-19T09:50:00.000Z</time></trkpt>
      <trkpt lat="52.738394" lon="-1.344323"><ele>171.4</ele><time>2014-04-19T09:50:03.000Z</time></trkpt>
      <trkpt lat="52.738379" lon="-1.344283"><ele>171.4</ele><time>2014-04-19T09:50:05.000Z</time></trkpt>
      <trkpt lat="52.738357" lon="-1.344247"><ele>171.4</ele><time>2014-04-19T09:50:07.000Z</time></trkpt>
      <trkpt lat="52.738344" lon="-1.344187"><ele>171.5</ele><time>2014-04-19T09:50:10.000Z</time></trkpt>
      <trkpt lat="52.738331" lon="-1.344140"><ele>171.6</ele><time>2014-04-19T09:50:12.000Z</time></trkpt>
      <trkpt lat="52.738317" lon="-1.344100"><ele>171.6</ele><time>2014-04-19T09:50:14.000Z</time></trkpt>
      <trkpt lat="52.738282" lon="-1.344084"><ele>171.4</ele><time>2014-04-19T09:50:17.000Z</time></trkpt>
      <trkpt lat="52.738255" lon="-1.344055"><ele>171.2</ele><time>2014-04-19T09:50:21.000Z</time></trkpt>
      <trkpt lat="52.738222" lon="-1.344014"><ele>171.1</ele><time>2014-04-19T09:50:24.000Z</time></trkpt>
      <trkpt lat="52.738199" lon="-1.343971"><ele>171.0</ele><time>2014-04-19T09:50:27.000Z</time></trkpt>
      <trkpt lat="52.738175" lon="-1.343942"><ele>170.9</ele><time>2014-04-19T09:50:30.000Z</time></trkpt>
      <trkpt lat="52.738143" lon="-1.343922"><ele>170.6</ele><time>2014-04-19T09:50:33.000Z</time></trkpt>
      <trkpt lat="52.738108" lon="-1.343918"><ele>170.3</ele><time>2014-04-19T09:50:36.000Z</time></trkpt>
      <trkpt lat="52.738081" lon="-1.343939"><ele>170.0</ele><time>2014-04-19T09:50:39.000Z</time></trkpt>
      <trkpt lat="52.738050" lon="-1.343961"><ele>169.7</ele><time>2014-04-19T09:50:42.000Z</time></trkpt>
      <trkpt lat="52.738012" lon="-1.343983"><ele>169.3</ele><time>2014-04-19T09:50:45.000Z</time></trkpt>
      <trkpt lat="52.737980" lon="-1.344003"><ele>169.0</ele><time>2014-04-19T09:50:48.000Z</time></trkpt>
      <trkpt lat="52.737945" lon="-1.344029"><ele>168.6</ele><time>2014-04-19T09:50:51.000Z</time></trkpt>
      <trkpt lat="52.737904" lon="-1.344045"><ele>168.3</ele><time>2014-04-19T09:50:54.000Z</time></trkpt>
      <trkpt lat="52.737869" lon="-1.344053"><ele>168.2</ele><time>2014-04-19T09:50:56.000Z</time></trkpt>
      <trkpt lat="52.737832" lon="-1.344069"><ele>168.2</ele><time>2014-04-19T09:50:58.000Z</time></trkpt>
      <trkpt lat="52.737803" lon="-1.344088"><ele>168.1</ele><time>2014-04-19T09:51:00.000Z</time></trkpt>
      <trkpt lat="52.737779" lon="-1.344109"><ele>168.0</ele><time>2014-04-19T09:51:02.000Z</time></trkpt>
      <trkpt lat="52.737746" lon="-1.344145"><ele>167.9</ele><time>2014-04-19T09:51:05.000Z</time></trkpt>
      <trkpt lat="52.737717" lon="-1.344166"><ele>167.9</ele><time>2014-04-19T09:51:07.000Z</time></trkpt>
      <trkpt lat="52.737687" lon="-1.344183"><ele>167.8</ele><time>2014-04-19T09:51:09.000Z</time></trkpt>
      <trkpt lat="52.737659" lon="-1.344205"><ele>167.8</ele><time>2014-04-19T09:51:11.000Z</time></trkpt>
      <trkpt lat="52.737633" lon="-1.344237"><ele>167.7</ele><time>2014-04-19T09:51:13.000Z</time></trkpt>
      <trkpt lat="52.737611" lon="-1.344271"><ele>167.6</ele><time>2014-04-19T09:51:15.000Z</time></trkpt>
      <trkpt lat="52.737591" lon="-1.344310"><ele>167.5</ele><time>2014-04-19T09:51:17.000Z</time></trkpt>
      <trkpt lat="52.737566" lon="-1.344357"><ele>167.4</ele><time>2014-04-19T09:51:20.000Z</time></trkpt>
      <trkpt lat="52.737555" lon="-1.344406"><ele>167.3</ele><time>2014-04-19T09:51:23.000Z</time></trkpt>
      <trkpt lat="52.737557" lon="-1.344460"><ele>167.2</ele><time>2014-04-19T09:51:26.000Z</time></trkpt>
      <trkpt lat="52.737566" lon="-1.344516"><ele>167.1</ele><time>2014-04-19T09:51:29.000Z</time></trkpt>
      <trkpt lat="52.737575" lon="-1.344564"><ele>167.0</ele><time>2014-04-19T09:51:31.000Z</time></trkpt>
      <trkpt lat="52.737582" lon="-1.344618"><ele>166.9</ele><time>2014-04-19T09:51:33.000Z</time></trkpt>
      <trkpt lat="52.737582" lon="-1.344664"><ele>166.7</ele><time>2014-04-19T09:51:35.000Z</time></trkpt>
      <trkpt lat="52.737577" lon="-1.344724"><ele>166.4</ele><time>2014-04-19T09:51:38.000Z</time></trkpt>
      <trkpt lat="52.737579" lon="-1.344768"><ele>166.2</ele><time>2014-04-19T09:51:40.000Z</time></trkpt>
      <trkpt lat="52.737579" lon="-1.344829"><ele>166.0</ele><time>2014-04-19T09:51:43.000Z</time></trkpt>
      <trkpt lat="52.737572" lon="-1.344886"><ele>165.8</ele><time>2014-04-19T09:51:47.000Z</time></trkpt>
      <trkpt lat="52.737563" lon="-1.344941"><ele>165.5</ele><time>2014-04-19T09:51:51.000Z</time></trkpt>
      <trkpt lat="52.737547" lon="-1.344979"><ele>165.4</ele><time>2014-04-19T09:51:54.000Z</time></trkpt>
      <trkpt lat="52.737514" lon="-1.345016"><ele>165.2</ele><time>2014-04-19T09:51:57.000Z</time></trkpt>
      <trkpt lat="52.737491" lon="-1.345040"><ele>165.1</ele><time>2014-04-19T09:51:59.000Z</time></trkpt>
      <trkpt lat="52.737467" lon="-1.345080"><ele>164.9</ele><time>2014-04-19T09:52:02.000Z</time></trkpt>
      <trkpt lat="52.737445" lon="-1.345132"><ele>164.7</ele><time>2014-04-19T09:52:06.000Z</time></trkpt>
      <trkpt lat="52.737424" lon="-1.345161"><ele>164.5</ele><time>2014-04-19T09:52:08.000Z</time></trkpt>
      <trkpt lat="52.737403" lon="-1.345188"><ele>164.4</ele><time>2014-04-19T09:52:10.000Z</time></trkpt>
      <trkpt lat="52.737378" lon="-1.345209"><ele>164.3</ele><time>2014-04-19T09:52:13.000Z</time></trkpt>
      <trkpt lat="52.737348" lon="-1.345206"><ele>164.2</ele><time>2014-04-19T09:52:16.000Z</time></trkpt>
      <trkpt lat="52.737321" lon="-1.345183"><ele>164.3</ele><time>2014-04-19T09:52:19.000Z</time></trkpt>
      <trkpt lat="52.737297" lon="-1.345162"><ele>164.4</ele><time>2014-04-19T09:52:21.000Z</time></trkpt>
      <trkpt lat="52.737270" lon="-1.345146"><ele>164.5</ele><time>2014-04-19T09:52:23.000Z</time></trkpt>
      <trkpt lat="52.737244" lon="-1.345127"><ele>164.5</ele><time>2014-04-19T09:52:26.000Z</time></trkpt>
      <trkpt lat="52.737211" lon="-1.345109"><ele>164.6</ele><time>2014-04-19T09:52:29.000Z</time></trkpt>
      <trkpt lat="52.737185" lon="-1.345090"><ele>164.6</ele><time>2014-04-19T09:52:32.000Z</time></trkpt>
      <trkpt lat="52.737143" lon="-1.345064"><ele>164.7</ele><time>2014-04-19T09:52:42.000Z</time></trkpt>
      <trkpt lat="52.737117" lon="-1.345036"><ele>164.8</ele><time>2014-04-19T09:52:45.000Z</time></trkpt>
      <trkpt lat="52.737085" lon="-1.345019"><ele>164.9</ele><time>2014-04-19T09:52:48.000Z</time></trkpt>
      <trkpt lat="52.737058" lon="-1.345006"><ele>165.0</ele><time>2014-04-19T09:52:50.000Z</time></trkpt>
      <trkpt lat="52.737025" lon="-1.344981"><ele>165.2</ele><time>2014-04-19T09:52:53.000Z</time></trkpt>
      <trkpt lat="52.736996" lon="-1.344955"><ele>165.4</ele><time>2014-04-19T09:52:56.000Z</time></trkpt>
      <trkpt lat="52.736961" lon="-1.344932"><ele>165.6</ele><time>2014-04-19T09:52:59.000Z</time></trkpt>
      <trkpt lat="52.736926" lon="-1.344920"><ele>165.8</ele><time>2014-04-19T09:53:02.000Z</time></trkpt>
      <trkpt lat="52.736904" lon="-1.344890"><ele>166.0</ele><time>2014-04-19T09:53:06.000Z</time></trkpt>
      <trkpt lat="52.736885" lon="-1.344854"><ele>166.2</ele><time>2014-04-19T09:53:11.000Z</time></trkpt>
      <trkpt lat="52.736858" lon="-1.344861"><ele>166.2</ele><time>2014-04-19T09:53:16.000Z</time></trkpt>
      <trkpt lat="52.736828" lon="-1.344886"><ele>166.2</ele><time>2014-04-19T09:53:20.000Z</time></trkpt>
      <trkpt lat="52.736793" lon="-1.344914"><ele>166.1</ele><time>2014-04-19T09:53:24.000Z</time></trkpt>
      <trkpt lat="52.736766" lon="-1.344944"><ele>166.0</ele><time>2014-04-19T09:53:27.000Z</time></trkpt>
      <trkpt lat="52.736749" lon="-1.344983"><ele>165.9</ele><time>2014-04-19T09:53:32.000Z</time></trkpt>
      <trkpt lat="52.736732" lon="-1.345020"><ele>165.7</ele><time>2014-04-19T09:53:35.000Z</time></trkpt>
      <trkpt lat="52.736711" lon="-1.345056"><ele>165.6</ele><time>2014-04-19T09:53:38.000Z</time></trkpt>
      <trkpt lat="52.736688" lon="-1.345092"><ele>165.5</ele><time>2014-04-19T09:53:41.000Z</time></trkpt>
      <trkpt lat="52.736653" lon="-1.345118"><ele>165.5</ele><time>2014-04-19T09:53:44.000Z</time></trkpt>
      <trkpt lat="52.736616" lon="-1.345136"><ele>165.5</ele><time>2014-04-19T09:53:47.000Z</time></trkpt>
      <trkpt lat="52.736592" lon="-1.345157"><ele>165.4</ele><time>2014-04-19T09:53:50.000Z</time></trkpt>
      <trkpt lat="52.736563" lon="-1.345216"><ele>165.2</ele><time>2014-04-19T09:53:59.000Z</time></trkpt>
      <trkpt lat="52.736512" lon="-1.345274"><ele>165.1</ele><time>2014-04-19T09:54:09.000Z</time></trkpt>
      <trkpt lat="52.736486" lon="-1.345303"><ele>165.0</ele><time>2014-04-19T09:54:12.000Z</time></trkpt>
      <trkpt lat="52.736180" lon="-1.345701"><ele>163.5</ele><time>2014-04-19T09:54:19.000Z</time></trkpt>
      <trkpt lat="52.736198" lon="-1.345739"><ele>163.4</ele><time>2014-04-19T09:54:20.000Z</time></trkpt>
      <trkpt lat="52.736170" lon="-1.345728"><ele>163.4</ele><time>2014-04-19T09:54:21.000Z</time></trkpt>
      <trkpt lat="52.736139" lon="-1.345757"><ele>163.2</ele><time>2014-04-19T09:54:23.000Z</time></trkpt>
      <trkpt lat="52.736106" lon="-1.345784"><ele>163.0</ele><time>2014-04-19T09:54:26.000Z</time></trkpt>
      <trkpt lat="52.736069" lon="-1.345792"><ele>163.0</ele><time>2014-04-19T09:54:29.000Z</time></trkpt>
      <trkpt lat="52.736041" lon="-1.345800"><ele>162.9</ele><time>2014-04-19T09:54:32.000Z</time></trkpt>
      <trkpt lat="52.736005" lon="-1.345797"><ele>162.9</ele><time>2014-04-19T09:54:36.000Z</time></trkpt>
      <trkpt lat="52.735979" lon="-1.345822"><ele>162.7</ele><time>2014-04-19T09:54:40.000Z</time></trkpt>
      <trkpt lat="52.735965" lon="-1.345861"><ele>162.5</ele><time>2014-04-19T09:54:43.000Z</time></trkpt>
      <trkpt lat="52.735945" lon="-1.345909"><ele>162.3</ele><time>2014-04-19T09:54:47.000Z</time></trkpt>
      <trkpt lat="52.735921" lon="-1.345959"><ele>162.1</ele><time>2014-04-19T09:54:50.000Z</time></trkpt>
      <trkpt lat="52.735877" lon="-1.345965"><ele>162.1</ele><time>2014-04-19T09:54:57.000Z</time></trkpt>
      <trkpt lat="52.735840" lon="-1.345966"><ele>162.0</ele><time>2014-04-19T09:55:00.000Z</time></trkpt>
      <trkpt lat="52.735817" lon="-1.346002"><ele>161.9</ele><time>2014-04-19T09:55:03.000Z</time></trkpt>
      <trkpt lat="52.735804" lon="-1.346043"><ele>161.7</ele><time>2014-04-19T09:55:08.000Z</time></trkpt>
      <trkpt lat="52.735793" lon="-1.346095"><ele>161.5</ele><time>2014-04-19T09:55:12.000Z</time></trkpt>
      <trkpt lat="52.735771" lon="-1.346136"><ele>161.4</ele><time>2014-04-19T09:55:15.000Z</time></trkpt>
      <trkpt lat="52.735745" lon="-1.346161"><ele>161.3</ele><time>2014-04-19T09:55:18.000Z</time></trkpt>
      <trkpt lat="52.735709" lon="-1.346189"><ele>161.2</ele><time>2014-04-19T09:55:21.000Z</time></trkpt>
      <trkpt lat="52.735685" lon="-1.346210"><ele>161.1</ele><time>2014-04-19T09:55:23.000Z</time></trkpt>
      <trkpt lat="52.735656" lon="-1.346216"><ele>161.1</ele><time>2014-04-19T09:55:26.000Z</time></trkpt>
      <trkpt lat="52.735632" lon="-1.346241"><ele>161.0</ele><time>2014-04-19T09:55:29.000Z</time></trkpt>
      <trkpt lat="52.735446" lon="-1.346757"><ele>159.8</ele><time>2014-04-19T09:55:36.000Z</time></trkpt>
      <trkpt lat="52.735466" lon="-1.346818"><ele>159.6</ele><time>2014-04-19T09:55:38.000Z</time></trkpt>
      <trkpt lat="52.735493" lon="-1.346830"><ele>159.6</ele><time>2014-04-19T09:55:39.000Z</time></trkpt>
      <trkpt lat="52.735520" lon="-1.346855"><ele>159.5</ele><time>2014-04-19T09:55:41.000Z</time></trkpt>
      <trkpt lat="52.735518" lon="-1.346903"><ele>159.4</ele><time>2014-04-19T09:55:45.000Z</time></trkpt>
      <trkpt lat="52.735528" lon="-1.346955"><ele>159.3</ele><time>2014-04-19T09:55:47.000Z</time></trkpt>
      <trkpt lat="52.735535" lon="-1.347015"><ele>159.2</ele><time>2014-04-19T09:55:50.000Z</time></trkpt>
      <trkpt lat="52.735534" lon="-1.347060"><ele>159.1</ele><time>2014-04-19T09:55:52.000Z</time></trkpt>
      <trkpt lat="52.735510" lon="-1.347118"><ele>159.0</ele><time>2014-04-19T09:55:55.000Z</time></trkpt>
      <trkpt lat="52.735494" lon="-1.347156"><ele>158.9</ele><time>2014-04-19T09:55:57.000Z</time></trkpt>
      <trkpt lat="52.735483" lon="-1.347198"><ele>158.9</ele><time>2014-04-19T09:55:59.000Z</time></trkpt>
      <trkpt lat="52.735473" lon="-1.347245"><ele>158.8</ele><time>2014-04-19T09:56:01.000Z</time></trkpt>
      <trkpt lat="52.735474" lon="-1.347292"><ele>158.7</ele><time>2014-04-19T09:56:04.000Z</time></trkpt>
      <trkpt lat="52.735467" lon="-1.347338"><ele>158.7</ele><time>2014-04-19T09:56:07.000Z</time></trkpt>
      <trkpt lat="52.735457" lon="-1.347389"><ele>158.6</ele><time>2014-04-19T09:56:11.000Z</time></trkpt>
      <trkpt lat="52.735462" lon="-1.347439"><ele>158.5</ele><time>2014-04-19T09:56:18.000Z</time></trkpt>
      <trkpt lat="52.735483" lon="-1.347482"><ele>158.5</ele><time>2014-04-19T09:56:22.000Z</time></trkpt>
      <trkpt lat="52.735302" lon="-1.347825"><ele>158.0</ele><time>2014-04-19T09:56:25.000Z</time></trkpt>
      <trkpt lat="52.735303" lon="-1.347893"><ele>157.9</ele><time>2014-04-19T09:56:26.000Z</time></trkpt>
      <trkpt lat="52.735334" lon="-1.347915"><ele>157.9</ele><time>2014-04-19T09:56:30.000Z</time></trkpt>
      <trkpt lat="52.735360" lon="-1.347930"><ele>157.9</ele><time>2014-04-19T09:56:34.000Z</time></trkpt>
      <trkpt lat="52.735367" lon="-1.347992"><ele>157.9</ele><time>2014-04-19T09:56:40.000Z</time></trkpt>
      <trkpt lat="52.735389" lon="-1.348028"><ele>158.0</ele><time>2014-04-19T09:56:43.000Z</time></trkpt>
      <trkpt lat="52.735412" lon="-1.348069"><ele>158.0</ele><time>2014-04-19T09:56:46.000Z</time></trkpt>
      <trkpt lat="52.735452" lon="-1.348103"><ele>158.0</ele><time>2014-04-19T09:56:50.000Z</time></trkpt>
      <trkpt lat="52.735478" lon="-1.348132"><ele>157.9</ele><time>2014-04-19T09:56:52.000Z</time></trkpt>
      <trkpt lat="52.735513" lon="-1.348153"><ele>157.9</ele><time>2014-04-19T09:56:54.000Z</time></trkpt>
      <trkpt lat="52.735546" lon="-1.348191"><ele>157.8</ele><time>2014-04-19T09:56:56.000Z</time></trkpt>
      <trkpt lat="52.735585" lon="-1.348215"><ele>157.8</ele><time>2014-04-19T09:56:58.000Z</time></trkpt>
      <trkpt lat="52.735623" lon="-1.348215"><ele>157.8</ele><time>2014-04-19T09:57:00.000Z</time></trkpt>
      <trkpt lat="52.735653" lon="-1.348235"><ele>157.7</ele><time>2014-04-19T09:57:03.000Z</time></trkpt>
      <trkpt lat="52.735673" lon="-1.348286"><ele>157.7</ele><time>2014-04-19T09:57:06.000Z</time></trkpt>
      <trkpt lat="52.735689" lon="-1.348330"><ele>157.7</ele><time>2014-04-19T09:57:09.000Z</time></trkpt>
      <trkpt lat="52.735702" lon="-1.348390"><ele>157.7</ele><time>2014-04-19T09:57:12.000Z</time></trkpt>
      <trkpt lat="52.735724" lon="-1.348424"><ele>157.6</ele><time>2014-04-19T09:57:15.000Z</time></trkpt>
      <trkpt lat="52.735745" lon="-1.348454"><ele>157.6</ele><time>2014-04-19T09:57:18.000Z</time></trkpt>
      <trkpt lat="52.735762" lon="-1.348494"><ele>157.6</ele><time>2014-04-19T09:57:20.000Z</time></trkpt>
      <trkpt lat="52.735776" lon="-1.348537"><ele>157.6</ele><time>2014-04-19T09:57:22.000Z</time></trkpt>
      <trkpt lat="52.735779" lon="-1.348595"><ele>157.6</ele><time>2014-04-19T09:57:25.000Z</time></trkpt>
      <trkpt lat="52.735788" lon="-1.348674"><ele>157.6</ele><time>2014-04-19T09:57:34.000Z</time></trkpt>
      <trkpt lat="52.735807" lon="-1.348709"><ele>157.5</ele><time>2014-04-19T09:57:36.000Z</time></trkpt>
      <trkpt lat="52.735836" lon="-1.348755"><ele>157.5</ele><time>2014-04-19T09:57:38.000Z</time></trkpt>
      <trkpt lat="52.735855" lon="-1.348794"><ele>157.5</ele><time>2014-04-19T09:57:40.000Z</time></trkpt>
      <trkpt lat="52.735872" lon="-1.348837"><ele>157.5</ele><time>2014-04-19T09:57:43.000Z</time></trkpt>
      <trkpt lat="52.735890" lon="-1.348892"><ele>157.4</ele><time>2014-04-19T09:57:46.000Z</time></trkpt>
      <trkpt lat="52.735907" lon="-1.348927"><ele>157.4</ele><time>2014-04-19T09:57:49.000Z</time></trkpt>
      <trkpt lat="52.735950" lon="-1.348999"><ele>157.4</ele><time>2014-04-19T09:57:57.000Z</time></trkpt>
      <trkpt lat="52.735973" lon="-1.349051"><ele>157.3</ele><time>2014-04-19T09:58:00.000Z</time></trkpt>
      <trkpt lat="52.735994" lon="-1.349082"><ele>157.3</ele><time>2014-04-19T09:58:02.000Z</time></trkpt>
      <trkpt lat="52.736040" lon="-1.349580"><ele>157.3</ele><time>2014-04-19T09:58:05.000Z</time></trkpt>
      <trkpt lat="52.736105" lon="-1.349577"><ele>157.2</ele><time>2014-04-19T09:58:06.000Z</time></trkpt>
      <trkpt lat="52.736129" lon="-1.349551"><ele>157.1</ele><time>2014-04-19T09:58:07.000Z</time></trkpt>
      <trkpt lat="52.736151" lon="-1.349590"><ele>157.1</ele><time>2014-04-19T09:58:09.000Z</time></trkpt>
      <trkpt lat="52.736181" lon="-1.349602"><ele>157.1</ele><time>2014-04-19T09:58:11.000Z</time></trkpt>
      <trkpt lat="52.736207" lon="-1.349578"><ele>157.1</ele><time>2014-04-19T09:58:14.000Z</time></trkpt>
      <trkpt lat="52.736234" lon="-1.349569"><ele>157.0</ele><time>2014-04-19T09:58:18.000Z</time></trkpt>
      <trkpt lat="52.736270" lon="-1.349557"><ele>156.8</ele><time>2014-04-19T09:58:21.000Z</time></trkpt>
      <trkpt lat="52.736305" lon="-1.349573"><ele>156.5</ele><time>2014-04-19T09:58:23.000Z</time></trkpt>
      <trkpt lat="52.736338" lon="-1.349588"><ele>156.2</ele><time>2014-04-19T09:58:25.000Z</time></trkpt>
      <trkpt lat="52.736367" lon="-1.349604"><ele>155.9</ele><time>2014-04-19T09:58:27.000Z</time></trkpt>
      <trkpt lat="52.736403" lon="-1.349652"><ele>155.5</ele><time>2014-04-19T09:58:32.000Z</time></trkpt>
      <trkpt lat="52.736419" lon="-1.349690"><ele>155.4</ele><time>2014-04-19T09:58:34.000Z</time></trkpt>
      <trkpt lat="52.736442" lon="-1.349720"><ele>155.2</ele><time>2014-04-19T09:58:36.000Z</time></trkpt>
      <trkpt lat="52.736468" lon="-1.349747"><ele>155.0</ele><time>2014-04-19T09:58:38.000Z</time></trkpt>
      <trkpt lat="52.736500" lon="-1.349778"><ele>154.7</ele><time>2014-04-19T09:58:40.000Z</time></trkpt>
      <trkpt lat="52.736533" lon="-1.349808"><ele>154.4</ele><time>2014-04-19T09:58:42.000Z</time></trkpt>
      <trkpt lat="52.736564" lon="-1.349832"><ele>154.1</ele><time>2014-04-19T09:58:44.000Z</time></trkpt>
      <trkpt lat="52.736591" lon="-1.349854"><ele>153.9</ele><time>2014-04-19T09:58:46.000Z</time></trkpt>
      <trkpt lat="52.736621" lon="-1.349869"><ele>153.6</ele><time>2014-04-19T09:58:48.000Z</time></trkpt>
      <trkpt lat="52.736656" lon="-1.349881"><ele>153.3</ele><time>2014-04-19T09:58:50.000Z</time></trkpt>
      <trkpt lat="52.736683" lon="-1.349889"><ele>153.0</ele><time>2014-04-19T09:58:52.000Z</time></trkpt>
      <trkpt lat="52.736725" lon="-1.349903"><ele>152.7</ele><time>2014-04-19T09:58:55.000Z</time></trkpt>
      <trkpt lat="52.736755" lon="-1.349907"><ele>152.4</ele><time>2014-04-19T09:58:57.000Z</time></trkpt>
      <trkpt lat="52.736792" lon="-1.349912"><ele>152.1</ele><time>2014-04-19T09:59:00.000Z</time></trkpt>
      <trkpt lat="52.736828" lon="-1.349906"><ele>151.7</ele><time>2014-04-19T09:59:03.000Z</time></trkpt>
      <trkpt lat="52.736855" lon="-1.349897"><ele>151.5</ele><time>2014-04-19T09:59:05.000Z</time></trkpt>
      <trkpt lat="52.736880" lon="-1.349877"><ele>151.2</ele><time>2014-04-19T09:59:09.000Z</time></trkpt>
      <trkpt lat="52.736917" lon="-1.349889"><ele>150.9</ele><time>2014-04-19T09:59:19.000Z</time></trkpt>
    </trkseg>
  </trk>
</gpx>
