<?xml version="1.0" encoding="UTF-8"?>
<gpx version="1.1" creator="walkingwithember" xmlns="http://www.topografix.com/GPX/1/1">
  <metadata>
    <name>Walk 2025-03-07</name>
    <time>2025-03-07T06:35:24.000Z</time>
  </metadata>
  <trk>
    <name>Walk 2025-03-07</name>
    <trkseg>
      <trkpt lat="52.737000" lon="-1.349860"><ele>0.0</ele><time>2025-03-07T06:35:24.000Z</time></trkpt>
      <trkpt lat="52.736940" lon="-1.349710"><ele>0.0</ele><time>2025-03-07T06:35:24.000Z</time></trkpt>
      <trkpt lat="52.736860" lon="-1.349860"><ele>0.0</ele><time>2025-03-07T06:35:25.000Z</time></trkpt>
      <trkpt lat="52.736820" lon="-1.350070"><ele>0.0</ele><time>2025-03-07T06:35:31.000Z</time></trkpt>
      <trkpt lat="52.736820" lon="-1.350040"><ele>0.0</ele><time>2025-03-07T06:35:32.000Z</time></trkpt>
      <trkpt lat="52.736820" lon="-1.350010"><ele>0.0</ele><time>2025-03-07T06:35:33.000Z</time></trkpt>
      <trkpt lat="52.736830" lon="-1.350020"><ele>0.0</ele><time>2025-03-07T06:35:36.000Z</time></trkpt>
      <trkpt lat="52.736810" lon="-1.349980"><ele>0.0</ele><time>2025-03-07T06:35:38.000Z</time></trkpt>
      <trkpt lat="52.736780" lon="-1.349950"><ele>0.0</ele><time>2025-03-07T06:35:41.000Z</time></trkpt>
      <trkpt lat="52.736760" lon="-1.349890"><ele>0.0</ele><time>2025-03-07T06:35:43.000Z</time></trkpt>
      <trkpt lat="52.736740" lon="-1.349910"><ele>0.0</ele><time>2025-03-07T06:35:46.000Z</time></trkpt>
      <trkpt lat="52.736770" lon="-1.349950"><ele>0.0</ele><time>2025-03-07T06:35:49.000Z</time></trkpt>
      <trkpt lat="52.736810" lon="-1.350020"><ele>0.0</ele><time>2025-03-07T06:35:51.000Z</time></trkpt>
      <trkpt lat="52.736830" lon="-1.350080"><ele>0.0</ele><time>2025-03-07T06:35:54.000Z</time></trkpt>
      <trkpt lat="52.736820" lon="-1.350150"><ele>0.0</ele><time>2025-03-07T06:35:57.000Z</time></trkpt>
      <trkpt lat="52.736840" lon="-1.350170"><ele>0.0</ele><time>2025-03-07T06:35:58.000Z</time></trkpt>
      <trkpt lat="52.736850" lon="-1.350230"><ele>0.0</ele><time>2025-03-07T06:35:59.000Z</time></trkpt>
      <trkpt lat="52.736890" lon="-1.350240"><ele>0.0</ele><time>2025-03-07T06:36:00.000Z</time></trkpt>
      <trkpt lat="52.736930" lon="-1.350280"><ele>0.0</ele><time>2025-03-07T06:36:05.000Z</time></trkpt>
      <trkpt lat="52.736960" lon="-1.350300"><ele>0.0</ele><time>2025-03-07T06:36:06.000Z</time></trkpt>
      <trkpt lat="52.736970" lon="-1.350350"><ele>0.0</ele><time>2025-03-07T06:36:11.000Z</time></trkpt>
      <trkpt lat="52.737010" lon="-1.350410"><ele>0.0</ele><time>2025-03-07T06:36:16.000Z</time></trkpt>
      <trkpt lat="52.737100" lon="-1.350410"><ele>0.0</ele><time>2025-03-07T06:36:17.000Z</time></trkpt>
      <trkpt lat="52.737150" lon="-1.350410"><ele>0.0</ele><time>2025-03-07T06:36:19.000Z</time></trkpt>
      <trkpt lat="52.737170" lon="-1.350430"><ele>0.0</ele><time>2025-03-07T06:36:21.000Z</time></trkpt>
      <trkpt lat="52.737210" lon="-1.350480"><ele>0.0</ele><time>2025-03-07T06:36:24.000Z</time></trkpt>
      <trkpt lat="52.737230" lon="-1.350520"><ele>0.0</ele><time>2025-03-07T06:36:29.000Z</time></trkpt>
      <trkpt lat="52.737260" lon="-1.350560"><ele>0.0</ele><time>2025-03-07T06:36:32.000Z</time></trkpt>
      <trkpt lat="52.737220" lon="-1.350580"><ele>0.0</ele><time>2025-03-07T06:36:34.000Z</time></trkpt>
      <trkpt lat="52.737340" lon="-1.350600"><ele>0.0</ele><time>2025-03-07T06:36:36.000Z</time></trkpt>
      <trkpt lat="52.737410" lon="-1.350630"><ele>0.0</ele><time>2025-03-07T06:36:37.000Z</time></trkpt>
      <trkpt lat="52.737360" lon="-1.350650"><ele>0.0</ele><time>2025-03-07T06:36:38.000Z</time></trkpt>
      <trkpt lat="52.737350" lon="-1.350710"><ele>0.0</ele><time>2025-03-07T06:36:43.000Z</time></trkpt>
      <trkpt lat="52.737370" lon="-1.350730"><ele>0.0</ele><time>2025-03-07T06:36:44.000Z</time></trkpt>
      <trkpt lat="52.737400" lon="-1.350770"><ele>0.0</ele><time>2025-03-07T06:36:46.000Z</time></trkpt>
      <trkpt lat="52.737370" lon="-1.350750"><ele>0.0</ele><time>2025-03-07T06:36:47.000Z</time></trkpt>
      <trkpt lat="52.737440" lon="-1.350770"><ele>0.0</ele><time>2025-03-07T06:36:50.000Z</time></trkpt>
      <trkpt lat="52.737570" lon="-1.350760"><ele>0.0</ele><time>2025-03-07T06:36:51.000Z</time></trkpt>
      <trkpt lat="52.737540" lon="-1.350860"><ele>0.0</ele><time>2025-03-07T06:36:53.000Z</time></trkpt>
      <trkpt lat="52.737520" lon="-1.350900"><ele>0.0</ele><time>2025-03-07T06:36:59.000Z</time></trkpt>
      <trkpt lat="52.737520" lon="-1.350950"><ele>0.0</ele><time>2025-03-07T06:37:01.000Z</time></trkpt>
      <trkpt lat="52.737550" lon="-1.350970"><ele>0.0</ele><time>2025-03-07T06:37:03.000Z</time></trkpt>
      <trkpt lat="52.737490" lon="-1.350980"><ele>0.0</ele><time>2025-03-07T06:37:07.000Z</time></trkpt>
      <trkpt lat="52.737550" lon="-1.351050"><ele>0.0</ele><time>2025-03-07T06:37:08.000Z</time></trkpt>
      <trkpt lat="52.737730" lon="-1.351020"><ele>0.0</ele><time>2025-03-07T06:37:09.000Z</time></trkpt>
      <trkpt lat="52.737710" lon="-1.350990"><ele>0.0</ele><time>2025-03-07T06:37:10.000Z</time></trkpt>
      <trkpt lat="52.737710" lon="-1.350950"><ele>0.0</ele><time>2025-03-07T06:37:11.000Z</time></trkpt>
      <trkpt lat="52.737800" lon="-1.350930"><ele>0.0</ele><time>2025-03-07T06:37:13.000Z</time></trkpt>
      <trkpt lat="52.737810" lon="-1.350980"><ele>0.0</ele><time>2025-03-07T06:37:22.000Z</time></trkpt>
      <trkpt lat="52.737790" lon="-1.351030"><ele>0.0</ele><time>2025-03-07T06:37:23.000Z</time></trkpt>
      <trkpt lat="52.737830" lon="-1.351000"><ele>0.0</ele><time>2025-03-07T06:37:24.000Z</time></trkpt>
      <trkpt lat="52.737870" lon="-1.351040"><ele>0.0</ele><time>2025-03-07T06:37:25.000Z</time></trkpt>
      <trkpt lat="52.737840" lon="-1.351030"><ele>0.0</ele><time>2025-03-07T06:37:26.000Z</time></trkpt>
      <trkpt lat="52.737850" lon="-1.351120"><ele>0.0</ele><time>2025-03-07T06:37:28.000Z</time></trkpt>
      <trkpt lat="52.737870" lon="-1.351070"><ele>0.0</ele><time>2025-03-07T06:37:29.000Z</time></trkpt>
      <trkpt lat="52.737890" lon="-1.351120"><ele>0.0</ele><time>2025-03-07T06:37:30.000Z</time></trkpt>
      <trkpt lat="52.737930" lon="-1.351100"><ele>0.0</ele><time>2025-03-07T06:37:31.000Z</time></trkpt>
      <trkpt lat="52.737980" lon="-1.351240"><ele>0.0</ele><time>2025-03-07T06:37:32.000Z</time></trkpt>
      <trkpt lat="52.737910" lon="-1.351190"><ele>0.0</ele><time>2025-03-07T06:37:33.000Z</time></trkpt>
      <trkpt lat="52.737940" lon="-1.351210"><ele>0.0</ele><time>2025-03-07T06:37:34.000Z</time></trkpt>
      <trkpt lat="52.737970" lon="-1.351240"><ele>0.0</ele><time>2025-03-07T06:37:36.000Z</time></trkpt>
      <trkpt lat="52.738000" lon="-1.351230"><ele>0.0</ele><time>2025-03-07T06:37:37.000Z</time></trkpt>
      <trkpt lat="52.738060" lon="-1.351300"><ele>0.0</ele><time>2025-03-07T06:37:38.000Z</time></trkpt>
      <trkpt lat="52.738010" lon="-1.351290"><ele>0.0</ele><time>2025-03-07T06:37:39.000Z</time></trkpt>
      <trkpt lat="52.738060" lon="-1.351290"><ele>0.0</ele><time>2025-03-07T06:37:43.000Z</time></trkpt>
      <trkpt lat="52.738080" lon="-1.351250"><ele>0.0</ele><time>2025-03-07T06:37:45.000Z</time></trkpt>
      <trkpt lat="52.738110" lon="-1.351250"><ele>0.0</ele><time>2025-03-07T06:37:46.000Z</time></trkpt>
      <trkpt lat="52.738130" lon="-1.351210"><ele>0.0</ele><time>2025-03-07T06:37:48.000Z</time></trkpt>
      <trkpt lat="52.738170" lon="-1.351290"><ele>0.0</ele><time>2025-03-07T06:37:50.000Z</time></trkpt>
      <trkpt lat="52.738200" lon="-1.351290"><ele>0.0</ele><time>2025-03-07T06:37:53.000Z</time></trkpt>
      <trkpt lat="52.738270" lon="-1.351250"><ele>0.0</ele><time>2025-03-07T06:37:54.000Z</time></trkpt>
      <trkpt lat="52.738310" lon="-1.351240"><ele>0.0</ele><time>2025-03-07T06:37:55.000Z</time></trkpt>
      <trkpt lat="52.738340" lon="-1.351210"><ele>0.0</ele><time>2025-03-07T06:37:56.000Z</time></trkpt>
      <trkpt lat="52.738360" lon="-1.351240"><ele>0.0</ele><time>2025-03-07T06:37:58.000Z</time></trkpt>
      <trkpt lat="52.738370" lon="-1.351290"><ele>0.0</ele><time>2025-03-07T06:38:00.000Z</time></trkpt>
      <trkpt lat="52.738400" lon="-1.351340"><ele>0.0</ele><time>2025-03-07T06:38:02.000Z</time></trkpt>
      <trkpt lat="52.738370" lon="-1.351360"><ele>0.0</ele><time>2025-03-07T06:38:05.000Z</time></trkpt>
      <trkpt lat="52.738400" lon="-1.351420"><ele>0.0</ele><time>2025-03-07T06:38:09.000Z</time></trkpt>
      <trkpt lat="52.738350" lon="-1.351450"><ele>0.0</ele><time>2025-03-07T06:38:12.000Z</time></trkpt>
      <trkpt lat="52.738420" lon="-1.351550"><ele>0.0</ele><time>2025-03-07T06:38:15.000Z</time></trkpt>
      <trkpt lat="52.738390" lon="-1.351500"><ele>0.0</ele><time>2025-03-07T06:38:16.000Z</time></trkpt>
      <trkpt lat="52.738470" lon="-1.351500"><ele>0.0</ele><time>2025-03-07T06:38:17.000Z</time></trkpt>
      <trkpt lat="52.738580" lon="-1.351450"><ele>0.0</ele><time>2025-03-07T06:38:18.000Z</time></trkpt>
      <trkpt lat="52.738540" lon="-1.351480"><ele>0.0</ele><time>2025-03-07T06:38:19.000Z</time></trkpt>
      <trkpt lat="52.738540" lon="-1.351560"><ele>0.0</ele><time>2025-03-07T06:38:21.000Z</time></trkpt>
      <trkpt lat="52.738550" lon="-1.351610"><ele>0.0</ele><time>2025-03-07T06:38:24.000Z</time></trkpt>
      <trkpt lat="52.738590" lon="-1.351680"><ele>0.0</ele><time>2025-03-07T06:38:32.000Z</time></trkpt>
      <trkpt lat="52.738610" lon="-1.351720"><ele>0.0</ele><time>2025-03-07T06:38:37.000Z</time></trkpt>
      <trkpt lat="52.738570" lon="-1.351740"><ele>0.0</ele><time>2025-03-07T06:38:39.000Z</time></trkpt>
      <trkpt lat="52.738580" lon="-1.351790"><ele>0.0</ele><time>2025-03-07T06:38:41.000Z</time></trkpt>
      <trkpt lat="52.738600" lon="-1.351840"><ele>0.0</ele><time>2025-03-07T06:38:43.000Z</time></trkpt>
      <trkpt lat="52.738660" lon="-1.351960"><ele>0.0</ele><time>2025-03-07T06:38:46.000Z</time></trkpt>
      <trkpt lat="52.738690" lon="-1.351910"><ele>0.0</ele><time>2025-03-07T06:38:48.000Z</time></trkpt>
      <trkpt lat="52.738720" lon="-1.351940"><ele>0.0</ele><time>2025-03-07T06:38:52.000Z</time></trkpt>
      <trkpt lat="52.738790" lon="-1.352080"><ele>0.0</ele><time>2025-03-07T06:38:55.000Z</time></trkpt>
      <trkpt lat="52.738750" lon="-1.352120"><ele>0.0</ele><time>2025-03-07T06:38:56.000Z</time></trkpt>
      <trkpt lat="52.738760" lon="-1.352190"><ele>0.0</ele><time>2025-03-07T06:38:58.000Z</time></trkpt>
      <trkpt lat="52.738800" lon="-1.352190"><ele>0.0</ele><time>2025-03-07T06:39:01.000Z</time></trkpt>
      <trkpt lat="52.738840" lon="-1.352210"><ele>0.0</ele><time>2025-03-07T06:39:04.000Z</time></trkpt>
      <trkpt lat="52.738860" lon="-1.352220"><ele>0.0</ele><time>2025-03-07T06:39:06.000Z</time></trkpt>
      <trkpt lat="52.738910" lon="-1.352250"><ele>0.0</ele><time>2025-03-07T06:39:09.000Z</time></trkpt>
      <trkpt lat="52.738950" lon="-1.352260"><ele>0.0</ele><time>2025-03-07T06:39:12.000Z</time></trkpt>
      <trkpt lat="52.738980" lon="-1.352240"><ele>0.0</ele><time>2025-03-07T06:39:16.000Z</time></trkpt>
      <trkpt lat="52.739020" lon="-1.352210"><ele>0.0</ele><time>2025-03-07T06:39:20.000Z</time></trkpt>
      <trkpt lat="52.739050" lon="-1.352340"><ele>0.0</ele><time>2025-03-07T06:39:24.000Z</time></trkpt>
      <trkpt lat="52.739090" lon="-1.352350"><ele>0.0</ele><time>2025-03-07T06:39:28.000Z</time></trkpt>
      <trkpt lat="52.739120" lon="-1.352420"><ele>0.0</ele><time>2025-03-07T06:39:31.000Z</time></trkpt>
      <trkpt lat="52.739140" lon="-1.352530"><ele>0.0</ele><time>2025-03-07T06:39:34.000Z</time></trkpt>
      <trkpt lat="52.739120" lon="-1.352570"><ele>0.0</ele><time>2025-03-07T06:39:38.000Z</time></trkpt>
      <trkpt lat="52.739110" lon="-1.352650"><ele>0.0</ele><time>2025-03-07T06:39:42.000Z</time></trkpt>
      <trkpt lat="52.739150" lon="-1.352640"><ele>0.0</ele><time>2025-03-07T06:39:43.000Z</time></trkpt>
      <trkpt lat="52.739160" lon="-1.352720"><ele>0.0</ele><time>2025-03-07T06:39:46.000Z</time></trkpt>
      <trkpt lat="52.739190" lon="-1.352680"><ele>0.0</ele><time>2025-03-07T06:39:48.000Z</time></trkpt>
      <trkpt lat="52.739220" lon="-1.352740"><ele>0.0</ele><time>2025-03-07T06:39:50.000Z</time></trkpt>
      <trkpt lat="52.739250" lon="-1.352800"><ele>0.0</ele><time>2025-03-07T06:39:51.000Z</time></trkpt>
      <trkpt lat="52.739260" lon="-1.352840"><ele>0.0</ele><time>2025-03-07T06:39:54.000Z</time></trkpt>
      <trkpt lat="52.739290" lon="-1.352840"><ele>0.0</ele><time>2025-03-07T06:39:58.000Z</time></trkpt>
      <trkpt lat="52.739330" lon="-1.352840"><ele>0.0</ele><time>2025-03-07T06:40:00.000Z</time></trkpt>
      <trkpt lat="52.739360" lon="-1.352820"><ele>0.0</ele><time>2025-03-07T06:40:02.000Z</time></trkpt>
      <trkpt lat="52.739400" lon="-1.352870"><ele>0.0</ele><time>2025-03-07T06:40:06.000Z</time></trkpt>
      <trkpt lat="52.739380" lon="-1.352900"><ele>0.0</ele><time>2025-03-07T06:40:09.000Z</time></trkpt>
      <trkpt lat="52.739410" lon="-1.352910"><ele>0.0</ele><time>2025-03-07T06:40:10.000Z</time></trkpt>
      <trkpt lat="52.739460" lon="-1.352970"><ele>0.0</ele><time>2025-03-07T06:40:13.000Z</time></trkpt>
      <trkpt lat="52.739510" lon="-1.353030"><ele>0.0</ele><time>2025-03-07T06:40:18.000Z</time></trkpt>
      <trkpt lat="52.739560" lon="-1.352960"><ele>0.0</ele><time>2025-03-07T06:40:23.000Z</time></trkpt>
      <trkpt lat="52.739590" lon="-1.352930"><ele>0.0</ele><time>2025-03-07T06:40:24.000Z</time></trkpt>
      <trkpt lat="52.739600" lon="-1.352890"><ele>0.0</ele><time>2025-03-07T06:40:25.000Z</time></trkpt>
      <trkpt lat="52.739550" lon="-1.352930"><ele>0.0</ele><time>2025-03-07T06:40:27.000Z</time></trkpt>
      <trkpt lat="52.739610" lon="-1.352840"><ele>0.0</ele><time>2025-03-07T06:40:29.000Z</time></trkpt>
      <trkpt lat="52.739600" lon="-1.352790"><ele>0.0</ele><time>2025-03-07T06:40:31.000Z</time></trkpt>
      <trkpt lat="52.739630" lon="-1.352840"><ele>0.0</ele><time>2025-03-07T06:40:33.000Z</time></trkpt>
      <trkpt lat="52.739680" lon="-1.352800"><ele>0.0</ele><time>2025-03-07T06:40:37.000Z</time></trkpt>
      <trkpt lat="52.739700" lon="-1.352760"><ele>0.0</ele><time>2025-03-07T06:40:38.000Z</time></trkpt>
      <trkpt lat="52.739700" lon="-1.352660"><ele>0.0</ele><time>2025-03-07T06:40:40.000Z</time></trkpt>
      <trkpt lat="52.739720" lon="-1.352620"><ele>0.0</ele><time>2025-03-07T06:40:42.000Z</time></trkpt>
      <trkpt lat="52.739750" lon="-1.352650"><ele>0.0</ele><time>2025-03-07T06:40:49.000Z</time></trkpt>
      <trkpt lat="52.739790" lon="-1.352590"><ele>0.0</ele><time>2025-03-07T06:40:50.000Z</time></trkpt>
      <trkpt lat="52.739760" lon="-1.352570"><ele>0.0</ele><time>2025-03-07T06:40:52.000Z</time></trkpt>
      <trkpt lat="52.739750" lon="-1.352500"><ele>0.0</ele><time>2025-03-07T06:40:56.000Z</time></trkpt>
      <trkpt lat="52.739740" lon="-1.352440"><ele>0.0</ele><time>2025-03-07T06:40:58.000Z</time></trkpt>
      <trkpt lat="52.739750" lon="-1.352370"><ele>0.0</ele><time>2025-03-07T06:41:01.000Z</time></trkpt>
      <trkpt lat="52.739780" lon="-1.352380"><ele>0.0</ele><time>2025-03-07T06:41:02.000Z</time></trkpt>
      <trkpt lat="52.739780" lon="-1.352300"><ele>0.0</ele><time>2025-03-07T06:41:03.000Z</time></trkpt>
      <trkpt lat="52.739780" lon="-1.352250"><ele>0.0</ele><time>2025-03-07T06:41:06.000Z</time></trkpt>
      <trkpt lat="52.739810" lon="-1.352210"><ele>0.0</ele><time>2025-03-07T06:41:07.000Z</time></trkpt>
      <trkpt lat="52.739800" lon="-1.352140"><ele>0.0</ele><time>2025-03-07T06:41:09.000Z</time></trkpt>
      <trkpt lat="52.739780" lon="-1.352100"><ele>0.0</ele><time>2025-03-07T06:41:10.000Z</time></trkpt>
      <trkpt lat="52.739760" lon="-1.352060"><ele>0.0</ele><time>2025-03-07T06:41:14.000Z</time></trkpt>
      <trkpt lat="52.739790" lon="-1.352100"><ele>0.0</ele><time>2025-03-07T06:41:17.000Z</time></trkpt>
      <trkpt lat="52.739770" lon="-1.352050"><ele>0.0</ele><time>2025-03-07T06:41:20.000Z</time></trkpt>
      <trkpt lat="52.739750" lon="-1.351990"><ele>0.0</ele><time>2025-03-07T06:41:21.000Z</time></trkpt>
      <trkpt lat="52.739760" lon="-1.351940"><ele>0.0</ele><time>2025-03-07T06:41:22.000Z</time></trkpt>
      <trkpt lat="52.739730" lon="-1.351890"><ele>0.0</ele><time>2025-03-07T06:41:25.000Z</time></trkpt>
      <trkpt lat="52.739770" lon="-1.351860"><ele>0.0</ele><time>2025-03-07T06:41:27.000Z</time></trkpt>
      <trkpt lat="52.739780" lon="-1.351800"><ele>0.0</ele><time>2025-03-07T06:41:29.000Z</time></trkpt>
      <trkpt lat="52.739740" lon="-1.351730"><ele>0.0</ele><time>2025-03-07T06:41:33.000Z</time></trkpt>
      <trkpt lat="52.739770" lon="-1.351720"><ele>0.0</ele><time>2025-03-07T06:41:34.000Z</time></trkpt>
      <trkpt lat="52.739790" lon="-1.351680"><ele>0.0</ele><time>2025-03-07T06:41:37.000Z</time></trkpt>
      <trkpt lat="52.739810" lon="-1.351640"><ele>0.0</ele><time>2025-03-07T06:41:38.000Z</time></trkpt>
      <trkpt lat="52.739790" lon="-1.351600"><ele>0.0</ele><time>2025-03-07T06:41:40.000Z</time></trkpt>
      <trkpt lat="52.739770" lon="-1.351540"><ele>0.0</ele><time>2025-03-07T06:41:42.000Z</time></trkpt>
      <trkpt lat="52.739740" lon="-1.351500"><ele>0.0</ele><time>2025-03-07T06:41:44.000Z</time></trkpt>
      <trkpt lat="52.739750" lon="-1.351440"><ele>0.0</ele><time>2025-03-07T06:41:46.000Z</time></trkpt>
      <trkpt lat="52.739790" lon="-1.351410"><ele>0.0</ele><time>2025-03-07T06:41:48.000Z</time></trkpt>
      <trkpt lat="52.739770" lon="-1.351380"><ele>0.0</ele><time>2025-03-07T06:41:50.000Z</time></trkpt>
      <trkpt lat="52.739740" lon="-1.351350"><ele>0.0</ele><time>2025-03-07T06:41:51.000Z</time></trkpt>
      <trkpt lat="52.739720" lon="-1.351300"><ele>0.0</ele><time>2025-03-07T06:41:54.000Z</time></trkpt>
      <trkpt lat="52.739680" lon="-1.351280"><ele>0.0</ele><time>2025-03-07T06:41:57.000Z</time></trkpt>
      <trkpt lat="52.739690" lon="-1.351220"><ele>0.0</ele><time>2025-03-07T06:41:59.000Z</time></trkpt>
      <trkpt lat="52.739650" lon="-1.351150"><ele>0.0</ele><time>2025-03-07T06:42:00.000Z</time></trkpt>
      <trkpt lat="52.739670" lon="-1.351110"><ele>0.0</ele><time>2025-03-07T06:42:05.000Z</time></trkpt>
      <trkpt lat="52.739590" lon="-1.351080"><ele>0.0</ele><time>2025-03-07T06:42:07.000Z</time></trkpt>
      <trkpt lat="52.739590" lon="-1.351040"><ele>0.0</ele><time>2025-03-07T06:42:09.000Z</time></trkpt>
      <trkpt lat="52.739560" lon="-1.351000"><ele>0.0</ele><time>2025-03-07T06:42:13.000Z</time></trkpt>
      <trkpt lat="52.739550" lon="-1.350950"><ele>0.0</ele><time>2025-03-07T06:42:16.000Z</time></trkpt>
      <trkpt lat="52.739540" lon="-1.350910"><ele>0.0</ele><time>2025-03-07T06:42:17.000Z</time></trkpt>
      <trkpt lat="52.739550" lon="-1.350830"><ele>0.0</ele><time>2025-03-07T06:42:19.000Z</time></trkpt>
      <trkpt lat="52.739540" lon="-1.350770"><ele>0.0</ele><time>2025-03-07T06:42:21.000Z</time></trkpt>
      <trkpt lat="52.739580" lon="-1.350700"><ele>0.0</ele><time>2025-03-07T06:42:24.000Z</time></trkpt>
      <trkpt lat="52.739590" lon="-1.350660"><ele>0.0</ele><time>2025-03-07T06:42:26.000Z</time></trkpt>
      <trkpt lat="52.739610" lon="-1.350620"><ele>0.0</ele><time>2025-03-07T06:42:27.000Z</time></trkpt>
      <trkpt lat="52.739590" lon="-1.350510"><ele>0.0</ele><time>2025-03-07T06:42:30.000Z</time></trkpt>
      <trkpt lat="52.739620" lon="-1.350420"><ele>0.0</ele><time>2025-03-07T06:42:35.000Z</time></trkpt>
      <trkpt lat="52.739600" lon="-1.350440"><ele>0.0</ele><time>2025-03-07T06:42:37.000Z</time></trkpt>
      <trkpt lat="52.739620" lon="-1.350380"><ele>0.0</ele><time>2025-03-07T06:42:41.000Z</time></trkpt>
      <trkpt lat="52.739630" lon="-1.350320"><ele>0.0</ele><time>2025-03-07T06:42:43.000Z</time></trkpt>
      <trkpt lat="52.739620" lon="-1.350260"><ele>0.0</ele><time>2025-03-07T06:42:45.000Z</time></trkpt>
      <trkpt lat="52.739610" lon="-1.350160"><ele>0.0</ele><time>2025-03-07T06:42:49.000Z</time></trkpt>
      <trkpt lat="52.739640" lon="-1.350200"><ele>0.0</ele><time>2025-03-07T06:42:51.000Z</time></trkpt>
      <trkpt lat="52.739680" lon="-1.350170"><ele>0.0</ele><time>2025-03-07T06:42:53.000Z</time></trkpt>
      <trkpt lat="52.739700" lon="-1.350230"><ele>0.0</ele><time>2025-03-07T06:42:58.000Z</time></trkpt>
      <trkpt lat="52.739740" lon="-1.350280"><ele>0.0</ele><time>2025-03-07T06:43:00.000Z</time></trkpt>
      <trkpt lat="52.739770" lon="-1.350240"><ele>0.0</ele><time>2025-03-07T06:43:05.000Z</time></trkpt>
      <trkpt lat="52.739750" lon="-1.350200"><ele>0.0</ele><time>2025-03-07T06:43:06.000Z</time></trkpt>
      <trkpt lat="52.739820" lon="-1.350200"><ele>0.0</ele><time>2025-03-07T06:43:07.000Z</time></trkpt>
      <trkpt lat="52.739840" lon="-1.350250"><ele>0.0</ele><time>2025-03-07T06:43:08.000Z</time></trkpt>
      <trkpt lat="52.739870" lon="-1.350270"><ele>0.0</ele><time>2025-03-07T06:43:09.000Z</time></trkpt>
      <trkpt lat="52.739840" lon="-1.350260"><ele>0.0</ele><time>2025-03-07T06:43:13.000Z</time></trkpt>
      <trkpt lat="52.739850" lon="-1.350190"><ele>0.0</ele><time>2025-03-07T06:43:14.000Z</time></trkpt>
      <trkpt lat="52.739870" lon="-1.350230"><ele>0.0</ele><time>2025-03-07T06:43:15.000Z</time></trkpt>
      <trkpt lat="52.739840" lon="-1.350220"><ele>0.0</ele><time>2025-03-07T06:43:17.000Z</time></trkpt>
      <trkpt lat="52.739860" lon="-1.350170"><ele>0.0</ele><time>2025-03-07T06:43:19.000Z</time></trkpt>
      <trkpt lat="52.739860" lon="-1.350110"><ele>0.0</ele><time>2025-03-07T06:43:21.000Z</time></trkpt>
      <trkpt lat="52.739890" lon="-1.350120"><ele>0.0</ele><time>2025-03-07T06:43:22.000Z</time></trkpt>
      <trkpt lat="52.739920" lon="-1.350090"><ele>0.0</ele><time>2025-03-07T06:43:23.000Z</time></trkpt>
      <trkpt lat="52.739950" lon="-1.350110"><ele>0.0</ele><time>2025-03-07T06:43:25.000Z</time></trkpt>
      <trkpt lat="52.739980" lon="-1.350090"><ele>0.0</ele><time>2025-03-07T06:43:27.000Z</time></trkpt>
      <trkpt lat="52.740020" lon="-1.350070"><ele>0.0</ele><time>2025-03-07T06:43:28.000Z</time></trkpt>
      <trkpt lat="52.740030" lon="-1.350110"><ele>0.0</ele><time>2025-03-07T06:43:30.000Z</time></trkpt>
      <trkpt lat="52.740060" lon="-1.350150"><ele>0.0</ele><time>2025-03-07T06:43:32.000Z</time></trkpt>
      <trkpt lat="52.740090" lon="-1.350160"><ele>0.0</ele><time>2025-03-07T06:43:34.000Z</time></trkpt>
      <trkpt lat="52.740090" lon="-1.350100"><ele>0.0</ele><time>2025-03-07T06:43:37.000Z</time></trkpt>
      <trkpt lat="52.740110" lon="-1.350050"><ele>0.0</ele><time>2025-03-07T06:43:38.000Z</time></trkpt>
      <trkpt lat="52.740140" lon="-1.349970"><ele>0.0</ele><time>2025-03-07T06:43:44.000Z</time></trkpt>
      <trkpt lat="52.740110" lon="-1.349990"><ele>0.0</ele><time>2025-03-07T06:43:45.000Z</time></trkpt>
      <trkpt lat="52.740140" lon="-1.350020"><ele>0.0</ele><time>2025-03-07T06:43:49.000Z</time></trkpt>
      <trkpt lat="52.740110" lon="-1.349880"><ele>0.0</ele><time>2025-03-07T06:43:50.000Z</time></trkpt>
      <trkpt lat="52.740120" lon="-1.349940"><ele>0.0</ele><time>2025-03-07T06:43:51.000Z</time></trkpt>
      <trkpt lat="52.740190" lon="-1.349850"><ele>0.0</ele><time>2025-03-07T06:43:52.000Z</time></trkpt>
      <trkpt lat="52.740230" lon="-1.349820"><ele>0.0</ele><time>2025-03-07T06:43:55.000Z</time></trkpt>
      <trkpt lat="52.740250" lon="-1.349810"><ele>0.0</ele><time>2025-03-07T06:43:56.000Z</time></trkpt>
      <trkpt lat="52.740280" lon="-1.349820"><ele>0.0</ele><time>2025-03-07T06:43:57.000Z</time></trkpt>
      <trkpt lat="52.740320" lon="-1.349820"><ele>0.0</ele><time>2025-03-07T06:44:00.000Z</time></trkpt>
      <trkpt lat="52.740370" lon="-1.349770"><ele>0.0</ele><time>2025-03-07T06:44:05.000Z</time></trkpt>
      <trkpt lat="52.740400" lon="-1.349740"><ele>0.0</ele><time>2025-03-07T06:44:08.000Z</time></trkpt>
      <trkpt lat="52.740420" lon="-1.349780"><ele>0.0</ele><time>2025-03-07T06:44:09.000Z</time></trkpt>
      <trkpt lat="52.740440" lon="-1.349740"><ele>0.0</ele><time>2025-03-07T06:44:11.000Z</time></trkpt>
      <trkpt lat="52.740410" lon="-1.349720"><ele>0.0</ele><time>2025-03-07T06:44:12.000Z</time></trkpt>
      <trkpt lat="52.740430" lon="-1.349770"><ele>0.0</ele><time>2025-03-07T06:44:15.000Z</time></trkpt>
      <trkpt lat="52.740470" lon="-1.349800"><ele>0.0</ele><time>2025-03-07T06:44:18.000Z</time></trkpt>
      <trkpt lat="52.740500" lon="-1.349850"><ele>0.0</ele><time>2025-03-07T06:44:20.000Z</time></trkpt>
      <trkpt lat="52.740520" lon="-1.349860"><ele>0.0</ele><time>2025-03-07T06:44:25.000Z</time></trkpt>
      <trkpt lat="52.740540" lon="-1.349890"><ele>0.0</ele><time>2025-03-07T06:44:30.000Z</time></trkpt>
      <trkpt lat="52.740510" lon="-1.349870"><ele>0.0</ele><time>2025-03-07T06:44:32.000Z</time></trkpt>
      <trkpt lat="52.740570" lon="-1.349850"><ele>0.0</ele><time>2025-03-07T06:44:34.000Z</time></trkpt>
      <trkpt lat="52.740590" lon="-1.349920"><ele>0.0</ele><time>2025-03-07T06:44:36.000Z</time></trkpt>
      <trkpt lat="52.740620" lon="-1.349890"><ele>0.0</ele><time>2025-03-07T06:44:37.000Z</time></trkpt>
      <trkpt lat="52.740620" lon="-1.349820"><ele>0.0</ele><time>2025-03-07T06:44:39.000Z</time></trkpt>
      <trkpt lat="52.740670" lon="-1.349820"><ele>0.0</ele><time>2025-03-07T06:44:41.000Z</time></trkpt>
      <trkpt lat="52.740630" lon="-1.349770"><ele>0.0</ele><time>2025-03-07T06:44:42.000Z</time></trkpt>
      <trkpt lat="52.740720" lon="-1.349800"><ele>0.0</ele><time>2025-03-07T06:44:44.000Z</time></trkpt>
      <trkpt lat="52.740760" lon="-1.349800"><ele>0.0</ele><time>2025-03-07T06:44:46.000Z</time></trkpt>
      <trkpt lat="52.740750" lon="-1.349750"><ele>0.0</ele><time>2025-03-07T06:44:47.000Z</time></trkpt>
      <trkpt lat="52.740790" lon="-1.349770"><ele>0.0</ele><time>2025-03-07T06:44:51.000Z</time></trkpt>
      <trkpt lat="52.740820" lon="-1.349760"><ele>0.0</ele><time>2025-03-07T06:44:52.000Z</time></trkpt>
      <trkpt lat="52.740860" lon="-1.349750"><ele>0.0</ele><time>2025-03-07T06:44:55.000Z</time></trkpt>
      <trkpt lat="52.740870" lon="-1.349790"><ele>0.0</ele><time>2025-03-07T06:44:57.000Z</time></trkpt>
      <trkpt lat="52.740900" lon="-1.349800"><ele>0.0</ele><time>2025-03-07T06:44:59.000Z</time></trkpt>
      <trkpt lat="52.740960" lon="-1.349840"><ele>0.0</ele><time>2025-03-07T06:45:04.000Z</time></trkpt>
      <trkpt lat="52.740920" lon="-1.349860"><ele>0.0</ele><time>2025-03-07T06:45:09.000Z</time></trkpt>
      <trkpt lat="52.740900" lon="-1.349900"><ele>0.0</ele><time>2025-03-07T06:45:17.000Z</time></trkpt>
      <trkpt lat="52.740950" lon="-1.349910"><ele>0.0</ele><time>2025-03-07T06:45:19.000Z</time></trkpt>
      <trkpt lat="52.740990" lon="-1.349870"><ele>0.0</ele><time>2025-03-07T06:45:20.000Z</time></trkpt>
      <trkpt lat="52.740990" lon="-1.349940"><ele>0.0</ele><time>2025-03-07T06:45:21.000Z</time></trkpt>
      <trkpt lat="52.741010" lon="-1.350000"><ele>0.0</ele><time>2025-03-07T06:45:23.000Z</time></trkpt>
      <trkpt lat="52.741030" lon="-1.350050"><ele>0.0</ele><time>2025-03-07T06:45:25.000Z</time></trkpt>
      <trkpt lat="52.741060" lon="-1.350080"><ele>0.0</ele><time>2025-03-07T06:45:27.000Z</time></trkpt>
      <trkpt lat="52.741060" lon="-1.350130"><ele>0.0</ele><time>2025-03-07T06:45:28.000Z</time></trkpt>
      <trkpt lat="52.741090" lon="-1.350200"><ele>0.0</ele><time>2025-03-07T06:45:32.000Z</time></trkpt>
      <trkpt lat="52.741120" lon="-1.350240"><ele>0.0</ele><time>2025-03-07T06:45:33.000Z</time></trkpt>
      <trkpt lat="52.741150" lon="-1.350270"><ele>0.0</ele><time>2025-03-07T06:45:34.000Z</time></trkpt>
      <trkpt lat="52.741230" lon="-1.350230"><ele>0.0</ele><time>2025-03-07T06:45:35.000Z</time></trkpt>
      <trkpt lat="52.741240" lon="-1.350190"><ele>0.0</ele><time>2025-03-07T06:45:37.000Z</time></trkpt>
      <trkpt lat="52.741250" lon="-1.350100"><ele>0.0</ele><time>2025-03-07T06:45:38.000Z</time></trkpt>
      <trkpt lat="52.741290" lon="-1.350080"><ele>0.0</ele><time>2025-03-07T06:45:41.000Z</time></trkpt>
      <trkpt lat="52.741290" lon="-1.350150"><ele>0.0</ele><time>2025-03-07T06:45:42.000Z</time></trkpt>
      <trkpt lat="52.741310" lon="-1.350110"><ele>0.0</ele><time>2025-03-07T06:45:44.000Z</time></trkpt>
      <trkpt lat="52.741350" lon="-1.350080"><ele>0.0</ele><time>2025-03-07T06:45:46.000Z</time></trkpt>
      <trkpt lat="52.741380" lon="-1.350070"><ele>0.0</ele><time>2025-03-07T06:45:47.000Z</time></trkpt>
      <trkpt lat="52.741400" lon="-1.350100"><ele>0.0</ele><time>2025-03-07T06:45:48.000Z</time></trkpt>
      <trkpt lat="52.741420" lon="-1.350140"><ele>0.0</ele><time>2025-03-07T06:45:50.000Z</time></trkpt>
      <trkpt lat="52.741400" lon="-1.350200"><ele>0.0</ele><time>2025-03-07T06:45:51.000Z</time></trkpt>
      <trkpt lat="52.741400" lon="-1.350080"><ele>0.0</ele><time>2025-03-07T06:45:55.000Z</time></trkpt>
      <trkpt lat="52.741420" lon="-1.350040"><ele>0.0</ele><time>2025-03-07T06:45:59.000Z</time></trkpt>
      <trkpt lat="52.741440" lon="-1.350110"><ele>0.0</ele><time>2025-03-07T06:46:05.000Z</time></trkpt>
      <trkpt lat="52.741470" lon="-1.350060"><ele>0.0</ele><time>2025-03-07T06:46:06.000Z</time></trkpt>
      <trkpt lat="52.741440" lon="-1.350010"><ele>0.0</ele><time>2025-03-07T06:46:07.000Z</time></trkpt>
      <trkpt lat="52.741440" lon="-1.350070"><ele>0.0</ele><time>2025-03-07T06:46:12.000Z</time></trkpt>
      <trkpt lat="52.741480" lon="-1.350060"><ele>0.0</ele><time>2025-03-07T06:46:14.000Z</time></trkpt>
      <trkpt lat="52.741510" lon="-1.350030"><ele>0.0</ele><time>2025-03-07T06:46:16.000Z</time></trkpt>
      <trkpt lat="52.741470" lon="-1.350180"><ele>0.0</ele><time>2025-03-07T06:46:18.000Z</time></trkpt>
      <trkpt lat="52.741500" lon="-1.350160"><ele>0.0</ele><time>2025-03-07T06:46:19.000Z</time></trkpt>
      <trkpt lat="52.741530" lon="-1.350160"><ele>0.0</ele><time>2025-03-07T06:46:21.000Z</time></trkpt>
      <trkpt lat="52.741540" lon="-1.350220"><ele>0.0</ele><time>2025-03-07T06:46:22.000Z</time></trkpt>
      <trkpt lat="52.741570" lon="-1.350260"><ele>0.0</ele><time>2025-03-07T06:46:23.000Z</time></trkpt>
      <trkpt lat="52.741590" lon="-1.350200"><ele>0.0</ele><time>2025-03-07T06:46:25.000Z</time></trkpt>
      <trkpt lat="52.741630" lon="-1.350200"><ele>0.0</ele><time>2025-03-07T06:46:29.000Z</time></trkpt>
      <trkpt lat="52.741660" lon="-1.350170"><ele>0.0</ele><time>2025-03-07T06:46:31.000Z</time></trkpt>
      <trkpt lat="52.741700" lon="-1.350270"><ele>0.0</ele><time>2025-03-07T06:46:33.000Z</time></trkpt>
      <trkpt lat="52.741720" lon="-1.350190"><ele>0.0</ele><time>2025-03-07T06:46:34.000Z</time></trkpt>
      <trkpt lat="52.741730" lon="-1.350130"><ele>0.0</ele><time>2025-03-07T06:46:37.000Z</time></trkpt>
      <trkpt lat="52.741770" lon="-1.350080"><ele>0.0</ele><time>2025-03-07T06:46:39.000Z</time></trkpt>
      <trkpt lat="52.741780" lon="-1.350030"><ele>0.0</ele><time>2025-03-07T06:46:42.000Z</time></trkpt>
      <trkpt lat="52.741810" lon="-1.350020"><ele>0.0</ele><time>2025-03-07T06:46:45.000Z</time></trkpt>
      <trkpt lat="52.741840" lon="-1.350040"><ele>0.0</ele><time>2025-03-07T06:46:47.000Z</time></trkpt>
      <trkpt lat="52.741830" lon="-1.349940"><ele>0.0</ele><time>2025-03-07T06:46:50.000Z</time></trkpt>
      <trkpt lat="52.741800" lon="-1.350000"><ele>0.0</ele><time>2025-03-07T06:46:51.000Z</time></trkpt>
      <trkpt lat="52.741830" lon="-1.349970"><ele>0.0</ele><time>2025-03-07T06:46:55.000Z</time></trkpt>
      <trkpt lat="52.741860" lon="-1.349970"><ele>0.0</ele><time>2025-03-07T06:46:58.000Z</time></trkpt>
      <trkpt lat="52.741890" lon="-1.350020"><ele>0.0</ele><time>2025-03-07T06:47:00.000Z</time></trkpt>
      <trkpt lat="52.741920" lon="-1.350060"><ele>0.0</ele><time>2025-03-07T06:47:03.000Z</time></trkpt>
      <trkpt lat="52.741960" lon="-1.350040"><ele>0.0</ele><time>2025-03-07T06:47:04.000Z</time></trkpt>
      <trkpt lat="52.741980" lon="-1.349980"><ele>0.0</ele><time>2025-03-07T06:47:05.000Z</time></trkpt>
      <trkpt lat="52.742040" lon="-1.350030"><ele>0.0</ele><time>2025-03-07T06:47:07.000Z</time></trkpt>
      <trkpt lat="52.742070" lon="-1.350090"><ele>0.0</ele><time>2025-03-07T06:47:10.000Z</time></trkpt>
      <trkpt lat="52.742100" lon="-1.350120"><ele>0.0</ele><time>2025-03-07T06:47:13.000Z</time></trkpt>
      <trkpt lat="52.742110" lon="-1.350180"><ele>0.0</ele><time>2025-03-07T06:47:15.000Z</time></trkpt>
      <trkpt lat="52.742090" lon="-1.350140"><ele>0.0</ele><time>2025-03-07T06:47:18.000Z</time></trkpt>
      <trkpt lat="52.742110" lon="-1.350100"><ele>0.0</ele><time>2025-03-07T06:47:19.000Z</time></trkpt>
      <trkpt lat="52.742130" lon="-1.349980"><ele>0.0</ele><time>2025-03-07T06:47:20.000Z</time></trkpt>
      <trkpt lat="52.742110" lon="-1.349940"><ele>0.0</ele><time>2025-03-07T06:47:24.000Z</time></trkpt>
      <trkpt lat="52.742090" lon="-1.349860"><ele>0.0</ele><time>2025-03-07T06:47:25.000Z</time></trkpt>
      <trkpt lat="52.742110" lon="-1.349820"><ele>0.0</ele><time>2025-03-07T06:47:29.000Z</time></trkpt>
      <trkpt lat="52.742120" lon="-1.349780"><ele>0.0</ele><time>2025-03-07T06:47:30.000Z</time></trkpt>
      <trkpt lat="52.742130" lon="-1.349720"><ele>0.0</ele><time>2025-03-07T06:47:31.000Z</time></trkpt>
      <trkpt lat="52.742150" lon="-1.349680"><ele>0.0</ele><time>2025-03-07T06:47:36.000Z</time></trkpt>
      <trkpt lat="52.742130" lon="-1.349560"><ele>0.0</ele><time>2025-03-07T06:47:45.000Z</time></trkpt>
      <trkpt lat="52.742160" lon="-1.349550"><ele>0.0</ele><time>2025-03-07T06:47:46.000Z</time></trkpt>
      <trkpt lat="52.742130" lon="-1.349600"><ele>0.0</ele><time>2025-03-07T06:47:47.000Z</time></trkpt>
      <trkpt lat="52.742140" lon="-1.349540"><ele>0.0</ele><time>2025-03-07T06:47:48.000Z</time></trkpt>
      <trkpt lat="52.742170" lon="-1.349520"><ele>0.0</ele><time>2025-03-07T06:47:50.000Z</time></trkpt>
      <trkpt lat="52.742200" lon="-1.349440"><ele>0.0</ele><time>2025-03-07T06:47:52.000Z</time></trkpt>
      <trkpt lat="52.742230" lon="-1.349400"><ele>0.0</ele><time>2025-03-07T06:47:59.000Z</time></trkpt>
      <trkpt lat="52.742240" lon="-1.349440"><ele>0.0</ele><time>2025-03-07T06:48:02.000Z</time></trkpt>
      <trkpt lat="52.742270" lon="-1.349440"><ele>0.0</ele><time>2025-03-07T06:48:03.000Z</time></trkpt>
      <trkpt lat="52.742210" lon="-1.349390"><ele>0.0</ele><time>2025-03-07T06:48:05.000Z</time></trkpt>
      <trkpt lat="52.742200" lon="-1.349320"><ele>0.0</ele><time>2025-03-07T06:48:06.000Z</time></trkpt>
      <trkpt lat="52.742150" lon="-1.349260"><ele>0.0</ele><time>2025-03-07T06:48:07.000Z</time></trkpt>
      <trkpt lat="52.742190" lon="-1.349260"><ele>0.0</ele><time>2025-03-07T06:48:08.000Z</time></trkpt>
      <trkpt lat="52.742210" lon="-1.349210"><ele>0.0</ele><time>2025-03-07T06:48:09.000Z</time></trkpt>
      <trkpt lat="52.742240" lon="-1.349230"><ele>0.0</ele><time>2025-03-07T06:48:11.000Z</time></trkpt>
      <trkpt lat="52.742280" lon="-1.349160"><ele>0.0</ele><time>2025-03-07T06:48:13.000Z</time></trkpt>
      <trkpt lat="52.742260" lon="-1.349090"><ele>0.0</ele><time>2025-03-07T06:48:15.000Z</time></trkpt>
      <trkpt lat="52.742240" lon="-1.349050"><ele>0.0</ele><time>2025-03-07T06:48:19.000Z</time></trkpt>
      <trkpt lat="52.742250" lon="-1.348940"><ele>0.0</ele><time>2025-03-07T06:48:20.000Z</time></trkpt>
      <trkpt lat="52.742230" lon="-1.348980"><ele>0.0</ele><time>2025-03-07T06:48:21.000Z</time></trkpt>
      <trkpt lat="52.742250" lon="-1.348910"><ele>0.0</ele><time>2025-03-07T06:48:27.000Z</time></trkpt>
      <trkpt lat="52.742260" lon="-1.348860"><ele>0.0</ele><time>2025-03-07T06:48:29.000Z</time></trkpt>
      <trkpt lat="52.742240" lon="-1.348820"><ele>0.0</ele><time>2025-03-07T06:48:33.000Z</time></trkpt>
      <trkpt lat="52.742220" lon="-1.348780"><ele>0.0</ele><time>2025-03-07T06:48:36.000Z</time></trkpt>
      <trkpt lat="52.742150" lon="-1.348720"><ele>0.0</ele><time>2025-03-07T06:48:40.000Z</time></trkpt>
      <trkpt lat="52.742180" lon="-1.348700"><ele>0.0</ele><time>2025-03-07T06:48:42.000Z</time></trkpt>
      <trkpt lat="52.742160" lon="-1.348670"><ele>0.0</ele><time>2025-03-07T06:48:44.000Z</time></trkpt>
      <trkpt lat="52.742190" lon="-1.348660"><ele>0.0</ele><time>2025-03-07T06:48:45.000Z</time></trkpt>
      <trkpt lat="52.742210" lon="-1.348540"><ele>0.0</ele><time>2025-03-07T06:48:48.000Z</time></trkpt>
      <trkpt lat="52.742210" lon="-1.348460"><ele>0.0</ele><time>2025-03-07T06:48:49.000Z</time></trkpt>
      <trkpt lat="52.742220" lon="-1.348510"><ele>0.0</ele><time>2025-03-07T06:48:50.000Z</time></trkpt>
      <trkpt lat="52.742230" lon="-1.348460"><ele>0.0</ele><time>2025-03-07T06:48:52.000Z</time></trkpt>
      <trkpt lat="52.742180" lon="-1.348450"><ele>0.0</ele><time>2025-03-07T06:48:53.000Z</time></trkpt>
      <trkpt lat="52.742160" lon="-1.348420"><ele>0.0</ele><time>2025-03-07T06:48:55.000Z</time></trkpt>
      <trkpt lat="52.742130" lon="-1.348420"><ele>0.0</ele><time>2025-03-07T06:49:00.000Z</time></trkpt>
      <trkpt lat="52.742190" lon="-1.348410"><ele>0.0</ele><time>2025-03-07T06:49:01.000Z</time></trkpt>
      <trkpt lat="52.742150" lon="-1.348460"><ele>0.0</ele><time>2025-03-07T06:49:03.000Z</time></trkpt>
      <trkpt lat="52.742150" lon="-1.348390"><ele>0.0</ele><time>2025-03-07T06:49:04.000Z</time></trkpt>
      <trkpt lat="52.742190" lon="-1.348360"><ele>0.0</ele><time>2025-03-07T06:49:06.000Z</time></trkpt>
      <trkpt lat="52.742230" lon="-1.348370"><ele>0.0</ele><time>2025-03-07T06:49:08.000Z</time></trkpt>
      <trkpt lat="52.742270" lon="-1.348330"><ele>0.0</ele><time>2025-03-07T06:49:09.000Z</time></trkpt>
      <trkpt lat="52.742310" lon="-1.348260"><ele>0.0</ele><time>2025-03-07T06:49:11.000Z</time></trkpt>
      <trkpt lat="52.742340" lon="-1.348310"><ele>0.0</ele><time>2025-03-07T06:49:14.000Z</time></trkpt>
      <trkpt lat="52.742370" lon="-1.348370"><ele>0.0</ele><time>2025-03-07T06:49:17.000Z</time></trkpt>
      <trkpt lat="52.742400" lon="-1.348420"><ele>0.0</ele><time>2025-03-07T06:49:19.000Z</time></trkpt>
      <trkpt lat="52.742420" lon="-1.348390"><ele>0.0</ele><time>2025-03-07T06:49:20.000Z</time></trkpt>
      <trkpt lat="52.742460" lon="-1.348450"><ele>0.0</ele><time>2025-03-07T06:49:21.000Z</time></trkpt>
      <trkpt lat="52.742450" lon="-1.348380"><ele>0.0</ele><time>2025-03-07T06:49:22.000Z</time></trkpt>
      <trkpt lat="52.742510" lon="-1.348410"><ele>0.0</ele><time>2025-03-07T06:49:26.000Z</time></trkpt>
      <trkpt lat="52.742530" lon="-1.348370"><ele>0.0</ele><time>2025-03-07T06:49:28.000Z</time></trkpt>
      <trkpt lat="52.742550" lon="-1.348310"><ele>0.0</ele><time>2025-03-07T06:49:29.000Z</time></trkpt>
      <trkpt lat="52.742570" lon="-1.348260"><ele>0.0</ele><time>2025-03-07T06:49:31.000Z</time></trkpt>
      <trkpt lat="52.742590" lon="-1.348210"><ele>0.0</ele><time>2025-03-07T06:49:32.000Z</time></trkpt>
      <trkpt lat="52.742620" lon="-1.348280"><ele>0.0</ele><time>2025-03-07T06:49:35.000Z</time></trkpt>
      <trkpt lat="52.742700" lon="-1.348220"><ele>0.0</ele><time>2025-03-07T06:49:36.000Z</time></trkpt>
      <trkpt lat="52.742660" lon="-1.348240"><ele>0.0</ele><time>2025-03-07T06:49:37.000Z</time></trkpt>
      <trkpt lat="52.742690" lon="-1.348270"><ele>0.0</ele><time>2025-03-07T06:49:38.000Z</time></trkpt>
      <trkpt lat="52.742740" lon="-1.348310"><ele>0.0</ele><time>2025-03-07T06:49:41.000Z</time></trkpt>
      <trkpt lat="52.742760" lon="-1.348350"><ele>0.0</ele><time>2025-03-07T06:49:48.000Z</time></trkpt>
      <trkpt lat="52.742740" lon="-1.348420"><ele>0.0</ele><time>2025-03-07T06:49:49.000Z</time></trkpt>
      <trkpt lat="52.742770" lon="-1.348440"><ele>0.0</ele><time>2025-03-07T06:49:51.000Z</time></trkpt>
      <trkpt lat="52.742800" lon="-1.348490"><ele>0.0</ele><time>2025-03-07T06:49:52.000Z</time></trkpt>
      <trkpt lat="52.742780" lon="-1.348450"><ele>0.0</ele><time>2025-03-07T06:49:53.000Z</time></trkpt>
      <trkpt lat="52.742810" lon="-1.348500"><ele>0.0</ele><time>2025-03-07T06:49:56.000Z</time></trkpt>
      <trkpt lat="52.742840" lon="-1.348480"><ele>0.0</ele><time>2025-03-07T06:49:58.000Z</time></trkpt>
      <trkpt lat="52.742860" lon="-1.348460"><ele>0.0</ele><time>2025-03-07T06:50:00.000Z</time></trkpt>
      <trkpt lat="52.742890" lon="-1.348430"><ele>0.0</ele><time>2025-03-07T06:50:02.000Z</time></trkpt>
      <trkpt lat="52.742910" lon="-1.348480"><ele>0.0</ele><time>2025-03-07T06:50:03.000Z</time></trkpt>
      <trkpt lat="52.742970" lon="-1.348440"><ele>0.0</ele><time>2025-03-07T06:50:04.000Z</time></trkpt>
      <trkpt lat="52.743010" lon="-1.348440"><ele>0.0</ele><time>2025-03-07T06:50:07.000Z</time></trkpt>
      <trkpt lat="52.743060" lon="-1.348530"><ele>0.0</ele><time>2025-03-07T06:50:09.000Z</time></trkpt>
      <trkpt lat="52.743030" lon="-1.348480"><ele>0.0</ele><time>2025-03-07T06:50:10.000Z</time></trkpt>
      <trkpt lat="52.743020" lon="-1.348430"><ele>0.0</ele><time>2025-03-07T06:50:12.000Z</time></trkpt>
      <trkpt lat="52.743050" lon="-1.348380"><ele>0.0</ele><time>2025-03-07T06:50:15.000Z</time></trkpt>
      <trkpt lat="52.743020" lon="-1.348360"><ele>0.0</ele><time>2025-03-07T06:50:16.000Z</time></trkpt>
      <trkpt lat="52.743020" lon="-1.348410"><ele>0.0</ele><time>2025-03-07T06:50:17.000Z</time></trkpt>
      <trkpt lat="52.743070" lon="-1.348290"><ele>0.0</ele><time>2025-03-07T06:50:19.000Z</time></trkpt>
      <trkpt lat="52.743050" lon="-1.348380"><ele>0.0</ele><time>2025-03-07T06:50:21.000Z</time></trkpt>
      <trkpt lat="52.743080" lon="-1.348350"><ele>0.0</ele><time>2025-03-07T06:50:25.000Z</time></trkpt>
      <trkpt lat="52.743110" lon="-1.348380"><ele>0.0</ele><time>2025-03-07T06:50:26.000Z</time></trkpt>
      <trkpt lat="52.743120" lon="-1.348420"><ele>0.0</ele><time>2025-03-07T06:50:27.000Z</time></trkpt>
      <trkpt lat="52.743150" lon="-1.348440"><ele>0.0</ele><time>2025-03-07T06:50:28.000Z</time></trkpt>
      <trkpt lat="52.743180" lon="-1.348430"><ele>0.0</ele><time>2025-03-07T06:50:32.000Z</time></trkpt>
      <trkpt lat="52.743230" lon="-1.348380"><ele>0.0</ele><time>2025-03-07T06:50:34.000Z</time></trkpt>
      <trkpt lat="52.743260" lon="-1.348430"><ele>0.0</ele><time>2025-03-07T06:50:35.000Z</time></trkpt>
      <trkpt lat="52.743280" lon="-1.348480"><ele>0.0</ele><time>2025-03-07T06:50:39.000Z</time></trkpt>
      <trkpt lat="52.743320" lon="-1.348500"><ele>0.0</ele><time>2025-03-07T06:50:41.000Z</time></trkpt>
      <trkpt lat="52.743360" lon="-1.348510"><ele>0.0</ele><time>2025-03-07T06:50:43.000Z</time></trkpt>
      <trkpt lat="52.743380" lon="-1.348460"><ele>0.0</ele><time>2025-03-07T06:50:46.000Z</time></trkpt>
      <trkpt lat="52.743390" lon="-1.348400"><ele>0.0</ele><time>2025-03-07T06:50:50.000Z</time></trkpt>
      <trkpt lat="52.743420" lon="-1.348370"><ele>0.0</ele><time>2025-03-07T06:50:52.000Z</time></trkpt>
      <trkpt lat="52.743430" lon="-1.348420"><ele>0.0</ele><time>2025-03-07T06:50:54.000Z</time></trkpt>
      <trkpt lat="52.743450" lon="-1.348380"><ele>0.0</ele><time>2025-03-07T06:50:56.000Z</time></trkpt>
      <trkpt lat="52.743470" lon="-1.348340"><ele>0.0</ele><time>2025-03-07T06:50:57.000Z</time></trkpt>
      <trkpt lat="52.743500" lon="-1.348380"><ele>0.0</ele><time>2025-03-07T06:51:03.000Z</time></trkpt>
      <trkpt lat="52.743520" lon="-1.348340"><ele>0.0</ele><time>2025-03-07T06:51:06.000Z</time></trkpt>
      <trkpt lat="52.743560" lon="-1.348320"><ele>0.0</ele><time>2025-03-07T06:51:08.000Z</time></trkpt>
      <trkpt lat="52.743610" lon="-1.348300"><ele>0.0</ele><time>2025-03-07T06:51:11.000Z</time></trkpt>
      <trkpt lat="52.743630" lon="-1.348330"><ele>0.0</ele><time>2025-03-07T06:51:15.000Z</time></trkpt>
      <trkpt lat="52.743650" lon="-1.348290"><ele>0.0</ele><time>2025-03-07T06:51:16.000Z</time></trkpt>
      <trkpt lat="52.743710" lon="-1.348290"><ele>0.0</ele><time>2025-03-07T06:51:18.000Z</time></trkpt>
      <trkpt lat="52.743750" lon="-1.348220"><ele>0.0</ele><time>2025-03-07T06:51:20.000Z</time></trkpt>
      <trkpt lat="52.743790" lon="-1.348220"><ele>0.0</ele><time>2025-03-07T06:51:23.000Z</time></trkpt>
      <trkpt lat="52.743830" lon="-1.348240"><ele>0.0</ele><time>2025-03-07T06:51:27.000Z</time></trkpt>
      <trkpt lat="52.743880" lon="-1.348230"><ele>0.0</ele><time>2025-03-07T06:51:30.000Z</time></trkpt>
      <trkpt lat="52.743870" lon="-1.348280"><ele>0.0</ele><time>2025-03-07T06:51:31.000Z</time></trkpt>
      <trkpt lat="52.743900" lon="-1.348210"><ele>0.0</ele><time>2025-03-07T06:51:34.000Z</time></trkpt>
      <trkpt lat="52.743910" lon="-1.348160"><ele>0.0</ele><time>2025-03-07T06:51:35.000Z</time></trkpt>
      <trkpt lat="52.743940" lon="-1.348150"><ele>0.0</ele><time>2025-03-07T06:51:37.000Z</time></trkpt>
      <trkpt lat="52.743950" lon="-1.348110"><ele>0.0</ele><time>2025-03-07T06:51:39.000Z</time></trkpt>
      <trkpt lat="52.743980" lon="-1.348130"><ele>0.0</ele><time>2025-03-07T06:51:42.000Z</time></trkpt>
      <trkpt lat="52.744020" lon="-1.348110"><ele>0.0</ele><time>2025-03-07T06:51:44.000Z</time></trkpt>
      <trkpt lat="52.744030" lon="-1.348160"><ele>0.0</ele><time>2025-03-07T06:51:46.000Z</time></trkpt>
      <trkpt lat="52.744130" lon="-1.348170"><ele>0.0</ele><time>2025-03-07T06:51:49.000Z</time></trkpt>
      <trkpt lat="52.744160" lon="-1.348180"><ele>0.0</ele><time>2025-03-07T06:51:54.000Z</time></trkpt>
      <trkpt lat="52.744190" lon="-1.348130"><ele>0.0</ele><time>2025-03-07T06:51:56.000Z</time></trkpt>
      <trkpt lat="52.744220" lon="-1.348140"><ele>0.0</ele><time>2025-03-07T06:51:57.000Z</time></trkpt>
      <trkpt lat="52.744250" lon="-1.348190"><ele>0.0</ele><time>2025-03-07T06:52:00.000Z</time></trkpt>
      <trkpt lat="52.744270" lon="-1.348160"><ele>0.0</ele><time>2025-03-07T06:52:05.000Z</time></trkpt>
      <trkpt lat="52.744300" lon="-1.348200"><ele>0.0</ele><time>2025-03-07T06:52:07.000Z</time></trkpt>
      <trkpt lat="52.744330" lon="-1.348220"><ele>0.0</ele><time>2025-03-07T06:52:09.000Z</time></trkpt>
      <trkpt lat="52.744360" lon="-1.348190"><ele>0.0</ele><time>2025-03-07T06:52:11.000Z</time></trkpt>
      <trkpt lat="52.744420" lon="-1.348230"><ele>0.0</ele><time>2025-03-07T06:52:13.000Z</time></trkpt>
      <trkpt lat="52.744400" lon="-1.348240"><ele>0.0</ele><time>2025-03-07T06:52:14.000Z</time></trkpt>
      <trkpt lat="52.744430" lon="-1.348260"><ele>0.0</ele><time>2025-03-07T06:52:16.000Z</time></trkpt>
      <trkpt lat="52.744470" lon="-1.348280"><ele>0.0</ele><time>2025-03-07T06:52:19.000Z</time></trkpt>
      <trkpt lat="52.744500" lon="-1.348250"><ele>0.0</ele><time>2025-03-07T06:52:20.000Z</time></trkpt>
      <trkpt lat="52.744570" lon="-1.348210"><ele>0.0</ele><time>2025-03-07T06:52:25.000Z</time></trkpt>
      <trkpt lat="52.744550" lon="-1.348160"><ele>0.0</ele><time>2025-03-07T06:52:26.000Z</time></trkpt>
      <trkpt lat="52.744580" lon="-1.348160"><ele>0.0</ele><time>2025-03-07T06:52:29.000Z</time></trkpt>
      <trkpt lat="52.744610" lon="-1.348190"><ele>0.0</ele><time>2025-03-07T06:52:30.000Z</time></trkpt>
      <trkpt lat="52.744630" lon="-1.348250"><ele>0.0</ele><time>2025-03-07T06:52:34.000Z</time></trkpt>
      <trkpt lat="52.744640" lon="-1.348190"><ele>0.0</ele><time>2025-03-07T06:52:35.000Z</time></trkpt>
      <trkpt lat="52.744680" lon="-1.348210"><ele>0.0</ele><time>2025-03-07T06:52:38.000Z</time></trkpt>
      <trkpt lat="52.744700" lon="-1.348180"><ele>0.0</ele><time>2025-03-07T06:52:39.000Z</time></trkpt>
      <trkpt lat="52.744730" lon="-1.348150"><ele>0.0</ele><time>2025-03-07T06:52:41.000Z</time></trkpt>
      <trkpt lat="52.744750" lon="-1.348180"><ele>0.0</ele><time>2025-03-07T06:52:43.000Z</time></trkpt>
      <trkpt lat="52.744800" lon="-1.348150"><ele>0.0</ele><time>2025-03-07T06:52:48.000Z</time></trkpt>
      <trkpt lat="52.744840" lon="-1.348150"><ele>0.0</ele><time>2025-03-07T06:52:50.000Z</time></trkpt>
      <trkpt lat="52.744830" lon="-1.348100"><ele>0.0</ele><time>2025-03-07T06:52:51.000Z</time></trkpt>
      <trkpt lat="52.744860" lon="-1.348080"><ele>0.0</ele><time>2025-03-07T06:52:54.000Z</time></trkpt>
      <trkpt lat="52.744840" lon="-1.348030"><ele>0.0</ele><time>2025-03-07T06:52:56.000Z</time></trkpt>
      <trkpt lat="52.744860" lon="-1.348000"><ele>0.0</ele><time>2025-03-07T06:52:58.000Z</time></trkpt>
      <trkpt lat="52.744870" lon="-1.347930"><ele>0.0</ele><time>2025-03-07T06:53:00.000Z</time></trkpt>
      <trkpt lat="52.744900" lon="-1.347900"><ele>0.0</ele><time>2025-03-07T06:53:03.000Z</time></trkpt>
      <trkpt lat="52.744910" lon="-1.347840"><ele>0.0</ele><time>2025-03-07T06:53:05.000Z</time></trkpt>
      <trkpt lat="52.744940" lon="-1.347780"><ele>0.0</ele><time>2025-03-07T06:53:07.000Z</time></trkpt>
      <trkpt lat="52.744950" lon="-1.347740"><ele>0.0</ele><time>2025-03-07T06:53:11.000Z</time></trkpt>
      <trkpt lat="52.744920" lon="-1.347710"><ele>0.0</ele><time>2025-03-07T06:53:12.000Z</time></trkpt>
      <trkpt lat="52.744900" lon="-1.347680"><ele>0.0</ele><time>2025-03-07T06:53:14.000Z</time></trkpt>
      <trkpt lat="52.744910" lon="-1.347620"><ele>0.0</ele><time>2025-03-07T06:53:17.000Z</time></trkpt>
      <trkpt lat="52.744890" lon="-1.347530"><ele>0.0</ele><time>2025-03-07T06:53:18.000Z</time></trkpt>
      <trkpt lat="52.744920" lon="-1.347520"><ele>0.0</ele><time>2025-03-07T06:53:21.000Z</time></trkpt>
      <trkpt lat="52.744940" lon="-1.347460"><ele>0.0</ele><time>2025-03-07T06:53:24.000Z</time></trkpt>
      <trkpt lat="52.744960" lon="-1.347520"><ele>0.0</ele><time>2025-03-07T06:53:26.000Z</time></trkpt>
      <trkpt lat="52.745000" lon="-1.347470"><ele>0.0</ele><time>2025-03-07T06:53:28.000Z</time></trkpt>
      <trkpt lat="52.744990" lon="-1.347390"><ele>0.0</ele><time>2025-03-07T06:53:31.000Z</time></trkpt>
      <trkpt lat="52.745020" lon="-1.347390"><ele>0.0</ele><time>2025-03-07T06:53:33.000Z</time></trkpt>
      <trkpt lat="52.745010" lon="-1.347330"><ele>0.0</ele><time>2025-03-07T06:53:34.000Z</time></trkpt>
      <trkpt lat="52.744990" lon="-1.347290"><ele>0.0</ele><time>2025-03-07T06:53:36.000Z</time></trkpt>
      <trkpt lat="52.745010" lon="-1.347190"><ele>0.0</ele><time>2025-03-07T06:53:39.000Z</time></trkpt>
      <trkpt lat="52.745010" lon="-1.347150"><ele>0.0</ele><time>2025-03-07T06:53:43.000Z</time></trkpt>
      <trkpt lat="52.744980" lon="-1.347120"><ele>0.0</ele><time>2025-03-07T06:53:46.000Z</time></trkpt>
      <trkpt lat="52.744990" lon="-1.347060"><ele>0.0</ele><time>2025-03-07T06:53:48.000Z</time></trkpt>
      <trkpt lat="52.745000" lon="-1.347020"><ele>0.0</ele><time>2025-03-07T06:53:50.000Z</time></trkpt>
      <trkpt lat="52.745040" lon="-1.346990"><ele>0.0</ele><time>2025-03-07T06:53:52.000Z</time></trkpt>
      <trkpt lat="52.745040" lon="-1.346910"><ele>0.0</ele><time>2025-03-07T06:53:55.000Z</time></trkpt>
      <trkpt lat="52.745070" lon="-1.346910"><ele>0.0</ele><time>2025-03-07T06:53:58.000Z</time></trkpt>
      <trkpt lat="52.745100" lon="-1.346880"><ele>0.0</ele><time>2025-03-07T06:54:00.000Z</time></trkpt>
      <trkpt lat="52.745130" lon="-1.346890"><ele>0.0</ele><time>2025-03-07T06:54:01.000Z</time></trkpt>
      <trkpt lat="52.745140" lon="-1.346840"><ele>0.0</ele><time>2025-03-07T06:54:02.000Z</time></trkpt>
      <trkpt lat="52.745180" lon="-1.346810"><ele>0.0</ele><time>2025-03-07T06:54:05.000Z</time></trkpt>
      <trkpt lat="52.745200" lon="-1.346780"><ele>0.0</ele><time>2025-03-07T06:54:06.000Z</time></trkpt>
      <trkpt lat="52.745230" lon="-1.346740"><ele>0.0</ele><time>2025-03-07T06:54:08.000Z</time></trkpt>
      <trkpt lat="52.745260" lon="-1.346760"><ele>0.0</ele><time>2025-03-07T06:54:10.000Z</time></trkpt>
      <trkpt lat="52.745280" lon="-1.346730"><ele>0.0</ele><time>2025-03-07T06:54:13.000Z</time></trkpt>
      <trkpt lat="52.745300" lon="-1.346670"><ele>0.0</ele><time>2025-03-07T06:54:18.000Z</time></trkpt>
      <trkpt lat="52.745340" lon="-1.346670"><ele>0.0</ele><time>2025-03-07T06:54:20.000Z</time></trkpt>
      <trkpt lat="52.745320" lon="-1.346690"><ele>0.0</ele><time>2025-03-07T06:54:22.000Z</time></trkpt>
      <trkpt lat="52.745310" lon="-1.346630"><ele>0.0</ele><time>2025-03-07T06:54:23.000Z</time></trkpt>
      <trkpt lat="52.745340" lon="-1.346590"><ele>0.0</ele><time>2025-03-07T06:54:25.000Z</time></trkpt>
      <trkpt lat="52.745400" lon="-1.346660"><ele>0.0</ele><time>2025-03-07T06:54:27.000Z</time></trkpt>
      <trkpt lat="52.745430" lon="-1.346590"><ele>0.0</ele><time>2025-03-07T06:54:29.000Z</time></trkpt>
      <trkpt lat="52.745410" lon="-1.346550"><ele>0.0</ele><time>2025-03-07T06:54:31.000Z</time></trkpt>
      <trkpt lat="52.745440" lon="-1.346570"><ele>0.0</ele><time>2025-03-07T06:54:34.000Z</time></trkpt>
      <trkpt lat="52.745480" lon="-1.346650"><ele>0.0</ele><time>2025-03-07T06:54:37.000Z</time></trkpt>
      <trkpt lat="52.745480" lon="-1.346570"><ele>0.0</ele><time>2025-03-07T06:54:40.000Z</time></trkpt>
      <trkpt lat="52.745490" lon="-1.346500"><ele>0.0</ele><time>2025-03-07T06:54:41.000Z</time></trkpt>
      <trkpt lat="52.745490" lon="-1.346430"><ele>0.0</ele><time>2025-03-07T06:54:43.000Z</time></trkpt>
      <trkpt lat="52.745520" lon="-1.346390"><ele>0.0</ele><time>2025-03-07T06:54:47.000Z</time></trkpt>
      <trkpt lat="52.745550" lon="-1.346360"><ele>0.0</ele><time>2025-03-07T06:54:49.000Z</time></trkpt>
      <trkpt lat="52.745560" lon="-1.346300"><ele>0.0</ele><time>2025-03-07T06:54:51.000Z</time></trkpt>
      <trkpt lat="52.745600" lon="-1.346210"><ele>0.0</ele><time>2025-03-07T06:54:53.000Z</time></trkpt>
      <trkpt lat="52.745630" lon="-1.346240"><ele>0.0</ele><time>2025-03-07T06:54:56.000Z</time></trkpt>
      <trkpt lat="52.745620" lon="-1.346190"><ele>0.0</ele><time>2025-03-07T06:54:58.000Z</time></trkpt>
      <trkpt lat="52.745650" lon="-1.346160"><ele>0.0</ele><time>2025-03-07T06:55:01.000Z</time></trkpt>
      <trkpt lat="52.745700" lon="-1.346190"><ele>0.0</ele><time>2025-03-07T06:55:04.000Z</time></trkpt>
      <trkpt lat="52.745730" lon="-1.346190"><ele>0.0</ele><time>2025-03-07T06:55:06.000Z</time></trkpt>
      <trkpt lat="52.745780" lon="-1.346190"><ele>0.0</ele><time>2025-03-07T06:55:12.000Z</time></trkpt>
      <trkpt lat="52.745800" lon="-1.346260"><ele>0.0</ele><time>2025-03-07T06:55:13.000Z</time></trkpt>
      <trkpt lat="52.745830" lon="-1.346220"><ele>0.0</ele><time>2025-03-07T06:55:17.000Z</time></trkpt>
      <trkpt lat="52.745830" lon="-1.346270"><ele>0.0</ele><time>2025-03-07T06:55:22.000Z</time></trkpt>
      <trkpt lat="52.745820" lon="-1.346310"><ele>0.0</ele><time>2025-03-07T06:55:24.000Z</time></trkpt>
      <trkpt lat="52.745860" lon="-1.346350"><ele>0.0</ele><time>2025-03-07T06:55:26.000Z</time></trkpt>
      <trkpt lat="52.745900" lon="-1.346360"><ele>0.0</ele><time>2025-03-07T06:55:29.000Z</time></trkpt>
      <trkpt lat="52.745910" lon="-1.346320"><ele>0.0</ele><time>2025-03-07T06:55:30.000Z</time></trkpt>
      <trkpt lat="52.745930" lon="-1.346330"><ele>0.0</ele><time>2025-03-07T06:55:34.000Z</time></trkpt>
      <trkpt lat="52.745920" lon="-1.346380"><ele>0.0</ele><time>2025-03-07T06:55:38.000Z</time></trkpt>
      <trkpt lat="52.745920" lon="-1.346430"><ele>0.0</ele><time>2025-03-07T06:55:42.000Z</time></trkpt>
      <trkpt lat="52.745940" lon="-1.346370"><ele>0.0</ele><time>2025-03-07T06:55:43.000Z</time></trkpt>
      <trkpt lat="52.745970" lon="-1.346420"><ele>0.0</ele><time>2025-03-07T06:55:45.000Z</time></trkpt>
      <trkpt lat="52.745990" lon="-1.346480"><ele>0.0</ele><time>2025-03-07T06:55:46.000Z</time></trkpt>
      <trkpt lat="52.746020" lon="-1.346450"><ele>0.0</ele><time>2025-03-07T06:55:49.000Z</time></trkpt>
      <trkpt lat="52.746060" lon="-1.346410"><ele>0.0</ele><time>2025-03-07T06:55:50.000Z</time></trkpt>
      <trkpt lat="52.746080" lon="-1.346350"><ele>0.0</ele><time>2025-03-07T06:55:53.000Z</time></trkpt>
      <trkpt lat="52.746140" lon="-1.346260"><ele>0.0</ele><time>2025-03-07T06:55:55.000Z</time></trkpt>
      <trkpt lat="52.746160" lon="-1.346200"><ele>0.0</ele><time>2025-03-07T06:55:59.000Z</time></trkpt>
      <trkpt lat="52.746190" lon="-1.346160"><ele>0.0</ele><time>2025-03-07T06:56:00.000Z</time></trkpt>
      <trkpt lat="52.746210" lon="-1.346210"><ele>0.0</ele><time>2025-03-07T06:56:01.000Z</time></trkpt>
      <trkpt lat="52.746240" lon="-1.346190"><ele>0.0</ele><time>2025-03-07T06:56:04.000Z</time></trkpt>
      <trkpt lat="52.746250" lon="-1.346140"><ele>0.0</ele><time>2025-03-07T06:56:06.000Z</time></trkpt>
      <trkpt lat="52.746280" lon="-1.346070"><ele>0.0</ele><time>2025-03-07T06:56:08.000Z</time></trkpt>
      <trkpt lat="52.746280" lon="-1.346000"><ele>0.0</ele><time>2025-03-07T06:56:10.000Z</time></trkpt>
      <trkpt lat="52.746310" lon="-1.345950"><ele>0.0</ele><time>2025-03-07T06:56:12.000Z</time></trkpt>
      <trkpt lat="52.746340" lon="-1.345900"><ele>0.0</ele><time>2025-03-07T06:56:14.000Z</time></trkpt>
      <trkpt lat="52.746390" lon="-1.345860"><ele>0.0</ele><time>2025-03-07T06:56:18.000Z</time></trkpt>
      <trkpt lat="52.746420" lon="-1.345810"><ele>0.0</ele><time>2025-03-07T06:56:22.000Z</time></trkpt>
      <trkpt lat="52.746460" lon="-1.345780"><ele>0.0</ele><time>2025-03-07T06:56:25.000Z</time></trkpt>
      <trkpt lat="52.746490" lon="-1.345750"><ele>0.0</ele><time>2025-03-07T06:56:29.000Z</time></trkpt>
      <trkpt lat="52.746500" lon="-1.345700"><ele>0.0</ele><time>2025-03-07T06:56:33.000Z</time></trkpt>
      <trkpt lat="52.746540" lon="-1.345720"><ele>0.0</ele><time>2025-03-07T06:56:37.000Z</time></trkpt>
      <trkpt lat="52.746580" lon="-1.345630"><ele>0.0</ele><time>2025-03-07T06:56:42.000Z</time></trkpt>
      <trkpt lat="52.746610" lon="-1.345600"><ele>0.0</ele><time>2025-03-07T06:56:45.000Z</time></trkpt>
      <trkpt lat="52.746640" lon="-1.345590"><ele>0.0</ele><time>2025-03-07T06:56:47.000Z</time></trkpt>
      <trkpt lat="52.746700" lon="-1.345540"><ele>0.0</ele><time>2025-03-07T06:56:50.000Z</time></trkpt>
      <trkpt lat="52.746760" lon="-1.345450"><ele>0.0</ele><time>2025-03-07T06:56:51.000Z</time></trkpt>
      <trkpt lat="52.746740" lon="-1.345520"><ele>0.0</ele><time>2025-03-07T06:56:52.000Z</time></trkpt>
      <trkpt lat="52.746830" lon="-1.345430"><ele>0.0</ele><time>2025-03-07T06:56:57.000Z</time></trkpt>
      <trkpt lat="52.746790" lon="-1.345460"><ele>0.0</ele><time>2025-03-07T06:56:58.000Z</time></trkpt>
      <trkpt lat="52.746820" lon="-1.345430"><ele>0.0</ele><time>2025-03-07T06:57:01.000Z</time></trkpt>
      <trkpt lat="52.746840" lon="-1.345450"><ele>0.0</ele><time>2025-03-07T06:57:05.000Z</time></trkpt>
      <trkpt lat="52.746860" lon="-1.345410"><ele>0.0</ele><time>2025-03-07T06:57:07.000Z</time></trkpt>
      <trkpt lat="52.746880" lon="-1.345290"><ele>0.0</ele><time>2025-03-07T06:57:08.000Z</time></trkpt>
      <trkpt lat="52.746920" lon="-1.345290"><ele>0.0</ele><time>2025-03-07T06:57:11.000Z</time></trkpt>
      <trkpt lat="52.746940" lon="-1.345260"><ele>0.0</ele><time>2025-03-07T06:57:13.000Z</time></trkpt>
      <trkpt lat="52.746980" lon="-1.345250"><ele>0.0</ele><time>2025-03-07T06:57:16.000Z</time></trkpt>
      <trkpt lat="52.746980" lon="-1.345180"><ele>0.0</ele><time>2025-03-07T06:57:19.000Z</time></trkpt>
      <trkpt lat="52.747010" lon="-1.345140"><ele>0.0</ele><time>2025-03-07T06:57:20.000Z</time></trkpt>
      <trkpt lat="52.747020" lon="-1.345090"><ele>0.0</ele><time>2025-03-07T06:57:21.000Z</time></trkpt>
      <trkpt lat="52.747050" lon="-1.345090"><ele>0.0</ele><time>2025-03-07T06:57:23.000Z</time></trkpt>
      <trkpt lat="52.747080" lon="-1.345140"><ele>0.0</ele><time>2025-03-07T06:57:26.000Z</time></trkpt>
      <trkpt lat="52.747110" lon="-1.345140"><ele>0.0</ele><time>2025-03-07T06:57:28.000Z</time></trkpt>
      <trkpt lat="52.747140" lon="-1.345110"><ele>0.0</ele><time>2025-03-07T06:57:31.000Z</time></trkpt>
      <trkpt lat="52.747160" lon="-1.345040"><ele>0.0</ele><time>2025-03-07T06:57:33.000Z</time></trkpt>
      <trkpt lat="52.747170" lon="-1.344990"><ele>0.0</ele><time>2025-03-07T06:57:39.000Z</time></trkpt>
      <trkpt lat="52.747210" lon="-1.344970"><ele>0.0</ele><time>2025-03-07T06:57:43.000Z</time></trkpt>
      <trkpt lat="52.747280" lon="-1.344820"><ele>0.0</ele><time>2025-03-07T06:57:44.000Z</time></trkpt>
      <trkpt lat="52.747260" lon="-1.344820"><ele>0.0</ele><time>2025-03-07T06:57:45.000Z</time></trkpt>
      <trkpt lat="52.747280" lon="-1.344750"><ele>0.0</ele><time>2025-03-07T06:57:50.000Z</time></trkpt>
      <trkpt lat="52.747320" lon="-1.344760"><ele>0.0</ele><time>2025-03-07T06:57:52.000Z</time></trkpt>
      <trkpt lat="52.747340" lon="-1.344800"><ele>0.0</ele><time>2025-03-07T06:57:53.000Z</time></trkpt>
      <trkpt lat="52.747360" lon="-1.344750"><ele>0.0</ele><time>2025-03-07T06:57:54.000Z</time></trkpt>
      <trkpt lat="52.747390" lon="-1.344750"><ele>0.0</ele><time>2025-03-07T06:57:55.000Z</time></trkpt>
      <trkpt lat="52.747410" lon="-1.344670"><ele>0.0</ele><time>2025-03-07T06:58:00.000Z</time></trkpt>
      <trkpt lat="52.747410" lon="-1.344730"><ele>0.0</ele><time>2025-03-07T06:58:02.000Z</time></trkpt>
      <trkpt lat="52.747460" lon="-1.344740"><ele>0.0</ele><time>2025-03-07T06:58:05.000Z</time></trkpt>
      <trkpt lat="52.747480" lon="-1.344800"><ele>0.0</ele><time>2025-03-07T06:58:09.000Z</time></trkpt>
      <trkpt lat="52.747470" lon="-1.344750"><ele>0.0</ele><time>2025-03-07T06:58:10.000Z</time></trkpt>
      <trkpt lat="52.747510" lon="-1.344710"><ele>0.0</ele><time>2025-03-07T06:58:11.000Z</time></trkpt>
      <trkpt lat="52.747550" lon="-1.344710"><ele>0.0</ele><time>2025-03-07T06:58:13.000Z</time></trkpt>
      <trkpt lat="52.747580" lon="-1.344710"><ele>0.0</ele><time>2025-03-07T06:58:14.000Z</time></trkpt>
      <trkpt lat="52.747590" lon="-1.344660"><ele>0.0</ele><time>2025-03-07T06:58:16.000Z</time></trkpt>
      <trkpt lat="52.747610" lon="-1.344630"><ele>0.0</ele><time>2025-03-07T06:58:17.000Z</time></trkpt>
      <trkpt lat="52.747650" lon="-1.344630"><ele>0.0</ele><time>2025-03-07T06:58:19.000Z</time></trkpt>
      <trkpt lat="52.747680" lon="-1.344620"><ele>0.0</ele><time>2025-03-07T06:58:21.000Z</time></trkpt>
      <trkpt lat="52.747640" lon="-1.344670"><ele>0.0</ele><time>2025-03-07T06:58:22.000Z</time></trkpt>
      <trkpt lat="52.747670" lon="-1.344610"><ele>0.0</ele><time>2025-03-07T06:58:27.000Z</time></trkpt>
      <trkpt lat="52.747700" lon="-1.344670"><ele>0.0</ele><time>2025-03-07T06:58:28.000Z</time></trkpt>
      <trkpt lat="52.747780" lon="-1.344650"><ele>0.0</ele><time>2025-03-07T06:58:29.000Z</time></trkpt>
      <trkpt lat="52.747790" lon="-1.344710"><ele>0.0</ele><time>2025-03-07T06:58:31.000Z</time></trkpt>
      <trkpt lat="52.747790" lon="-1.344630"><ele>0.0</ele><time>2025-03-07T06:58:34.000Z</time></trkpt>
      <trkpt lat="52.747810" lon="-1.344680"><ele>0.0</ele><time>2025-03-07T06:58:35.000Z</time></trkpt>
      <trkpt lat="52.747840" lon="-1.344680"><ele>0.0</ele><time>2025-03-07T06:58:37.000Z</time></trkpt>
      <trkpt lat="52.747870" lon="-1.344710"><ele>0.0</ele><time>2025-03-07T06:58:40.000Z</time></trkpt>
      <trkpt lat="52.747920" lon="-1.344760"><ele>0.0</ele><time>2025-03-07T06:58:46.000Z</time></trkpt>
      <trkpt lat="52.747910" lon="-1.344720"><ele>0.0</ele><time>2025-03-07T06:58:47.000Z</time></trkpt>
      <trkpt lat="52.747940" lon="-1.344730"><ele>0.0</ele><time>2025-03-07T06:58:50.000Z</time></trkpt>
      <trkpt lat="52.747980" lon="-1.344780"><ele>0.0</ele><time>2025-03-07T06:58:53.000Z</time></trkpt>
      <trkpt lat="52.747960" lon="-1.344790"><ele>0.0</ele><time>2025-03-07T06:58:54.000Z</time></trkpt>
      <trkpt lat="52.747990" lon="-1.344800"><ele>0.0</ele><time>2025-03-07T06:58:56.000Z</time></trkpt>
      <trkpt lat="52.747970" lon="-1.344850"><ele>0.0</ele><time>2025-03-07T06:58:58.000Z</time></trkpt>
      <trkpt lat="52.747950" lon="-1.344810"><ele>0.0</ele><time>2025-03-07T06:58:59.000Z</time></trkpt>
      <trkpt lat="52.747980" lon="-1.344860"><ele>0.0</ele><time>2025-03-07T06:59:01.000Z</time></trkpt>
      <trkpt lat="52.747990" lon="-1.344920"><ele>0.0</ele><time>2025-03-07T06:59:02.000Z</time></trkpt>
      <trkpt lat="52.747990" lon="-1.345010"><ele>0.0</ele><time>2025-03-07T06:59:04.000Z</time></trkpt>
      <trkpt lat="52.748010" lon="-1.345100"><ele>0.0</ele><time>2025-03-07T06:59:06.000Z</time></trkpt>
      <trkpt lat="52.748040" lon="-1.345140"><ele>0.0</ele><time>2025-03-07T06:59:08.000Z</time></trkpt>
      <trkpt lat="52.748030" lon="-1.345180"><ele>0.0</ele><time>2025-03-07T06:59:10.000Z</time></trkpt>
      <trkpt lat="52.748080" lon="-1.345280"><ele>0.0</ele><time>2025-03-07T06:59:13.000Z</time></trkpt>
      <trkpt lat="52.748060" lon="-1.345250"><ele>0.0</ele><time>2025-03-07T06:59:14.000Z</time></trkpt>
      <trkpt lat="52.748050" lon="-1.345310"><ele>0.0</ele><time>2025-03-07T06:59:19.000Z</time></trkpt>
      <trkpt lat="52.748030" lon="-1.345300"><ele>0.0</ele><time>2025-03-07T06:59:20.000Z</time></trkpt>
      <trkpt lat="52.748070" lon="-1.345270"><ele>0.0</ele><time>2025-03-07T06:59:21.000Z</time></trkpt>
      <trkpt lat="52.748090" lon="-1.345250"><ele>0.0</ele><time>2025-03-07T06:59:25.000Z</time></trkpt>
      <trkpt lat="52.748080" lon="-1.345320"><ele>0.0</ele><time>2025-03-07T06:59:26.000Z</time></trkpt>
      <trkpt lat="52.748120" lon="-1.345350"><ele>0.0</ele><time>2025-03-07T06:59:31.000Z</time></trkpt>
      <trkpt lat="52.748100" lon="-1.345410"><ele>0.0</ele><time>2025-03-07T06:59:34.000Z</time></trkpt>
      <trkpt lat="52.748080" lon="-1.345470"><ele>0.0</ele><time>2025-03-07T06:59:36.000Z</time></trkpt>
      <trkpt lat="52.748080" lon="-1.345510"><ele>0.0</ele><time>2025-03-07T06:59:37.000Z</time></trkpt>
      <trkpt lat="52.748110" lon="-1.345550"><ele>0.0</ele><time>2025-03-07T06:59:41.000Z</time></trkpt>
      <trkpt lat="52.748080" lon="-1.345600"><ele>0.0</ele><time>2025-03-07T06:59:43.000Z</time></trkpt>
      <trkpt lat="52.748060" lon="-1.345660"><ele>0.0</ele><time>2025-03-07T06:59:45.000Z</time></trkpt>
      <trkpt lat="52.748040" lon="-1.345680"><ele>0.0</ele><time>2025-03-07T06:59:47.000Z</time></trkpt>
      <trkpt lat="52.747950" lon="-1.345640"><ele>0.0</ele><time>2025-03-07T06:59:50.000Z</time></trkpt>
      <trkpt lat="52.747950" lon="-1.345680"><ele>0.0</ele><time>2025-03-07T06:59:55.000Z</time></trkpt>
      <trkpt lat="52.747900" lon="-1.345640"><ele>0.0</ele><time>2025-03-07T06:59:57.000Z</time></trkpt>
      <trkpt lat="52.747870" lon="-1.345620"><ele>0.0</ele><time>2025-03-07T06:59:58.000Z</time></trkpt>
      <trkpt lat="52.747900" lon="-1.345650"><ele>0.0</ele><time>2025-03-07T06:59:59.000Z</time></trkpt>
      <trkpt lat="52.747900" lon="-1.345720"><ele>0.0</ele><time>2025-03-07T07:00:02.000Z</time></trkpt>
      <trkpt lat="52.747900" lon="-1.345760"><ele>0.0</ele><time>2025-03-07T07:00:03.000Z</time></trkpt>
      <trkpt lat="52.747920" lon="-1.345720"><ele>0.0</ele><time>2025-03-07T07:00:06.000Z</time></trkpt>
      <trkpt lat="52.747910" lon="-1.345780"><ele>0.0</ele><time>2025-03-07T07:00:08.000Z</time></trkpt>
      <trkpt lat="52.747880" lon="-1.345780"><ele>0.0</ele><time>2025-03-07T07:00:12.000Z</time></trkpt>
      <trkpt lat="52.747850" lon="-1.345800"><ele>0.0</ele><time>2025-03-07T07:00:14.000Z</time></trkpt>
      <trkpt lat="52.747890" lon="-1.345840"><ele>0.0</ele><time>2025-03-07T07:00:16.000Z</time></trkpt>
      <trkpt lat="52.747900" lon="-1.345910"><ele>0.0</ele><time>2025-03-07T07:00:20.000Z</time></trkpt>
      <trkpt lat="52.747900" lon="-1.346000"><ele>0.0</ele><time>2025-03-07T07:00:21.000Z</time></trkpt>
      <trkpt lat="52.747920" lon="-1.346040"><ele>0.0</ele><time>2025-03-07T07:00:23.000Z</time></trkpt>
      <trkpt lat="52.747990" lon="-1.346140"><ele>0.0</ele><time>2025-03-07T07:00:26.000Z</time></trkpt>
      <trkpt lat="52.747990" lon="-1.346240"><ele>0.0</ele><time>2025-03-07T07:00:27.000Z</time></trkpt>
      <trkpt lat="52.748050" lon="-1.346320"><ele>0.0</ele><time>2025-03-07T07:00:31.000Z</time></trkpt>
      <trkpt lat="52.748020" lon="-1.346340"><ele>0.0</ele><time>2025-03-07T07:00:33.000Z</time></trkpt>
      <trkpt lat="52.747980" lon="-1.346380"><ele>0.0</ele><time>2025-03-07T07:00:34.000Z</time></trkpt>
      <trkpt lat="52.747940" lon="-1.346430"><ele>0.0</ele><time>2025-03-07T07:00:37.000Z</time></trkpt>
      <trkpt lat="52.747900" lon="-1.346510"><ele>0.0</ele><time>2025-03-07T07:00:41.000Z</time></trkpt>
      <trkpt lat="52.747910" lon="-1.346560"><ele>0.0</ele><time>2025-03-07T07:00:42.000Z</time></trkpt>
      <trkpt lat="52.747880" lon="-1.346590"><ele>0.0</ele><time>2025-03-07T07:00:43.000Z</time></trkpt>
      <trkpt lat="52.747850" lon="-1.346610"><ele>0.0</ele><time>2025-03-07T07:00:47.000Z</time></trkpt>
      <trkpt lat="52.747870" lon="-1.346670"><ele>0.0</ele><time>2025-03-07T07:00:49.000Z</time></trkpt>
      <trkpt lat="52.747860" lon="-1.346780"><ele>0.0</ele><time>2025-03-07T07:00:55.000Z</time></trkpt>
      <trkpt lat="52.747880" lon="-1.346730"><ele>0.0</ele><time>2025-03-07T07:00:57.000Z</time></trkpt>
      <trkpt lat="52.747910" lon="-1.346790"><ele>0.0</ele><time>2025-03-07T07:01:00.000Z</time></trkpt>
      <trkpt lat="52.747970" lon="-1.346960"><ele>0.0</ele><time>2025-03-07T07:01:04.000Z</time></trkpt>
      <trkpt lat="52.747960" lon="-1.346840"><ele>0.0</ele><time>2025-03-07T07:01:05.000Z</time></trkpt>
      <trkpt lat="52.747940" lon="-1.346880"><ele>0.0</ele><time>2025-03-07T07:01:08.000Z</time></trkpt>
      <trkpt lat="52.747970" lon="-1.346920"><ele>0.0</ele><time>2025-03-07T07:01:14.000Z</time></trkpt>
      <trkpt lat="52.747940" lon="-1.346900"><ele>0.0</ele><time>2025-03-07T07:01:15.000Z</time></trkpt>
      <trkpt lat="52.747930" lon="-1.346990"><ele>0.0</ele><time>2025-03-07T07:01:16.000Z</time></trkpt>
      <trkpt lat="52.747910" lon="-1.346950"><ele>0.0</ele><time>2025-03-07T07:01:17.000Z</time></trkpt>
      <trkpt lat="52.747930" lon="-1.347010"><ele>0.0</ele><time>2025-03-07T07:01:20.000Z</time></trkpt>
      <trkpt lat="52.747950" lon="-1.347060"><ele>0.0</ele><time>2025-03-07T07:01:22.000Z</time></trkpt>
      <trkpt lat="52.747990" lon="-1.347150"><ele>0.0</ele><time>2025-03-07T07:01:27.000Z</time></trkpt>
      <trkpt lat="52.748010" lon="-1.347260"><ele>0.0</ele><time>2025-03-07T07:01:28.000Z</time></trkpt>
      <trkpt lat="52.748040" lon="-1.347270"><ele>0.0</ele><time>2025-03-07T07:01:30.000Z</time></trkpt>
      <trkpt lat="52.748050" lon="-1.347330"><ele>0.0</ele><time>2025-03-07T07:01:32.000Z</time></trkpt>
      <trkpt lat="52.748040" lon="-1.347390"><ele>0.0</ele><time>2025-03-07T07:01:43.000Z</time></trkpt>
      <trkpt lat="52.748070" lon="-1.347400"><ele>0.0</ele><time>2025-03-07T07:01:46.000Z</time></trkpt>
      <trkpt lat="52.748080" lon="-1.347350"><ele>0.0</ele><time>2025-03-07T07:01:48.000Z</time></trkpt>
      <trkpt lat="52.748050" lon="-1.347350"><ele>0.0</ele><time>2025-03-07T07:01:50.000Z</time></trkpt>
      <trkpt lat="52.748070" lon="-1.347400"><ele>0.0</ele><time>2025-03-07T07:01:55.000Z</time></trkpt>
      <trkpt lat="52.748050" lon="-1.347390"><ele>0.0</ele><time>2025-03-07T07:01:57.000Z</time></trkpt>
      <trkpt lat="52.748030" lon="-1.347350"><ele>0.0</ele><time>2025-03-07T07:01:59.000Z</time></trkpt>
      <trkpt lat="52.748040" lon="-1.347420"><ele>0.0</ele><time>2025-03-07T07:02:02.000Z</time></trkpt>
      <trkpt lat="52.748030" lon="-1.347380"><ele>0.0</ele><time>2025-03-07T07:02:10.000Z</time></trkpt>
      <trkpt lat="52.748080" lon="-1.347410"><ele>0.0</ele><time>2025-03-07T07:02:12.000Z</time></trkpt>
      <trkpt lat="52.748060" lon="-1.347380"><ele>0.0</ele><time>2025-03-07T07:02:16.000Z</time></trkpt>
      <trkpt lat="52.748030" lon="-1.347320"><ele>0.0</ele><time>2025-03-07T07:02:18.000Z</time></trkpt>
      <trkpt lat="52.748050" lon="-1.347330"><ele>0.0</ele><time>2025-03-07T07:02:24.000Z</time></trkpt>
      <trkpt lat="52.748080" lon="-1.347360"><ele>0.0</ele><time>2025-03-07T07:02:32.000Z</time></trkpt>
      <trkpt lat="52.748050" lon="-1.347350"><ele>0.0</ele><time>2025-03-07T07:02:37.000Z</time></trkpt>
      <trkpt lat="52.748090" lon="-1.347340"><ele>0.0</ele><time>2025-03-07T07:02:39.000Z</time></trkpt>
      <trkpt lat="52.748140" lon="-1.347390"><ele>0.0</ele><time>2025-03-07T07:02:40.000Z</time></trkpt>
      <trkpt lat="52.748130" lon="-1.347320"><ele>0.0</ele><time>2025-03-07T07:02:45.000Z</time></trkpt>
      <trkpt lat="52.748090" lon="-1.347360"><ele>0.0</ele><time>2025-03-07T07:02:46.000Z</time></trkpt>
      <trkpt lat="52.748070" lon="-1.347330"><ele>0.0</ele><time>2025-03-07T07:02:52.000Z</time></trkpt>
      <trkpt lat="52.748110" lon="-1.347270"><ele>0.0</ele><time>2025-03-07T07:02:59.000Z</time></trkpt>
      <trkpt lat="52.748110" lon="-1.347220"><ele>0.0</ele><time>2025-03-07T07:03:01.000Z</time></trkpt>
      <trkpt lat="52.748080" lon="-1.347250"><ele>0.0</ele><time>2025-03-07T07:03:02.000Z</time></trkpt>
      <trkpt lat="52.748040" lon="-1.347260"><ele>0.0</ele><time>2025-03-07T07:03:04.000Z</time></trkpt>
      <trkpt lat="52.748010" lon="-1.347280"><ele>0.0</ele><time>2025-03-07T07:03:08.000Z</time></trkpt>
      <trkpt lat="52.747960" lon="-1.347250"><ele>0.0</ele><time>2025-03-07T07:03:11.000Z</time></trkpt>
      <trkpt lat="52.748010" lon="-1.347230"><ele>0.0</ele><time>2025-03-07T07:03:12.000Z</time></trkpt>
      <trkpt lat="52.747990" lon="-1.347200"><ele>0.0</ele><time>2025-03-07T07:03:14.000Z</time></trkpt>
      <trkpt lat="52.747960" lon="-1.347250"><ele>0.0</ele><time>2025-03-07T07:03:19.000Z</time></trkpt>
      <trkpt lat="52.747980" lon="-1.347200"><ele>0.0</ele><time>2025-03-07T07:03:23.000Z</time></trkpt>
      <trkpt lat="52.748010" lon="-1.347170"><ele>0.0</ele><time>2025-03-07T07:03:25.000Z</time></trkpt>
      <trkpt lat="52.748000" lon="-1.347130"><ele>0.0</ele><time>2025-03-07T07:03:26.000Z</time></trkpt>
      <trkpt lat="52.747960" lon="-1.347080"><ele>0.0</ele><time>2025-03-07T07:03:28.000Z</time></trkpt>
      <trkpt lat="52.747960" lon="-1.347030"><ele>0.0</ele><time>2025-03-07T07:03:35.000Z</time></trkpt>
      <trkpt lat="52.747960" lon="-1.346980"><ele>0.0</ele><time>2025-03-07T07:03:42.000Z</time></trkpt>
      <trkpt lat="52.747970" lon="-1.346920"><ele>0.0</ele><time>2025-03-07T07:03:45.000Z</time></trkpt>
      <trkpt lat="52.747990" lon="-1.346900"><ele>0.0</ele><time>2025-03-07T07:03:46.000Z</time></trkpt>
      <trkpt lat="52.747970" lon="-1.346850"><ele>0.0</ele><time>2025-03-07T07:03:48.000Z</time></trkpt>
      <trkpt lat="52.747940" lon="-1.346840"><ele>0.0</ele><time>2025-03-07T07:03:52.000Z</time></trkpt>
      <trkpt lat="52.747920" lon="-1.346770"><ele>0.0</ele><time>2025-03-07T07:03:54.000Z</time></trkpt>
      <trkpt lat="52.747950" lon="-1.346790"><ele>0.0</ele><time>2025-03-07T07:03:57.000Z</time></trkpt>
      <trkpt lat="52.747910" lon="-1.346750"><ele>0.0</ele><time>2025-03-07T07:04:00.000Z</time></trkpt>
      <trkpt lat="52.747890" lon="-1.346680"><ele>0.0</ele><time>2025-03-07T07:04:03.000Z</time></trkpt>
      <trkpt lat="52.747900" lon="-1.346610"><ele>0.0</ele><time>2025-03-07T07:04:06.000Z</time></trkpt>
      <trkpt lat="52.747880" lon="-1.346630"><ele>0.0</ele><time>2025-03-07T07:04:10.000Z</time></trkpt>
      <trkpt lat="52.747880" lon="-1.346680"><ele>0.0</ele><time>2025-03-07T07:04:14.000Z</time></trkpt>
      <trkpt lat="52.747900" lon="-1.346770"><ele>0.0</ele><time>2025-03-07T07:04:16.000Z</time></trkpt>
      <trkpt lat="52.747880" lon="-1.346820"><ele>0.0</ele><time>2025-03-07T07:04:18.000Z</time></trkpt>
      <trkpt lat="52.747840" lon="-1.346800"><ele>0.0</ele><time>2025-03-07T07:04:19.000Z</time></trkpt>
      <trkpt lat="52.747880" lon="-1.346780"><ele>0.0</ele><time>2025-03-07T07:04:25.000Z</time></trkpt>
      <trkpt lat="52.747860" lon="-1.346760"><ele>0.0</ele><time>2025-03-07T07:04:26.000Z</time></trkpt>
      <trkpt lat="52.747830" lon="-1.346750"><ele>0.0</ele><time>2025-03-07T07:04:28.000Z</time></trkpt>
      <trkpt lat="52.747830" lon="-1.346800"><ele>0.0</ele><time>2025-03-07T07:04:30.000Z</time></trkpt>
      <trkpt lat="52.747800" lon="-1.346740"><ele>0.0</ele><time>2025-03-07T07:04:33.000Z</time></trkpt>
      <trkpt lat="52.747790" lon="-1.346690"><ele>0.0</ele><time>2025-03-07T07:04:36.000Z</time></trkpt>
      <trkpt lat="52.747770" lon="-1.346640"><ele>0.0</ele><time>2025-03-07T07:04:37.000Z</time></trkpt>
      <trkpt lat="52.747750" lon="-1.346610"><ele>0.0</ele><time>2025-03-07T07:04:38.000Z</time></trkpt>
      <trkpt lat="52.747700" lon="-1.346670"><ele>0.0</ele><time>2025-03-07T07:04:40.000Z</time></trkpt>
      <trkpt lat="52.747700" lon="-1.346750"><ele>0.0</ele><time>2025-03-07T07:04:41.000Z</time></trkpt>
      <trkpt lat="52.747670" lon="-1.346770"><ele>0.0</ele><time>2025-03-07T07:04:43.000Z</time></trkpt>
      <trkpt lat="52.747700" lon="-1.346800"><ele>0.0</ele><time>2025-03-07T07:04:44.000Z</time></trkpt>
      <trkpt lat="52.747660" lon="-1.346810"><ele>0.0</ele><time>2025-03-07T07:04:46.000Z</time></trkpt>
      <trkpt lat="52.747690" lon="-1.346750"><ele>0.0</ele><time>2025-03-07T07:04:47.000Z</time></trkpt>
      <trkpt lat="52.747650" lon="-1.346810"><ele>0.0</ele><time>2025-03-07T07:04:49.000Z</time></trkpt>
      <trkpt lat="52.747680" lon="-1.346620"><ele>0.0</ele><time>2025-03-07T07:04:50.000Z</time></trkpt>
      <trkpt lat="52.747680" lon="-1.346670"><ele>0.0</ele><time>2025-03-07T07:04:52.000Z</time></trkpt>
      <trkpt lat="52.747630" lon="-1.346760"><ele>0.0</ele><time>2025-03-07T07:04:53.000Z</time></trkpt>
      <trkpt lat="52.747570" lon="-1.346860"><ele>0.0</ele><time>2025-03-07T07:04:54.000Z</time></trkpt>
      <trkpt lat="52.747550" lon="-1.346830"><ele>0.0</ele><time>2025-03-07T07:04:57.000Z</time></trkpt>
      <trkpt lat="52.747510" lon="-1.346740"><ele>0.0</ele><time>2025-03-07T07:04:59.000Z</time></trkpt>
      <trkpt lat="52.747530" lon="-1.346660"><ele>0.0</ele><time>2025-03-07T07:05:01.000Z</time></trkpt>
      <trkpt lat="52.747550" lon="-1.346580"><ele>0.0</ele><time>2025-03-07T07:05:02.000Z</time></trkpt>
      <trkpt lat="52.747520" lon="-1.346600"><ele>0.0</ele><time>2025-03-07T07:05:03.000Z</time></trkpt>
      <trkpt lat="52.747610" lon="-1.346600"><ele>0.0</ele><time>2025-03-07T07:05:05.000Z</time></trkpt>
      <trkpt lat="52.747570" lon="-1.346610"><ele>0.0</ele><time>2025-03-07T07:05:06.000Z</time></trkpt>
      <trkpt lat="52.747580" lon="-1.346570"><ele>0.0</ele><time>2025-03-07T07:05:07.000Z</time></trkpt>
      <trkpt lat="52.747600" lon="-1.346590"><ele>0.0</ele><time>2025-03-07T07:05:08.000Z</time></trkpt>
      <trkpt lat="52.747590" lon="-1.346520"><ele>0.0</ele><time>2025-03-07T07:05:12.000Z</time></trkpt>
      <trkpt lat="52.747570" lon="-1.346420"><ele>0.0</ele><time>2025-03-07T07:05:13.000Z</time></trkpt>
      <trkpt lat="52.747530" lon="-1.346430"><ele>0.0</ele><time>2025-03-07T07:05:15.000Z</time></trkpt>
      <trkpt lat="52.747520" lon="-1.346340"><ele>0.0</ele><time>2025-03-07T07:05:17.000Z</time></trkpt>
      <trkpt lat="52.747470" lon="-1.346390"><ele>0.0</ele><time>2025-03-07T07:05:18.000Z</time></trkpt>
      <trkpt lat="52.747440" lon="-1.346330"><ele>0.0</ele><time>2025-03-07T07:05:21.000Z</time></trkpt>
      <trkpt lat="52.747430" lon="-1.346290"><ele>0.0</ele><time>2025-03-07T07:05:23.000Z</time></trkpt>
      <trkpt lat="52.747440" lon="-1.346240"><ele>0.0</ele><time>2025-03-07T07:05:24.000Z</time></trkpt>
      <trkpt lat="52.747430" lon="-1.346180"><ele>0.0</ele><time>2025-03-07T07:05:26.000Z</time></trkpt>
      <trkpt lat="52.747410" lon="-1.346130"><ele>0.0</ele><time>2025-03-07T07:05:31.000Z</time></trkpt>
      <trkpt lat="52.747410" lon="-1.346240"><ele>0.0</ele><time>2025-03-07T07:05:33.000Z</time></trkpt>
      <trkpt lat="52.747370" lon="-1.346210"><ele>0.0</ele><time>2025-03-07T07:05:35.000Z</time></trkpt>
      <trkpt lat="52.747390" lon="-1.346090"><ele>0.0</ele><time>2025-03-07T07:05:36.000Z</time></trkpt>
      <trkpt lat="52.747410" lon="-1.346040"><ele>0.0</ele><time>2025-03-07T07:05:37.000Z</time></trkpt>
      <trkpt lat="52.747370" lon="-1.345990"><ele>0.0</ele><time>2025-03-07T07:05:40.000Z</time></trkpt>
      <trkpt lat="52.747380" lon="-1.345930"><ele>0.0</ele><time>2025-03-07T07:05:41.000Z</time></trkpt>
      <trkpt lat="52.747360" lon="-1.345880"><ele>0.0</ele><time>2025-03-07T07:05:42.000Z</time></trkpt>
      <trkpt lat="52.747360" lon="-1.345830"><ele>0.0</ele><time>2025-03-07T07:05:46.000Z</time></trkpt>
      <trkpt lat="52.747340" lon="-1.345760"><ele>0.0</ele><time>2025-03-07T07:05:50.000Z</time></trkpt>
      <trkpt lat="52.747280" lon="-1.345690"><ele>0.0</ele><time>2025-03-07T07:05:52.000Z</time></trkpt>
      <trkpt lat="52.747280" lon="-1.345730"><ele>0.0</ele><time>2025-03-07T07:05:53.000Z</time></trkpt>
      <trkpt lat="52.747300" lon="-1.345680"><ele>0.0</ele><time>2025-03-07T07:05:54.000Z</time></trkpt>
      <trkpt lat="52.747300" lon="-1.345790"><ele>0.0</ele><time>2025-03-07T07:05:57.000Z</time></trkpt>
      <trkpt lat="52.747300" lon="-1.345730"><ele>0.0</ele><time>2025-03-07T07:05:58.000Z</time></trkpt>
      <trkpt lat="52.747280" lon="-1.345640"><ele>0.0</ele><time>2025-03-07T07:06:01.000Z</time></trkpt>
      <trkpt lat="52.747280" lon="-1.345580"><ele>0.0</ele><time>2025-03-07T07:06:02.000Z</time></trkpt>
      <trkpt lat="52.747290" lon="-1.345530"><ele>0.0</ele><time>2025-03-07T07:06:06.000Z</time></trkpt>
      <trkpt lat="52.747260" lon="-1.345510"><ele>0.0</ele><time>2025-03-07T07:06:07.000Z</time></trkpt>
      <trkpt lat="52.747270" lon="-1.345460"><ele>0.0</ele><time>2025-03-07T07:06:09.000Z</time></trkpt>
      <trkpt lat="52.747310" lon="-1.345460"><ele>0.0</ele><time>2025-03-07T07:06:11.000Z</time></trkpt>
      <trkpt lat="52.747340" lon="-1.345440"><ele>0.0</ele><time>2025-03-07T07:06:12.000Z</time></trkpt>
      <trkpt lat="52.747370" lon="-1.345380"><ele>0.0</ele><time>2025-03-07T07:06:15.000Z</time></trkpt>
      <trkpt lat="52.747340" lon="-1.345380"><ele>0.0</ele><time>2025-03-07T07:06:16.000Z</time></trkpt>
      <trkpt lat="52.747370" lon="-1.345270"><ele>0.0</ele><time>2025-03-07T07:06:17.000Z</time></trkpt>
      <trkpt lat="52.747370" lon="-1.345210"><ele>0.0</ele><time>2025-03-07T07:06:18.000Z</time></trkpt>
      <trkpt lat="52.747430" lon="-1.345240"><ele>0.0</ele><time>2025-03-07T07:06:20.000Z</time></trkpt>
      <trkpt lat="52.747500" lon="-1.345210"><ele>0.0</ele><time>2025-03-07T07:06:25.000Z</time></trkpt>
      <trkpt lat="52.747570" lon="-1.345140"><ele>0.0</ele><time>2025-03-07T07:06:26.000Z</time></trkpt>
      <trkpt lat="52.747530" lon="-1.345190"><ele>0.0</ele><time>2025-03-07T07:06:27.000Z</time></trkpt>
      <trkpt lat="52.747560" lon="-1.345160"><ele>0.0</ele><time>2025-03-07T07:06:29.000Z</time></trkpt>
      <trkpt lat="52.747580" lon="-1.345110"><ele>0.0</ele><time>2025-03-07T07:06:31.000Z</time></trkpt>
      <trkpt lat="52.747560" lon="-1.345080"><ele>0.0</ele><time>2025-03-07T07:06:35.000Z</time></trkpt>
      <trkpt lat="52.747520" lon="-1.345060"><ele>0.0</ele><time>2025-03-07T07:06:40.000Z</time></trkpt>
      <trkpt lat="52.747540" lon="-1.345020"><ele>0.0</ele><time>2025-03-07T07:06:43.000Z</time></trkpt>
      <trkpt lat="52.747510" lon="-1.345020"><ele>0.0</ele><time>2025-03-07T07:06:44.000Z</time></trkpt>
      <trkpt lat="52.747490" lon="-1.344970"><ele>0.0</ele><time>2025-03-07T07:07:01.000Z</time></trkpt>
      <trkpt lat="52.747430" lon="-1.345010"><ele>0.0</ele><time>2025-03-07T07:07:02.000Z</time></trkpt>
      <trkpt lat="52.747440" lon="-1.344960"><ele>0.0</ele><time>2025-03-07T07:07:03.000Z</time></trkpt>
      <trkpt lat="52.747450" lon="-1.345010"><ele>0.0</ele><time>2025-03-07T07:07:04.000Z</time></trkpt>
      <trkpt lat="52.747480" lon="-1.344960"><ele>0.0</ele><time>2025-03-07T07:07:07.000Z</time></trkpt>
      <trkpt lat="52.747520" lon="-1.344960"><ele>0.0</ele><time>2025-03-07T07:07:09.000Z</time></trkpt>
      <trkpt lat="52.747490" lon="-1.344900"><ele>0.0</ele><time>2025-03-07T07:07:10.000Z</time></trkpt>
      <trkpt lat="52.747530" lon="-1.344790"><ele>0.0</ele><time>2025-03-07T07:07:12.000Z</time></trkpt>
      <trkpt lat="52.747550" lon="-1.344660"><ele>0.0</ele><time>2025-03-07T07:07:13.000Z</time></trkpt>
      <trkpt lat="52.747610" lon="-1.344690"><ele>0.0</ele><time>2025-03-07T07:07:14.000Z</time></trkpt>
      <trkpt lat="52.747590" lon="-1.344640"><ele>0.0</ele><time>2025-03-07T07:07:17.000Z</time></trkpt>
      <trkpt lat="52.747620" lon="-1.344640"><ele>0.0</ele><time>2025-03-07T07:07:18.000Z</time></trkpt>
      <trkpt lat="52.747640" lon="-1.344480"><ele>0.0</ele><time>2025-03-07T07:07:21.000Z</time></trkpt>
      <trkpt lat="52.747610" lon="-1.344490"><ele>0.0</ele><time>2025-03-07T07:07:24.000Z</time></trkpt>
      <trkpt lat="52.747570" lon="-1.344520"><ele>0.0</ele><time>2025-03-07T07:07:28.000Z</time></trkpt>
      <trkpt lat="52.747540" lon="-1.344540"><ele>0.0</ele><time>2025-03-07T07:07:29.000Z</time></trkpt>
      <trkpt lat="52.747530" lon="-1.344590"><ele>0.0</ele><time>2025-03-07T07:07:32.000Z</time></trkpt>
      <trkpt lat="52.747480" lon="-1.344630"><ele>0.0</ele><time>2025-03-07T07:07:35.000Z</time></trkpt>
      <trkpt lat="52.747450" lon="-1.344630"><ele>0.0</ele><time>2025-03-07T07:07:36.000Z</time></trkpt>
      <trkpt lat="52.747420" lon="-1.344660"><ele>0.0</ele><time>2025-03-07T07:07:39.000Z</time></trkpt>
      <trkpt lat="52.747330" lon="-1.344450"><ele>0.0</ele><time>2025-03-07T07:07:42.000Z</time></trkpt>
      <trkpt lat="52.747390" lon="-1.344550"><ele>0.0</ele><time>2025-03-07T07:07:43.000Z</time></trkpt>
      <trkpt lat="52.747390" lon="-1.344810"><ele>0.0</ele><time>2025-03-07T07:07:44.000Z</time></trkpt>
      <trkpt lat="52.747410" lon="-1.344690"><ele>0.0</ele><time>2025-03-07T07:07:45.000Z</time></trkpt>
      <trkpt lat="52.747400" lon="-1.344890"><ele>0.0</ele><time>2025-03-07T07:07:47.000Z</time></trkpt>
      <trkpt lat="52.747450" lon="-1.344820"><ele>0.0</ele><time>2025-03-07T07:07:48.000Z</time></trkpt>
      <trkpt lat="52.747450" lon="-1.344750"><ele>0.0</ele><time>2025-03-07T07:07:49.000Z</time></trkpt>
      <trkpt lat="52.747420" lon="-1.344740"><ele>0.0</ele><time>2025-03-07T07:07:50.000Z</time></trkpt>
      <trkpt lat="52.747360" lon="-1.344740"><ele>0.0</ele><time>2025-03-07T07:07:51.000Z</time></trkpt>
      <trkpt lat="52.747330" lon="-1.344740"><ele>0.0</ele><time>2025-03-07T07:07:54.000Z</time></trkpt>
      <trkpt lat="52.747300" lon="-1.344770"><ele>0.0</ele><time>2025-03-07T07:07:57.000Z</time></trkpt>
      <trkpt lat="52.747270" lon="-1.344810"><ele>0.0</ele><time>2025-03-07T07:08:01.000Z</time></trkpt>
      <trkpt lat="52.747250" lon="-1.344840"><ele>0.0</ele><time>2025-03-07T07:08:02.000Z</time></trkpt>
      <trkpt lat="52.747220" lon="-1.344860"><ele>0.0</ele><time>2025-03-07T07:08:03.000Z</time></trkpt>
      <trkpt lat="52.747190" lon="-1.344880"><ele>0.0</ele><time>2025-03-07T07:08:07.000Z</time></trkpt>
      <trkpt lat="52.747160" lon="-1.344930"><ele>0.0</ele><time>2025-03-07T07:08:10.000Z</time></trkpt>
      <trkpt lat="52.747130" lon="-1.344950"><ele>0.0</ele><time>2025-03-07T07:08:12.000Z</time></trkpt>
      <trkpt lat="52.747100" lon="-1.344980"><ele>0.0</ele><time>2025-03-07T07:08:17.000Z</time></trkpt>
      <trkpt lat="52.747080" lon="-1.345010"><ele>0.0</ele><time>2025-03-07T07:08:19.000Z</time></trkpt>
      <trkpt lat="52.747050" lon="-1.345010"><ele>0.0</ele><time>2025-03-07T07:08:20.000Z</time></trkpt>
      <trkpt lat="52.747010" lon="-1.345030"><ele>0.0</ele><time>2025-03-07T07:08:22.000Z</time></trkpt>
      <trkpt lat="52.746990" lon="-1.345040"><ele>0.0</ele><time>2025-03-07T07:08:24.000Z</time></trkpt>
      <trkpt lat="52.746960" lon="-1.345090"><ele>0.0</ele><time>2025-03-07T07:08:26.000Z</time></trkpt>
      <trkpt lat="52.746950" lon="-1.345150"><ele>0.0</ele><time>2025-03-07T07:08:28.000Z</time></trkpt>
      <trkpt lat="52.746940" lon="-1.345200"><ele>0.0</ele><time>2025-03-07T07:08:29.000Z</time></trkpt>
      <trkpt lat="52.746910" lon="-1.345220"><ele>0.0</ele><time>2025-03-07T07:08:32.000Z</time></trkpt>
      <trkpt lat="52.746900" lon="-1.345260"><ele>0.0</ele><time>2025-03-07T07:08:35.000Z</time></trkpt>
      <trkpt lat="52.746860" lon="-1.345270"><ele>0.0</ele><time>2025-03-07T07:08:37.000Z</time></trkpt>
      <trkpt lat="52.746820" lon="-1.345270"><ele>0.0</ele><time>2025-03-07T07:08:40.000Z</time></trkpt>
      <trkpt lat="52.746800" lon="-1.345380"><ele>0.0</ele><time>2025-03-07T07:08:43.000Z</time></trkpt>
      <trkpt lat="52.746770" lon="-1.345400"><ele>0.0</ele><time>2025-03-07T07:08:44.000Z</time></trkpt>
      <trkpt lat="52.746760" lon="-1.345440"><ele>0.0</ele><time>2025-03-07T07:08:47.000Z</time></trkpt>
      <trkpt lat="52.746700" lon="-1.345450"><ele>0.0</ele><time>2025-03-07T07:08:52.000Z</time></trkpt>
      <trkpt lat="52.746670" lon="-1.345440"><ele>0.0</ele><time>2025-03-07T07:08:53.000Z</time></trkpt>
      <trkpt lat="52.746640" lon="-1.345430"><ele>0.0</ele><time>2025-03-07T07:08:54.000Z</time></trkpt>
      <trkpt lat="52.746620" lon="-1.345470"><ele>0.0</ele><time>2025-03-07T07:08:56.000Z</time></trkpt>
      <trkpt lat="52.746590" lon="-1.345510"><ele>0.0</ele><time>2025-03-07T07:08:59.000Z</time></trkpt>
      <trkpt lat="52.746570" lon="-1.345550"><ele>0.0</ele><time>2025-03-07T07:09:01.000Z</time></trkpt>
      <trkpt lat="52.746560" lon="-1.345620"><ele>0.0</ele><time>2025-03-07T07:09:06.000Z</time></trkpt>
      <trkpt lat="52.746590" lon="-1.345650"><ele>0.0</ele><time>2025-03-07T07:09:08.000Z</time></trkpt>
      <trkpt lat="52.746590" lon="-1.345700"><ele>0.0</ele><time>2025-03-07T07:09:09.000Z</time></trkpt>
      <trkpt lat="52.746540" lon="-1.345740"><ele>0.0</ele><time>2025-03-07T07:09:13.000Z</time></trkpt>
      <trkpt lat="52.746500" lon="-1.345790"><ele>0.0</ele><time>2025-03-07T07:09:15.000Z</time></trkpt>
      <trkpt lat="52.746470" lon="-1.345830"><ele>0.0</ele><time>2025-03-07T07:09:19.000Z</time></trkpt>
      <trkpt lat="52.746430" lon="-1.345850"><ele>0.0</ele><time>2025-03-07T07:09:23.000Z</time></trkpt>
      <trkpt lat="52.746400" lon="-1.345860"><ele>0.0</ele><time>2025-03-07T07:09:25.000Z</time></trkpt>
      <trkpt lat="52.746380" lon="-1.345910"><ele>0.0</ele><time>2025-03-07T07:09:28.000Z</time></trkpt>
      <trkpt lat="52.746350" lon="-1.345950"><ele>0.0</ele><time>2025-03-07T07:09:30.000Z</time></trkpt>
      <trkpt lat="52.746310" lon="-1.345970"><ele>0.0</ele><time>2025-03-07T07:09:32.000Z</time></trkpt>
      <trkpt lat="52.746260" lon="-1.346000"><ele>0.0</ele><time>2025-03-07T07:09:35.000Z</time></trkpt>
      <trkpt lat="52.746240" lon="-1.346030"><ele>0.0</ele><time>2025-03-07T07:09:36.000Z</time></trkpt>
      <trkpt lat="52.746210" lon="-1.346030"><ele>0.0</ele><time>2025-03-07T07:09:39.000Z</time></trkpt>
      <trkpt lat="52.746150" lon="-1.346070"><ele>0.0</ele><time>2025-03-07T07:09:42.000Z</time></trkpt>
      <trkpt lat="52.746120" lon="-1.346070"><ele>0.0</ele><time>2025-03-07T07:09:44.000Z</time></trkpt>
      <trkpt lat="52.746100" lon="-1.346080"><ele>0.0</ele><time>2025-03-07T07:09:46.000Z</time></trkpt>
      <trkpt lat="52.746070" lon="-1.346120"><ele>0.0</ele><time>2025-03-07T07:09:49.000Z</time></trkpt>
      <trkpt lat="52.746080" lon="-1.346170"><ele>0.0</ele><time>2025-03-07T07:09:50.000Z</time></trkpt>
      <trkpt lat="52.746080" lon="-1.346230"><ele>0.0</ele><time>2025-03-07T07:09:54.000Z</time></trkpt>
      <trkpt lat="52.746060" lon="-1.346270"><ele>0.0</ele><time>2025-03-07T07:09:59.000Z</time></trkpt>
      <trkpt lat="52.746040" lon="-1.346290"><ele>0.0</ele><time>2025-03-07T07:10:02.000Z</time></trkpt>
      <trkpt lat="52.746010" lon="-1.346310"><ele>0.0</ele><time>2025-03-07T07:10:04.000Z</time></trkpt>
      <trkpt lat="52.745960" lon="-1.346320"><ele>0.0</ele><time>2025-03-07T07:10:07.000Z</time></trkpt>
      <trkpt lat="52.745920" lon="-1.346320"><ele>0.0</ele><time>2025-03-07T07:10:10.000Z</time></trkpt>
      <trkpt lat="52.745910" lon="-1.346370"><ele>0.0</ele><time>2025-03-07T07:10:14.000Z</time></trkpt>
      <trkpt lat="52.745870" lon="-1.346390"><ele>0.0</ele><time>2025-03-07T07:10:18.000Z</time></trkpt>
      <trkpt lat="52.745850" lon="-1.346350"><ele>0.0</ele><time>2025-03-07T07:10:20.000Z</time></trkpt>
      <trkpt lat="52.745820" lon="-1.346310"><ele>0.0</ele><time>2025-03-07T07:10:23.000Z</time></trkpt>
      <trkpt lat="52.745800" lon="-1.346280"><ele>0.0</ele><time>2025-03-07T07:10:26.000Z</time></trkpt>
      <trkpt lat="52.745790" lon="-1.346210"><ele>0.0</ele><time>2025-03-07T07:10:31.000Z</time></trkpt>
      <trkpt lat="52.745760" lon="-1.346150"><ele>0.0</ele><time>2025-03-07T07:10:34.000Z</time></trkpt>
      <trkpt lat="52.745760" lon="-1.346080"><ele>0.0</ele><time>2025-03-07T07:10:36.000Z</time></trkpt>
      <trkpt lat="52.745760" lon="-1.346000"><ele>0.0</ele><time>2025-03-07T07:10:38.000Z</time></trkpt>
      <trkpt lat="52.745760" lon="-1.345930"><ele>0.0</ele><time>2025-03-07T07:10:41.000Z</time></trkpt>
      <trkpt lat="52.745770" lon="-1.345890"><ele>0.0</ele><time>2025-03-07T07:10:43.000Z</time></trkpt>
      <trkpt lat="52.745770" lon="-1.345830"><ele>0.0</ele><time>2025-03-07T07:10:45.000Z</time></trkpt>
      <trkpt lat="52.745760" lon="-1.345790"><ele>0.0</ele><time>2025-03-07T07:10:47.000Z</time></trkpt>
      <trkpt lat="52.745760" lon="-1.345740"><ele>0.0</ele><time>2025-03-07T07:10:50.000Z</time></trkpt>
      <trkpt lat="52.745770" lon="-1.345690"><ele>0.0</ele><time>2025-03-07T07:10:53.000Z</time></trkpt>
      <trkpt lat="52.745780" lon="-1.345630"><ele>0.0</ele><time>2025-03-07T07:10:55.000Z</time></trkpt>
      <trkpt lat="52.745790" lon="-1.345570"><ele>0.0</ele><time>2025-03-07T07:10:59.000Z</time></trkpt>
      <trkpt lat="52.745790" lon="-1.345500"><ele>0.0</ele><time>2025-03-07T07:11:01.000Z</time></trkpt>
      <trkpt lat="52.745790" lon="-1.345450"><ele>0.0</ele><time>2025-03-07T07:11:03.000Z</time></trkpt>
      <trkpt lat="52.745790" lon="-1.345400"><ele>0.0</ele><time>2025-03-07T07:11:05.000Z</time></trkpt>
      <trkpt lat="52.745790" lon="-1.345340"><ele>0.0</ele><time>2025-03-07T07:11:08.000Z</time></trkpt>
      <trkpt lat="52.745790" lon="-1.345280"><ele>0.0</ele><time>2025-03-07T07:11:11.000Z</time></trkpt>
      <trkpt lat="52.745780" lon="-1.345220"><ele>0.0</ele><time>2025-03-07T07:11:14.000Z</time></trkpt>
      <trkpt lat="52.745770" lon="-1.345140"><ele>0.0</ele><time>2025-03-07T07:11:17.000Z</time></trkpt>
      <trkpt lat="52.745780" lon="-1.345080"><ele>0.0</ele><time>2025-03-07T07:11:20.000Z</time></trkpt>
      <trkpt lat="52.745780" lon="-1.345030"><ele>0.0</ele><time>2025-03-07T07:11:22.000Z</time></trkpt>
      <trkpt lat="52.745780" lon="-1.344970"><ele>0.0</ele><time>2025-03-07T07:11:26.000Z</time></trkpt>
      <trkpt lat="52.745750" lon="-1.344900"><ele>0.0</ele><time>2025-03-07T07:11:27.000Z</time></trkpt>
      <trkpt lat="52.745770" lon="-1.344840"><ele>0.0</ele><time>2025-03-07T07:11:28.000Z</time></trkpt>
      <trkpt lat="52.745770" lon="-1.344790"><ele>0.0</ele><time>2025-03-07T07:11:30.000Z</time></trkpt>
      <trkpt lat="52.745770" lon="-1.344730"><ele>0.0</ele><time>2025-03-07T07:11:32.000Z</time></trkpt>
      <trkpt lat="52.745770" lon="-1.344670"><ele>0.0</ele><time>2025-03-07T07:11:35.000Z</time></trkpt>
      <trkpt lat="52.745770" lon="-1.344610"><ele>0.0</ele><time>2025-03-07T07:11:38.000Z</time></trkpt>
      <trkpt lat="52.745770" lon="-1.344550"><ele>0.0</ele><time>2025-03-07T07:11:41.000Z</time></trkpt>
      <trkpt lat="52.745780" lon="-1.344490"><ele>0.0</ele><time>2025-03-07T07:11:44.000Z</time></trkpt>
      <trkpt lat="52.745780" lon="-1.344450"><ele>0.0</ele><time>2025-03-07T07:11:46.000Z</time></trkpt>
      <trkpt lat="52.745790" lon="-1.344400"><ele>0.0</ele><time>2025-03-07T07:11:49.000Z</time></trkpt>
      <trkpt lat="52.745780" lon="-1.344350"><ele>0.0</ele><time>2025-03-07T07:11:51.000Z</time></trkpt>
      <trkpt lat="52.745770" lon="-1.344300"><ele>0.0</ele><time>2025-03-07T07:11:54.000Z</time></trkpt>
      <trkpt lat="52.745770" lon="-1.344230"><ele>0.0</ele><time>2025-03-07T07:11:57.000Z</time></trkpt>
      <trkpt lat="52.745780" lon="-1.344180"><ele>0.0</ele><time>2025-03-07T07:12:00.000Z</time></trkpt>
      <trkpt lat="52.745790" lon="-1.344140"><ele>0.0</ele><time>2025-03-07T07:12:02.000Z</time></trkpt>
      <trkpt lat="52.745790" lon="-1.344060"><ele>0.0</ele><time>2025-03-07T07:12:06.000Z</time></trkpt>
      <trkpt lat="52.745780" lon="-1.344020"><ele>0.0</ele><time>2025-03-07T07:12:08.000Z</time></trkpt>
      <trkpt lat="52.745780" lon="-1.343960"><ele>0.0</ele><time>2025-03-07T07:12:11.000Z</time></trkpt>
      <trkpt lat="52.745770" lon="-1.343910"><ele>0.0</ele><time>2025-03-07T07:12:14.000Z</time></trkpt>
      <trkpt lat="52.745780" lon="-1.343850"><ele>0.0</ele><time>2025-03-07T07:12:17.000Z</time></trkpt>
      <trkpt lat="52.745770" lon="-1.343790"><ele>0.0</ele><time>2025-03-07T07:12:20.000Z</time></trkpt>
      <trkpt lat="52.745770" lon="-1.343740"><ele>0.0</ele><time>2025-03-07T07:12:23.000Z</time></trkpt>
      <trkpt lat="52.745760" lon="-1.343670"><ele>0.0</ele><time>2025-03-07T07:12:26.000Z</time></trkpt>
      <trkpt lat="52.745770" lon="-1.343630"><ele>0.0</ele><time>2025-03-07T07:12:28.000Z</time></trkpt>
      <trkpt lat="52.745770" lon="-1.343560"><ele>0.0</ele><time>2025-03-07T07:12:30.000Z</time></trkpt>
      <trkpt lat="52.745780" lon="-1.343520"><ele>0.0</ele><time>2025-03-07T07:12:32.000Z</time></trkpt>
      <trkpt lat="52.745780" lon="-1.343470"><ele>0.0</ele><time>2025-03-07T07:12:34.000Z</time></trkpt>
      <trkpt lat="52.745780" lon="-1.343430"><ele>0.0</ele><time>2025-03-07T07:12:36.000Z</time></trkpt>
      <trkpt lat="52.745780" lon="-1.343370"><ele>0.0</ele><time>2025-03-07T07:12:39.000Z</time></trkpt>
      <trkpt lat="52.745780" lon="-1.343310"><ele>0.0</ele><time>2025-03-07T07:12:42.000Z</time></trkpt>
      <trkpt lat="52.745780" lon="-1.343260"><ele>0.0</ele><time>2025-03-07T07:12:44.000Z</time></trkpt>
      <trkpt lat="52.745780" lon="-1.343220"><ele>0.0</ele><time>2025-03-07T07:12:47.000Z</time></trkpt>
      <trkpt lat="52.745770" lon="-1.343160"><ele>0.0</ele><time>2025-03-07T07:12:50.000Z</time></trkpt>
      <trkpt lat="52.745790" lon="-1.343120"><ele>0.0</ele><time>2025-03-07T07:12:52.000Z</time></trkpt>
      <trkpt lat="52.745790" lon="-1.343070"><ele>0.0</ele><time>2025-03-07T07:12:54.000Z</time></trkpt>
      <trkpt lat="52.745790" lon="-1.343020"><ele>0.0</ele><time>2025-03-07T07:12:57.000Z</time></trkpt>
      <trkpt lat="52.745790" lon="-1.342960"><ele>0.0</ele><time>2025-03-07T07:12:59.000Z</time></trkpt>
      <trkpt lat="52.745790" lon="-1.342910"><ele>0.0</ele><time>2025-03-07T07:13:01.000Z</time></trkpt>
      <trkpt lat="52.745790" lon="-1.342870"><ele>0.0</ele><time>2025-03-07T07:13:03.000Z</time></trkpt>
      <trkpt lat="52.745780" lon="-1.342810"><ele>0.0</ele><time>2025-03-07T07:13:05.000Z</time></trkpt>
      <trkpt lat="52.745770" lon="-1.342760"><ele>0.0</ele><time>2025-03-07T07:13:07.000Z</time></trkpt>
      <trkpt lat="52.745780" lon="-1.342710"><ele>0.0</ele><time>2025-03-07T07:13:10.000Z</time></trkpt>
      <trkpt lat="52.745770" lon="-1.342660"><ele>0.0</ele><time>2025-03-07T07:13:12.000Z</time></trkpt>
      <trkpt lat="52.745770" lon="-1.342590"><ele>0.0</ele><time>2025-03-07T07:13:16.000Z</time></trkpt>
      <trkpt lat="52.745780" lon="-1.342540"><ele>0.0</ele><time>2025-03-07T07:13:18.000Z</time></trkpt>
      <trkpt lat="52.745790" lon="-1.342490"><ele>0.0</ele><time>2025-03-07T07:13:21.000Z</time></trkpt>
      <trkpt lat="52.745810" lon="-1.342430"><ele>0.0</ele><time>2025-03-07T07:13:24.000Z</time></trkpt>
      <trkpt lat="52.745800" lon="-1.342390"><ele>0.0</ele><time>2025-03-07T07:13:25.000Z</time></trkpt>
      <trkpt lat="52.745780" lon="-1.342340"><ele>0.0</ele><time>2025-03-07T07:13:28.000Z</time></trkpt>
      <trkpt lat="52.745780" lon="-1.342280"><ele>0.0</ele><time>2025-03-07T07:13:31.000Z</time></trkpt>
      <trkpt lat="52.745780" lon="-1.342230"><ele>0.0</ele><time>2025-03-07T07:13:34.000Z</time></trkpt>
      <trkpt lat="52.745770" lon="-1.342150"><ele>0.0</ele><time>2025-03-07T07:13:37.000Z</time></trkpt>
      <trkpt lat="52.745770" lon="-1.342100"><ele>0.0</ele><time>2025-03-07T07:13:40.000Z</time></trkpt>
      <trkpt lat="52.745780" lon="-1.342040"><ele>0.0</ele><time>2025-03-07T07:13:42.000Z</time></trkpt>
      <trkpt lat="52.745780" lon="-1.341980"><ele>0.0</ele><time>2025-03-07T07:13:45.000Z</time></trkpt>
      <trkpt lat="52.745780" lon="-1.341910"><ele>0.0</ele><time>2025-03-07T07:13:47.000Z</time></trkpt>
      <trkpt lat="52.745810" lon="-1.341850"><ele>0.0</ele><time>2025-03-07T07:13:50.000Z</time></trkpt>
      <trkpt lat="52.745800" lon="-1.341800"><ele>0.0</ele><time>2025-03-07T07:13:52.000Z</time></trkpt>
      <trkpt lat="52.745790" lon="-1.341730"><ele>0.0</ele><time>2025-03-07T07:13:54.000Z</time></trkpt>
      <trkpt lat="52.745790" lon="-1.341680"><ele>0.0</ele><time>2025-03-07T07:13:57.000Z</time></trkpt>
      <trkpt lat="52.745780" lon="-1.341620"><ele>0.0</ele><time>2025-03-07T07:13:59.000Z</time></trkpt>
      <trkpt lat="52.745790" lon="-1.341570"><ele>0.0</ele><time>2025-03-07T07:14:01.000Z</time></trkpt>
      <trkpt lat="52.745770" lon="-1.341520"><ele>0.0</ele><time>2025-03-07T07:14:04.000Z</time></trkpt>
      <trkpt lat="52.745770" lon="-1.341460"><ele>0.0</ele><time>2025-03-07T07:14:07.000Z</time></trkpt>
      <trkpt lat="52.745770" lon="-1.341380"><ele>0.0</ele><time>2025-03-07T07:14:11.000Z</time></trkpt>
      <trkpt lat="52.745780" lon="-1.341330"><ele>0.0</ele><time>2025-03-07T07:14:15.000Z</time></trkpt>
      <trkpt lat="52.745780" lon="-1.341270"><ele>0.0</ele><time>2025-03-07T07:14:19.000Z</time></trkpt>
      <trkpt lat="52.745760" lon="-1.341210"><ele>0.0</ele><time>2025-03-07T07:14:22.000Z</time></trkpt>
      <trkpt lat="52.745770" lon="-1.341150"><ele>0.0</ele><time>2025-03-07T07:14:25.000Z</time></trkpt>
      <trkpt lat="52.745780" lon="-1.341100"><ele>0.0</ele><time>2025-03-07T07:14:28.000Z</time></trkpt>
      <trkpt lat="52.745780" lon="-1.341050"><ele>0.0</ele><time>2025-03-07T07:14:31.000Z</time></trkpt>
      <trkpt lat="52.745790" lon="-1.340950"><ele>0.0</ele><time>2025-03-07T07:14:33.000Z</time></trkpt>
      <trkpt lat="52.745780" lon="-1.340900"><ele>0.0</ele><time>2025-03-07T07:14:35.000Z</time></trkpt>
      <trkpt lat="52.745770" lon="-1.340850"><ele>0.0</ele><time>2025-03-07T07:14:38.000Z</time></trkpt>
      <trkpt lat="52.745780" lon="-1.340780"><ele>0.0</ele><time>2025-03-07T07:14:40.000Z</time></trkpt>
      <trkpt lat="52.745770" lon="-1.340720"><ele>0.0</ele><time>2025-03-07T07:14:42.000Z</time></trkpt>
      <trkpt lat="52.745780" lon="-1.340660"><ele>0.0</ele><time>2025-03-07T07:14:44.000Z</time></trkpt>
      <trkpt lat="52.745780" lon="-1.340600"><ele>0.0</ele><time>2025-03-07T07:14:46.000Z</time></trkpt>
      <trkpt lat="52.745790" lon="-1.340540"><ele>0.0</ele><time>2025-03-07T07:14:49.000Z</time></trkpt>
      <trkpt lat="52.745790" lon="-1.340480"><ele>0.0</ele><time>2025-03-07T07:14:51.000Z</time></trkpt>
      <trkpt lat="52.745770" lon="-1.340410"><ele>0.0</ele><time>2025-03-07T07:14:54.000Z</time></trkpt>
      <trkpt lat="52.745790" lon="-1.340360"><ele>0.0</ele><time>2025-03-07T07:14:58.000Z</time></trkpt>
      <trkpt lat="52.745770" lon="-1.340310"><ele>0.0</ele><time>2025-03-07T07:15:01.000Z</time></trkpt>
      <trkpt lat="52.745780" lon="-1.340250"><ele>0.0</ele><time>2025-03-07T07:15:03.000Z</time></trkpt>
      <trkpt lat="52.745780" lon="-1.340190"><ele>0.0</ele><time>2025-03-07T07:15:25.000Z</time></trkpt>
      <trkpt lat="52.745770" lon="-1.340150"><ele>0.0</ele><time>2025-03-07T07:15:28.000Z</time></trkpt>
      <trkpt lat="52.745770" lon="-1.340070"><ele>0.0</ele><time>2025-03-07T07:15:31.000Z</time></trkpt>
      <trkpt lat="52.745760" lon="-1.340010"><ele>0.0</ele><time>2025-03-07T07:15:35.000Z</time></trkpt>
      <trkpt lat="52.745770" lon="-1.339960"><ele>0.0</ele><time>2025-03-07T07:15:37.000Z</time></trkpt>
      <trkpt lat="52.745760" lon="-1.339890"><ele>0.0</ele><time>2025-03-07T07:15:39.000Z</time></trkpt>
      <trkpt lat="52.745760" lon="-1.339830"><ele>0.0</ele><time>2025-03-07T07:15:42.000Z</time></trkpt>
      <trkpt lat="52.745750" lon="-1.339780"><ele>0.0</ele><time>2025-03-07T07:15:44.000Z</time></trkpt>
      <trkpt lat="52.745740" lon="-1.339720"><ele>0.0</ele><time>2025-03-07T07:15:47.000Z</time></trkpt>
      <trkpt lat="52.745740" lon="-1.339660"><ele>0.0</ele><time>2025-03-07T07:15:50.000Z</time></trkpt>
      <trkpt lat="52.745740" lon="-1.339610"><ele>0.0</ele><time>2025-03-07T07:15:52.000Z</time></trkpt>
      <trkpt lat="52.745740" lon="-1.339550"><ele>0.0</ele><time>2025-03-07T07:15:55.000Z</time></trkpt>
      <trkpt lat="52.745730" lon="-1.339500"><ele>0.0</ele><time>2025-03-07T07:15:57.000Z</time></trkpt>
      <trkpt lat="52.745730" lon="-1.339440"><ele>0.0</ele><time>2025-03-07T07:16:00.000Z</time></trkpt>
      <trkpt lat="52.745730" lon="-1.339390"><ele>0.0</ele><time>2025-03-07T07:16:02.000Z</time></trkpt>
      <trkpt lat="52.745720" lon="-1.339340"><ele>0.0</ele><time>2025-03-07T07:16:04.000Z</time></trkpt>
      <trkpt lat="52.745720" lon="-1.339290"><ele>0.0</ele><time>2025-03-07T07:16:07.000Z</time></trkpt>
      <trkpt lat="52.745710" lon="-1.339240"><ele>0.0</ele><time>2025-03-07T07:16:09.000Z</time></trkpt>
      <trkpt lat="52.745710" lon="-1.339180"><ele>0.0</ele><time>2025-03-07T07:16:11.000Z</time></trkpt>
      <trkpt lat="52.745700" lon="-1.339140"><ele>0.0</ele><time>2025-03-07T07:16:13.000Z</time></trkpt>
      <trkpt lat="52.745670" lon="-1.339110"><ele>0.0</ele><time>2025-03-07T07:16:16.000Z</time></trkpt>
      <trkpt lat="52.745680" lon="-1.339060"><ele>0.0</ele><time>2025-03-07T07:16:18.000Z</time></trkpt>
      <trkpt lat="52.745670" lon="-1.339020"><ele>0.0</ele><time>2025-03-07T07:16:21.000Z</time></trkpt>
      <trkpt lat="52.745660" lon="-1.338960"><ele>0.0</ele><time>2025-03-07T07:16:25.000Z</time></trkpt>
      <trkpt lat="52.745660" lon="-1.338890"><ele>0.0</ele><time>2025-03-07T07:16:27.000Z</time></trkpt>
      <trkpt lat="52.745630" lon="-1.338850"><ele>0.0</ele><time>2025-03-07T07:16:29.000Z</time></trkpt>
      <trkpt lat="52.745620" lon="-1.338800"><ele>0.0</ele><time>2025-03-07T07:16:32.000Z</time></trkpt>
      <trkpt lat="52.745610" lon="-1.338760"><ele>0.0</ele><time>2025-03-07T07:16:34.000Z</time></trkpt>
      <trkpt lat="52.745580" lon="-1.338690"><ele>0.0</ele><time>2025-03-07T07:16:37.000Z</time></trkpt>
      <trkpt lat="52.745580" lon="-1.338620"><ele>0.0</ele><time>2025-03-07T07:16:39.000Z</time></trkpt>
      <trkpt lat="52.745570" lon="-1.338550"><ele>0.0</ele><time>2025-03-07T07:16:41.000Z</time></trkpt>
      <trkpt lat="52.745550" lon="-1.338510"><ele>0.0</ele><time>2025-03-07T07:16:44.000Z</time></trkpt>
      <trkpt lat="52.745560" lon="-1.338450"><ele>0.0</ele><time>2025-03-07T07:16:46.000Z</time></trkpt>
      <trkpt lat="52.745540" lon="-1.338400"><ele>0.0</ele><time>2025-03-07T07:16:49.000Z</time></trkpt>
      <trkpt lat="52.745520" lon="-1.338340"><ele>0.0</ele><time>2025-03-07T07:16:53.000Z</time></trkpt>
      <trkpt lat="52.745510" lon="-1.338280"><ele>0.0</ele><time>2025-03-07T07:16:55.000Z</time></trkpt>
      <trkpt lat="52.745480" lon="-1.338220"><ele>0.0</ele><time>2025-03-07T07:16:58.000Z</time></trkpt>
      <trkpt lat="52.745470" lon="-1.338160"><ele>0.0</ele><time>2025-03-07T07:17:05.000Z</time></trkpt>
      <trkpt lat="52.745460" lon="-1.338100"><ele>0.0</ele><time>2025-03-07T07:17:08.000Z</time></trkpt>
      <trkpt lat="52.745430" lon="-1.338040"><ele>0.0</ele><time>2025-03-07T07:17:10.000Z</time></trkpt>
      <trkpt lat="52.745410" lon="-1.337960"><ele>0.0</ele><time>2025-03-07T07:17:11.000Z</time></trkpt>
      <trkpt lat="52.745400" lon="-1.337890"><ele>0.0</ele><time>2025-03-07T07:17:14.000Z</time></trkpt>
      <trkpt lat="52.745390" lon="-1.337840"><ele>0.0</ele><time>2025-03-07T07:17:16.000Z</time></trkpt>
      <trkpt lat="52.745380" lon="-1.337750"><ele>0.0</ele><time>2025-03-07T07:17:19.000Z</time></trkpt>
      <trkpt lat="52.745360" lon="-1.337700"><ele>0.0</ele><time>2025-03-07T07:17:22.000Z</time></trkpt>
      <trkpt lat="52.745330" lon="-1.337670"><ele>0.0</ele><time>2025-03-07T07:17:25.000Z</time></trkpt>
      <trkpt lat="52.745330" lon="-1.337620"><ele>0.0</ele><time>2025-03-07T07:17:27.000Z</time></trkpt>
      <trkpt lat="52.745310" lon="-1.337580"><ele>0.0</ele><time>2025-03-07T07:17:29.000Z</time></trkpt>
      <trkpt lat="52.745300" lon="-1.337530"><ele>0.0</ele><time>2025-03-07T07:17:33.000Z</time></trkpt>
      <trkpt lat="52.745310" lon="-1.337490"><ele>0.0</ele><time>2025-03-07T07:17:36.000Z</time></trkpt>
      <trkpt lat="52.745290" lon="-1.337410"><ele>0.0</ele><time>2025-03-07T07:17:41.000Z</time></trkpt>
      <trkpt lat="52.745290" lon="-1.337350"><ele>0.0</ele><time>2025-03-07T07:17:43.000Z</time></trkpt>
      <trkpt lat="52.745260" lon="-1.337310"><ele>0.0</ele><time>2025-03-07T07:17:45.000Z</time></trkpt>
      <trkpt lat="52.745240" lon="-1.337260"><ele>0.0</ele><time>2025-03-07T07:17:48.000Z</time></trkpt>
      <trkpt lat="52.745210" lon="-1.337210"><ele>0.0</ele><time>2025-03-07T07:17:50.000Z</time></trkpt>
      <trkpt lat="52.745200" lon="-1.337160"><ele>0.0</ele><time>2025-03-07T07:17:51.000Z</time></trkpt>
      <trkpt lat="52.745210" lon="-1.337120"><ele>0.0</ele><time>2025-03-07T07:17:52.000Z</time></trkpt>
      <trkpt lat="52.745180" lon="-1.337080"><ele>0.0</ele><time>2025-03-07T07:17:53.000Z</time></trkpt>
      <trkpt lat="52.745160" lon="-1.337050"><ele>0.0</ele><time>2025-03-07T07:17:55.000Z</time></trkpt>
      <trkpt lat="52.745140" lon="-1.337000"><ele>0.0</ele><time>2025-03-07T07:17:57.000Z</time></trkpt>
      <trkpt lat="52.745130" lon="-1.336950"><ele>0.0</ele><time>2025-03-07T07:17:59.000Z</time></trkpt>
      <trkpt lat="52.745120" lon="-1.336880"><ele>0.0</ele><time>2025-03-07T07:18:02.000Z</time></trkpt>
      <trkpt lat="52.745120" lon="-1.336820"><ele>0.0</ele><time>2025-03-07T07:18:03.000Z</time></trkpt>
      <trkpt lat="52.745100" lon="-1.336790"><ele>0.0</ele><time>2025-03-07T07:18:08.000Z</time></trkpt>
      <trkpt lat="52.745090" lon="-1.336740"><ele>0.0</ele><time>2025-03-07T07:18:10.000Z</time></trkpt>
      <trkpt lat="52.745060" lon="-1.336690"><ele>0.0</ele><time>2025-03-07T07:18:12.000Z</time></trkpt>
      <trkpt lat="52.745050" lon="-1.336630"><ele>0.0</ele><time>2025-03-07T07:18:14.000Z</time></trkpt>
      <trkpt lat="52.745040" lon="-1.336580"><ele>0.0</ele><time>2025-03-07T07:18:16.000Z</time></trkpt>
      <trkpt lat="52.745030" lon="-1.336520"><ele>0.0</ele><time>2025-03-07T07:18:19.000Z</time></trkpt>
      <trkpt lat="52.745000" lon="-1.336500"><ele>0.0</ele><time>2025-03-07T07:18:21.000Z</time></trkpt>
      <trkpt lat="52.745010" lon="-1.336440"><ele>0.0</ele><time>2025-03-07T07:18:24.000Z</time></trkpt>
      <trkpt lat="52.744990" lon="-1.336410"><ele>0.0</ele><time>2025-03-07T07:18:25.000Z</time></trkpt>
      <trkpt lat="52.744980" lon="-1.336360"><ele>0.0</ele><time>2025-03-07T07:18:28.000Z</time></trkpt>
      <trkpt lat="52.744950" lon="-1.336320"><ele>0.0</ele><time>2025-03-07T07:18:31.000Z</time></trkpt>
      <trkpt lat="52.744940" lon="-1.336270"><ele>0.0</ele><time>2025-03-07T07:18:35.000Z</time></trkpt>
      <trkpt lat="52.744930" lon="-1.336230"><ele>0.0</ele><time>2025-03-07T07:18:37.000Z</time></trkpt>
      <trkpt lat="52.744920" lon="-1.336140"><ele>0.0</ele><time>2025-03-07T07:18:40.000Z</time></trkpt>
      <trkpt lat="52.744900" lon="-1.336100"><ele>0.0</ele><time>2025-03-07T07:18:43.000Z</time></trkpt>
      <trkpt lat="52.744890" lon="-1.336060"><ele>0.0</ele><time>2025-03-07T07:18:45.000Z</time></trkpt>
      <trkpt lat="52.744870" lon="-1.336020"><ele>0.0</ele><time>2025-03-07T07:18:46.000Z</time></trkpt>
      <trkpt lat="52.744840" lon="-1.336010"><ele>0.0</ele><time>2025-03-07T07:18:48.000Z</time></trkpt>
      <trkpt lat="52.744820" lon="-1.335970"><ele>0.0</ele><time>2025-03-07T07:18:50.000Z</time></trkpt>
      <trkpt lat="52.744810" lon="-1.335890"><ele>0.0</ele><time>2025-03-07T07:18:52.000Z</time></trkpt>
      <trkpt lat="52.744800" lon="-1.335840"><ele>0.0</ele><time>2025-03-07T07:18:54.000Z</time></trkpt>
      <trkpt lat="52.744790" lon="-1.335790"><ele>0.0</ele><time>2025-03-07T07:18:57.000Z</time></trkpt>
      <trkpt lat="52.744810" lon="-1.335770"><ele>0.0</ele><time>2025-03-07T07:19:05.000Z</time></trkpt>
      <trkpt lat="52.744790" lon="-1.335750"><ele>0.0</ele><time>2025-03-07T07:19:07.000Z</time></trkpt>
      <trkpt lat="52.744770" lon="-1.335720"><ele>0.0</ele><time>2025-03-07T07:19:09.000Z</time></trkpt>
      <trkpt lat="52.744750" lon="-1.335660"><ele>0.0</ele><time>2025-03-07T07:19:11.000Z</time></trkpt>
      <trkpt lat="52.744730" lon="-1.335630"><ele>0.0</ele><time>2025-03-07T07:19:15.000Z</time></trkpt>
      <trkpt lat="52.744690" lon="-1.335590"><ele>0.0</ele><time>2025-03-07T07:19:19.000Z</time></trkpt>
      <trkpt lat="52.744660" lon="-1.335560"><ele>0.0</ele><time>2025-03-07T07:19:23.000Z</time></trkpt>
      <trkpt lat="52.744640" lon="-1.335600"><ele>0.0</ele><time>2025-03-07T07:19:25.000Z</time></trkpt>
      <trkpt lat="52.744610" lon="-1.335580"><ele>0.0</ele><time>2025-03-07T07:19:28.000Z</time></trkpt>
      <trkpt lat="52.744580" lon="-1.335600"><ele>0.0</ele><time>2025-03-07T07:19:30.000Z</time></trkpt>
      <trkpt lat="52.744550" lon="-1.335600"><ele>0.0</ele><time>2025-03-07T07:19:34.000Z</time></trkpt>
      <trkpt lat="52.744520" lon="-1.335630"><ele>0.0</ele><time>2025-03-07T07:19:38.000Z</time></trkpt>
      <trkpt lat="52.744490" lon="-1.335640"><ele>0.0</ele><time>2025-03-07T07:19:40.000Z</time></trkpt>
      <trkpt lat="52.744470" lon="-1.335620"><ele>0.0</ele><time>2025-03-07T07:19:43.000Z</time></trkpt>
      <trkpt lat="52.744440" lon="-1.335640"><ele>0.0</ele><time>2025-03-07T07:19:46.000Z</time></trkpt>
      <trkpt lat="52.744410" lon="-1.335610"><ele>0.0</ele><time>2025-03-07T07:19:49.000Z</time></trkpt>
      <trkpt lat="52.744380" lon="-1.335610"><ele>0.0</ele><time>2025-03-07T07:19:50.000Z</time></trkpt>
      <trkpt lat="52.744350" lon="-1.335630"><ele>0.0</ele><time>2025-03-07T07:19:52.000Z</time></trkpt>
      <trkpt lat="52.744310" lon="-1.335630"><ele>0.0</ele><time>2025-03-07T07:19:57.000Z</time></trkpt>
      <trkpt lat="52.744280" lon="-1.335640"><ele>0.0</ele><time>2025-03-07T07:20:00.000Z</time></trkpt>
      <trkpt lat="52.744240" lon="-1.335640"><ele>0.0</ele><time>2025-03-07T07:20:03.000Z</time></trkpt>
      <trkpt lat="52.744200" lon="-1.335630"><ele>0.0</ele><time>2025-03-07T07:20:05.000Z</time></trkpt>
      <trkpt lat="52.744170" lon="-1.335630"><ele>0.0</ele><time>2025-03-07T07:20:09.000Z</time></trkpt>
      <trkpt lat="52.744130" lon="-1.335630"><ele>0.0</ele><time>2025-03-07T07:20:11.000Z</time></trkpt>
      <trkpt lat="52.744110" lon="-1.335670"><ele>0.0</ele><time>2025-03-07T07:20:13.000Z</time></trkpt>
      <trkpt lat="52.744070" lon="-1.335670"><ele>0.0</ele><time>2025-03-07T07:20:16.000Z</time></trkpt>
      <trkpt lat="52.744040" lon="-1.335670"><ele>0.0</ele><time>2025-03-07T07:20:19.000Z</time></trkpt>
      <trkpt lat="52.744010" lon="-1.335660"><ele>0.0</ele><time>2025-03-07T07:20:20.000Z</time></trkpt>
      <trkpt lat="52.743980" lon="-1.335660"><ele>0.0</ele><time>2025-03-07T07:20:23.000Z</time></trkpt>
      <trkpt lat="52.743940" lon="-1.335680"><ele>0.0</ele><time>2025-03-07T07:20:28.000Z</time></trkpt>
      <trkpt lat="52.743900" lon="-1.335660"><ele>0.0</ele><time>2025-03-07T07:20:30.000Z</time></trkpt>
      <trkpt lat="52.743870" lon="-1.335690"><ele>0.0</ele><time>2025-03-07T07:20:35.000Z</time></trkpt>
      <trkpt lat="52.743840" lon="-1.335690"><ele>0.0</ele><time>2025-03-07T07:20:37.000Z</time></trkpt>
      <trkpt lat="52.743820" lon="-1.335660"><ele>0.0</ele><time>2025-03-07T07:20:39.000Z</time></trkpt>
      <trkpt lat="52.743790" lon="-1.335680"><ele>0.0</ele><time>2025-03-07T07:20:40.000Z</time></trkpt>
      <trkpt lat="52.743750" lon="-1.335690"><ele>0.0</ele><time>2025-03-07T07:20:42.000Z</time></trkpt>
      <trkpt lat="52.743710" lon="-1.335680"><ele>0.0</ele><time>2025-03-07T07:20:47.000Z</time></trkpt>
      <trkpt lat="52.743680" lon="-1.335670"><ele>0.0</ele><time>2025-03-07T07:20:51.000Z</time></trkpt>
      <trkpt lat="52.743650" lon="-1.335650"><ele>0.0</ele><time>2025-03-07T07:20:53.000Z</time></trkpt>
      <trkpt lat="52.743650" lon="-1.335700"><ele>0.0</ele><time>2025-03-07T07:20:56.000Z</time></trkpt>
      <trkpt lat="52.743610" lon="-1.335700"><ele>0.0</ele><time>2025-03-07T07:20:59.000Z</time></trkpt>
      <trkpt lat="52.743580" lon="-1.335690"><ele>0.0</ele><time>2025-03-07T07:21:02.000Z</time></trkpt>
      <trkpt lat="52.743540" lon="-1.335680"><ele>0.0</ele><time>2025-03-07T07:21:04.000Z</time></trkpt>
      <trkpt lat="52.743510" lon="-1.335680"><ele>0.0</ele><time>2025-03-07T07:21:06.000Z</time></trkpt>
      <trkpt lat="52.743470" lon="-1.335660"><ele>0.0</ele><time>2025-03-07T07:21:10.000Z</time></trkpt>
      <trkpt lat="52.743440" lon="-1.335660"><ele>0.0</ele><time>2025-03-07T07:21:12.000Z</time></trkpt>
      <trkpt lat="52.743390" lon="-1.335650"><ele>0.0</ele><time>2025-03-07T07:21:14.000Z</time></trkpt>
      <trkpt lat="52.743360" lon="-1.335700"><ele>0.0</ele><time>2025-03-07T07:21:17.000Z</time></trkpt>
      <trkpt lat="52.743320" lon="-1.335700"><ele>0.0</ele><time>2025-03-07T07:21:20.000Z</time></trkpt>
      <trkpt lat="52.743280" lon="-1.335730"><ele>0.0</ele><time>2025-03-07T07:21:23.000Z</time></trkpt>
      <trkpt lat="52.743250" lon="-1.335730"><ele>0.0</ele><time>2025-03-07T07:21:25.000Z</time></trkpt>
      <trkpt lat="52.743230" lon="-1.335750"><ele>0.0</ele><time>2025-03-07T07:21:26.000Z</time></trkpt>
      <trkpt lat="52.743190" lon="-1.335740"><ele>0.0</ele><time>2025-03-07T07:21:28.000Z</time></trkpt>
      <trkpt lat="52.743160" lon="-1.335760"><ele>0.0</ele><time>2025-03-07T07:21:32.000Z</time></trkpt>
      <trkpt lat="52.743140" lon="-1.335740"><ele>0.0</ele><time>2025-03-07T07:21:34.000Z</time></trkpt>
      <trkpt lat="52.743090" lon="-1.335710"><ele>0.0</ele><time>2025-03-07T07:21:37.000Z</time></trkpt>
      <trkpt lat="52.743060" lon="-1.335730"><ele>0.0</ele><time>2025-03-07T07:21:39.000Z</time></trkpt>
      <trkpt lat="52.743040" lon="-1.335760"><ele>0.0</ele><time>2025-03-07T07:21:41.000Z</time></trkpt>
      <trkpt lat="52.743040" lon="-1.335830"><ele>0.0</ele><time>2025-03-07T07:21:43.000Z</time></trkpt>
      <trkpt lat="52.743030" lon="-1.335890"><ele>0.0</ele><time>2025-03-07T07:21:45.000Z</time></trkpt>
      <trkpt lat="52.743020" lon="-1.335930"><ele>0.0</ele><time>2025-03-07T07:21:50.000Z</time></trkpt>
      <trkpt lat="52.743050" lon="-1.335970"><ele>0.0</ele><time>2025-03-07T07:21:53.000Z</time></trkpt>
      <trkpt lat="52.743060" lon="-1.336040"><ele>0.0</ele><time>2025-03-07T07:21:57.000Z</time></trkpt>
      <trkpt lat="52.743060" lon="-1.336090"><ele>0.0</ele><time>2025-03-07T07:21:59.000Z</time></trkpt>
      <trkpt lat="52.743070" lon="-1.336160"><ele>0.0</ele><time>2025-03-07T07:22:01.000Z</time></trkpt>
      <trkpt lat="52.743070" lon="-1.336200"><ele>0.0</ele><time>2025-03-07T07:22:03.000Z</time></trkpt>
      <trkpt lat="52.743080" lon="-1.336270"><ele>0.0</ele><time>2025-03-07T07:22:09.000Z</time></trkpt>
      <trkpt lat="52.743090" lon="-1.336320"><ele>0.0</ele><time>2025-03-07T07:22:12.000Z</time></trkpt>
      <trkpt lat="52.743090" lon="-1.336370"><ele>0.0</ele><time>2025-03-07T07:22:15.000Z</time></trkpt>
      <trkpt lat="52.743090" lon="-1.336430"><ele>0.0</ele><time>2025-03-07T07:22:17.000Z</time></trkpt>
      <trkpt lat="52.743120" lon="-1.336480"><ele>0.0</ele><time>2025-03-07T07:22:19.000Z</time></trkpt>
      <trkpt lat="52.743130" lon="-1.336530"><ele>0.0</ele><time>2025-03-07T07:22:22.000Z</time></trkpt>
      <trkpt lat="52.743150" lon="-1.336590"><ele>0.0</ele><time>2025-03-07T07:22:25.000Z</time></trkpt>
      <trkpt lat="52.743140" lon="-1.336640"><ele>0.0</ele><time>2025-03-07T07:22:29.000Z</time></trkpt>
      <trkpt lat="52.743140" lon="-1.336700"><ele>0.0</ele><time>2025-03-07T07:22:33.000Z</time></trkpt>
      <trkpt lat="52.743130" lon="-1.336780"><ele>0.0</ele><time>2025-03-07T07:22:36.000Z</time></trkpt>
      <trkpt lat="52.743110" lon="-1.336840"><ele>0.0</ele><time>2025-03-07T07:22:38.000Z</time></trkpt>
      <trkpt lat="52.743080" lon="-1.336870"><ele>0.0</ele><time>2025-03-07T07:22:39.000Z</time></trkpt>
      <trkpt lat="52.743080" lon="-1.336910"><ele>0.0</ele><time>2025-03-07T07:22:44.000Z</time></trkpt>
      <trkpt lat="52.743040" lon="-1.336940"><ele>0.0</ele><time>2025-03-07T07:22:47.000Z</time></trkpt>
      <trkpt lat="52.743040" lon="-1.337000"><ele>0.0</ele><time>2025-03-07T07:22:50.000Z</time></trkpt>
      <trkpt lat="52.743030" lon="-1.337040"><ele>0.0</ele><time>2025-03-07T07:22:54.000Z</time></trkpt>
      <trkpt lat="52.743010" lon="-1.337110"><ele>0.0</ele><time>2025-03-07T07:22:56.000Z</time></trkpt>
      <trkpt lat="52.743020" lon="-1.337170"><ele>0.0</ele><time>2025-03-07T07:23:00.000Z</time></trkpt>
      <trkpt lat="52.743010" lon="-1.337240"><ele>0.0</ele><time>2025-03-07T07:23:04.000Z</time></trkpt>
      <trkpt lat="52.742990" lon="-1.337280"><ele>0.0</ele><time>2025-03-07T07:23:06.000Z</time></trkpt>
      <trkpt lat="52.742960" lon="-1.337300"><ele>0.0</ele><time>2025-03-07T07:23:10.000Z</time></trkpt>
      <trkpt lat="52.742950" lon="-1.337360"><ele>0.0</ele><time>2025-03-07T07:23:12.000Z</time></trkpt>
      <trkpt lat="52.742940" lon="-1.337400"><ele>0.0</ele><time>2025-03-07T07:23:14.000Z</time></trkpt>
      <trkpt lat="52.742930" lon="-1.337470"><ele>0.0</ele><time>2025-03-07T07:23:15.000Z</time></trkpt>
      <trkpt lat="52.742960" lon="-1.337510"><ele>0.0</ele><time>2025-03-07T07:23:17.000Z</time></trkpt>
      <trkpt lat="52.742970" lon="-1.337570"><ele>0.0</ele><time>2025-03-07T07:23:21.000Z</time></trkpt>
      <trkpt lat="52.742920" lon="-1.337600"><ele>0.0</ele><time>2025-03-07T07:23:24.000Z</time></trkpt>
      <trkpt lat="52.742920" lon="-1.337650"><ele>0.0</ele><time>2025-03-07T07:23:27.000Z</time></trkpt>
      <trkpt lat="52.742910" lon="-1.337710"><ele>0.0</ele><time>2025-03-07T07:23:30.000Z</time></trkpt>
      <trkpt lat="52.742940" lon="-1.337760"><ele>0.0</ele><time>2025-03-07T07:23:31.000Z</time></trkpt>
      <trkpt lat="52.742940" lon="-1.337820"><ele>0.0</ele><time>2025-03-07T07:23:33.000Z</time></trkpt>
      <trkpt lat="52.742910" lon="-1.337830"><ele>0.0</ele><time>2025-03-07T07:23:36.000Z</time></trkpt>
      <trkpt lat="52.742920" lon="-1.337880"><ele>0.0</ele><time>2025-03-07T07:23:38.000Z</time></trkpt>
      <trkpt lat="52.742910" lon="-1.337930"><ele>0.0</ele><time>2025-03-07T07:23:41.000Z</time></trkpt>
      <trkpt lat="52.742890" lon="-1.337970"><ele>0.0</ele><time>2025-03-07T07:23:44.000Z</time></trkpt>
      <trkpt lat="52.742860" lon="-1.338010"><ele>0.0</ele><time>2025-03-07T07:23:47.000Z</time></trkpt>
      <trkpt lat="52.742840" lon="-1.338070"><ele>0.0</ele><time>2025-03-07T07:23:49.000Z</time></trkpt>
      <trkpt lat="52.742800" lon="-1.338070"><ele>0.0</ele><time>2025-03-07T07:23:53.000Z</time></trkpt>
      <trkpt lat="52.742780" lon="-1.338120"><ele>0.0</ele><time>2025-03-07T07:23:56.000Z</time></trkpt>
      <trkpt lat="52.742770" lon="-1.338200"><ele>0.0</ele><time>2025-03-07T07:23:57.000Z</time></trkpt>
      <trkpt lat="52.742780" lon="-1.338260"><ele>0.0</ele><time>2025-03-07T07:24:01.000Z</time></trkpt>
      <trkpt lat="52.742790" lon="-1.338310"><ele>0.0</ele><time>2025-03-07T07:24:04.000Z</time></trkpt>
      <trkpt lat="52.742780" lon="-1.338350"><ele>0.0</ele><time>2025-03-07T07:24:06.000Z</time></trkpt>
      <trkpt lat="52.742770" lon="-1.338410"><ele>0.0</ele><time>2025-03-07T07:24:10.000Z</time></trkpt>
      <trkpt lat="52.742780" lon="-1.338490"><ele>0.0</ele><time>2025-03-07T07:24:13.000Z</time></trkpt>
      <trkpt lat="52.742790" lon="-1.338560"><ele>0.0</ele><time>2025-03-07T07:24:18.000Z</time></trkpt>
      <trkpt lat="52.742780" lon="-1.338620"><ele>0.0</ele><time>2025-03-07T07:24:21.000Z</time></trkpt>
      <trkpt lat="52.742760" lon="-1.338670"><ele>0.0</ele><time>2025-03-07T07:24:24.000Z</time></trkpt>
      <trkpt lat="52.742760" lon="-1.338750"><ele>0.0</ele><time>2025-03-07T07:24:26.000Z</time></trkpt>
      <trkpt lat="52.742730" lon="-1.338730"><ele>0.0</ele><time>2025-03-07T07:24:28.000Z</time></trkpt>
      <trkpt lat="52.742730" lon="-1.338790"><ele>0.0</ele><time>2025-03-07T07:24:30.000Z</time></trkpt>
      <trkpt lat="52.742700" lon="-1.338830"><ele>0.0</ele><time>2025-03-07T07:24:34.000Z</time></trkpt>
      <trkpt lat="52.742680" lon="-1.338850"><ele>0.0</ele><time>2025-03-07T07:24:37.000Z</time></trkpt>
      <trkpt lat="52.742660" lon="-1.338930"><ele>0.0</ele><time>2025-03-07T07:24:39.000Z</time></trkpt>
      <trkpt lat="52.742650" lon="-1.338970"><ele>0.0</ele><time>2025-03-07T07:24:41.000Z</time></trkpt>
      <trkpt lat="52.742630" lon="-1.339040"><ele>0.0</ele><time>2025-03-07T07:24:45.000Z</time></trkpt>
      <trkpt lat="52.742630" lon="-1.339090"><ele>0.0</ele><time>2025-03-07T07:24:49.000Z</time></trkpt>
      <trkpt lat="52.742600" lon="-1.339120"><ele>0.0</ele><time>2025-03-07T07:24:51.000Z</time></trkpt>
      <trkpt lat="52.742570" lon="-1.339160"><ele>0.0</ele><time>2025-03-07T07:24:55.000Z</time></trkpt>
      <trkpt lat="52.742580" lon="-1.339230"><ele>0.0</ele><time>2025-03-07T07:24:59.000Z</time></trkpt>
      <trkpt lat="52.742560" lon="-1.339280"><ele>0.0</ele><time>2025-03-07T07:25:00.000Z</time></trkpt>
      <trkpt lat="52.742560" lon="-1.339320"><ele>0.0</ele><time>2025-03-07T07:25:01.000Z</time></trkpt>
      <trkpt lat="52.742550" lon="-1.339360"><ele>0.0</ele><time>2025-03-07T07:25:02.000Z</time></trkpt>
      <trkpt lat="52.742530" lon="-1.339400"><ele>0.0</ele><time>2025-03-07T07:25:05.000Z</time></trkpt>
      <trkpt lat="52.742500" lon="-1.339430"><ele>0.0</ele><time>2025-03-07T07:25:09.000Z</time></trkpt>
      <trkpt lat="52.742480" lon="-1.339460"><ele>0.0</ele><time>2025-03-07T07:25:10.000Z</time></trkpt>
      <trkpt lat="52.742480" lon="-1.339510"><ele>0.0</ele><time>2025-03-07T07:25:12.000Z</time></trkpt>
      <trkpt lat="52.742460" lon="-1.339530"><ele>0.0</ele><time>2025-03-07T07:25:14.000Z</time></trkpt>
      <trkpt lat="52.742430" lon="-1.339540"><ele>0.0</ele><time>2025-03-07T07:25:15.000Z</time></trkpt>
      <trkpt lat="52.742440" lon="-1.339610"><ele>0.0</ele><time>2025-03-07T07:25:17.000Z</time></trkpt>
      <trkpt lat="52.742460" lon="-1.339650"><ele>0.0</ele><time>2025-03-07T07:25:19.000Z</time></trkpt>
      <trkpt lat="52.742470" lon="-1.339730"><ele>0.0</ele><time>2025-03-07T07:25:23.000Z</time></trkpt>
      <trkpt lat="52.742430" lon="-1.339760"><ele>0.0</ele><time>2025-03-07T07:25:24.000Z</time></trkpt>
      <trkpt lat="52.742440" lon="-1.339830"><ele>0.0</ele><time>2025-03-07T07:25:25.000Z</time></trkpt>
      <trkpt lat="52.742430" lon="-1.339890"><ele>0.0</ele><time>2025-03-07T07:25:30.000Z</time></trkpt>
      <trkpt lat="52.742430" lon="-1.340040"><ele>0.0</ele><time>2025-03-07T07:25:34.000Z</time></trkpt>
      <trkpt lat="52.742450" lon="-1.340090"><ele>0.0</ele><time>2025-03-07T07:25:36.000Z</time></trkpt>
      <trkpt lat="52.742430" lon="-1.340170"><ele>0.0</ele><time>2025-03-07T07:25:52.000Z</time></trkpt>
      <trkpt lat="52.742400" lon="-1.340220"><ele>0.0</ele><time>2025-03-07T07:25:59.000Z</time></trkpt>
      <trkpt lat="52.742390" lon="-1.340260"><ele>0.0</ele><time>2025-03-07T07:26:03.000Z</time></trkpt>
      <trkpt lat="52.742370" lon="-1.340330"><ele>0.0</ele><time>2025-03-07T07:26:06.000Z</time></trkpt>
      <trkpt lat="52.742400" lon="-1.340360"><ele>0.0</ele><time>2025-03-07T07:26:08.000Z</time></trkpt>
      <trkpt lat="52.742400" lon="-1.340440"><ele>0.0</ele><time>2025-03-07T07:26:12.000Z</time></trkpt>
      <trkpt lat="52.742360" lon="-1.340440"><ele>0.0</ele><time>2025-03-07T07:26:13.000Z</time></trkpt>
      <trkpt lat="52.742380" lon="-1.340480"><ele>0.0</ele><time>2025-03-07T07:26:15.000Z</time></trkpt>
      <trkpt lat="52.742360" lon="-1.340510"><ele>0.0</ele><time>2025-03-07T07:26:17.000Z</time></trkpt>
      <trkpt lat="52.742330" lon="-1.340490"><ele>0.0</ele><time>2025-03-07T07:26:18.000Z</time></trkpt>
      <trkpt lat="52.742310" lon="-1.340530"><ele>0.0</ele><time>2025-03-07T07:26:20.000Z</time></trkpt>
      <trkpt lat="52.742320" lon="-1.340600"><ele>0.0</ele><time>2025-03-07T07:26:24.000Z</time></trkpt>
      <trkpt lat="52.742320" lon="-1.340700"><ele>0.0</ele><time>2025-03-07T07:26:27.000Z</time></trkpt>
      <trkpt lat="52.742310" lon="-1.340760"><ele>0.0</ele><time>2025-03-07T07:26:30.000Z</time></trkpt>
      <trkpt lat="52.742310" lon="-1.340810"><ele>0.0</ele><time>2025-03-07T07:26:33.000Z</time></trkpt>
      <trkpt lat="52.742290" lon="-1.340830"><ele>0.0</ele><time>2025-03-07T07:26:34.000Z</time></trkpt>
      <trkpt lat="52.742250" lon="-1.340870"><ele>0.0</ele><time>2025-03-07T07:26:36.000Z</time></trkpt>
      <trkpt lat="52.742260" lon="-1.340920"><ele>0.0</ele><time>2025-03-07T07:26:38.000Z</time></trkpt>
      <trkpt lat="52.742220" lon="-1.340940"><ele>0.0</ele><time>2025-03-07T07:26:41.000Z</time></trkpt>
      <trkpt lat="52.742220" lon="-1.341010"><ele>0.0</ele><time>2025-03-07T07:26:45.000Z</time></trkpt>
      <trkpt lat="52.742200" lon="-1.341070"><ele>0.0</ele><time>2025-03-07T07:26:46.000Z</time></trkpt>
      <trkpt lat="52.742200" lon="-1.341110"><ele>0.0</ele><time>2025-03-07T07:26:48.000Z</time></trkpt>
      <trkpt lat="52.742220" lon="-1.341160"><ele>0.0</ele><time>2025-03-07T07:26:50.000Z</time></trkpt>
      <trkpt lat="52.742230" lon="-1.341200"><ele>0.0</ele><time>2025-03-07T07:26:52.000Z</time></trkpt>
      <trkpt lat="52.742210" lon="-1.341210"><ele>0.0</ele><time>2025-03-07T07:26:53.000Z</time></trkpt>
      <trkpt lat="52.742160" lon="-1.341210"><ele>0.0</ele><time>2025-03-07T07:26:55.000Z</time></trkpt>
      <trkpt lat="52.742180" lon="-1.341300"><ele>0.0</ele><time>2025-03-07T07:26:56.000Z</time></trkpt>
      <trkpt lat="52.742210" lon="-1.341380"><ele>0.0</ele><time>2025-03-07T07:26:57.000Z</time></trkpt>
      <trkpt lat="52.742210" lon="-1.341430"><ele>0.0</ele><time>2025-03-07T07:26:58.000Z</time></trkpt>
      <trkpt lat="52.742200" lon="-1.341480"><ele>0.0</ele><time>2025-03-07T07:27:00.000Z</time></trkpt>
      <trkpt lat="52.742190" lon="-1.341520"><ele>0.0</ele><time>2025-03-07T07:27:02.000Z</time></trkpt>
      <trkpt lat="52.742200" lon="-1.341570"><ele>0.0</ele><time>2025-03-07T07:27:06.000Z</time></trkpt>
      <trkpt lat="52.742200" lon="-1.341630"><ele>0.0</ele><time>2025-03-07T07:27:08.000Z</time></trkpt>
      <trkpt lat="52.742190" lon="-1.341700"><ele>0.0</ele><time>2025-03-07T07:27:12.000Z</time></trkpt>
      <trkpt lat="52.742180" lon="-1.341740"><ele>0.0</ele><time>2025-03-07T07:27:15.000Z</time></trkpt>
      <trkpt lat="52.742190" lon="-1.341810"><ele>0.0</ele><time>2025-03-07T07:27:18.000Z</time></trkpt>
      <trkpt lat="52.742180" lon="-1.341870"><ele>0.0</ele><time>2025-03-07T07:27:21.000Z</time></trkpt>
      <trkpt lat="52.742160" lon="-1.341920"><ele>0.0</ele><time>2025-03-07T07:27:23.000Z</time></trkpt>
      <trkpt lat="52.742170" lon="-1.341970"><ele>0.0</ele><time>2025-03-07T07:27:26.000Z</time></trkpt>
      <trkpt lat="52.742150" lon="-1.342020"><ele>0.0</ele><time>2025-03-07T07:27:28.000Z</time></trkpt>
      <trkpt lat="52.742170" lon="-1.342050"><ele>0.0</ele><time>2025-03-07T07:27:31.000Z</time></trkpt>
      <trkpt lat="52.742180" lon="-1.342100"><ele>0.0</ele><time>2025-03-07T07:27:34.000Z</time></trkpt>
      <trkpt lat="52.742180" lon="-1.342160"><ele>0.0</ele><time>2025-03-07T07:27:38.000Z</time></trkpt>
      <trkpt lat="52.742170" lon="-1.342210"><ele>0.0</ele><time>2025-03-07T07:27:42.000Z</time></trkpt>
      <trkpt lat="52.742160" lon="-1.342260"><ele>0.0</ele><time>2025-03-07T07:27:44.000Z</time></trkpt>
      <trkpt lat="52.742150" lon="-1.342340"><ele>0.0</ele><time>2025-03-07T07:27:48.000Z</time></trkpt>
      <trkpt lat="52.742140" lon="-1.342390"><ele>0.0</ele><time>2025-03-07T07:27:51.000Z</time></trkpt>
      <trkpt lat="52.742130" lon="-1.342430"><ele>0.0</ele><time>2025-03-07T07:27:53.000Z</time></trkpt>
      <trkpt lat="52.742110" lon="-1.342480"><ele>0.0</ele><time>2025-03-07T07:27:56.000Z</time></trkpt>
      <trkpt lat="52.742100" lon="-1.342530"><ele>0.0</ele><time>2025-03-07T07:27:58.000Z</time></trkpt>
      <trkpt lat="52.742120" lon="-1.342580"><ele>0.0</ele><time>2025-03-07T07:28:02.000Z</time></trkpt>
      <trkpt lat="52.742090" lon="-1.342630"><ele>0.0</ele><time>2025-03-07T07:28:04.000Z</time></trkpt>
      <trkpt lat="52.742100" lon="-1.342690"><ele>0.0</ele><time>2025-03-07T07:28:07.000Z</time></trkpt>
      <trkpt lat="52.742100" lon="-1.342730"><ele>0.0</ele><time>2025-03-07T07:28:09.000Z</time></trkpt>
      <trkpt lat="52.742100" lon="-1.342810"><ele>0.0</ele><time>2025-03-07T07:28:11.000Z</time></trkpt>
      <trkpt lat="52.742110" lon="-1.342860"><ele>0.0</ele><time>2025-03-07T07:28:13.000Z</time></trkpt>
      <trkpt lat="52.742090" lon="-1.342910"><ele>0.0</ele><time>2025-03-07T07:28:17.000Z</time></trkpt>
      <trkpt lat="52.742090" lon="-1.342950"><ele>0.0</ele><time>2025-03-07T07:28:20.000Z</time></trkpt>
      <trkpt lat="52.742080" lon="-1.343020"><ele>0.0</ele><time>2025-03-07T07:28:24.000Z</time></trkpt>
      <trkpt lat="52.742080" lon="-1.343070"><ele>0.0</ele><time>2025-03-07T07:28:25.000Z</time></trkpt>
      <trkpt lat="52.742080" lon="-1.343140"><ele>0.0</ele><time>2025-03-07T07:28:30.000Z</time></trkpt>
      <trkpt lat="52.742090" lon="-1.343190"><ele>0.0</ele><time>2025-03-07T07:28:33.000Z</time></trkpt>
      <trkpt lat="52.742100" lon="-1.343230"><ele>0.0</ele><time>2025-03-07T07:28:35.000Z</time></trkpt>
      <trkpt lat="52.742100" lon="-1.343280"><ele>0.0</ele><time>2025-03-07T07:28:38.000Z</time></trkpt>
      <trkpt lat="52.742090" lon="-1.343350"><ele>0.0</ele><time>2025-03-07T07:28:41.000Z</time></trkpt>
      <trkpt lat="52.742080" lon="-1.343400"><ele>0.0</ele><time>2025-03-07T07:28:43.000Z</time></trkpt>
      <trkpt lat="52.742090" lon="-1.343470"><ele>0.0</ele><time>2025-03-07T07:28:47.000Z</time></trkpt>
      <trkpt lat="52.742090" lon="-1.343520"><ele>0.0</ele><time>2025-03-07T07:28:49.000Z</time></trkpt>
      <trkpt lat="52.742090" lon="-1.343570"><ele>0.0</ele><time>2025-03-07T07:28:51.000Z</time></trkpt>
      <trkpt lat="52.742070" lon="-1.343600"><ele>0.0</ele><time>2025-03-07T07:28:54.000Z</time></trkpt>
      <trkpt lat="52.742070" lon="-1.343650"><ele>0.0</ele><time>2025-03-07T07:28:57.000Z</time></trkpt>
      <trkpt lat="52.742070" lon="-1.343710"><ele>0.0</ele><time>2025-03-07T07:29:00.000Z</time></trkpt>
      <trkpt lat="52.742080" lon="-1.343760"><ele>0.0</ele><time>2025-03-07T07:29:02.000Z</time></trkpt>
      <trkpt lat="52.742080" lon="-1.343830"><ele>0.0</ele><time>2025-03-07T07:29:05.000Z</time></trkpt>
      <trkpt lat="52.742060" lon="-1.343870"><ele>0.0</ele><time>2025-03-07T07:29:06.000Z</time></trkpt>
      <trkpt lat="52.742040" lon="-1.343930"><ele>0.0</ele><time>2025-03-07T07:29:07.000Z</time></trkpt>
      <trkpt lat="52.742060" lon="-1.343960"><ele>0.0</ele><time>2025-03-07T07:29:10.000Z</time></trkpt>
      <trkpt lat="52.742070" lon="-1.344010"><ele>0.0</ele><time>2025-03-07T07:29:14.000Z</time></trkpt>
      <trkpt lat="52.742080" lon="-1.344080"><ele>0.0</ele><time>2025-03-07T07:29:17.000Z</time></trkpt>
      <trkpt lat="52.742080" lon="-1.344120"><ele>0.0</ele><time>2025-03-07T07:29:22.000Z</time></trkpt>
      <trkpt lat="52.742070" lon="-1.344180"><ele>0.0</ele><time>2025-03-07T07:29:25.000Z</time></trkpt>
      <trkpt lat="52.742080" lon="-1.344230"><ele>0.0</ele><time>2025-03-07T07:29:28.000Z</time></trkpt>
      <trkpt lat="52.742080" lon="-1.344290"><ele>0.0</ele><time>2025-03-07T07:29:31.000Z</time></trkpt>
      <trkpt lat="52.742080" lon="-1.344350"><ele>0.0</ele><time>2025-03-07T07:29:34.000Z</time></trkpt>
      <trkpt lat="52.742090" lon="-1.344410"><ele>0.0</ele><time>2025-03-07T07:29:38.000Z</time></trkpt>
      <trkpt lat="52.742080" lon="-1.344480"><ele>0.0</ele><time>2025-03-07T07:29:42.000Z</time></trkpt>
      <trkpt lat="52.742090" lon="-1.344530"><ele>0.0</ele><time>2025-03-07T07:29:46.000Z</time></trkpt>
      <trkpt lat="52.742080" lon="-1.344580"><ele>0.0</ele><time>2025-03-07T07:29:49.000Z</time></trkpt>
      <trkpt lat="52.742060" lon="-1.344630"><ele>0.0</ele><time>2025-03-07T07:29:52.000Z</time></trkpt>
      <trkpt lat="52.742070" lon="-1.344670"><ele>0.0</ele><time>2025-03-07T07:29:54.000Z</time></trkpt>
      <trkpt lat="52.742080" lon="-1.344720"><ele>0.0</ele><time>2025-03-07T07:29:57.000Z</time></trkpt>
      <trkpt lat="52.742080" lon="-1.344770"><ele>0.0</ele><time>2025-03-07T07:30:00.000Z</time></trkpt>
      <trkpt lat="52.742070" lon="-1.344830"><ele>0.0</ele><time>2025-03-07T07:30:05.000Z</time></trkpt>
      <trkpt lat="52.742070" lon="-1.344880"><ele>0.0</ele><time>2025-03-07T07:30:08.000Z</time></trkpt>
      <trkpt lat="52.742070" lon="-1.344940"><ele>0.0</ele><time>2025-03-07T07:30:11.000Z</time></trkpt>
      <trkpt lat="52.742090" lon="-1.344980"><ele>0.0</ele><time>2025-03-07T07:30:13.000Z</time></trkpt>
      <trkpt lat="52.742080" lon="-1.345050"><ele>0.0</ele><time>2025-03-07T07:30:16.000Z</time></trkpt>
      <trkpt lat="52.742070" lon="-1.345090"><ele>0.0</ele><time>2025-03-07T07:30:19.000Z</time></trkpt>
      <trkpt lat="52.742070" lon="-1.345140"><ele>0.0</ele><time>2025-03-07T07:30:22.000Z</time></trkpt>
      <trkpt lat="52.742060" lon="-1.345200"><ele>0.0</ele><time>2025-03-07T07:30:26.000Z</time></trkpt>
      <trkpt lat="52.742060" lon="-1.345250"><ele>0.0</ele><time>2025-03-07T07:30:29.000Z</time></trkpt>
      <trkpt lat="52.742070" lon="-1.345300"><ele>0.0</ele><time>2025-03-07T07:30:33.000Z</time></trkpt>
      <trkpt lat="52.742060" lon="-1.345360"><ele>0.0</ele><time>2025-03-07T07:30:38.000Z</time></trkpt>
      <trkpt lat="52.742040" lon="-1.345390"><ele>0.0</ele><time>2025-03-07T07:30:41.000Z</time></trkpt>
      <trkpt lat="52.742040" lon="-1.345450"><ele>0.0</ele><time>2025-03-07T07:30:45.000Z</time></trkpt>
      <trkpt lat="52.742010" lon="-1.345480"><ele>0.0</ele><time>2025-03-07T07:30:49.000Z</time></trkpt>
      <trkpt lat="52.741990" lon="-1.345500"><ele>0.0</ele><time>2025-03-07T07:30:53.000Z</time></trkpt>
      <trkpt lat="52.741950" lon="-1.345490"><ele>0.0</ele><time>2025-03-07T07:30:56.000Z</time></trkpt>
      <trkpt lat="52.741920" lon="-1.345500"><ele>0.0</ele><time>2025-03-07T07:31:00.000Z</time></trkpt>
      <trkpt lat="52.741890" lon="-1.345500"><ele>0.0</ele><time>2025-03-07T07:31:03.000Z</time></trkpt>
      <trkpt lat="52.741860" lon="-1.345500"><ele>0.0</ele><time>2025-03-07T07:31:05.000Z</time></trkpt>
      <trkpt lat="52.741820" lon="-1.345500"><ele>0.0</ele><time>2025-03-07T07:31:07.000Z</time></trkpt>
      <trkpt lat="52.741780" lon="-1.345490"><ele>0.0</ele><time>2025-03-07T07:31:11.000Z</time></trkpt>
      <trkpt lat="52.741750" lon="-1.345500"><ele>0.0</ele><time>2025-03-07T07:31:14.000Z</time></trkpt>
      <trkpt lat="52.741720" lon="-1.345500"><ele>0.0</ele><time>2025-03-07T07:31:16.000Z</time></trkpt>
      <trkpt lat="52.741690" lon="-1.345510"><ele>0.0</ele><time>2025-03-07T07:31:19.000Z</time></trkpt>
      <trkpt lat="52.741660" lon="-1.345510"><ele>0.0</ele><time>2025-03-07T07:31:20.000Z</time></trkpt>
      <trkpt lat="52.741600" lon="-1.345540"><ele>0.0</ele><time>2025-03-07T07:31:23.000Z</time></trkpt>
      <trkpt lat="52.741550" lon="-1.345530"><ele>0.0</ele><time>2025-03-07T07:31:24.000Z</time></trkpt>
      <trkpt lat="52.741500" lon="-1.345540"><ele>0.0</ele><time>2025-03-07T07:31:26.000Z</time></trkpt>
      <trkpt lat="52.741450" lon="-1.345520"><ele>0.0</ele><time>2025-03-07T07:31:30.000Z</time></trkpt>
      <trkpt lat="52.741430" lon="-1.345520"><ele>0.0</ele><time>2025-03-07T07:31:31.000Z</time></trkpt>
      <trkpt lat="52.741380" lon="-1.345540"><ele>0.0</ele><time>2025-03-07T07:31:34.000Z</time></trkpt>
      <trkpt lat="52.741350" lon="-1.345530"><ele>0.0</ele><time>2025-03-07T07:31:37.000Z</time></trkpt>
      <trkpt lat="52.741320" lon="-1.345550"><ele>0.0</ele><time>2025-03-07T07:31:47.000Z</time></trkpt>
      <trkpt lat="52.741270" lon="-1.345560"><ele>0.0</ele><time>2025-03-07T07:31:49.000Z</time></trkpt>
      <trkpt lat="52.741240" lon="-1.345530"><ele>0.0</ele><time>2025-03-07T07:31:56.000Z</time></trkpt>
      <trkpt lat="52.741230" lon="-1.345480"><ele>0.0</ele><time>2025-03-07T07:32:00.000Z</time></trkpt>
      <trkpt lat="52.741200" lon="-1.345470"><ele>0.0</ele><time>2025-03-07T07:32:02.000Z</time></trkpt>
      <trkpt lat="52.741180" lon="-1.345480"><ele>0.0</ele><time>2025-03-07T07:32:03.000Z</time></trkpt>
      <trkpt lat="52.741150" lon="-1.345470"><ele>0.0</ele><time>2025-03-07T07:32:04.000Z</time></trkpt>
      <trkpt lat="52.741120" lon="-1.345470"><ele>0.0</ele><time>2025-03-07T07:32:05.000Z</time></trkpt>
      <trkpt lat="52.741090" lon="-1.345490"><ele>0.0</ele><time>2025-03-07T07:32:07.000Z</time></trkpt>
      <trkpt lat="52.741060" lon="-1.345440"><ele>0.0</ele><time>2025-03-07T07:32:10.000Z</time></trkpt>
      <trkpt lat="52.741020" lon="-1.345480"><ele>0.0</ele><time>2025-03-07T07:32:12.000Z</time></trkpt>
      <trkpt lat="52.740960" lon="-1.345510"><ele>0.0</ele><time>2025-03-07T07:32:14.000Z</time></trkpt>
      <trkpt lat="52.740920" lon="-1.345540"><ele>0.0</ele><time>2025-03-07T07:32:15.000Z</time></trkpt>
      <trkpt lat="52.740870" lon="-1.345530"><ele>0.0</ele><time>2025-03-07T07:32:20.000Z</time></trkpt>
      <trkpt lat="52.740830" lon="-1.345530"><ele>0.0</ele><time>2025-03-07T07:32:22.000Z</time></trkpt>
      <trkpt lat="52.740810" lon="-1.345580"><ele>0.0</ele><time>2025-03-07T07:32:24.000Z</time></trkpt>
      <trkpt lat="52.740790" lon="-1.345610"><ele>0.0</ele><time>2025-03-07T07:32:27.000Z</time></trkpt>
      <trkpt lat="52.740800" lon="-1.345650"><ele>0.0</ele><time>2025-03-07T07:32:28.000Z</time></trkpt>
      <trkpt lat="52.740770" lon="-1.345670"><ele>0.0</ele><time>2025-03-07T07:32:32.000Z</time></trkpt>
      <trkpt lat="52.740730" lon="-1.345700"><ele>0.0</ele><time>2025-03-07T07:32:35.000Z</time></trkpt>
      <trkpt lat="52.740690" lon="-1.345730"><ele>0.0</ele><time>2025-03-07T07:32:39.000Z</time></trkpt>
      <trkpt lat="52.740670" lon="-1.345780"><ele>0.0</ele><time>2025-03-07T07:32:42.000Z</time></trkpt>
      <trkpt lat="52.740630" lon="-1.345780"><ele>0.0</ele><time>2025-03-07T07:32:45.000Z</time></trkpt>
      <trkpt lat="52.740600" lon="-1.345810"><ele>0.0</ele><time>2025-03-07T07:32:48.000Z</time></trkpt>
      <trkpt lat="52.740560" lon="-1.345860"><ele>0.0</ele><time>2025-03-07T07:32:52.000Z</time></trkpt>
      <trkpt lat="52.740520" lon="-1.345880"><ele>0.0</ele><time>2025-03-07T07:32:56.000Z</time></trkpt>
      <trkpt lat="52.740510" lon="-1.345950"><ele>0.0</ele><time>2025-03-07T07:32:59.000Z</time></trkpt>
      <trkpt lat="52.740480" lon="-1.345970"><ele>0.0</ele><time>2025-03-07T07:33:03.000Z</time></trkpt>
      <trkpt lat="52.740420" lon="-1.345980"><ele>0.0</ele><time>2025-03-07T07:33:06.000Z</time></trkpt>
      <trkpt lat="52.740390" lon="-1.346000"><ele>0.0</ele><time>2025-03-07T07:33:07.000Z</time></trkpt>
      <trkpt lat="52.740410" lon="-1.346060"><ele>0.0</ele><time>2025-03-07T07:33:10.000Z</time></trkpt>
      <trkpt lat="52.740340" lon="-1.346110"><ele>0.0</ele><time>2025-03-07T07:33:12.000Z</time></trkpt>
      <trkpt lat="52.740330" lon="-1.346160"><ele>0.0</ele><time>2025-03-07T07:33:15.000Z</time></trkpt>
      <trkpt lat="52.740300" lon="-1.346200"><ele>0.0</ele><time>2025-03-07T07:33:17.000Z</time></trkpt>
      <trkpt lat="52.740270" lon="-1.346190"><ele>0.0</ele><time>2025-03-07T07:33:18.000Z</time></trkpt>
      <trkpt lat="52.740280" lon="-1.346240"><ele>0.0</ele><time>2025-03-07T07:33:20.000Z</time></trkpt>
      <trkpt lat="52.740300" lon="-1.346280"><ele>0.0</ele><time>2025-03-07T07:33:23.000Z</time></trkpt>
      <trkpt lat="52.740320" lon="-1.346310"><ele>0.0</ele><time>2025-03-07T07:33:25.000Z</time></trkpt>
      <trkpt lat="52.740310" lon="-1.346370"><ele>0.0</ele><time>2025-03-07T07:33:27.000Z</time></trkpt>
      <trkpt lat="52.740310" lon="-1.346430"><ele>0.0</ele><time>2025-03-07T07:33:30.000Z</time></trkpt>
      <trkpt lat="52.740280" lon="-1.346430"><ele>0.0</ele><time>2025-03-07T07:33:31.000Z</time></trkpt>
      <trkpt lat="52.740250" lon="-1.346490"><ele>0.0</ele><time>2025-03-07T07:33:34.000Z</time></trkpt>
      <trkpt lat="52.740210" lon="-1.346490"><ele>0.0</ele><time>2025-03-07T07:33:35.000Z</time></trkpt>
      <trkpt lat="52.740230" lon="-1.346550"><ele>0.0</ele><time>2025-03-07T07:33:38.000Z</time></trkpt>
      <trkpt lat="52.740200" lon="-1.346550"><ele>0.0</ele><time>2025-03-07T07:33:39.000Z</time></trkpt>
      <trkpt lat="52.740190" lon="-1.346600"><ele>0.0</ele><time>2025-03-07T07:33:41.000Z</time></trkpt>
      <trkpt lat="52.740140" lon="-1.346610"><ele>0.0</ele><time>2025-03-07T07:33:44.000Z</time></trkpt>
      <trkpt lat="52.740100" lon="-1.346640"><ele>0.0</ele><time>2025-03-07T07:33:46.000Z</time></trkpt>
      <trkpt lat="52.740090" lon="-1.346680"><ele>0.0</ele><time>2025-03-07T07:33:49.000Z</time></trkpt>
      <trkpt lat="52.740080" lon="-1.346740"><ele>0.0</ele><time>2025-03-07T07:33:51.000Z</time></trkpt>
      <trkpt lat="52.740040" lon="-1.346790"><ele>0.0</ele><time>2025-03-07T07:33:53.000Z</time></trkpt>
      <trkpt lat="52.739980" lon="-1.346810"><ele>0.0</ele><time>2025-03-07T07:33:55.000Z</time></trkpt>
      <trkpt lat="52.739960" lon="-1.346870"><ele>0.0</ele><time>2025-03-07T07:33:58.000Z</time></trkpt>
      <trkpt lat="52.739920" lon="-1.346910"><ele>0.0</ele><time>2025-03-07T07:34:01.000Z</time></trkpt>
      <trkpt lat="52.739900" lon="-1.346930"><ele>0.0</ele><time>2025-03-07T07:34:03.000Z</time></trkpt>
      <trkpt lat="52.739860" lon="-1.346940"><ele>0.0</ele><time>2025-03-07T07:34:05.000Z</time></trkpt>
      <trkpt lat="52.739860" lon="-1.346990"><ele>0.0</ele><time>2025-03-07T07:34:09.000Z</time></trkpt>
      <trkpt lat="52.739880" lon="-1.347040"><ele>0.0</ele><time>2025-03-07T07:34:10.000Z</time></trkpt>
      <trkpt lat="52.739880" lon="-1.347090"><ele>0.0</ele><time>2025-03-07T07:34:12.000Z</time></trkpt>
      <trkpt lat="52.739850" lon="-1.347110"><ele>0.0</ele><time>2025-03-07T07:34:14.000Z</time></trkpt>
      <trkpt lat="52.739830" lon="-1.347160"><ele>0.0</ele><time>2025-03-07T07:34:17.000Z</time></trkpt>
      <trkpt lat="52.739800" lon="-1.347190"><ele>0.0</ele><time>2025-03-07T07:34:21.000Z</time></trkpt>
      <trkpt lat="52.739790" lon="-1.347240"><ele>0.0</ele><time>2025-03-07T07:34:28.000Z</time></trkpt>
      <trkpt lat="52.739760" lon="-1.347290"><ele>0.0</ele><time>2025-03-07T07:34:31.000Z</time></trkpt>
      <trkpt lat="52.739780" lon="-1.347350"><ele>0.0</ele><time>2025-03-07T07:34:34.000Z</time></trkpt>
      <trkpt lat="52.739740" lon="-1.347380"><ele>0.0</ele><time>2025-03-07T07:34:36.000Z</time></trkpt>
      <trkpt lat="52.739700" lon="-1.347400"><ele>0.0</ele><time>2025-03-07T07:34:37.000Z</time></trkpt>
      <trkpt lat="52.739670" lon="-1.347370"><ele>0.0</ele><time>2025-03-07T07:34:39.000Z</time></trkpt>
      <trkpt lat="52.739660" lon="-1.347420"><ele>0.0</ele><time>2025-03-07T07:34:43.000Z</time></trkpt>
      <trkpt lat="52.739630" lon="-1.347420"><ele>0.0</ele><time>2025-03-07T07:34:45.000Z</time></trkpt>
      <trkpt lat="52.739620" lon="-1.347460"><ele>0.0</ele><time>2025-03-07T07:34:48.000Z</time></trkpt>
      <trkpt lat="52.739590" lon="-1.347440"><ele>0.0</ele><time>2025-03-07T07:34:49.000Z</time></trkpt>
      <trkpt lat="52.739550" lon="-1.347460"><ele>0.0</ele><time>2025-03-07T07:34:50.000Z</time></trkpt>
      <trkpt lat="52.739520" lon="-1.347460"><ele>0.0</ele><time>2025-03-07T07:34:52.000Z</time></trkpt>
      <trkpt lat="52.739490" lon="-1.347490"><ele>0.0</ele><time>2025-03-07T07:34:57.000Z</time></trkpt>
      <trkpt lat="52.739460" lon="-1.347470"><ele>0.0</ele><time>2025-03-07T07:35:00.000Z</time></trkpt>
      <trkpt lat="52.739440" lon="-1.347520"><ele>0.0</ele><time>2025-03-07T07:35:03.000Z</time></trkpt>
      <trkpt lat="52.739370" lon="-1.347520"><ele>0.0</ele><time>2025-03-07T07:35:05.000Z</time></trkpt>
      <trkpt lat="52.739340" lon="-1.347540"><ele>0.0</ele><time>2025-03-07T07:35:08.000Z</time></trkpt>
      <trkpt lat="52.739300" lon="-1.347540"><ele>0.0</ele><time>2025-03-07T07:35:10.000Z</time></trkpt>
      <trkpt lat="52.739260" lon="-1.347580"><ele>0.0</ele><time>2025-03-07T07:35:13.000Z</time></trkpt>
      <trkpt lat="52.739240" lon="-1.347600"><ele>0.0</ele><time>2025-03-07T07:35:14.000Z</time></trkpt>
      <trkpt lat="52.739200" lon="-1.347600"><ele>0.0</ele><time>2025-03-07T07:35:16.000Z</time></trkpt>
      <trkpt lat="52.739160" lon="-1.347620"><ele>0.0</ele><time>2025-03-07T07:35:19.000Z</time></trkpt>
      <trkpt lat="52.739120" lon="-1.347600"><ele>0.0</ele><time>2025-03-07T07:35:21.000Z</time></trkpt>
      <trkpt lat="52.739110" lon="-1.347540"><ele>0.0</ele><time>2025-03-07T07:35:24.000Z</time></trkpt>
      <trkpt lat="52.739110" lon="-1.347480"><ele>0.0</ele><time>2025-03-07T07:35:27.000Z</time></trkpt>
      <trkpt lat="52.739100" lon="-1.347430"><ele>0.0</ele><time>2025-03-07T07:35:29.000Z</time></trkpt>
      <trkpt lat="52.739100" lon="-1.347380"><ele>0.0</ele><time>2025-03-07T07:35:31.000Z</time></trkpt>
      <trkpt lat="52.739080" lon="-1.347320"><ele>0.0</ele><time>2025-03-07T07:35:34.000Z</time></trkpt>
      <trkpt lat="52.739060" lon="-1.347280"><ele>0.0</ele><time>2025-03-07T07:35:35.000Z</time></trkpt>
      <trkpt lat="52.739060" lon="-1.347230"><ele>0.0</ele><time>2025-03-07T07:35:38.000Z</time></trkpt>
      <trkpt lat="52.739050" lon="-1.347190"><ele>0.0</ele><time>2025-03-07T07:35:40.000Z</time></trkpt>
      <trkpt lat="52.739040" lon="-1.347140"><ele>0.0</ele><time>2025-03-07T07:35:41.000Z</time></trkpt>
      <trkpt lat="52.739040" lon="-1.347090"><ele>0.0</ele><time>2025-03-07T07:35:46.000Z</time></trkpt>
      <trkpt lat="52.739030" lon="-1.347030"><ele>0.0</ele><time>2025-03-07T07:35:49.000Z</time></trkpt>
      <trkpt lat="52.739020" lon="-1.347000"><ele>0.0</ele><time>2025-03-07T07:35:51.000Z</time></trkpt>
      <trkpt lat="52.739000" lon="-1.346950"><ele>0.0</ele><time>2025-03-07T07:35:54.000Z</time></trkpt>
      <trkpt lat="52.738970" lon="-1.346920"><ele>0.0</ele><time>2025-03-07T07:35:57.000Z</time></trkpt>
      <trkpt lat="52.738950" lon="-1.346890"><ele>0.0</ele><time>2025-03-07T07:35:58.000Z</time></trkpt>
      <trkpt lat="52.738950" lon="-1.346820"><ele>0.0</ele><time>2025-03-07T07:36:01.000Z</time></trkpt>
      <trkpt lat="52.738940" lon="-1.346760"><ele>0.0</ele><time>2025-03-07T07:36:04.000Z</time></trkpt>
      <trkpt lat="52.738940" lon="-1.346710"><ele>0.0</ele><time>2025-03-07T07:36:06.000Z</time></trkpt>
      <trkpt lat="52.738930" lon="-1.346650"><ele>0.0</ele><time>2025-03-07T07:36:09.000Z</time></trkpt>
      <trkpt lat="52.738930" lon="-1.346600"><ele>0.0</ele><time>2025-03-07T07:36:11.000Z</time></trkpt>
      <trkpt lat="52.738910" lon="-1.346540"><ele>0.0</ele><time>2025-03-07T07:36:14.000Z</time></trkpt>
      <trkpt lat="52.738900" lon="-1.346480"><ele>0.0</ele><time>2025-03-07T07:36:17.000Z</time></trkpt>
      <trkpt lat="52.738890" lon="-1.346430"><ele>0.0</ele><time>2025-03-07T07:36:19.000Z</time></trkpt>
      <trkpt lat="52.738880" lon="-1.346370"><ele>0.0</ele><time>2025-03-07T07:36:22.000Z</time></trkpt>
      <trkpt lat="52.738870" lon="-1.346310"><ele>0.0</ele><time>2025-03-07T07:36:27.000Z</time></trkpt>
      <trkpt lat="52.738870" lon="-1.346270"><ele>0.0</ele><time>2025-03-07T07:36:30.000Z</time></trkpt>
      <trkpt lat="52.738860" lon="-1.346210"><ele>0.0</ele><time>2025-03-07T07:36:33.000Z</time></trkpt>
      <trkpt lat="52.738860" lon="-1.346150"><ele>0.0</ele><time>2025-03-07T07:36:36.000Z</time></trkpt>
      <trkpt lat="52.738850" lon="-1.346080"><ele>0.0</ele><time>2025-03-07T07:36:39.000Z</time></trkpt>
      <trkpt lat="52.738840" lon="-1.346010"><ele>0.0</ele><time>2025-03-07T07:36:43.000Z</time></trkpt>
      <trkpt lat="52.738820" lon="-1.345970"><ele>0.0</ele><time>2025-03-07T07:36:45.000Z</time></trkpt>
      <trkpt lat="52.738820" lon="-1.345930"><ele>0.0</ele><time>2025-03-07T07:36:47.000Z</time></trkpt>
      <trkpt lat="52.738820" lon="-1.345880"><ele>0.0</ele><time>2025-03-07T07:36:50.000Z</time></trkpt>
      <trkpt lat="52.738800" lon="-1.345840"><ele>0.0</ele><time>2025-03-07T07:36:53.000Z</time></trkpt>
      <trkpt lat="52.738770" lon="-1.345800"><ele>0.0</ele><time>2025-03-07T07:36:55.000Z</time></trkpt>
      <trkpt lat="52.738760" lon="-1.345760"><ele>0.0</ele><time>2025-03-07T07:36:57.000Z</time></trkpt>
      <trkpt lat="52.738720" lon="-1.345740"><ele>0.0</ele><time>2025-03-07T07:36:59.000Z</time></trkpt>
      <trkpt lat="52.738710" lon="-1.345690"><ele>0.0</ele><time>2025-03-07T07:37:01.000Z</time></trkpt>
      <trkpt lat="52.738690" lon="-1.345620"><ele>0.0</ele><time>2025-03-07T07:37:04.000Z</time></trkpt>
      <trkpt lat="52.738680" lon="-1.345580"><ele>0.0</ele><time>2025-03-07T07:37:06.000Z</time></trkpt>
      <trkpt lat="52.738670" lon="-1.345530"><ele>0.0</ele><time>2025-03-07T07:37:08.000Z</time></trkpt>
      <trkpt lat="52.738650" lon="-1.345470"><ele>0.0</ele><time>2025-03-07T07:37:11.000Z</time></trkpt>
      <trkpt lat="52.738640" lon="-1.345420"><ele>0.0</ele><time>2025-03-07T07:37:14.000Z</time></trkpt>
      <trkpt lat="52.738620" lon="-1.345370"><ele>0.0</ele><time>2025-03-07T07:37:18.000Z</time></trkpt>
      <trkpt lat="52.738620" lon="-1.345330"><ele>0.0</ele><time>2025-03-07T07:37:20.000Z</time></trkpt>
      <trkpt lat="52.738610" lon="-1.345260"><ele>0.0</ele><time>2025-03-07T07:37:23.000Z</time></trkpt>
      <trkpt lat="52.738610" lon="-1.345210"><ele>0.0</ele><time>2025-03-07T07:37:27.000Z</time></trkpt>
      <trkpt lat="52.738600" lon="-1.345160"><ele>0.0</ele><time>2025-03-07T07:37:29.000Z</time></trkpt>
      <trkpt lat="52.738590" lon="-1.345100"><ele>0.0</ele><time>2025-03-07T07:37:31.000Z</time></trkpt>
      <trkpt lat="52.738570" lon="-1.345050"><ele>0.0</ele><time>2025-03-07T07:37:34.000Z</time></trkpt>
      <trkpt lat="52.738570" lon="-1.345000"><ele>0.0</ele><time>2025-03-07T07:37:36.000Z</time></trkpt>
      <trkpt lat="52.738550" lon="-1.344940"><ele>0.0</ele><time>2025-03-07T07:37:40.000Z</time></trkpt>
      <trkpt lat="52.738520" lon="-1.344910"><ele>0.0</ele><time>2025-03-07T07:37:45.000Z</time></trkpt>
      <trkpt lat="52.738510" lon="-1.344860"><ele>0.0</ele><time>2025-03-07T07:37:47.000Z</time></trkpt>
      <trkpt lat="52.738500" lon="-1.344800"><ele>0.0</ele><time>2025-03-07T07:37:51.000Z</time></trkpt>
      <trkpt lat="52.738470" lon="-1.344750"><ele>0.0</ele><time>2025-03-07T07:37:53.000Z</time></trkpt>
      <trkpt lat="52.738440" lon="-1.344730"><ele>0.0</ele><time>2025-03-07T07:37:56.000Z</time></trkpt>
      <trkpt lat="52.738420" lon="-1.344680"><ele>0.0</ele><time>2025-03-07T07:37:59.000Z</time></trkpt>
      <trkpt lat="52.738400" lon="-1.344610"><ele>0.0</ele><time>2025-03-07T07:38:02.000Z</time></trkpt>
      <trkpt lat="52.738390" lon="-1.344560"><ele>0.0</ele><time>2025-03-07T07:38:04.000Z</time></trkpt>
      <trkpt lat="52.738370" lon="-1.344510"><ele>0.0</ele><time>2025-03-07T07:38:06.000Z</time></trkpt>
      <trkpt lat="52.738360" lon="-1.344470"><ele>0.0</ele><time>2025-03-07T07:38:08.000Z</time></trkpt>
      <trkpt lat="52.738340" lon="-1.344410"><ele>0.0</ele><time>2025-03-07T07:38:11.000Z</time></trkpt>
      <trkpt lat="52.738320" lon="-1.344370"><ele>0.0</ele><time>2025-03-07T07:38:13.000Z</time></trkpt>
      <trkpt lat="52.738310" lon="-1.344320"><ele>0.0</ele><time>2025-03-07T07:38:16.000Z</time></trkpt>
      <trkpt lat="52.738290" lon="-1.344280"><ele>0.0</ele><time>2025-03-07T07:38:18.000Z</time></trkpt>
      <trkpt lat="52.738280" lon="-1.344220"><ele>0.0</ele><time>2025-03-07T07:38:21.000Z</time></trkpt>
      <trkpt lat="52.738260" lon="-1.344170"><ele>0.0</ele><time>2025-03-07T07:38:24.000Z</time></trkpt>
      <trkpt lat="52.738230" lon="-1.344110"><ele>0.0</ele><time>2025-03-07T07:38:27.000Z</time></trkpt>
      <trkpt lat="52.738220" lon="-1.344080"><ele>0.0</ele><time>2025-03-07T07:38:29.000Z</time></trkpt>
      <trkpt lat="52.738210" lon="-1.344030"><ele>0.0</ele><time>2025-03-07T07:38:32.000Z</time></trkpt>
      <trkpt lat="52.738190" lon="-1.343990"><ele>0.0</ele><time>2025-03-07T07:38:35.000Z</time></trkpt>
      <trkpt lat="52.738170" lon="-1.343960"><ele>0.0</ele><time>2025-03-07T07:38:37.000Z</time></trkpt>
      <trkpt lat="52.738160" lon="-1.343920"><ele>0.0</ele><time>2025-03-07T07:38:38.000Z</time></trkpt>
      <trkpt lat="52.738130" lon="-1.343880"><ele>0.0</ele><time>2025-03-07T07:38:41.000Z</time></trkpt>
      <trkpt lat="52.738100" lon="-1.343890"><ele>0.0</ele><time>2025-03-07T07:38:42.000Z</time></trkpt>
      <trkpt lat="52.738090" lon="-1.343850"><ele>0.0</ele><time>2025-03-07T07:38:44.000Z</time></trkpt>
      <trkpt lat="52.738090" lon="-1.343800"><ele>0.0</ele><time>2025-03-07T07:38:45.000Z</time></trkpt>
      <trkpt lat="52.738080" lon="-1.343760"><ele>0.0</ele><time>2025-03-07T07:38:47.000Z</time></trkpt>
      <trkpt lat="52.738070" lon="-1.343700"><ele>0.0</ele><time>2025-03-07T07:38:49.000Z</time></trkpt>
      <trkpt lat="52.738060" lon="-1.343640"><ele>0.0</ele><time>2025-03-07T07:38:52.000Z</time></trkpt>
      <trkpt lat="52.738050" lon="-1.343590"><ele>0.0</ele><time>2025-03-07T07:38:54.000Z</time></trkpt>
      <trkpt lat="52.738040" lon="-1.343520"><ele>0.0</ele><time>2025-03-07T07:38:57.000Z</time></trkpt>
      <trkpt lat="52.738050" lon="-1.343460"><ele>0.0</ele><time>2025-03-07T07:39:00.000Z</time></trkpt>
      <trkpt lat="52.738040" lon="-1.343420"><ele>0.0</ele><time>2025-03-07T07:39:01.000Z</time></trkpt>
      <trkpt lat="52.738040" lon="-1.343360"><ele>0.0</ele><time>2025-03-07T07:39:04.000Z</time></trkpt>
      <trkpt lat="52.738010" lon="-1.343300"><ele>0.0</ele><time>2025-03-07T07:39:07.000Z</time></trkpt>
      <trkpt lat="52.738000" lon="-1.343240"><ele>0.0</ele><time>2025-03-07T07:39:11.000Z</time></trkpt>
      <trkpt lat="52.738000" lon="-1.343190"><ele>0.0</ele><time>2025-03-07T07:39:14.000Z</time></trkpt>
      <trkpt lat="52.737980" lon="-1.343140"><ele>0.0</ele><time>2025-03-07T07:39:17.000Z</time></trkpt>
      <trkpt lat="52.737970" lon="-1.343080"><ele>0.0</ele><time>2025-03-07T07:39:20.000Z</time></trkpt>
      <trkpt lat="52.737960" lon="-1.343010"><ele>0.0</ele><time>2025-03-07T07:39:22.000Z</time></trkpt>
      <trkpt lat="52.737950" lon="-1.342950"><ele>0.0</ele><time>2025-03-07T07:39:25.000Z</time></trkpt>
      <trkpt lat="52.737940" lon="-1.342890"><ele>0.0</ele><time>2025-03-07T07:39:27.000Z</time></trkpt>
      <trkpt lat="52.737920" lon="-1.342840"><ele>0.0</ele><time>2025-03-07T07:39:30.000Z</time></trkpt>
      <trkpt lat="52.737930" lon="-1.342800"><ele>0.0</ele><time>2025-03-07T07:39:32.000Z</time></trkpt>
      <trkpt lat="52.737910" lon="-1.342750"><ele>0.0</ele><time>2025-03-07T07:39:34.000Z</time></trkpt>
      <trkpt lat="52.737900" lon="-1.342700"><ele>0.0</ele><time>2025-03-07T07:39:36.000Z</time></trkpt>
      <trkpt lat="52.737900" lon="-1.342650"><ele>0.0</ele><time>2025-03-07T07:39:39.000Z</time></trkpt>
      <trkpt lat="52.737900" lon="-1.342590"><ele>0.0</ele><time>2025-03-07T07:39:42.000Z</time></trkpt>
      <trkpt lat="52.737890" lon="-1.342530"><ele>0.0</ele><time>2025-03-07T07:39:45.000Z</time></trkpt>
      <trkpt lat="52.737890" lon="-1.342480"><ele>0.0</ele><time>2025-03-07T07:39:48.000Z</time></trkpt>
      <trkpt lat="52.737890" lon="-1.342430"><ele>0.0</ele><time>2025-03-07T07:39:50.000Z</time></trkpt>
      <trkpt lat="52.737890" lon="-1.342380"><ele>0.0</ele><time>2025-03-07T07:39:53.000Z</time></trkpt>
      <trkpt lat="52.737880" lon="-1.342330"><ele>0.0</ele><time>2025-03-07T07:39:56.000Z</time></trkpt>
      <trkpt lat="52.737880" lon="-1.342270"><ele>0.0</ele><time>2025-03-07T07:39:58.000Z</time></trkpt>
      <trkpt lat="52.737860" lon="-1.342190"><ele>0.0</ele><time>2025-03-07T07:40:01.000Z</time></trkpt>
      <trkpt lat="52.737850" lon="-1.342130"><ele>0.0</ele><time>2025-03-07T07:40:04.000Z</time></trkpt>
      <trkpt lat="52.737850" lon="-1.342070"><ele>0.0</ele><time>2025-03-07T07:40:07.000Z</time></trkpt>
      <trkpt lat="52.737850" lon="-1.342010"><ele>0.0</ele><time>2025-03-07T07:40:11.000Z</time></trkpt>
      <trkpt lat="52.737840" lon="-1.341960"><ele>0.0</ele><time>2025-03-07T07:40:12.000Z</time></trkpt>
      <trkpt lat="52.737840" lon="-1.341910"><ele>0.0</ele><time>2025-03-07T07:40:15.000Z</time></trkpt>
      <trkpt lat="52.737830" lon="-1.341860"><ele>0.0</ele><time>2025-03-07T07:40:16.000Z</time></trkpt>
      <trkpt lat="52.737820" lon="-1.341820"><ele>0.0</ele><time>2025-03-07T07:40:19.000Z</time></trkpt>
      <trkpt lat="52.737820" lon="-1.341770"><ele>0.0</ele><time>2025-03-07T07:40:21.000Z</time></trkpt>
      <trkpt lat="52.737820" lon="-1.341720"><ele>0.0</ele><time>2025-03-07T07:40:23.000Z</time></trkpt>
      <trkpt lat="52.737800" lon="-1.341660"><ele>0.0</ele><time>2025-03-07T07:40:26.000Z</time></trkpt>
      <trkpt lat="52.737780" lon="-1.341630"><ele>0.0</ele><time>2025-03-07T07:40:37.000Z</time></trkpt>
      <trkpt lat="52.737760" lon="-1.341590"><ele>0.0</ele><time>2025-03-07T07:40:41.000Z</time></trkpt>
      <trkpt lat="52.737760" lon="-1.341530"><ele>0.0</ele><time>2025-03-07T07:40:43.000Z</time></trkpt>
      <trkpt lat="52.737740" lon="-1.341490"><ele>0.0</ele><time>2025-03-07T07:40:46.000Z</time></trkpt>
      <trkpt lat="52.737740" lon="-1.341440"><ele>0.0</ele><time>2025-03-07T07:40:48.000Z</time></trkpt>
      <trkpt lat="52.737730" lon="-1.341390"><ele>0.0</ele><time>2025-03-07T07:40:50.000Z</time></trkpt>
      <trkpt lat="52.737730" lon="-1.341330"><ele>0.0</ele><time>2025-03-07T07:40:53.000Z</time></trkpt>
      <trkpt lat="52.737710" lon="-1.341250"><ele>0.0</ele><time>2025-03-07T07:40:56.000Z</time></trkpt>
      <trkpt lat="52.737690" lon="-1.341210"><ele>0.0</ele><time>2025-03-07T07:40:59.000Z</time></trkpt>
      <trkpt lat="52.737690" lon="-1.341140"><ele>0.0</ele><time>2025-03-07T07:41:01.000Z</time></trkpt>
      <trkpt lat="52.737670" lon="-1.341100"><ele>0.0</ele><time>2025-03-07T07:41:05.000Z</time></trkpt>
      <trkpt lat="52.737650" lon="-1.341030"><ele>0.0</ele><time>2025-03-07T07:41:08.000Z</time></trkpt>
      <trkpt lat="52.737620" lon="-1.341030"><ele>0.0</ele><time>2025-03-07T07:41:15.000Z</time></trkpt>
      <trkpt lat="52.737600" lon="-1.341000"><ele>0.0</ele><time>2025-03-07T07:41:22.000Z</time></trkpt>
      <trkpt lat="52.737580" lon="-1.340970"><ele>0.0</ele><time>2025-03-07T07:41:25.000Z</time></trkpt>
      <trkpt lat="52.737580" lon="-1.340920"><ele>0.0</ele><time>2025-03-07T07:41:28.000Z</time></trkpt>
      <trkpt lat="52.737590" lon="-1.340870"><ele>0.0</ele><time>2025-03-07T07:41:32.000Z</time></trkpt>
      <trkpt lat="52.737600" lon="-1.340820"><ele>0.0</ele><time>2025-03-07T07:41:35.000Z</time></trkpt>
      <trkpt lat="52.737610" lon="-1.340780"><ele>0.0</ele><time>2025-03-07T07:41:36.000Z</time></trkpt>
      <trkpt lat="52.737610" lon="-1.340730"><ele>0.0</ele><time>2025-03-07T07:41:38.000Z</time></trkpt>
      <trkpt lat="52.737620" lon="-1.340660"><ele>0.0</ele><time>2025-03-07T07:41:40.000Z</time></trkpt>
      <trkpt lat="52.737640" lon="-1.340610"><ele>0.0</ele><time>2025-03-07T07:41:42.000Z</time></trkpt>
      <trkpt lat="52.737670" lon="-1.340640"><ele>0.0</ele><time>2025-03-07T07:41:43.000Z</time></trkpt>
      <trkpt lat="52.737630" lon="-1.340690"><ele>0.0</ele><time>2025-03-07T07:41:44.000Z</time></trkpt>
      <trkpt lat="52.737640" lon="-1.340630"><ele>0.0</ele><time>2025-03-07T07:41:46.000Z</time></trkpt>
      <trkpt lat="52.737640" lon="-1.340530"><ele>0.0</ele><time>2025-03-07T07:41:48.000Z</time></trkpt>
      <trkpt lat="52.737600" lon="-1.340540"><ele>0.0</ele><time>2025-03-07T07:41:49.000Z</time></trkpt>
      <trkpt lat="52.737560" lon="-1.340510"><ele>0.0</ele><time>2025-03-07T07:41:50.000Z</time></trkpt>
      <trkpt lat="52.737510" lon="-1.340530"><ele>0.0</ele><time>2025-03-07T07:41:52.000Z</time></trkpt>
      <trkpt lat="52.737480" lon="-1.340540"><ele>0.0</ele><time>2025-03-07T07:41:53.000Z</time></trkpt>
      <trkpt lat="52.737440" lon="-1.340530"><ele>0.0</ele><time>2025-03-07T07:41:55.000Z</time></trkpt>
      <trkpt lat="52.737440" lon="-1.340610"><ele>0.0</ele><time>2025-03-07T07:41:58.000Z</time></trkpt>
      <trkpt lat="52.737390" lon="-1.340580"><ele>0.0</ele><time>2025-03-07T07:42:00.000Z</time></trkpt>
      <trkpt lat="52.737240" lon="-1.340510"><ele>0.0</ele><time>2025-03-07T07:42:02.000Z</time></trkpt>
      <trkpt lat="52.737240" lon="-1.340560"><ele>0.0</ele><time>2025-03-07T07:42:10.000Z</time></trkpt>
      <trkpt lat="52.737230" lon="-1.340600"><ele>0.0</ele><time>2025-03-07T07:42:11.000Z</time></trkpt>
      <trkpt lat="52.737200" lon="-1.340590"><ele>0.0</ele><time>2025-03-07T07:42:12.000Z</time></trkpt>
      <trkpt lat="52.737180" lon="-1.340640"><ele>0.0</ele><time>2025-03-07T07:42:14.000Z</time></trkpt>
      <trkpt lat="52.737110" lon="-1.340700"><ele>0.0</ele><time>2025-03-07T07:42:16.000Z</time></trkpt>
      <trkpt lat="52.737130" lon="-1.340760"><ele>0.0</ele><time>2025-03-07T07:42:19.000Z</time></trkpt>
      <trkpt lat="52.737110" lon="-1.340810"><ele>0.0</ele><time>2025-03-07T07:42:26.000Z</time></trkpt>
      <trkpt lat="52.737140" lon="-1.340820"><ele>0.0</ele><time>2025-03-07T07:42:28.000Z</time></trkpt>
      <trkpt lat="52.737110" lon="-1.340860"><ele>0.0</ele><time>2025-03-07T07:42:31.000Z</time></trkpt>
      <trkpt lat="52.737080" lon="-1.340850"><ele>0.0</ele><time>2025-03-07T07:42:33.000Z</time></trkpt>
      <trkpt lat="52.737020" lon="-1.340890"><ele>0.0</ele><time>2025-03-07T07:42:35.000Z</time></trkpt>
      <trkpt lat="52.736990" lon="-1.340910"><ele>0.0</ele><time>2025-03-07T07:42:39.000Z</time></trkpt>
      <trkpt lat="52.737010" lon="-1.340970"><ele>0.0</ele><time>2025-03-07T07:42:42.000Z</time></trkpt>
      <trkpt lat="52.736980" lon="-1.340990"><ele>0.0</ele><time>2025-03-07T07:42:44.000Z</time></trkpt>
      <trkpt lat="52.736900" lon="-1.341000"><ele>0.0</ele><time>2025-03-07T07:42:48.000Z</time></trkpt>
      <trkpt lat="52.736870" lon="-1.340980"><ele>0.0</ele><time>2025-03-07T07:42:51.000Z</time></trkpt>
      <trkpt lat="52.736840" lon="-1.341000"><ele>0.0</ele><time>2025-03-07T07:42:52.000Z</time></trkpt>
      <trkpt lat="52.736820" lon="-1.341030"><ele>0.0</ele><time>2025-03-07T07:42:53.000Z</time></trkpt>
      <trkpt lat="52.736770" lon="-1.341050"><ele>0.0</ele><time>2025-03-07T07:42:55.000Z</time></trkpt>
      <trkpt lat="52.736770" lon="-1.341100"><ele>0.0</ele><time>2025-03-07T07:42:57.000Z</time></trkpt>
      <trkpt lat="52.736820" lon="-1.341110"><ele>0.0</ele><time>2025-03-07T07:42:58.000Z</time></trkpt>
      <trkpt lat="52.736800" lon="-1.341160"><ele>0.0</ele><time>2025-03-07T07:42:59.000Z</time></trkpt>
      <trkpt lat="52.736820" lon="-1.341200"><ele>0.0</ele><time>2025-03-07T07:43:01.000Z</time></trkpt>
      <trkpt lat="52.736780" lon="-1.341210"><ele>0.0</ele><time>2025-03-07T07:43:02.000Z</time></trkpt>
      <trkpt lat="52.736750" lon="-1.341290"><ele>0.0</ele><time>2025-03-07T07:43:04.000Z</time></trkpt>
      <trkpt lat="52.736710" lon="-1.341240"><ele>0.0</ele><time>2025-03-07T07:43:06.000Z</time></trkpt>
      <trkpt lat="52.736660" lon="-1.341250"><ele>0.0</ele><time>2025-03-07T07:43:07.000Z</time></trkpt>
      <trkpt lat="52.736630" lon="-1.341280"><ele>0.0</ele><time>2025-03-07T07:43:08.000Z</time></trkpt>
      <trkpt lat="52.736620" lon="-1.341350"><ele>0.0</ele><time>2025-03-07T07:43:11.000Z</time></trkpt>
      <trkpt lat="52.736640" lon="-1.341380"><ele>0.0</ele><time>2025-03-07T07:43:13.000Z</time></trkpt>
      <trkpt lat="52.736620" lon="-1.341400"><ele>0.0</ele><time>2025-03-07T07:43:16.000Z</time></trkpt>
      <trkpt lat="52.736570" lon="-1.341450"><ele>0.0</ele><time>2025-03-07T07:43:18.000Z</time></trkpt>
      <trkpt lat="52.736530" lon="-1.341460"><ele>0.0</ele><time>2025-03-07T07:43:19.000Z</time></trkpt>
      <trkpt lat="52.736500" lon="-1.341490"><ele>0.0</ele><time>2025-03-07T07:43:21.000Z</time></trkpt>
      <trkpt lat="52.736490" lon="-1.341540"><ele>0.0</ele><time>2025-03-07T07:43:24.000Z</time></trkpt>
      <trkpt lat="52.736520" lon="-1.341560"><ele>0.0</ele><time>2025-03-07T07:43:28.000Z</time></trkpt>
      <trkpt lat="52.736480" lon="-1.341560"><ele>0.0</ele><time>2025-03-07T07:43:29.000Z</time></trkpt>
      <trkpt lat="52.736450" lon="-1.341580"><ele>0.0</ele><time>2025-03-07T07:43:31.000Z</time></trkpt>
      <trkpt lat="52.736420" lon="-1.341580"><ele>0.0</ele><time>2025-03-07T07:43:33.000Z</time></trkpt>
      <trkpt lat="52.736390" lon="-1.341610"><ele>0.0</ele><time>2025-03-07T07:43:37.000Z</time></trkpt>
      <trkpt lat="52.736360" lon="-1.341590"><ele>0.0</ele><time>2025-03-07T07:43:39.000Z</time></trkpt>
      <trkpt lat="52.736350" lon="-1.341650"><ele>0.0</ele><time>2025-03-07T07:43:41.000Z</time></trkpt>
      <trkpt lat="52.736320" lon="-1.341630"><ele>0.0</ele><time>2025-03-07T07:43:42.000Z</time></trkpt>
      <trkpt lat="52.736350" lon="-1.341670"><ele>0.0</ele><time>2025-03-07T07:43:44.000Z</time></trkpt>
      <trkpt lat="52.736310" lon="-1.341680"><ele>0.0</ele><time>2025-03-07T07:43:46.000Z</time></trkpt>
      <trkpt lat="52.736300" lon="-1.341770"><ele>0.0</ele><time>2025-03-07T07:43:53.000Z</time></trkpt>
      <trkpt lat="52.736270" lon="-1.341740"><ele>0.0</ele><time>2025-03-07T07:43:55.000Z</time></trkpt>
      <trkpt lat="52.736240" lon="-1.341750"><ele>0.0</ele><time>2025-03-07T07:43:59.000Z</time></trkpt>
      <trkpt lat="52.736200" lon="-1.341730"><ele>0.0</ele><time>2025-03-07T07:44:01.000Z</time></trkpt>
      <trkpt lat="52.736170" lon="-1.341800"><ele>0.0</ele><time>2025-03-07T07:44:05.000Z</time></trkpt>
      <trkpt lat="52.736140" lon="-1.341800"><ele>0.0</ele><time>2025-03-07T07:44:07.000Z</time></trkpt>
      <trkpt lat="52.736050" lon="-1.341890"><ele>0.0</ele><time>2025-03-07T07:44:08.000Z</time></trkpt>
      <trkpt lat="52.736030" lon="-1.341960"><ele>0.0</ele><time>2025-03-07T07:44:10.000Z</time></trkpt>
      <trkpt lat="52.736010" lon="-1.342000"><ele>0.0</ele><time>2025-03-07T07:44:12.000Z</time></trkpt>
      <trkpt lat="52.735970" lon="-1.342000"><ele>0.0</ele><time>2025-03-07T07:44:15.000Z</time></trkpt>
      <trkpt lat="52.735950" lon="-1.342020"><ele>0.0</ele><time>2025-03-07T07:44:17.000Z</time></trkpt>
      <trkpt lat="52.735900" lon="-1.342000"><ele>0.0</ele><time>2025-03-07T07:44:19.000Z</time></trkpt>
      <trkpt lat="52.735920" lon="-1.341950"><ele>0.0</ele><time>2025-03-07T07:44:25.000Z</time></trkpt>
      <trkpt lat="52.735910" lon="-1.342000"><ele>0.0</ele><time>2025-03-07T07:44:29.000Z</time></trkpt>
      <trkpt lat="52.735930" lon="-1.342030"><ele>0.0</ele><time>2025-03-07T07:44:30.000Z</time></trkpt>
      <trkpt lat="52.735930" lon="-1.342090"><ele>0.0</ele><time>2025-03-07T07:44:32.000Z</time></trkpt>
      <trkpt lat="52.735960" lon="-1.342100"><ele>0.0</ele><time>2025-03-07T07:44:35.000Z</time></trkpt>
      <trkpt lat="52.735950" lon="-1.342150"><ele>0.0</ele><time>2025-03-07T07:44:39.000Z</time></trkpt>
      <trkpt lat="52.735910" lon="-1.342160"><ele>0.0</ele><time>2025-03-07T07:44:42.000Z</time></trkpt>
      <trkpt lat="52.735880" lon="-1.342200"><ele>0.0</ele><time>2025-03-07T07:44:45.000Z</time></trkpt>
      <trkpt lat="52.735850" lon="-1.342210"><ele>0.0</ele><time>2025-03-07T07:44:47.000Z</time></trkpt>
      <trkpt lat="52.735800" lon="-1.342230"><ele>0.0</ele><time>2025-03-07T07:44:53.000Z</time></trkpt>
      <trkpt lat="52.735810" lon="-1.342280"><ele>0.0</ele><time>2025-03-07T07:44:55.000Z</time></trkpt>
      <trkpt lat="52.735780" lon="-1.342290"><ele>0.0</ele><time>2025-03-07T07:44:58.000Z</time></trkpt>
      <trkpt lat="52.735730" lon="-1.342330"><ele>0.0</ele><time>2025-03-07T07:45:00.000Z</time></trkpt>
      <trkpt lat="52.735750" lon="-1.342390"><ele>0.0</ele><time>2025-03-07T07:45:02.000Z</time></trkpt>
      <trkpt lat="52.735710" lon="-1.342410"><ele>0.0</ele><time>2025-03-07T07:45:03.000Z</time></trkpt>
      <trkpt lat="52.735680" lon="-1.342400"><ele>0.0</ele><time>2025-03-07T07:45:05.000Z</time></trkpt>
      <trkpt lat="52.735680" lon="-1.342470"><ele>0.0</ele><time>2025-03-07T07:45:08.000Z</time></trkpt>
      <trkpt lat="52.735660" lon="-1.342510"><ele>0.0</ele><time>2025-03-07T07:45:10.000Z</time></trkpt>
      <trkpt lat="52.735640" lon="-1.342550"><ele>0.0</ele><time>2025-03-07T07:45:11.000Z</time></trkpt>
      <trkpt lat="52.735660" lon="-1.342600"><ele>0.0</ele><time>2025-03-07T07:45:12.000Z</time></trkpt>
      <trkpt lat="52.735630" lon="-1.342590"><ele>0.0</ele><time>2025-03-07T07:45:14.000Z</time></trkpt>
      <trkpt lat="52.735590" lon="-1.342600"><ele>0.0</ele><time>2025-03-07T07:45:16.000Z</time></trkpt>
      <trkpt lat="52.735560" lon="-1.342620"><ele>0.0</ele><time>2025-03-07T07:45:17.000Z</time></trkpt>
      <trkpt lat="52.735580" lon="-1.342700"><ele>0.0</ele><time>2025-03-07T07:45:19.000Z</time></trkpt>
      <trkpt lat="52.735540" lon="-1.342700"><ele>0.0</ele><time>2025-03-07T07:45:20.000Z</time></trkpt>
      <trkpt lat="52.735510" lon="-1.342690"><ele>0.0</ele><time>2025-03-07T07:45:21.000Z</time></trkpt>
      <trkpt lat="52.735480" lon="-1.342680"><ele>0.0</ele><time>2025-03-07T07:45:23.000Z</time></trkpt>
      <trkpt lat="52.735440" lon="-1.342630"><ele>0.0</ele><time>2025-03-07T07:45:27.000Z</time></trkpt>
      <trkpt lat="52.735400" lon="-1.342650"><ele>0.0</ele><time>2025-03-07T07:45:32.000Z</time></trkpt>
      <trkpt lat="52.735360" lon="-1.342630"><ele>0.0</ele><time>2025-03-07T07:45:34.000Z</time></trkpt>
      <trkpt lat="52.735350" lon="-1.342590"><ele>0.0</ele><time>2025-03-07T07:45:36.000Z</time></trkpt>
      <trkpt lat="52.735330" lon="-1.342550"><ele>0.0</ele><time>2025-03-07T07:45:38.000Z</time></trkpt>
      <trkpt lat="52.735300" lon="-1.342540"><ele>0.0</ele><time>2025-03-07T07:45:40.000Z</time></trkpt>
      <trkpt lat="52.735280" lon="-1.342570"><ele>0.0</ele><time>2025-03-07T07:45:41.000Z</time></trkpt>
      <trkpt lat="52.735270" lon="-1.342510"><ele>0.0</ele><time>2025-03-07T07:45:43.000Z</time></trkpt>
      <trkpt lat="52.735260" lon="-1.342470"><ele>0.0</ele><time>2025-03-07T07:45:45.000Z</time></trkpt>
      <trkpt lat="52.735230" lon="-1.342440"><ele>0.0</ele><time>2025-03-07T07:45:47.000Z</time></trkpt>
      <trkpt lat="52.735210" lon="-1.342400"><ele>0.0</ele><time>2025-03-07T07:45:51.000Z</time></trkpt>
      <trkpt lat="52.735190" lon="-1.342360"><ele>0.0</ele><time>2025-03-07T07:45:53.000Z</time></trkpt>
      <trkpt lat="52.735160" lon="-1.342350"><ele>0.0</ele><time>2025-03-07T07:45:55.000Z</time></trkpt>
      <trkpt lat="52.735140" lon="-1.342320"><ele>0.0</ele><time>2025-03-07T07:45:57.000Z</time></trkpt>
      <trkpt lat="52.735100" lon="-1.342300"><ele>0.0</ele><time>2025-03-07T07:46:00.000Z</time></trkpt>
      <trkpt lat="52.735080" lon="-1.342260"><ele>0.0</ele><time>2025-03-07T07:46:03.000Z</time></trkpt>
      <trkpt lat="52.735060" lon="-1.342220"><ele>0.0</ele><time>2025-03-07T07:46:05.000Z</time></trkpt>
      <trkpt lat="52.735030" lon="-1.342200"><ele>0.0</ele><time>2025-03-07T07:46:07.000Z</time></trkpt>
      <trkpt lat="52.735020" lon="-1.342150"><ele>0.0</ele><time>2025-03-07T07:46:08.000Z</time></trkpt>
      <trkpt lat="52.735000" lon="-1.342120"><ele>0.0</ele><time>2025-03-07T07:46:10.000Z</time></trkpt>
      <trkpt lat="52.734970" lon="-1.342080"><ele>0.0</ele><time>2025-03-07T07:46:12.000Z</time></trkpt>
      <trkpt lat="52.734930" lon="-1.342030"><ele>0.0</ele><time>2025-03-07T07:46:15.000Z</time></trkpt>
      <trkpt lat="52.734910" lon="-1.342000"><ele>0.0</ele><time>2025-03-07T07:46:17.000Z</time></trkpt>
      <trkpt lat="52.734880" lon="-1.341990"><ele>0.0</ele><time>2025-03-07T07:46:20.000Z</time></trkpt>
      <trkpt lat="52.734850" lon="-1.341960"><ele>0.0</ele><time>2025-03-07T07:46:24.000Z</time></trkpt>
      <trkpt lat="52.734830" lon="-1.341920"><ele>0.0</ele><time>2025-03-07T07:46:26.000Z</time></trkpt>
      <trkpt lat="52.734810" lon="-1.341880"><ele>0.0</ele><time>2025-03-07T07:46:29.000Z</time></trkpt>
      <trkpt lat="52.734780" lon="-1.341850"><ele>0.0</ele><time>2025-03-07T07:46:32.000Z</time></trkpt>
      <trkpt lat="52.734780" lon="-1.341800"><ele>0.0</ele><time>2025-03-07T07:46:34.000Z</time></trkpt>
      <trkpt lat="52.734750" lon="-1.341750"><ele>0.0</ele><time>2025-03-07T07:46:36.000Z</time></trkpt>
      <trkpt lat="52.734730" lon="-1.341720"><ele>0.0</ele><time>2025-03-07T07:46:38.000Z</time></trkpt>
      <trkpt lat="52.734720" lon="-1.341660"><ele>0.0</ele><time>2025-03-07T07:46:40.000Z</time></trkpt>
      <trkpt lat="52.734720" lon="-1.341610"><ele>0.0</ele><time>2025-03-07T07:46:42.000Z</time></trkpt>
      <trkpt lat="52.734680" lon="-1.341610"><ele>0.0</ele><time>2025-03-07T07:46:44.000Z</time></trkpt>
      <trkpt lat="52.734660" lon="-1.341580"><ele>0.0</ele><time>2025-03-07T07:46:47.000Z</time></trkpt>
      <trkpt lat="52.734630" lon="-1.341540"><ele>0.0</ele><time>2025-03-07T07:46:50.000Z</time></trkpt>
      <trkpt lat="52.734620" lon="-1.341490"><ele>0.0</ele><time>2025-03-07T07:46:52.000Z</time></trkpt>
      <trkpt lat="52.734600" lon="-1.341450"><ele>0.0</ele><time>2025-03-07T07:46:55.000Z</time></trkpt>
      <trkpt lat="52.734580" lon="-1.341410"><ele>0.0</ele><time>2025-03-07T07:46:58.000Z</time></trkpt>
      <trkpt lat="52.734550" lon="-1.341360"><ele>0.0</ele><time>2025-03-07T07:47:00.000Z</time></trkpt>
      <trkpt lat="52.734520" lon="-1.341320"><ele>0.0</ele><time>2025-03-07T07:47:03.000Z</time></trkpt>
      <trkpt lat="52.734500" lon="-1.341250"><ele>0.0</ele><time>2025-03-07T07:47:06.000Z</time></trkpt>
      <trkpt lat="52.734500" lon="-1.341200"><ele>0.0</ele><time>2025-03-07T07:47:08.000Z</time></trkpt>
      <trkpt lat="52.734480" lon="-1.341160"><ele>0.0</ele><time>2025-03-07T07:47:10.000Z</time></trkpt>
      <trkpt lat="52.734460" lon="-1.341110"><ele>0.0</ele><time>2025-03-07T07:47:14.000Z</time></trkpt>
      <trkpt lat="52.734430" lon="-1.341070"><ele>0.0</ele><time>2025-03-07T07:47:16.000Z</time></trkpt>
      <trkpt lat="52.734410" lon="-1.341040"><ele>0.0</ele><time>2025-03-07T07:47:18.000Z</time></trkpt>
      <trkpt lat="52.734390" lon="-1.340990"><ele>0.0</ele><time>2025-03-07T07:47:20.000Z</time></trkpt>
      <trkpt lat="52.734380" lon="-1.340950"><ele>0.0</ele><time>2025-03-07T07:47:22.000Z</time></trkpt>
      <trkpt lat="52.734360" lon="-1.340910"><ele>0.0</ele><time>2025-03-07T07:47:24.000Z</time></trkpt>
      <trkpt lat="52.734330" lon="-1.340850"><ele>0.0</ele><time>2025-03-07T07:47:26.000Z</time></trkpt>
      <trkpt lat="52.734320" lon="-1.340800"><ele>0.0</ele><time>2025-03-07T07:47:28.000Z</time></trkpt>
      <trkpt lat="52.734290" lon="-1.340740"><ele>0.0</ele><time>2025-03-07T07:47:31.000Z</time></trkpt>
      <trkpt lat="52.734270" lon="-1.340690"><ele>0.0</ele><time>2025-03-07T07:47:34.000Z</time></trkpt>
      <trkpt lat="52.734250" lon="-1.340640"><ele>0.0</ele><time>2025-03-07T07:47:37.000Z</time></trkpt>
      <trkpt lat="52.734220" lon="-1.340600"><ele>0.0</ele><time>2025-03-07T07:47:40.000Z</time></trkpt>
      <trkpt lat="52.734200" lon="-1.340550"><ele>0.0</ele><time>2025-03-07T07:47:43.000Z</time></trkpt>
      <trkpt lat="52.734180" lon="-1.340510"><ele>0.0</ele><time>2025-03-07T07:47:45.000Z</time></trkpt>
      <trkpt lat="52.734160" lon="-1.340470"><ele>0.0</ele><time>2025-03-07T07:47:49.000Z</time></trkpt>
      <trkpt lat="52.734140" lon="-1.340430"><ele>0.0</ele><time>2025-03-07T07:47:51.000Z</time></trkpt>
      <trkpt lat="52.734120" lon="-1.340380"><ele>0.0</ele><time>2025-03-07T07:47:53.000Z</time></trkpt>
      <trkpt lat="52.734110" lon="-1.340340"><ele>0.0</ele><time>2025-03-07T07:47:55.000Z</time></trkpt>
      <trkpt lat="52.734090" lon="-1.340290"><ele>0.0</ele><time>2025-03-07T07:47:58.000Z</time></trkpt>
      <trkpt lat="52.734080" lon="-1.340250"><ele>0.0</ele><time>2025-03-07T07:48:00.000Z</time></trkpt>
      <trkpt lat="52.734060" lon="-1.340210"><ele>0.0</ele><time>2025-03-07T07:48:03.000Z</time></trkpt>
      <trkpt lat="52.734030" lon="-1.340160"><ele>0.0</ele><time>2025-03-07T07:48:07.000Z</time></trkpt>
      <trkpt lat="52.734010" lon="-1.340100"><ele>0.0</ele><time>2025-03-07T07:48:11.000Z</time></trkpt>
      <trkpt lat="52.733980" lon="-1.340070"><ele>0.0</ele><time>2025-03-07T07:48:13.000Z</time></trkpt>
      <trkpt lat="52.733970" lon="-1.340030"><ele>0.0</ele><time>2025-03-07T07:48:15.000Z</time></trkpt>
      <trkpt lat="52.733950" lon="-1.339990"><ele>0.0</ele><time>2025-03-07T07:48:18.000Z</time></trkpt>
      <trkpt lat="52.733920" lon="-1.339960"><ele>0.0</ele><time>2025-03-07T07:48:20.000Z</time></trkpt>
      <trkpt lat="52.733910" lon="-1.339910"><ele>0.0</ele><time>2025-03-07T07:48:22.000Z</time></trkpt>
      <trkpt lat="52.733900" lon="-1.339860"><ele>0.0</ele><time>2025-03-07T07:48:24.000Z</time></trkpt>
      <trkpt lat="52.733870" lon="-1.339810"><ele>0.0</ele><time>2025-03-07T07:48:27.000Z</time></trkpt>
      <trkpt lat="52.733840" lon="-1.339760"><ele>0.0</ele><time>2025-03-07T07:48:30.000Z</time></trkpt>
      <trkpt lat="52.733830" lon="-1.339720"><ele>0.0</ele><time>2025-03-07T07:48:32.000Z</time></trkpt>
      <trkpt lat="52.733810" lon="-1.339670"><ele>0.0</ele><time>2025-03-07T07:48:34.000Z</time></trkpt>
      <trkpt lat="52.733790" lon="-1.339630"><ele>0.0</ele><time>2025-03-07T07:48:37.000Z</time></trkpt>
      <trkpt lat="52.733770" lon="-1.339580"><ele>0.0</ele><time>2025-03-07T07:48:40.000Z</time></trkpt>
      <trkpt lat="52.733770" lon="-1.339500"><ele>0.0</ele><time>2025-03-07T07:48:42.000Z</time></trkpt>
      <trkpt lat="52.733740" lon="-1.339430"><ele>0.0</ele><time>2025-03-07T07:48:45.000Z</time></trkpt>
      <trkpt lat="52.733710" lon="-1.339390"><ele>0.0</ele><time>2025-03-07T07:48:47.000Z</time></trkpt>
      <trkpt lat="52.733680" lon="-1.339350"><ele>0.0</ele><time>2025-03-07T07:48:50.000Z</time></trkpt>
      <trkpt lat="52.733690" lon="-1.339390"><ele>0.0</ele><time>2025-03-07T07:48:51.000Z</time></trkpt>
      <trkpt lat="52.733670" lon="-1.339350"><ele>0.0</ele><time>2025-03-07T07:48:53.000Z</time></trkpt>
      <trkpt lat="52.733660" lon="-1.339310"><ele>0.0</ele><time>2025-03-07T07:48:54.000Z</time></trkpt>
      <trkpt lat="52.733630" lon="-1.339280"><ele>0.0</ele><time>2025-03-07T07:48:56.000Z</time></trkpt>
      <trkpt lat="52.733600" lon="-1.339230"><ele>0.0</ele><time>2025-03-07T07:48:58.000Z</time></trkpt>
      <trkpt lat="52.733570" lon="-1.339190"><ele>0.0</ele><time>2025-03-07T07:49:00.000Z</time></trkpt>
      <trkpt lat="52.733550" lon="-1.339150"><ele>0.0</ele><time>2025-03-07T07:49:02.000Z</time></trkpt>
      <trkpt lat="52.733530" lon="-1.339110"><ele>0.0</ele><time>2025-03-07T07:49:05.000Z</time></trkpt>
      <trkpt lat="52.733500" lon="-1.339050"><ele>0.0</ele><time>2025-03-07T07:49:08.000Z</time></trkpt>
      <trkpt lat="52.733480" lon="-1.339000"><ele>0.0</ele><time>2025-03-07T07:49:11.000Z</time></trkpt>
      <trkpt lat="52.733490" lon="-1.338960"><ele>0.0</ele><time>2025-03-07T07:49:13.000Z</time></trkpt>
      <trkpt lat="52.733500" lon="-1.338910"><ele>0.0</ele><time>2025-03-07T07:49:15.000Z</time></trkpt>
      <trkpt lat="52.733460" lon="-1.338900"><ele>0.0</ele><time>2025-03-07T07:49:17.000Z</time></trkpt>
      <trkpt lat="52.733440" lon="-1.338860"><ele>0.0</ele><time>2025-03-07T07:49:20.000Z</time></trkpt>
      <trkpt lat="52.733420" lon="-1.338820"><ele>0.0</ele><time>2025-03-07T07:49:24.000Z</time></trkpt>
      <trkpt lat="52.733410" lon="-1.338770"><ele>0.0</ele><time>2025-03-07T07:49:26.000Z</time></trkpt>
      <trkpt lat="52.733400" lon="-1.338730"><ele>0.0</ele><time>2025-03-07T07:49:28.000Z</time></trkpt>
      <trkpt lat="52.733360" lon="-1.338720"><ele>0.0</ele><time>2025-03-07T07:49:31.000Z</time></trkpt>
      <trkpt lat="52.733340" lon="-1.338690"><ele>0.0</ele><time>2025-03-07T07:49:36.000Z</time></trkpt>
      <trkpt lat="52.733320" lon="-1.338660"><ele>0.0</ele><time>2025-03-07T07:49:39.000Z</time></trkpt>
      <trkpt lat="52.733320" lon="-1.338600"><ele>0.0</ele><time>2025-03-07T07:49:41.000Z</time></trkpt>
      <trkpt lat="52.733290" lon="-1.338560"><ele>0.0</ele><time>2025-03-07T07:49:43.000Z</time></trkpt>
      <trkpt lat="52.733250" lon="-1.338570"><ele>0.0</ele><time>2025-03-07T07:49:46.000Z</time></trkpt>
      <trkpt lat="52.733210" lon="-1.338550"><ele>0.0</ele><time>2025-03-07T07:49:48.000Z</time></trkpt>
      <trkpt lat="52.733210" lon="-1.338490"><ele>0.0</ele><time>2025-03-07T07:49:51.000Z</time></trkpt>
      <trkpt lat="52.733180" lon="-1.338500"><ele>0.0</ele><time>2025-03-07T07:49:56.000Z</time></trkpt>
      <trkpt lat="52.733180" lon="-1.338540"><ele>0.0</ele><time>2025-03-07T07:50:01.000Z</time></trkpt>
      <trkpt lat="52.733210" lon="-1.338510"><ele>0.0</ele><time>2025-03-07T07:50:09.000Z</time></trkpt>
      <trkpt lat="52.733180" lon="-1.338490"><ele>0.0</ele><time>2025-03-07T07:50:12.000Z</time></trkpt>
      <trkpt lat="52.733190" lon="-1.338450"><ele>0.0</ele><time>2025-03-07T07:50:18.000Z</time></trkpt>
      <trkpt lat="52.733170" lon="-1.338420"><ele>0.0</ele><time>2025-03-07T07:50:29.000Z</time></trkpt>
      <trkpt lat="52.733160" lon="-1.338460"><ele>0.0</ele><time>2025-03-07T07:50:30.000Z</time></trkpt>
      <trkpt lat="52.733160" lon="-1.338510"><ele>0.0</ele><time>2025-03-07T07:50:31.000Z</time></trkpt>
      <trkpt lat="52.733130" lon="-1.338530"><ele>0.0</ele><time>2025-03-07T07:50:33.000Z</time></trkpt>
      <trkpt lat="52.733130" lon="-1.338480"><ele>0.0</ele><time>2025-03-07T07:50:36.000Z</time></trkpt>
      <trkpt lat="52.733090" lon="-1.338430"><ele>0.0</ele><time>2025-03-07T07:50:54.000Z</time></trkpt>
      <trkpt lat="52.733090" lon="-1.338370"><ele>0.0</ele><time>2025-03-07T07:50:56.000Z</time></trkpt>
      <trkpt lat="52.733100" lon="-1.338330"><ele>0.0</ele><time>2025-03-07T07:50:57.000Z</time></trkpt>
      <trkpt lat="52.733110" lon="-1.338260"><ele>0.0</ele><time>2025-03-07T07:51:00.000Z</time></trkpt>
      <trkpt lat="52.733100" lon="-1.338210"><ele>0.0</ele><time>2025-03-07T07:51:02.000Z</time></trkpt>
      <trkpt lat="52.733100" lon="-1.338160"><ele>0.0</ele><time>2025-03-07T07:51:04.000Z</time></trkpt>
      <trkpt lat="52.733070" lon="-1.338140"><ele>0.0</ele><time>2025-03-07T07:51:06.000Z</time></trkpt>
      <trkpt lat="52.733040" lon="-1.338140"><ele>0.0</ele><time>2025-03-07T07:51:11.000Z</time></trkpt>
      <trkpt lat="52.733030" lon="-1.338090"><ele>0.0</ele><time>2025-03-07T07:51:20.000Z</time></trkpt>
      <trkpt lat="52.733010" lon="-1.338030"><ele>0.0</ele><time>2025-03-07T07:51:26.000Z</time></trkpt>
      <trkpt lat="52.732980" lon="-1.338010"><ele>0.0</ele><time>2025-03-07T07:51:32.000Z</time></trkpt>
      <trkpt lat="52.732960" lon="-1.337930"><ele>0.0</ele><time>2025-03-07T07:51:37.000Z</time></trkpt>
      <trkpt lat="52.732940" lon="-1.337890"><ele>0.0</ele><time>2025-03-07T07:51:41.000Z</time></trkpt>
      <trkpt lat="52.732920" lon="-1.337850"><ele>0.0</ele><time>2025-03-07T07:51:43.000Z</time></trkpt>
      <trkpt lat="52.732930" lon="-1.337810"><ele>0.0</ele><time>2025-03-07T07:51:45.000Z</time></trkpt>
      <trkpt lat="52.732920" lon="-1.337850"><ele>0.0</ele><time>2025-03-07T07:51:46.000Z</time></trkpt>
      <trkpt lat="52.732890" lon="-1.337810"><ele>0.0</ele><time>2025-03-07T07:51:51.000Z</time></trkpt>
      <trkpt lat="52.732870" lon="-1.337730"><ele>0.0</ele><time>2025-03-07T07:52:04.000Z</time></trkpt>
      <trkpt lat="52.732900" lon="-1.337750"><ele>0.0</ele><time>2025-03-07T07:52:17.000Z</time></trkpt>
      <trkpt lat="52.732910" lon="-1.337790"><ele>0.0</ele><time>2025-03-07T07:52:24.000Z</time></trkpt>
      <trkpt lat="52.732920" lon="-1.337750"><ele>0.0</ele><time>2025-03-07T07:52:33.000Z</time></trkpt>
      <trkpt lat="52.732910" lon="-1.337820"><ele>0.0</ele><time>2025-03-07T07:52:49.000Z</time></trkpt>
      <trkpt lat="52.732910" lon="-1.337760"><ele>0.0</ele><time>2025-03-07T07:52:54.000Z</time></trkpt>
      <trkpt lat="52.732890" lon="-1.337720"><ele>0.0</ele><time>2025-03-07T07:52:56.000Z</time></trkpt>
      <trkpt lat="52.732860" lon="-1.337670"><ele>0.0</ele><time>2025-03-07T07:52:59.000Z</time></trkpt>
      <trkpt lat="52.732860" lon="-1.337630"><ele>0.0</ele><time>2025-03-07T07:53:01.000Z</time></trkpt>
      <trkpt lat="52.732830" lon="-1.337610"><ele>0.0</ele><time>2025-03-07T07:53:04.000Z</time></trkpt>
      <trkpt lat="52.732820" lon="-1.337660"><ele>0.0</ele><time>2025-03-07T07:53:12.000Z</time></trkpt>
      <trkpt lat="52.732800" lon="-1.337610"><ele>0.0</ele><time>2025-03-07T07:53:13.000Z</time></trkpt>
      <trkpt lat="52.732790" lon="-1.337570"><ele>0.0</ele><time>2025-03-07T07:53:23.000Z</time></trkpt>
      <trkpt lat="52.732750" lon="-1.337590"><ele>0.0</ele><time>2025-03-07T07:53:31.000Z</time></trkpt>
      <trkpt lat="52.732730" lon="-1.337630"><ele>0.0</ele><time>2025-03-07T07:53:35.000Z</time></trkpt>
      <trkpt lat="52.732680" lon="-1.337630"><ele>0.0</ele><time>2025-03-07T07:53:41.000Z</time></trkpt>
      <trkpt lat="52.732650" lon="-1.337640"><ele>0.0</ele><time>2025-03-07T07:53:42.000Z</time></trkpt>
      <trkpt lat="52.732620" lon="-1.337700"><ele>0.0</ele><time>2025-03-07T07:53:43.000Z</time></trkpt>
      <trkpt lat="52.732590" lon="-1.337730"><ele>0.0</ele><time>2025-03-07T07:53:44.000Z</time></trkpt>
      <trkpt lat="52.732560" lon="-1.337750"><ele>0.0</ele><time>2025-03-07T07:53:46.000Z</time></trkpt>
      <trkpt lat="52.732520" lon="-1.337770"><ele>0.0</ele><time>2025-03-07T07:53:48.000Z</time></trkpt>
      <trkpt lat="52.732490" lon="-1.337800"><ele>0.0</ele><time>2025-03-07T07:53:50.000Z</time></trkpt>
      <trkpt lat="52.732460" lon="-1.337820"><ele>0.0</ele><time>2025-03-07T07:53:52.000Z</time></trkpt>
      <trkpt lat="52.732420" lon="-1.337850"><ele>0.0</ele><time>2025-03-07T07:53:55.000Z</time></trkpt>
      <trkpt lat="52.732380" lon="-1.337850"><ele>0.0</ele><time>2025-03-07T07:53:56.000Z</time></trkpt>
      <trkpt lat="52.732380" lon="-1.337900"><ele>0.0</ele><time>2025-03-07T07:53:58.000Z</time></trkpt>
      <trkpt lat="52.732340" lon="-1.337920"><ele>0.0</ele><time>2025-03-07T07:54:01.000Z</time></trkpt>
      <trkpt lat="52.732300" lon="-1.337930"><ele>0.0</ele><time>2025-03-07T07:54:03.000Z</time></trkpt>
      <trkpt lat="52.732290" lon="-1.337880"><ele>0.0</ele><time>2025-03-07T07:54:07.000Z</time></trkpt>
      <trkpt lat="52.732260" lon="-1.337920"><ele>0.0</ele><time>2025-03-07T07:54:10.000Z</time></trkpt>
      <trkpt lat="52.732220" lon="-1.337940"><ele>0.0</ele><time>2025-03-07T07:54:11.000Z</time></trkpt>
      <trkpt lat="52.732190" lon="-1.337970"><ele>0.0</ele><time>2025-03-07T07:54:13.000Z</time></trkpt>
      <trkpt lat="52.732160" lon="-1.337950"><ele>0.0</ele><time>2025-03-07T07:54:17.000Z</time></trkpt>
      <trkpt lat="52.732120" lon="-1.337960"><ele>0.0</ele><time>2025-03-07T07:54:18.000Z</time></trkpt>
      <trkpt lat="52.732130" lon="-1.338000"><ele>0.0</ele><time>2025-03-07T07:54:20.000Z</time></trkpt>
      <trkpt lat="52.732100" lon="-1.338030"><ele>0.0</ele><time>2025-03-07T07:54:27.000Z</time></trkpt>
      <trkpt lat="52.732070" lon="-1.338050"><ele>0.0</ele><time>2025-03-07T07:54:28.000Z</time></trkpt>
      <trkpt lat="52.732040" lon="-1.338070"><ele>0.0</ele><time>2025-03-07T07:54:29.000Z</time></trkpt>
      <trkpt lat="52.732010" lon="-1.338080"><ele>0.0</ele><time>2025-03-07T07:54:32.000Z</time></trkpt>
      <trkpt lat="52.731980" lon="-1.338110"><ele>0.0</ele><time>2025-03-07T07:54:35.000Z</time></trkpt>
      <trkpt lat="52.731960" lon="-1.338130"><ele>0.0</ele><time>2025-03-07T07:54:37.000Z</time></trkpt>
      <trkpt lat="52.731920" lon="-1.338140"><ele>0.0</ele><time>2025-03-07T07:54:38.000Z</time></trkpt>
      <trkpt lat="52.731890" lon="-1.338180"><ele>0.0</ele><time>2025-03-07T07:54:43.000Z</time></trkpt>
      <trkpt lat="52.731860" lon="-1.338190"><ele>0.0</ele><time>2025-03-07T07:54:45.000Z</time></trkpt>
      <trkpt lat="52.731830" lon="-1.338200"><ele>0.0</ele><time>2025-03-07T07:54:47.000Z</time></trkpt>
      <trkpt lat="52.731810" lon="-1.338230"><ele>0.0</ele><time>2025-03-07T07:54:49.000Z</time></trkpt>
      <trkpt lat="52.731780" lon="-1.338290"><ele>0.0</ele><time>2025-03-07T07:54:52.000Z</time></trkpt>
      <trkpt lat="52.731750" lon="-1.338350"><ele>0.0</ele><time>2025-03-07T07:54:55.000Z</time></trkpt>
      <trkpt lat="52.731730" lon="-1.338370"><ele>0.0</ele><time>2025-03-07T07:54:57.000Z</time></trkpt>
      <trkpt lat="52.731680" lon="-1.338380"><ele>0.0</ele><time>2025-03-07T07:55:00.000Z</time></trkpt>
      <trkpt lat="52.731650" lon="-1.338390"><ele>0.0</ele><time>2025-03-07T07:55:02.000Z</time></trkpt>
      <trkpt lat="52.731620" lon="-1.338410"><ele>0.0</ele><time>2025-03-07T07:55:04.000Z</time></trkpt>
      <trkpt lat="52.731590" lon="-1.338420"><ele>0.0</ele><time>2025-03-07T07:55:07.000Z</time></trkpt>
      <trkpt lat="52.731560" lon="-1.338440"><ele>0.0</ele><time>2025-03-07T07:55:09.000Z</time></trkpt>
      <trkpt lat="52.731550" lon="-1.338480"><ele>0.0</ele><time>2025-03-07T07:55:12.000Z</time></trkpt>
      <trkpt lat="52.731530" lon="-1.338510"><ele>0.0</ele><time>2025-03-07T07:55:14.000Z</time></trkpt>
      <trkpt lat="52.731500" lon="-1.338530"><ele>0.0</ele><time>2025-03-07T07:55:15.000Z</time></trkpt>
      <trkpt lat="52.731470" lon="-1.338550"><ele>0.0</ele><time>2025-03-07T07:55:18.000Z</time></trkpt>
      <trkpt lat="52.731450" lon="-1.338600"><ele>0.0</ele><time>2025-03-07T07:55:21.000Z</time></trkpt>
      <trkpt lat="52.731430" lon="-1.338640"><ele>0.0</ele><time>2025-03-07T07:55:23.000Z</time></trkpt>
      <trkpt lat="52.731400" lon="-1.338650"><ele>0.0</ele><time>2025-03-07T07:55:28.000Z</time></trkpt>
      <trkpt lat="52.731370" lon="-1.338680"><ele>0.0</ele><time>2025-03-07T07:55:29.000Z</time></trkpt>
      <trkpt lat="52.731350" lon="-1.338700"><ele>0.0</ele><time>2025-03-07T07:55:30.000Z</time></trkpt>
      <trkpt lat="52.731330" lon="-1.338760"><ele>0.0</ele><time>2025-03-07T07:55:35.000Z</time></trkpt>
      <trkpt lat="52.731310" lon="-1.338800"><ele>0.0</ele><time>2025-03-07T07:55:38.000Z</time></trkpt>
      <trkpt lat="52.731260" lon="-1.338820"><ele>0.0</ele><time>2025-03-07T07:55:41.000Z</time></trkpt>
      <trkpt lat="52.731220" lon="-1.338840"><ele>0.0</ele><time>2025-03-07T07:55:44.000Z</time></trkpt>
      <trkpt lat="52.731170" lon="-1.338840"><ele>0.0</ele><time>2025-03-07T07:55:46.000Z</time></trkpt>
      <trkpt lat="52.731150" lon="-1.338880"><ele>0.0</ele><time>2025-03-07T07:55:49.000Z</time></trkpt>
      <trkpt lat="52.731120" lon="-1.338880"><ele>0.0</ele><time>2025-03-07T07:55:53.000Z</time></trkpt>
      <trkpt lat="52.731150" lon="-1.338880"><ele>0.0</ele><time>2025-03-07T07:55:55.000Z</time></trkpt>
      <trkpt lat="52.731130" lon="-1.338920"><ele>0.0</ele><time>2025-03-07T07:55:57.000Z</time></trkpt>
      <trkpt lat="52.731080" lon="-1.338970"><ele>0.0</ele><time>2025-03-07T07:55:59.000Z</time></trkpt>
      <trkpt lat="52.731040" lon="-1.339000"><ele>0.0</ele><time>2025-03-07T07:56:02.000Z</time></trkpt>
      <trkpt lat="52.731000" lon="-1.338990"><ele>0.0</ele><time>2025-03-07T07:56:03.000Z</time></trkpt>
      <trkpt lat="52.730980" lon="-1.339030"><ele>0.0</ele><time>2025-03-07T07:56:05.000Z</time></trkpt>
      <trkpt lat="52.730930" lon="-1.339050"><ele>0.0</ele><time>2025-03-07T07:56:07.000Z</time></trkpt>
      <trkpt lat="52.730930" lon="-1.339100"><ele>0.0</ele><time>2025-03-07T07:56:09.000Z</time></trkpt>
      <trkpt lat="52.730950" lon="-1.339140"><ele>0.0</ele><time>2025-03-07T07:56:11.000Z</time></trkpt>
      <trkpt lat="52.730910" lon="-1.339160"><ele>0.0</ele><time>2025-03-07T07:56:13.000Z</time></trkpt>
      <trkpt lat="52.730880" lon="-1.339200"><ele>0.0</ele><time>2025-03-07T07:56:15.000Z</time></trkpt>
      <trkpt lat="52.730840" lon="-1.339200"><ele>0.0</ele><time>2025-03-07T07:56:16.000Z</time></trkpt>
      <trkpt lat="52.730790" lon="-1.339210"><ele>0.0</ele><time>2025-03-07T07:56:19.000Z</time></trkpt>
      <trkpt lat="52.730800" lon="-1.339160"><ele>0.0</ele><time>2025-03-07T07:56:22.000Z</time></trkpt>
      <trkpt lat="52.730840" lon="-1.339170"><ele>0.0</ele><time>2025-03-07T07:56:25.000Z</time></trkpt>
      <trkpt lat="52.730790" lon="-1.339170"><ele>0.0</ele><time>2025-03-07T07:56:40.000Z</time></trkpt>
      <trkpt lat="52.730800" lon="-1.339230"><ele>0.0</ele><time>2025-03-07T07:56:44.000Z</time></trkpt>
      <trkpt lat="52.730760" lon="-1.339280"><ele>0.0</ele><time>2025-03-07T07:56:46.000Z</time></trkpt>
      <trkpt lat="52.730720" lon="-1.339320"><ele>0.0</ele><time>2025-03-07T07:56:48.000Z</time></trkpt>
      <trkpt lat="52.730690" lon="-1.339370"><ele>0.0</ele><time>2025-03-07T07:56:50.000Z</time></trkpt>
      <trkpt lat="52.730640" lon="-1.339350"><ele>0.0</ele><time>2025-03-07T07:56:52.000Z</time></trkpt>
      <trkpt lat="52.730590" lon="-1.339330"><ele>0.0</ele><time>2025-03-07T07:56:54.000Z</time></trkpt>
      <trkpt lat="52.730560" lon="-1.339310"><ele>0.0</ele><time>2025-03-07T07:56:55.000Z</time></trkpt>
      <trkpt lat="52.730600" lon="-1.339360"><ele>0.0</ele><time>2025-03-07T07:56:57.000Z</time></trkpt>
      <trkpt lat="52.730610" lon="-1.339410"><ele>0.0</ele><time>2025-03-07T07:56:59.000Z</time></trkpt>
      <trkpt lat="52.730640" lon="-1.339450"><ele>0.0</ele><time>2025-03-07T07:57:02.000Z</time></trkpt>
      <trkpt lat="52.730660" lon="-1.339500"><ele>0.0</ele><time>2025-03-07T07:57:06.000Z</time></trkpt>
      <trkpt lat="52.730690" lon="-1.339560"><ele>0.0</ele><time>2025-03-07T07:57:08.000Z</time></trkpt>
      <trkpt lat="52.730710" lon="-1.339590"><ele>0.0</ele><time>2025-03-07T07:57:10.000Z</time></trkpt>
      <trkpt lat="52.730720" lon="-1.339640"><ele>0.0</ele><time>2025-03-07T07:57:12.000Z</time></trkpt>
      <trkpt lat="52.730750" lon="-1.339690"><ele>0.0</ele><time>2025-03-07T07:57:17.000Z</time></trkpt>
      <trkpt lat="52.730770" lon="-1.339730"><ele>0.0</ele><time>2025-03-07T07:57:19.000Z</time></trkpt>
      <trkpt lat="52.730800" lon="-1.339760"><ele>0.0</ele><time>2025-03-07T07:57:24.000Z</time></trkpt>
      <trkpt lat="52.730820" lon="-1.339820"><ele>0.0</ele><time>2025-03-07T07:57:26.000Z</time></trkpt>
      <trkpt lat="52.730860" lon="-1.339840"><ele>0.0</ele><time>2025-03-07T07:57:29.000Z</time></trkpt>
      <trkpt lat="52.730880" lon="-1.339880"><ele>0.0</ele><time>2025-03-07T07:57:32.000Z</time></trkpt>
      <trkpt lat="52.730920" lon="-1.339900"><ele>0.0</ele><time>2025-03-07T07:57:40.000Z</time></trkpt>
      <trkpt lat="52.730940" lon="-1.339930"><ele>0.0</ele><time>2025-03-07T07:57:51.000Z</time></trkpt>
      <trkpt lat="52.730960" lon="-1.339970"><ele>0.0</ele><time>2025-03-07T07:57:56.000Z</time></trkpt>
      <trkpt lat="52.730990" lon="-1.340010"><ele>0.0</ele><time>2025-03-07T07:57:59.000Z</time></trkpt>
      <trkpt lat="52.731010" lon="-1.340050"><ele>0.0</ele><time>2025-03-07T07:58:02.000Z</time></trkpt>
      <trkpt lat="52.731030" lon="-1.340090"><ele>0.0</ele><time>2025-03-07T07:58:04.000Z</time></trkpt>
      <trkpt lat="52.731060" lon="-1.340120"><ele>0.0</ele><time>2025-03-07T07:58:07.000Z</time></trkpt>
      <trkpt lat="52.731090" lon="-1.340160"><ele>0.0</ele><time>2025-03-07T07:58:10.000Z</time></trkpt>
      <trkpt lat="52.731120" lon="-1.340190"><ele>0.0</ele><time>2025-03-07T07:58:14.000Z</time></trkpt>
      <trkpt lat="52.731150" lon="-1.340230"><ele>0.0</ele><time>2025-03-07T07:58:16.000Z</time></trkpt>
      <trkpt lat="52.731180" lon="-1.340270"><ele>0.0</ele><time>2025-03-07T07:58:19.000Z</time></trkpt>
      <trkpt lat="52.731200" lon="-1.340310"><ele>0.0</ele><time>2025-03-07T07:58:20.000Z</time></trkpt>
      <trkpt lat="52.731230" lon="-1.340360"><ele>0.0</ele><time>2025-03-07T07:58:24.000Z</time></trkpt>
      <trkpt lat="52.731250" lon="-1.340400"><ele>0.0</ele><time>2025-03-07T07:58:27.000Z</time></trkpt>
      <trkpt lat="52.731260" lon="-1.340450"><ele>0.0</ele><time>2025-03-07T07:58:29.000Z</time></trkpt>
      <trkpt lat="52.731290" lon="-1.340500"><ele>0.0</ele><time>2025-03-07T07:58:36.000Z</time></trkpt>
      <trkpt lat="52.731320" lon="-1.340530"><ele>0.0</ele><time>2025-03-07T07:58:40.000Z</time></trkpt>
      <trkpt lat="52.731360" lon="-1.340540"><ele>0.0</ele><time>2025-03-07T07:58:43.000Z</time></trkpt>
      <trkpt lat="52.731380" lon="-1.340560"><ele>0.0</ele><time>2025-03-07T07:58:46.000Z</time></trkpt>
      <trkpt lat="52.731410" lon="-1.340560"><ele>0.0</ele><time>2025-03-07T07:58:58.000Z</time></trkpt>
      <trkpt lat="52.731450" lon="-1.340530"><ele>0.0</ele><time>2025-03-07T07:59:00.000Z</time></trkpt>
      <trkpt lat="52.731490" lon="-1.340560"><ele>0.0</ele><time>2025-03-07T07:59:02.000Z</time></trkpt>
      <trkpt lat="52.731510" lon="-1.340530"><ele>0.0</ele><time>2025-03-07T07:59:04.000Z</time></trkpt>
      <trkpt lat="52.731530" lon="-1.340550"><ele>0.0</ele><time>2025-03-07T07:59:08.000Z</time></trkpt>
      <trkpt lat="52.731560" lon="-1.340580"><ele>0.0</ele><time>2025-03-07T07:59:10.000Z</time></trkpt>
      <trkpt lat="52.731580" lon="-1.340610"><ele>0.0</ele><time>2025-03-07T07:59:13.000Z</time></trkpt>
      <trkpt lat="52.731620" lon="-1.340660"><ele>0.0</ele><time>2025-03-07T07:59:16.000Z</time></trkpt>
      <trkpt lat="52.731650" lon="-1.340710"><ele>0.0</ele><time>2025-03-07T07:59:19.000Z</time></trkpt>
      <trkpt lat="52.731650" lon="-1.340760"><ele>0.0</ele><time>2025-03-07T07:59:21.000Z</time></trkpt>
      <trkpt lat="52.731670" lon="-1.340810"><ele>0.0</ele><time>2025-03-07T07:59:24.000Z</time></trkpt>
      <trkpt lat="52.731680" lon="-1.340840"><ele>0.0</ele><time>2025-03-07T07:59:27.000Z</time></trkpt>
      <trkpt lat="52.731700" lon="-1.340890"><ele>0.0</ele><time>2025-03-07T07:59:29.000Z</time></trkpt>
      <trkpt lat="52.731720" lon="-1.340960"><ele>0.0</ele><time>2025-03-07T07:59:31.000Z</time></trkpt>
      <trkpt lat="52.731730" lon="-1.341000"><ele>0.0</ele><time>2025-03-07T07:59:34.000Z</time></trkpt>
      <trkpt lat="52.731740" lon="-1.341070"><ele>0.0</ele><time>2025-03-07T07:59:36.000Z</time></trkpt>
      <trkpt lat="52.731740" lon="-1.341120"><ele>0.0</ele><time>2025-03-07T07:59:38.000Z</time></trkpt>
      <trkpt lat="52.731750" lon="-1.341180"><ele>0.0</ele><time>2025-03-07T07:59:41.000Z</time></trkpt>
      <trkpt lat="52.731790" lon="-1.341190"><ele>0.0</ele><time>2025-03-07T07:59:44.000Z</time></trkpt>
      <trkpt lat="52.731810" lon="-1.341240"><ele>0.0</ele><time>2025-03-07T07:59:47.000Z</time></trkpt>
      <trkpt lat="52.731830" lon="-1.341290"><ele>0.0</ele><time>2025-03-07T07:59:49.000Z</time></trkpt>
      <trkpt lat="52.731860" lon="-1.341340"><ele>0.0</ele><time>2025-03-07T07:59:51.000Z</time></trkpt>
      <trkpt lat="52.731890" lon="-1.341400"><ele>0.0</ele><time>2025-03-07T07:59:53.000Z</time></trkpt>
      <trkpt lat="52.731910" lon="-1.341450"><ele>0.0</ele><time>2025-03-07T07:59:56.000Z</time></trkpt>
      <trkpt lat="52.731950" lon="-1.341480"><ele>0.0</ele><time>2025-03-07T07:59:58.000Z</time></trkpt>
      <trkpt lat="52.731960" lon="-1.341530"><ele>0.0</ele><time>2025-03-07T08:00:01.000Z</time></trkpt>
      <trkpt lat="52.731970" lon="-1.341590"><ele>0.0</ele><time>2025-03-07T08:00:04.000Z</time></trkpt>
      <trkpt lat="52.732010" lon="-1.341630"><ele>0.0</ele><time>2025-03-07T08:00:07.000Z</time></trkpt>
      <trkpt lat="52.732040" lon="-1.341660"><ele>0.0</ele><time>2025-03-07T08:00:09.000Z</time></trkpt>
      <trkpt lat="52.732070" lon="-1.341700"><ele>0.0</ele><time>2025-03-07T08:00:13.000Z</time></trkpt>
      <trkpt lat="52.732100" lon="-1.341700"><ele>0.0</ele><time>2025-03-07T08:00:14.000Z</time></trkpt>
      <trkpt lat="52.732130" lon="-1.341710"><ele>0.0</ele><time>2025-03-07T08:00:16.000Z</time></trkpt>
      <trkpt lat="52.732180" lon="-1.341750"><ele>0.0</ele><time>2025-03-07T08:00:19.000Z</time></trkpt>
      <trkpt lat="52.732200" lon="-1.341760"><ele>0.0</ele><time>2025-03-07T08:00:21.000Z</time></trkpt>
      <trkpt lat="52.732250" lon="-1.341760"><ele>0.0</ele><time>2025-03-07T08:00:24.000Z</time></trkpt>
      <trkpt lat="52.732290" lon="-1.341770"><ele>0.0</ele><time>2025-03-07T08:00:27.000Z</time></trkpt>
      <trkpt lat="52.732320" lon="-1.341740"><ele>0.0</ele><time>2025-03-07T08:00:30.000Z</time></trkpt>
      <trkpt lat="52.732350" lon="-1.341750"><ele>0.0</ele><time>2025-03-07T08:00:33.000Z</time></trkpt>
      <trkpt lat="52.732390" lon="-1.341750"><ele>0.0</ele><time>2025-03-07T08:00:36.000Z</time></trkpt>
      <trkpt lat="52.732420" lon="-1.341770"><ele>0.0</ele><time>2025-03-07T08:00:42.000Z</time></trkpt>
      <trkpt lat="52.732430" lon="-1.341830"><ele>0.0</ele><time>2025-03-07T08:00:54.000Z</time></trkpt>
      <trkpt lat="52.732440" lon="-1.341880"><ele>0.0</ele><time>2025-03-07T08:01:09.000Z</time></trkpt>
      <trkpt lat="52.732430" lon="-1.341830"><ele>0.0</ele><time>2025-03-07T08:01:12.000Z</time></trkpt>
      <trkpt lat="52.732460" lon="-1.341800"><ele>0.0</ele><time>2025-03-07T08:01:16.000Z</time></trkpt>
      <trkpt lat="52.732480" lon="-1.341850"><ele>0.0</ele><time>2025-03-07T08:01:23.000Z</time></trkpt>
      <trkpt lat="52.732500" lon="-1.341900"><ele>0.0</ele><time>2025-03-07T08:01:25.000Z</time></trkpt>
      <trkpt lat="52.732520" lon="-1.341950"><ele>0.0</ele><time>2025-03-07T08:01:26.000Z</time></trkpt>
      <trkpt lat="52.732530" lon="-1.342010"><ele>0.0</ele><time>2025-03-07T08:01:29.000Z</time></trkpt>
      <trkpt lat="52.732560" lon="-1.342080"><ele>0.0</ele><time>2025-03-07T08:01:32.000Z</time></trkpt>
      <trkpt lat="52.732570" lon="-1.342120"><ele>0.0</ele><time>2025-03-07T08:01:36.000Z</time></trkpt>
      <trkpt lat="52.732580" lon="-1.342170"><ele>0.0</ele><time>2025-03-07T08:01:40.000Z</time></trkpt>
      <trkpt lat="52.732610" lon="-1.342230"><ele>0.0</ele><time>2025-03-07T08:01:45.000Z</time></trkpt>
      <trkpt lat="52.732620" lon="-1.342280"><ele>0.0</ele><time>2025-03-07T08:01:48.000Z</time></trkpt>
      <trkpt lat="52.732600" lon="-1.342310"><ele>0.0</ele><time>2025-03-07T08:01:57.000Z</time></trkpt>
      <trkpt lat="52.732590" lon="-1.342360"><ele>0.0</ele><time>2025-03-07T08:02:31.000Z</time></trkpt>
      <trkpt lat="52.732620" lon="-1.342420"><ele>0.0</ele><time>2025-03-07T08:02:35.000Z</time></trkpt>
      <trkpt lat="52.732630" lon="-1.342470"><ele>0.0</ele><time>2025-03-07T08:02:38.000Z</time></trkpt>
      <trkpt lat="52.732650" lon="-1.342520"><ele>0.0</ele><time>2025-03-07T08:02:45.000Z</time></trkpt>
      <trkpt lat="52.732670" lon="-1.342560"><ele>0.0</ele><time>2025-03-07T08:02:49.000Z</time></trkpt>
      <trkpt lat="52.732680" lon="-1.342620"><ele>0.0</ele><time>2025-03-07T08:02:55.000Z</time></trkpt>
      <trkpt lat="52.732680" lon="-1.342690"><ele>0.0</ele><time>2025-03-07T08:03:00.000Z</time></trkpt>
      <trkpt lat="52.732710" lon="-1.342720"><ele>0.0</ele><time>2025-03-07T08:03:01.000Z</time></trkpt>
      <trkpt lat="52.732740" lon="-1.342750"><ele>0.0</ele><time>2025-03-07T08:03:03.000Z</time></trkpt>
      <trkpt lat="52.732760" lon="-1.342790"><ele>0.0</ele><time>2025-03-07T08:03:05.000Z</time></trkpt>
      <trkpt lat="52.732790" lon="-1.342810"><ele>0.0</ele><time>2025-03-07T08:03:06.000Z</time></trkpt>
      <trkpt lat="52.732800" lon="-1.342890"><ele>0.0</ele><time>2025-03-07T08:03:09.000Z</time></trkpt>
      <trkpt lat="52.732820" lon="-1.342930"><ele>0.0</ele><time>2025-03-07T08:03:12.000Z</time></trkpt>
      <trkpt lat="52.732850" lon="-1.342940"><ele>0.0</ele><time>2025-03-07T08:03:15.000Z</time></trkpt>
      <trkpt lat="52.732880" lon="-1.342970"><ele>0.0</ele><time>2025-03-07T08:03:17.000Z</time></trkpt>
      <trkpt lat="52.732910" lon="-1.343040"><ele>0.0</ele><time>2025-03-07T08:03:23.000Z</time></trkpt>
      <trkpt lat="52.732950" lon="-1.343040"><ele>0.0</ele><time>2025-03-07T08:03:25.000Z</time></trkpt>
      <trkpt lat="52.732970" lon="-1.343080"><ele>0.0</ele><time>2025-03-07T08:03:26.000Z</time></trkpt>
      <trkpt lat="52.732990" lon="-1.343120"><ele>0.0</ele><time>2025-03-07T08:03:34.000Z</time></trkpt>
      <trkpt lat="52.732970" lon="-1.343180"><ele>0.0</ele><time>2025-03-07T08:03:36.000Z</time></trkpt>
      <trkpt lat="52.732970" lon="-1.343250"><ele>0.0</ele><time>2025-03-07T08:03:38.000Z</time></trkpt>
      <trkpt lat="52.733010" lon="-1.343280"><ele>0.0</ele><time>2025-03-07T08:03:41.000Z</time></trkpt>
      <trkpt lat="52.733020" lon="-1.343320"><ele>0.0</ele><time>2025-03-07T08:03:43.000Z</time></trkpt>
      <trkpt lat="52.733060" lon="-1.343350"><ele>0.0</ele><time>2025-03-07T08:03:45.000Z</time></trkpt>
      <trkpt lat="52.733090" lon="-1.343370"><ele>0.0</ele><time>2025-03-07T08:03:46.000Z</time></trkpt>
      <trkpt lat="52.733120" lon="-1.343400"><ele>0.0</ele><time>2025-03-07T08:03:47.000Z</time></trkpt>
      <trkpt lat="52.733130" lon="-1.343360"><ele>0.0</ele><time>2025-03-07T08:03:49.000Z</time></trkpt>
      <trkpt lat="52.733180" lon="-1.343330"><ele>0.0</ele><time>2025-03-07T08:03:55.000Z</time></trkpt>
      <trkpt lat="52.733210" lon="-1.343310"><ele>0.0</ele><time>2025-03-07T08:04:00.000Z</time></trkpt>
      <trkpt lat="52.733250" lon="-1.343300"><ele>0.0</ele><time>2025-03-07T08:04:03.000Z</time></trkpt>
      <trkpt lat="52.733280" lon="-1.343290"><ele>0.0</ele><time>2025-03-07T08:04:07.000Z</time></trkpt>
      <trkpt lat="52.733300" lon="-1.343220"><ele>0.0</ele><time>2025-03-07T08:04:17.000Z</time></trkpt>
      <trkpt lat="52.733330" lon="-1.343200"><ele>0.0</ele><time>2025-03-07T08:04:18.000Z</time></trkpt>
      <trkpt lat="52.733370" lon="-1.343170"><ele>0.0</ele><time>2025-03-07T08:04:20.000Z</time></trkpt>
      <trkpt lat="52.733400" lon="-1.343130"><ele>0.0</ele><time>2025-03-07T08:04:21.000Z</time></trkpt>
      <trkpt lat="52.733450" lon="-1.343160"><ele>0.0</ele><time>2025-03-07T08:04:24.000Z</time></trkpt>
      <trkpt lat="52.733470" lon="-1.343180"><ele>0.0</ele><time>2025-03-07T08:04:26.000Z</time></trkpt>
      <trkpt lat="52.733500" lon="-1.343150"><ele>0.0</ele><time>2025-03-07T08:04:27.000Z</time></trkpt>
      <trkpt lat="52.733520" lon="-1.343210"><ele>0.0</ele><time>2025-03-07T08:04:32.000Z</time></trkpt>
      <trkpt lat="52.733500" lon="-1.343260"><ele>0.0</ele><time>2025-03-07T08:04:33.000Z</time></trkpt>
      <trkpt lat="52.733520" lon="-1.343300"><ele>0.0</ele><time>2025-03-07T08:04:35.000Z</time></trkpt>
      <trkpt lat="52.733550" lon="-1.343330"><ele>0.0</ele><time>2025-03-07T08:04:39.000Z</time></trkpt>
      <trkpt lat="52.733570" lon="-1.343360"><ele>0.0</ele><time>2025-03-07T08:04:40.000Z</time></trkpt>
      <trkpt lat="52.733620" lon="-1.343380"><ele>0.0</ele><time>2025-03-07T08:04:42.000Z</time></trkpt>
      <trkpt lat="52.733650" lon="-1.343410"><ele>0.0</ele><time>2025-03-07T08:04:44.000Z</time></trkpt>
      <trkpt lat="52.733660" lon="-1.343460"><ele>0.0</ele><time>2025-03-07T08:04:46.000Z</time></trkpt>
      <trkpt lat="52.733720" lon="-1.343500"><ele>0.0</ele><time>2025-03-07T08:04:48.000Z</time></trkpt>
      <trkpt lat="52.733710" lon="-1.343550"><ele>0.0</ele><time>2025-03-07T08:04:52.000Z</time></trkpt>
      <trkpt lat="52.733730" lon="-1.343590"><ele>0.0</ele><time>2025-03-07T08:04:53.000Z</time></trkpt>
      <trkpt lat="52.733720" lon="-1.343650"><ele>0.0</ele><time>2025-03-07T08:04:56.000Z</time></trkpt>
      <trkpt lat="52.733750" lon="-1.343700"><ele>0.0</ele><time>2025-03-07T08:04:59.000Z</time></trkpt>
      <trkpt lat="52.733760" lon="-1.343760"><ele>0.0</ele><time>2025-03-07T08:05:02.000Z</time></trkpt>
      <trkpt lat="52.733800" lon="-1.343760"><ele>0.0</ele><time>2025-03-07T08:05:07.000Z</time></trkpt>
      <trkpt lat="52.733830" lon="-1.343780"><ele>0.0</ele><time>2025-03-07T08:05:08.000Z</time></trkpt>
      <trkpt lat="52.733820" lon="-1.343820"><ele>0.0</ele><time>2025-03-07T08:05:09.000Z</time></trkpt>
      <trkpt lat="52.733840" lon="-1.343870"><ele>0.0</ele><time>2025-03-07T08:05:12.000Z</time></trkpt>
      <trkpt lat="52.733880" lon="-1.343930"><ele>0.0</ele><time>2025-03-07T08:05:13.000Z</time></trkpt>
      <trkpt lat="52.733910" lon="-1.343950"><ele>0.0</ele><time>2025-03-07T08:05:14.000Z</time></trkpt>
      <trkpt lat="52.733950" lon="-1.343980"><ele>0.0</ele><time>2025-03-07T08:05:16.000Z</time></trkpt>
      <trkpt lat="52.733940" lon="-1.344030"><ele>0.0</ele><time>2025-03-07T08:05:21.000Z</time></trkpt>
      <trkpt lat="52.733910" lon="-1.344080"><ele>0.0</ele><time>2025-03-07T08:05:24.000Z</time></trkpt>
      <trkpt lat="52.733930" lon="-1.344140"><ele>0.0</ele><time>2025-03-07T08:05:26.000Z</time></trkpt>
      <trkpt lat="52.733910" lon="-1.344130"><ele>0.0</ele><time>2025-03-07T08:05:27.000Z</time></trkpt>
      <trkpt lat="52.733920" lon="-1.344170"><ele>0.0</ele><time>2025-03-07T08:05:29.000Z</time></trkpt>
      <trkpt lat="52.733870" lon="-1.344180"><ele>0.0</ele><time>2025-03-07T08:05:30.000Z</time></trkpt>
      <trkpt lat="52.733850" lon="-1.344210"><ele>0.0</ele><time>2025-03-07T08:05:31.000Z</time></trkpt>
      <trkpt lat="52.733820" lon="-1.344220"><ele>0.0</ele><time>2025-03-07T08:05:32.000Z</time></trkpt>
      <trkpt lat="52.733800" lon="-1.344270"><ele>0.0</ele><time>2025-03-07T08:05:34.000Z</time></trkpt>
      <trkpt lat="52.733820" lon="-1.344310"><ele>0.0</ele><time>2025-03-07T08:05:37.000Z</time></trkpt>
      <trkpt lat="52.733810" lon="-1.344340"><ele>0.0</ele><time>2025-03-07T08:05:40.000Z</time></trkpt>
      <trkpt lat="52.733780" lon="-1.344370"><ele>0.0</ele><time>2025-03-07T08:05:42.000Z</time></trkpt>
      <trkpt lat="52.733790" lon="-1.344420"><ele>0.0</ele><time>2025-03-07T08:05:43.000Z</time></trkpt>
      <trkpt lat="52.733810" lon="-1.344470"><ele>0.0</ele><time>2025-03-07T08:05:45.000Z</time></trkpt>
      <trkpt lat="52.733790" lon="-1.344540"><ele>0.0</ele><time>2025-03-07T08:05:48.000Z</time></trkpt>
      <trkpt lat="52.733810" lon="-1.344600"><ele>0.0</ele><time>2025-03-07T08:05:50.000Z</time></trkpt>
      <trkpt lat="52.733810" lon="-1.344650"><ele>0.0</ele><time>2025-03-07T08:05:52.000Z</time></trkpt>
      <trkpt lat="52.733810" lon="-1.344700"><ele>0.0</ele><time>2025-03-07T08:05:56.000Z</time></trkpt>
      <trkpt lat="52.733840" lon="-1.344770"><ele>0.0</ele><time>2025-03-07T08:05:58.000Z</time></trkpt>
      <trkpt lat="52.733880" lon="-1.344780"><ele>0.0</ele><time>2025-03-07T08:06:04.000Z</time></trkpt>
      <trkpt lat="52.733940" lon="-1.344820"><ele>0.0</ele><time>2025-03-07T08:06:07.000Z</time></trkpt>
      <trkpt lat="52.733980" lon="-1.344870"><ele>0.0</ele><time>2025-03-07T08:06:09.000Z</time></trkpt>
      <trkpt lat="52.733990" lon="-1.344930"><ele>0.0</ele><time>2025-03-07T08:06:15.000Z</time></trkpt>
      <trkpt lat="52.734020" lon="-1.344990"><ele>0.0</ele><time>2025-03-07T08:06:17.000Z</time></trkpt>
      <trkpt lat="52.734050" lon="-1.345030"><ele>0.0</ele><time>2025-03-07T08:06:19.000Z</time></trkpt>
      <trkpt lat="52.734070" lon="-1.345080"><ele>0.0</ele><time>2025-03-07T08:06:21.000Z</time></trkpt>
      <trkpt lat="52.734030" lon="-1.345090"><ele>0.0</ele><time>2025-03-07T08:06:22.000Z</time></trkpt>
      <trkpt lat="52.734060" lon="-1.345130"><ele>0.0</ele><time>2025-03-07T08:06:25.000Z</time></trkpt>
      <trkpt lat="52.734090" lon="-1.345180"><ele>0.0</ele><time>2025-03-07T08:06:26.000Z</time></trkpt>
      <trkpt lat="52.734140" lon="-1.345210"><ele>0.0</ele><time>2025-03-07T08:06:30.000Z</time></trkpt>
      <trkpt lat="52.734160" lon="-1.345250"><ele>0.0</ele><time>2025-03-07T08:06:33.000Z</time></trkpt>
      <trkpt lat="52.734170" lon="-1.345310"><ele>0.0</ele><time>2025-03-07T08:06:39.000Z</time></trkpt>
      <trkpt lat="52.734150" lon="-1.345350"><ele>0.0</ele><time>2025-03-07T08:06:41.000Z</time></trkpt>
      <trkpt lat="52.734110" lon="-1.345350"><ele>0.0</ele><time>2025-03-07T08:06:43.000Z</time></trkpt>
      <trkpt lat="52.734100" lon="-1.345410"><ele>0.0</ele><time>2025-03-07T08:06:44.000Z</time></trkpt>
      <trkpt lat="52.734120" lon="-1.345450"><ele>0.0</ele><time>2025-03-07T08:06:45.000Z</time></trkpt>
      <trkpt lat="52.734150" lon="-1.345530"><ele>0.0</ele><time>2025-03-07T08:06:49.000Z</time></trkpt>
      <trkpt lat="52.734180" lon="-1.345500"><ele>0.0</ele><time>2025-03-07T08:06:50.000Z</time></trkpt>
      <trkpt lat="52.734170" lon="-1.345560"><ele>0.0</ele><time>2025-03-07T08:06:52.000Z</time></trkpt>
      <trkpt lat="52.734200" lon="-1.345610"><ele>0.0</ele><time>2025-03-07T08:06:54.000Z</time></trkpt>
      <trkpt lat="52.734200" lon="-1.345670"><ele>0.0</ele><time>2025-03-07T08:06:55.000Z</time></trkpt>
      <trkpt lat="52.734200" lon="-1.345730"><ele>0.0</ele><time>2025-03-07T08:06:57.000Z</time></trkpt>
      <trkpt lat="52.734240" lon="-1.345710"><ele>0.0</ele><time>2025-03-07T08:06:59.000Z</time></trkpt>
      <trkpt lat="52.734280" lon="-1.345760"><ele>0.0</ele><time>2025-03-07T08:07:03.000Z</time></trkpt>
      <trkpt lat="52.734280" lon="-1.345820"><ele>0.0</ele><time>2025-03-07T08:07:05.000Z</time></trkpt>
      <trkpt lat="52.734330" lon="-1.345840"><ele>0.0</ele><time>2025-03-07T08:07:07.000Z</time></trkpt>
      <trkpt lat="52.734360" lon="-1.345870"><ele>0.0</ele><time>2025-03-07T08:07:09.000Z</time></trkpt>
      <trkpt lat="52.734400" lon="-1.345880"><ele>0.0</ele><time>2025-03-07T08:07:12.000Z</time></trkpt>
      <trkpt lat="52.734380" lon="-1.345940"><ele>0.0</ele><time>2025-03-07T08:07:16.000Z</time></trkpt>
      <trkpt lat="52.734440" lon="-1.346010"><ele>0.0</ele><time>2025-03-07T08:07:17.000Z</time></trkpt>
      <trkpt lat="52.734440" lon="-1.346070"><ele>0.0</ele><time>2025-03-07T08:07:19.000Z</time></trkpt>
      <trkpt lat="52.734470" lon="-1.346080"><ele>0.0</ele><time>2025-03-07T08:07:22.000Z</time></trkpt>
      <trkpt lat="52.734480" lon="-1.346140"><ele>0.0</ele><time>2025-03-07T08:07:25.000Z</time></trkpt>
      <trkpt lat="52.734480" lon="-1.346200"><ele>0.0</ele><time>2025-03-07T08:07:28.000Z</time></trkpt>
      <trkpt lat="52.734520" lon="-1.346250"><ele>0.0</ele><time>2025-03-07T08:07:32.000Z</time></trkpt>
      <trkpt lat="52.734550" lon="-1.346320"><ele>0.0</ele><time>2025-03-07T08:07:35.000Z</time></trkpt>
      <trkpt lat="52.734570" lon="-1.346370"><ele>0.0</ele><time>2025-03-07T08:07:37.000Z</time></trkpt>
      <trkpt lat="52.734590" lon="-1.346400"><ele>0.0</ele><time>2025-03-07T08:07:38.000Z</time></trkpt>
      <trkpt lat="52.734630" lon="-1.346430"><ele>0.0</ele><time>2025-03-07T08:07:40.000Z</time></trkpt>
      <trkpt lat="52.734670" lon="-1.346510"><ele>0.0</ele><time>2025-03-07T08:07:43.000Z</time></trkpt>
      <trkpt lat="52.734620" lon="-1.346550"><ele>0.0</ele><time>2025-03-07T08:07:45.000Z</time></trkpt>
      <trkpt lat="52.734650" lon="-1.346570"><ele>0.0</ele><time>2025-03-07T08:07:48.000Z</time></trkpt>
      <trkpt lat="52.734690" lon="-1.346630"><ele>0.0</ele><time>2025-03-07T08:07:56.000Z</time></trkpt>
      <trkpt lat="52.734670" lon="-1.346660"><ele>0.0</ele><time>2025-03-07T08:07:59.000Z</time></trkpt>
      <trkpt lat="52.734670" lon="-1.346720"><ele>0.0</ele><time>2025-03-07T08:08:03.000Z</time></trkpt>
      <trkpt lat="52.734700" lon="-1.346660"><ele>0.0</ele><time>2025-03-07T08:08:05.000Z</time></trkpt>
      <trkpt lat="52.734730" lon="-1.346650"><ele>0.0</ele><time>2025-03-07T08:08:08.000Z</time></trkpt>
      <trkpt lat="52.734770" lon="-1.346710"><ele>0.0</ele><time>2025-03-07T08:08:12.000Z</time></trkpt>
      <trkpt lat="52.734820" lon="-1.346760"><ele>0.0</ele><time>2025-03-07T08:08:13.000Z</time></trkpt>
      <trkpt lat="52.734850" lon="-1.346780"><ele>0.0</ele><time>2025-03-07T08:08:15.000Z</time></trkpt>
      <trkpt lat="52.734880" lon="-1.346810"><ele>0.0</ele><time>2025-03-07T08:08:18.000Z</time></trkpt>
      <trkpt lat="52.734900" lon="-1.346850"><ele>0.0</ele><time>2025-03-07T08:08:19.000Z</time></trkpt>
      <trkpt lat="52.734940" lon="-1.346850"><ele>0.0</ele><time>2025-03-07T08:08:22.000Z</time></trkpt>
      <trkpt lat="52.734920" lon="-1.346900"><ele>0.0</ele><time>2025-03-07T08:08:24.000Z</time></trkpt>
      <trkpt lat="52.734950" lon="-1.346920"><ele>0.0</ele><time>2025-03-07T08:08:26.000Z</time></trkpt>
      <trkpt lat="52.734990" lon="-1.346920"><ele>0.0</ele><time>2025-03-07T08:08:28.000Z</time></trkpt>
      <trkpt lat="52.735000" lon="-1.346980"><ele>0.0</ele><time>2025-03-07T08:08:29.000Z</time></trkpt>
      <trkpt lat="52.735030" lon="-1.347020"><ele>0.0</ele><time>2025-03-07T08:08:33.000Z</time></trkpt>
      <trkpt lat="52.735050" lon="-1.347000"><ele>0.0</ele><time>2025-03-07T08:08:37.000Z</time></trkpt>
      <trkpt lat="52.735080" lon="-1.347020"><ele>0.0</ele><time>2025-03-07T08:08:40.000Z</time></trkpt>
      <trkpt lat="52.735110" lon="-1.347040"><ele>0.0</ele><time>2025-03-07T08:08:41.000Z</time></trkpt>
      <trkpt lat="52.735140" lon="-1.347110"><ele>0.0</ele><time>2025-03-07T08:08:44.000Z</time></trkpt>
      <trkpt lat="52.735140" lon="-1.347150"><ele>0.0</ele><time>2025-03-07T08:08:47.000Z</time></trkpt>
      <trkpt lat="52.735140" lon="-1.347200"><ele>0.0</ele><time>2025-03-07T08:08:50.000Z</time></trkpt>
      <trkpt lat="52.735140" lon="-1.347250"><ele>0.0</ele><time>2025-03-07T08:08:52.000Z</time></trkpt>
      <trkpt lat="52.735160" lon="-1.347280"><ele>0.0</ele><time>2025-03-07T08:08:54.000Z</time></trkpt>
      <trkpt lat="52.735180" lon="-1.347330"><ele>0.0</ele><time>2025-03-07T08:08:57.000Z</time></trkpt>
      <trkpt lat="52.735220" lon="-1.347380"><ele>0.0</ele><time>2025-03-07T08:09:00.000Z</time></trkpt>
      <trkpt lat="52.735260" lon="-1.347400"><ele>0.0</ele><time>2025-03-07T08:09:01.000Z</time></trkpt>
      <trkpt lat="52.735270" lon="-1.347430"><ele>0.0</ele><time>2025-03-07T08:09:03.000Z</time></trkpt>
      <trkpt lat="52.735310" lon="-1.347440"><ele>0.0</ele><time>2025-03-07T08:09:04.000Z</time></trkpt>
      <trkpt lat="52.735330" lon="-1.347460"><ele>0.0</ele><time>2025-03-07T08:09:07.000Z</time></trkpt>
      <trkpt lat="52.735340" lon="-1.347520"><ele>0.0</ele><time>2025-03-07T08:09:10.000Z</time></trkpt>
      <trkpt lat="52.735330" lon="-1.347590"><ele>0.0</ele><time>2025-03-07T08:09:12.000Z</time></trkpt>
      <trkpt lat="52.735360" lon="-1.347640"><ele>0.0</ele><time>2025-03-07T08:09:14.000Z</time></trkpt>
      <trkpt lat="52.735360" lon="-1.347710"><ele>0.0</ele><time>2025-03-07T08:09:20.000Z</time></trkpt>
      <trkpt lat="52.735380" lon="-1.347790"><ele>0.0</ele><time>2025-03-07T08:09:25.000Z</time></trkpt>
      <trkpt lat="52.735420" lon="-1.347800"><ele>0.0</ele><time>2025-03-07T08:09:30.000Z</time></trkpt>
      <trkpt lat="52.735450" lon="-1.347860"><ele>0.0</ele><time>2025-03-07T08:09:32.000Z</time></trkpt>
      <trkpt lat="52.735470" lon="-1.347910"><ele>0.0</ele><time>2025-03-07T08:09:33.000Z</time></trkpt>
      <trkpt lat="52.735490" lon="-1.347990"><ele>0.0</ele><time>2025-03-07T08:09:36.000Z</time></trkpt>
      <trkpt lat="52.735520" lon="-1.348020"><ele>0.0</ele><time>2025-03-07T08:09:38.000Z</time></trkpt>
      <trkpt lat="52.735550" lon="-1.348040"><ele>0.0</ele><time>2025-03-07T08:09:40.000Z</time></trkpt>
      <trkpt lat="52.735570" lon="-1.348090"><ele>0.0</ele><time>2025-03-07T08:09:44.000Z</time></trkpt>
      <trkpt lat="52.735580" lon="-1.348140"><ele>0.0</ele><time>2025-03-07T08:09:46.000Z</time></trkpt>
      <trkpt lat="52.735570" lon="-1.348190"><ele>0.0</ele><time>2025-03-07T08:09:48.000Z</time></trkpt>
      <trkpt lat="52.735560" lon="-1.348230"><ele>0.0</ele><time>2025-03-07T08:09:52.000Z</time></trkpt>
      <trkpt lat="52.735540" lon="-1.348300"><ele>0.0</ele><time>2025-03-07T08:09:54.000Z</time></trkpt>
      <trkpt lat="52.735570" lon="-1.348320"><ele>0.0</ele><time>2025-03-07T08:09:57.000Z</time></trkpt>
      <trkpt lat="52.735600" lon="-1.348390"><ele>0.0</ele><time>2025-03-07T08:10:00.000Z</time></trkpt>
      <trkpt lat="52.735630" lon="-1.348440"><ele>0.0</ele><time>2025-03-07T08:10:02.000Z</time></trkpt>
      <trkpt lat="52.735670" lon="-1.348590"><ele>0.0</ele><time>2025-03-07T08:10:03.000Z</time></trkpt>
      <trkpt lat="52.735700" lon="-1.348640"><ele>0.0</ele><time>2025-03-07T08:10:04.000Z</time></trkpt>
      <trkpt lat="52.735730" lon="-1.348670"><ele>0.0</ele><time>2025-03-07T08:10:05.000Z</time></trkpt>
      <trkpt lat="52.735760" lon="-1.348710"><ele>0.0</ele><time>2025-03-07T08:10:07.000Z</time></trkpt>
      <trkpt lat="52.735790" lon="-1.348790"><ele>0.0</ele><time>2025-03-07T08:10:23.000Z</time></trkpt>
      <trkpt lat="52.735800" lon="-1.348840"><ele>0.0</ele><time>2025-03-07T08:10:26.000Z</time></trkpt>
      <trkpt lat="52.735800" lon="-1.348890"><ele>0.0</ele><time>2025-03-07T08:10:30.000Z</time></trkpt>
      <trkpt lat="52.735830" lon="-1.348890"><ele>0.0</ele><time>2025-03-07T08:10:31.000Z</time></trkpt>
      <trkpt lat="52.735860" lon="-1.348930"><ele>0.0</ele><time>2025-03-07T08:10:32.000Z</time></trkpt>
      <trkpt lat="52.735890" lon="-1.348980"><ele>0.0</ele><time>2025-03-07T08:10:34.000Z</time></trkpt>
      <trkpt lat="52.735920" lon="-1.349020"><ele>0.0</ele><time>2025-03-07T08:10:37.000Z</time></trkpt>
      <trkpt lat="52.735940" lon="-1.349050"><ele>0.0</ele><time>2025-03-07T08:10:42.000Z</time></trkpt>
      <trkpt lat="52.735940" lon="-1.349120"><ele>0.0</ele><time>2025-03-07T08:10:47.000Z</time></trkpt>
      <trkpt lat="52.735930" lon="-1.349160"><ele>0.0</ele><time>2025-03-07T08:10:50.000Z</time></trkpt>
      <trkpt lat="52.735980" lon="-1.349190"><ele>0.0</ele><time>2025-03-07T08:10:51.000Z</time></trkpt>
      <trkpt lat="52.736000" lon="-1.349250"><ele>0.0</ele><time>2025-03-07T08:10:52.000Z</time></trkpt>
      <trkpt lat="52.736060" lon="-1.349480"><ele>0.0</ele><time>2025-03-07T08:10:55.000Z</time></trkpt>
      <trkpt lat="52.736050" lon="-1.349550"><ele>0.0</ele><time>2025-03-07T08:10:56.000Z</time></trkpt>
      <trkpt lat="52.736070" lon="-1.349620"><ele>0.0</ele><time>2025-03-07T08:10:57.000Z</time></trkpt>
      <trkpt lat="52.736100" lon="-1.349610"><ele>0.0</ele><time>2025-03-07T08:11:02.000Z</time></trkpt>
      <trkpt lat="52.736120" lon="-1.349640"><ele>0.0</ele><time>2025-03-07T08:11:10.000Z</time></trkpt>
      <trkpt lat="52.736140" lon="-1.349670"><ele>0.0</ele><time>2025-03-07T08:11:12.000Z</time></trkpt>
      <trkpt lat="52.736120" lon="-1.349720"><ele>0.0</ele><time>2025-03-07T08:11:14.000Z</time></trkpt>
      <trkpt lat="52.736140" lon="-1.349750"><ele>0.0</ele><time>2025-03-07T08:11:17.000Z</time></trkpt>
      <trkpt lat="52.736190" lon="-1.349780"><ele>0.0</ele><time>2025-03-07T08:11:21.000Z</time></trkpt>
      <trkpt lat="52.736210" lon="-1.349820"><ele>0.0</ele><time>2025-03-07T08:11:25.000Z</time></trkpt>
      <trkpt lat="52.736300" lon="-1.349820"><ele>0.0</ele><time>2025-03-07T08:11:28.000Z</time></trkpt>
      <trkpt lat="52.736330" lon="-1.349820"><ele>0.0</ele><time>2025-03-07T08:11:29.000Z</time></trkpt>
      <trkpt lat="52.736350" lon="-1.349780"><ele>0.0</ele><time>2025-03-07T08:11:32.000Z</time></trkpt>
      <trkpt lat="52.736370" lon="-1.349780"><ele>0.0</ele><time>2025-03-07T08:11:34.000Z</time></trkpt>
      <trkpt lat="52.736410" lon="-1.349790"><ele>0.0</ele><time>2025-03-07T08:11:39.000Z</time></trkpt>
      <trkpt lat="52.736460" lon="-1.349780"><ele>0.0</ele><time>2025-03-07T08:11:41.000Z</time></trkpt>
      <trkpt lat="52.736520" lon="-1.349820"><ele>0.0</ele><time>2025-03-07T08:11:43.000Z</time></trkpt>
      <trkpt lat="52.736550" lon="-1.349840"><ele>0.0</ele><time>2025-03-07T08:11:46.000Z</time></trkpt>
      <trkpt lat="52.736580" lon="-1.349850"><ele>0.0</ele><time>2025-03-07T08:11:48.000Z</time></trkpt>
      <trkpt lat="52.736610" lon="-1.349880"><ele>0.0</ele><time>2025-03-07T08:11:51.000Z</time></trkpt>
      <trkpt lat="52.736650" lon="-1.349900"><ele>0.0</ele><time>2025-03-07T08:11:53.000Z</time></trkpt>
      <trkpt lat="52.736680" lon="-1.349920"><ele>0.0</ele><time>2025-03-07T08:11:55.000Z</time></trkpt>
      <trkpt lat="52.736710" lon="-1.349920"><ele>0.0</ele><time>2025-03-07T08:11:58.000Z</time></trkpt>
      <trkpt lat="52.736750" lon="-1.349900"><ele>0.0</ele><time>2025-03-07T08:12:04.000Z</time></trkpt>
      <trkpt lat="52.736790" lon="-1.349870"><ele>0.0</ele><time>2025-03-07T08:12:07.000Z</time></trkpt>
      <trkpt lat="52.736810" lon="-1.349910"><ele>0.0</ele><time>2025-03-07T08:12:09.000Z</time></trkpt>
      <trkpt lat="52.736850" lon="-1.349920"><ele>0.0</ele><time>2025-03-07T08:12:11.000Z</time></trkpt>
      <trkpt lat="52.736870" lon="-1.349930"><ele>0.0</ele><time>2025-03-07T08:12:13.000Z</time></trkpt>
      <trkpt lat="52.736910" lon="-1.349900"><ele>0.0</ele><time>2025-03-07T08:12:17.000Z</time></trkpt>
      <trkpt lat="52.736930" lon="-1.349870"><ele>0.0</ele><time>2025-03-07T08:12:19.000Z</time></trkpt>
      <trkpt lat="52.736960" lon="-1.349890"><ele>0.0</ele><time>2025-03-07T08:12:34.000Z</time></trkpt>
      <trkpt lat="52.736990" lon="-1.349910"><ele>0.0</ele><time>2025-03-07T08:12:39.000Z</time></trkpt>
      <trkpt lat="52.736990" lon="-1.349920"><ele>0.0</ele><time>2025-03-07T08:12:40.000Z</time></trkpt>
      <trkpt lat="52.736990" lon="-1.349920"><ele>0.0</ele><time>2025-03-07T08:12:42.000Z</time></trkpt>
      <trkpt lat="52.736990" lon="-1.349870"><ele>0.0</ele><time>2025-03-07T08:12:44.000Z</time></trkpt>
      <trkpt lat="52.736960" lon="-1.349870"><ele>0.0</ele><time>2025-03-07T08:13:16.000Z</time></trkpt>
      <trkpt lat="52.736970" lon="-1.349870"><ele>0.0</ele><time>2025-03-07T08:13:20.000Z</time></trkpt>
      <trkpt lat="52.736990" lon="-1.349840"><ele>0.0</ele><time>2025-03-07T08:13:34.000Z</time></trkpt>
      <trkpt lat="52.736960" lon="-1.349820"><ele>0.0</ele><time>2025-03-07T08:13:42.000Z</time></trkpt>
      <trkpt lat="52.736960" lon="-1.349760"><ele>0.0</ele><time>2025-03-07T08:13:49.000Z</time></trkpt>
      <trkpt lat="52.737000" lon="-1.349730"><ele>0.0</ele><time>2025-03-07T08:13:52.000Z</time></trkpt>
      <trkpt lat="52.737010" lon="-1.349800"><ele>0.0</ele><time>2025-03-07T08:13:55.000Z</time></trkpt>
      <trkpt lat="52.737040" lon="-1.349840"><ele>0.0</ele><time>2025-03-07T08:13:58.000Z</time></trkpt>
    </trkseg>
  </trk>
</gpx>
