<?xml version="1.0" encoding="UTF-8"?>
<gpx version="1.1" creator="walkingwithember" xmlns="http://www.topografix.com/GPX/1/1">
  <metadata>
    <name>Walk 2025-05-02</name>
    <time>2025-05-02T11:50:09.000Z</time>
  </metadata>
  <trk>
    <name>Walk 2025-05-02</name>
    <trkseg>
      <trkpt lat="52.736943" lon="-1.349862"><ele>146.7</ele><time>2025-05-02T11:50:09.000Z</time></trkpt>
      <trkpt lat="52.736933" lon="-1.349873"><ele>146.7</ele><time>2025-05-02T11:50:10.000Z</time></trkpt>
      <trkpt lat="52.736923" lon="-1.349881"><ele>146.7</ele><time>2025-05-02T11:50:10.000Z</time></trkpt>
      <trkpt lat="52.736913" lon="-1.349884"><ele>146.7</ele><time>2025-05-02T11:50:11.000Z</time></trkpt>
      <trkpt lat="52.736907" lon="-1.349885"><ele>146.7</ele><time>2025-05-02T11:50:12.000Z</time></trkpt>
      <trkpt lat="52.736907" lon="-1.349885"><ele>146.7</ele><time>2025-05-02T11:50:13.000Z</time></trkpt>
      <trkpt lat="52.736906" lon="-1.349885"><ele>146.7</ele><time>2025-05-02T11:50:14.000Z</time></trkpt>
      <trkpt lat="52.736898" lon="-1.349885"><ele>146.7</ele><time>2025-05-02T11:50:15.000Z</time></trkpt>
      <trkpt lat="52.736885" lon="-1.349885"><ele>146.7</ele><time>2025-05-02T11:50:16.000Z</time></trkpt>
      <trkpt lat="52.736870" lon="-1.349885"><ele>146.7</ele><time>2025-05-02T11:50:17.000Z</time></trkpt>
      <trkpt lat="52.736857" lon="-1.349885"><ele>146.7</ele><time>2025-05-02T11:50:18.000Z</time></trkpt>
      <trkpt lat="52.736845" lon="-1.349888"><ele>146.7</ele><time>2025-05-02T11:50:19.000Z</time></trkpt>
      <trkpt lat="52.736834" lon="-1.349893"><ele>146.8</ele><time>2025-05-02T11:50:20.000Z</time></trkpt>
      <trkpt lat="52.736823" lon="-1.349899"><ele>146.8</ele><time>2025-05-02T11:50:21.000Z</time></trkpt>
      <trkpt lat="52.736813" lon="-1.349907"><ele>146.8</ele><time>2025-05-02T11:50:22.000Z</time></trkpt>
      <trkpt lat="52.736806" lon="-1.349910"><ele>146.8</ele><time>2025-05-02T11:50:23.000Z</time></trkpt>
      <trkpt lat="52.736806" lon="-1.349911"><ele>146.8</ele><time>2025-05-02T11:50:24.000Z</time></trkpt>
      <trkpt lat="52.736807" lon="-1.349910"><ele>146.8</ele><time>2025-05-02T11:50:25.000Z</time></trkpt>
      <trkpt lat="52.736807" lon="-1.349910"><ele>146.9</ele><time>2025-05-02T11:50:27.000Z</time></trkpt>
      <trkpt lat="52.736806" lon="-1.349910"><ele>146.9</ele><time>2025-05-02T11:50:28.000Z</time></trkpt>
      <trkpt lat="52.736806" lon="-1.349911"><ele>146.9</ele><time>2025-05-02T11:50:28.000Z</time></trkpt>
      <trkpt lat="52.736805" lon="-1.349911"><ele>146.9</ele><time>2025-05-02T11:50:29.000Z</time></trkpt>
      <trkpt lat="52.736801" lon="-1.349914"><ele>146.9</ele><time>2025-05-02T11:50:30.000Z</time></trkpt>
      <trkpt lat="52.736795" lon="-1.349923"><ele>146.9</ele><time>2025-05-02T11:50:31.000Z</time></trkpt>
      <trkpt lat="52.736786" lon="-1.349942"><ele>146.8</ele><time>2025-05-02T11:50:32.000Z</time></trkpt>
      <trkpt lat="52.736781" lon="-1.349960"><ele>146.7</ele><time>2025-05-02T11:50:33.000Z</time></trkpt>
      <trkpt lat="52.736779" lon="-1.349981"><ele>146.6</ele><time>2025-05-02T11:50:34.000Z</time></trkpt>
      <trkpt lat="52.736779" lon="-1.350003"><ele>146.5</ele><time>2025-05-02T11:50:35.000Z</time></trkpt>
      <trkpt lat="52.736782" lon="-1.350025"><ele>146.4</ele><time>2025-05-02T11:50:36.000Z</time></trkpt>
      <trkpt lat="52.736785" lon="-1.350047"><ele>146.4</ele><time>2025-05-02T11:50:37.000Z</time></trkpt>
      <trkpt lat="52.736791" lon="-1.350068"><ele>146.3</ele><time>2025-05-02T11:50:38.000Z</time></trkpt>
      <trkpt lat="52.736798" lon="-1.350087"><ele>146.2</ele><time>2025-05-02T11:50:39.000Z</time></trkpt>
      <trkpt lat="52.736806" lon="-1.350106"><ele>146.1</ele><time>2025-05-02T11:50:40.000Z</time></trkpt>
      <trkpt lat="52.736815" lon="-1.350124"><ele>146.0</ele><time>2025-05-02T11:50:41.000Z</time></trkpt>
      <trkpt lat="52.736824" lon="-1.350142"><ele>145.9</ele><time>2025-05-02T11:50:42.000Z</time></trkpt>
      <trkpt lat="52.736831" lon="-1.350160"><ele>145.9</ele><time>2025-05-02T11:50:43.000Z</time></trkpt>
      <trkpt lat="52.736839" lon="-1.350176"><ele>145.8</ele><time>2025-05-02T11:50:44.000Z</time></trkpt>
      <trkpt lat="52.736849" lon="-1.350189"><ele>145.7</ele><time>2025-05-02T11:50:45.000Z</time></trkpt>
      <trkpt lat="52.736859" lon="-1.350201"><ele>145.7</ele><time>2025-05-02T11:50:46.000Z</time></trkpt>
      <trkpt lat="52.736869" lon="-1.350212"><ele>145.6</ele><time>2025-05-02T11:50:47.000Z</time></trkpt>
      <trkpt lat="52.736879" lon="-1.350223"><ele>145.6</ele><time>2025-05-02T11:50:48.000Z</time></trkpt>
      <trkpt lat="52.736888" lon="-1.350233"><ele>145.5</ele><time>2025-05-02T11:50:49.000Z</time></trkpt>
      <trkpt lat="52.736897" lon="-1.350243"><ele>145.4</ele><time>2025-05-02T11:50:50.000Z</time></trkpt>
      <trkpt lat="52.736907" lon="-1.350254"><ele>145.4</ele><time>2025-05-02T11:50:51.000Z</time></trkpt>
      <trkpt lat="52.736917" lon="-1.350265"><ele>145.3</ele><time>2025-05-02T11:50:52.000Z</time></trkpt>
      <trkpt lat="52.736927" lon="-1.350277"><ele>145.3</ele><time>2025-05-02T11:50:53.000Z</time></trkpt>
      <trkpt lat="52.736938" lon="-1.350288"><ele>145.2</ele><time>2025-05-02T11:50:54.000Z</time></trkpt>
      <trkpt lat="52.736950" lon="-1.350299"><ele>145.2</ele><time>2025-05-02T11:50:55.000Z</time></trkpt>
      <trkpt lat="52.736961" lon="-1.350310"><ele>145.2</ele><time>2025-05-02T11:50:56.000Z</time></trkpt>
      <trkpt lat="52.736972" lon="-1.350322"><ele>145.1</ele><time>2025-05-02T11:50:58.000Z</time></trkpt>
      <trkpt lat="52.736983" lon="-1.350333"><ele>145.1</ele><time>2025-05-02T11:50:59.000Z</time></trkpt>
      <trkpt lat="52.736995" lon="-1.350343"><ele>145.1</ele><time>2025-05-02T11:51:00.000Z</time></trkpt>
      <trkpt lat="52.737006" lon="-1.350352"><ele>145.1</ele><time>2025-05-02T11:51:01.000Z</time></trkpt>
      <trkpt lat="52.737017" lon="-1.350362"><ele>145.1</ele><time>2025-05-02T11:51:02.000Z</time></trkpt>
      <trkpt lat="52.737028" lon="-1.350373"><ele>145.1</ele><time>2025-05-02T11:51:03.000Z</time></trkpt>
      <trkpt lat="52.737038" lon="-1.350386"><ele>145.0</ele><time>2025-05-02T11:51:04.000Z</time></trkpt>
      <trkpt lat="52.737049" lon="-1.350400"><ele>145.1</ele><time>2025-05-02T11:51:05.000Z</time></trkpt>
      <trkpt lat="52.737061" lon="-1.350413"><ele>145.1</ele><time>2025-05-02T11:51:06.000Z</time></trkpt>
      <trkpt lat="52.737073" lon="-1.350425"><ele>145.1</ele><time>2025-05-02T11:51:07.000Z</time></trkpt>
      <trkpt lat="52.737084" lon="-1.350435"><ele>145.1</ele><time>2025-05-02T11:51:08.000Z</time></trkpt>
      <trkpt lat="52.737095" lon="-1.350446"><ele>145.1</ele><time>2025-05-02T11:51:09.000Z</time></trkpt>
      <trkpt lat="52.737106" lon="-1.350456"><ele>145.1</ele><time>2025-05-02T11:51:10.000Z</time></trkpt>
      <trkpt lat="52.737117" lon="-1.350467"><ele>145.1</ele><time>2025-05-02T11:51:11.000Z</time></trkpt>
      <trkpt lat="52.737128" lon="-1.350477"><ele>145.1</ele><time>2025-05-02T11:51:12.000Z</time></trkpt>
      <trkpt lat="52.737139" lon="-1.350488"><ele>145.0</ele><time>2025-05-02T11:51:13.000Z</time></trkpt>
      <trkpt lat="52.737150" lon="-1.350497"><ele>145.0</ele><time>2025-05-02T11:51:14.000Z</time></trkpt>
      <trkpt lat="52.737162" lon="-1.350507"><ele>145.0</ele><time>2025-05-02T11:51:15.000Z</time></trkpt>
      <trkpt lat="52.737174" lon="-1.350517"><ele>145.0</ele><time>2025-05-02T11:51:16.000Z</time></trkpt>
      <trkpt lat="52.737186" lon="-1.350526"><ele>144.9</ele><time>2025-05-02T11:51:17.000Z</time></trkpt>
      <trkpt lat="52.737198" lon="-1.350536"><ele>144.9</ele><time>2025-05-02T11:51:18.000Z</time></trkpt>
      <trkpt lat="52.737209" lon="-1.350546"><ele>144.8</ele><time>2025-05-02T11:51:19.000Z</time></trkpt>
      <trkpt lat="52.737222" lon="-1.350556"><ele>144.8</ele><time>2025-05-02T11:51:20.000Z</time></trkpt>
      <trkpt lat="52.737234" lon="-1.350566"><ele>144.7</ele><time>2025-05-02T11:51:21.000Z</time></trkpt>
      <trkpt lat="52.737246" lon="-1.350575"><ele>144.7</ele><time>2025-05-02T11:51:22.000Z</time></trkpt>
      <trkpt lat="52.737259" lon="-1.350584"><ele>144.6</ele><time>2025-05-02T11:51:23.000Z</time></trkpt>
      <trkpt lat="52.737272" lon="-1.350594"><ele>144.6</ele><time>2025-05-02T11:51:24.000Z</time></trkpt>
      <trkpt lat="52.737285" lon="-1.350604"><ele>144.5</ele><time>2025-05-02T11:51:25.000Z</time></trkpt>
      <trkpt lat="52.737299" lon="-1.350613"><ele>144.5</ele><time>2025-05-02T11:51:26.000Z</time></trkpt>
      <trkpt lat="52.737312" lon="-1.350621"><ele>144.4</ele><time>2025-05-02T11:51:27.000Z</time></trkpt>
      <trkpt lat="52.737326" lon="-1.350630"><ele>144.4</ele><time>2025-05-02T11:51:28.000Z</time></trkpt>
      <trkpt lat="52.737339" lon="-1.350638"><ele>144.3</ele><time>2025-05-02T11:51:29.000Z</time></trkpt>
      <trkpt lat="52.737353" lon="-1.350647"><ele>144.2</ele><time>2025-05-02T11:51:30.000Z</time></trkpt>
      <trkpt lat="52.737366" lon="-1.350656"><ele>144.2</ele><time>2025-05-02T11:51:31.000Z</time></trkpt>
      <trkpt lat="52.737380" lon="-1.350666"><ele>144.1</ele><time>2025-05-02T11:51:32.000Z</time></trkpt>
      <trkpt lat="52.737393" lon="-1.350675"><ele>144.1</ele><time>2025-05-02T11:51:33.000Z</time></trkpt>
      <trkpt lat="52.737407" lon="-1.350684"><ele>144.0</ele><time>2025-05-02T11:51:34.000Z</time></trkpt>
      <trkpt lat="52.737421" lon="-1.350692"><ele>143.9</ele><time>2025-05-02T11:51:35.000Z</time></trkpt>
      <trkpt lat="52.737435" lon="-1.350700"><ele>143.9</ele><time>2025-05-02T11:51:36.000Z</time></trkpt>
      <trkpt lat="52.737449" lon="-1.350709"><ele>143.8</ele><time>2025-05-02T11:51:37.000Z</time></trkpt>
      <trkpt lat="52.737462" lon="-1.350719"><ele>143.7</ele><time>2025-05-02T11:51:38.000Z</time></trkpt>
      <trkpt lat="52.737475" lon="-1.350729"><ele>143.6</ele><time>2025-05-02T11:51:39.000Z</time></trkpt>
      <trkpt lat="52.737488" lon="-1.350739"><ele>143.5</ele><time>2025-05-02T11:51:40.000Z</time></trkpt>
      <trkpt lat="52.737501" lon="-1.350747"><ele>143.5</ele><time>2025-05-02T11:51:41.000Z</time></trkpt>
      <trkpt lat="52.737515" lon="-1.350755"><ele>143.4</ele><time>2025-05-02T11:51:42.000Z</time></trkpt>
      <trkpt lat="52.737528" lon="-1.350762"><ele>143.3</ele><time>2025-05-02T11:51:43.000Z</time></trkpt>
      <trkpt lat="52.737541" lon="-1.350769"><ele>143.2</ele><time>2025-05-02T11:51:44.000Z</time></trkpt>
      <trkpt lat="52.737554" lon="-1.350778"><ele>143.1</ele><time>2025-05-02T11:51:45.000Z</time></trkpt>
      <trkpt lat="52.737567" lon="-1.350788"><ele>143.1</ele><time>2025-05-02T11:51:46.000Z</time></trkpt>
      <trkpt lat="52.737580" lon="-1.350797"><ele>143.0</ele><time>2025-05-02T11:51:47.000Z</time></trkpt>
      <trkpt lat="52.737593" lon="-1.350804"><ele>142.9</ele><time>2025-05-02T11:51:48.000Z</time></trkpt>
      <trkpt lat="52.737607" lon="-1.350810"><ele>142.9</ele><time>2025-05-02T11:51:49.000Z</time></trkpt>
      <trkpt lat="52.737620" lon="-1.350816"><ele>142.8</ele><time>2025-05-02T11:51:50.000Z</time></trkpt>
      <trkpt lat="52.737634" lon="-1.350823"><ele>142.8</ele><time>2025-05-02T11:51:51.000Z</time></trkpt>
      <trkpt lat="52.737647" lon="-1.350831"><ele>142.7</ele><time>2025-05-02T11:51:52.000Z</time></trkpt>
      <trkpt lat="52.737659" lon="-1.350841"><ele>142.7</ele><time>2025-05-02T11:51:53.000Z</time></trkpt>
      <trkpt lat="52.737672" lon="-1.350850"><ele>142.6</ele><time>2025-05-02T11:51:54.000Z</time></trkpt>
      <trkpt lat="52.737685" lon="-1.350859"><ele>142.6</ele><time>2025-05-02T11:51:55.000Z</time></trkpt>
      <trkpt lat="52.737698" lon="-1.350868"><ele>142.6</ele><time>2025-05-02T11:51:56.000Z</time></trkpt>
      <trkpt lat="52.737710" lon="-1.350876"><ele>142.5</ele><time>2025-05-02T11:51:57.000Z</time></trkpt>
      <trkpt lat="52.737723" lon="-1.350884"><ele>142.5</ele><time>2025-05-02T11:51:58.000Z</time></trkpt>
      <trkpt lat="52.737736" lon="-1.350891"><ele>142.5</ele><time>2025-05-02T11:51:59.000Z</time></trkpt>
      <trkpt lat="52.737749" lon="-1.350897"><ele>142.5</ele><time>2025-05-02T11:52:00.000Z</time></trkpt>
      <trkpt lat="52.737762" lon="-1.350904"><ele>142.4</ele><time>2025-05-02T11:52:01.000Z</time></trkpt>
      <trkpt lat="52.737775" lon="-1.350910"><ele>142.4</ele><time>2025-05-02T11:52:02.000Z</time></trkpt>
      <trkpt lat="52.737787" lon="-1.350917"><ele>142.4</ele><time>2025-05-02T11:52:03.000Z</time></trkpt>
      <trkpt lat="52.737800" lon="-1.350925"><ele>142.4</ele><time>2025-05-02T11:52:04.000Z</time></trkpt>
      <trkpt lat="52.737812" lon="-1.350932"><ele>142.5</ele><time>2025-05-02T11:52:05.000Z</time></trkpt>
      <trkpt lat="52.737824" lon="-1.350939"><ele>142.5</ele><time>2025-05-02T11:52:06.000Z</time></trkpt>
      <trkpt lat="52.737837" lon="-1.350946"><ele>142.5</ele><time>2025-05-02T11:52:07.000Z</time></trkpt>
      <trkpt lat="52.737849" lon="-1.350953"><ele>142.5</ele><time>2025-05-02T11:52:08.000Z</time></trkpt>
      <trkpt lat="52.737861" lon="-1.350960"><ele>142.5</ele><time>2025-05-02T11:52:09.000Z</time></trkpt>
      <trkpt lat="52.737872" lon="-1.350968"><ele>142.5</ele><time>2025-05-02T11:52:10.000Z</time></trkpt>
      <trkpt lat="52.737884" lon="-1.350977"><ele>142.5</ele><time>2025-05-02T11:52:11.000Z</time></trkpt>
      <trkpt lat="52.737895" lon="-1.350987"><ele>142.5</ele><time>2025-05-02T11:52:12.000Z</time></trkpt>
      <trkpt lat="52.737906" lon="-1.350996"><ele>142.5</ele><time>2025-05-02T11:52:13.000Z</time></trkpt>
      <trkpt lat="52.737918" lon="-1.351006"><ele>142.5</ele><time>2025-05-02T11:52:14.000Z</time></trkpt>
      <trkpt lat="52.737929" lon="-1.351015"><ele>142.4</ele><time>2025-05-02T11:52:15.000Z</time></trkpt>
      <trkpt lat="52.737941" lon="-1.351024"><ele>142.4</ele><time>2025-05-02T11:52:16.000Z</time></trkpt>
      <trkpt lat="52.737953" lon="-1.351033"><ele>142.4</ele><time>2025-05-02T11:52:17.000Z</time></trkpt>
      <trkpt lat="52.737966" lon="-1.351042"><ele>142.4</ele><time>2025-05-02T11:52:18.000Z</time></trkpt>
      <trkpt lat="52.737978" lon="-1.351049"><ele>142.3</ele><time>2025-05-02T11:52:19.000Z</time></trkpt>
      <trkpt lat="52.737991" lon="-1.351057"><ele>142.3</ele><time>2025-05-02T11:52:20.000Z</time></trkpt>
      <trkpt lat="52.738005" lon="-1.351065"><ele>142.2</ele><time>2025-05-02T11:52:21.000Z</time></trkpt>
      <trkpt lat="52.738018" lon="-1.351074"><ele>142.1</ele><time>2025-05-02T11:52:22.000Z</time></trkpt>
      <trkpt lat="52.738031" lon="-1.351083"><ele>142.1</ele><time>2025-05-02T11:52:23.000Z</time></trkpt>
      <trkpt lat="52.738044" lon="-1.351092"><ele>142.0</ele><time>2025-05-02T11:52:24.000Z</time></trkpt>
      <trkpt lat="52.738057" lon="-1.351102"><ele>141.9</ele><time>2025-05-02T11:52:25.000Z</time></trkpt>
      <trkpt lat="52.738070" lon="-1.351113"><ele>141.8</ele><time>2025-05-02T11:52:26.000Z</time></trkpt>
      <trkpt lat="52.738082" lon="-1.351124"><ele>141.7</ele><time>2025-05-02T11:52:27.000Z</time></trkpt>
      <trkpt lat="52.738095" lon="-1.351135"><ele>141.7</ele><time>2025-05-02T11:52:28.000Z</time></trkpt>
      <trkpt lat="52.738108" lon="-1.351145"><ele>141.6</ele><time>2025-05-02T11:52:29.000Z</time></trkpt>
      <trkpt lat="52.738121" lon="-1.351156"><ele>141.5</ele><time>2025-05-02T11:52:30.000Z</time></trkpt>
      <trkpt lat="52.738134" lon="-1.351167"><ele>141.5</ele><time>2025-05-02T11:52:31.000Z</time></trkpt>
      <trkpt lat="52.738147" lon="-1.351177"><ele>141.4</ele><time>2025-05-02T11:52:32.000Z</time></trkpt>
      <trkpt lat="52.738160" lon="-1.351187"><ele>141.4</ele><time>2025-05-02T11:52:33.000Z</time></trkpt>
      <trkpt lat="52.738173" lon="-1.351198"><ele>141.4</ele><time>2025-05-02T11:52:34.000Z</time></trkpt>
      <trkpt lat="52.738185" lon="-1.351209"><ele>141.4</ele><time>2025-05-02T11:52:35.000Z</time></trkpt>
      <trkpt lat="52.738198" lon="-1.351220"><ele>141.4</ele><time>2025-05-02T11:52:36.000Z</time></trkpt>
      <trkpt lat="52.738211" lon="-1.351230"><ele>141.4</ele><time>2025-05-02T11:52:37.000Z</time></trkpt>
      <trkpt lat="52.738224" lon="-1.351240"><ele>141.4</ele><time>2025-05-02T11:52:38.000Z</time></trkpt>
      <trkpt lat="52.738237" lon="-1.351249"><ele>141.4</ele><time>2025-05-02T11:52:39.000Z</time></trkpt>
      <trkpt lat="52.738250" lon="-1.351259"><ele>141.4</ele><time>2025-05-02T11:52:40.000Z</time></trkpt>
      <trkpt lat="52.738263" lon="-1.351269"><ele>141.4</ele><time>2025-05-02T11:52:41.000Z</time></trkpt>
      <trkpt lat="52.738275" lon="-1.351279"><ele>141.4</ele><time>2025-05-02T11:52:42.000Z</time></trkpt>
      <trkpt lat="52.738288" lon="-1.351290"><ele>141.4</ele><time>2025-05-02T11:52:43.000Z</time></trkpt>
      <trkpt lat="52.738301" lon="-1.351301"><ele>141.4</ele><time>2025-05-02T11:52:44.000Z</time></trkpt>
      <trkpt lat="52.738314" lon="-1.351311"><ele>141.4</ele><time>2025-05-02T11:52:45.000Z</time></trkpt>
      <trkpt lat="52.738327" lon="-1.351322"><ele>141.5</ele><time>2025-05-02T11:52:46.000Z</time></trkpt>
      <trkpt lat="52.738339" lon="-1.351333"><ele>141.5</ele><time>2025-05-02T11:52:47.000Z</time></trkpt>
      <trkpt lat="52.738352" lon="-1.351345"><ele>141.5</ele><time>2025-05-02T11:52:48.000Z</time></trkpt>
      <trkpt lat="52.738364" lon="-1.351357"><ele>141.4</ele><time>2025-05-02T11:52:49.000Z</time></trkpt>
      <trkpt lat="52.738377" lon="-1.351370"><ele>141.4</ele><time>2025-05-02T11:52:50.000Z</time></trkpt>
      <trkpt lat="52.738389" lon="-1.351384"><ele>141.4</ele><time>2025-05-02T11:52:51.000Z</time></trkpt>
      <trkpt lat="52.738401" lon="-1.351398"><ele>141.4</ele><time>2025-05-02T11:52:52.000Z</time></trkpt>
      <trkpt lat="52.738413" lon="-1.351412"><ele>141.4</ele><time>2025-05-02T11:52:53.000Z</time></trkpt>
      <trkpt lat="52.738425" lon="-1.351425"><ele>141.3</ele><time>2025-05-02T11:52:54.000Z</time></trkpt>
      <trkpt lat="52.738437" lon="-1.351439"><ele>141.3</ele><time>2025-05-02T11:52:55.000Z</time></trkpt>
      <trkpt lat="52.738449" lon="-1.351453"><ele>141.3</ele><time>2025-05-02T11:52:56.000Z</time></trkpt>
      <trkpt lat="52.738461" lon="-1.351467"><ele>141.2</ele><time>2025-05-02T11:52:57.000Z</time></trkpt>
      <trkpt lat="52.738472" lon="-1.351483"><ele>141.2</ele><time>2025-05-02T11:52:58.000Z</time></trkpt>
      <trkpt lat="52.738483" lon="-1.351499"><ele>141.2</ele><time>2025-05-02T11:52:59.000Z</time></trkpt>
      <trkpt lat="52.738494" lon="-1.351514"><ele>141.2</ele><time>2025-05-02T11:53:00.000Z</time></trkpt>
      <trkpt lat="52.738507" lon="-1.351528"><ele>141.2</ele><time>2025-05-02T11:53:01.000Z</time></trkpt>
      <trkpt lat="52.738519" lon="-1.351541"><ele>141.1</ele><time>2025-05-02T11:53:02.000Z</time></trkpt>
      <trkpt lat="52.738531" lon="-1.351554"><ele>141.1</ele><time>2025-05-02T11:53:03.000Z</time></trkpt>
      <trkpt lat="52.738542" lon="-1.351570"><ele>141.1</ele><time>2025-05-02T11:53:04.000Z</time></trkpt>
      <trkpt lat="52.738553" lon="-1.351585"><ele>141.1</ele><time>2025-05-02T11:53:05.000Z</time></trkpt>
      <trkpt lat="52.738564" lon="-1.351602"><ele>141.0</ele><time>2025-05-02T11:53:06.000Z</time></trkpt>
      <trkpt lat="52.738573" lon="-1.351620"><ele>141.0</ele><time>2025-05-02T11:53:07.000Z</time></trkpt>
      <trkpt lat="52.738580" lon="-1.351641"><ele>141.0</ele><time>2025-05-02T11:53:08.000Z</time></trkpt>
      <trkpt lat="52.738584" lon="-1.351665"><ele>140.9</ele><time>2025-05-02T11:53:09.000Z</time></trkpt>
      <trkpt lat="52.738585" lon="-1.351689"><ele>140.9</ele><time>2025-05-02T11:53:10.000Z</time></trkpt>
      <trkpt lat="52.738582" lon="-1.351714"><ele>140.9</ele><time>2025-05-02T11:53:11.000Z</time></trkpt>
      <trkpt lat="52.738580" lon="-1.351739"><ele>140.8</ele><time>2025-05-02T11:53:12.000Z</time></trkpt>
      <trkpt lat="52.738579" lon="-1.351763"><ele>140.8</ele><time>2025-05-02T11:53:13.000Z</time></trkpt>
      <trkpt lat="52.738580" lon="-1.351787"><ele>140.7</ele><time>2025-05-02T11:53:14.000Z</time></trkpt>
      <trkpt lat="52.738585" lon="-1.351810"><ele>140.7</ele><time>2025-05-02T11:53:15.000Z</time></trkpt>
      <trkpt lat="52.738592" lon="-1.351831"><ele>140.6</ele><time>2025-05-02T11:53:16.000Z</time></trkpt>
      <trkpt lat="52.738602" lon="-1.351849"><ele>140.6</ele><time>2025-05-02T11:53:17.000Z</time></trkpt>
      <trkpt lat="52.738612" lon="-1.351866"><ele>140.6</ele><time>2025-05-02T11:53:18.000Z</time></trkpt>
      <trkpt lat="52.738623" lon="-1.351883"><ele>140.6</ele><time>2025-05-02T11:53:19.000Z</time></trkpt>
      <trkpt lat="52.738633" lon="-1.351899"><ele>140.6</ele><time>2025-05-02T11:53:20.000Z</time></trkpt>
      <trkpt lat="52.738644" lon="-1.351914"><ele>140.5</ele><time>2025-05-02T11:53:21.000Z</time></trkpt>
      <trkpt lat="52.738656" lon="-1.351928"><ele>140.5</ele><time>2025-05-02T11:53:22.000Z</time></trkpt>
      <trkpt lat="52.738668" lon="-1.351941"><ele>140.5</ele><time>2025-05-02T11:53:23.000Z</time></trkpt>
      <trkpt lat="52.738680" lon="-1.351955"><ele>140.6</ele><time>2025-05-02T11:53:24.000Z</time></trkpt>
      <trkpt lat="52.738692" lon="-1.351970"><ele>140.6</ele><time>2025-05-02T11:53:25.000Z</time></trkpt>
      <trkpt lat="52.738702" lon="-1.351987"><ele>140.6</ele><time>2025-05-02T11:53:26.000Z</time></trkpt>
      <trkpt lat="52.738713" lon="-1.352003"><ele>140.6</ele><time>2025-05-02T11:53:27.000Z</time></trkpt>
      <trkpt lat="52.738725" lon="-1.352018"><ele>140.6</ele><time>2025-05-02T11:53:28.000Z</time></trkpt>
      <trkpt lat="52.738736" lon="-1.352033"><ele>140.6</ele><time>2025-05-02T11:53:29.000Z</time></trkpt>
      <trkpt lat="52.738748" lon="-1.352046"><ele>140.6</ele><time>2025-05-02T11:53:30.000Z</time></trkpt>
      <trkpt lat="52.738760" lon="-1.352059"><ele>140.6</ele><time>2025-05-02T11:53:31.000Z</time></trkpt>
      <trkpt lat="52.738773" lon="-1.352070"><ele>140.6</ele><time>2025-05-02T11:53:32.000Z</time></trkpt>
      <trkpt lat="52.738785" lon="-1.352082"><ele>140.6</ele><time>2025-05-02T11:53:33.000Z</time></trkpt>
      <trkpt lat="52.738798" lon="-1.352094"><ele>140.6</ele><time>2025-05-02T11:53:34.000Z</time></trkpt>
      <trkpt lat="52.738810" lon="-1.352106"><ele>140.6</ele><time>2025-05-02T11:53:35.000Z</time></trkpt>
      <trkpt lat="52.738823" lon="-1.352119"><ele>140.6</ele><time>2025-05-02T11:53:36.000Z</time></trkpt>
      <trkpt lat="52.738834" lon="-1.352133"><ele>140.6</ele><time>2025-05-02T11:53:37.000Z</time></trkpt>
      <trkpt lat="52.738844" lon="-1.352150"><ele>140.6</ele><time>2025-05-02T11:53:38.000Z</time></trkpt>
      <trkpt lat="52.738854" lon="-1.352166"><ele>140.6</ele><time>2025-05-02T11:53:39.000Z</time></trkpt>
      <trkpt lat="52.738864" lon="-1.352183"><ele>140.6</ele><time>2025-05-02T11:53:40.000Z</time></trkpt>
      <trkpt lat="52.738875" lon="-1.352198"><ele>140.6</ele><time>2025-05-02T11:53:41.000Z</time></trkpt>
      <trkpt lat="52.738886" lon="-1.352212"><ele>140.6</ele><time>2025-05-02T11:53:42.000Z</time></trkpt>
      <trkpt lat="52.738897" lon="-1.352225"><ele>140.6</ele><time>2025-05-02T11:53:43.000Z</time></trkpt>
      <trkpt lat="52.738909" lon="-1.352239"><ele>140.5</ele><time>2025-05-02T11:53:44.000Z</time></trkpt>
      <trkpt lat="52.738920" lon="-1.352252"><ele>140.5</ele><time>2025-05-02T11:53:45.000Z</time></trkpt>
      <trkpt lat="52.738930" lon="-1.352265"><ele>140.4</ele><time>2025-05-02T11:53:46.000Z</time></trkpt>
      <trkpt lat="52.738941" lon="-1.352278"><ele>140.4</ele><time>2025-05-02T11:53:47.000Z</time></trkpt>
      <trkpt lat="52.738952" lon="-1.352291"><ele>140.4</ele><time>2025-05-02T11:53:48.000Z</time></trkpt>
      <trkpt lat="52.738962" lon="-1.352303"><ele>140.3</ele><time>2025-05-02T11:53:49.000Z</time></trkpt>
      <trkpt lat="52.738972" lon="-1.352315"><ele>140.2</ele><time>2025-05-02T11:53:50.000Z</time></trkpt>
      <trkpt lat="52.738982" lon="-1.352327"><ele>140.2</ele><time>2025-05-02T11:53:51.000Z</time></trkpt>
      <trkpt lat="52.738992" lon="-1.352338"><ele>140.1</ele><time>2025-05-02T11:53:52.000Z</time></trkpt>
      <trkpt lat="52.739002" lon="-1.352350"><ele>140.0</ele><time>2025-05-02T11:53:53.000Z</time></trkpt>
      <trkpt lat="52.739012" lon="-1.352362"><ele>139.9</ele><time>2025-05-02T11:53:54.000Z</time></trkpt>
      <trkpt lat="52.739022" lon="-1.352373"><ele>139.8</ele><time>2025-05-02T11:53:55.000Z</time></trkpt>
      <trkpt lat="52.739033" lon="-1.352385"><ele>139.7</ele><time>2025-05-02T11:53:56.000Z</time></trkpt>
      <trkpt lat="52.739043" lon="-1.352398"><ele>139.6</ele><time>2025-05-02T11:53:57.000Z</time></trkpt>
      <trkpt lat="52.739053" lon="-1.352414"><ele>139.5</ele><time>2025-05-02T11:53:58.000Z</time></trkpt>
      <trkpt lat="52.739062" lon="-1.352430"><ele>139.4</ele><time>2025-05-02T11:53:59.000Z</time></trkpt>
      <trkpt lat="52.739071" lon="-1.352446"><ele>139.3</ele><time>2025-05-02T11:54:00.000Z</time></trkpt>
      <trkpt lat="52.739080" lon="-1.352462"><ele>139.3</ele><time>2025-05-02T11:54:01.000Z</time></trkpt>
      <trkpt lat="52.739090" lon="-1.352477"><ele>139.2</ele><time>2025-05-02T11:54:02.000Z</time></trkpt>
      <trkpt lat="52.739099" lon="-1.352492"><ele>139.1</ele><time>2025-05-02T11:54:03.000Z</time></trkpt>
      <trkpt lat="52.739108" lon="-1.352508"><ele>139.0</ele><time>2025-05-02T11:54:04.000Z</time></trkpt>
      <trkpt lat="52.739117" lon="-1.352525"><ele>138.9</ele><time>2025-05-02T11:54:05.000Z</time></trkpt>
      <trkpt lat="52.739126" lon="-1.352541"><ele>138.9</ele><time>2025-05-02T11:54:06.000Z</time></trkpt>
      <trkpt lat="52.739136" lon="-1.352557"><ele>138.8</ele><time>2025-05-02T11:54:07.000Z</time></trkpt>
      <trkpt lat="52.739146" lon="-1.352573"><ele>138.7</ele><time>2025-05-02T11:54:08.000Z</time></trkpt>
      <trkpt lat="52.739156" lon="-1.352589"><ele>138.7</ele><time>2025-05-02T11:54:09.000Z</time></trkpt>
      <trkpt lat="52.739166" lon="-1.352604"><ele>138.6</ele><time>2025-05-02T11:54:10.000Z</time></trkpt>
      <trkpt lat="52.739176" lon="-1.352620"><ele>138.5</ele><time>2025-05-02T11:54:11.000Z</time></trkpt>
      <trkpt lat="52.739185" lon="-1.352636"><ele>138.5</ele><time>2025-05-02T11:54:12.000Z</time></trkpt>
      <trkpt lat="52.739195" lon="-1.352652"><ele>138.5</ele><time>2025-05-02T11:54:13.000Z</time></trkpt>
      <trkpt lat="52.739205" lon="-1.352668"><ele>138.4</ele><time>2025-05-02T11:54:14.000Z</time></trkpt>
      <trkpt lat="52.739215" lon="-1.352683"><ele>138.4</ele><time>2025-05-02T11:54:15.000Z</time></trkpt>
      <trkpt lat="52.739225" lon="-1.352697"><ele>138.3</ele><time>2025-05-02T11:54:16.000Z</time></trkpt>
      <trkpt lat="52.739236" lon="-1.352711"><ele>138.2</ele><time>2025-05-02T11:54:17.000Z</time></trkpt>
      <trkpt lat="52.739246" lon="-1.352725"><ele>138.2</ele><time>2025-05-02T11:54:18.000Z</time></trkpt>
      <trkpt lat="52.739255" lon="-1.352740"><ele>138.1</ele><time>2025-05-02T11:54:19.000Z</time></trkpt>
      <trkpt lat="52.739265" lon="-1.352757"><ele>138.1</ele><time>2025-05-02T11:54:20.000Z</time></trkpt>
      <trkpt lat="52.739275" lon="-1.352772"><ele>138.0</ele><time>2025-05-02T11:54:21.000Z</time></trkpt>
      <trkpt lat="52.739286" lon="-1.352785"><ele>137.9</ele><time>2025-05-02T11:54:22.000Z</time></trkpt>
      <trkpt lat="52.739298" lon="-1.352797"><ele>137.8</ele><time>2025-05-02T11:54:23.000Z</time></trkpt>
      <trkpt lat="52.739309" lon="-1.352807"><ele>137.7</ele><time>2025-05-02T11:54:24.000Z</time></trkpt>
      <trkpt lat="52.739320" lon="-1.352816"><ele>137.6</ele><time>2025-05-02T11:54:25.000Z</time></trkpt>
      <trkpt lat="52.739331" lon="-1.352823"><ele>137.6</ele><time>2025-05-02T11:54:26.000Z</time></trkpt>
      <trkpt lat="52.739341" lon="-1.352830"><ele>137.5</ele><time>2025-05-02T11:54:27.000Z</time></trkpt>
      <trkpt lat="52.739351" lon="-1.352838"><ele>137.4</ele><time>2025-05-02T11:54:28.000Z</time></trkpt>
      <trkpt lat="52.739362" lon="-1.352848"><ele>137.3</ele><time>2025-05-02T11:54:29.000Z</time></trkpt>
      <trkpt lat="52.739373" lon="-1.352860"><ele>137.2</ele><time>2025-05-02T11:54:30.000Z</time></trkpt>
      <trkpt lat="52.739385" lon="-1.352875"><ele>137.2</ele><time>2025-05-02T11:54:31.000Z</time></trkpt>
      <trkpt lat="52.739397" lon="-1.352891"><ele>137.1</ele><time>2025-05-02T11:54:32.000Z</time></trkpt>
      <trkpt lat="52.739409" lon="-1.352906"><ele>137.1</ele><time>2025-05-02T11:54:33.000Z</time></trkpt>
      <trkpt lat="52.739420" lon="-1.352920"><ele>137.0</ele><time>2025-05-02T11:54:34.000Z</time></trkpt>
      <trkpt lat="52.739432" lon="-1.352934"><ele>137.0</ele><time>2025-05-02T11:54:35.000Z</time></trkpt>
      <trkpt lat="52.739443" lon="-1.352947"><ele>136.9</ele><time>2025-05-02T11:54:36.000Z</time></trkpt>
      <trkpt lat="52.739453" lon="-1.352961"><ele>136.9</ele><time>2025-05-02T11:54:37.000Z</time></trkpt>
      <trkpt lat="52.739462" lon="-1.352975"><ele>136.9</ele><time>2025-05-02T11:54:38.000Z</time></trkpt>
      <trkpt lat="52.739468" lon="-1.352990"><ele>136.9</ele><time>2025-05-02T11:54:39.000Z</time></trkpt>
      <trkpt lat="52.739472" lon="-1.353005"><ele>136.9</ele><time>2025-05-02T11:54:40.000Z</time></trkpt>
      <trkpt lat="52.739474" lon="-1.353022"><ele>136.9</ele><time>2025-05-02T11:54:41.000Z</time></trkpt>
      <trkpt lat="52.739474" lon="-1.353040"><ele>136.9</ele><time>2025-05-02T11:54:42.000Z</time></trkpt>
      <trkpt lat="52.739474" lon="-1.353061"><ele>136.9</ele><time>2025-05-02T11:54:43.000Z</time></trkpt>
      <trkpt lat="52.739473" lon="-1.353083"><ele>136.9</ele><time>2025-05-02T11:54:44.000Z</time></trkpt>
      <trkpt lat="52.739472" lon="-1.353106"><ele>136.9</ele><time>2025-05-02T11:54:45.000Z</time></trkpt>
      <trkpt lat="52.739472" lon="-1.353128"><ele>136.9</ele><time>2025-05-02T11:54:46.000Z</time></trkpt>
      <trkpt lat="52.739472" lon="-1.353150"><ele>136.9</ele><time>2025-05-02T11:54:47.000Z</time></trkpt>
      <trkpt lat="52.739472" lon="-1.353173"><ele>136.9</ele><time>2025-05-02T11:54:48.000Z</time></trkpt>
      <trkpt lat="52.739473" lon="-1.353194"><ele>136.9</ele><time>2025-05-02T11:54:49.000Z</time></trkpt>
      <trkpt lat="52.739474" lon="-1.353216"><ele>136.9</ele><time>2025-05-02T11:54:50.000Z</time></trkpt>
      <trkpt lat="52.739475" lon="-1.353238"><ele>137.0</ele><time>2025-05-02T11:54:51.000Z</time></trkpt>
      <trkpt lat="52.739477" lon="-1.353259"><ele>137.0</ele><time>2025-05-02T11:54:52.000Z</time></trkpt>
      <trkpt lat="52.739481" lon="-1.353281"><ele>137.0</ele><time>2025-05-02T11:54:53.000Z</time></trkpt>
      <trkpt lat="52.739486" lon="-1.353302"><ele>137.0</ele><time>2025-05-02T11:54:54.000Z</time></trkpt>
      <trkpt lat="52.739492" lon="-1.353323"><ele>137.0</ele><time>2025-05-02T11:54:55.000Z</time></trkpt>
      <trkpt lat="52.739499" lon="-1.353343"><ele>137.0</ele><time>2025-05-02T11:54:56.000Z</time></trkpt>
      <trkpt lat="52.739507" lon="-1.353362"><ele>137.0</ele><time>2025-05-02T11:54:57.000Z</time></trkpt>
      <trkpt lat="52.739515" lon="-1.353382"><ele>137.0</ele><time>2025-05-02T11:54:58.000Z</time></trkpt>
      <trkpt lat="52.739523" lon="-1.353402"><ele>136.9</ele><time>2025-05-02T11:54:59.000Z</time></trkpt>
      <trkpt lat="52.739529" lon="-1.353422"><ele>136.9</ele><time>2025-05-02T11:55:00.000Z</time></trkpt>
      <trkpt lat="52.739536" lon="-1.353443"><ele>136.9</ele><time>2025-05-02T11:55:01.000Z</time></trkpt>
      <trkpt lat="52.739542" lon="-1.353464"><ele>136.8</ele><time>2025-05-02T11:55:02.000Z</time></trkpt>
      <trkpt lat="52.739547" lon="-1.353486"><ele>136.8</ele><time>2025-05-02T11:55:03.000Z</time></trkpt>
      <trkpt lat="52.739553" lon="-1.353506"><ele>136.7</ele><time>2025-05-02T11:55:04.000Z</time></trkpt>
      <trkpt lat="52.739559" lon="-1.353527"><ele>136.7</ele><time>2025-05-02T11:55:05.000Z</time></trkpt>
      <trkpt lat="52.739566" lon="-1.353547"><ele>136.6</ele><time>2025-05-02T11:55:06.000Z</time></trkpt>
      <trkpt lat="52.739572" lon="-1.353567"><ele>136.6</ele><time>2025-05-02T11:55:07.000Z</time></trkpt>
      <trkpt lat="52.739578" lon="-1.353588"><ele>136.5</ele><time>2025-05-02T11:55:08.000Z</time></trkpt>
      <trkpt lat="52.739586" lon="-1.353608"><ele>136.5</ele><time>2025-05-02T11:55:09.000Z</time></trkpt>
      <trkpt lat="52.739593" lon="-1.353627"><ele>136.5</ele><time>2025-05-02T11:55:10.000Z</time></trkpt>
      <trkpt lat="52.739602" lon="-1.353645"><ele>136.5</ele><time>2025-05-02T11:55:11.000Z</time></trkpt>
      <trkpt lat="52.739610" lon="-1.353664"><ele>136.5</ele><time>2025-05-02T11:55:12.000Z</time></trkpt>
      <trkpt lat="52.739617" lon="-1.353683"><ele>136.5</ele><time>2025-05-02T11:55:13.000Z</time></trkpt>
      <trkpt lat="52.739623" lon="-1.353702"><ele>136.5</ele><time>2025-05-02T11:55:14.000Z</time></trkpt>
      <trkpt lat="52.739626" lon="-1.353723"><ele>136.6</ele><time>2025-05-02T11:55:15.000Z</time></trkpt>
      <trkpt lat="52.739625" lon="-1.353745"><ele>136.6</ele><time>2025-05-02T11:55:16.000Z</time></trkpt>
      <trkpt lat="52.739623" lon="-1.353767"><ele>136.7</ele><time>2025-05-02T11:55:17.000Z</time></trkpt>
      <trkpt lat="52.739619" lon="-1.353788"><ele>136.7</ele><time>2025-05-02T11:55:18.000Z</time></trkpt>
      <trkpt lat="52.739615" lon="-1.353808"><ele>136.8</ele><time>2025-05-02T11:55:19.000Z</time></trkpt>
      <trkpt lat="52.739610" lon="-1.353829"><ele>136.9</ele><time>2025-05-02T11:55:20.000Z</time></trkpt>
      <trkpt lat="52.739606" lon="-1.353850"><ele>137.0</ele><time>2025-05-02T11:55:21.000Z</time></trkpt>
      <trkpt lat="52.739602" lon="-1.353870"><ele>137.0</ele><time>2025-05-02T11:55:22.000Z</time></trkpt>
      <trkpt lat="52.739598" lon="-1.353891"><ele>137.1</ele><time>2025-05-02T11:55:23.000Z</time></trkpt>
      <trkpt lat="52.739593" lon="-1.353911"><ele>137.2</ele><time>2025-05-02T11:55:24.000Z</time></trkpt>
      <trkpt lat="52.739588" lon="-1.353932"><ele>137.3</ele><time>2025-05-02T11:55:25.000Z</time></trkpt>
      <trkpt lat="52.739584" lon="-1.353953"><ele>137.4</ele><time>2025-05-02T11:55:26.000Z</time></trkpt>
      <trkpt lat="52.739580" lon="-1.353973"><ele>137.5</ele><time>2025-05-02T11:55:27.000Z</time></trkpt>
      <trkpt lat="52.739576" lon="-1.353995"><ele>137.6</ele><time>2025-05-02T11:55:28.000Z</time></trkpt>
      <trkpt lat="52.739574" lon="-1.354016"><ele>137.7</ele><time>2025-05-02T11:55:29.000Z</time></trkpt>
      <trkpt lat="52.739572" lon="-1.354037"><ele>137.7</ele><time>2025-05-02T11:55:30.000Z</time></trkpt>
      <trkpt lat="52.739570" lon="-1.354059"><ele>137.8</ele><time>2025-05-02T11:55:31.000Z</time></trkpt>
      <trkpt lat="52.739570" lon="-1.354079"><ele>137.9</ele><time>2025-05-02T11:55:32.000Z</time></trkpt>
      <trkpt lat="52.739570" lon="-1.354099"><ele>137.9</ele><time>2025-05-02T11:55:33.000Z</time></trkpt>
      <trkpt lat="52.739571" lon="-1.354117"><ele>138.0</ele><time>2025-05-02T11:55:34.000Z</time></trkpt>
      <trkpt lat="52.739572" lon="-1.354136"><ele>138.1</ele><time>2025-05-02T11:55:35.000Z</time></trkpt>
      <trkpt lat="52.739573" lon="-1.354156"><ele>138.2</ele><time>2025-05-02T11:55:36.000Z</time></trkpt>
      <trkpt lat="52.739573" lon="-1.354178"><ele>138.3</ele><time>2025-05-02T11:55:37.000Z</time></trkpt>
      <trkpt lat="52.739573" lon="-1.354200"><ele>138.3</ele><time>2025-05-02T11:55:38.000Z</time></trkpt>
      <trkpt lat="52.739571" lon="-1.354222"><ele>138.4</ele><time>2025-05-02T11:55:39.000Z</time></trkpt>
      <trkpt lat="52.739568" lon="-1.354244"><ele>138.5</ele><time>2025-05-02T11:55:40.000Z</time></trkpt>
      <trkpt lat="52.739564" lon="-1.354266"><ele>138.6</ele><time>2025-05-02T11:55:41.000Z</time></trkpt>
      <trkpt lat="52.739561" lon="-1.354288"><ele>138.7</ele><time>2025-05-02T11:55:42.000Z</time></trkpt>
      <trkpt lat="52.739559" lon="-1.354309"><ele>138.8</ele><time>2025-05-02T11:55:43.000Z</time></trkpt>
      <trkpt lat="52.739557" lon="-1.354330"><ele>138.8</ele><time>2025-05-02T11:55:44.000Z</time></trkpt>
      <trkpt lat="52.739556" lon="-1.354351"><ele>138.9</ele><time>2025-05-02T11:55:45.000Z</time></trkpt>
      <trkpt lat="52.739556" lon="-1.354373"><ele>139.0</ele><time>2025-05-02T11:55:46.000Z</time></trkpt>
      <trkpt lat="52.739556" lon="-1.354395"><ele>139.1</ele><time>2025-05-02T11:55:47.000Z</time></trkpt>
      <trkpt lat="52.739556" lon="-1.354418"><ele>139.2</ele><time>2025-05-02T11:55:48.000Z</time></trkpt>
      <trkpt lat="52.739557" lon="-1.354440"><ele>139.3</ele><time>2025-05-02T11:55:49.000Z</time></trkpt>
      <trkpt lat="52.739558" lon="-1.354462"><ele>139.3</ele><time>2025-05-02T11:55:50.000Z</time></trkpt>
      <trkpt lat="52.739557" lon="-1.354484"><ele>139.4</ele><time>2025-05-02T11:55:51.000Z</time></trkpt>
      <trkpt lat="52.739557" lon="-1.354506"><ele>139.4</ele><time>2025-05-02T11:55:52.000Z</time></trkpt>
      <trkpt lat="52.739556" lon="-1.354526"><ele>139.4</ele><time>2025-05-02T11:55:53.000Z</time></trkpt>
      <trkpt lat="52.739555" lon="-1.354545"><ele>139.4</ele><time>2025-05-02T11:55:54.000Z</time></trkpt>
      <trkpt lat="52.739555" lon="-1.354561"><ele>139.4</ele><time>2025-05-02T11:55:55.000Z</time></trkpt>
      <trkpt lat="52.739556" lon="-1.354569"><ele>139.4</ele><time>2025-05-02T11:55:56.000Z</time></trkpt>
      <trkpt lat="52.739558" lon="-1.354571"><ele>139.4</ele><time>2025-05-02T11:55:57.000Z</time></trkpt>
      <trkpt lat="52.739562" lon="-1.354575"><ele>139.4</ele><time>2025-05-02T11:55:58.000Z</time></trkpt>
      <trkpt lat="52.739568" lon="-1.354588"><ele>139.4</ele><time>2025-05-02T11:55:59.000Z</time></trkpt>
      <trkpt lat="52.739574" lon="-1.354608"><ele>139.3</ele><time>2025-05-02T11:56:00.000Z</time></trkpt>
      <trkpt lat="52.739581" lon="-1.354629"><ele>139.3</ele><time>2025-05-02T11:56:01.000Z</time></trkpt>
      <trkpt lat="52.739588" lon="-1.354649"><ele>139.3</ele><time>2025-05-02T11:56:02.000Z</time></trkpt>
      <trkpt lat="52.739593" lon="-1.354670"><ele>139.2</ele><time>2025-05-02T11:56:03.000Z</time></trkpt>
      <trkpt lat="52.739596" lon="-1.354690"><ele>139.2</ele><time>2025-05-02T11:56:04.000Z</time></trkpt>
      <trkpt lat="52.739599" lon="-1.354709"><ele>139.2</ele><time>2025-05-02T11:56:05.000Z</time></trkpt>
      <trkpt lat="52.739603" lon="-1.354728"><ele>139.2</ele><time>2025-05-02T11:56:06.000Z</time></trkpt>
      <trkpt lat="52.739608" lon="-1.354746"><ele>139.2</ele><time>2025-05-02T11:56:07.000Z</time></trkpt>
      <trkpt lat="52.739614" lon="-1.354764"><ele>139.1</ele><time>2025-05-02T11:56:08.000Z</time></trkpt>
      <trkpt lat="52.739620" lon="-1.354783"><ele>139.1</ele><time>2025-05-02T11:56:09.000Z</time></trkpt>
      <trkpt lat="52.739625" lon="-1.354803"><ele>139.1</ele><time>2025-05-02T11:56:10.000Z</time></trkpt>
      <trkpt lat="52.739629" lon="-1.354825"><ele>139.1</ele><time>2025-05-02T11:56:11.000Z</time></trkpt>
      <trkpt lat="52.739633" lon="-1.354847"><ele>139.1</ele><time>2025-05-02T11:56:12.000Z</time></trkpt>
      <trkpt lat="52.739638" lon="-1.354868"><ele>139.1</ele><time>2025-05-02T11:56:13.000Z</time></trkpt>
      <trkpt lat="52.739643" lon="-1.354890"><ele>139.1</ele><time>2025-05-02T11:56:14.000Z</time></trkpt>
      <trkpt lat="52.739650" lon="-1.354910"><ele>139.1</ele><time>2025-05-02T11:56:15.000Z</time></trkpt>
      <trkpt lat="52.739659" lon="-1.354928"><ele>139.0</ele><time>2025-05-02T11:56:16.000Z</time></trkpt>
      <trkpt lat="52.739669" lon="-1.354944"><ele>139.0</ele><time>2025-05-02T11:56:17.000Z</time></trkpt>
      <trkpt lat="52.739681" lon="-1.354958"><ele>139.0</ele><time>2025-05-02T11:56:18.000Z</time></trkpt>
      <trkpt lat="52.739693" lon="-1.354970"><ele>139.0</ele><time>2025-05-02T11:56:19.000Z</time></trkpt>
      <trkpt lat="52.739705" lon="-1.354983"><ele>138.9</ele><time>2025-05-02T11:56:20.000Z</time></trkpt>
      <trkpt lat="52.739717" lon="-1.354997"><ele>138.9</ele><time>2025-05-02T11:56:21.000Z</time></trkpt>
      <trkpt lat="52.739729" lon="-1.355010"><ele>138.9</ele><time>2025-05-02T11:56:22.000Z</time></trkpt>
      <trkpt lat="52.739741" lon="-1.355022"><ele>138.8</ele><time>2025-05-02T11:56:23.000Z</time></trkpt>
      <trkpt lat="52.739753" lon="-1.355035"><ele>138.8</ele><time>2025-05-02T11:56:24.000Z</time></trkpt>
      <trkpt lat="52.739764" lon="-1.355048"><ele>138.7</ele><time>2025-05-02T11:56:25.000Z</time></trkpt>
      <trkpt lat="52.739775" lon="-1.355060"><ele>138.7</ele><time>2025-05-02T11:56:26.000Z</time></trkpt>
      <trkpt lat="52.739787" lon="-1.355072"><ele>138.7</ele><time>2025-05-02T11:56:27.000Z</time></trkpt>
      <trkpt lat="52.739799" lon="-1.355084"><ele>138.6</ele><time>2025-05-02T11:56:28.000Z</time></trkpt>
      <trkpt lat="52.739811" lon="-1.355096"><ele>138.6</ele><time>2025-05-02T11:56:29.000Z</time></trkpt>
      <trkpt lat="52.739824" lon="-1.355108"><ele>138.5</ele><time>2025-05-02T11:56:30.000Z</time></trkpt>
      <trkpt lat="52.739836" lon="-1.355119"><ele>138.5</ele><time>2025-05-02T11:56:31.000Z</time></trkpt>
      <trkpt lat="52.739848" lon="-1.355131"><ele>138.4</ele><time>2025-05-02T11:56:32.000Z</time></trkpt>
      <trkpt lat="52.739860" lon="-1.355142"><ele>138.3</ele><time>2025-05-02T11:56:33.000Z</time></trkpt>
      <trkpt lat="52.739871" lon="-1.355155"><ele>138.3</ele><time>2025-05-02T11:56:34.000Z</time></trkpt>
      <trkpt lat="52.739882" lon="-1.355169"><ele>138.2</ele><time>2025-05-02T11:56:35.000Z</time></trkpt>
      <trkpt lat="52.739893" lon="-1.355184"><ele>138.1</ele><time>2025-05-02T11:56:36.000Z</time></trkpt>
      <trkpt lat="52.739903" lon="-1.355200"><ele>138.1</ele><time>2025-05-02T11:56:37.000Z</time></trkpt>
      <trkpt lat="52.739913" lon="-1.355215"><ele>138.0</ele><time>2025-05-02T11:56:38.000Z</time></trkpt>
      <trkpt lat="52.739921" lon="-1.355231"><ele>138.0</ele><time>2025-05-02T11:56:39.000Z</time></trkpt>
      <trkpt lat="52.739928" lon="-1.355248"><ele>138.0</ele><time>2025-05-02T11:56:40.000Z</time></trkpt>
      <trkpt lat="52.739933" lon="-1.355267"><ele>137.9</ele><time>2025-05-02T11:56:41.000Z</time></trkpt>
      <trkpt lat="52.739938" lon="-1.355287"><ele>137.9</ele><time>2025-05-02T11:56:42.000Z</time></trkpt>
      <trkpt lat="52.739943" lon="-1.355307"><ele>137.9</ele><time>2025-05-02T11:56:43.000Z</time></trkpt>
      <trkpt lat="52.739948" lon="-1.355325"><ele>137.9</ele><time>2025-05-02T11:56:44.000Z</time></trkpt>
      <trkpt lat="52.739954" lon="-1.355341"><ele>138.0</ele><time>2025-05-02T11:56:45.000Z</time></trkpt>
      <trkpt lat="52.739957" lon="-1.355358"><ele>138.0</ele><time>2025-05-02T11:56:46.000Z</time></trkpt>
      <trkpt lat="52.739956" lon="-1.355378"><ele>138.1</ele><time>2025-05-02T11:56:47.000Z</time></trkpt>
      <trkpt lat="52.739949" lon="-1.355400"><ele>138.1</ele><time>2025-05-02T11:56:48.000Z</time></trkpt>
      <trkpt lat="52.739940" lon="-1.355422"><ele>138.2</ele><time>2025-05-02T11:56:49.000Z</time></trkpt>
      <trkpt lat="52.739930" lon="-1.355443"><ele>138.4</ele><time>2025-05-02T11:56:50.000Z</time></trkpt>
      <trkpt lat="52.739921" lon="-1.355464"><ele>138.5</ele><time>2025-05-02T11:56:51.000Z</time></trkpt>
      <trkpt lat="52.739912" lon="-1.355485"><ele>138.6</ele><time>2025-05-02T11:56:52.000Z</time></trkpt>
      <trkpt lat="52.739904" lon="-1.355506"><ele>138.8</ele><time>2025-05-02T11:56:53.000Z</time></trkpt>
      <trkpt lat="52.739895" lon="-1.355526"><ele>139.0</ele><time>2025-05-02T11:56:54.000Z</time></trkpt>
      <trkpt lat="52.739885" lon="-1.355545"><ele>139.2</ele><time>2025-05-02T11:56:55.000Z</time></trkpt>
      <trkpt lat="52.739876" lon="-1.355564"><ele>139.4</ele><time>2025-05-02T11:56:56.000Z</time></trkpt>
      <trkpt lat="52.739867" lon="-1.355583"><ele>139.6</ele><time>2025-05-02T11:56:57.000Z</time></trkpt>
      <trkpt lat="52.739858" lon="-1.355601"><ele>139.9</ele><time>2025-05-02T11:56:58.000Z</time></trkpt>
      <trkpt lat="52.739849" lon="-1.355619"><ele>140.2</ele><time>2025-05-02T11:56:59.000Z</time></trkpt>
      <trkpt lat="52.739839" lon="-1.355636"><ele>140.4</ele><time>2025-05-02T11:57:00.000Z</time></trkpt>
      <trkpt lat="52.739829" lon="-1.355650"><ele>140.7</ele><time>2025-05-02T11:57:01.000Z</time></trkpt>
      <trkpt lat="52.739817" lon="-1.355663"><ele>140.9</ele><time>2025-05-02T11:57:02.000Z</time></trkpt>
      <trkpt lat="52.739806" lon="-1.355676"><ele>141.2</ele><time>2025-05-02T11:57:03.000Z</time></trkpt>
      <trkpt lat="52.739794" lon="-1.355689"><ele>141.4</ele><time>2025-05-02T11:57:04.000Z</time></trkpt>
      <trkpt lat="52.739783" lon="-1.355702"><ele>141.6</ele><time>2025-05-02T11:57:05.000Z</time></trkpt>
      <trkpt lat="52.739771" lon="-1.355715"><ele>141.7</ele><time>2025-05-02T11:57:06.000Z</time></trkpt>
      <trkpt lat="52.739759" lon="-1.355729"><ele>141.9</ele><time>2025-05-02T11:57:07.000Z</time></trkpt>
      <trkpt lat="52.739747" lon="-1.355742"><ele>142.0</ele><time>2025-05-02T11:57:08.000Z</time></trkpt>
      <trkpt lat="52.739736" lon="-1.355756"><ele>142.1</ele><time>2025-05-02T11:57:09.000Z</time></trkpt>
      <trkpt lat="52.739724" lon="-1.355769"><ele>142.1</ele><time>2025-05-02T11:57:10.000Z</time></trkpt>
      <trkpt lat="52.739712" lon="-1.355781"><ele>142.2</ele><time>2025-05-02T11:57:11.000Z</time></trkpt>
      <trkpt lat="52.739699" lon="-1.355791"><ele>142.2</ele><time>2025-05-02T11:57:12.000Z</time></trkpt>
      <trkpt lat="52.739685" lon="-1.355799"><ele>142.2</ele><time>2025-05-02T11:57:13.000Z</time></trkpt>
      <trkpt lat="52.739671" lon="-1.355807"><ele>142.2</ele><time>2025-05-02T11:57:14.000Z</time></trkpt>
      <trkpt lat="52.739657" lon="-1.355816"><ele>142.1</ele><time>2025-05-02T11:57:15.000Z</time></trkpt>
      <trkpt lat="52.739644" lon="-1.355825"><ele>142.0</ele><time>2025-05-02T11:57:16.000Z</time></trkpt>
      <trkpt lat="52.739631" lon="-1.355835"><ele>142.0</ele><time>2025-05-02T11:57:17.000Z</time></trkpt>
      <trkpt lat="52.739618" lon="-1.355846"><ele>141.9</ele><time>2025-05-02T11:57:18.000Z</time></trkpt>
      <trkpt lat="52.739605" lon="-1.355857"><ele>141.8</ele><time>2025-05-02T11:57:19.000Z</time></trkpt>
      <trkpt lat="52.739592" lon="-1.355868"><ele>141.7</ele><time>2025-05-02T11:57:20.000Z</time></trkpt>
      <trkpt lat="52.739579" lon="-1.355879"><ele>141.6</ele><time>2025-05-02T11:57:21.000Z</time></trkpt>
      <trkpt lat="52.739567" lon="-1.355890"><ele>141.5</ele><time>2025-05-02T11:57:22.000Z</time></trkpt>
      <trkpt lat="52.739554" lon="-1.355902"><ele>141.5</ele><time>2025-05-02T11:57:23.000Z</time></trkpt>
      <trkpt lat="52.739542" lon="-1.355913"><ele>141.4</ele><time>2025-05-02T11:57:24.000Z</time></trkpt>
      <trkpt lat="52.739530" lon="-1.355925"><ele>141.3</ele><time>2025-05-02T11:57:25.000Z</time></trkpt>
      <trkpt lat="52.739518" lon="-1.355936"><ele>141.2</ele><time>2025-05-02T11:57:26.000Z</time></trkpt>
      <trkpt lat="52.739505" lon="-1.355947"><ele>141.2</ele><time>2025-05-02T11:57:27.000Z</time></trkpt>
      <trkpt lat="52.739493" lon="-1.355958"><ele>141.2</ele><time>2025-05-02T11:57:28.000Z</time></trkpt>
      <trkpt lat="52.739480" lon="-1.355969"><ele>141.2</ele><time>2025-05-02T11:57:29.000Z</time></trkpt>
      <trkpt lat="52.739468" lon="-1.355979"><ele>141.2</ele><time>2025-05-02T11:57:30.000Z</time></trkpt>
      <trkpt lat="52.739456" lon="-1.355989"><ele>141.2</ele><time>2025-05-02T11:57:31.000Z</time></trkpt>
      <trkpt lat="52.739444" lon="-1.355999"><ele>141.3</ele><time>2025-05-02T11:57:32.000Z</time></trkpt>
      <trkpt lat="52.739432" lon="-1.356010"><ele>141.3</ele><time>2025-05-02T11:57:33.000Z</time></trkpt>
      <trkpt lat="52.739420" lon="-1.356021"><ele>141.3</ele><time>2025-05-02T11:57:34.000Z</time></trkpt>
      <trkpt lat="52.739407" lon="-1.356030"><ele>141.4</ele><time>2025-05-02T11:57:35.000Z</time></trkpt>
      <trkpt lat="52.739395" lon="-1.356040"><ele>141.4</ele><time>2025-05-02T11:57:36.000Z</time></trkpt>
      <trkpt lat="52.739383" lon="-1.356051"><ele>141.4</ele><time>2025-05-02T11:57:37.000Z</time></trkpt>
      <trkpt lat="52.739372" lon="-1.356064"><ele>141.5</ele><time>2025-05-02T11:57:38.000Z</time></trkpt>
      <trkpt lat="52.739360" lon="-1.356077"><ele>141.5</ele><time>2025-05-02T11:57:39.000Z</time></trkpt>
      <trkpt lat="52.739348" lon="-1.356088"><ele>141.6</ele><time>2025-05-02T11:57:40.000Z</time></trkpt>
      <trkpt lat="52.739336" lon="-1.356097"><ele>141.6</ele><time>2025-05-02T11:57:41.000Z</time></trkpt>
      <trkpt lat="52.739323" lon="-1.356104"><ele>141.6</ele><time>2025-05-02T11:57:42.000Z</time></trkpt>
      <trkpt lat="52.739311" lon="-1.356110"><ele>141.7</ele><time>2025-05-02T11:57:43.000Z</time></trkpt>
      <trkpt lat="52.739299" lon="-1.356118"><ele>141.7</ele><time>2025-05-02T11:57:44.000Z</time></trkpt>
      <trkpt lat="52.739286" lon="-1.356128"><ele>141.7</ele><time>2025-05-02T11:57:45.000Z</time></trkpt>
      <trkpt lat="52.739272" lon="-1.356139"><ele>141.7</ele><time>2025-05-02T11:57:46.000Z</time></trkpt>
      <trkpt lat="52.739258" lon="-1.356149"><ele>141.7</ele><time>2025-05-02T11:57:47.000Z</time></trkpt>
      <trkpt lat="52.739245" lon="-1.356158"><ele>141.7</ele><time>2025-05-02T11:57:48.000Z</time></trkpt>
      <trkpt lat="52.739231" lon="-1.356168"><ele>141.7</ele><time>2025-05-02T11:57:49.000Z</time></trkpt>
      <trkpt lat="52.739218" lon="-1.356178"><ele>141.7</ele><time>2025-05-02T11:57:50.000Z</time></trkpt>
      <trkpt lat="52.739205" lon="-1.356188"><ele>141.6</ele><time>2025-05-02T11:57:51.000Z</time></trkpt>
      <trkpt lat="52.739191" lon="-1.356197"><ele>141.6</ele><time>2025-05-02T11:57:52.000Z</time></trkpt>
      <trkpt lat="52.739176" lon="-1.356205"><ele>141.6</ele><time>2025-05-02T11:57:53.000Z</time></trkpt>
      <trkpt lat="52.739161" lon="-1.356210"><ele>141.5</ele><time>2025-05-02T11:57:54.000Z</time></trkpt>
      <trkpt lat="52.739146" lon="-1.356215"><ele>141.5</ele><time>2025-05-02T11:57:55.000Z</time></trkpt>
      <trkpt lat="52.739131" lon="-1.356217"><ele>141.5</ele><time>2025-05-02T11:57:56.000Z</time></trkpt>
      <trkpt lat="52.739116" lon="-1.356217"><ele>141.4</ele><time>2025-05-02T11:57:57.000Z</time></trkpt>
      <trkpt lat="52.739102" lon="-1.356217"><ele>141.4</ele><time>2025-05-02T11:57:58.000Z</time></trkpt>
      <trkpt lat="52.739087" lon="-1.356218"><ele>141.4</ele><time>2025-05-02T11:57:59.000Z</time></trkpt>
      <trkpt lat="52.739072" lon="-1.356218"><ele>141.3</ele><time>2025-05-02T11:58:00.000Z</time></trkpt>
      <trkpt lat="52.739058" lon="-1.356218"><ele>141.3</ele><time>2025-05-02T11:58:01.000Z</time></trkpt>
      <trkpt lat="52.739043" lon="-1.356219"><ele>141.3</ele><time>2025-05-02T11:58:02.000Z</time></trkpt>
      <trkpt lat="52.739029" lon="-1.356220"><ele>141.2</ele><time>2025-05-02T11:58:03.000Z</time></trkpt>
      <trkpt lat="52.739014" lon="-1.356222"><ele>141.2</ele><time>2025-05-02T11:58:04.000Z</time></trkpt>
      <trkpt lat="52.739000" lon="-1.356223"><ele>141.2</ele><time>2025-05-02T11:58:05.000Z</time></trkpt>
      <trkpt lat="52.738986" lon="-1.356224"><ele>141.3</ele><time>2025-05-02T11:58:06.000Z</time></trkpt>
      <trkpt lat="52.738972" lon="-1.356226"><ele>141.3</ele><time>2025-05-02T11:58:07.000Z</time></trkpt>
      <trkpt lat="52.738958" lon="-1.356227"><ele>141.3</ele><time>2025-05-02T11:58:08.000Z</time></trkpt>
      <trkpt lat="52.738943" lon="-1.356229"><ele>141.4</ele><time>2025-05-02T11:58:09.000Z</time></trkpt>
      <trkpt lat="52.738929" lon="-1.356230"><ele>141.4</ele><time>2025-05-02T11:58:10.000Z</time></trkpt>
      <trkpt lat="52.738915" lon="-1.356231"><ele>141.5</ele><time>2025-05-02T11:58:11.000Z</time></trkpt>
      <trkpt lat="52.738901" lon="-1.356232"><ele>141.5</ele><time>2025-05-02T11:58:12.000Z</time></trkpt>
      <trkpt lat="52.738887" lon="-1.356232"><ele>141.6</ele><time>2025-05-02T11:58:13.000Z</time></trkpt>
      <trkpt lat="52.738872" lon="-1.356231"><ele>141.7</ele><time>2025-05-02T11:58:14.000Z</time></trkpt>
      <trkpt lat="52.738858" lon="-1.356230"><ele>141.8</ele><time>2025-05-02T11:58:15.000Z</time></trkpt>
      <trkpt lat="52.738844" lon="-1.356230"><ele>141.9</ele><time>2025-05-02T11:58:16.000Z</time></trkpt>
      <trkpt lat="52.738830" lon="-1.356230"><ele>141.9</ele><time>2025-05-02T11:58:17.000Z</time></trkpt>
      <trkpt lat="52.738816" lon="-1.356231"><ele>142.0</ele><time>2025-05-02T11:58:18.000Z</time></trkpt>
      <trkpt lat="52.738802" lon="-1.356233"><ele>142.0</ele><time>2025-05-02T11:58:19.000Z</time></trkpt>
      <trkpt lat="52.738788" lon="-1.356237"><ele>142.1</ele><time>2025-05-02T11:58:20.000Z</time></trkpt>
      <trkpt lat="52.738775" lon="-1.356242"><ele>142.1</ele><time>2025-05-02T11:58:21.000Z</time></trkpt>
      <trkpt lat="52.738762" lon="-1.356250"><ele>142.1</ele><time>2025-05-02T11:58:22.000Z</time></trkpt>
      <trkpt lat="52.738749" lon="-1.356259"><ele>142.1</ele><time>2025-05-02T11:58:23.000Z</time></trkpt>
      <trkpt lat="52.738738" lon="-1.356270"><ele>142.1</ele><time>2025-05-02T11:58:24.000Z</time></trkpt>
      <trkpt lat="52.738727" lon="-1.356284"><ele>142.1</ele><time>2025-05-02T11:58:25.000Z</time></trkpt>
      <trkpt lat="52.738717" lon="-1.356300"><ele>142.1</ele><time>2025-05-02T11:58:26.000Z</time></trkpt>
      <trkpt lat="52.738707" lon="-1.356315"><ele>142.1</ele><time>2025-05-02T11:58:27.000Z</time></trkpt>
      <trkpt lat="52.738697" lon="-1.356329"><ele>142.1</ele><time>2025-05-02T11:58:28.000Z</time></trkpt>
      <trkpt lat="52.738686" lon="-1.356343"><ele>142.0</ele><time>2025-05-02T11:58:29.000Z</time></trkpt>
      <trkpt lat="52.738676" lon="-1.356357"><ele>142.0</ele><time>2025-05-02T11:58:30.000Z</time></trkpt>
      <trkpt lat="52.738666" lon="-1.356373"><ele>142.0</ele><time>2025-05-02T11:58:31.000Z</time></trkpt>
      <trkpt lat="52.738657" lon="-1.356390"><ele>142.0</ele><time>2025-05-02T11:58:32.000Z</time></trkpt>
      <trkpt lat="52.738647" lon="-1.356406"><ele>142.0</ele><time>2025-05-02T11:58:33.000Z</time></trkpt>
      <trkpt lat="52.738637" lon="-1.356421"><ele>141.9</ele><time>2025-05-02T11:58:34.000Z</time></trkpt>
      <trkpt lat="52.738627" lon="-1.356437"><ele>141.9</ele><time>2025-05-02T11:58:35.000Z</time></trkpt>
      <trkpt lat="52.738618" lon="-1.356454"><ele>141.9</ele><time>2025-05-02T11:58:36.000Z</time></trkpt>
      <trkpt lat="52.738609" lon="-1.356471"><ele>141.9</ele><time>2025-05-02T11:58:37.000Z</time></trkpt>
      <trkpt lat="52.738600" lon="-1.356488"><ele>141.9</ele><time>2025-05-02T11:58:38.000Z</time></trkpt>
      <trkpt lat="52.738592" lon="-1.356506"><ele>141.9</ele><time>2025-05-02T11:58:39.000Z</time></trkpt>
      <trkpt lat="52.738583" lon="-1.356523"><ele>141.9</ele><time>2025-05-02T11:58:40.000Z</time></trkpt>
      <trkpt lat="52.738575" lon="-1.356540"><ele>141.9</ele><time>2025-05-02T11:58:41.000Z</time></trkpt>
      <trkpt lat="52.738566" lon="-1.356557"><ele>141.9</ele><time>2025-05-02T11:58:42.000Z</time></trkpt>
      <trkpt lat="52.738558" lon="-1.356574"><ele>141.9</ele><time>2025-05-02T11:58:43.000Z</time></trkpt>
      <trkpt lat="52.738549" lon="-1.356590"><ele>141.9</ele><time>2025-05-02T11:58:44.000Z</time></trkpt>
      <trkpt lat="52.738540" lon="-1.356605"><ele>141.9</ele><time>2025-05-02T11:58:45.000Z</time></trkpt>
      <trkpt lat="52.738531" lon="-1.356619"><ele>142.0</ele><time>2025-05-02T11:58:46.000Z</time></trkpt>
      <trkpt lat="52.738522" lon="-1.356631"><ele>142.0</ele><time>2025-05-02T11:58:47.000Z</time></trkpt>
      <trkpt lat="52.738513" lon="-1.356641"><ele>142.0</ele><time>2025-05-02T11:58:48.000Z</time></trkpt>
      <trkpt lat="52.738503" lon="-1.356651"><ele>142.1</ele><time>2025-05-02T11:58:49.000Z</time></trkpt>
      <trkpt lat="52.738494" lon="-1.356661"><ele>142.1</ele><time>2025-05-02T11:58:50.000Z</time></trkpt>
      <trkpt lat="52.738484" lon="-1.356673"><ele>142.2</ele><time>2025-05-02T11:58:51.000Z</time></trkpt>
      <trkpt lat="52.738474" lon="-1.356688"><ele>142.3</ele><time>2025-05-02T11:58:52.000Z</time></trkpt>
      <trkpt lat="52.738464" lon="-1.356705"><ele>142.4</ele><time>2025-05-02T11:58:53.000Z</time></trkpt>
      <trkpt lat="52.738455" lon="-1.356724"><ele>142.4</ele><time>2025-05-02T11:58:54.000Z</time></trkpt>
      <trkpt lat="52.738446" lon="-1.356743"><ele>142.5</ele><time>2025-05-02T11:58:55.000Z</time></trkpt>
      <trkpt lat="52.738436" lon="-1.356762"><ele>142.5</ele><time>2025-05-02T11:58:56.000Z</time></trkpt>
      <trkpt lat="52.738427" lon="-1.356780"><ele>142.6</ele><time>2025-05-02T11:58:57.000Z</time></trkpt>
      <trkpt lat="52.738417" lon="-1.356797"><ele>142.6</ele><time>2025-05-02T11:58:58.000Z</time></trkpt>
      <trkpt lat="52.738407" lon="-1.356813"><ele>142.6</ele><time>2025-05-02T11:58:59.000Z</time></trkpt>
      <trkpt lat="52.738397" lon="-1.356829"><ele>142.6</ele><time>2025-05-02T11:59:00.000Z</time></trkpt>
      <trkpt lat="52.738387" lon="-1.356845"><ele>142.7</ele><time>2025-05-02T11:59:01.000Z</time></trkpt>
      <trkpt lat="52.738378" lon="-1.356861"><ele>142.7</ele><time>2025-05-02T11:59:02.000Z</time></trkpt>
      <trkpt lat="52.738368" lon="-1.356877"><ele>142.7</ele><time>2025-05-02T11:59:03.000Z</time></trkpt>
      <trkpt lat="52.738359" lon="-1.356893"><ele>142.7</ele><time>2025-05-02T11:59:04.000Z</time></trkpt>
      <trkpt lat="52.738350" lon="-1.356910"><ele>142.8</ele><time>2025-05-02T11:59:05.000Z</time></trkpt>
      <trkpt lat="52.738342" lon="-1.356928"><ele>142.8</ele><time>2025-05-02T11:59:06.000Z</time></trkpt>
      <trkpt lat="52.738334" lon="-1.356944"><ele>142.8</ele><time>2025-05-02T11:59:07.000Z</time></trkpt>
      <trkpt lat="52.738327" lon="-1.356960"><ele>142.9</ele><time>2025-05-02T11:59:08.000Z</time></trkpt>
      <trkpt lat="52.738321" lon="-1.356976"><ele>142.9</ele><time>2025-05-02T11:59:09.000Z</time></trkpt>
      <trkpt lat="52.738314" lon="-1.356993"><ele>143.0</ele><time>2025-05-02T11:59:10.000Z</time></trkpt>
      <trkpt lat="52.738305" lon="-1.357011"><ele>143.0</ele><time>2025-05-02T11:59:11.000Z</time></trkpt>
      <trkpt lat="52.738296" lon="-1.357029"><ele>143.0</ele><time>2025-05-02T11:59:12.000Z</time></trkpt>
      <trkpt lat="52.738287" lon="-1.357045"><ele>143.1</ele><time>2025-05-02T11:59:13.000Z</time></trkpt>
      <trkpt lat="52.738277" lon="-1.357061"><ele>143.1</ele><time>2025-05-02T11:59:14.000Z</time></trkpt>
      <trkpt lat="52.738267" lon="-1.357078"><ele>143.1</ele><time>2025-05-02T11:59:15.000Z</time></trkpt>
      <trkpt lat="52.738257" lon="-1.357093"><ele>143.2</ele><time>2025-05-02T11:59:16.000Z</time></trkpt>
      <trkpt lat="52.738246" lon="-1.357108"><ele>143.2</ele><time>2025-05-02T11:59:17.000Z</time></trkpt>
      <trkpt lat="52.738235" lon="-1.357122"><ele>143.2</ele><time>2025-05-02T11:59:18.000Z</time></trkpt>
      <trkpt lat="52.738224" lon="-1.357136"><ele>143.1</ele><time>2025-05-02T11:59:19.000Z</time></trkpt>
      <trkpt lat="52.738214" lon="-1.357150"><ele>143.1</ele><time>2025-05-02T11:59:20.000Z</time></trkpt>
      <trkpt lat="52.738204" lon="-1.357163"><ele>143.1</ele><time>2025-05-02T11:59:21.000Z</time></trkpt>
      <trkpt lat="52.738196" lon="-1.357176"><ele>143.1</ele><time>2025-05-02T11:59:22.000Z</time></trkpt>
      <trkpt lat="52.738188" lon="-1.357188"><ele>143.0</ele><time>2025-05-02T11:59:23.000Z</time></trkpt>
      <trkpt lat="52.738181" lon="-1.357202"><ele>143.0</ele><time>2025-05-02T11:59:24.000Z</time></trkpt>
      <trkpt lat="52.738171" lon="-1.357217"><ele>142.9</ele><time>2025-05-02T11:59:25.000Z</time></trkpt>
      <trkpt lat="52.738161" lon="-1.357232"><ele>142.9</ele><time>2025-05-02T11:59:26.000Z</time></trkpt>
      <trkpt lat="52.738149" lon="-1.357247"><ele>142.8</ele><time>2025-05-02T11:59:27.000Z</time></trkpt>
      <trkpt lat="52.738137" lon="-1.357260"><ele>142.8</ele><time>2025-05-02T11:59:28.000Z</time></trkpt>
      <trkpt lat="52.738125" lon="-1.357273"><ele>142.7</ele><time>2025-05-02T11:59:29.000Z</time></trkpt>
      <trkpt lat="52.738113" lon="-1.357286"><ele>142.7</ele><time>2025-05-02T11:59:30.000Z</time></trkpt>
      <trkpt lat="52.738101" lon="-1.357299"><ele>142.6</ele><time>2025-05-02T11:59:31.000Z</time></trkpt>
      <trkpt lat="52.738089" lon="-1.357312"><ele>142.6</ele><time>2025-05-02T11:59:32.000Z</time></trkpt>
      <trkpt lat="52.738078" lon="-1.357326"><ele>142.6</ele><time>2025-05-02T11:59:33.000Z</time></trkpt>
      <trkpt lat="52.738067" lon="-1.357341"><ele>142.5</ele><time>2025-05-02T11:59:34.000Z</time></trkpt>
      <trkpt lat="52.738059" lon="-1.357358"><ele>142.5</ele><time>2025-05-02T11:59:35.000Z</time></trkpt>
      <trkpt lat="52.738053" lon="-1.357376"><ele>142.4</ele><time>2025-05-02T11:59:36.000Z</time></trkpt>
      <trkpt lat="52.738051" lon="-1.357397"><ele>142.4</ele><time>2025-05-02T11:59:37.000Z</time></trkpt>
      <trkpt lat="52.738052" lon="-1.357420"><ele>142.3</ele><time>2025-05-02T11:59:38.000Z</time></trkpt>
      <trkpt lat="52.738054" lon="-1.357442"><ele>142.3</ele><time>2025-05-02T11:59:39.000Z</time></trkpt>
      <trkpt lat="52.738055" lon="-1.357462"><ele>142.3</ele><time>2025-05-02T11:59:40.000Z</time></trkpt>
      <trkpt lat="52.738052" lon="-1.357481"><ele>142.2</ele><time>2025-05-02T11:59:41.000Z</time></trkpt>
      <trkpt lat="52.738045" lon="-1.357498"><ele>142.2</ele><time>2025-05-02T11:59:42.000Z</time></trkpt>
      <trkpt lat="52.738034" lon="-1.357514"><ele>142.2</ele><time>2025-05-02T11:59:43.000Z</time></trkpt>
      <trkpt lat="52.738022" lon="-1.357529"><ele>142.2</ele><time>2025-05-02T11:59:44.000Z</time></trkpt>
      <trkpt lat="52.738010" lon="-1.357542"><ele>142.2</ele><time>2025-05-02T11:59:45.000Z</time></trkpt>
      <trkpt lat="52.737998" lon="-1.357555"><ele>142.2</ele><time>2025-05-02T11:59:46.000Z</time></trkpt>
      <trkpt lat="52.737985" lon="-1.357566"><ele>142.2</ele><time>2025-05-02T11:59:47.000Z</time></trkpt>
      <trkpt lat="52.737972" lon="-1.357576"><ele>142.3</ele><time>2025-05-02T11:59:48.000Z</time></trkpt>
      <trkpt lat="52.737959" lon="-1.357585"><ele>142.3</ele><time>2025-05-02T11:59:49.000Z</time></trkpt>
      <trkpt lat="52.737946" lon="-1.357592"><ele>142.3</ele><time>2025-05-02T11:59:50.000Z</time></trkpt>
      <trkpt lat="52.737932" lon="-1.357597"><ele>142.4</ele><time>2025-05-02T11:59:51.000Z</time></trkpt>
      <trkpt lat="52.737918" lon="-1.357599"><ele>142.4</ele><time>2025-05-02T11:59:52.000Z</time></trkpt>
      <trkpt lat="52.737904" lon="-1.357601"><ele>142.5</ele><time>2025-05-02T11:59:53.000Z</time></trkpt>
      <trkpt lat="52.737889" lon="-1.357600"><ele>142.5</ele><time>2025-05-02T11:59:54.000Z</time></trkpt>
      <trkpt lat="52.737875" lon="-1.357599"><ele>142.6</ele><time>2025-05-02T11:59:55.000Z</time></trkpt>
      <trkpt lat="52.737860" lon="-1.357597"><ele>142.6</ele><time>2025-05-02T11:59:56.000Z</time></trkpt>
      <trkpt lat="52.737845" lon="-1.357593"><ele>142.7</ele><time>2025-05-02T11:59:57.000Z</time></trkpt>
      <trkpt lat="52.737831" lon="-1.357589"><ele>142.7</ele><time>2025-05-02T11:59:58.000Z</time></trkpt>
      <trkpt lat="52.737816" lon="-1.357586"><ele>142.8</ele><time>2025-05-02T11:59:59.000Z</time></trkpt>
      <trkpt lat="52.737801" lon="-1.357583"><ele>142.8</ele><time>2025-05-02T12:00:00.000Z</time></trkpt>
      <trkpt lat="52.737786" lon="-1.357581"><ele>142.8</ele><time>2025-05-02T12:00:01.000Z</time></trkpt>
      <trkpt lat="52.737772" lon="-1.357579"><ele>142.9</ele><time>2025-05-02T12:00:02.000Z</time></trkpt>
      <trkpt lat="52.737758" lon="-1.357577"><ele>142.9</ele><time>2025-05-02T12:00:03.000Z</time></trkpt>
      <trkpt lat="52.737744" lon="-1.357575"><ele>142.9</ele><time>2025-05-02T12:00:04.000Z</time></trkpt>
      <trkpt lat="52.737731" lon="-1.357572"><ele>142.9</ele><time>2025-05-02T12:00:05.000Z</time></trkpt>
      <trkpt lat="52.737717" lon="-1.357567"><ele>142.9</ele><time>2025-05-02T12:00:06.000Z</time></trkpt>
      <trkpt lat="52.737703" lon="-1.357561"><ele>143.0</ele><time>2025-05-02T12:00:07.000Z</time></trkpt>
      <trkpt lat="52.737690" lon="-1.357555"><ele>143.0</ele><time>2025-05-02T12:00:08.000Z</time></trkpt>
      <trkpt lat="52.737677" lon="-1.357548"><ele>143.0</ele><time>2025-05-02T12:00:09.000Z</time></trkpt>
      <trkpt lat="52.737664" lon="-1.357540"><ele>143.0</ele><time>2025-05-02T12:00:10.000Z</time></trkpt>
      <trkpt lat="52.737651" lon="-1.357532"><ele>143.0</ele><time>2025-05-02T12:00:11.000Z</time></trkpt>
      <trkpt lat="52.737638" lon="-1.357525"><ele>143.1</ele><time>2025-05-02T12:00:12.000Z</time></trkpt>
      <trkpt lat="52.737625" lon="-1.357518"><ele>143.1</ele><time>2025-05-02T12:00:13.000Z</time></trkpt>
      <trkpt lat="52.737612" lon="-1.357513"><ele>143.1</ele><time>2025-05-02T12:00:14.000Z</time></trkpt>
      <trkpt lat="52.737599" lon="-1.357507"><ele>143.2</ele><time>2025-05-02T12:00:15.000Z</time></trkpt>
      <trkpt lat="52.737586" lon="-1.357499"><ele>143.2</ele><time>2025-05-02T12:00:16.000Z</time></trkpt>
      <trkpt lat="52.737573" lon="-1.357491"><ele>143.3</ele><time>2025-05-02T12:00:17.000Z</time></trkpt>
      <trkpt lat="52.737561" lon="-1.357483"><ele>143.3</ele><time>2025-05-02T12:00:18.000Z</time></trkpt>
      <trkpt lat="52.737548" lon="-1.357474"><ele>143.4</ele><time>2025-05-02T12:00:19.000Z</time></trkpt>
      <trkpt lat="52.737535" lon="-1.357467"><ele>143.4</ele><time>2025-05-02T12:00:20.000Z</time></trkpt>
      <trkpt lat="52.737522" lon="-1.357462"><ele>143.5</ele><time>2025-05-02T12:00:21.000Z</time></trkpt>
      <trkpt lat="52.737509" lon="-1.357460"><ele>143.5</ele><time>2025-05-02T12:00:22.000Z</time></trkpt>
      <trkpt lat="52.737495" lon="-1.357461"><ele>143.6</ele><time>2025-05-02T12:00:23.000Z</time></trkpt>
      <trkpt lat="52.737481" lon="-1.357464"><ele>143.7</ele><time>2025-05-02T12:00:24.000Z</time></trkpt>
      <trkpt lat="52.737466" lon="-1.357467"><ele>143.8</ele><time>2025-05-02T12:00:25.000Z</time></trkpt>
      <trkpt lat="52.737452" lon="-1.357470"><ele>143.9</ele><time>2025-05-02T12:00:26.000Z</time></trkpt>
      <trkpt lat="52.737437" lon="-1.357471"><ele>144.0</ele><time>2025-05-02T12:00:27.000Z</time></trkpt>
      <trkpt lat="52.737423" lon="-1.357470"><ele>144.1</ele><time>2025-05-02T12:00:28.000Z</time></trkpt>
      <trkpt lat="52.737408" lon="-1.357468"><ele>144.2</ele><time>2025-05-02T12:00:29.000Z</time></trkpt>
      <trkpt lat="52.737393" lon="-1.357464"><ele>144.4</ele><time>2025-05-02T12:00:30.000Z</time></trkpt>
      <trkpt lat="52.737377" lon="-1.357461"><ele>144.5</ele><time>2025-05-02T12:00:31.000Z</time></trkpt>
      <trkpt lat="52.737362" lon="-1.357458"><ele>144.7</ele><time>2025-05-02T12:00:32.000Z</time></trkpt>
      <trkpt lat="52.737347" lon="-1.357455"><ele>144.8</ele><time>2025-05-02T12:00:33.000Z</time></trkpt>
      <trkpt lat="52.737331" lon="-1.357452"><ele>144.9</ele><time>2025-05-02T12:00:34.000Z</time></trkpt>
      <trkpt lat="52.737315" lon="-1.357449"><ele>145.0</ele><time>2025-05-02T12:00:35.000Z</time></trkpt>
      <trkpt lat="52.737299" lon="-1.357446"><ele>145.1</ele><time>2025-05-02T12:00:36.000Z</time></trkpt>
      <trkpt lat="52.737284" lon="-1.357445"><ele>145.2</ele><time>2025-05-02T12:00:37.000Z</time></trkpt>
      <trkpt lat="52.737268" lon="-1.357444"><ele>145.3</ele><time>2025-05-02T12:00:38.000Z</time></trkpt>
      <trkpt lat="52.737253" lon="-1.357446"><ele>145.4</ele><time>2025-05-02T12:00:39.000Z</time></trkpt>
      <trkpt lat="52.737238" lon="-1.357449"><ele>145.4</ele><time>2025-05-02T12:00:40.000Z</time></trkpt>
      <trkpt lat="52.737223" lon="-1.357455"><ele>145.5</ele><time>2025-05-02T12:00:41.000Z</time></trkpt>
      <trkpt lat="52.737209" lon="-1.357463"><ele>145.5</ele><time>2025-05-02T12:00:42.000Z</time></trkpt>
      <trkpt lat="52.737196" lon="-1.357475"><ele>145.5</ele><time>2025-05-02T12:00:43.000Z</time></trkpt>
      <trkpt lat="52.737183" lon="-1.357488"><ele>145.5</ele><time>2025-05-02T12:00:44.000Z</time></trkpt>
      <trkpt lat="52.737170" lon="-1.357498"><ele>145.5</ele><time>2025-05-02T12:00:45.000Z</time></trkpt>
      <trkpt lat="52.737156" lon="-1.357506"><ele>145.5</ele><time>2025-05-02T12:00:46.000Z</time></trkpt>
      <trkpt lat="52.737142" lon="-1.357514"><ele>145.5</ele><time>2025-05-02T12:00:47.000Z</time></trkpt>
      <trkpt lat="52.737129" lon="-1.357522"><ele>145.4</ele><time>2025-05-02T12:00:48.000Z</time></trkpt>
      <trkpt lat="52.737115" lon="-1.357530"><ele>145.4</ele><time>2025-05-02T12:00:49.000Z</time></trkpt>
      <trkpt lat="52.737102" lon="-1.357537"><ele>145.4</ele><time>2025-05-02T12:00:50.000Z</time></trkpt>
      <trkpt lat="52.737089" lon="-1.357542"><ele>145.4</ele><time>2025-05-02T12:00:51.000Z</time></trkpt>
      <trkpt lat="52.737075" lon="-1.357546"><ele>145.3</ele><time>2025-05-02T12:00:52.000Z</time></trkpt>
      <trkpt lat="52.737061" lon="-1.357550"><ele>145.3</ele><time>2025-05-02T12:00:53.000Z</time></trkpt>
      <trkpt lat="52.737048" lon="-1.357554"><ele>145.2</ele><time>2025-05-02T12:00:54.000Z</time></trkpt>
      <trkpt lat="52.737034" lon="-1.357557"><ele>145.2</ele><time>2025-05-02T12:00:55.000Z</time></trkpt>
      <trkpt lat="52.737021" lon="-1.357560"><ele>145.1</ele><time>2025-05-02T12:00:56.000Z</time></trkpt>
      <trkpt lat="52.737008" lon="-1.357565"><ele>145.1</ele><time>2025-05-02T12:00:57.000Z</time></trkpt>
      <trkpt lat="52.736995" lon="-1.357570"><ele>145.1</ele><time>2025-05-02T12:00:58.000Z</time></trkpt>
      <trkpt lat="52.736982" lon="-1.357574"><ele>145.0</ele><time>2025-05-02T12:00:59.000Z</time></trkpt>
      <trkpt lat="52.736970" lon="-1.357578"><ele>145.0</ele><time>2025-05-02T12:01:00.000Z</time></trkpt>
      <trkpt lat="52.736958" lon="-1.357581"><ele>145.0</ele><time>2025-05-02T12:01:01.000Z</time></trkpt>
      <trkpt lat="52.736945" lon="-1.357583"><ele>144.9</ele><time>2025-05-02T12:01:02.000Z</time></trkpt>
      <trkpt lat="52.736932" lon="-1.357586"><ele>144.9</ele><time>2025-05-02T12:01:03.000Z</time></trkpt>
      <trkpt lat="52.736919" lon="-1.357589"><ele>144.9</ele><time>2025-05-02T12:01:04.000Z</time></trkpt>
      <trkpt lat="52.736906" lon="-1.357593"><ele>144.9</ele><time>2025-05-02T12:01:05.000Z</time></trkpt>
      <trkpt lat="52.736893" lon="-1.357597"><ele>144.9</ele><time>2025-05-02T12:01:06.000Z</time></trkpt>
      <trkpt lat="52.736879" lon="-1.357600"><ele>144.9</ele><time>2025-05-02T12:01:07.000Z</time></trkpt>
      <trkpt lat="52.736866" lon="-1.357603"><ele>144.9</ele><time>2025-05-02T12:01:08.000Z</time></trkpt>
      <trkpt lat="52.736852" lon="-1.357605"><ele>144.9</ele><time>2025-05-02T12:01:09.000Z</time></trkpt>
      <trkpt lat="52.736838" lon="-1.357606"><ele>145.0</ele><time>2025-05-02T12:01:10.000Z</time></trkpt>
      <trkpt lat="52.736825" lon="-1.357606"><ele>145.0</ele><time>2025-05-02T12:01:11.000Z</time></trkpt>
      <trkpt lat="52.736811" lon="-1.357605"><ele>145.0</ele><time>2025-05-02T12:01:12.000Z</time></trkpt>
      <trkpt lat="52.736797" lon="-1.357605"><ele>145.0</ele><time>2025-05-02T12:01:13.000Z</time></trkpt>
      <trkpt lat="52.736784" lon="-1.357606"><ele>145.1</ele><time>2025-05-02T12:01:14.000Z</time></trkpt>
      <trkpt lat="52.736770" lon="-1.357609"><ele>145.1</ele><time>2025-05-02T12:01:15.000Z</time></trkpt>
      <trkpt lat="52.736756" lon="-1.357612"><ele>145.1</ele><time>2025-05-02T12:01:16.000Z</time></trkpt>
      <trkpt lat="52.736743" lon="-1.357614"><ele>145.1</ele><time>2025-05-02T12:01:17.000Z</time></trkpt>
      <trkpt lat="52.736729" lon="-1.357615"><ele>145.2</ele><time>2025-05-02T12:01:18.000Z</time></trkpt>
      <trkpt lat="52.736715" lon="-1.357617"><ele>145.2</ele><time>2025-05-02T12:01:19.000Z</time></trkpt>
      <trkpt lat="52.736702" lon="-1.357619"><ele>145.2</ele><time>2025-05-02T12:01:20.000Z</time></trkpt>
      <trkpt lat="52.736688" lon="-1.357620"><ele>145.2</ele><time>2025-05-02T12:01:21.000Z</time></trkpt>
      <trkpt lat="52.736674" lon="-1.357622"><ele>145.3</ele><time>2025-05-02T12:01:22.000Z</time></trkpt>
      <trkpt lat="52.736661" lon="-1.357624"><ele>145.3</ele><time>2025-05-02T12:01:23.000Z</time></trkpt>
      <trkpt lat="52.736647" lon="-1.357627"><ele>145.3</ele><time>2025-05-02T12:01:24.000Z</time></trkpt>
      <trkpt lat="52.736634" lon="-1.357630"><ele>145.3</ele><time>2025-05-02T12:01:25.000Z</time></trkpt>
      <trkpt lat="52.736620" lon="-1.357633"><ele>145.3</ele><time>2025-05-02T12:01:26.000Z</time></trkpt>
      <trkpt lat="52.736606" lon="-1.357635"><ele>145.3</ele><time>2025-05-02T12:01:27.000Z</time></trkpt>
      <trkpt lat="52.736592" lon="-1.357636"><ele>145.4</ele><time>2025-05-02T12:01:28.000Z</time></trkpt>
      <trkpt lat="52.736578" lon="-1.357638"><ele>145.4</ele><time>2025-05-02T12:01:29.000Z</time></trkpt>
      <trkpt lat="52.736564" lon="-1.357640"><ele>145.4</ele><time>2025-05-02T12:01:30.000Z</time></trkpt>
      <trkpt lat="52.736550" lon="-1.357642"><ele>145.4</ele><time>2025-05-02T12:01:31.000Z</time></trkpt>
      <trkpt lat="52.736535" lon="-1.357644"><ele>145.5</ele><time>2025-05-02T12:01:32.000Z</time></trkpt>
      <trkpt lat="52.736521" lon="-1.357646"><ele>145.5</ele><time>2025-05-02T12:01:33.000Z</time></trkpt>
      <trkpt lat="52.736506" lon="-1.357648"><ele>145.5</ele><time>2025-05-02T12:01:34.000Z</time></trkpt>
      <trkpt lat="52.736492" lon="-1.357650"><ele>145.6</ele><time>2025-05-02T12:01:35.000Z</time></trkpt>
      <trkpt lat="52.736478" lon="-1.357652"><ele>145.6</ele><time>2025-05-02T12:01:36.000Z</time></trkpt>
      <trkpt lat="52.736463" lon="-1.357654"><ele>145.6</ele><time>2025-05-02T12:01:37.000Z</time></trkpt>
      <trkpt lat="52.736449" lon="-1.357656"><ele>145.7</ele><time>2025-05-02T12:01:38.000Z</time></trkpt>
      <trkpt lat="52.736435" lon="-1.357659"><ele>145.7</ele><time>2025-05-02T12:01:39.000Z</time></trkpt>
      <trkpt lat="52.736421" lon="-1.357662"><ele>145.7</ele><time>2025-05-02T12:01:40.000Z</time></trkpt>
      <trkpt lat="52.736407" lon="-1.357668"><ele>145.8</ele><time>2025-05-02T12:01:41.000Z</time></trkpt>
      <trkpt lat="52.736393" lon="-1.357675"><ele>145.8</ele><time>2025-05-02T12:01:42.000Z</time></trkpt>
      <trkpt lat="52.736379" lon="-1.357685"><ele>145.8</ele><time>2025-05-02T12:01:43.000Z</time></trkpt>
      <trkpt lat="52.736366" lon="-1.357696"><ele>145.8</ele><time>2025-05-02T12:01:44.000Z</time></trkpt>
      <trkpt lat="52.736353" lon="-1.357708"><ele>145.8</ele><time>2025-05-02T12:01:45.000Z</time></trkpt>
      <trkpt lat="52.736341" lon="-1.357721"><ele>145.8</ele><time>2025-05-02T12:01:46.000Z</time></trkpt>
      <trkpt lat="52.736329" lon="-1.357735"><ele>145.8</ele><time>2025-05-02T12:01:47.000Z</time></trkpt>
      <trkpt lat="52.736317" lon="-1.357749"><ele>145.8</ele><time>2025-05-02T12:01:48.000Z</time></trkpt>
      <trkpt lat="52.736306" lon="-1.357762"><ele>145.7</ele><time>2025-05-02T12:01:49.000Z</time></trkpt>
      <trkpt lat="52.736293" lon="-1.357775"><ele>145.7</ele><time>2025-05-02T12:01:50.000Z</time></trkpt>
      <trkpt lat="52.736282" lon="-1.357789"><ele>145.7</ele><time>2025-05-02T12:01:51.000Z</time></trkpt>
      <trkpt lat="52.736270" lon="-1.357803"><ele>145.7</ele><time>2025-05-02T12:01:52.000Z</time></trkpt>
      <trkpt lat="52.736259" lon="-1.357818"><ele>145.7</ele><time>2025-05-02T12:01:53.000Z</time></trkpt>
      <trkpt lat="52.736249" lon="-1.357835"><ele>145.6</ele><time>2025-05-02T12:01:54.000Z</time></trkpt>
      <trkpt lat="52.736239" lon="-1.357851"><ele>145.6</ele><time>2025-05-02T12:01:55.000Z</time></trkpt>
      <trkpt lat="52.736229" lon="-1.357868"><ele>145.6</ele><time>2025-05-02T12:01:56.000Z</time></trkpt>
      <trkpt lat="52.736218" lon="-1.357884"><ele>145.6</ele><time>2025-05-02T12:01:57.000Z</time></trkpt>
      <trkpt lat="52.736209" lon="-1.357901"><ele>145.6</ele><time>2025-05-02T12:01:58.000Z</time></trkpt>
      <trkpt lat="52.736200" lon="-1.357920"><ele>145.6</ele><time>2025-05-02T12:01:59.000Z</time></trkpt>
      <trkpt lat="52.736192" lon="-1.357939"><ele>145.6</ele><time>2025-05-02T12:02:00.000Z</time></trkpt>
      <trkpt lat="52.736184" lon="-1.357959"><ele>145.6</ele><time>2025-05-02T12:02:01.000Z</time></trkpt>
      <trkpt lat="52.736176" lon="-1.357979"><ele>145.6</ele><time>2025-05-02T12:02:02.000Z</time></trkpt>
      <trkpt lat="52.736169" lon="-1.357998"><ele>145.6</ele><time>2025-05-02T12:02:03.000Z</time></trkpt>
      <trkpt lat="52.736161" lon="-1.358018"><ele>145.6</ele><time>2025-05-02T12:02:04.000Z</time></trkpt>
      <trkpt lat="52.736153" lon="-1.358037"><ele>145.7</ele><time>2025-05-02T12:02:05.000Z</time></trkpt>
      <trkpt lat="52.736146" lon="-1.358057"><ele>145.7</ele><time>2025-05-02T12:02:06.000Z</time></trkpt>
      <trkpt lat="52.736139" lon="-1.358077"><ele>145.7</ele><time>2025-05-02T12:02:07.000Z</time></trkpt>
      <trkpt lat="52.736132" lon="-1.358097"><ele>145.7</ele><time>2025-05-02T12:02:08.000Z</time></trkpt>
      <trkpt lat="52.736124" lon="-1.358116"><ele>145.8</ele><time>2025-05-02T12:02:09.000Z</time></trkpt>
      <trkpt lat="52.736116" lon="-1.358136"><ele>145.8</ele><time>2025-05-02T12:02:10.000Z</time></trkpt>
      <trkpt lat="52.736109" lon="-1.358156"><ele>145.9</ele><time>2025-05-02T12:02:11.000Z</time></trkpt>
      <trkpt lat="52.736102" lon="-1.358176"><ele>145.9</ele><time>2025-05-02T12:02:12.000Z</time></trkpt>
      <trkpt lat="52.736094" lon="-1.358197"><ele>146.0</ele><time>2025-05-02T12:02:13.000Z</time></trkpt>
      <trkpt lat="52.736087" lon="-1.358217"><ele>146.0</ele><time>2025-05-02T12:02:14.000Z</time></trkpt>
      <trkpt lat="52.736080" lon="-1.358237"><ele>146.1</ele><time>2025-05-02T12:02:15.000Z</time></trkpt>
      <trkpt lat="52.736072" lon="-1.358257"><ele>146.2</ele><time>2025-05-02T12:02:16.000Z</time></trkpt>
      <trkpt lat="52.736065" lon="-1.358277"><ele>146.2</ele><time>2025-05-02T12:02:17.000Z</time></trkpt>
      <trkpt lat="52.736057" lon="-1.358297"><ele>146.3</ele><time>2025-05-02T12:02:18.000Z</time></trkpt>
      <trkpt lat="52.736049" lon="-1.358316"><ele>146.4</ele><time>2025-05-02T12:02:19.000Z</time></trkpt>
      <trkpt lat="52.736041" lon="-1.358336"><ele>146.5</ele><time>2025-05-02T12:02:20.000Z</time></trkpt>
      <trkpt lat="52.736034" lon="-1.358356"><ele>146.6</ele><time>2025-05-02T12:02:21.000Z</time></trkpt>
      <trkpt lat="52.736027" lon="-1.358376"><ele>146.6</ele><time>2025-05-02T12:02:22.000Z</time></trkpt>
      <trkpt lat="52.736019" lon="-1.358395"><ele>146.7</ele><time>2025-05-02T12:02:23.000Z</time></trkpt>
      <trkpt lat="52.736011" lon="-1.358415"><ele>146.8</ele><time>2025-05-02T12:02:24.000Z</time></trkpt>
      <trkpt lat="52.736003" lon="-1.358434"><ele>146.9</ele><time>2025-05-02T12:02:25.000Z</time></trkpt>
      <trkpt lat="52.735996" lon="-1.358455"><ele>147.0</ele><time>2025-05-02T12:02:26.000Z</time></trkpt>
      <trkpt lat="52.735989" lon="-1.358475"><ele>147.0</ele><time>2025-05-02T12:02:27.000Z</time></trkpt>
      <trkpt lat="52.735982" lon="-1.358496"><ele>147.1</ele><time>2025-05-02T12:02:28.000Z</time></trkpt>
      <trkpt lat="52.735975" lon="-1.358516"><ele>147.1</ele><time>2025-05-02T12:02:29.000Z</time></trkpt>
      <trkpt lat="52.735968" lon="-1.358536"><ele>147.2</ele><time>2025-05-02T12:02:30.000Z</time></trkpt>
      <trkpt lat="52.735961" lon="-1.358556"><ele>147.2</ele><time>2025-05-02T12:02:31.000Z</time></trkpt>
      <trkpt lat="52.735953" lon="-1.358576"><ele>147.2</ele><time>2025-05-02T12:02:32.000Z</time></trkpt>
      <trkpt lat="52.735946" lon="-1.358596"><ele>147.2</ele><time>2025-05-02T12:02:33.000Z</time></trkpt>
      <trkpt lat="52.735939" lon="-1.358617"><ele>147.2</ele><time>2025-05-02T12:02:34.000Z</time></trkpt>
      <trkpt lat="52.735932" lon="-1.358638"><ele>147.2</ele><time>2025-05-02T12:02:35.000Z</time></trkpt>
      <trkpt lat="52.735928" lon="-1.358660"><ele>147.2</ele><time>2025-05-02T12:02:36.000Z</time></trkpt>
      <trkpt lat="52.735925" lon="-1.358683"><ele>147.2</ele><time>2025-05-02T12:02:37.000Z</time></trkpt>
      <trkpt lat="52.735924" lon="-1.358707"><ele>147.2</ele><time>2025-05-02T12:02:38.000Z</time></trkpt>
      <trkpt lat="52.735924" lon="-1.358731"><ele>147.2</ele><time>2025-05-02T12:02:39.000Z</time></trkpt>
      <trkpt lat="52.735925" lon="-1.358754"><ele>147.2</ele><time>2025-05-02T12:02:40.000Z</time></trkpt>
      <trkpt lat="52.735926" lon="-1.358777"><ele>147.2</ele><time>2025-05-02T12:02:41.000Z</time></trkpt>
      <trkpt lat="52.735928" lon="-1.358799"><ele>147.2</ele><time>2025-05-02T12:02:42.000Z</time></trkpt>
      <trkpt lat="52.735929" lon="-1.358821"><ele>147.2</ele><time>2025-05-02T12:02:43.000Z</time></trkpt>
      <trkpt lat="52.735928" lon="-1.358842"><ele>147.3</ele><time>2025-05-02T12:02:44.000Z</time></trkpt>
      <trkpt lat="52.735923" lon="-1.358861"><ele>147.3</ele><time>2025-05-02T12:02:45.000Z</time></trkpt>
      <trkpt lat="52.735915" lon="-1.358878"><ele>147.4</ele><time>2025-05-02T12:02:46.000Z</time></trkpt>
      <trkpt lat="52.735903" lon="-1.358892"><ele>147.5</ele><time>2025-05-02T12:02:47.000Z</time></trkpt>
      <trkpt lat="52.735890" lon="-1.358903"><ele>147.5</ele><time>2025-05-02T12:02:48.000Z</time></trkpt>
      <trkpt lat="52.735877" lon="-1.358912"><ele>147.6</ele><time>2025-05-02T12:02:49.000Z</time></trkpt>
      <trkpt lat="52.735864" lon="-1.358921"><ele>147.6</ele><time>2025-05-02T12:02:50.000Z</time></trkpt>
      <trkpt lat="52.735851" lon="-1.358932"><ele>147.7</ele><time>2025-05-02T12:02:51.000Z</time></trkpt>
      <trkpt lat="52.735839" lon="-1.358943"><ele>147.8</ele><time>2025-05-02T12:02:52.000Z</time></trkpt>
      <trkpt lat="52.735827" lon="-1.358955"><ele>147.9</ele><time>2025-05-02T12:02:53.000Z</time></trkpt>
      <trkpt lat="52.735815" lon="-1.358968"><ele>148.0</ele><time>2025-05-02T12:02:54.000Z</time></trkpt>
      <trkpt lat="52.735804" lon="-1.358982"><ele>148.0</ele><time>2025-05-02T12:02:55.000Z</time></trkpt>
      <trkpt lat="52.735795" lon="-1.358998"><ele>148.1</ele><time>2025-05-02T12:02:56.000Z</time></trkpt>
      <trkpt lat="52.735786" lon="-1.359016"><ele>148.2</ele><time>2025-05-02T12:02:57.000Z</time></trkpt>
      <trkpt lat="52.735779" lon="-1.359035"><ele>148.2</ele><time>2025-05-02T12:02:58.000Z</time></trkpt>
      <trkpt lat="52.735773" lon="-1.359055"><ele>148.3</ele><time>2025-05-02T12:02:59.000Z</time></trkpt>
      <trkpt lat="52.735766" lon="-1.359074"><ele>148.4</ele><time>2025-05-02T12:03:00.000Z</time></trkpt>
      <trkpt lat="52.735760" lon="-1.359093"><ele>148.4</ele><time>2025-05-02T12:03:01.000Z</time></trkpt>
      <trkpt lat="52.735753" lon="-1.359112"><ele>148.5</ele><time>2025-05-02T12:03:02.000Z</time></trkpt>
      <trkpt lat="52.735746" lon="-1.359130"><ele>148.5</ele><time>2025-05-02T12:03:03.000Z</time></trkpt>
      <trkpt lat="52.735739" lon="-1.359148"><ele>148.6</ele><time>2025-05-02T12:03:04.000Z</time></trkpt>
      <trkpt lat="52.735731" lon="-1.359166"><ele>148.6</ele><time>2025-05-02T12:03:05.000Z</time></trkpt>
      <trkpt lat="52.735723" lon="-1.359184"><ele>148.7</ele><time>2025-05-02T12:03:06.000Z</time></trkpt>
      <trkpt lat="52.735716" lon="-1.359201"><ele>148.7</ele><time>2025-05-02T12:03:07.000Z</time></trkpt>
      <trkpt lat="52.735708" lon="-1.359219"><ele>148.7</ele><time>2025-05-02T12:03:08.000Z</time></trkpt>
      <trkpt lat="52.735701" lon="-1.359237"><ele>148.8</ele><time>2025-05-02T12:03:09.000Z</time></trkpt>
      <trkpt lat="52.735693" lon="-1.359255"><ele>148.8</ele><time>2025-05-02T12:03:10.000Z</time></trkpt>
      <trkpt lat="52.735686" lon="-1.359273"><ele>148.9</ele><time>2025-05-02T12:03:11.000Z</time></trkpt>
      <trkpt lat="52.735679" lon="-1.359291"><ele>148.9</ele><time>2025-05-02T12:03:12.000Z</time></trkpt>
      <trkpt lat="52.735673" lon="-1.359309"><ele>149.0</ele><time>2025-05-02T12:03:13.000Z</time></trkpt>
      <trkpt lat="52.735666" lon="-1.359327"><ele>149.0</ele><time>2025-05-02T12:03:14.000Z</time></trkpt>
      <trkpt lat="52.735658" lon="-1.359344"><ele>149.1</ele><time>2025-05-02T12:03:15.000Z</time></trkpt>
      <trkpt lat="52.735651" lon="-1.359361"><ele>149.1</ele><time>2025-05-02T12:03:16.000Z</time></trkpt>
      <trkpt lat="52.735644" lon="-1.359379"><ele>149.2</ele><time>2025-05-02T12:03:17.000Z</time></trkpt>
      <trkpt lat="52.735637" lon="-1.359395"><ele>149.2</ele><time>2025-05-02T12:03:18.000Z</time></trkpt>
      <trkpt lat="52.735631" lon="-1.359413"><ele>149.2</ele><time>2025-05-02T12:03:19.000Z</time></trkpt>
      <trkpt lat="52.735624" lon="-1.359431"><ele>149.3</ele><time>2025-05-02T12:03:20.000Z</time></trkpt>
      <trkpt lat="52.735617" lon="-1.359449"><ele>149.3</ele><time>2025-05-02T12:03:21.000Z</time></trkpt>
      <trkpt lat="52.735610" lon="-1.359468"><ele>149.4</ele><time>2025-05-02T12:03:22.000Z</time></trkpt>
      <trkpt lat="52.735603" lon="-1.359487"><ele>149.5</ele><time>2025-05-02T12:03:23.000Z</time></trkpt>
      <trkpt lat="52.735596" lon="-1.359506"><ele>149.5</ele><time>2025-05-02T12:03:24.000Z</time></trkpt>
      <trkpt lat="52.735589" lon="-1.359525"><ele>149.6</ele><time>2025-05-02T12:03:25.000Z</time></trkpt>
      <trkpt lat="52.735581" lon="-1.359543"><ele>149.7</ele><time>2025-05-02T12:03:26.000Z</time></trkpt>
      <trkpt lat="52.735572" lon="-1.359561"><ele>149.8</ele><time>2025-05-02T12:03:27.000Z</time></trkpt>
      <trkpt lat="52.735564" lon="-1.359578"><ele>149.9</ele><time>2025-05-02T12:03:28.000Z</time></trkpt>
      <trkpt lat="52.735556" lon="-1.359596"><ele>149.9</ele><time>2025-05-02T12:03:29.000Z</time></trkpt>
      <trkpt lat="52.735548" lon="-1.359614"><ele>150.0</ele><time>2025-05-02T12:03:30.000Z</time></trkpt>
      <trkpt lat="52.735540" lon="-1.359632"><ele>150.1</ele><time>2025-05-02T12:03:31.000Z</time></trkpt>
      <trkpt lat="52.735532" lon="-1.359650"><ele>150.2</ele><time>2025-05-02T12:03:32.000Z</time></trkpt>
      <trkpt lat="52.735524" lon="-1.359667"><ele>150.3</ele><time>2025-05-02T12:03:33.000Z</time></trkpt>
      <trkpt lat="52.735516" lon="-1.359685"><ele>150.4</ele><time>2025-05-02T12:03:34.000Z</time></trkpt>
      <trkpt lat="52.735507" lon="-1.359703"><ele>150.5</ele><time>2025-05-02T12:03:35.000Z</time></trkpt>
      <trkpt lat="52.735499" lon="-1.359721"><ele>150.6</ele><time>2025-05-02T12:03:36.000Z</time></trkpt>
      <trkpt lat="52.735491" lon="-1.359740"><ele>150.7</ele><time>2025-05-02T12:03:37.000Z</time></trkpt>
      <trkpt lat="52.735483" lon="-1.359759"><ele>150.8</ele><time>2025-05-02T12:03:38.000Z</time></trkpt>
      <trkpt lat="52.735475" lon="-1.359778"><ele>150.9</ele><time>2025-05-02T12:03:39.000Z</time></trkpt>
      <trkpt lat="52.735468" lon="-1.359797"><ele>150.9</ele><time>2025-05-02T12:03:40.000Z</time></trkpt>
      <trkpt lat="52.735461" lon="-1.359817"><ele>151.0</ele><time>2025-05-02T12:03:41.000Z</time></trkpt>
      <trkpt lat="52.735453" lon="-1.359836"><ele>151.1</ele><time>2025-05-02T12:03:42.000Z</time></trkpt>
      <trkpt lat="52.735444" lon="-1.359854"><ele>151.1</ele><time>2025-05-02T12:03:43.000Z</time></trkpt>
      <trkpt lat="52.735436" lon="-1.359872"><ele>151.2</ele><time>2025-05-02T12:03:44.000Z</time></trkpt>
      <trkpt lat="52.735426" lon="-1.359889"><ele>151.3</ele><time>2025-05-02T12:03:45.000Z</time></trkpt>
      <trkpt lat="52.735417" lon="-1.359905"><ele>151.3</ele><time>2025-05-02T12:03:46.000Z</time></trkpt>
      <trkpt lat="52.735407" lon="-1.359922"><ele>151.3</ele><time>2025-05-02T12:03:47.000Z</time></trkpt>
      <trkpt lat="52.735398" lon="-1.359938"><ele>151.4</ele><time>2025-05-02T12:03:48.000Z</time></trkpt>
      <trkpt lat="52.735388" lon="-1.359955"><ele>151.4</ele><time>2025-05-02T12:03:49.000Z</time></trkpt>
      <trkpt lat="52.735378" lon="-1.359972"><ele>151.4</ele><time>2025-05-02T12:03:50.000Z</time></trkpt>
      <trkpt lat="52.735369" lon="-1.359988"><ele>151.4</ele><time>2025-05-02T12:03:51.000Z</time></trkpt>
      <trkpt lat="52.735360" lon="-1.360005"><ele>151.4</ele><time>2025-05-02T12:03:52.000Z</time></trkpt>
      <trkpt lat="52.735350" lon="-1.360021"><ele>151.4</ele><time>2025-05-02T12:03:53.000Z</time></trkpt>
      <trkpt lat="52.735341" lon="-1.360038"><ele>151.4</ele><time>2025-05-02T12:03:54.000Z</time></trkpt>
      <trkpt lat="52.735332" lon="-1.360054"><ele>151.4</ele><time>2025-05-02T12:03:55.000Z</time></trkpt>
      <trkpt lat="52.735323" lon="-1.360071"><ele>151.5</ele><time>2025-05-02T12:03:56.000Z</time></trkpt>
      <trkpt lat="52.735313" lon="-1.360088"><ele>151.5</ele><time>2025-05-02T12:03:57.000Z</time></trkpt>
      <trkpt lat="52.735304" lon="-1.360104"><ele>151.5</ele><time>2025-05-02T12:03:58.000Z</time></trkpt>
      <trkpt lat="52.735294" lon="-1.360120"><ele>151.5</ele><time>2025-05-02T12:03:59.000Z</time></trkpt>
      <trkpt lat="52.735284" lon="-1.360135"><ele>151.5</ele><time>2025-05-02T12:04:00.000Z</time></trkpt>
      <trkpt lat="52.735273" lon="-1.360150"><ele>151.6</ele><time>2025-05-02T12:04:01.000Z</time></trkpt>
      <trkpt lat="52.735263" lon="-1.360165"><ele>151.6</ele><time>2025-05-02T12:04:02.000Z</time></trkpt>
      <trkpt lat="52.735253" lon="-1.360180"><ele>151.7</ele><time>2025-05-02T12:04:03.000Z</time></trkpt>
      <trkpt lat="52.735242" lon="-1.360196"><ele>151.7</ele><time>2025-05-02T12:04:04.000Z</time></trkpt>
      <trkpt lat="52.735232" lon="-1.360211"><ele>151.7</ele><time>2025-05-02T12:04:05.000Z</time></trkpt>
      <trkpt lat="52.735222" lon="-1.360227"><ele>151.8</ele><time>2025-05-02T12:04:06.000Z</time></trkpt>
      <trkpt lat="52.735212" lon="-1.360243"><ele>151.8</ele><time>2025-05-02T12:04:07.000Z</time></trkpt>
      <trkpt lat="52.735203" lon="-1.360259"><ele>151.9</ele><time>2025-05-02T12:04:08.000Z</time></trkpt>
      <trkpt lat="52.735193" lon="-1.360276"><ele>151.9</ele><time>2025-05-02T12:04:09.000Z</time></trkpt>
      <trkpt lat="52.735185" lon="-1.360294"><ele>151.9</ele><time>2025-05-02T12:04:10.000Z</time></trkpt>
      <trkpt lat="52.735177" lon="-1.360313"><ele>152.0</ele><time>2025-05-02T12:04:11.000Z</time></trkpt>
      <trkpt lat="52.735170" lon="-1.360332"><ele>152.0</ele><time>2025-05-02T12:04:12.000Z</time></trkpt>
      <trkpt lat="52.735163" lon="-1.360352"><ele>152.0</ele><time>2025-05-02T12:04:13.000Z</time></trkpt>
      <trkpt lat="52.735156" lon="-1.360372"><ele>152.0</ele><time>2025-05-02T12:04:14.000Z</time></trkpt>
      <trkpt lat="52.735148" lon="-1.360390"><ele>152.0</ele><time>2025-05-02T12:04:15.000Z</time></trkpt>
      <trkpt lat="52.735138" lon="-1.360406"><ele>152.0</ele><time>2025-05-02T12:04:16.000Z</time></trkpt>
      <trkpt lat="52.735127" lon="-1.360420"><ele>152.0</ele><time>2025-05-02T12:04:17.000Z</time></trkpt>
      <trkpt lat="52.735116" lon="-1.360433"><ele>151.9</ele><time>2025-05-02T12:04:18.000Z</time></trkpt>
      <trkpt lat="52.735104" lon="-1.360444"><ele>151.9</ele><time>2025-05-02T12:04:19.000Z</time></trkpt>
      <trkpt lat="52.735091" lon="-1.360454"><ele>151.8</ele><time>2025-05-02T12:04:20.000Z</time></trkpt>
      <trkpt lat="52.735079" lon="-1.360464"><ele>151.8</ele><time>2025-05-02T12:04:21.000Z</time></trkpt>
      <trkpt lat="52.735068" lon="-1.360477"><ele>151.7</ele><time>2025-05-02T12:04:22.000Z</time></trkpt>
      <trkpt lat="52.735059" lon="-1.360495"><ele>151.7</ele><time>2025-05-02T12:04:23.000Z</time></trkpt>
      <trkpt lat="52.735051" lon="-1.360513"><ele>151.6</ele><time>2025-05-02T12:04:24.000Z</time></trkpt>
      <trkpt lat="52.735042" lon="-1.360531"><ele>151.5</ele><time>2025-05-02T12:04:25.000Z</time></trkpt>
      <trkpt lat="52.735032" lon="-1.360548"><ele>151.5</ele><time>2025-05-02T12:04:26.000Z</time></trkpt>
      <trkpt lat="52.735023" lon="-1.360565"><ele>151.4</ele><time>2025-05-02T12:04:27.000Z</time></trkpt>
      <trkpt lat="52.735013" lon="-1.360582"><ele>151.3</ele><time>2025-05-02T12:04:28.000Z</time></trkpt>
      <trkpt lat="52.735003" lon="-1.360597"><ele>151.2</ele><time>2025-05-02T12:04:29.000Z</time></trkpt>
      <trkpt lat="52.734992" lon="-1.360612"><ele>151.1</ele><time>2025-05-02T12:04:30.000Z</time></trkpt>
      <trkpt lat="52.734982" lon="-1.360628"><ele>151.0</ele><time>2025-05-02T12:04:31.000Z</time></trkpt>
      <trkpt lat="52.734971" lon="-1.360643"><ele>150.9</ele><time>2025-05-02T12:04:32.000Z</time></trkpt>
      <trkpt lat="52.734961" lon="-1.360660"><ele>150.8</ele><time>2025-05-02T12:04:33.000Z</time></trkpt>
      <trkpt lat="52.734950" lon="-1.360676"><ele>150.8</ele><time>2025-05-02T12:04:34.000Z</time></trkpt>
      <trkpt lat="52.734940" lon="-1.360692"><ele>150.7</ele><time>2025-05-02T12:04:35.000Z</time></trkpt>
      <trkpt lat="52.734930" lon="-1.360708"><ele>150.6</ele><time>2025-05-02T12:04:36.000Z</time></trkpt>
      <trkpt lat="52.734920" lon="-1.360726"><ele>150.5</ele><time>2025-05-02T12:04:37.000Z</time></trkpt>
      <trkpt lat="52.734910" lon="-1.360743"><ele>150.4</ele><time>2025-05-02T12:04:38.000Z</time></trkpt>
      <trkpt lat="52.734900" lon="-1.360759"><ele>150.3</ele><time>2025-05-02T12:04:39.000Z</time></trkpt>
      <trkpt lat="52.734890" lon="-1.360776"><ele>150.2</ele><time>2025-05-02T12:04:40.000Z</time></trkpt>
      <trkpt lat="52.734879" lon="-1.360792"><ele>150.1</ele><time>2025-05-02T12:04:41.000Z</time></trkpt>
      <trkpt lat="52.734868" lon="-1.360808"><ele>150.0</ele><time>2025-05-02T12:04:42.000Z</time></trkpt>
      <trkpt lat="52.734857" lon="-1.360823"><ele>149.9</ele><time>2025-05-02T12:04:43.000Z</time></trkpt>
      <trkpt lat="52.734847" lon="-1.360839"><ele>149.9</ele><time>2025-05-02T12:04:44.000Z</time></trkpt>
      <trkpt lat="52.734836" lon="-1.360856"><ele>149.8</ele><time>2025-05-02T12:04:45.000Z</time></trkpt>
      <trkpt lat="52.734826" lon="-1.360873"><ele>149.7</ele><time>2025-05-02T12:04:46.000Z</time></trkpt>
      <trkpt lat="52.734815" lon="-1.360888"><ele>149.7</ele><time>2025-05-02T12:04:47.000Z</time></trkpt>
      <trkpt lat="52.734803" lon="-1.360903"><ele>149.6</ele><time>2025-05-02T12:04:48.000Z</time></trkpt>
      <trkpt lat="52.734792" lon="-1.360918"><ele>149.5</ele><time>2025-05-02T12:04:49.000Z</time></trkpt>
      <trkpt lat="52.734781" lon="-1.360933"><ele>149.5</ele><time>2025-05-02T12:04:50.000Z</time></trkpt>
      <trkpt lat="52.734770" lon="-1.360949"><ele>149.4</ele><time>2025-05-02T12:04:51.000Z</time></trkpt>
      <trkpt lat="52.734760" lon="-1.360965"><ele>149.3</ele><time>2025-05-02T12:04:52.000Z</time></trkpt>
      <trkpt lat="52.734749" lon="-1.360982"><ele>149.3</ele><time>2025-05-02T12:04:53.000Z</time></trkpt>
      <trkpt lat="52.734739" lon="-1.360999"><ele>149.2</ele><time>2025-05-02T12:04:54.000Z</time></trkpt>
      <trkpt lat="52.734730" lon="-1.361016"><ele>149.2</ele><time>2025-05-02T12:04:55.000Z</time></trkpt>
      <trkpt lat="52.734720" lon="-1.361033"><ele>149.1</ele><time>2025-05-02T12:04:56.000Z</time></trkpt>
      <trkpt lat="52.734711" lon="-1.361050"><ele>149.1</ele><time>2025-05-02T12:04:57.000Z</time></trkpt>
      <trkpt lat="52.734701" lon="-1.361067"><ele>149.0</ele><time>2025-05-02T12:04:58.000Z</time></trkpt>
      <trkpt lat="52.734691" lon="-1.361083"><ele>149.0</ele><time>2025-05-02T12:04:59.000Z</time></trkpt>
      <trkpt lat="52.734682" lon="-1.361100"><ele>149.0</ele><time>2025-05-02T12:05:00.000Z</time></trkpt>
      <trkpt lat="52.734672" lon="-1.361116"><ele>148.9</ele><time>2025-05-02T12:05:01.000Z</time></trkpt>
      <trkpt lat="52.734662" lon="-1.361133"><ele>148.9</ele><time>2025-05-02T12:05:02.000Z</time></trkpt>
      <trkpt lat="52.734652" lon="-1.361149"><ele>148.9</ele><time>2025-05-02T12:05:03.000Z</time></trkpt>
      <trkpt lat="52.734641" lon="-1.361164"><ele>148.9</ele><time>2025-05-02T12:05:04.000Z</time></trkpt>
      <trkpt lat="52.734631" lon="-1.361180"><ele>148.9</ele><time>2025-05-02T12:05:05.000Z</time></trkpt>
      <trkpt lat="52.734620" lon="-1.361195"><ele>148.9</ele><time>2025-05-02T12:05:06.000Z</time></trkpt>
      <trkpt lat="52.734609" lon="-1.361211"><ele>148.9</ele><time>2025-05-02T12:05:07.000Z</time></trkpt>
      <trkpt lat="52.734599" lon="-1.361227"><ele>148.9</ele><time>2025-05-02T12:05:08.000Z</time></trkpt>
      <trkpt lat="52.734589" lon="-1.361244"><ele>148.9</ele><time>2025-05-02T12:05:09.000Z</time></trkpt>
      <trkpt lat="52.734579" lon="-1.361261"><ele>148.9</ele><time>2025-05-02T12:05:10.000Z</time></trkpt>
      <trkpt lat="52.734569" lon="-1.361278"><ele>148.9</ele><time>2025-05-02T12:05:11.000Z</time></trkpt>
      <trkpt lat="52.734559" lon="-1.361295"><ele>148.9</ele><time>2025-05-02T12:05:12.000Z</time></trkpt>
      <trkpt lat="52.734549" lon="-1.361312"><ele>148.9</ele><time>2025-05-02T12:05:13.000Z</time></trkpt>
      <trkpt lat="52.734539" lon="-1.361330"><ele>148.9</ele><time>2025-05-02T12:05:14.000Z</time></trkpt>
      <trkpt lat="52.734529" lon="-1.361348"><ele>148.9</ele><time>2025-05-02T12:05:15.000Z</time></trkpt>
      <trkpt lat="52.734519" lon="-1.361365"><ele>148.9</ele><time>2025-05-02T12:05:16.000Z</time></trkpt>
      <trkpt lat="52.734509" lon="-1.361383"><ele>148.9</ele><time>2025-05-02T12:05:17.000Z</time></trkpt>
      <trkpt lat="52.734499" lon="-1.361399"><ele>148.9</ele><time>2025-05-02T12:05:18.000Z</time></trkpt>
      <trkpt lat="52.734488" lon="-1.361416"><ele>148.9</ele><time>2025-05-02T12:05:19.000Z</time></trkpt>
      <trkpt lat="52.734476" lon="-1.361432"><ele>148.9</ele><time>2025-05-02T12:05:20.000Z</time></trkpt>
      <trkpt lat="52.734465" lon="-1.361448"><ele>148.8</ele><time>2025-05-02T12:05:21.000Z</time></trkpt>
      <trkpt lat="52.734455" lon="-1.361465"><ele>148.8</ele><time>2025-05-02T12:05:22.000Z</time></trkpt>
      <trkpt lat="52.734445" lon="-1.361483"><ele>148.8</ele><time>2025-05-02T12:05:23.000Z</time></trkpt>
      <trkpt lat="52.734435" lon="-1.361500"><ele>148.8</ele><time>2025-05-02T12:05:24.000Z</time></trkpt>
      <trkpt lat="52.734424" lon="-1.361518"><ele>148.8</ele><time>2025-05-02T12:05:25.000Z</time></trkpt>
      <trkpt lat="52.734414" lon="-1.361534"><ele>148.7</ele><time>2025-05-02T12:05:26.000Z</time></trkpt>
      <trkpt lat="52.734403" lon="-1.361551"><ele>148.7</ele><time>2025-05-02T12:05:27.000Z</time></trkpt>
      <trkpt lat="52.734392" lon="-1.361567"><ele>148.7</ele><time>2025-05-02T12:05:28.000Z</time></trkpt>
      <trkpt lat="52.734381" lon="-1.361583"><ele>148.6</ele><time>2025-05-02T12:05:29.000Z</time></trkpt>
      <trkpt lat="52.734369" lon="-1.361598"><ele>148.6</ele><time>2025-05-02T12:05:30.000Z</time></trkpt>
      <trkpt lat="52.734358" lon="-1.361613"><ele>148.6</ele><time>2025-05-02T12:05:31.000Z</time></trkpt>
      <trkpt lat="52.734347" lon="-1.361629"><ele>148.6</ele><time>2025-05-02T12:05:32.000Z</time></trkpt>
      <trkpt lat="52.734337" lon="-1.361644"><ele>148.5</ele><time>2025-05-02T12:05:33.000Z</time></trkpt>
      <trkpt lat="52.734326" lon="-1.361660"><ele>148.5</ele><time>2025-05-02T12:05:34.000Z</time></trkpt>
      <trkpt lat="52.734315" lon="-1.361675"><ele>148.5</ele><time>2025-05-02T12:05:35.000Z</time></trkpt>
      <trkpt lat="52.734305" lon="-1.361691"><ele>148.5</ele><time>2025-05-02T12:05:36.000Z</time></trkpt>
      <trkpt lat="52.734295" lon="-1.361708"><ele>148.5</ele><time>2025-05-02T12:05:37.000Z</time></trkpt>
      <trkpt lat="52.734285" lon="-1.361725"><ele>148.5</ele><time>2025-05-02T12:05:38.000Z</time></trkpt>
      <trkpt lat="52.734276" lon="-1.361741"><ele>148.4</ele><time>2025-05-02T12:05:39.000Z</time></trkpt>
      <trkpt lat="52.734266" lon="-1.361757"><ele>148.4</ele><time>2025-05-02T12:05:40.000Z</time></trkpt>
      <trkpt lat="52.734256" lon="-1.361774"><ele>148.4</ele><time>2025-05-02T12:05:41.000Z</time></trkpt>
      <trkpt lat="52.734247" lon="-1.361790"><ele>148.4</ele><time>2025-05-02T12:05:42.000Z</time></trkpt>
      <trkpt lat="52.734238" lon="-1.361807"><ele>148.4</ele><time>2025-05-02T12:05:43.000Z</time></trkpt>
      <trkpt lat="52.734228" lon="-1.361824"><ele>148.4</ele><time>2025-05-02T12:05:44.000Z</time></trkpt>
      <trkpt lat="52.734219" lon="-1.361840"><ele>148.4</ele><time>2025-05-02T12:05:45.000Z</time></trkpt>
      <trkpt lat="52.734209" lon="-1.361856"><ele>148.4</ele><time>2025-05-02T12:05:46.000Z</time></trkpt>
      <trkpt lat="52.734199" lon="-1.361872"><ele>148.4</ele><time>2025-05-02T12:05:47.000Z</time></trkpt>
      <trkpt lat="52.734190" lon="-1.361888"><ele>148.4</ele><time>2025-05-02T12:05:48.000Z</time></trkpt>
      <trkpt lat="52.734180" lon="-1.361904"><ele>148.4</ele><time>2025-05-02T12:05:49.000Z</time></trkpt>
      <trkpt lat="52.734170" lon="-1.361919"><ele>148.4</ele><time>2025-05-02T12:05:50.000Z</time></trkpt>
      <trkpt lat="52.734160" lon="-1.361934"><ele>148.4</ele><time>2025-05-02T12:05:51.000Z</time></trkpt>
      <trkpt lat="52.734150" lon="-1.361950"><ele>148.4</ele><time>2025-05-02T12:05:52.000Z</time></trkpt>
      <trkpt lat="52.734140" lon="-1.361965"><ele>148.4</ele><time>2025-05-02T12:05:53.000Z</time></trkpt>
      <trkpt lat="52.734130" lon="-1.361981"><ele>148.4</ele><time>2025-05-02T12:05:54.000Z</time></trkpt>
      <trkpt lat="52.734120" lon="-1.361996"><ele>148.4</ele><time>2025-05-02T12:05:55.000Z</time></trkpt>
      <trkpt lat="52.734110" lon="-1.362011"><ele>148.4</ele><time>2025-05-02T12:05:56.000Z</time></trkpt>
      <trkpt lat="52.734100" lon="-1.362026"><ele>148.4</ele><time>2025-05-02T12:05:57.000Z</time></trkpt>
      <trkpt lat="52.734090" lon="-1.362041"><ele>148.5</ele><time>2025-05-02T12:05:58.000Z</time></trkpt>
      <trkpt lat="52.734081" lon="-1.362056"><ele>148.5</ele><time>2025-05-02T12:05:59.000Z</time></trkpt>
      <trkpt lat="52.734071" lon="-1.362072"><ele>148.5</ele><time>2025-05-02T12:06:00.000Z</time></trkpt>
      <trkpt lat="52.734062" lon="-1.362088"><ele>148.6</ele><time>2025-05-02T12:06:01.000Z</time></trkpt>
      <trkpt lat="52.734052" lon="-1.362104"><ele>148.6</ele><time>2025-05-02T12:06:02.000Z</time></trkpt>
      <trkpt lat="52.734043" lon="-1.362119"><ele>148.7</ele><time>2025-05-02T12:06:03.000Z</time></trkpt>
      <trkpt lat="52.734032" lon="-1.362134"><ele>148.7</ele><time>2025-05-02T12:06:04.000Z</time></trkpt>
      <trkpt lat="52.734022" lon="-1.362148"><ele>148.8</ele><time>2025-05-02T12:06:05.000Z</time></trkpt>
      <trkpt lat="52.734012" lon="-1.362164"><ele>148.8</ele><time>2025-05-02T12:06:06.000Z</time></trkpt>
      <trkpt lat="52.734003" lon="-1.362180"><ele>148.9</ele><time>2025-05-02T12:06:07.000Z</time></trkpt>
      <trkpt lat="52.733993" lon="-1.362197"><ele>149.0</ele><time>2025-05-02T12:06:08.000Z</time></trkpt>
      <trkpt lat="52.733984" lon="-1.362214"><ele>149.0</ele><time>2025-05-02T12:06:09.000Z</time></trkpt>
      <trkpt lat="52.733974" lon="-1.362230"><ele>149.1</ele><time>2025-05-02T12:06:10.000Z</time></trkpt>
      <trkpt lat="52.733964" lon="-1.362246"><ele>149.1</ele><time>2025-05-02T12:06:11.000Z</time></trkpt>
      <trkpt lat="52.733955" lon="-1.362262"><ele>149.2</ele><time>2025-05-02T12:06:12.000Z</time></trkpt>
      <trkpt lat="52.733946" lon="-1.362279"><ele>149.2</ele><time>2025-05-02T12:06:13.000Z</time></trkpt>
      <trkpt lat="52.733937" lon="-1.362295"><ele>149.3</ele><time>2025-05-02T12:06:14.000Z</time></trkpt>
      <trkpt lat="52.733928" lon="-1.362311"><ele>149.3</ele><time>2025-05-02T12:06:15.000Z</time></trkpt>
      <trkpt lat="52.733920" lon="-1.362326"><ele>149.3</ele><time>2025-05-02T12:06:16.000Z</time></trkpt>
      <trkpt lat="52.733911" lon="-1.362342"><ele>149.3</ele><time>2025-05-02T12:06:17.000Z</time></trkpt>
      <trkpt lat="52.733903" lon="-1.362357"><ele>149.4</ele><time>2025-05-02T12:06:18.000Z</time></trkpt>
      <trkpt lat="52.733894" lon="-1.362372"><ele>149.4</ele><time>2025-05-02T12:06:19.000Z</time></trkpt>
      <trkpt lat="52.733884" lon="-1.362387"><ele>149.4</ele><time>2025-05-02T12:06:20.000Z</time></trkpt>
      <trkpt lat="52.733875" lon="-1.362402"><ele>149.4</ele><time>2025-05-02T12:06:21.000Z</time></trkpt>
      <trkpt lat="52.733866" lon="-1.362418"><ele>149.3</ele><time>2025-05-02T12:06:22.000Z</time></trkpt>
      <trkpt lat="52.733859" lon="-1.362436"><ele>149.3</ele><time>2025-05-02T12:06:23.000Z</time></trkpt>
      <trkpt lat="52.733851" lon="-1.362453"><ele>149.3</ele><time>2025-05-02T12:06:24.000Z</time></trkpt>
      <trkpt lat="52.733844" lon="-1.362471"><ele>149.3</ele><time>2025-05-02T12:06:25.000Z</time></trkpt>
      <trkpt lat="52.733836" lon="-1.362488"><ele>149.4</ele><time>2025-05-02T12:06:26.000Z</time></trkpt>
      <trkpt lat="52.733827" lon="-1.362505"><ele>149.4</ele><time>2025-05-02T12:06:27.000Z</time></trkpt>
      <trkpt lat="52.733816" lon="-1.362519"><ele>149.4</ele><time>2025-05-02T12:06:28.000Z</time></trkpt>
      <trkpt lat="52.733803" lon="-1.362530"><ele>149.4</ele><time>2025-05-02T12:06:29.000Z</time></trkpt>
      <trkpt lat="52.733790" lon="-1.362541"><ele>149.4</ele><time>2025-05-02T12:06:30.000Z</time></trkpt>
      <trkpt lat="52.733778" lon="-1.362554"><ele>149.5</ele><time>2025-05-02T12:06:31.000Z</time></trkpt>
      <trkpt lat="52.733766" lon="-1.362569"><ele>149.5</ele><time>2025-05-02T12:06:32.000Z</time></trkpt>
      <trkpt lat="52.733755" lon="-1.362584"><ele>149.6</ele><time>2025-05-02T12:06:33.000Z</time></trkpt>
      <trkpt lat="52.733745" lon="-1.362600"><ele>149.6</ele><time>2025-05-02T12:06:34.000Z</time></trkpt>
      <trkpt lat="52.733735" lon="-1.362617"><ele>149.7</ele><time>2025-05-02T12:06:35.000Z</time></trkpt>
      <trkpt lat="52.733725" lon="-1.362633"><ele>149.7</ele><time>2025-05-02T12:06:36.000Z</time></trkpt>
      <trkpt lat="52.733715" lon="-1.362649"><ele>149.8</ele><time>2025-05-02T12:06:37.000Z</time></trkpt>
      <trkpt lat="52.733705" lon="-1.362664"><ele>149.8</ele><time>2025-05-02T12:06:38.000Z</time></trkpt>
      <trkpt lat="52.733695" lon="-1.362680"><ele>149.8</ele><time>2025-05-02T12:06:39.000Z</time></trkpt>
      <trkpt lat="52.733685" lon="-1.362694"><ele>149.9</ele><time>2025-05-02T12:06:40.000Z</time></trkpt>
      <trkpt lat="52.733675" lon="-1.362709"><ele>149.9</ele><time>2025-05-02T12:06:41.000Z</time></trkpt>
      <trkpt lat="52.733665" lon="-1.362723"><ele>150.0</ele><time>2025-05-02T12:06:42.000Z</time></trkpt>
      <trkpt lat="52.733655" lon="-1.362739"><ele>150.0</ele><time>2025-05-02T12:06:43.000Z</time></trkpt>
      <trkpt lat="52.733646" lon="-1.362754"><ele>150.0</ele><time>2025-05-02T12:06:44.000Z</time></trkpt>
      <trkpt lat="52.733637" lon="-1.362770"><ele>150.0</ele><time>2025-05-02T12:06:45.000Z</time></trkpt>
      <trkpt lat="52.733627" lon="-1.362786"><ele>150.0</ele><time>2025-05-02T12:06:46.000Z</time></trkpt>
      <trkpt lat="52.733619" lon="-1.362802"><ele>150.0</ele><time>2025-05-02T12:06:47.000Z</time></trkpt>
      <trkpt lat="52.733610" lon="-1.362817"><ele>150.0</ele><time>2025-05-02T12:06:48.000Z</time></trkpt>
      <trkpt lat="52.733600" lon="-1.362833"><ele>150.0</ele><time>2025-05-02T12:06:49.000Z</time></trkpt>
      <trkpt lat="52.733591" lon="-1.362848"><ele>150.0</ele><time>2025-05-02T12:06:50.000Z</time></trkpt>
      <trkpt lat="52.733582" lon="-1.362864"><ele>149.9</ele><time>2025-05-02T12:06:51.000Z</time></trkpt>
      <trkpt lat="52.733573" lon="-1.362880"><ele>149.9</ele><time>2025-05-02T12:06:52.000Z</time></trkpt>
      <trkpt lat="52.733563" lon="-1.362895"><ele>149.9</ele><time>2025-05-02T12:06:53.000Z</time></trkpt>
      <trkpt lat="52.733553" lon="-1.362910"><ele>149.8</ele><time>2025-05-02T12:06:54.000Z</time></trkpt>
      <trkpt lat="52.733543" lon="-1.362925"><ele>149.8</ele><time>2025-05-02T12:06:55.000Z</time></trkpt>
      <trkpt lat="52.733534" lon="-1.362940"><ele>149.7</ele><time>2025-05-02T12:06:56.000Z</time></trkpt>
      <trkpt lat="52.733524" lon="-1.362956"><ele>149.7</ele><time>2025-05-02T12:06:57.000Z</time></trkpt>
      <trkpt lat="52.733515" lon="-1.362972"><ele>149.7</ele><time>2025-05-02T12:06:58.000Z</time></trkpt>
      <trkpt lat="52.733506" lon="-1.362988"><ele>149.6</ele><time>2025-05-02T12:06:59.000Z</time></trkpt>
      <trkpt lat="52.733497" lon="-1.363004"><ele>149.6</ele><time>2025-05-02T12:07:00.000Z</time></trkpt>
      <trkpt lat="52.733489" lon="-1.363020"><ele>149.5</ele><time>2025-05-02T12:07:01.000Z</time></trkpt>
      <trkpt lat="52.733480" lon="-1.363036"><ele>149.5</ele><time>2025-05-02T12:07:02.000Z</time></trkpt>
      <trkpt lat="52.733470" lon="-1.363051"><ele>149.5</ele><time>2025-05-02T12:07:03.000Z</time></trkpt>
      <trkpt lat="52.733460" lon="-1.363066"><ele>149.4</ele><time>2025-05-02T12:07:04.000Z</time></trkpt>
      <trkpt lat="52.733450" lon="-1.363080"><ele>149.4</ele><time>2025-05-02T12:07:05.000Z</time></trkpt>
      <trkpt lat="52.733440" lon="-1.363096"><ele>149.3</ele><time>2025-05-02T12:07:06.000Z</time></trkpt>
      <trkpt lat="52.733431" lon="-1.363111"><ele>149.3</ele><time>2025-05-02T12:07:07.000Z</time></trkpt>
      <trkpt lat="52.733421" lon="-1.363127"><ele>149.3</ele><time>2025-05-02T12:07:08.000Z</time></trkpt>
      <trkpt lat="52.733412" lon="-1.363143"><ele>149.3</ele><time>2025-05-02T12:07:09.000Z</time></trkpt>
      <trkpt lat="52.733402" lon="-1.363160"><ele>149.3</ele><time>2025-05-02T12:07:10.000Z</time></trkpt>
      <trkpt lat="52.733393" lon="-1.363176"><ele>149.2</ele><time>2025-05-02T12:07:11.000Z</time></trkpt>
      <trkpt lat="52.733383" lon="-1.363194"><ele>149.2</ele><time>2025-05-02T12:07:12.000Z</time></trkpt>
      <trkpt lat="52.733373" lon="-1.363211"><ele>149.2</ele><time>2025-05-02T12:07:13.000Z</time></trkpt>
      <trkpt lat="52.733362" lon="-1.363226"><ele>149.2</ele><time>2025-05-02T12:07:14.000Z</time></trkpt>
      <trkpt lat="52.733351" lon="-1.363241"><ele>149.2</ele><time>2025-05-02T12:07:15.000Z</time></trkpt>
      <trkpt lat="52.733340" lon="-1.363256"><ele>149.2</ele><time>2025-05-02T12:07:16.000Z</time></trkpt>
      <trkpt lat="52.733329" lon="-1.363270"><ele>149.2</ele><time>2025-05-02T12:07:17.000Z</time></trkpt>
      <trkpt lat="52.733318" lon="-1.363285"><ele>149.2</ele><time>2025-05-02T12:07:18.000Z</time></trkpt>
      <trkpt lat="52.733308" lon="-1.363300"><ele>149.3</ele><time>2025-05-02T12:07:19.000Z</time></trkpt>
      <trkpt lat="52.733298" lon="-1.363316"><ele>149.3</ele><time>2025-05-02T12:07:20.000Z</time></trkpt>
      <trkpt lat="52.733288" lon="-1.363332"><ele>149.3</ele><time>2025-05-02T12:07:21.000Z</time></trkpt>
      <trkpt lat="52.733278" lon="-1.363349"><ele>149.3</ele><time>2025-05-02T12:07:22.000Z</time></trkpt>
      <trkpt lat="52.733268" lon="-1.363365"><ele>149.3</ele><time>2025-05-02T12:07:23.000Z</time></trkpt>
      <trkpt lat="52.733258" lon="-1.363381"><ele>149.3</ele><time>2025-05-02T12:07:24.000Z</time></trkpt>
      <trkpt lat="52.733248" lon="-1.363398"><ele>149.2</ele><time>2025-05-02T12:07:25.000Z</time></trkpt>
      <trkpt lat="52.733238" lon="-1.363414"><ele>149.2</ele><time>2025-05-02T12:07:26.000Z</time></trkpt>
      <trkpt lat="52.733228" lon="-1.363430"><ele>149.2</ele><time>2025-05-02T12:07:27.000Z</time></trkpt>
      <trkpt lat="52.733218" lon="-1.363445"><ele>149.2</ele><time>2025-05-02T12:07:28.000Z</time></trkpt>
      <trkpt lat="52.733207" lon="-1.363460"><ele>149.1</ele><time>2025-05-02T12:07:29.000Z</time></trkpt>
      <trkpt lat="52.733196" lon="-1.363475"><ele>149.1</ele><time>2025-05-02T12:07:30.000Z</time></trkpt>
      <trkpt lat="52.733186" lon="-1.363490"><ele>149.0</ele><time>2025-05-02T12:07:31.000Z</time></trkpt>
      <trkpt lat="52.733176" lon="-1.363506"><ele>149.0</ele><time>2025-05-02T12:07:32.000Z</time></trkpt>
      <trkpt lat="52.733166" lon="-1.363522"><ele>148.9</ele><time>2025-05-02T12:07:33.000Z</time></trkpt>
      <trkpt lat="52.733155" lon="-1.363538"><ele>148.9</ele><time>2025-05-02T12:07:34.000Z</time></trkpt>
      <trkpt lat="52.733145" lon="-1.363554"><ele>148.8</ele><time>2025-05-02T12:07:35.000Z</time></trkpt>
      <trkpt lat="52.733136" lon="-1.363570"><ele>148.8</ele><time>2025-05-02T12:07:35.000Z</time></trkpt>
      <trkpt lat="52.733126" lon="-1.363587"><ele>148.7</ele><time>2025-05-02T12:07:36.000Z</time></trkpt>
      <trkpt lat="52.733115" lon="-1.363603"><ele>148.7</ele><time>2025-05-02T12:07:37.000Z</time></trkpt>
      <trkpt lat="52.733104" lon="-1.363618"><ele>148.6</ele><time>2025-05-02T12:07:38.000Z</time></trkpt>
      <trkpt lat="52.733093" lon="-1.363634"><ele>148.6</ele><time>2025-05-02T12:07:39.000Z</time></trkpt>
      <trkpt lat="52.733082" lon="-1.363650"><ele>148.6</ele><time>2025-05-02T12:07:40.000Z</time></trkpt>
      <trkpt lat="52.733071" lon="-1.363666"><ele>148.5</ele><time>2025-05-02T12:07:41.000Z</time></trkpt>
      <trkpt lat="52.733060" lon="-1.363683"><ele>148.5</ele><time>2025-05-02T12:07:42.000Z</time></trkpt>
      <trkpt lat="52.733050" lon="-1.363700"><ele>148.5</ele><time>2025-05-02T12:07:43.000Z</time></trkpt>
      <trkpt lat="52.733040" lon="-1.363717"><ele>148.4</ele><time>2025-05-02T12:07:44.000Z</time></trkpt>
      <trkpt lat="52.733031" lon="-1.363734"><ele>148.4</ele><time>2025-05-02T12:07:45.000Z</time></trkpt>
      <trkpt lat="52.733021" lon="-1.363752"><ele>148.4</ele><time>2025-05-02T12:07:46.000Z</time></trkpt>
      <trkpt lat="52.733011" lon="-1.363768"><ele>148.3</ele><time>2025-05-02T12:07:47.000Z</time></trkpt>
      <trkpt lat="52.733001" lon="-1.363785"><ele>148.3</ele><time>2025-05-02T12:07:48.000Z</time></trkpt>
      <trkpt lat="52.732990" lon="-1.363801"><ele>148.3</ele><time>2025-05-02T12:07:49.000Z</time></trkpt>
      <trkpt lat="52.732979" lon="-1.363817"><ele>148.2</ele><time>2025-05-02T12:07:50.000Z</time></trkpt>
      <trkpt lat="52.732969" lon="-1.363833"><ele>148.2</ele><time>2025-05-02T12:07:51.000Z</time></trkpt>
      <trkpt lat="52.732959" lon="-1.363850"><ele>148.2</ele><time>2025-05-02T12:07:52.000Z</time></trkpt>
      <trkpt lat="52.732949" lon="-1.363868"><ele>148.2</ele><time>2025-05-02T12:07:53.000Z</time></trkpt>
      <trkpt lat="52.732939" lon="-1.363886"><ele>148.2</ele><time>2025-05-02T12:07:54.000Z</time></trkpt>
      <trkpt lat="52.732930" lon="-1.363904"><ele>148.2</ele><time>2025-05-02T12:07:55.000Z</time></trkpt>
      <trkpt lat="52.732920" lon="-1.363921"><ele>148.1</ele><time>2025-05-02T12:07:56.000Z</time></trkpt>
      <trkpt lat="52.732910" lon="-1.363938"><ele>148.1</ele><time>2025-05-02T12:07:57.000Z</time></trkpt>
      <trkpt lat="52.732899" lon="-1.363954"><ele>148.1</ele><time>2025-05-02T12:07:58.000Z</time></trkpt>
      <trkpt lat="52.732888" lon="-1.363969"><ele>148.1</ele><time>2025-05-02T12:07:59.000Z</time></trkpt>
      <trkpt lat="52.732877" lon="-1.363984"><ele>148.1</ele><time>2025-05-02T12:08:00.000Z</time></trkpt>
      <trkpt lat="52.732866" lon="-1.364000"><ele>148.1</ele><time>2025-05-02T12:08:01.000Z</time></trkpt>
      <trkpt lat="52.732856" lon="-1.364017"><ele>148.1</ele><time>2025-05-02T12:08:02.000Z</time></trkpt>
      <trkpt lat="52.732846" lon="-1.364034"><ele>148.1</ele><time>2025-05-02T12:08:03.000Z</time></trkpt>
      <trkpt lat="52.732835" lon="-1.364051"><ele>148.1</ele><time>2025-05-02T12:08:04.000Z</time></trkpt>
      <trkpt lat="52.732824" lon="-1.364066"><ele>148.1</ele><time>2025-05-02T12:08:05.000Z</time></trkpt>
      <trkpt lat="52.732813" lon="-1.364081"><ele>148.0</ele><time>2025-05-02T12:08:06.000Z</time></trkpt>
      <trkpt lat="52.732802" lon="-1.364097"><ele>148.0</ele><time>2025-05-02T12:08:07.000Z</time></trkpt>
      <trkpt lat="52.732791" lon="-1.364113"><ele>148.0</ele><time>2025-05-02T12:08:08.000Z</time></trkpt>
      <trkpt lat="52.732781" lon="-1.364129"><ele>148.0</ele><time>2025-05-02T12:08:09.000Z</time></trkpt>
      <trkpt lat="52.732770" lon="-1.364145"><ele>148.0</ele><time>2025-05-02T12:08:10.000Z</time></trkpt>
      <trkpt lat="52.732760" lon="-1.364161"><ele>148.0</ele><time>2025-05-02T12:08:11.000Z</time></trkpt>
      <trkpt lat="52.732750" lon="-1.364178"><ele>148.0</ele><time>2025-05-02T12:08:12.000Z</time></trkpt>
      <trkpt lat="52.732740" lon="-1.364194"><ele>148.0</ele><time>2025-05-02T12:08:13.000Z</time></trkpt>
      <trkpt lat="52.732729" lon="-1.364210"><ele>148.0</ele><time>2025-05-02T12:08:14.000Z</time></trkpt>
      <trkpt lat="52.732719" lon="-1.364226"><ele>148.0</ele><time>2025-05-02T12:08:15.000Z</time></trkpt>
      <trkpt lat="52.732709" lon="-1.364242"><ele>148.0</ele><time>2025-05-02T12:08:16.000Z</time></trkpt>
      <trkpt lat="52.732699" lon="-1.364259"><ele>148.0</ele><time>2025-05-02T12:08:17.000Z</time></trkpt>
      <trkpt lat="52.732688" lon="-1.364275"><ele>148.0</ele><time>2025-05-02T12:08:18.000Z</time></trkpt>
      <trkpt lat="52.732678" lon="-1.364292"><ele>148.0</ele><time>2025-05-02T12:08:19.000Z</time></trkpt>
      <trkpt lat="52.732667" lon="-1.364308"><ele>148.0</ele><time>2025-05-02T12:08:20.000Z</time></trkpt>
      <trkpt lat="52.732657" lon="-1.364325"><ele>148.0</ele><time>2025-05-02T12:08:21.000Z</time></trkpt>
      <trkpt lat="52.732647" lon="-1.364341"><ele>148.0</ele><time>2025-05-02T12:08:22.000Z</time></trkpt>
      <trkpt lat="52.732636" lon="-1.364357"><ele>148.0</ele><time>2025-05-02T12:08:23.000Z</time></trkpt>
      <trkpt lat="52.732625" lon="-1.364373"><ele>148.0</ele><time>2025-05-02T12:08:24.000Z</time></trkpt>
      <trkpt lat="52.732615" lon="-1.364389"><ele>148.0</ele><time>2025-05-02T12:08:25.000Z</time></trkpt>
      <trkpt lat="52.732606" lon="-1.364405"><ele>148.0</ele><time>2025-05-02T12:08:26.000Z</time></trkpt>
      <trkpt lat="52.732596" lon="-1.364421"><ele>148.0</ele><time>2025-05-02T12:08:27.000Z</time></trkpt>
      <trkpt lat="52.732586" lon="-1.364436"><ele>148.0</ele><time>2025-05-02T12:08:28.000Z</time></trkpt>
      <trkpt lat="52.732575" lon="-1.364451"><ele>148.0</ele><time>2025-05-02T12:08:29.000Z</time></trkpt>
      <trkpt lat="52.732565" lon="-1.364464"><ele>148.0</ele><time>2025-05-02T12:08:30.000Z</time></trkpt>
      <trkpt lat="52.732554" lon="-1.364476"><ele>148.0</ele><time>2025-05-02T12:08:31.000Z</time></trkpt>
      <trkpt lat="52.732542" lon="-1.364484"><ele>148.0</ele><time>2025-05-02T12:08:32.000Z</time></trkpt>
      <trkpt lat="52.732529" lon="-1.364485"><ele>148.0</ele><time>2025-05-02T12:08:33.000Z</time></trkpt>
      <trkpt lat="52.732516" lon="-1.364479"><ele>148.0</ele><time>2025-05-02T12:08:34.000Z</time></trkpt>
      <trkpt lat="52.732502" lon="-1.364470"><ele>148.0</ele><time>2025-05-02T12:08:35.000Z</time></trkpt>
      <trkpt lat="52.732488" lon="-1.364464"><ele>147.9</ele><time>2025-05-02T12:08:36.000Z</time></trkpt>
      <trkpt lat="52.732474" lon="-1.364465"><ele>147.9</ele><time>2025-05-02T12:08:37.000Z</time></trkpt>
      <trkpt lat="52.732460" lon="-1.364473"><ele>147.9</ele><time>2025-05-02T12:08:38.000Z</time></trkpt>
      <trkpt lat="52.732448" lon="-1.364486"><ele>147.9</ele><time>2025-05-02T12:08:39.000Z</time></trkpt>
      <trkpt lat="52.732437" lon="-1.364502"><ele>147.9</ele><time>2025-05-02T12:08:40.000Z</time></trkpt>
      <trkpt lat="52.732426" lon="-1.364518"><ele>147.9</ele><time>2025-05-02T12:08:41.000Z</time></trkpt>
      <trkpt lat="52.732414" lon="-1.364534"><ele>147.9</ele><time>2025-05-02T12:08:42.000Z</time></trkpt>
      <trkpt lat="52.732403" lon="-1.364551"><ele>147.9</ele><time>2025-05-02T12:08:43.000Z</time></trkpt>
      <trkpt lat="52.732393" lon="-1.364568"><ele>147.8</ele><time>2025-05-02T12:08:44.000Z</time></trkpt>
      <trkpt lat="52.732383" lon="-1.364588"><ele>147.8</ele><time>2025-05-02T12:08:45.000Z</time></trkpt>
      <trkpt lat="52.732373" lon="-1.364607"><ele>147.8</ele><time>2025-05-02T12:08:46.000Z</time></trkpt>
      <trkpt lat="52.732363" lon="-1.364625"><ele>147.8</ele><time>2025-05-02T12:08:47.000Z</time></trkpt>
      <trkpt lat="52.732351" lon="-1.364642"><ele>147.8</ele><time>2025-05-02T12:08:48.000Z</time></trkpt>
      <trkpt lat="52.732340" lon="-1.364659"><ele>147.7</ele><time>2025-05-02T12:08:49.000Z</time></trkpt>
      <trkpt lat="52.732330" lon="-1.364677"><ele>147.7</ele><time>2025-05-02T12:08:50.000Z</time></trkpt>
      <trkpt lat="52.732321" lon="-1.364695"><ele>147.7</ele><time>2025-05-02T12:08:51.000Z</time></trkpt>
      <trkpt lat="52.732311" lon="-1.364713"><ele>147.7</ele><time>2025-05-02T12:08:52.000Z</time></trkpt>
      <trkpt lat="52.732300" lon="-1.364730"><ele>147.7</ele><time>2025-05-02T12:08:53.000Z</time></trkpt>
      <trkpt lat="52.732289" lon="-1.364747"><ele>147.7</ele><time>2025-05-02T12:08:54.000Z</time></trkpt>
      <trkpt lat="52.732278" lon="-1.364763"><ele>147.7</ele><time>2025-05-02T12:08:55.000Z</time></trkpt>
      <trkpt lat="52.732267" lon="-1.364778"><ele>147.7</ele><time>2025-05-02T12:08:56.000Z</time></trkpt>
      <trkpt lat="52.732255" lon="-1.364793"><ele>147.6</ele><time>2025-05-02T12:08:57.000Z</time></trkpt>
      <trkpt lat="52.732243" lon="-1.364807"><ele>147.6</ele><time>2025-05-02T12:08:58.000Z</time></trkpt>
      <trkpt lat="52.732231" lon="-1.364821"><ele>147.6</ele><time>2025-05-02T12:08:59.000Z</time></trkpt>
      <trkpt lat="52.732220" lon="-1.364836"><ele>147.6</ele><time>2025-05-02T12:09:00.000Z</time></trkpt>
      <trkpt lat="52.732210" lon="-1.364851"><ele>147.6</ele><time>2025-05-02T12:09:01.000Z</time></trkpt>
      <trkpt lat="52.732199" lon="-1.364868"><ele>147.6</ele><time>2025-05-02T12:09:02.000Z</time></trkpt>
      <trkpt lat="52.732190" lon="-1.364886"><ele>147.6</ele><time>2025-05-02T12:09:03.000Z</time></trkpt>
      <trkpt lat="52.732180" lon="-1.364903"><ele>147.6</ele><time>2025-05-02T12:09:04.000Z</time></trkpt>
      <trkpt lat="52.732171" lon="-1.364921"><ele>147.7</ele><time>2025-05-02T12:09:05.000Z</time></trkpt>
      <trkpt lat="52.732161" lon="-1.364938"><ele>147.7</ele><time>2025-05-02T12:09:06.000Z</time></trkpt>
      <trkpt lat="52.732152" lon="-1.364955"><ele>147.6</ele><time>2025-05-02T12:09:08.000Z</time></trkpt>
      <trkpt lat="52.732141" lon="-1.364971"><ele>147.6</ele><time>2025-05-02T12:09:09.000Z</time></trkpt>
      <trkpt lat="52.732131" lon="-1.364987"><ele>147.6</ele><time>2025-05-02T12:09:10.000Z</time></trkpt>
      <trkpt lat="52.732121" lon="-1.365003"><ele>147.5</ele><time>2025-05-02T12:09:11.000Z</time></trkpt>
      <trkpt lat="52.732112" lon="-1.365019"><ele>147.5</ele><time>2025-05-02T12:09:12.000Z</time></trkpt>
      <trkpt lat="52.732102" lon="-1.365036"><ele>147.5</ele><time>2025-05-02T12:09:13.000Z</time></trkpt>
      <trkpt lat="52.732093" lon="-1.365052"><ele>147.4</ele><time>2025-05-02T12:09:14.000Z</time></trkpt>
      <trkpt lat="52.732083" lon="-1.365068"><ele>147.4</ele><time>2025-05-02T12:09:15.000Z</time></trkpt>
      <trkpt lat="52.732073" lon="-1.365084"><ele>147.4</ele><time>2025-05-02T12:09:16.000Z</time></trkpt>
      <trkpt lat="52.732064" lon="-1.365099"><ele>147.3</ele><time>2025-05-02T12:09:17.000Z</time></trkpt>
      <trkpt lat="52.732055" lon="-1.365114"><ele>147.3</ele><time>2025-05-02T12:09:18.000Z</time></trkpt>
      <trkpt lat="52.732046" lon="-1.365129"><ele>147.3</ele><time>2025-05-02T12:09:19.000Z</time></trkpt>
      <trkpt lat="52.732036" lon="-1.365142"><ele>147.3</ele><time>2025-05-02T12:09:20.000Z</time></trkpt>
      <trkpt lat="52.732025" lon="-1.365154"><ele>147.3</ele><time>2025-05-02T12:09:21.000Z</time></trkpt>
      <trkpt lat="52.732014" lon="-1.365167"><ele>147.3</ele><time>2025-05-02T12:09:22.000Z</time></trkpt>
      <trkpt lat="52.732004" lon="-1.365182"><ele>147.3</ele><time>2025-05-02T12:09:23.000Z</time></trkpt>
      <trkpt lat="52.731994" lon="-1.365198"><ele>147.3</ele><time>2025-05-02T12:09:24.000Z</time></trkpt>
      <trkpt lat="52.731984" lon="-1.365214"><ele>147.3</ele><time>2025-05-02T12:09:25.000Z</time></trkpt>
      <trkpt lat="52.731974" lon="-1.365232"><ele>147.3</ele><time>2025-05-02T12:09:26.000Z</time></trkpt>
      <trkpt lat="52.731964" lon="-1.365250"><ele>147.3</ele><time>2025-05-02T12:09:27.000Z</time></trkpt>
      <trkpt lat="52.731955" lon="-1.365269"><ele>147.4</ele><time>2025-05-02T12:09:28.000Z</time></trkpt>
      <trkpt lat="52.731946" lon="-1.365287"><ele>147.4</ele><time>2025-05-02T12:09:29.000Z</time></trkpt>
      <trkpt lat="52.731937" lon="-1.365305"><ele>147.4</ele><time>2025-05-02T12:09:30.000Z</time></trkpt>
      <trkpt lat="52.731928" lon="-1.365323"><ele>147.4</ele><time>2025-05-02T12:09:31.000Z</time></trkpt>
      <trkpt lat="52.731919" lon="-1.365341"><ele>147.4</ele><time>2025-05-02T12:09:32.000Z</time></trkpt>
      <trkpt lat="52.731910" lon="-1.365358"><ele>147.3</ele><time>2025-05-02T12:09:33.000Z</time></trkpt>
      <trkpt lat="52.731901" lon="-1.365375"><ele>147.3</ele><time>2025-05-02T12:09:34.000Z</time></trkpt>
      <trkpt lat="52.731891" lon="-1.365391"><ele>147.3</ele><time>2025-05-02T12:09:35.000Z</time></trkpt>
      <trkpt lat="52.731880" lon="-1.365406"><ele>147.3</ele><time>2025-05-02T12:09:36.000Z</time></trkpt>
      <trkpt lat="52.731869" lon="-1.365420"><ele>147.2</ele><time>2025-05-02T12:09:37.000Z</time></trkpt>
      <trkpt lat="52.731857" lon="-1.365433"><ele>147.2</ele><time>2025-05-02T12:09:38.000Z</time></trkpt>
      <trkpt lat="52.731847" lon="-1.365447"><ele>147.2</ele><time>2025-05-02T12:09:39.000Z</time></trkpt>
      <trkpt lat="52.731836" lon="-1.365462"><ele>147.1</ele><time>2025-05-02T12:09:40.000Z</time></trkpt>
      <trkpt lat="52.731825" lon="-1.365476"><ele>147.1</ele><time>2025-05-02T12:09:41.000Z</time></trkpt>
      <trkpt lat="52.731814" lon="-1.365488"><ele>147.0</ele><time>2025-05-02T12:09:42.000Z</time></trkpt>
      <trkpt lat="52.731801" lon="-1.365498"><ele>147.0</ele><time>2025-05-02T12:09:43.000Z</time></trkpt>
      <trkpt lat="52.731789" lon="-1.365507"><ele>146.9</ele><time>2025-05-02T12:09:44.000Z</time></trkpt>
      <trkpt lat="52.731776" lon="-1.365514"><ele>146.9</ele><time>2025-05-02T12:09:45.000Z</time></trkpt>
      <trkpt lat="52.731763" lon="-1.365521"><ele>146.8</ele><time>2025-05-02T12:09:46.000Z</time></trkpt>
      <trkpt lat="52.731750" lon="-1.365529"><ele>146.7</ele><time>2025-05-02T12:09:47.000Z</time></trkpt>
      <trkpt lat="52.731739" lon="-1.365539"><ele>146.7</ele><time>2025-05-02T12:09:48.000Z</time></trkpt>
      <trkpt lat="52.731729" lon="-1.365552"><ele>146.6</ele><time>2025-05-02T12:09:49.000Z</time></trkpt>
      <trkpt lat="52.731719" lon="-1.365567"><ele>146.5</ele><time>2025-05-02T12:09:50.000Z</time></trkpt>
      <trkpt lat="52.731709" lon="-1.365581"><ele>146.5</ele><time>2025-05-02T12:09:51.000Z</time></trkpt>
      <trkpt lat="52.731699" lon="-1.365596"><ele>146.4</ele><time>2025-05-02T12:09:52.000Z</time></trkpt>
      <trkpt lat="52.731690" lon="-1.365610"><ele>146.3</ele><time>2025-05-02T12:09:53.000Z</time></trkpt>
      <trkpt lat="52.731681" lon="-1.365624"><ele>146.3</ele><time>2025-05-02T12:09:54.000Z</time></trkpt>
      <trkpt lat="52.731674" lon="-1.365637"><ele>146.2</ele><time>2025-05-02T12:09:55.000Z</time></trkpt>
      <trkpt lat="52.731667" lon="-1.365651"><ele>146.1</ele><time>2025-05-02T12:09:56.000Z</time></trkpt>
      <trkpt lat="52.731661" lon="-1.365664"><ele>146.1</ele><time>2025-05-02T12:09:57.000Z</time></trkpt>
      <trkpt lat="52.731654" lon="-1.365679"><ele>146.0</ele><time>2025-05-02T12:09:58.000Z</time></trkpt>
      <trkpt lat="52.731648" lon="-1.365694"><ele>146.0</ele><time>2025-05-02T12:09:59.000Z</time></trkpt>
      <trkpt lat="52.731640" lon="-1.365711"><ele>145.9</ele><time>2025-05-02T12:10:00.000Z</time></trkpt>
      <trkpt lat="52.731631" lon="-1.365727"><ele>145.9</ele><time>2025-05-02T12:10:01.000Z</time></trkpt>
      <trkpt lat="52.731620" lon="-1.365743"><ele>145.9</ele><time>2025-05-02T12:10:02.000Z</time></trkpt>
      <trkpt lat="52.731609" lon="-1.365758"><ele>145.9</ele><time>2025-05-02T12:10:03.000Z</time></trkpt>
      <trkpt lat="52.731599" lon="-1.365774"><ele>145.9</ele><time>2025-05-02T12:10:04.000Z</time></trkpt>
      <trkpt lat="52.731589" lon="-1.365792"><ele>145.9</ele><time>2025-05-02T12:10:05.000Z</time></trkpt>
      <trkpt lat="52.731579" lon="-1.365809"><ele>145.9</ele><time>2025-05-02T12:10:06.000Z</time></trkpt>
      <trkpt lat="52.731569" lon="-1.365827"><ele>145.9</ele><time>2025-05-02T12:10:07.000Z</time></trkpt>
      <trkpt lat="52.731559" lon="-1.365843"><ele>145.9</ele><time>2025-05-02T12:10:08.000Z</time></trkpt>
      <trkpt lat="52.731549" lon="-1.365859"><ele>145.9</ele><time>2025-05-02T12:10:09.000Z</time></trkpt>
      <trkpt lat="52.731539" lon="-1.365876"><ele>145.9</ele><time>2025-05-02T12:10:10.000Z</time></trkpt>
      <trkpt lat="52.731528" lon="-1.365892"><ele>145.8</ele><time>2025-05-02T12:10:11.000Z</time></trkpt>
      <trkpt lat="52.731517" lon="-1.365910"><ele>145.8</ele><time>2025-05-02T12:10:12.000Z</time></trkpt>
      <trkpt lat="52.731507" lon="-1.365927"><ele>145.8</ele><time>2025-05-02T12:10:13.000Z</time></trkpt>
      <trkpt lat="52.731497" lon="-1.365944"><ele>145.7</ele><time>2025-05-02T12:10:14.000Z</time></trkpt>
      <trkpt lat="52.731487" lon="-1.365962"><ele>145.7</ele><time>2025-05-02T12:10:15.000Z</time></trkpt>
      <trkpt lat="52.731478" lon="-1.365979"><ele>145.6</ele><time>2025-05-02T12:10:16.000Z</time></trkpt>
      <trkpt lat="52.731468" lon="-1.365995"><ele>145.6</ele><time>2025-05-02T12:10:17.000Z</time></trkpt>
      <trkpt lat="52.731458" lon="-1.366011"><ele>145.5</ele><time>2025-05-02T12:10:18.000Z</time></trkpt>
      <trkpt lat="52.731448" lon="-1.366026"><ele>145.4</ele><time>2025-05-02T12:10:19.000Z</time></trkpt>
      <trkpt lat="52.731437" lon="-1.366041"><ele>145.3</ele><time>2025-05-02T12:10:20.000Z</time></trkpt>
      <trkpt lat="52.731426" lon="-1.366057"><ele>145.2</ele><time>2025-05-02T12:10:21.000Z</time></trkpt>
      <trkpt lat="52.731416" lon="-1.366074"><ele>145.2</ele><time>2025-05-02T12:10:22.000Z</time></trkpt>
      <trkpt lat="52.731407" lon="-1.366092"><ele>145.1</ele><time>2025-05-02T12:10:23.000Z</time></trkpt>
      <trkpt lat="52.731397" lon="-1.366110"><ele>145.0</ele><time>2025-05-02T12:10:24.000Z</time></trkpt>
      <trkpt lat="52.731388" lon="-1.366127"><ele>145.0</ele><time>2025-05-02T12:10:25.000Z</time></trkpt>
      <trkpt lat="52.731380" lon="-1.366145"><ele>144.9</ele><time>2025-05-02T12:10:26.000Z</time></trkpt>
      <trkpt lat="52.731372" lon="-1.366163"><ele>144.9</ele><time>2025-05-02T12:10:27.000Z</time></trkpt>
      <trkpt lat="52.731365" lon="-1.366180"><ele>144.8</ele><time>2025-05-02T12:10:28.000Z</time></trkpt>
      <trkpt lat="52.731357" lon="-1.366196"><ele>144.8</ele><time>2025-05-02T12:10:29.000Z</time></trkpt>
      <trkpt lat="52.731350" lon="-1.366212"><ele>144.8</ele><time>2025-05-02T12:10:30.000Z</time></trkpt>
      <trkpt lat="52.731342" lon="-1.366228"><ele>144.8</ele><time>2025-05-02T12:10:31.000Z</time></trkpt>
      <trkpt lat="52.731333" lon="-1.366245"><ele>144.9</ele><time>2025-05-02T12:10:32.000Z</time></trkpt>
      <trkpt lat="52.731324" lon="-1.366264"><ele>144.9</ele><time>2025-05-02T12:10:33.000Z</time></trkpt>
      <trkpt lat="52.731315" lon="-1.366283"><ele>144.9</ele><time>2025-05-02T12:10:34.000Z</time></trkpt>
      <trkpt lat="52.731305" lon="-1.366304"><ele>145.0</ele><time>2025-05-02T12:10:35.000Z</time></trkpt>
      <trkpt lat="52.731295" lon="-1.366325"><ele>145.1</ele><time>2025-05-02T12:10:36.000Z</time></trkpt>
      <trkpt lat="52.731286" lon="-1.366344"><ele>145.1</ele><time>2025-05-02T12:10:37.000Z</time></trkpt>
      <trkpt lat="52.731276" lon="-1.366363"><ele>145.2</ele><time>2025-05-02T12:10:38.000Z</time></trkpt>
      <trkpt lat="52.731267" lon="-1.366382"><ele>145.3</ele><time>2025-05-02T12:10:39.000Z</time></trkpt>
      <trkpt lat="52.731257" lon="-1.366399"><ele>145.4</ele><time>2025-05-02T12:10:40.000Z</time></trkpt>
      <trkpt lat="52.731246" lon="-1.366415"><ele>145.5</ele><time>2025-05-02T12:10:41.000Z</time></trkpt>
      <trkpt lat="52.731235" lon="-1.366430"><ele>145.6</ele><time>2025-05-02T12:10:42.000Z</time></trkpt>
      <trkpt lat="52.731224" lon="-1.366443"><ele>145.6</ele><time>2025-05-02T12:10:43.000Z</time></trkpt>
      <trkpt lat="52.731211" lon="-1.366455"><ele>145.7</ele><time>2025-05-02T12:10:44.000Z</time></trkpt>
      <trkpt lat="52.731199" lon="-1.366466"><ele>145.8</ele><time>2025-05-02T12:10:45.000Z</time></trkpt>
      <trkpt lat="52.731187" lon="-1.366476"><ele>145.8</ele><time>2025-05-02T12:10:46.000Z</time></trkpt>
      <trkpt lat="52.731174" lon="-1.366483"><ele>145.9</ele><time>2025-05-02T12:10:47.000Z</time></trkpt>
      <trkpt lat="52.731161" lon="-1.366489"><ele>146.0</ele><time>2025-05-02T12:10:48.000Z</time></trkpt>
      <trkpt lat="52.731147" lon="-1.366494"><ele>146.0</ele><time>2025-05-02T12:10:49.000Z</time></trkpt>
      <trkpt lat="52.731134" lon="-1.366497"><ele>146.1</ele><time>2025-05-02T12:10:50.000Z</time></trkpt>
      <trkpt lat="52.731120" lon="-1.366500"><ele>146.2</ele><time>2025-05-02T12:10:51.000Z</time></trkpt>
      <trkpt lat="52.731107" lon="-1.366499"><ele>146.2</ele><time>2025-05-02T12:10:52.000Z</time></trkpt>
      <trkpt lat="52.731093" lon="-1.366495"><ele>146.3</ele><time>2025-05-02T12:10:53.000Z</time></trkpt>
      <trkpt lat="52.731080" lon="-1.366489"><ele>146.4</ele><time>2025-05-02T12:10:54.000Z</time></trkpt>
      <trkpt lat="52.731067" lon="-1.366483"><ele>146.5</ele><time>2025-05-02T12:10:55.000Z</time></trkpt>
      <trkpt lat="52.731055" lon="-1.366475"><ele>146.5</ele><time>2025-05-02T12:10:56.000Z</time></trkpt>
      <trkpt lat="52.731044" lon="-1.366464"><ele>146.6</ele><time>2025-05-02T12:10:57.000Z</time></trkpt>
      <trkpt lat="52.731033" lon="-1.366453"><ele>146.7</ele><time>2025-05-02T12:10:58.000Z</time></trkpt>
      <trkpt lat="52.731023" lon="-1.366440"><ele>146.7</ele><time>2025-05-02T12:10:59.000Z</time></trkpt>
      <trkpt lat="52.731013" lon="-1.366426"><ele>146.8</ele><time>2025-05-02T12:11:00.000Z</time></trkpt>
      <trkpt lat="52.731003" lon="-1.366413"><ele>146.9</ele><time>2025-05-02T12:11:01.000Z</time></trkpt>
      <trkpt lat="52.730992" lon="-1.366402"><ele>146.9</ele><time>2025-05-02T12:11:02.000Z</time></trkpt>
      <trkpt lat="52.730981" lon="-1.366395"><ele>147.0</ele><time>2025-05-02T12:11:03.000Z</time></trkpt>
      <trkpt lat="52.730968" lon="-1.366394"><ele>147.0</ele><time>2025-05-02T12:11:04.000Z</time></trkpt>
      <trkpt lat="52.730955" lon="-1.366400"><ele>147.1</ele><time>2025-05-02T12:11:05.000Z</time></trkpt>
      <trkpt lat="52.730943" lon="-1.366412"><ele>147.1</ele><time>2025-05-02T12:11:06.000Z</time></trkpt>
      <trkpt lat="52.730931" lon="-1.366426"><ele>147.1</ele><time>2025-05-02T12:11:07.000Z</time></trkpt>
      <trkpt lat="52.730920" lon="-1.366440"><ele>147.2</ele><time>2025-05-02T12:11:08.000Z</time></trkpt>
      <trkpt lat="52.730908" lon="-1.366451"><ele>147.2</ele><time>2025-05-02T12:11:09.000Z</time></trkpt>
      <trkpt lat="52.730896" lon="-1.366460"><ele>147.2</ele><time>2025-05-02T12:11:10.000Z</time></trkpt>
      <trkpt lat="52.730885" lon="-1.366468"><ele>147.2</ele><time>2025-05-02T12:11:11.000Z</time></trkpt>
      <trkpt lat="52.730875" lon="-1.366472"><ele>147.3</ele><time>2025-05-02T12:11:12.000Z</time></trkpt>
      <trkpt lat="52.730869" lon="-1.366474"><ele>147.3</ele><time>2025-05-02T12:11:13.000Z</time></trkpt>
      <trkpt lat="52.730863" lon="-1.366476"><ele>147.3</ele><time>2025-05-02T12:11:14.000Z</time></trkpt>
      <trkpt lat="52.730855" lon="-1.366482"><ele>147.3</ele><time>2025-05-02T12:11:15.000Z</time></trkpt>
      <trkpt lat="52.730845" lon="-1.366493"><ele>147.3</ele><time>2025-05-02T12:11:16.000Z</time></trkpt>
      <trkpt lat="52.730834" lon="-1.366509"><ele>147.3</ele><time>2025-05-02T12:11:17.000Z</time></trkpt>
      <trkpt lat="52.730825" lon="-1.366527"><ele>147.3</ele><time>2025-05-02T12:11:18.000Z</time></trkpt>
      <trkpt lat="52.730816" lon="-1.366546"><ele>147.3</ele><time>2025-05-02T12:11:19.000Z</time></trkpt>
      <trkpt lat="52.730808" lon="-1.366566"><ele>147.4</ele><time>2025-05-02T12:11:20.000Z</time></trkpt>
      <trkpt lat="52.730801" lon="-1.366586"><ele>147.4</ele><time>2025-05-02T12:11:21.000Z</time></trkpt>
      <trkpt lat="52.730795" lon="-1.366608"><ele>147.4</ele><time>2025-05-02T12:11:22.000Z</time></trkpt>
      <trkpt lat="52.730791" lon="-1.366631"><ele>147.4</ele><time>2025-05-02T12:11:23.000Z</time></trkpt>
      <trkpt lat="52.730788" lon="-1.366654"><ele>147.4</ele><time>2025-05-02T12:11:24.000Z</time></trkpt>
      <trkpt lat="52.730785" lon="-1.366677"><ele>147.4</ele><time>2025-05-02T12:11:25.000Z</time></trkpt>
      <trkpt lat="52.730780" lon="-1.366699"><ele>147.4</ele><time>2025-05-02T12:11:26.000Z</time></trkpt>
      <trkpt lat="52.730773" lon="-1.366720"><ele>147.4</ele><time>2025-05-02T12:11:27.000Z</time></trkpt>
      <trkpt lat="52.730764" lon="-1.366739"><ele>147.4</ele><time>2025-05-02T12:11:28.000Z</time></trkpt>
      <trkpt lat="52.730755" lon="-1.366757"><ele>147.3</ele><time>2025-05-02T12:11:29.000Z</time></trkpt>
      <trkpt lat="52.730744" lon="-1.366774"><ele>147.3</ele><time>2025-05-02T12:11:30.000Z</time></trkpt>
      <trkpt lat="52.730733" lon="-1.366789"><ele>147.3</ele><time>2025-05-02T12:11:31.000Z</time></trkpt>
      <trkpt lat="52.730722" lon="-1.366804"><ele>147.4</ele><time>2025-05-02T12:11:32.000Z</time></trkpt>
      <trkpt lat="52.730709" lon="-1.366816"><ele>147.4</ele><time>2025-05-02T12:11:33.000Z</time></trkpt>
      <trkpt lat="52.730697" lon="-1.366827"><ele>147.4</ele><time>2025-05-02T12:11:34.000Z</time></trkpt>
      <trkpt lat="52.730684" lon="-1.366837"><ele>147.5</ele><time>2025-05-02T12:11:35.000Z</time></trkpt>
      <trkpt lat="52.730672" lon="-1.366847"><ele>147.5</ele><time>2025-05-02T12:11:36.000Z</time></trkpt>
      <trkpt lat="52.730659" lon="-1.366856"><ele>147.6</ele><time>2025-05-02T12:11:37.000Z</time></trkpt>
      <trkpt lat="52.730646" lon="-1.366863"><ele>147.7</ele><time>2025-05-02T12:11:38.000Z</time></trkpt>
      <trkpt lat="52.730632" lon="-1.366868"><ele>147.8</ele><time>2025-05-02T12:11:39.000Z</time></trkpt>
      <trkpt lat="52.730618" lon="-1.366872"><ele>147.9</ele><time>2025-05-02T12:11:40.000Z</time></trkpt>
      <trkpt lat="52.730605" lon="-1.366876"><ele>148.0</ele><time>2025-05-02T12:11:41.000Z</time></trkpt>
      <trkpt lat="52.730591" lon="-1.366881"><ele>148.2</ele><time>2025-05-02T12:11:42.000Z</time></trkpt>
      <trkpt lat="52.730578" lon="-1.366885"><ele>148.3</ele><time>2025-05-02T12:11:43.000Z</time></trkpt>
      <trkpt lat="52.730566" lon="-1.366889"><ele>148.5</ele><time>2025-05-02T12:11:44.000Z</time></trkpt>
      <trkpt lat="52.730554" lon="-1.366892"><ele>148.6</ele><time>2025-05-02T12:11:45.000Z</time></trkpt>
      <trkpt lat="52.730542" lon="-1.366897"><ele>148.8</ele><time>2025-05-02T12:11:46.000Z</time></trkpt>
      <trkpt lat="52.730530" lon="-1.366903"><ele>148.9</ele><time>2025-05-02T12:11:47.000Z</time></trkpt>
      <trkpt lat="52.730518" lon="-1.366909"><ele>149.0</ele><time>2025-05-02T12:11:48.000Z</time></trkpt>
      <trkpt lat="52.730506" lon="-1.366914"><ele>149.1</ele><time>2025-05-02T12:11:49.000Z</time></trkpt>
      <trkpt lat="52.730494" lon="-1.366917"><ele>149.2</ele><time>2025-05-02T12:11:50.000Z</time></trkpt>
      <trkpt lat="52.730482" lon="-1.366919"><ele>149.2</ele><time>2025-05-02T12:11:51.000Z</time></trkpt>
      <trkpt lat="52.730469" lon="-1.366919"><ele>149.3</ele><time>2025-05-02T12:11:52.000Z</time></trkpt>
      <trkpt lat="52.730455" lon="-1.366918"><ele>149.4</ele><time>2025-05-02T12:11:53.000Z</time></trkpt>
      <trkpt lat="52.730441" lon="-1.366917"><ele>149.5</ele><time>2025-05-02T12:11:54.000Z</time></trkpt>
      <trkpt lat="52.730426" lon="-1.366917"><ele>149.5</ele><time>2025-05-02T12:11:55.000Z</time></trkpt>
      <trkpt lat="52.730411" lon="-1.366918"><ele>149.6</ele><time>2025-05-02T12:11:56.000Z</time></trkpt>
      <trkpt lat="52.730395" lon="-1.366919"><ele>149.7</ele><time>2025-05-02T12:11:57.000Z</time></trkpt>
      <trkpt lat="52.730380" lon="-1.366921"><ele>149.8</ele><time>2025-05-02T12:11:58.000Z</time></trkpt>
      <trkpt lat="52.730364" lon="-1.366922"><ele>149.8</ele><time>2025-05-02T12:11:59.000Z</time></trkpt>
      <trkpt lat="52.730349" lon="-1.366921"><ele>149.9</ele><time>2025-05-02T12:12:00.000Z</time></trkpt>
      <trkpt lat="52.730334" lon="-1.366919"><ele>150.0</ele><time>2025-05-02T12:12:01.000Z</time></trkpt>
      <trkpt lat="52.730319" lon="-1.366916"><ele>150.1</ele><time>2025-05-02T12:12:02.000Z</time></trkpt>
      <trkpt lat="52.730305" lon="-1.366913"><ele>150.2</ele><time>2025-05-02T12:12:03.000Z</time></trkpt>
      <trkpt lat="52.730291" lon="-1.366910"><ele>150.2</ele><time>2025-05-02T12:12:04.000Z</time></trkpt>
      <trkpt lat="52.730277" lon="-1.366908"><ele>150.3</ele><time>2025-05-02T12:12:05.000Z</time></trkpt>
      <trkpt lat="52.730263" lon="-1.366906"><ele>150.4</ele><time>2025-05-02T12:12:06.000Z</time></trkpt>
      <trkpt lat="52.730249" lon="-1.366906"><ele>150.5</ele><time>2025-05-02T12:12:07.000Z</time></trkpt>
      <trkpt lat="52.730235" lon="-1.366906"><ele>150.6</ele><time>2025-05-02T12:12:08.000Z</time></trkpt>
      <trkpt lat="52.730220" lon="-1.366906"><ele>150.6</ele><time>2025-05-02T12:12:09.000Z</time></trkpt>
      <trkpt lat="52.730206" lon="-1.366904"><ele>150.7</ele><time>2025-05-02T12:12:10.000Z</time></trkpt>
      <trkpt lat="52.730193" lon="-1.366900"><ele>150.8</ele><time>2025-05-02T12:12:11.000Z</time></trkpt>
      <trkpt lat="52.730179" lon="-1.366896"><ele>150.8</ele><time>2025-05-02T12:12:12.000Z</time></trkpt>
      <trkpt lat="52.730166" lon="-1.366893"><ele>150.9</ele><time>2025-05-02T12:12:13.000Z</time></trkpt>
      <trkpt lat="52.730153" lon="-1.366891"><ele>151.0</ele><time>2025-05-02T12:12:14.000Z</time></trkpt>
      <trkpt lat="52.730141" lon="-1.366889"><ele>151.0</ele><time>2025-05-02T12:12:15.000Z</time></trkpt>
      <trkpt lat="52.730128" lon="-1.366886"><ele>151.1</ele><time>2025-05-02T12:12:16.000Z</time></trkpt>
      <trkpt lat="52.730115" lon="-1.366884"><ele>151.1</ele><time>2025-05-02T12:12:17.000Z</time></trkpt>
      <trkpt lat="52.730102" lon="-1.366883"><ele>151.1</ele><time>2025-05-02T12:12:18.000Z</time></trkpt>
      <trkpt lat="52.730090" lon="-1.366883"><ele>151.2</ele><time>2025-05-02T12:12:19.000Z</time></trkpt>
      <trkpt lat="52.730077" lon="-1.366883"><ele>151.2</ele><time>2025-05-02T12:12:20.000Z</time></trkpt>
      <trkpt lat="52.730064" lon="-1.366882"><ele>151.2</ele><time>2025-05-02T12:12:21.000Z</time></trkpt>
      <trkpt lat="52.730050" lon="-1.366879"><ele>151.2</ele><time>2025-05-02T12:12:22.000Z</time></trkpt>
      <trkpt lat="52.730036" lon="-1.366876"><ele>151.2</ele><time>2025-05-02T12:12:23.000Z</time></trkpt>
      <trkpt lat="52.730023" lon="-1.366872"><ele>151.3</ele><time>2025-05-02T12:12:24.000Z</time></trkpt>
      <trkpt lat="52.730009" lon="-1.366868"><ele>151.3</ele><time>2025-05-02T12:12:25.000Z</time></trkpt>
      <trkpt lat="52.729995" lon="-1.366861"><ele>151.3</ele><time>2025-05-02T12:12:26.000Z</time></trkpt>
      <trkpt lat="52.729982" lon="-1.366853"><ele>151.3</ele><time>2025-05-02T12:12:27.000Z</time></trkpt>
      <trkpt lat="52.729967" lon="-1.366845"><ele>151.3</ele><time>2025-05-02T12:12:28.000Z</time></trkpt>
      <trkpt lat="52.729953" lon="-1.366838"><ele>151.4</ele><time>2025-05-02T12:12:29.000Z</time></trkpt>
      <trkpt lat="52.729939" lon="-1.366832"><ele>151.4</ele><time>2025-05-02T12:12:30.000Z</time></trkpt>
      <trkpt lat="52.729925" lon="-1.366828"><ele>151.5</ele><time>2025-05-02T12:12:31.000Z</time></trkpt>
      <trkpt lat="52.729912" lon="-1.366825"><ele>151.5</ele><time>2025-05-02T12:12:32.000Z</time></trkpt>
      <trkpt lat="52.729899" lon="-1.366822"><ele>151.6</ele><time>2025-05-02T12:12:33.000Z</time></trkpt>
      <trkpt lat="52.729886" lon="-1.366820"><ele>151.6</ele><time>2025-05-02T12:12:34.000Z</time></trkpt>
      <trkpt lat="52.729872" lon="-1.366817"><ele>151.7</ele><time>2025-05-02T12:12:35.000Z</time></trkpt>
      <trkpt lat="52.729859" lon="-1.366814"><ele>151.7</ele><time>2025-05-02T12:12:36.000Z</time></trkpt>
      <trkpt lat="52.729846" lon="-1.366810"><ele>151.8</ele><time>2025-05-02T12:12:37.000Z</time></trkpt>
      <trkpt lat="52.729832" lon="-1.366805"><ele>151.8</ele><time>2025-05-02T12:12:38.000Z</time></trkpt>
      <trkpt lat="52.729819" lon="-1.366802"><ele>151.9</ele><time>2025-05-02T12:12:39.000Z</time></trkpt>
      <trkpt lat="52.729805" lon="-1.366797"><ele>152.0</ele><time>2025-05-02T12:12:40.000Z</time></trkpt>
      <trkpt lat="52.729791" lon="-1.366792"><ele>152.0</ele><time>2025-05-02T12:12:41.000Z</time></trkpt>
      <trkpt lat="52.729777" lon="-1.366785"><ele>152.1</ele><time>2025-05-02T12:12:42.000Z</time></trkpt>
      <trkpt lat="52.729763" lon="-1.366779"><ele>152.1</ele><time>2025-05-02T12:12:43.000Z</time></trkpt>
      <trkpt lat="52.729749" lon="-1.366774"><ele>152.1</ele><time>2025-05-02T12:12:44.000Z</time></trkpt>
      <trkpt lat="52.729736" lon="-1.366771"><ele>152.2</ele><time>2025-05-02T12:12:45.000Z</time></trkpt>
      <trkpt lat="52.729722" lon="-1.366770"><ele>152.2</ele><time>2025-05-02T12:12:46.000Z</time></trkpt>
      <trkpt lat="52.729709" lon="-1.366768"><ele>152.2</ele><time>2025-05-02T12:12:47.000Z</time></trkpt>
      <trkpt lat="52.729696" lon="-1.366767"><ele>152.2</ele><time>2025-05-02T12:12:48.000Z</time></trkpt>
      <trkpt lat="52.729683" lon="-1.366765"><ele>152.2</ele><time>2025-05-02T12:12:49.000Z</time></trkpt>
      <trkpt lat="52.729670" lon="-1.366764"><ele>152.3</ele><time>2025-05-02T12:12:50.000Z</time></trkpt>
      <trkpt lat="52.729659" lon="-1.366764"><ele>152.3</ele><time>2025-05-02T12:12:51.000Z</time></trkpt>
      <trkpt lat="52.729653" lon="-1.366766"><ele>152.3</ele><time>2025-05-02T12:12:52.000Z</time></trkpt>
      <trkpt lat="52.729653" lon="-1.366768"><ele>152.3</ele><time>2025-05-02T12:12:53.000Z</time></trkpt>
      <trkpt lat="52.729656" lon="-1.366771"><ele>152.3</ele><time>2025-05-02T12:12:54.000Z</time></trkpt>
      <trkpt lat="52.729658" lon="-1.366773"><ele>152.3</ele><time>2025-05-02T12:12:55.000Z</time></trkpt>
      <trkpt lat="52.729660" lon="-1.366774"><ele>152.3</ele><time>2025-05-02T12:12:56.000Z</time></trkpt>
      <trkpt lat="52.729661" lon="-1.366775"><ele>152.4</ele><time>2025-05-02T12:12:57.000Z</time></trkpt>
      <trkpt lat="52.729662" lon="-1.366776"><ele>152.4</ele><time>2025-05-02T12:12:58.000Z</time></trkpt>
      <trkpt lat="52.729662" lon="-1.366776"><ele>152.4</ele><time>2025-05-02T12:12:59.000Z</time></trkpt>
      <trkpt lat="52.729662" lon="-1.366776"><ele>152.4</ele><time>2025-05-02T12:13:00.000Z</time></trkpt>
      <trkpt lat="52.729662" lon="-1.366776"><ele>152.5</ele><time>2025-05-02T12:13:01.000Z</time></trkpt>
      <trkpt lat="52.729661" lon="-1.366776"><ele>152.5</ele><time>2025-05-02T12:13:02.000Z</time></trkpt>
      <trkpt lat="52.729661" lon="-1.366776"><ele>152.5</ele><time>2025-05-02T12:13:03.000Z</time></trkpt>
      <trkpt lat="52.729661" lon="-1.366777"><ele>152.6</ele><time>2025-05-02T12:13:04.000Z</time></trkpt>
      <trkpt lat="52.729661" lon="-1.366778"><ele>152.6</ele><time>2025-05-02T12:13:05.000Z</time></trkpt>
      <trkpt lat="52.729661" lon="-1.366778"><ele>152.6</ele><time>2025-05-02T12:13:06.000Z</time></trkpt>
      <trkpt lat="52.729661" lon="-1.366778"><ele>152.7</ele><time>2025-05-02T12:13:07.000Z</time></trkpt>
      <trkpt lat="52.729661" lon="-1.366778"><ele>152.7</ele><time>2025-05-02T12:13:08.000Z</time></trkpt>
      <trkpt lat="52.729661" lon="-1.366778"><ele>152.7</ele><time>2025-05-02T12:13:09.000Z</time></trkpt>
      <trkpt lat="52.729661" lon="-1.366778"><ele>152.7</ele><time>2025-05-02T12:13:10.000Z</time></trkpt>
      <trkpt lat="52.729661" lon="-1.366778"><ele>152.8</ele><time>2025-05-02T12:13:11.000Z</time></trkpt>
      <trkpt lat="52.729662" lon="-1.366778"><ele>152.8</ele><time>2025-05-02T12:13:12.000Z</time></trkpt>
      <trkpt lat="52.729662" lon="-1.366778"><ele>152.8</ele><time>2025-05-02T12:13:13.000Z</time></trkpt>
      <trkpt lat="52.729662" lon="-1.366778"><ele>152.8</ele><time>2025-05-02T12:13:14.000Z</time></trkpt>
      <trkpt lat="52.729661" lon="-1.366778"><ele>152.8</ele><time>2025-05-02T12:13:15.000Z</time></trkpt>
      <trkpt lat="52.729660" lon="-1.366778"><ele>152.8</ele><time>2025-05-02T12:13:16.000Z</time></trkpt>
      <trkpt lat="52.729657" lon="-1.366778"><ele>152.8</ele><time>2025-05-02T12:13:17.000Z</time></trkpt>
      <trkpt lat="52.729651" lon="-1.366779"><ele>152.8</ele><time>2025-05-02T12:13:18.000Z</time></trkpt>
      <trkpt lat="52.729641" lon="-1.366781"><ele>152.8</ele><time>2025-05-02T12:13:19.000Z</time></trkpt>
      <trkpt lat="52.729629" lon="-1.366783"><ele>152.8</ele><time>2025-05-02T12:13:20.000Z</time></trkpt>
      <trkpt lat="52.729615" lon="-1.366785"><ele>152.7</ele><time>2025-05-02T12:13:21.000Z</time></trkpt>
      <trkpt lat="52.729603" lon="-1.366785"><ele>152.7</ele><time>2025-05-02T12:13:22.000Z</time></trkpt>
      <trkpt lat="52.729593" lon="-1.366784"><ele>152.7</ele><time>2025-05-02T12:13:23.000Z</time></trkpt>
      <trkpt lat="52.729585" lon="-1.366780"><ele>152.7</ele><time>2025-05-02T12:13:24.000Z</time></trkpt>
      <trkpt lat="52.729581" lon="-1.366776"><ele>152.7</ele><time>2025-05-02T12:13:25.000Z</time></trkpt>
      <trkpt lat="52.729579" lon="-1.366772"><ele>152.7</ele><time>2025-05-02T12:13:26.000Z</time></trkpt>
      <trkpt lat="52.729579" lon="-1.366770"><ele>152.6</ele><time>2025-05-02T12:13:27.000Z</time></trkpt>
      <trkpt lat="52.729579" lon="-1.366768"><ele>152.6</ele><time>2025-05-02T12:13:28.000Z</time></trkpt>
      <trkpt lat="52.729579" lon="-1.366767"><ele>152.6</ele><time>2025-05-02T12:13:29.000Z</time></trkpt>
      <trkpt lat="52.729580" lon="-1.366767"><ele>152.6</ele><time>2025-05-02T12:13:30.000Z</time></trkpt>
      <trkpt lat="52.729580" lon="-1.366766"><ele>152.6</ele><time>2025-05-02T12:13:31.000Z</time></trkpt>
      <trkpt lat="52.729580" lon="-1.366766"><ele>152.6</ele><time>2025-05-02T12:13:32.000Z</time></trkpt>
      <trkpt lat="52.729580" lon="-1.366766"><ele>152.6</ele><time>2025-05-02T12:13:33.000Z</time></trkpt>
      <trkpt lat="52.729579" lon="-1.366765"><ele>152.6</ele><time>2025-05-02T12:13:34.000Z</time></trkpt>
      <trkpt lat="52.729578" lon="-1.366765"><ele>152.6</ele><time>2025-05-02T12:13:35.000Z</time></trkpt>
      <trkpt lat="52.729575" lon="-1.366764"><ele>152.6</ele><time>2025-05-02T12:13:36.000Z</time></trkpt>
      <trkpt lat="52.729571" lon="-1.366764"><ele>152.7</ele><time>2025-05-02T12:13:37.000Z</time></trkpt>
      <trkpt lat="52.729562" lon="-1.366765"><ele>152.7</ele><time>2025-05-02T12:13:38.000Z</time></trkpt>
      <trkpt lat="52.729550" lon="-1.366765"><ele>152.8</ele><time>2025-05-02T12:13:39.000Z</time></trkpt>
      <trkpt lat="52.729535" lon="-1.366766"><ele>152.8</ele><time>2025-05-02T12:13:40.000Z</time></trkpt>
      <trkpt lat="52.729520" lon="-1.366766"><ele>152.9</ele><time>2025-05-02T12:13:41.000Z</time></trkpt>
      <trkpt lat="52.729506" lon="-1.366766"><ele>153.0</ele><time>2025-05-02T12:13:42.000Z</time></trkpt>
      <trkpt lat="52.729492" lon="-1.366767"><ele>153.1</ele><time>2025-05-02T12:13:43.000Z</time></trkpt>
      <trkpt lat="52.729478" lon="-1.366768"><ele>153.2</ele><time>2025-05-02T12:13:44.000Z</time></trkpt>
      <trkpt lat="52.729465" lon="-1.366768"><ele>153.3</ele><time>2025-05-02T12:13:45.000Z</time></trkpt>
      <trkpt lat="52.729453" lon="-1.366769"><ele>153.4</ele><time>2025-05-02T12:13:46.000Z</time></trkpt>
      <trkpt lat="52.729440" lon="-1.366771"><ele>153.5</ele><time>2025-05-02T12:13:47.000Z</time></trkpt>
      <trkpt lat="52.729426" lon="-1.366772"><ele>153.6</ele><time>2025-05-02T12:13:48.000Z</time></trkpt>
      <trkpt lat="52.729412" lon="-1.366774"><ele>153.7</ele><time>2025-05-02T12:13:49.000Z</time></trkpt>
      <trkpt lat="52.729398" lon="-1.366775"><ele>153.8</ele><time>2025-05-02T12:13:50.000Z</time></trkpt>
      <trkpt lat="52.729383" lon="-1.366775"><ele>153.9</ele><time>2025-05-02T12:13:51.000Z</time></trkpt>
      <trkpt lat="52.729369" lon="-1.366777"><ele>154.0</ele><time>2025-05-02T12:13:52.000Z</time></trkpt>
      <trkpt lat="52.729355" lon="-1.366781"><ele>154.1</ele><time>2025-05-02T12:13:53.000Z</time></trkpt>
      <trkpt lat="52.729342" lon="-1.366785"><ele>154.2</ele><time>2025-05-02T12:13:54.000Z</time></trkpt>
      <trkpt lat="52.729328" lon="-1.366788"><ele>154.3</ele><time>2025-05-02T12:13:55.000Z</time></trkpt>
      <trkpt lat="52.729315" lon="-1.366790"><ele>154.4</ele><time>2025-05-02T12:13:56.000Z</time></trkpt>
      <trkpt lat="52.729302" lon="-1.366792"><ele>154.4</ele><time>2025-05-02T12:13:57.000Z</time></trkpt>
      <trkpt lat="52.729289" lon="-1.366793"><ele>154.5</ele><time>2025-05-02T12:13:58.000Z</time></trkpt>
      <trkpt lat="52.729276" lon="-1.366794"><ele>154.5</ele><time>2025-05-02T12:13:59.000Z</time></trkpt>
      <trkpt lat="52.729263" lon="-1.366798"><ele>154.6</ele><time>2025-05-02T12:14:00.000Z</time></trkpt>
      <trkpt lat="52.729251" lon="-1.366803"><ele>154.7</ele><time>2025-05-02T12:14:01.000Z</time></trkpt>
      <trkpt lat="52.729239" lon="-1.366807"><ele>154.7</ele><time>2025-05-02T12:14:02.000Z</time></trkpt>
      <trkpt lat="52.729227" lon="-1.366810"><ele>154.8</ele><time>2025-05-02T12:14:03.000Z</time></trkpt>
      <trkpt lat="52.729214" lon="-1.366813"><ele>154.8</ele><time>2025-05-02T12:14:04.000Z</time></trkpt>
      <trkpt lat="52.729202" lon="-1.366815"><ele>154.9</ele><time>2025-05-02T12:14:05.000Z</time></trkpt>
      <trkpt lat="52.729189" lon="-1.366819"><ele>154.9</ele><time>2025-05-02T12:14:06.000Z</time></trkpt>
      <trkpt lat="52.729177" lon="-1.366825"><ele>155.0</ele><time>2025-05-02T12:14:07.000Z</time></trkpt>
      <trkpt lat="52.729165" lon="-1.366832"><ele>155.0</ele><time>2025-05-02T12:14:08.000Z</time></trkpt>
      <trkpt lat="52.729152" lon="-1.366838"><ele>155.0</ele><time>2025-05-02T12:14:09.000Z</time></trkpt>
      <trkpt lat="52.729139" lon="-1.366842"><ele>155.0</ele><time>2025-05-02T12:14:10.000Z</time></trkpt>
      <trkpt lat="52.729126" lon="-1.366845"><ele>155.0</ele><time>2025-05-02T12:14:11.000Z</time></trkpt>
      <trkpt lat="52.729112" lon="-1.366846"><ele>155.1</ele><time>2025-05-02T12:14:12.000Z</time></trkpt>
      <trkpt lat="52.729099" lon="-1.366848"><ele>155.1</ele><time>2025-05-02T12:14:13.000Z</time></trkpt>
      <trkpt lat="52.729085" lon="-1.366849"><ele>155.1</ele><time>2025-05-02T12:14:14.000Z</time></trkpt>
      <trkpt lat="52.729072" lon="-1.366849"><ele>155.1</ele><time>2025-05-02T12:14:15.000Z</time></trkpt>
      <trkpt lat="52.729059" lon="-1.366849"><ele>155.1</ele><time>2025-05-02T12:14:16.000Z</time></trkpt>
      <trkpt lat="52.729046" lon="-1.366850"><ele>155.0</ele><time>2025-05-02T12:14:17.000Z</time></trkpt>
      <trkpt lat="52.729033" lon="-1.366849"><ele>155.0</ele><time>2025-05-02T12:14:18.000Z</time></trkpt>
      <trkpt lat="52.729021" lon="-1.366847"><ele>155.0</ele><time>2025-05-02T12:14:19.000Z</time></trkpt>
      <trkpt lat="52.729008" lon="-1.366844"><ele>155.1</ele><time>2025-05-02T12:14:20.000Z</time></trkpt>
      <trkpt lat="52.728994" lon="-1.366842"><ele>155.1</ele><time>2025-05-02T12:14:21.000Z</time></trkpt>
      <trkpt lat="52.728980" lon="-1.366842"><ele>155.1</ele><time>2025-05-02T12:14:22.000Z</time></trkpt>
      <trkpt lat="52.728966" lon="-1.366845"><ele>155.1</ele><time>2025-05-02T12:14:23.000Z</time></trkpt>
      <trkpt lat="52.728951" lon="-1.366848"><ele>155.1</ele><time>2025-05-02T12:14:24.000Z</time></trkpt>
      <trkpt lat="52.728937" lon="-1.366848"><ele>155.2</ele><time>2025-05-02T12:14:25.000Z</time></trkpt>
      <trkpt lat="52.728922" lon="-1.366845"><ele>155.2</ele><time>2025-05-02T12:14:26.000Z</time></trkpt>
      <trkpt lat="52.728908" lon="-1.366840"><ele>155.2</ele><time>2025-05-02T12:14:27.000Z</time></trkpt>
      <trkpt lat="52.728893" lon="-1.366834"><ele>155.3</ele><time>2025-05-02T12:14:28.000Z</time></trkpt>
      <trkpt lat="52.728879" lon="-1.366829"><ele>155.3</ele><time>2025-05-02T12:14:29.000Z</time></trkpt>
      <trkpt lat="52.728864" lon="-1.366825"><ele>155.4</ele><time>2025-05-02T12:14:30.000Z</time></trkpt>
      <trkpt lat="52.728849" lon="-1.366822"><ele>155.4</ele><time>2025-05-02T12:14:31.000Z</time></trkpt>
      <trkpt lat="52.728835" lon="-1.366820"><ele>155.5</ele><time>2025-05-02T12:14:32.000Z</time></trkpt>
      <trkpt lat="52.728820" lon="-1.366819"><ele>155.5</ele><time>2025-05-02T12:14:33.000Z</time></trkpt>
      <trkpt lat="52.728806" lon="-1.366820"><ele>155.6</ele><time>2025-05-02T12:14:34.000Z</time></trkpt>
      <trkpt lat="52.728791" lon="-1.366821"><ele>155.6</ele><time>2025-05-02T12:14:35.000Z</time></trkpt>
      <trkpt lat="52.728777" lon="-1.366823"><ele>155.7</ele><time>2025-05-02T12:14:36.000Z</time></trkpt>
      <trkpt lat="52.728763" lon="-1.366824"><ele>155.8</ele><time>2025-05-02T12:14:37.000Z</time></trkpt>
      <trkpt lat="52.728749" lon="-1.366825"><ele>155.8</ele><time>2025-05-02T12:14:38.000Z</time></trkpt>
      <trkpt lat="52.728735" lon="-1.366825"><ele>155.9</ele><time>2025-05-02T12:14:39.000Z</time></trkpt>
      <trkpt lat="52.728722" lon="-1.366826"><ele>156.0</ele><time>2025-05-02T12:14:40.000Z</time></trkpt>
      <trkpt lat="52.728708" lon="-1.366827"><ele>156.0</ele><time>2025-05-02T12:14:41.000Z</time></trkpt>
      <trkpt lat="52.728694" lon="-1.366828"><ele>156.1</ele><time>2025-05-02T12:14:42.000Z</time></trkpt>
      <trkpt lat="52.728680" lon="-1.366828"><ele>156.2</ele><time>2025-05-02T12:14:43.000Z</time></trkpt>
      <trkpt lat="52.728666" lon="-1.366829"><ele>156.2</ele><time>2025-05-02T12:14:44.000Z</time></trkpt>
      <trkpt lat="52.728652" lon="-1.366830"><ele>156.3</ele><time>2025-05-02T12:14:45.000Z</time></trkpt>
      <trkpt lat="52.728639" lon="-1.366832"><ele>156.3</ele><time>2025-05-02T12:14:46.000Z</time></trkpt>
      <trkpt lat="52.728626" lon="-1.366833"><ele>156.4</ele><time>2025-05-02T12:14:47.000Z</time></trkpt>
      <trkpt lat="52.728612" lon="-1.366835"><ele>156.4</ele><time>2025-05-02T12:14:48.000Z</time></trkpt>
      <trkpt lat="52.728599" lon="-1.366836"><ele>156.5</ele><time>2025-05-02T12:14:49.000Z</time></trkpt>
      <trkpt lat="52.728585" lon="-1.366837"><ele>156.5</ele><time>2025-05-02T12:14:50.000Z</time></trkpt>
      <trkpt lat="52.728572" lon="-1.366838"><ele>156.6</ele><time>2025-05-02T12:14:51.000Z</time></trkpt>
      <trkpt lat="52.728558" lon="-1.366838"><ele>156.6</ele><time>2025-05-02T12:14:52.000Z</time></trkpt>
      <trkpt lat="52.728544" lon="-1.366838"><ele>156.6</ele><time>2025-05-02T12:14:53.000Z</time></trkpt>
      <trkpt lat="52.728531" lon="-1.366838"><ele>156.6</ele><time>2025-05-02T12:14:54.000Z</time></trkpt>
      <trkpt lat="52.728517" lon="-1.366839"><ele>156.7</ele><time>2025-05-02T12:14:55.000Z</time></trkpt>
      <trkpt lat="52.728504" lon="-1.366839"><ele>156.7</ele><time>2025-05-02T12:14:56.000Z</time></trkpt>
      <trkpt lat="52.728490" lon="-1.366840"><ele>156.7</ele><time>2025-05-02T12:14:57.000Z</time></trkpt>
      <trkpt lat="52.728477" lon="-1.366840"><ele>156.8</ele><time>2025-05-02T12:14:58.000Z</time></trkpt>
      <trkpt lat="52.728463" lon="-1.366841"><ele>156.8</ele><time>2025-05-02T12:14:59.000Z</time></trkpt>
      <trkpt lat="52.728449" lon="-1.366843"><ele>156.8</ele><time>2025-05-02T12:15:00.000Z</time></trkpt>
      <trkpt lat="52.728436" lon="-1.366845"><ele>156.8</ele><time>2025-05-02T12:15:01.000Z</time></trkpt>
      <trkpt lat="52.728422" lon="-1.366847"><ele>156.8</ele><time>2025-05-02T12:15:02.000Z</time></trkpt>
      <trkpt lat="52.728409" lon="-1.366850"><ele>156.8</ele><time>2025-05-02T12:15:03.000Z</time></trkpt>
      <trkpt lat="52.728395" lon="-1.366852"><ele>156.8</ele><time>2025-05-02T12:15:04.000Z</time></trkpt>
      <trkpt lat="52.728381" lon="-1.366854"><ele>156.8</ele><time>2025-05-02T12:15:05.000Z</time></trkpt>
      <trkpt lat="52.728368" lon="-1.366856"><ele>156.8</ele><time>2025-05-02T12:15:06.000Z</time></trkpt>
      <trkpt lat="52.728354" lon="-1.366857"><ele>156.9</ele><time>2025-05-02T12:15:07.000Z</time></trkpt>
      <trkpt lat="52.728340" lon="-1.366859"><ele>156.8</ele><time>2025-05-02T12:15:08.000Z</time></trkpt>
      <trkpt lat="52.728326" lon="-1.366860"><ele>156.9</ele><time>2025-05-02T12:15:09.000Z</time></trkpt>
      <trkpt lat="52.728312" lon="-1.366862"><ele>156.9</ele><time>2025-05-02T12:15:10.000Z</time></trkpt>
      <trkpt lat="52.728298" lon="-1.366863"><ele>156.9</ele><time>2025-05-02T12:15:11.000Z</time></trkpt>
      <trkpt lat="52.728284" lon="-1.366865"><ele>156.9</ele><time>2025-05-02T12:15:12.000Z</time></trkpt>
      <trkpt lat="52.728270" lon="-1.366866"><ele>156.9</ele><time>2025-05-02T12:15:13.000Z</time></trkpt>
      <trkpt lat="52.728257" lon="-1.366867"><ele>156.9</ele><time>2025-05-02T12:15:14.000Z</time></trkpt>
      <trkpt lat="52.728243" lon="-1.366867"><ele>156.9</ele><time>2025-05-02T12:15:15.000Z</time></trkpt>
      <trkpt lat="52.728229" lon="-1.366866"><ele>157.0</ele><time>2025-05-02T12:15:16.000Z</time></trkpt>
      <trkpt lat="52.728215" lon="-1.366865"><ele>157.0</ele><time>2025-05-02T12:15:17.000Z</time></trkpt>
      <trkpt lat="52.728201" lon="-1.366864"><ele>157.0</ele><time>2025-05-02T12:15:18.000Z</time></trkpt>
      <trkpt lat="52.728188" lon="-1.366863"><ele>157.1</ele><time>2025-05-02T12:15:19.000Z</time></trkpt>
      <trkpt lat="52.728174" lon="-1.366863"><ele>157.1</ele><time>2025-05-02T12:15:20.000Z</time></trkpt>
      <trkpt lat="52.728160" lon="-1.366863"><ele>157.1</ele><time>2025-05-02T12:15:21.000Z</time></trkpt>
      <trkpt lat="52.728146" lon="-1.366863"><ele>157.2</ele><time>2025-05-02T12:15:22.000Z</time></trkpt>
      <trkpt lat="52.728133" lon="-1.366863"><ele>157.2</ele><time>2025-05-02T12:15:23.000Z</time></trkpt>
      <trkpt lat="52.728120" lon="-1.366863"><ele>157.3</ele><time>2025-05-02T12:15:24.000Z</time></trkpt>
      <trkpt lat="52.728107" lon="-1.366864"><ele>157.3</ele><time>2025-05-02T12:15:25.000Z</time></trkpt>
      <trkpt lat="52.728094" lon="-1.366864"><ele>157.3</ele><time>2025-05-02T12:15:26.000Z</time></trkpt>
      <trkpt lat="52.728081" lon="-1.366864"><ele>157.3</ele><time>2025-05-02T12:15:27.000Z</time></trkpt>
      <trkpt lat="52.728068" lon="-1.366864"><ele>157.3</ele><time>2025-05-02T12:15:28.000Z</time></trkpt>
      <trkpt lat="52.728055" lon="-1.366864"><ele>157.4</ele><time>2025-05-02T12:15:29.000Z</time></trkpt>
      <trkpt lat="52.728043" lon="-1.366865"><ele>157.4</ele><time>2025-05-02T12:15:30.000Z</time></trkpt>
      <trkpt lat="52.728031" lon="-1.366867"><ele>157.4</ele><time>2025-05-02T12:15:31.000Z</time></trkpt>
      <trkpt lat="52.728018" lon="-1.366870"><ele>157.4</ele><time>2025-05-02T12:15:32.000Z</time></trkpt>
      <trkpt lat="52.728005" lon="-1.366873"><ele>157.4</ele><time>2025-05-02T12:15:33.000Z</time></trkpt>
      <trkpt lat="52.727991" lon="-1.366877"><ele>157.4</ele><time>2025-05-02T12:15:34.000Z</time></trkpt>
      <trkpt lat="52.727978" lon="-1.366881"><ele>157.4</ele><time>2025-05-02T12:15:35.000Z</time></trkpt>
      <trkpt lat="52.727964" lon="-1.366884"><ele>157.4</ele><time>2025-05-02T12:15:36.000Z</time></trkpt>
      <trkpt lat="52.727951" lon="-1.366886"><ele>157.4</ele><time>2025-05-02T12:15:37.000Z</time></trkpt>
      <trkpt lat="52.727937" lon="-1.366888"><ele>157.4</ele><time>2025-05-02T12:15:38.000Z</time></trkpt>
      <trkpt lat="52.727923" lon="-1.366892"><ele>157.4</ele><time>2025-05-02T12:15:39.000Z</time></trkpt>
      <trkpt lat="52.727910" lon="-1.366896"><ele>157.4</ele><time>2025-05-02T12:15:40.000Z</time></trkpt>
      <trkpt lat="52.727897" lon="-1.366901"><ele>157.4</ele><time>2025-05-02T12:15:41.000Z</time></trkpt>
      <trkpt lat="52.727884" lon="-1.366905"><ele>157.4</ele><time>2025-05-02T12:15:42.000Z</time></trkpt>
      <trkpt lat="52.727870" lon="-1.366908"><ele>157.5</ele><time>2025-05-02T12:15:43.000Z</time></trkpt>
      <trkpt lat="52.727857" lon="-1.366911"><ele>157.5</ele><time>2025-05-02T12:15:44.000Z</time></trkpt>
      <trkpt lat="52.727843" lon="-1.366915"><ele>157.5</ele><time>2025-05-02T12:15:45.000Z</time></trkpt>
      <trkpt lat="52.727830" lon="-1.366919"><ele>157.5</ele><time>2025-05-02T12:15:46.000Z</time></trkpt>
      <trkpt lat="52.727817" lon="-1.366925"><ele>157.5</ele><time>2025-05-02T12:15:47.000Z</time></trkpt>
      <trkpt lat="52.727805" lon="-1.366933"><ele>157.6</ele><time>2025-05-02T12:15:48.000Z</time></trkpt>
      <trkpt lat="52.727792" lon="-1.366940"><ele>157.6</ele><time>2025-05-02T12:15:49.000Z</time></trkpt>
      <trkpt lat="52.727780" lon="-1.366947"><ele>157.6</ele><time>2025-05-02T12:15:50.000Z</time></trkpt>
      <trkpt lat="52.727767" lon="-1.366955"><ele>157.7</ele><time>2025-05-02T12:15:51.000Z</time></trkpt>
      <trkpt lat="52.727755" lon="-1.366963"><ele>157.7</ele><time>2025-05-02T12:15:52.000Z</time></trkpt>
      <trkpt lat="52.727742" lon="-1.366970"><ele>157.7</ele><time>2025-05-02T12:15:53.000Z</time></trkpt>
      <trkpt lat="52.727730" lon="-1.366977"><ele>157.7</ele><time>2025-05-02T12:15:54.000Z</time></trkpt>
      <trkpt lat="52.727717" lon="-1.366984"><ele>157.8</ele><time>2025-05-02T12:15:55.000Z</time></trkpt>
      <trkpt lat="52.727705" lon="-1.366991"><ele>157.8</ele><time>2025-05-02T12:15:56.000Z</time></trkpt>
      <trkpt lat="52.727692" lon="-1.366998"><ele>157.8</ele><time>2025-05-02T12:15:57.000Z</time></trkpt>
      <trkpt lat="52.727679" lon="-1.367005"><ele>157.8</ele><time>2025-05-02T12:15:58.000Z</time></trkpt>
      <trkpt lat="52.727666" lon="-1.367012"><ele>157.9</ele><time>2025-05-02T12:15:59.000Z</time></trkpt>
      <trkpt lat="52.727653" lon="-1.367018"><ele>157.9</ele><time>2025-05-02T12:16:00.000Z</time></trkpt>
      <trkpt lat="52.727640" lon="-1.367024"><ele>157.9</ele><time>2025-05-02T12:16:01.000Z</time></trkpt>
      <trkpt lat="52.727627" lon="-1.367029"><ele>157.9</ele><time>2025-05-02T12:16:02.000Z</time></trkpt>
      <trkpt lat="52.727614" lon="-1.367034"><ele>157.9</ele><time>2025-05-02T12:16:03.000Z</time></trkpt>
      <trkpt lat="52.727601" lon="-1.367041"><ele>158.0</ele><time>2025-05-02T12:16:04.000Z</time></trkpt>
      <trkpt lat="52.727588" lon="-1.367047"><ele>158.0</ele><time>2025-05-02T12:16:05.000Z</time></trkpt>
      <trkpt lat="52.727575" lon="-1.367054"><ele>158.0</ele><time>2025-05-02T12:16:06.000Z</time></trkpt>
      <trkpt lat="52.727563" lon="-1.367060"><ele>158.0</ele><time>2025-05-02T12:16:07.000Z</time></trkpt>
      <trkpt lat="52.727550" lon="-1.367066"><ele>158.0</ele><time>2025-05-02T12:16:08.000Z</time></trkpt>
      <trkpt lat="52.727537" lon="-1.367072"><ele>158.1</ele><time>2025-05-02T12:16:09.000Z</time></trkpt>
      <trkpt lat="52.727524" lon="-1.367077"><ele>158.1</ele><time>2025-05-02T12:16:10.000Z</time></trkpt>
      <trkpt lat="52.727511" lon="-1.367082"><ele>158.1</ele><time>2025-05-02T12:16:11.000Z</time></trkpt>
      <trkpt lat="52.727498" lon="-1.367086"><ele>158.1</ele><time>2025-05-02T12:16:12.000Z</time></trkpt>
      <trkpt lat="52.727485" lon="-1.367091"><ele>158.1</ele><time>2025-05-02T12:16:13.000Z</time></trkpt>
      <trkpt lat="52.727472" lon="-1.367096"><ele>158.2</ele><time>2025-05-02T12:16:14.000Z</time></trkpt>
      <trkpt lat="52.727459" lon="-1.367101"><ele>158.2</ele><time>2025-05-02T12:16:15.000Z</time></trkpt>
      <trkpt lat="52.727446" lon="-1.367104"><ele>158.2</ele><time>2025-05-02T12:16:16.000Z</time></trkpt>
      <trkpt lat="52.727433" lon="-1.367108"><ele>158.2</ele><time>2025-05-02T12:16:17.000Z</time></trkpt>
      <trkpt lat="52.727420" lon="-1.367111"><ele>158.2</ele><time>2025-05-02T12:16:18.000Z</time></trkpt>
      <trkpt lat="52.727407" lon="-1.367116"><ele>158.2</ele><time>2025-05-02T12:16:19.000Z</time></trkpt>
      <trkpt lat="52.727394" lon="-1.367121"><ele>158.3</ele><time>2025-05-02T12:16:20.000Z</time></trkpt>
      <trkpt lat="52.727381" lon="-1.367125"><ele>158.3</ele><time>2025-05-02T12:16:21.000Z</time></trkpt>
      <trkpt lat="52.727368" lon="-1.367130"><ele>158.3</ele><time>2025-05-02T12:16:22.000Z</time></trkpt>
      <trkpt lat="52.727355" lon="-1.367136"><ele>158.4</ele><time>2025-05-02T12:16:23.000Z</time></trkpt>
      <trkpt lat="52.727342" lon="-1.367142"><ele>158.5</ele><time>2025-05-02T12:16:24.000Z</time></trkpt>
      <trkpt lat="52.727329" lon="-1.367146"><ele>158.5</ele><time>2025-05-02T12:16:25.000Z</time></trkpt>
      <trkpt lat="52.727315" lon="-1.367151"><ele>158.6</ele><time>2025-05-02T12:16:26.000Z</time></trkpt>
      <trkpt lat="52.727302" lon="-1.367155"><ele>158.6</ele><time>2025-05-02T12:16:27.000Z</time></trkpt>
      <trkpt lat="52.727289" lon="-1.367158"><ele>158.7</ele><time>2025-05-02T12:16:28.000Z</time></trkpt>
      <trkpt lat="52.727275" lon="-1.367162"><ele>158.7</ele><time>2025-05-02T12:16:29.000Z</time></trkpt>
      <trkpt lat="52.727263" lon="-1.367168"><ele>158.8</ele><time>2025-05-02T12:16:30.000Z</time></trkpt>
      <trkpt lat="52.727251" lon="-1.367173"><ele>158.8</ele><time>2025-05-02T12:16:31.000Z</time></trkpt>
      <trkpt lat="52.727240" lon="-1.367179"><ele>158.9</ele><time>2025-05-02T12:16:32.000Z</time></trkpt>
      <trkpt lat="52.727229" lon="-1.367185"><ele>158.9</ele><time>2025-05-02T12:16:33.000Z</time></trkpt>
      <trkpt lat="52.727217" lon="-1.367190"><ele>158.9</ele><time>2025-05-02T12:16:34.000Z</time></trkpt>
      <trkpt lat="52.727206" lon="-1.367194"><ele>159.0</ele><time>2025-05-02T12:16:35.000Z</time></trkpt>
      <trkpt lat="52.727194" lon="-1.367198"><ele>159.0</ele><time>2025-05-02T12:16:36.000Z</time></trkpt>
      <trkpt lat="52.727181" lon="-1.367201"><ele>159.0</ele><time>2025-05-02T12:16:37.000Z</time></trkpt>
      <trkpt lat="52.727167" lon="-1.367204"><ele>159.0</ele><time>2025-05-02T12:16:38.000Z</time></trkpt>
      <trkpt lat="52.727154" lon="-1.367206"><ele>159.0</ele><time>2025-05-02T12:16:39.000Z</time></trkpt>
      <trkpt lat="52.727140" lon="-1.367209"><ele>159.0</ele><time>2025-05-02T12:16:40.000Z</time></trkpt>
      <trkpt lat="52.727125" lon="-1.367213"><ele>159.1</ele><time>2025-05-02T12:16:41.000Z</time></trkpt>
      <trkpt lat="52.727110" lon="-1.367217"><ele>159.1</ele><time>2025-05-02T12:16:42.000Z</time></trkpt>
      <trkpt lat="52.727095" lon="-1.367220"><ele>159.1</ele><time>2025-05-02T12:16:43.000Z</time></trkpt>
      <trkpt lat="52.727081" lon="-1.367224"><ele>159.2</ele><time>2025-05-02T12:16:44.000Z</time></trkpt>
      <trkpt lat="52.727067" lon="-1.367228"><ele>159.2</ele><time>2025-05-02T12:16:45.000Z</time></trkpt>
      <trkpt lat="52.727053" lon="-1.367232"><ele>159.2</ele><time>2025-05-02T12:16:46.000Z</time></trkpt>
      <trkpt lat="52.727039" lon="-1.367235"><ele>159.2</ele><time>2025-05-02T12:16:47.000Z</time></trkpt>
      <trkpt lat="52.727026" lon="-1.367239"><ele>159.3</ele><time>2025-05-02T12:16:48.000Z</time></trkpt>
      <trkpt lat="52.727013" lon="-1.367243"><ele>159.3</ele><time>2025-05-02T12:16:49.000Z</time></trkpt>
      <trkpt lat="52.726999" lon="-1.367245"><ele>159.3</ele><time>2025-05-02T12:16:50.000Z</time></trkpt>
      <trkpt lat="52.726985" lon="-1.367247"><ele>159.3</ele><time>2025-05-02T12:16:51.000Z</time></trkpt>
      <trkpt lat="52.726971" lon="-1.367248"><ele>159.2</ele><time>2025-05-02T12:16:52.000Z</time></trkpt>
      <trkpt lat="52.726958" lon="-1.367249"><ele>159.2</ele><time>2025-05-02T12:16:53.000Z</time></trkpt>
      <trkpt lat="52.726944" lon="-1.367251"><ele>159.2</ele><time>2025-05-02T12:16:54.000Z</time></trkpt>
      <trkpt lat="52.726932" lon="-1.367252"><ele>159.2</ele><time>2025-05-02T12:16:55.000Z</time></trkpt>
      <trkpt lat="52.726919" lon="-1.367253"><ele>159.2</ele><time>2025-05-02T12:16:56.000Z</time></trkpt>
      <trkpt lat="52.726906" lon="-1.367254"><ele>159.1</ele><time>2025-05-02T12:16:57.000Z</time></trkpt>
      <trkpt lat="52.726891" lon="-1.367255"><ele>159.1</ele><time>2025-05-02T12:16:58.000Z</time></trkpt>
      <trkpt lat="52.726876" lon="-1.367255"><ele>159.1</ele><time>2025-05-02T12:16:59.000Z</time></trkpt>
      <trkpt lat="52.726861" lon="-1.367255"><ele>159.1</ele><time>2025-05-02T12:17:00.000Z</time></trkpt>
      <trkpt lat="52.726846" lon="-1.367253"><ele>159.1</ele><time>2025-05-02T12:17:01.000Z</time></trkpt>
      <trkpt lat="52.726831" lon="-1.367251"><ele>159.1</ele><time>2025-05-02T12:17:02.000Z</time></trkpt>
      <trkpt lat="52.726816" lon="-1.367248"><ele>159.1</ele><time>2025-05-02T12:17:03.000Z</time></trkpt>
      <trkpt lat="52.726801" lon="-1.367245"><ele>159.1</ele><time>2025-05-02T12:17:04.000Z</time></trkpt>
      <trkpt lat="52.726787" lon="-1.367243"><ele>159.1</ele><time>2025-05-02T12:17:05.000Z</time></trkpt>
      <trkpt lat="52.726772" lon="-1.367241"><ele>159.2</ele><time>2025-05-02T12:17:06.000Z</time></trkpt>
      <trkpt lat="52.726757" lon="-1.367239"><ele>159.2</ele><time>2025-05-02T12:17:07.000Z</time></trkpt>
      <trkpt lat="52.726743" lon="-1.367239"><ele>159.3</ele><time>2025-05-02T12:17:08.000Z</time></trkpt>
      <trkpt lat="52.726728" lon="-1.367240"><ele>159.3</ele><time>2025-05-02T12:17:09.000Z</time></trkpt>
      <trkpt lat="52.726714" lon="-1.367242"><ele>159.4</ele><time>2025-05-02T12:17:10.000Z</time></trkpt>
      <trkpt lat="52.726700" lon="-1.367244"><ele>159.4</ele><time>2025-05-02T12:17:11.000Z</time></trkpt>
      <trkpt lat="52.726686" lon="-1.367247"><ele>159.5</ele><time>2025-05-02T12:17:12.000Z</time></trkpt>
      <trkpt lat="52.726672" lon="-1.367250"><ele>159.6</ele><time>2025-05-02T12:17:13.000Z</time></trkpt>
      <trkpt lat="52.726659" lon="-1.367254"><ele>159.6</ele><time>2025-05-02T12:17:14.000Z</time></trkpt>
      <trkpt lat="52.726645" lon="-1.367259"><ele>159.7</ele><time>2025-05-02T12:17:15.000Z</time></trkpt>
      <trkpt lat="52.726633" lon="-1.367266"><ele>159.8</ele><time>2025-05-02T12:17:16.000Z</time></trkpt>
      <trkpt lat="52.726621" lon="-1.367273"><ele>159.8</ele><time>2025-05-02T12:17:17.000Z</time></trkpt>
      <trkpt lat="52.726608" lon="-1.367279"><ele>159.9</ele><time>2025-05-02T12:17:18.000Z</time></trkpt>
      <trkpt lat="52.726595" lon="-1.367284"><ele>159.9</ele><time>2025-05-02T12:17:19.000Z</time></trkpt>
      <trkpt lat="52.726582" lon="-1.367289"><ele>160.0</ele><time>2025-05-02T12:17:20.000Z</time></trkpt>
      <trkpt lat="52.726569" lon="-1.367294"><ele>160.0</ele><time>2025-05-02T12:17:21.000Z</time></trkpt>
      <trkpt lat="52.726556" lon="-1.367299"><ele>160.0</ele><time>2025-05-02T12:17:22.000Z</time></trkpt>
      <trkpt lat="52.726542" lon="-1.367304"><ele>160.1</ele><time>2025-05-02T12:17:23.000Z</time></trkpt>
      <trkpt lat="52.726528" lon="-1.367308"><ele>160.1</ele><time>2025-05-02T12:17:24.000Z</time></trkpt>
      <trkpt lat="52.726514" lon="-1.367312"><ele>160.1</ele><time>2025-05-02T12:17:25.000Z</time></trkpt>
      <trkpt lat="52.726500" lon="-1.367316"><ele>160.1</ele><time>2025-05-02T12:17:26.000Z</time></trkpt>
      <trkpt lat="52.726487" lon="-1.367321"><ele>160.1</ele><time>2025-05-02T12:17:27.000Z</time></trkpt>
      <trkpt lat="52.726472" lon="-1.367325"><ele>160.1</ele><time>2025-05-02T12:17:28.000Z</time></trkpt>
      <trkpt lat="52.726459" lon="-1.367328"><ele>160.0</ele><time>2025-05-02T12:17:29.000Z</time></trkpt>
      <trkpt lat="52.726445" lon="-1.367332"><ele>160.0</ele><time>2025-05-02T12:17:30.000Z</time></trkpt>
      <trkpt lat="52.726431" lon="-1.367335"><ele>160.0</ele><time>2025-05-02T12:17:31.000Z</time></trkpt>
      <trkpt lat="52.726417" lon="-1.367339"><ele>160.0</ele><time>2025-05-02T12:17:32.000Z</time></trkpt>
      <trkpt lat="52.726403" lon="-1.367343"><ele>160.0</ele><time>2025-05-02T12:17:33.000Z</time></trkpt>
      <trkpt lat="52.726389" lon="-1.367345"><ele>159.9</ele><time>2025-05-02T12:17:34.000Z</time></trkpt>
      <trkpt lat="52.726375" lon="-1.367347"><ele>159.9</ele><time>2025-05-02T12:17:35.000Z</time></trkpt>
      <trkpt lat="52.726362" lon="-1.367347"><ele>159.9</ele><time>2025-05-02T12:17:36.000Z</time></trkpt>
      <trkpt lat="52.726348" lon="-1.367347"><ele>159.9</ele><time>2025-05-02T12:17:37.000Z</time></trkpt>
      <trkpt lat="52.726334" lon="-1.367348"><ele>159.9</ele><time>2025-05-02T12:17:38.000Z</time></trkpt>
      <trkpt lat="52.726321" lon="-1.367350"><ele>159.9</ele><time>2025-05-02T12:17:39.000Z</time></trkpt>
      <trkpt lat="52.726307" lon="-1.367352"><ele>159.9</ele><time>2025-05-02T12:17:40.000Z</time></trkpt>
      <trkpt lat="52.726294" lon="-1.367356"><ele>159.9</ele><time>2025-05-02T12:17:41.000Z</time></trkpt>
      <trkpt lat="52.726282" lon="-1.367363"><ele>160.0</ele><time>2025-05-02T12:17:42.000Z</time></trkpt>
      <trkpt lat="52.726269" lon="-1.367370"><ele>160.0</ele><time>2025-05-02T12:17:43.000Z</time></trkpt>
      <trkpt lat="52.726257" lon="-1.367378"><ele>160.1</ele><time>2025-05-02T12:17:44.000Z</time></trkpt>
      <trkpt lat="52.726244" lon="-1.367387"><ele>160.1</ele><time>2025-05-02T12:17:45.000Z</time></trkpt>
      <trkpt lat="52.726232" lon="-1.367398"><ele>160.1</ele><time>2025-05-02T12:17:46.000Z</time></trkpt>
      <trkpt lat="52.726220" lon="-1.367409"><ele>160.2</ele><time>2025-05-02T12:17:47.000Z</time></trkpt>
      <trkpt lat="52.726207" lon="-1.367418"><ele>160.2</ele><time>2025-05-02T12:17:48.000Z</time></trkpt>
      <trkpt lat="52.726195" lon="-1.367427"><ele>160.3</ele><time>2025-05-02T12:17:49.000Z</time></trkpt>
      <trkpt lat="52.726182" lon="-1.367437"><ele>160.3</ele><time>2025-05-02T12:17:50.000Z</time></trkpt>
      <trkpt lat="52.726170" lon="-1.367446"><ele>160.4</ele><time>2025-05-02T12:17:51.000Z</time></trkpt>
      <trkpt lat="52.726157" lon="-1.367456"><ele>160.4</ele><time>2025-05-02T12:17:52.000Z</time></trkpt>
      <trkpt lat="52.726145" lon="-1.367466"><ele>160.4</ele><time>2025-05-02T12:17:53.000Z</time></trkpt>
      <trkpt lat="52.726132" lon="-1.367475"><ele>160.4</ele><time>2025-05-02T12:17:54.000Z</time></trkpt>
      <trkpt lat="52.726119" lon="-1.367483"><ele>160.4</ele><time>2025-05-02T12:17:55.000Z</time></trkpt>
      <trkpt lat="52.726106" lon="-1.367490"><ele>160.4</ele><time>2025-05-02T12:17:56.000Z</time></trkpt>
      <trkpt lat="52.726093" lon="-1.367498"><ele>160.4</ele><time>2025-05-02T12:17:57.000Z</time></trkpt>
      <trkpt lat="52.726081" lon="-1.367506"><ele>160.4</ele><time>2025-05-02T12:17:58.000Z</time></trkpt>
      <trkpt lat="52.726068" lon="-1.367513"><ele>160.4</ele><time>2025-05-02T12:17:59.000Z</time></trkpt>
      <trkpt lat="52.726055" lon="-1.367522"><ele>160.3</ele><time>2025-05-02T12:18:00.000Z</time></trkpt>
      <trkpt lat="52.726042" lon="-1.367530"><ele>160.3</ele><time>2025-05-02T12:18:01.000Z</time></trkpt>
      <trkpt lat="52.726030" lon="-1.367538"><ele>160.3</ele><time>2025-05-02T12:18:02.000Z</time></trkpt>
      <trkpt lat="52.726017" lon="-1.367547"><ele>160.3</ele><time>2025-05-02T12:18:03.000Z</time></trkpt>
      <trkpt lat="52.726004" lon="-1.367556"><ele>160.3</ele><time>2025-05-02T12:18:04.000Z</time></trkpt>
      <trkpt lat="52.725992" lon="-1.367565"><ele>160.3</ele><time>2025-05-02T12:18:05.000Z</time></trkpt>
      <trkpt lat="52.725980" lon="-1.367575"><ele>160.2</ele><time>2025-05-02T12:18:06.000Z</time></trkpt>
      <trkpt lat="52.725968" lon="-1.367586"><ele>160.2</ele><time>2025-05-02T12:18:07.000Z</time></trkpt>
      <trkpt lat="52.725955" lon="-1.367596"><ele>160.2</ele><time>2025-05-02T12:18:08.000Z</time></trkpt>
      <trkpt lat="52.725943" lon="-1.367605"><ele>160.2</ele><time>2025-05-02T12:18:09.000Z</time></trkpt>
      <trkpt lat="52.725931" lon="-1.367614"><ele>160.3</ele><time>2025-05-02T12:18:10.000Z</time></trkpt>
      <trkpt lat="52.725918" lon="-1.367624"><ele>160.3</ele><time>2025-05-02T12:18:11.000Z</time></trkpt>
      <trkpt lat="52.725906" lon="-1.367633"><ele>160.3</ele><time>2025-05-02T12:18:12.000Z</time></trkpt>
      <trkpt lat="52.725894" lon="-1.367643"><ele>160.3</ele><time>2025-05-02T12:18:13.000Z</time></trkpt>
      <trkpt lat="52.725882" lon="-1.367654"><ele>160.3</ele><time>2025-05-02T12:18:14.000Z</time></trkpt>
      <trkpt lat="52.725870" lon="-1.367665"><ele>160.4</ele><time>2025-05-02T12:18:15.000Z</time></trkpt>
      <trkpt lat="52.725858" lon="-1.367676"><ele>160.4</ele><time>2025-05-02T12:18:16.000Z</time></trkpt>
      <trkpt lat="52.725846" lon="-1.367687"><ele>160.4</ele><time>2025-05-02T12:18:17.000Z</time></trkpt>
      <trkpt lat="52.725834" lon="-1.367697"><ele>160.4</ele><time>2025-05-02T12:18:18.000Z</time></trkpt>
      <trkpt lat="52.725822" lon="-1.367707"><ele>160.4</ele><time>2025-05-02T12:18:19.000Z</time></trkpt>
      <trkpt lat="52.725810" lon="-1.367718"><ele>160.5</ele><time>2025-05-02T12:18:20.000Z</time></trkpt>
      <trkpt lat="52.725798" lon="-1.367728"><ele>160.5</ele><time>2025-05-02T12:18:21.000Z</time></trkpt>
      <trkpt lat="52.725785" lon="-1.367738"><ele>160.5</ele><time>2025-05-02T12:18:22.000Z</time></trkpt>
      <trkpt lat="52.725773" lon="-1.367749"><ele>160.5</ele><time>2025-05-02T12:18:23.000Z</time></trkpt>
      <trkpt lat="52.725760" lon="-1.367759"><ele>160.5</ele><time>2025-05-02T12:18:24.000Z</time></trkpt>
      <trkpt lat="52.725748" lon="-1.367769"><ele>160.5</ele><time>2025-05-02T12:18:25.000Z</time></trkpt>
      <trkpt lat="52.725735" lon="-1.367780"><ele>160.6</ele><time>2025-05-02T12:18:26.000Z</time></trkpt>
      <trkpt lat="52.725723" lon="-1.367789"><ele>160.6</ele><time>2025-05-02T12:18:27.000Z</time></trkpt>
      <trkpt lat="52.725710" lon="-1.367798"><ele>160.6</ele><time>2025-05-02T12:18:28.000Z</time></trkpt>
      <trkpt lat="52.725697" lon="-1.367807"><ele>160.6</ele><time>2025-05-02T12:18:29.000Z</time></trkpt>
      <trkpt lat="52.725684" lon="-1.367815"><ele>160.6</ele><time>2025-05-02T12:18:30.000Z</time></trkpt>
      <trkpt lat="52.725671" lon="-1.367824"><ele>160.7</ele><time>2025-05-02T12:18:31.000Z</time></trkpt>
      <trkpt lat="52.725658" lon="-1.367833"><ele>160.7</ele><time>2025-05-02T12:18:32.000Z</time></trkpt>
      <trkpt lat="52.725645" lon="-1.367841"><ele>160.7</ele><time>2025-05-02T12:18:33.000Z</time></trkpt>
      <trkpt lat="52.725632" lon="-1.367850"><ele>160.7</ele><time>2025-05-02T12:18:34.000Z</time></trkpt>
      <trkpt lat="52.725620" lon="-1.367860"><ele>160.8</ele><time>2025-05-02T12:18:35.000Z</time></trkpt>
      <trkpt lat="52.725607" lon="-1.367868"><ele>160.8</ele><time>2025-05-02T12:18:36.000Z</time></trkpt>
      <trkpt lat="52.725594" lon="-1.367877"><ele>160.8</ele><time>2025-05-02T12:18:37.000Z</time></trkpt>
      <trkpt lat="52.725582" lon="-1.367886"><ele>160.8</ele><time>2025-05-02T12:18:38.000Z</time></trkpt>
      <trkpt lat="52.725569" lon="-1.367894"><ele>160.9</ele><time>2025-05-02T12:18:39.000Z</time></trkpt>
      <trkpt lat="52.725557" lon="-1.367903"><ele>160.9</ele><time>2025-05-02T12:18:40.000Z</time></trkpt>
      <trkpt lat="52.725544" lon="-1.367913"><ele>160.9</ele><time>2025-05-02T12:18:41.000Z</time></trkpt>
      <trkpt lat="52.725532" lon="-1.367922"><ele>160.9</ele><time>2025-05-02T12:18:42.000Z</time></trkpt>
      <trkpt lat="52.725519" lon="-1.367930"><ele>160.9</ele><time>2025-05-02T12:18:43.000Z</time></trkpt>
      <trkpt lat="52.725506" lon="-1.367937"><ele>161.0</ele><time>2025-05-02T12:18:44.000Z</time></trkpt>
      <trkpt lat="52.725493" lon="-1.367945"><ele>161.0</ele><time>2025-05-02T12:18:45.000Z</time></trkpt>
      <trkpt lat="52.725480" lon="-1.367952"><ele>161.0</ele><time>2025-05-02T12:18:46.000Z</time></trkpt>
      <trkpt lat="52.725467" lon="-1.367960"><ele>161.0</ele><time>2025-05-02T12:18:47.000Z</time></trkpt>
      <trkpt lat="52.725455" lon="-1.367969"><ele>160.9</ele><time>2025-05-02T12:18:48.000Z</time></trkpt>
      <trkpt lat="52.725442" lon="-1.367977"><ele>160.9</ele><time>2025-05-02T12:18:49.000Z</time></trkpt>
      <trkpt lat="52.725429" lon="-1.367986"><ele>160.9</ele><time>2025-05-02T12:18:50.000Z</time></trkpt>
      <trkpt lat="52.725416" lon="-1.367993"><ele>160.8</ele><time>2025-05-02T12:18:51.000Z</time></trkpt>
      <trkpt lat="52.725403" lon="-1.367999"><ele>160.8</ele><time>2025-05-02T12:18:52.000Z</time></trkpt>
      <trkpt lat="52.725390" lon="-1.368006"><ele>160.7</ele><time>2025-05-02T12:18:53.000Z</time></trkpt>
      <trkpt lat="52.725378" lon="-1.368015"><ele>160.7</ele><time>2025-05-02T12:18:54.000Z</time></trkpt>
      <trkpt lat="52.725367" lon="-1.368028"><ele>160.6</ele><time>2025-05-02T12:18:55.000Z</time></trkpt>
      <trkpt lat="52.725357" lon="-1.368044"><ele>160.6</ele><time>2025-05-02T12:18:56.000Z</time></trkpt>
      <trkpt lat="52.725349" lon="-1.368063"><ele>160.5</ele><time>2025-05-02T12:18:57.000Z</time></trkpt>
      <trkpt lat="52.725343" lon="-1.368084"><ele>160.5</ele><time>2025-05-02T12:18:58.000Z</time></trkpt>
      <trkpt lat="52.725339" lon="-1.368107"><ele>160.4</ele><time>2025-05-02T12:18:59.000Z</time></trkpt>
      <trkpt lat="52.725334" lon="-1.368130"><ele>160.4</ele><time>2025-05-02T12:19:00.000Z</time></trkpt>
      <trkpt lat="52.725327" lon="-1.368151"><ele>160.4</ele><time>2025-05-02T12:19:01.000Z</time></trkpt>
      <trkpt lat="52.725318" lon="-1.368169"><ele>160.3</ele><time>2025-05-02T12:19:02.000Z</time></trkpt>
      <trkpt lat="52.725308" lon="-1.368186"><ele>160.3</ele><time>2025-05-02T12:19:03.000Z</time></trkpt>
      <trkpt lat="52.725297" lon="-1.368201"><ele>160.3</ele><time>2025-05-02T12:19:04.000Z</time></trkpt>
      <trkpt lat="52.725286" lon="-1.368216"><ele>160.3</ele><time>2025-05-02T12:19:05.000Z</time></trkpt>
      <trkpt lat="52.725276" lon="-1.368230"><ele>160.3</ele><time>2025-05-02T12:19:06.000Z</time></trkpt>
      <trkpt lat="52.725265" lon="-1.368245"><ele>160.3</ele><time>2025-05-02T12:19:07.000Z</time></trkpt>
      <trkpt lat="52.725255" lon="-1.368260"><ele>160.3</ele><time>2025-05-02T12:19:08.000Z</time></trkpt>
      <trkpt lat="52.725246" lon="-1.368275"><ele>160.3</ele><time>2025-05-02T12:19:09.000Z</time></trkpt>
      <trkpt lat="52.725236" lon="-1.368290"><ele>160.4</ele><time>2025-05-02T12:19:10.000Z</time></trkpt>
      <trkpt lat="52.725227" lon="-1.368304"><ele>160.4</ele><time>2025-05-02T12:19:11.000Z</time></trkpt>
      <trkpt lat="52.725217" lon="-1.368317"><ele>160.5</ele><time>2025-05-02T12:19:12.000Z</time></trkpt>
      <trkpt lat="52.725205" lon="-1.368329"><ele>160.6</ele><time>2025-05-02T12:19:13.000Z</time></trkpt>
      <trkpt lat="52.725193" lon="-1.368340"><ele>160.7</ele><time>2025-05-02T12:19:14.000Z</time></trkpt>
      <trkpt lat="52.725180" lon="-1.368349"><ele>160.8</ele><time>2025-05-02T12:19:15.000Z</time></trkpt>
      <trkpt lat="52.725167" lon="-1.368357"><ele>160.9</ele><time>2025-05-02T12:19:16.000Z</time></trkpt>
      <trkpt lat="52.725154" lon="-1.368363"><ele>161.0</ele><time>2025-05-02T12:19:17.000Z</time></trkpt>
      <trkpt lat="52.725140" lon="-1.368367"><ele>161.1</ele><time>2025-05-02T12:19:18.000Z</time></trkpt>
      <trkpt lat="52.725126" lon="-1.368371"><ele>161.1</ele><time>2025-05-02T12:19:19.000Z</time></trkpt>
      <trkpt lat="52.725113" lon="-1.368374"><ele>161.2</ele><time>2025-05-02T12:19:20.000Z</time></trkpt>
      <trkpt lat="52.725100" lon="-1.368378"><ele>161.3</ele><time>2025-05-02T12:19:21.000Z</time></trkpt>
      <trkpt lat="52.725087" lon="-1.368381"><ele>161.4</ele><time>2025-05-02T12:19:22.000Z</time></trkpt>
      <trkpt lat="52.725073" lon="-1.368384"><ele>161.4</ele><time>2025-05-02T12:19:23.000Z</time></trkpt>
      <trkpt lat="52.725060" lon="-1.368387"><ele>161.5</ele><time>2025-05-02T12:19:24.000Z</time></trkpt>
      <trkpt lat="52.725047" lon="-1.368393"><ele>161.5</ele><time>2025-05-02T12:19:25.000Z</time></trkpt>
      <trkpt lat="52.725034" lon="-1.368400"><ele>161.6</ele><time>2025-05-02T12:19:26.000Z</time></trkpt>
      <trkpt lat="52.725021" lon="-1.368408"><ele>161.6</ele><time>2025-05-02T12:19:27.000Z</time></trkpt>
      <trkpt lat="52.725008" lon="-1.368417"><ele>161.6</ele><time>2025-05-02T12:19:28.000Z</time></trkpt>
      <trkpt lat="52.724995" lon="-1.368425"><ele>161.6</ele><time>2025-05-02T12:19:29.000Z</time></trkpt>
      <trkpt lat="52.724982" lon="-1.368433"><ele>161.6</ele><time>2025-05-02T12:19:30.000Z</time></trkpt>
      <trkpt lat="52.724969" lon="-1.368443"><ele>161.6</ele><time>2025-05-02T12:19:31.000Z</time></trkpt>
      <trkpt lat="52.724956" lon="-1.368453"><ele>161.6</ele><time>2025-05-02T12:19:32.000Z</time></trkpt>
      <trkpt lat="52.724944" lon="-1.368462"><ele>161.6</ele><time>2025-05-02T12:19:33.000Z</time></trkpt>
      <trkpt lat="52.724932" lon="-1.368472"><ele>161.6</ele><time>2025-05-02T12:19:34.000Z</time></trkpt>
      <trkpt lat="52.724919" lon="-1.368481"><ele>161.6</ele><time>2025-05-02T12:19:35.000Z</time></trkpt>
      <trkpt lat="52.724907" lon="-1.368489"><ele>161.6</ele><time>2025-05-02T12:19:36.000Z</time></trkpt>
      <trkpt lat="52.724893" lon="-1.368495"><ele>161.6</ele><time>2025-05-02T12:19:37.000Z</time></trkpt>
      <trkpt lat="52.724880" lon="-1.368500"><ele>161.5</ele><time>2025-05-02T12:19:38.000Z</time></trkpt>
      <trkpt lat="52.724867" lon="-1.368505"><ele>161.5</ele><time>2025-05-02T12:19:39.000Z</time></trkpt>
      <trkpt lat="52.724854" lon="-1.368511"><ele>161.5</ele><time>2025-05-02T12:19:40.000Z</time></trkpt>
      <trkpt lat="52.724841" lon="-1.368518"><ele>161.5</ele><time>2025-05-02T12:19:41.000Z</time></trkpt>
      <trkpt lat="52.724829" lon="-1.368526"><ele>161.5</ele><time>2025-05-02T12:19:42.000Z</time></trkpt>
      <trkpt lat="52.724816" lon="-1.368533"><ele>161.5</ele><time>2025-05-02T12:19:43.000Z</time></trkpt>
      <trkpt lat="52.724803" lon="-1.368540"><ele>161.5</ele><time>2025-05-02T12:19:44.000Z</time></trkpt>
      <trkpt lat="52.724791" lon="-1.368547"><ele>161.5</ele><time>2025-05-02T12:19:45.000Z</time></trkpt>
      <trkpt lat="52.724778" lon="-1.368555"><ele>161.4</ele><time>2025-05-02T12:19:46.000Z</time></trkpt>
      <trkpt lat="52.724766" lon="-1.368564"><ele>161.4</ele><time>2025-05-02T12:19:47.000Z</time></trkpt>
      <trkpt lat="52.724754" lon="-1.368574"><ele>161.4</ele><time>2025-05-02T12:19:48.000Z</time></trkpt>
      <trkpt lat="52.724741" lon="-1.368582"><ele>161.4</ele><time>2025-05-02T12:19:49.000Z</time></trkpt>
      <trkpt lat="52.724729" lon="-1.368589"><ele>161.4</ele><time>2025-05-02T12:19:50.000Z</time></trkpt>
      <trkpt lat="52.724715" lon="-1.368596"><ele>161.3</ele><time>2025-05-02T12:19:51.000Z</time></trkpt>
      <trkpt lat="52.724702" lon="-1.368602"><ele>161.3</ele><time>2025-05-02T12:19:52.000Z</time></trkpt>
      <trkpt lat="52.724688" lon="-1.368609"><ele>161.3</ele><time>2025-05-02T12:19:53.000Z</time></trkpt>
      <trkpt lat="52.724675" lon="-1.368616"><ele>161.2</ele><time>2025-05-02T12:19:54.000Z</time></trkpt>
      <trkpt lat="52.724662" lon="-1.368624"><ele>161.2</ele><time>2025-05-02T12:19:55.000Z</time></trkpt>
      <trkpt lat="52.724649" lon="-1.368633"><ele>161.2</ele><time>2025-05-02T12:19:56.000Z</time></trkpt>
      <trkpt lat="52.724637" lon="-1.368642"><ele>161.1</ele><time>2025-05-02T12:19:57.000Z</time></trkpt>
      <trkpt lat="52.724624" lon="-1.368651"><ele>161.1</ele><time>2025-05-02T12:19:58.000Z</time></trkpt>
      <trkpt lat="52.724611" lon="-1.368659"><ele>161.1</ele><time>2025-05-02T12:19:59.000Z</time></trkpt>
      <trkpt lat="52.724599" lon="-1.368667"><ele>161.1</ele><time>2025-05-02T12:20:00.000Z</time></trkpt>
      <trkpt lat="52.724586" lon="-1.368675"><ele>161.1</ele><time>2025-05-02T12:20:01.000Z</time></trkpt>
      <trkpt lat="52.724573" lon="-1.368682"><ele>161.0</ele><time>2025-05-02T12:20:02.000Z</time></trkpt>
      <trkpt lat="52.724561" lon="-1.368689"><ele>161.0</ele><time>2025-05-02T12:20:03.000Z</time></trkpt>
      <trkpt lat="52.724548" lon="-1.368697"><ele>161.0</ele><time>2025-05-02T12:20:04.000Z</time></trkpt>
      <trkpt lat="52.724535" lon="-1.368705"><ele>161.0</ele><time>2025-05-02T12:20:05.000Z</time></trkpt>
      <trkpt lat="52.724523" lon="-1.368714"><ele>161.0</ele><time>2025-05-02T12:20:06.000Z</time></trkpt>
      <trkpt lat="52.724511" lon="-1.368723"><ele>161.0</ele><time>2025-05-02T12:20:07.000Z</time></trkpt>
      <trkpt lat="52.724499" lon="-1.368733"><ele>161.1</ele><time>2025-05-02T12:20:08.000Z</time></trkpt>
      <trkpt lat="52.724487" lon="-1.368744"><ele>161.1</ele><time>2025-05-02T12:20:09.000Z</time></trkpt>
      <trkpt lat="52.724475" lon="-1.368754"><ele>161.1</ele><time>2025-05-02T12:20:10.000Z</time></trkpt>
      <trkpt lat="52.724464" lon="-1.368762"><ele>161.1</ele><time>2025-05-02T12:20:11.000Z</time></trkpt>
      <trkpt lat="52.724453" lon="-1.368769"><ele>161.1</ele><time>2025-05-02T12:20:12.000Z</time></trkpt>
      <trkpt lat="52.724441" lon="-1.368775"><ele>161.2</ele><time>2025-05-02T12:20:13.000Z</time></trkpt>
      <trkpt lat="52.724429" lon="-1.368782"><ele>161.2</ele><time>2025-05-02T12:20:14.000Z</time></trkpt>
      <trkpt lat="52.724416" lon="-1.368790"><ele>161.2</ele><time>2025-05-02T12:20:15.000Z</time></trkpt>
      <trkpt lat="52.724402" lon="-1.368797"><ele>161.3</ele><time>2025-05-02T12:20:16.000Z</time></trkpt>
      <trkpt lat="52.724389" lon="-1.368804"><ele>161.3</ele><time>2025-05-02T12:20:17.000Z</time></trkpt>
      <trkpt lat="52.724376" lon="-1.368810"><ele>161.3</ele><time>2025-05-02T12:20:18.000Z</time></trkpt>
      <trkpt lat="52.724363" lon="-1.368817"><ele>161.3</ele><time>2025-05-02T12:20:19.000Z</time></trkpt>
      <trkpt lat="52.724350" lon="-1.368824"><ele>161.3</ele><time>2025-05-02T12:20:20.000Z</time></trkpt>
      <trkpt lat="52.724337" lon="-1.368833"><ele>161.4</ele><time>2025-05-02T12:20:21.000Z</time></trkpt>
      <trkpt lat="52.724324" lon="-1.368842"><ele>161.4</ele><time>2025-05-02T12:20:22.000Z</time></trkpt>
      <trkpt lat="52.724311" lon="-1.368851"><ele>161.4</ele><time>2025-05-02T12:20:23.000Z</time></trkpt>
      <trkpt lat="52.724297" lon="-1.368860"><ele>161.4</ele><time>2025-05-02T12:20:24.000Z</time></trkpt>
      <trkpt lat="52.724284" lon="-1.368869"><ele>161.4</ele><time>2025-05-02T12:20:25.000Z</time></trkpt>
      <trkpt lat="52.724271" lon="-1.368879"><ele>161.4</ele><time>2025-05-02T12:20:26.000Z</time></trkpt>
      <trkpt lat="52.724258" lon="-1.368888"><ele>161.4</ele><time>2025-05-02T12:20:27.000Z</time></trkpt>
      <trkpt lat="52.724245" lon="-1.368896"><ele>161.4</ele><time>2025-05-02T12:20:28.000Z</time></trkpt>
      <trkpt lat="52.724231" lon="-1.368905"><ele>161.4</ele><time>2025-05-02T12:20:29.000Z</time></trkpt>
      <trkpt lat="52.724218" lon="-1.368914"><ele>161.4</ele><time>2025-05-02T12:20:30.000Z</time></trkpt>
      <trkpt lat="52.724205" lon="-1.368924"><ele>161.4</ele><time>2025-05-02T12:20:31.000Z</time></trkpt>
      <trkpt lat="52.724192" lon="-1.368934"><ele>161.4</ele><time>2025-05-02T12:20:32.000Z</time></trkpt>
      <trkpt lat="52.724179" lon="-1.368946"><ele>161.3</ele><time>2025-05-02T12:20:33.000Z</time></trkpt>
      <trkpt lat="52.724166" lon="-1.368959"><ele>161.3</ele><time>2025-05-02T12:20:34.000Z</time></trkpt>
      <trkpt lat="52.724154" lon="-1.368971"><ele>161.3</ele><time>2025-05-02T12:20:35.000Z</time></trkpt>
      <trkpt lat="52.724141" lon="-1.368983"><ele>161.3</ele><time>2025-05-02T12:20:36.000Z</time></trkpt>
      <trkpt lat="52.724129" lon="-1.368995"><ele>161.2</ele><time>2025-05-02T12:20:37.000Z</time></trkpt>
      <trkpt lat="52.724116" lon="-1.369007"><ele>161.2</ele><time>2025-05-02T12:20:38.000Z</time></trkpt>
      <trkpt lat="52.724104" lon="-1.369020"><ele>161.2</ele><time>2025-05-02T12:20:39.000Z</time></trkpt>
      <trkpt lat="52.724092" lon="-1.369032"><ele>161.2</ele><time>2025-05-02T12:20:40.000Z</time></trkpt>
      <trkpt lat="52.724080" lon="-1.369045"><ele>161.2</ele><time>2025-05-02T12:20:41.000Z</time></trkpt>
      <trkpt lat="52.724069" lon="-1.369058"><ele>161.1</ele><time>2025-05-02T12:20:42.000Z</time></trkpt>
      <trkpt lat="52.724057" lon="-1.369070"><ele>161.1</ele><time>2025-05-02T12:20:43.000Z</time></trkpt>
      <trkpt lat="52.724045" lon="-1.369080"><ele>161.1</ele><time>2025-05-02T12:20:44.000Z</time></trkpt>
      <trkpt lat="52.724033" lon="-1.369090"><ele>161.1</ele><time>2025-05-02T12:20:45.000Z</time></trkpt>
      <trkpt lat="52.724021" lon="-1.369102"><ele>161.1</ele><time>2025-05-02T12:20:46.000Z</time></trkpt>
      <trkpt lat="52.724011" lon="-1.369117"><ele>161.1</ele><time>2025-05-02T12:20:47.000Z</time></trkpt>
      <trkpt lat="52.724002" lon="-1.369136"><ele>161.2</ele><time>2025-05-02T12:20:48.000Z</time></trkpt>
      <trkpt lat="52.723996" lon="-1.369157"><ele>161.2</ele><time>2025-05-02T12:20:49.000Z</time></trkpt>
      <trkpt lat="52.723993" lon="-1.369180"><ele>161.2</ele><time>2025-05-02T12:20:50.000Z</time></trkpt>
      <trkpt lat="52.723993" lon="-1.369205"><ele>161.3</ele><time>2025-05-02T12:20:51.000Z</time></trkpt>
      <trkpt lat="52.723995" lon="-1.369229"><ele>161.3</ele><time>2025-05-02T12:20:52.000Z</time></trkpt>
      <trkpt lat="52.723999" lon="-1.369253"><ele>161.3</ele><time>2025-05-02T12:20:53.000Z</time></trkpt>
      <trkpt lat="52.724004" lon="-1.369275"><ele>161.4</ele><time>2025-05-02T12:20:54.000Z</time></trkpt>
      <trkpt lat="52.724009" lon="-1.369297"><ele>161.4</ele><time>2025-05-02T12:20:55.000Z</time></trkpt>
      <trkpt lat="52.724014" lon="-1.369318"><ele>161.5</ele><time>2025-05-02T12:20:56.000Z</time></trkpt>
      <trkpt lat="52.724018" lon="-1.369338"><ele>161.5</ele><time>2025-05-02T12:20:57.000Z</time></trkpt>
      <trkpt lat="52.724021" lon="-1.369358"><ele>161.5</ele><time>2025-05-02T12:20:58.000Z</time></trkpt>
      <trkpt lat="52.724023" lon="-1.369378"><ele>161.5</ele><time>2025-05-02T12:20:59.000Z</time></trkpt>
      <trkpt lat="52.724024" lon="-1.369397"><ele>161.5</ele><time>2025-05-02T12:21:00.000Z</time></trkpt>
      <trkpt lat="52.724020" lon="-1.369417"><ele>161.5</ele><time>2025-05-02T12:21:01.000Z</time></trkpt>
      <trkpt lat="52.724013" lon="-1.369436"><ele>161.5</ele><time>2025-05-02T12:21:02.000Z</time></trkpt>
      <trkpt lat="52.724005" lon="-1.369455"><ele>161.5</ele><time>2025-05-02T12:21:03.000Z</time></trkpt>
      <trkpt lat="52.723998" lon="-1.369475"><ele>161.5</ele><time>2025-05-02T12:21:04.000Z</time></trkpt>
      <trkpt lat="52.723994" lon="-1.369495"><ele>161.5</ele><time>2025-05-02T12:21:05.000Z</time></trkpt>
      <trkpt lat="52.723993" lon="-1.369517"><ele>161.4</ele><time>2025-05-02T12:21:06.000Z</time></trkpt>
      <trkpt lat="52.723995" lon="-1.369539"><ele>161.4</ele><time>2025-05-02T12:21:07.000Z</time></trkpt>
      <trkpt lat="52.723999" lon="-1.369561"><ele>161.4</ele><time>2025-05-02T12:21:08.000Z</time></trkpt>
      <trkpt lat="52.724005" lon="-1.369582"><ele>161.3</ele><time>2025-05-02T12:21:09.000Z</time></trkpt>
      <trkpt lat="52.724012" lon="-1.369602"><ele>161.3</ele><time>2025-05-02T12:21:10.000Z</time></trkpt>
      <trkpt lat="52.724020" lon="-1.369622"><ele>161.2</ele><time>2025-05-02T12:21:11.000Z</time></trkpt>
      <trkpt lat="52.724027" lon="-1.369642"><ele>161.2</ele><time>2025-05-02T12:21:12.000Z</time></trkpt>
      <trkpt lat="52.724034" lon="-1.369662"><ele>161.1</ele><time>2025-05-02T12:21:13.000Z</time></trkpt>
      <trkpt lat="52.724041" lon="-1.369683"><ele>161.0</ele><time>2025-05-02T12:21:14.000Z</time></trkpt>
      <trkpt lat="52.724047" lon="-1.369704"><ele>160.9</ele><time>2025-05-02T12:21:15.000Z</time></trkpt>
      <trkpt lat="52.724053" lon="-1.369725"><ele>160.9</ele><time>2025-05-02T12:21:16.000Z</time></trkpt>
      <trkpt lat="52.724060" lon="-1.369744"><ele>160.8</ele><time>2025-05-02T12:21:17.000Z</time></trkpt>
      <trkpt lat="52.724067" lon="-1.369763"><ele>160.7</ele><time>2025-05-02T12:21:18.000Z</time></trkpt>
      <trkpt lat="52.724074" lon="-1.369779"><ele>160.7</ele><time>2025-05-02T12:21:19.000Z</time></trkpt>
      <trkpt lat="52.724082" lon="-1.369794"><ele>160.6</ele><time>2025-05-02T12:21:20.000Z</time></trkpt>
      <trkpt lat="52.724089" lon="-1.369813"><ele>160.6</ele><time>2025-05-02T12:21:21.000Z</time></trkpt>
      <trkpt lat="52.724097" lon="-1.369833"><ele>160.5</ele><time>2025-05-02T12:21:22.000Z</time></trkpt>
      <trkpt lat="52.724105" lon="-1.369854"><ele>160.5</ele><time>2025-05-02T12:21:23.000Z</time></trkpt>
      <trkpt lat="52.724112" lon="-1.369875"><ele>160.4</ele><time>2025-05-02T12:21:24.000Z</time></trkpt>
      <trkpt lat="52.724118" lon="-1.369897"><ele>160.4</ele><time>2025-05-02T12:21:25.000Z</time></trkpt>
      <trkpt lat="52.724125" lon="-1.369918"><ele>160.4</ele><time>2025-05-02T12:21:26.000Z</time></trkpt>
      <trkpt lat="52.724133" lon="-1.369939"><ele>160.4</ele><time>2025-05-02T12:21:27.000Z</time></trkpt>
      <trkpt lat="52.724141" lon="-1.369959"><ele>160.3</ele><time>2025-05-02T12:21:28.000Z</time></trkpt>
      <trkpt lat="52.724148" lon="-1.369979"><ele>160.3</ele><time>2025-05-02T12:21:29.000Z</time></trkpt>
      <trkpt lat="52.724155" lon="-1.369999"><ele>160.3</ele><time>2025-05-02T12:21:30.000Z</time></trkpt>
      <trkpt lat="52.724162" lon="-1.370019"><ele>160.3</ele><time>2025-05-02T12:21:31.000Z</time></trkpt>
      <trkpt lat="52.724170" lon="-1.370039"><ele>160.3</ele><time>2025-05-02T12:21:32.000Z</time></trkpt>
      <trkpt lat="52.724178" lon="-1.370058"><ele>160.3</ele><time>2025-05-02T12:21:33.000Z</time></trkpt>
      <trkpt lat="52.724186" lon="-1.370077"><ele>160.3</ele><time>2025-05-02T12:21:34.000Z</time></trkpt>
      <trkpt lat="52.724193" lon="-1.370097"><ele>160.3</ele><time>2025-05-02T12:21:35.000Z</time></trkpt>
      <trkpt lat="52.724200" lon="-1.370118"><ele>160.3</ele><time>2025-05-02T12:21:36.000Z</time></trkpt>
      <trkpt lat="52.724206" lon="-1.370139"><ele>160.2</ele><time>2025-05-02T12:21:37.000Z</time></trkpt>
      <trkpt lat="52.724212" lon="-1.370160"><ele>160.2</ele><time>2025-05-02T12:21:38.000Z</time></trkpt>
      <trkpt lat="52.724219" lon="-1.370181"><ele>160.2</ele><time>2025-05-02T12:21:39.000Z</time></trkpt>
      <trkpt lat="52.724225" lon="-1.370201"><ele>160.2</ele><time>2025-05-02T12:21:40.000Z</time></trkpt>
      <trkpt lat="52.724232" lon="-1.370222"><ele>160.2</ele><time>2025-05-02T12:21:41.000Z</time></trkpt>
      <trkpt lat="52.724239" lon="-1.370242"><ele>160.1</ele><time>2025-05-02T12:21:42.000Z</time></trkpt>
      <trkpt lat="52.724247" lon="-1.370262"><ele>160.1</ele><time>2025-05-02T12:21:43.000Z</time></trkpt>
      <trkpt lat="52.724254" lon="-1.370282"><ele>160.0</ele><time>2025-05-02T12:21:44.000Z</time></trkpt>
      <trkpt lat="52.724261" lon="-1.370302"><ele>160.0</ele><time>2025-05-02T12:21:45.000Z</time></trkpt>
      <trkpt lat="52.724268" lon="-1.370322"><ele>159.9</ele><time>2025-05-02T12:21:46.000Z</time></trkpt>
      <trkpt lat="52.724275" lon="-1.370342"><ele>159.8</ele><time>2025-05-02T12:21:47.000Z</time></trkpt>
      <trkpt lat="52.724282" lon="-1.370362"><ele>159.7</ele><time>2025-05-02T12:21:48.000Z</time></trkpt>
      <trkpt lat="52.724288" lon="-1.370381"><ele>159.6</ele><time>2025-05-02T12:21:49.000Z</time></trkpt>
      <trkpt lat="52.724294" lon="-1.370401"><ele>159.5</ele><time>2025-05-02T12:21:50.000Z</time></trkpt>
      <trkpt lat="52.724301" lon="-1.370421"><ele>159.4</ele><time>2025-05-02T12:21:51.000Z</time></trkpt>
      <trkpt lat="52.724307" lon="-1.370440"><ele>159.2</ele><time>2025-05-02T12:21:52.000Z</time></trkpt>
      <trkpt lat="52.724314" lon="-1.370460"><ele>159.1</ele><time>2025-05-02T12:21:53.000Z</time></trkpt>
      <trkpt lat="52.724321" lon="-1.370480"><ele>159.0</ele><time>2025-05-02T12:21:54.000Z</time></trkpt>
      <trkpt lat="52.724328" lon="-1.370500"><ele>158.9</ele><time>2025-05-02T12:21:55.000Z</time></trkpt>
      <trkpt lat="52.724334" lon="-1.370520"><ele>158.7</ele><time>2025-05-02T12:21:56.000Z</time></trkpt>
      <trkpt lat="52.724341" lon="-1.370539"><ele>158.6</ele><time>2025-05-02T12:21:57.000Z</time></trkpt>
      <trkpt lat="52.724349" lon="-1.370558"><ele>158.5</ele><time>2025-05-02T12:21:58.000Z</time></trkpt>
      <trkpt lat="52.724355" lon="-1.370578"><ele>158.4</ele><time>2025-05-02T12:21:59.000Z</time></trkpt>
      <trkpt lat="52.724361" lon="-1.370599"><ele>158.4</ele><time>2025-05-02T12:22:00.000Z</time></trkpt>
      <trkpt lat="52.724366" lon="-1.370622"><ele>158.3</ele><time>2025-05-02T12:22:01.000Z</time></trkpt>
      <trkpt lat="52.724371" lon="-1.370644"><ele>158.3</ele><time>2025-05-02T12:22:02.000Z</time></trkpt>
      <trkpt lat="52.724377" lon="-1.370666"><ele>158.3</ele><time>2025-05-02T12:22:03.000Z</time></trkpt>
      <trkpt lat="52.724384" lon="-1.370687"><ele>158.3</ele><time>2025-05-02T12:22:04.000Z</time></trkpt>
      <trkpt lat="52.724392" lon="-1.370707"><ele>158.3</ele><time>2025-05-02T12:22:05.000Z</time></trkpt>
      <trkpt lat="52.724400" lon="-1.370727"><ele>158.3</ele><time>2025-05-02T12:22:06.000Z</time></trkpt>
      <trkpt lat="52.724409" lon="-1.370747"><ele>158.4</ele><time>2025-05-02T12:22:07.000Z</time></trkpt>
      <trkpt lat="52.724417" lon="-1.370767"><ele>158.5</ele><time>2025-05-02T12:22:08.000Z</time></trkpt>
      <trkpt lat="52.724424" lon="-1.370788"><ele>158.5</ele><time>2025-05-02T12:22:09.000Z</time></trkpt>
      <trkpt lat="52.724430" lon="-1.370809"><ele>158.6</ele><time>2025-05-02T12:22:10.000Z</time></trkpt>
      <trkpt lat="52.724436" lon="-1.370830"><ele>158.7</ele><time>2025-05-02T12:22:11.000Z</time></trkpt>
      <trkpt lat="52.724442" lon="-1.370851"><ele>158.7</ele><time>2025-05-02T12:22:12.000Z</time></trkpt>
      <trkpt lat="52.724448" lon="-1.370872"><ele>158.8</ele><time>2025-05-02T12:22:13.000Z</time></trkpt>
      <trkpt lat="52.724455" lon="-1.370892"><ele>158.9</ele><time>2025-05-02T12:22:14.000Z</time></trkpt>
      <trkpt lat="52.724461" lon="-1.370913"><ele>158.9</ele><time>2025-05-02T12:22:15.000Z</time></trkpt>
      <trkpt lat="52.724467" lon="-1.370935"><ele>159.0</ele><time>2025-05-02T12:22:16.000Z</time></trkpt>
      <trkpt lat="52.724473" lon="-1.370957"><ele>159.0</ele><time>2025-05-02T12:22:17.000Z</time></trkpt>
      <trkpt lat="52.724478" lon="-1.370979"><ele>159.1</ele><time>2025-05-02T12:22:18.000Z</time></trkpt>
      <trkpt lat="52.724483" lon="-1.371001"><ele>159.1</ele><time>2025-05-02T12:22:19.000Z</time></trkpt>
      <trkpt lat="52.724488" lon="-1.371023"><ele>159.1</ele><time>2025-05-02T12:22:20.000Z</time></trkpt>
      <trkpt lat="52.724492" lon="-1.371045"><ele>159.1</ele><time>2025-05-02T12:22:21.000Z</time></trkpt>
      <trkpt lat="52.724497" lon="-1.371066"><ele>159.1</ele><time>2025-05-02T12:22:22.000Z</time></trkpt>
      <trkpt lat="52.724503" lon="-1.371087"><ele>159.1</ele><time>2025-05-02T12:22:23.000Z</time></trkpt>
      <trkpt lat="52.724510" lon="-1.371106"><ele>159.1</ele><time>2025-05-02T12:22:24.000Z</time></trkpt>
      <trkpt lat="52.724517" lon="-1.371125"><ele>159.0</ele><time>2025-05-02T12:22:25.000Z</time></trkpt>
      <trkpt lat="52.724525" lon="-1.371143"><ele>158.9</ele><time>2025-05-02T12:22:26.000Z</time></trkpt>
      <trkpt lat="52.724533" lon="-1.371160"><ele>158.9</ele><time>2025-05-02T12:22:27.000Z</time></trkpt>
      <trkpt lat="52.724541" lon="-1.371177"><ele>158.8</ele><time>2025-05-02T12:22:28.000Z</time></trkpt>
      <trkpt lat="52.724548" lon="-1.371195"><ele>158.8</ele><time>2025-05-02T12:22:29.000Z</time></trkpt>
      <trkpt lat="52.724554" lon="-1.371213"><ele>158.7</ele><time>2025-05-02T12:22:30.000Z</time></trkpt>
      <trkpt lat="52.724559" lon="-1.371229"><ele>158.6</ele><time>2025-05-02T12:22:31.000Z</time></trkpt>
      <trkpt lat="52.724561" lon="-1.371243"><ele>158.5</ele><time>2025-05-02T12:22:32.000Z</time></trkpt>
      <trkpt lat="52.724564" lon="-1.371258"><ele>158.4</ele><time>2025-05-02T12:22:33.000Z</time></trkpt>
      <trkpt lat="52.724567" lon="-1.371274"><ele>158.4</ele><time>2025-05-02T12:22:34.000Z</time></trkpt>
      <trkpt lat="52.724572" lon="-1.371288"><ele>158.3</ele><time>2025-05-02T12:22:35.000Z</time></trkpt>
      <trkpt lat="52.724577" lon="-1.371302"><ele>158.3</ele><time>2025-05-02T12:22:36.000Z</time></trkpt>
      <trkpt lat="52.724581" lon="-1.371320"><ele>158.2</ele><time>2025-05-02T12:22:37.000Z</time></trkpt>
      <trkpt lat="52.724584" lon="-1.371344"><ele>158.2</ele><time>2025-05-02T12:22:38.000Z</time></trkpt>
      <trkpt lat="52.724586" lon="-1.371371"><ele>158.1</ele><time>2025-05-02T12:22:39.000Z</time></trkpt>
      <trkpt lat="52.724589" lon="-1.371398"><ele>158.1</ele><time>2025-05-02T12:22:40.000Z</time></trkpt>
      <trkpt lat="52.724592" lon="-1.371424"><ele>158.1</ele><time>2025-05-02T12:22:41.000Z</time></trkpt>
      <trkpt lat="52.724595" lon="-1.371448"><ele>158.0</ele><time>2025-05-02T12:22:42.000Z</time></trkpt>
      <trkpt lat="52.724598" lon="-1.371471"><ele>158.0</ele><time>2025-05-02T12:22:43.000Z</time></trkpt>
      <trkpt lat="52.724600" lon="-1.371492"><ele>158.0</ele><time>2025-05-02T12:22:44.000Z</time></trkpt>
      <trkpt lat="52.724599" lon="-1.371512"><ele>158.0</ele><time>2025-05-02T12:22:45.000Z</time></trkpt>
      <trkpt lat="52.724595" lon="-1.371531"><ele>158.0</ele><time>2025-05-02T12:22:46.000Z</time></trkpt>
      <trkpt lat="52.724586" lon="-1.371548"><ele>158.0</ele><time>2025-05-02T12:22:47.000Z</time></trkpt>
      <trkpt lat="52.724573" lon="-1.371560"><ele>158.0</ele><time>2025-05-02T12:22:48.000Z</time></trkpt>
      <trkpt lat="52.724558" lon="-1.371568"><ele>158.0</ele><time>2025-05-02T12:22:49.000Z</time></trkpt>
      <trkpt lat="52.724543" lon="-1.371576"><ele>158.0</ele><time>2025-05-02T12:22:50.000Z</time></trkpt>
      <trkpt lat="52.724529" lon="-1.371584"><ele>157.9</ele><time>2025-05-02T12:22:51.000Z</time></trkpt>
      <trkpt lat="52.724516" lon="-1.371592"><ele>157.9</ele><time>2025-05-02T12:22:52.000Z</time></trkpt>
      <trkpt lat="52.724503" lon="-1.371600"><ele>157.9</ele><time>2025-05-02T12:22:53.000Z</time></trkpt>
      <trkpt lat="52.724490" lon="-1.371610"><ele>157.9</ele><time>2025-05-02T12:22:54.000Z</time></trkpt>
      <trkpt lat="52.724477" lon="-1.371619"><ele>157.8</ele><time>2025-05-02T12:22:55.000Z</time></trkpt>
      <trkpt lat="52.724464" lon="-1.371629"><ele>157.8</ele><time>2025-05-02T12:22:56.000Z</time></trkpt>
      <trkpt lat="52.724452" lon="-1.371639"><ele>157.7</ele><time>2025-05-02T12:22:57.000Z</time></trkpt>
      <trkpt lat="52.724440" lon="-1.371650"><ele>157.7</ele><time>2025-05-02T12:22:58.000Z</time></trkpt>
      <trkpt lat="52.724428" lon="-1.371661"><ele>157.7</ele><time>2025-05-02T12:22:59.000Z</time></trkpt>
      <trkpt lat="52.724416" lon="-1.371672"><ele>157.6</ele><time>2025-05-02T12:23:00.000Z</time></trkpt>
      <trkpt lat="52.724404" lon="-1.371683"><ele>157.5</ele><time>2025-05-02T12:23:01.000Z</time></trkpt>
      <trkpt lat="52.724391" lon="-1.371694"><ele>157.5</ele><time>2025-05-02T12:23:02.000Z</time></trkpt>
      <trkpt lat="52.724379" lon="-1.371705"><ele>157.5</ele><time>2025-05-02T12:23:03.000Z</time></trkpt>
      <trkpt lat="52.724367" lon="-1.371716"><ele>157.4</ele><time>2025-05-02T12:23:04.000Z</time></trkpt>
      <trkpt lat="52.724355" lon="-1.371726"><ele>157.4</ele><time>2025-05-02T12:23:05.000Z</time></trkpt>
      <trkpt lat="52.724343" lon="-1.371738"><ele>157.3</ele><time>2025-05-02T12:23:06.000Z</time></trkpt>
      <trkpt lat="52.724331" lon="-1.371749"><ele>157.3</ele><time>2025-05-02T12:23:07.000Z</time></trkpt>
      <trkpt lat="52.724319" lon="-1.371760"><ele>157.2</ele><time>2025-05-02T12:23:08.000Z</time></trkpt>
      <trkpt lat="52.724307" lon="-1.371772"><ele>157.2</ele><time>2025-05-02T12:23:09.000Z</time></trkpt>
      <trkpt lat="52.724295" lon="-1.371782"><ele>157.1</ele><time>2025-05-02T12:23:10.000Z</time></trkpt>
      <trkpt lat="52.724283" lon="-1.371794"><ele>157.1</ele><time>2025-05-02T12:23:11.000Z</time></trkpt>
      <trkpt lat="52.724271" lon="-1.371806"><ele>157.0</ele><time>2025-05-02T12:23:12.000Z</time></trkpt>
      <trkpt lat="52.724259" lon="-1.371818"><ele>157.0</ele><time>2025-05-02T12:23:13.000Z</time></trkpt>
      <trkpt lat="52.724247" lon="-1.371829"><ele>157.0</ele><time>2025-05-02T12:23:14.000Z</time></trkpt>
      <trkpt lat="52.724235" lon="-1.371841"><ele>156.9</ele><time>2025-05-02T12:23:15.000Z</time></trkpt>
      <trkpt lat="52.724224" lon="-1.371854"><ele>156.9</ele><time>2025-05-02T12:23:16.000Z</time></trkpt>
      <trkpt lat="52.724214" lon="-1.371869"><ele>156.9</ele><time>2025-05-02T12:23:17.000Z</time></trkpt>
      <trkpt lat="52.724203" lon="-1.371885"><ele>156.9</ele><time>2025-05-02T12:23:18.000Z</time></trkpt>
      <trkpt lat="52.724193" lon="-1.371901"><ele>156.8</ele><time>2025-05-02T12:23:19.000Z</time></trkpt>
      <trkpt lat="52.724184" lon="-1.371918"><ele>156.8</ele><time>2025-05-02T12:23:20.000Z</time></trkpt>
      <trkpt lat="52.724176" lon="-1.371936"><ele>156.8</ele><time>2025-05-02T12:23:21.000Z</time></trkpt>
      <trkpt lat="52.724167" lon="-1.371954"><ele>156.9</ele><time>2025-05-02T12:23:22.000Z</time></trkpt>
      <trkpt lat="52.724157" lon="-1.371971"><ele>156.9</ele><time>2025-05-02T12:23:23.000Z</time></trkpt>
      <trkpt lat="52.724149" lon="-1.371989"><ele>156.9</ele><time>2025-05-02T12:23:24.000Z</time></trkpt>
      <trkpt lat="52.724141" lon="-1.372009"><ele>156.9</ele><time>2025-05-02T12:23:25.000Z</time></trkpt>
      <trkpt lat="52.724135" lon="-1.372031"><ele>156.9</ele><time>2025-05-02T12:23:26.000Z</time></trkpt>
      <trkpt lat="52.724131" lon="-1.372053"><ele>156.9</ele><time>2025-05-02T12:23:27.000Z</time></trkpt>
      <trkpt lat="52.724127" lon="-1.372076"><ele>156.9</ele><time>2025-05-02T12:23:28.000Z</time></trkpt>
      <trkpt lat="52.724125" lon="-1.372100"><ele>157.0</ele><time>2025-05-02T12:23:29.000Z</time></trkpt>
      <trkpt lat="52.724124" lon="-1.372124"><ele>157.0</ele><time>2025-05-02T12:23:30.000Z</time></trkpt>
      <trkpt lat="52.724123" lon="-1.372147"><ele>157.0</ele><time>2025-05-02T12:23:31.000Z</time></trkpt>
      <trkpt lat="52.724123" lon="-1.372171"><ele>156.9</ele><time>2025-05-02T12:23:32.000Z</time></trkpt>
      <trkpt lat="52.724123" lon="-1.372195"><ele>156.9</ele><time>2025-05-02T12:23:33.000Z</time></trkpt>
      <trkpt lat="52.724123" lon="-1.372218"><ele>156.9</ele><time>2025-05-02T12:23:34.000Z</time></trkpt>
      <trkpt lat="52.724124" lon="-1.372242"><ele>156.8</ele><time>2025-05-02T12:23:35.000Z</time></trkpt>
      <trkpt lat="52.724125" lon="-1.372265"><ele>156.8</ele><time>2025-05-02T12:23:36.000Z</time></trkpt>
      <trkpt lat="52.724127" lon="-1.372288"><ele>156.7</ele><time>2025-05-02T12:23:37.000Z</time></trkpt>
      <trkpt lat="52.724130" lon="-1.372310"><ele>156.6</ele><time>2025-05-02T12:23:38.000Z</time></trkpt>
      <trkpt lat="52.724133" lon="-1.372333"><ele>156.6</ele><time>2025-05-02T12:23:39.000Z</time></trkpt>
      <trkpt lat="52.724137" lon="-1.372356"><ele>156.5</ele><time>2025-05-02T12:23:40.000Z</time></trkpt>
      <trkpt lat="52.724141" lon="-1.372378"><ele>156.4</ele><time>2025-05-02T12:23:41.000Z</time></trkpt>
      <trkpt lat="52.724145" lon="-1.372400"><ele>156.3</ele><time>2025-05-02T12:23:42.000Z</time></trkpt>
      <trkpt lat="52.724150" lon="-1.372422"><ele>156.2</ele><time>2025-05-02T12:23:43.000Z</time></trkpt>
      <trkpt lat="52.724155" lon="-1.372445"><ele>156.1</ele><time>2025-05-02T12:23:44.000Z</time></trkpt>
      <trkpt lat="52.724159" lon="-1.372467"><ele>156.0</ele><time>2025-05-02T12:23:45.000Z</time></trkpt>
      <trkpt lat="52.724164" lon="-1.372490"><ele>156.0</ele><time>2025-05-02T12:23:46.000Z</time></trkpt>
      <trkpt lat="52.724169" lon="-1.372512"><ele>155.9</ele><time>2025-05-02T12:23:47.000Z</time></trkpt>
      <trkpt lat="52.724173" lon="-1.372535"><ele>155.8</ele><time>2025-05-02T12:23:48.000Z</time></trkpt>
      <trkpt lat="52.724179" lon="-1.372557"><ele>155.8</ele><time>2025-05-02T12:23:49.000Z</time></trkpt>
      <trkpt lat="52.724185" lon="-1.372578"><ele>155.8</ele><time>2025-05-02T12:23:50.000Z</time></trkpt>
      <trkpt lat="52.724191" lon="-1.372599"><ele>155.7</ele><time>2025-05-02T12:23:51.000Z</time></trkpt>
      <trkpt lat="52.724197" lon="-1.372620"><ele>155.7</ele><time>2025-05-02T12:23:52.000Z</time></trkpt>
      <trkpt lat="52.724203" lon="-1.372642"><ele>155.7</ele><time>2025-05-02T12:23:53.000Z</time></trkpt>
      <trkpt lat="52.724208" lon="-1.372663"><ele>155.7</ele><time>2025-05-02T12:23:54.000Z</time></trkpt>
      <trkpt lat="52.724213" lon="-1.372685"><ele>155.7</ele><time>2025-05-02T12:23:55.000Z</time></trkpt>
      <trkpt lat="52.724218" lon="-1.372707"><ele>155.8</ele><time>2025-05-02T12:23:56.000Z</time></trkpt>
      <trkpt lat="52.724223" lon="-1.372728"><ele>155.8</ele><time>2025-05-02T12:23:57.000Z</time></trkpt>
      <trkpt lat="52.724229" lon="-1.372750"><ele>155.8</ele><time>2025-05-02T12:23:58.000Z</time></trkpt>
      <trkpt lat="52.724234" lon="-1.372771"><ele>155.8</ele><time>2025-05-02T12:23:59.000Z</time></trkpt>
      <trkpt lat="52.724239" lon="-1.372792"><ele>155.9</ele><time>2025-05-02T12:24:00.000Z</time></trkpt>
      <trkpt lat="52.724245" lon="-1.372812"><ele>155.9</ele><time>2025-05-02T12:24:01.000Z</time></trkpt>
      <trkpt lat="52.724252" lon="-1.372832"><ele>155.9</ele><time>2025-05-02T12:24:02.000Z</time></trkpt>
      <trkpt lat="52.724259" lon="-1.372852"><ele>156.0</ele><time>2025-05-02T12:24:03.000Z</time></trkpt>
      <trkpt lat="52.724266" lon="-1.372870"><ele>156.0</ele><time>2025-05-02T12:24:04.000Z</time></trkpt>
      <trkpt lat="52.724274" lon="-1.372889"><ele>156.0</ele><time>2025-05-02T12:24:05.000Z</time></trkpt>
      <trkpt lat="52.724281" lon="-1.372908"><ele>156.0</ele><time>2025-05-02T12:24:06.000Z</time></trkpt>
      <trkpt lat="52.724289" lon="-1.372926"><ele>156.0</ele><time>2025-05-02T12:24:07.000Z</time></trkpt>
      <trkpt lat="52.724298" lon="-1.372942"><ele>156.0</ele><time>2025-05-02T12:24:08.000Z</time></trkpt>
      <trkpt lat="52.724309" lon="-1.372956"><ele>156.0</ele><time>2025-05-02T12:24:09.000Z</time></trkpt>
      <trkpt lat="52.724320" lon="-1.372968"><ele>156.0</ele><time>2025-05-02T12:24:10.000Z</time></trkpt>
      <trkpt lat="52.724333" lon="-1.372976"><ele>156.0</ele><time>2025-05-02T12:24:11.000Z</time></trkpt>
      <trkpt lat="52.724346" lon="-1.372977"><ele>156.0</ele><time>2025-05-02T12:24:12.000Z</time></trkpt>
      <trkpt lat="52.724359" lon="-1.372970"><ele>156.0</ele><time>2025-05-02T12:24:13.000Z</time></trkpt>
      <trkpt lat="52.724372" lon="-1.372959"><ele>155.9</ele><time>2025-05-02T12:24:14.000Z</time></trkpt>
      <trkpt lat="52.724384" lon="-1.372946"><ele>155.9</ele><time>2025-05-02T12:24:15.000Z</time></trkpt>
      <trkpt lat="52.724396" lon="-1.372933"><ele>155.9</ele><time>2025-05-02T12:24:16.000Z</time></trkpt>
      <trkpt lat="52.724409" lon="-1.372921"><ele>155.9</ele><time>2025-05-02T12:24:17.000Z</time></trkpt>
      <trkpt lat="52.724422" lon="-1.372908"><ele>155.8</ele><time>2025-05-02T12:24:18.000Z</time></trkpt>
      <trkpt lat="52.724435" lon="-1.372894"><ele>155.8</ele><time>2025-05-02T12:24:19.000Z</time></trkpt>
      <trkpt lat="52.724447" lon="-1.372878"><ele>155.8</ele><time>2025-05-02T12:24:20.000Z</time></trkpt>
      <trkpt lat="52.724458" lon="-1.372864"><ele>155.8</ele><time>2025-05-02T12:24:21.000Z</time></trkpt>
      <trkpt lat="52.724467" lon="-1.372851"><ele>155.8</ele><time>2025-05-02T12:24:22.000Z</time></trkpt>
      <trkpt lat="52.724476" lon="-1.372841"><ele>155.8</ele><time>2025-05-02T12:24:23.000Z</time></trkpt>
      <trkpt lat="52.724484" lon="-1.372834"><ele>155.8</ele><time>2025-05-02T12:24:24.000Z</time></trkpt>
      <trkpt lat="52.724491" lon="-1.372828"><ele>155.7</ele><time>2025-05-02T12:24:25.000Z</time></trkpt>
      <trkpt lat="52.724497" lon="-1.372823"><ele>155.7</ele><time>2025-05-02T12:24:26.000Z</time></trkpt>
      <trkpt lat="52.724502" lon="-1.372818"><ele>155.7</ele><time>2025-05-02T12:24:27.000Z</time></trkpt>
      <trkpt lat="52.724505" lon="-1.372815"><ele>155.7</ele><time>2025-05-02T12:24:28.000Z</time></trkpt>
      <trkpt lat="52.724508" lon="-1.372813"><ele>155.7</ele><time>2025-05-02T12:24:29.000Z</time></trkpt>
      <trkpt lat="52.724511" lon="-1.372811"><ele>155.7</ele><time>2025-05-02T12:24:30.000Z</time></trkpt>
      <trkpt lat="52.724383" lon="-1.372967"><ele>156.0</ele><time>2025-05-02T12:25:25.000Z</time></trkpt>
      <trkpt lat="52.724398" lon="-1.372952"><ele>156.0</ele><time>2025-05-02T12:25:32.000Z</time></trkpt>
      <trkpt lat="52.724415" lon="-1.372930"><ele>156.0</ele><time>2025-05-02T12:25:38.000Z</time></trkpt>
      <trkpt lat="52.724429" lon="-1.372893"><ele>156.0</ele><time>2025-05-02T12:25:44.000Z</time></trkpt>
      <trkpt lat="52.724347" lon="-1.372906"><ele>156.0</ele><time>2025-05-02T12:25:51.000Z</time></trkpt>
      <trkpt lat="52.724285" lon="-1.372916"><ele>156.0</ele><time>2025-05-02T12:25:55.000Z</time></trkpt>
      <trkpt lat="52.724281" lon="-1.372909"><ele>155.9</ele><time>2025-05-02T12:25:56.000Z</time></trkpt>
      <trkpt lat="52.724278" lon="-1.372900"><ele>155.9</ele><time>2025-05-02T12:25:57.000Z</time></trkpt>
      <trkpt lat="52.724277" lon="-1.372889"><ele>155.9</ele><time>2025-05-02T12:25:58.000Z</time></trkpt>
      <trkpt lat="52.724277" lon="-1.372876"><ele>155.9</ele><time>2025-05-02T12:25:59.000Z</time></trkpt>
      <trkpt lat="52.724277" lon="-1.372864"><ele>156.0</ele><time>2025-05-02T12:26:00.000Z</time></trkpt>
      <trkpt lat="52.724275" lon="-1.372849"><ele>156.0</ele><time>2025-05-02T12:26:01.000Z</time></trkpt>
      <trkpt lat="52.724271" lon="-1.372831"><ele>156.0</ele><time>2025-05-02T12:26:02.000Z</time></trkpt>
      <trkpt lat="52.724267" lon="-1.372814"><ele>156.0</ele><time>2025-05-02T12:26:03.000Z</time></trkpt>
      <trkpt lat="52.724262" lon="-1.372797"><ele>156.0</ele><time>2025-05-02T12:26:04.000Z</time></trkpt>
      <trkpt lat="52.724257" lon="-1.372779"><ele>156.1</ele><time>2025-05-02T12:26:05.000Z</time></trkpt>
      <trkpt lat="52.724251" lon="-1.372762"><ele>156.1</ele><time>2025-05-02T12:26:06.000Z</time></trkpt>
      <trkpt lat="52.724244" lon="-1.372745"><ele>156.2</ele><time>2025-05-02T12:26:07.000Z</time></trkpt>
      <trkpt lat="52.724238" lon="-1.372728"><ele>156.3</ele><time>2025-05-02T12:26:08.000Z</time></trkpt>
      <trkpt lat="52.724231" lon="-1.372712"><ele>156.4</ele><time>2025-05-02T12:26:09.000Z</time></trkpt>
      <trkpt lat="52.724224" lon="-1.372696"><ele>156.5</ele><time>2025-05-02T12:26:10.000Z</time></trkpt>
      <trkpt lat="52.724217" lon="-1.372680"><ele>156.6</ele><time>2025-05-02T12:26:11.000Z</time></trkpt>
      <trkpt lat="52.724211" lon="-1.372665"><ele>156.7</ele><time>2025-05-02T12:26:12.000Z</time></trkpt>
      <trkpt lat="52.724205" lon="-1.372648"><ele>156.8</ele><time>2025-05-02T12:26:13.000Z</time></trkpt>
      <trkpt lat="52.724199" lon="-1.372631"><ele>156.9</ele><time>2025-05-02T12:26:14.000Z</time></trkpt>
      <trkpt lat="52.724194" lon="-1.372614"><ele>157.1</ele><time>2025-05-02T12:26:15.000Z</time></trkpt>
      <trkpt lat="52.724190" lon="-1.372596"><ele>157.2</ele><time>2025-05-02T12:26:16.000Z</time></trkpt>
      <trkpt lat="52.724185" lon="-1.372579"><ele>157.3</ele><time>2025-05-02T12:26:17.000Z</time></trkpt>
      <trkpt lat="52.724181" lon="-1.372561"><ele>157.4</ele><time>2025-05-02T12:26:18.000Z</time></trkpt>
      <trkpt lat="52.724178" lon="-1.372543"><ele>157.5</ele><time>2025-05-02T12:26:19.000Z</time></trkpt>
      <trkpt lat="52.724174" lon="-1.372524"><ele>157.6</ele><time>2025-05-02T12:26:20.000Z</time></trkpt>
      <trkpt lat="52.724171" lon="-1.372504"><ele>157.7</ele><time>2025-05-02T12:26:21.000Z</time></trkpt>
      <trkpt lat="52.724167" lon="-1.372484"><ele>157.7</ele><time>2025-05-02T12:26:22.000Z</time></trkpt>
      <trkpt lat="52.724164" lon="-1.372464"><ele>157.7</ele><time>2025-05-02T12:26:23.000Z</time></trkpt>
      <trkpt lat="52.724160" lon="-1.372444"><ele>157.7</ele><time>2025-05-02T12:26:24.000Z</time></trkpt>
      <trkpt lat="52.724156" lon="-1.372424"><ele>157.7</ele><time>2025-05-02T12:26:25.000Z</time></trkpt>
      <trkpt lat="52.724151" lon="-1.372405"><ele>157.7</ele><time>2025-05-02T12:26:26.000Z</time></trkpt>
      <trkpt lat="52.724147" lon="-1.372386"><ele>157.7</ele><time>2025-05-02T12:26:27.000Z</time></trkpt>
      <trkpt lat="52.724143" lon="-1.372367"><ele>157.7</ele><time>2025-05-02T12:26:28.000Z</time></trkpt>
      <trkpt lat="52.724140" lon="-1.372350"><ele>157.6</ele><time>2025-05-02T12:26:29.000Z</time></trkpt>
      <trkpt lat="52.724137" lon="-1.372333"><ele>157.6</ele><time>2025-05-02T12:26:30.000Z</time></trkpt>
      <trkpt lat="52.724135" lon="-1.372314"><ele>157.5</ele><time>2025-05-02T12:26:31.000Z</time></trkpt>
      <trkpt lat="52.724133" lon="-1.372294"><ele>157.4</ele><time>2025-05-02T12:26:32.000Z</time></trkpt>
      <trkpt lat="52.724133" lon="-1.372275"><ele>157.3</ele><time>2025-05-02T12:26:33.000Z</time></trkpt>
      <trkpt lat="52.724134" lon="-1.372254"><ele>157.2</ele><time>2025-05-02T12:26:34.000Z</time></trkpt>
      <trkpt lat="52.724135" lon="-1.372231"><ele>157.1</ele><time>2025-05-02T12:26:35.000Z</time></trkpt>
      <trkpt lat="52.724137" lon="-1.372207"><ele>157.0</ele><time>2025-05-02T12:26:36.000Z</time></trkpt>
      <trkpt lat="52.724140" lon="-1.372184"><ele>156.9</ele><time>2025-05-02T12:26:37.000Z</time></trkpt>
      <trkpt lat="52.724143" lon="-1.372161"><ele>156.8</ele><time>2025-05-02T12:26:38.000Z</time></trkpt>
      <trkpt lat="52.724146" lon="-1.372138"><ele>156.8</ele><time>2025-05-02T12:26:39.000Z</time></trkpt>
      <trkpt lat="52.724149" lon="-1.372116"><ele>156.7</ele><time>2025-05-02T12:26:40.000Z</time></trkpt>
      <trkpt lat="52.724153" lon="-1.372095"><ele>156.6</ele><time>2025-05-02T12:26:41.000Z</time></trkpt>
      <trkpt lat="52.724159" lon="-1.372075"><ele>156.6</ele><time>2025-05-02T12:26:42.000Z</time></trkpt>
      <trkpt lat="52.724166" lon="-1.372055"><ele>156.5</ele><time>2025-05-02T12:26:43.000Z</time></trkpt>
      <trkpt lat="52.724174" lon="-1.372036"><ele>156.5</ele><time>2025-05-02T12:26:44.000Z</time></trkpt>
      <trkpt lat="52.724184" lon="-1.372019"><ele>156.5</ele><time>2025-05-02T12:26:45.000Z</time></trkpt>
      <trkpt lat="52.724196" lon="-1.372005"><ele>156.5</ele><time>2025-05-02T12:26:46.000Z</time></trkpt>
      <trkpt lat="52.724209" lon="-1.371993"><ele>156.5</ele><time>2025-05-02T12:26:47.000Z</time></trkpt>
      <trkpt lat="52.724223" lon="-1.371981"><ele>156.6</ele><time>2025-05-02T12:26:48.000Z</time></trkpt>
      <trkpt lat="52.724236" lon="-1.371969"><ele>156.7</ele><time>2025-05-02T12:26:49.000Z</time></trkpt>
      <trkpt lat="52.724249" lon="-1.371957"><ele>156.8</ele><time>2025-05-02T12:26:50.000Z</time></trkpt>
      <trkpt lat="52.724261" lon="-1.371943"><ele>156.9</ele><time>2025-05-02T12:26:51.000Z</time></trkpt>
      <trkpt lat="52.724273" lon="-1.371930"><ele>157.0</ele><time>2025-05-02T12:26:52.000Z</time></trkpt>
      <trkpt lat="52.724285" lon="-1.371917"><ele>157.2</ele><time>2025-05-02T12:26:53.000Z</time></trkpt>
      <trkpt lat="52.724297" lon="-1.371905"><ele>157.3</ele><time>2025-05-02T12:26:54.000Z</time></trkpt>
      <trkpt lat="52.724309" lon="-1.371893"><ele>157.5</ele><time>2025-05-02T12:26:55.000Z</time></trkpt>
      <trkpt lat="52.724321" lon="-1.371880"><ele>157.7</ele><time>2025-05-02T12:26:56.000Z</time></trkpt>
      <trkpt lat="52.724333" lon="-1.371868"><ele>157.9</ele><time>2025-05-02T12:26:57.000Z</time></trkpt>
      <trkpt lat="52.724345" lon="-1.371855"><ele>158.1</ele><time>2025-05-02T12:26:58.000Z</time></trkpt>
      <trkpt lat="52.724357" lon="-1.371844"><ele>158.3</ele><time>2025-05-02T12:26:59.000Z</time></trkpt>
      <trkpt lat="52.724369" lon="-1.371832"><ele>158.5</ele><time>2025-05-02T12:27:00.000Z</time></trkpt>
      <trkpt lat="52.724381" lon="-1.371821"><ele>158.6</ele><time>2025-05-02T12:27:01.000Z</time></trkpt>
      <trkpt lat="52.724393" lon="-1.371809"><ele>158.8</ele><time>2025-05-02T12:27:02.000Z</time></trkpt>
      <trkpt lat="52.724404" lon="-1.371797"><ele>159.0</ele><time>2025-05-02T12:27:03.000Z</time></trkpt>
      <trkpt lat="52.724416" lon="-1.371786"><ele>159.1</ele><time>2025-05-02T12:27:04.000Z</time></trkpt>
      <trkpt lat="52.724428" lon="-1.371776"><ele>159.3</ele><time>2025-05-02T12:27:05.000Z</time></trkpt>
      <trkpt lat="52.724441" lon="-1.371766"><ele>159.4</ele><time>2025-05-02T12:27:06.000Z</time></trkpt>
      <trkpt lat="52.724453" lon="-1.371757"><ele>159.6</ele><time>2025-05-02T12:27:07.000Z</time></trkpt>
      <trkpt lat="52.724466" lon="-1.371748"><ele>159.7</ele><time>2025-05-02T12:27:08.000Z</time></trkpt>
      <trkpt lat="52.724478" lon="-1.371739"><ele>159.8</ele><time>2025-05-02T12:27:09.000Z</time></trkpt>
      <trkpt lat="52.724491" lon="-1.371731"><ele>159.9</ele><time>2025-05-02T12:27:10.000Z</time></trkpt>
      <trkpt lat="52.724504" lon="-1.371722"><ele>160.0</ele><time>2025-05-02T12:27:11.000Z</time></trkpt>
      <trkpt lat="52.724516" lon="-1.371713"><ele>160.1</ele><time>2025-05-02T12:27:12.000Z</time></trkpt>
      <trkpt lat="52.724528" lon="-1.371703"><ele>160.2</ele><time>2025-05-02T12:27:13.000Z</time></trkpt>
      <trkpt lat="52.724541" lon="-1.371694"><ele>160.2</ele><time>2025-05-02T12:27:14.000Z</time></trkpt>
      <trkpt lat="52.724553" lon="-1.371683"><ele>160.3</ele><time>2025-05-02T12:27:15.000Z</time></trkpt>
      <trkpt lat="52.724564" lon="-1.371673"><ele>160.3</ele><time>2025-05-02T12:27:16.000Z</time></trkpt>
      <trkpt lat="52.724576" lon="-1.371660"><ele>160.3</ele><time>2025-05-02T12:27:17.000Z</time></trkpt>
      <trkpt lat="52.724587" lon="-1.371646"><ele>160.3</ele><time>2025-05-02T12:27:18.000Z</time></trkpt>
      <trkpt lat="52.724597" lon="-1.371631"><ele>160.3</ele><time>2025-05-02T12:27:19.000Z</time></trkpt>
      <trkpt lat="52.724606" lon="-1.371614"><ele>160.3</ele><time>2025-05-02T12:27:20.000Z</time></trkpt>
      <trkpt lat="52.724615" lon="-1.371596"><ele>160.3</ele><time>2025-05-02T12:27:21.000Z</time></trkpt>
      <trkpt lat="52.724622" lon="-1.371577"><ele>160.2</ele><time>2025-05-02T12:27:22.000Z</time></trkpt>
      <trkpt lat="52.724628" lon="-1.371556"><ele>160.2</ele><time>2025-05-02T12:27:23.000Z</time></trkpt>
      <trkpt lat="52.724632" lon="-1.371534"><ele>160.1</ele><time>2025-05-02T12:27:24.000Z</time></trkpt>
      <trkpt lat="52.724633" lon="-1.371510"><ele>160.1</ele><time>2025-05-02T12:27:25.000Z</time></trkpt>
      <trkpt lat="52.724631" lon="-1.371486"><ele>160.0</ele><time>2025-05-02T12:27:26.000Z</time></trkpt>
      <trkpt lat="52.724626" lon="-1.371463"><ele>159.9</ele><time>2025-05-02T12:27:27.000Z</time></trkpt>
      <trkpt lat="52.724620" lon="-1.371441"><ele>159.9</ele><time>2025-05-02T12:27:28.000Z</time></trkpt>
      <trkpt lat="52.724613" lon="-1.371420"><ele>159.8</ele><time>2025-05-02T12:27:29.000Z</time></trkpt>
      <trkpt lat="52.724604" lon="-1.371401"><ele>159.7</ele><time>2025-05-02T12:27:30.000Z</time></trkpt>
      <trkpt lat="52.724595" lon="-1.371383"><ele>159.6</ele><time>2025-05-02T12:27:31.000Z</time></trkpt>
      <trkpt lat="52.724585" lon="-1.371367"><ele>159.5</ele><time>2025-05-02T12:27:32.000Z</time></trkpt>
      <trkpt lat="52.724575" lon="-1.371353"><ele>159.4</ele><time>2025-05-02T12:27:33.000Z</time></trkpt>
      <trkpt lat="52.724565" lon="-1.371340"><ele>159.3</ele><time>2025-05-02T12:27:34.000Z</time></trkpt>
      <trkpt lat="52.724556" lon="-1.371328"><ele>159.2</ele><time>2025-05-02T12:27:35.000Z</time></trkpt>
      <trkpt lat="52.724551" lon="-1.371320"><ele>159.1</ele><time>2025-05-02T12:27:36.000Z</time></trkpt>
      <trkpt lat="52.724549" lon="-1.371312"><ele>159.1</ele><time>2025-05-02T12:27:37.000Z</time></trkpt>
      <trkpt lat="52.724548" lon="-1.371299"><ele>159.0</ele><time>2025-05-02T12:27:38.000Z</time></trkpt>
      <trkpt lat="52.724547" lon="-1.371280"><ele>158.9</ele><time>2025-05-02T12:27:39.000Z</time></trkpt>
      <trkpt lat="52.724545" lon="-1.371257"><ele>158.9</ele><time>2025-05-02T12:27:40.000Z</time></trkpt>
      <trkpt lat="52.724543" lon="-1.371233"><ele>158.8</ele><time>2025-05-02T12:27:41.000Z</time></trkpt>
      <trkpt lat="52.724541" lon="-1.371211"><ele>158.8</ele><time>2025-05-02T12:27:42.000Z</time></trkpt>
      <trkpt lat="52.724539" lon="-1.371189"><ele>158.7</ele><time>2025-05-02T12:27:43.000Z</time></trkpt>
      <trkpt lat="52.724537" lon="-1.371166"><ele>158.7</ele><time>2025-05-02T12:27:44.000Z</time></trkpt>
      <trkpt lat="52.724533" lon="-1.371143"><ele>158.7</ele><time>2025-05-02T12:27:45.000Z</time></trkpt>
      <trkpt lat="52.724529" lon="-1.371122"><ele>158.7</ele><time>2025-05-02T12:27:46.000Z</time></trkpt>
      <trkpt lat="52.724524" lon="-1.371100"><ele>158.6</ele><time>2025-05-02T12:27:47.000Z</time></trkpt>
      <trkpt lat="52.724519" lon="-1.371079"><ele>158.6</ele><time>2025-05-02T12:27:48.000Z</time></trkpt>
      <trkpt lat="52.724513" lon="-1.371059"><ele>158.6</ele><time>2025-05-02T12:27:49.000Z</time></trkpt>
      <trkpt lat="52.724507" lon="-1.371038"><ele>158.6</ele><time>2025-05-02T12:27:50.000Z</time></trkpt>
      <trkpt lat="52.724501" lon="-1.371018"><ele>158.6</ele><time>2025-05-02T12:27:51.000Z</time></trkpt>
      <trkpt lat="52.724495" lon="-1.370997"><ele>158.6</ele><time>2025-05-02T12:27:52.000Z</time></trkpt>
      <trkpt lat="52.724490" lon="-1.370976"><ele>158.6</ele><time>2025-05-02T12:27:53.000Z</time></trkpt>
      <trkpt lat="52.724485" lon="-1.370956"><ele>158.6</ele><time>2025-05-02T12:27:54.000Z</time></trkpt>
      <trkpt lat="52.724478" lon="-1.370935"><ele>158.6</ele><time>2025-05-02T12:27:55.000Z</time></trkpt>
      <trkpt lat="52.724472" lon="-1.370916"><ele>158.6</ele><time>2025-05-02T12:27:56.000Z</time></trkpt>
      <trkpt lat="52.724465" lon="-1.370896"><ele>158.6</ele><time>2025-05-02T12:27:57.000Z</time></trkpt>
      <trkpt lat="52.724459" lon="-1.370876"><ele>158.6</ele><time>2025-05-02T12:27:58.000Z</time></trkpt>
      <trkpt lat="52.724452" lon="-1.370857"><ele>158.6</ele><time>2025-05-02T12:27:59.000Z</time></trkpt>
      <trkpt lat="52.724447" lon="-1.370836"><ele>158.6</ele><time>2025-05-02T12:28:00.000Z</time></trkpt>
      <trkpt lat="52.724442" lon="-1.370815"><ele>158.7</ele><time>2025-05-02T12:28:01.000Z</time></trkpt>
      <trkpt lat="52.724438" lon="-1.370794"><ele>158.7</ele><time>2025-05-02T12:28:02.000Z</time></trkpt>
      <trkpt lat="52.724433" lon="-1.370773"><ele>158.7</ele><time>2025-05-02T12:28:03.000Z</time></trkpt>
      <trkpt lat="52.724429" lon="-1.370752"><ele>158.7</ele><time>2025-05-02T12:28:04.000Z</time></trkpt>
      <trkpt lat="52.724424" lon="-1.370732"><ele>158.7</ele><time>2025-05-02T12:28:05.000Z</time></trkpt>
      <trkpt lat="52.724419" lon="-1.370711"><ele>158.8</ele><time>2025-05-02T12:28:06.000Z</time></trkpt>
      <trkpt lat="52.724414" lon="-1.370691"><ele>158.8</ele><time>2025-05-02T12:28:07.000Z</time></trkpt>
      <trkpt lat="52.724408" lon="-1.370671"><ele>158.9</ele><time>2025-05-02T12:28:08.000Z</time></trkpt>
      <trkpt lat="52.724401" lon="-1.370652"><ele>158.9</ele><time>2025-05-02T12:28:09.000Z</time></trkpt>
      <trkpt lat="52.724394" lon="-1.370634"><ele>158.9</ele><time>2025-05-02T12:28:10.000Z</time></trkpt>
      <trkpt lat="52.724387" lon="-1.370615"><ele>159.0</ele><time>2025-05-02T12:28:11.000Z</time></trkpt>
      <trkpt lat="52.724381" lon="-1.370597"><ele>159.0</ele><time>2025-05-02T12:28:12.000Z</time></trkpt>
      <trkpt lat="52.724375" lon="-1.370579"><ele>159.1</ele><time>2025-05-02T12:28:13.000Z</time></trkpt>
      <trkpt lat="52.724371" lon="-1.370564"><ele>159.1</ele><time>2025-05-02T12:28:14.000Z</time></trkpt>
      <trkpt lat="52.724370" lon="-1.370555"><ele>159.2</ele><time>2025-05-02T12:28:15.000Z</time></trkpt>
      <trkpt lat="52.724371" lon="-1.370549"><ele>159.2</ele><time>2025-05-02T12:28:16.000Z</time></trkpt>
      <trkpt lat="52.724372" lon="-1.370545"><ele>159.2</ele><time>2025-05-02T12:28:17.000Z</time></trkpt>
      <trkpt lat="52.724373" lon="-1.370539"><ele>159.3</ele><time>2025-05-02T12:28:18.000Z</time></trkpt>
      <trkpt lat="52.724377" lon="-1.370530"><ele>159.3</ele><time>2025-05-02T12:28:19.000Z</time></trkpt>
      <trkpt lat="52.724383" lon="-1.370516"><ele>159.3</ele><time>2025-05-02T12:28:20.000Z</time></trkpt>
      <trkpt lat="52.724391" lon="-1.370498"><ele>159.4</ele><time>2025-05-02T12:28:21.000Z</time></trkpt>
      <trkpt lat="52.724398" lon="-1.370476"><ele>159.4</ele><time>2025-05-02T12:28:22.000Z</time></trkpt>
      <trkpt lat="52.724402" lon="-1.370454"><ele>159.4</ele><time>2025-05-02T12:28:23.000Z</time></trkpt>
      <trkpt lat="52.724402" lon="-1.370432"><ele>159.5</ele><time>2025-05-02T12:28:24.000Z</time></trkpt>
      <trkpt lat="52.724401" lon="-1.370409"><ele>159.6</ele><time>2025-05-02T12:28:25.000Z</time></trkpt>
      <trkpt lat="52.724398" lon="-1.370388"><ele>159.6</ele><time>2025-05-02T12:28:26.000Z</time></trkpt>
      <trkpt lat="52.724394" lon="-1.370368"><ele>159.7</ele><time>2025-05-02T12:28:27.000Z</time></trkpt>
      <trkpt lat="52.724389" lon="-1.370348"><ele>159.8</ele><time>2025-05-02T12:28:28.000Z</time></trkpt>
      <trkpt lat="52.724383" lon="-1.370329"><ele>159.9</ele><time>2025-05-02T12:28:29.000Z</time></trkpt>
      <trkpt lat="52.724376" lon="-1.370310"><ele>160.1</ele><time>2025-05-02T12:28:30.000Z</time></trkpt>
      <trkpt lat="52.724369" lon="-1.370290"><ele>160.2</ele><time>2025-05-02T12:28:31.000Z</time></trkpt>
      <trkpt lat="52.724360" lon="-1.370270"><ele>160.4</ele><time>2025-05-02T12:28:32.000Z</time></trkpt>
      <trkpt lat="52.724352" lon="-1.370250"><ele>160.5</ele><time>2025-05-02T12:28:33.000Z</time></trkpt>
      <trkpt lat="52.724345" lon="-1.370230"><ele>160.7</ele><time>2025-05-02T12:28:34.000Z</time></trkpt>
      <trkpt lat="52.724337" lon="-1.370210"><ele>160.9</ele><time>2025-05-02T12:28:35.000Z</time></trkpt>
      <trkpt lat="52.724330" lon="-1.370189"><ele>161.1</ele><time>2025-05-02T12:28:36.000Z</time></trkpt>
      <trkpt lat="52.724323" lon="-1.370170"><ele>161.3</ele><time>2025-05-02T12:28:37.000Z</time></trkpt>
      <trkpt lat="52.724316" lon="-1.370151"><ele>161.5</ele><time>2025-05-02T12:28:38.000Z</time></trkpt>
      <trkpt lat="52.724309" lon="-1.370131"><ele>161.7</ele><time>2025-05-02T12:28:39.000Z</time></trkpt>
      <trkpt lat="52.724301" lon="-1.370111"><ele>161.9</ele><time>2025-05-02T12:28:40.000Z</time></trkpt>
      <trkpt lat="52.724294" lon="-1.370091"><ele>162.1</ele><time>2025-05-02T12:28:41.000Z</time></trkpt>
      <trkpt lat="52.724288" lon="-1.370071"><ele>162.2</ele><time>2025-05-02T12:28:42.000Z</time></trkpt>
      <trkpt lat="52.724281" lon="-1.370052"><ele>162.4</ele><time>2025-05-02T12:28:43.000Z</time></trkpt>
      <trkpt lat="52.724275" lon="-1.370032"><ele>162.6</ele><time>2025-05-02T12:28:44.000Z</time></trkpt>
      <trkpt lat="52.724267" lon="-1.370012"><ele>162.7</ele><time>2025-05-02T12:28:45.000Z</time></trkpt>
      <trkpt lat="52.724260" lon="-1.369993"><ele>162.8</ele><time>2025-05-02T12:28:46.000Z</time></trkpt>
      <trkpt lat="52.724254" lon="-1.369974"><ele>163.0</ele><time>2025-05-02T12:28:47.000Z</time></trkpt>
      <trkpt lat="52.724247" lon="-1.369955"><ele>163.1</ele><time>2025-05-02T12:28:48.000Z</time></trkpt>
      <trkpt lat="52.724240" lon="-1.369936"><ele>163.2</ele><time>2025-05-02T12:28:49.000Z</time></trkpt>
      <trkpt lat="52.724234" lon="-1.369917"><ele>163.3</ele><time>2025-05-02T12:28:50.000Z</time></trkpt>
      <trkpt lat="52.724227" lon="-1.369899"><ele>163.4</ele><time>2025-05-02T12:28:51.000Z</time></trkpt>
      <trkpt lat="52.724219" lon="-1.369880"><ele>163.4</ele><time>2025-05-02T12:28:52.000Z</time></trkpt>
      <trkpt lat="52.724212" lon="-1.369861"><ele>163.5</ele><time>2025-05-02T12:28:53.000Z</time></trkpt>
      <trkpt lat="52.724205" lon="-1.369843"><ele>163.5</ele><time>2025-05-02T12:28:54.000Z</time></trkpt>
      <trkpt lat="52.724198" lon="-1.369825"><ele>163.6</ele><time>2025-05-02T12:28:55.000Z</time></trkpt>
      <trkpt lat="52.724191" lon="-1.369808"><ele>163.6</ele><time>2025-05-02T12:28:56.000Z</time></trkpt>
      <trkpt lat="52.724185" lon="-1.369793"><ele>163.7</ele><time>2025-05-02T12:28:57.000Z</time></trkpt>
      <trkpt lat="52.724178" lon="-1.369778"><ele>163.7</ele><time>2025-05-02T12:28:58.000Z</time></trkpt>
      <trkpt lat="52.724171" lon="-1.369760"><ele>163.7</ele><time>2025-05-02T12:28:59.000Z</time></trkpt>
      <trkpt lat="52.724164" lon="-1.369741"><ele>163.8</ele><time>2025-05-02T12:29:00.000Z</time></trkpt>
      <trkpt lat="52.724157" lon="-1.369722"><ele>163.8</ele><time>2025-05-02T12:29:01.000Z</time></trkpt>
      <trkpt lat="52.724150" lon="-1.369703"><ele>163.9</ele><time>2025-05-02T12:29:02.000Z</time></trkpt>
      <trkpt lat="52.724143" lon="-1.369684"><ele>163.9</ele><time>2025-05-02T12:29:03.000Z</time></trkpt>
      <trkpt lat="52.724136" lon="-1.369664"><ele>164.0</ele><time>2025-05-02T12:29:04.000Z</time></trkpt>
      <trkpt lat="52.724130" lon="-1.369644"><ele>164.0</ele><time>2025-05-02T12:29:05.000Z</time></trkpt>
      <trkpt lat="52.724124" lon="-1.369624"><ele>164.1</ele><time>2025-05-02T12:29:06.000Z</time></trkpt>
      <trkpt lat="52.724118" lon="-1.369604"><ele>164.1</ele><time>2025-05-02T12:29:07.000Z</time></trkpt>
      <trkpt lat="52.724112" lon="-1.369585"><ele>164.1</ele><time>2025-05-02T12:29:08.000Z</time></trkpt>
      <trkpt lat="52.724105" lon="-1.369566"><ele>164.2</ele><time>2025-05-02T12:29:09.000Z</time></trkpt>
      <trkpt lat="52.724098" lon="-1.369547"><ele>164.2</ele><time>2025-05-02T12:29:10.000Z</time></trkpt>
      <trkpt lat="52.724092" lon="-1.369529"><ele>164.2</ele><time>2025-05-02T12:29:11.000Z</time></trkpt>
      <trkpt lat="52.724085" lon="-1.369512"><ele>164.2</ele><time>2025-05-02T12:29:12.000Z</time></trkpt>
      <trkpt lat="52.724079" lon="-1.369494"><ele>164.1</ele><time>2025-05-02T12:29:13.000Z</time></trkpt>
      <trkpt lat="52.724073" lon="-1.369476"><ele>164.1</ele><time>2025-05-02T12:29:14.000Z</time></trkpt>
      <trkpt lat="52.724067" lon="-1.369457"><ele>164.1</ele><time>2025-05-02T12:29:15.000Z</time></trkpt>
      <trkpt lat="52.724062" lon="-1.369438"><ele>164.0</ele><time>2025-05-02T12:29:16.000Z</time></trkpt>
      <trkpt lat="52.724057" lon="-1.369418"><ele>164.0</ele><time>2025-05-02T12:29:17.000Z</time></trkpt>
      <trkpt lat="52.724052" lon="-1.369399"><ele>163.9</ele><time>2025-05-02T12:29:18.000Z</time></trkpt>
      <trkpt lat="52.724047" lon="-1.369380"><ele>163.9</ele><time>2025-05-02T12:29:19.000Z</time></trkpt>
      <trkpt lat="52.724042" lon="-1.369359"><ele>163.8</ele><time>2025-05-02T12:29:20.000Z</time></trkpt>
      <trkpt lat="52.724037" lon="-1.369338"><ele>163.7</ele><time>2025-05-02T12:29:21.000Z</time></trkpt>
      <trkpt lat="52.724031" lon="-1.369318"><ele>163.6</ele><time>2025-05-02T12:29:22.000Z</time></trkpt>
      <trkpt lat="52.724025" lon="-1.369298"><ele>163.5</ele><time>2025-05-02T12:29:23.000Z</time></trkpt>
      <trkpt lat="52.724019" lon="-1.369278"><ele>163.5</ele><time>2025-05-02T12:29:24.000Z</time></trkpt>
      <trkpt lat="52.724013" lon="-1.369259"><ele>163.4</ele><time>2025-05-02T12:29:25.000Z</time></trkpt>
      <trkpt lat="52.724007" lon="-1.369240"><ele>163.3</ele><time>2025-05-02T12:29:26.000Z</time></trkpt>
      <trkpt lat="52.724002" lon="-1.369221"><ele>163.2</ele><time>2025-05-02T12:29:27.000Z</time></trkpt>
      <trkpt lat="52.723999" lon="-1.369203"><ele>163.2</ele><time>2025-05-02T12:29:28.000Z</time></trkpt>
      <trkpt lat="52.723998" lon="-1.369185"><ele>163.1</ele><time>2025-05-02T12:29:29.000Z</time></trkpt>
      <trkpt lat="52.723999" lon="-1.369166"><ele>163.0</ele><time>2025-05-02T12:29:30.000Z</time></trkpt>
      <trkpt lat="52.724001" lon="-1.369147"><ele>163.0</ele><time>2025-05-02T12:29:31.000Z</time></trkpt>
      <trkpt lat="52.724002" lon="-1.369127"><ele>162.9</ele><time>2025-05-02T12:29:32.000Z</time></trkpt>
      <trkpt lat="52.724001" lon="-1.369108"><ele>162.9</ele><time>2025-05-02T12:29:33.000Z</time></trkpt>
      <trkpt lat="52.723998" lon="-1.369095"><ele>162.8</ele><time>2025-05-02T12:29:34.000Z</time></trkpt>
      <trkpt lat="52.723996" lon="-1.369090"><ele>162.8</ele><time>2025-05-02T12:29:35.000Z</time></trkpt>
      <trkpt lat="52.723995" lon="-1.369091"><ele>162.8</ele><time>2025-05-02T12:29:36.000Z</time></trkpt>
      <trkpt lat="52.723994" lon="-1.369090"><ele>162.8</ele><time>2025-05-02T12:29:37.000Z</time></trkpt>
      <trkpt lat="52.723993" lon="-1.369084"><ele>162.7</ele><time>2025-05-02T12:29:38.000Z</time></trkpt>
      <trkpt lat="52.723990" lon="-1.369070"><ele>162.7</ele><time>2025-05-02T12:29:39.000Z</time></trkpt>
      <trkpt lat="52.723987" lon="-1.369052"><ele>162.7</ele><time>2025-05-02T12:29:40.000Z</time></trkpt>
      <trkpt lat="52.723983" lon="-1.369032"><ele>162.6</ele><time>2025-05-02T12:29:41.000Z</time></trkpt>
      <trkpt lat="52.723980" lon="-1.369012"><ele>162.6</ele><time>2025-05-02T12:29:42.000Z</time></trkpt>
      <trkpt lat="52.723978" lon="-1.368996"><ele>162.5</ele><time>2025-05-02T12:29:43.000Z</time></trkpt>
      <trkpt lat="52.723979" lon="-1.368982"><ele>162.5</ele><time>2025-05-02T12:29:44.000Z</time></trkpt>
      <trkpt lat="52.723981" lon="-1.368966"><ele>162.4</ele><time>2025-05-02T12:29:45.000Z</time></trkpt>
      <trkpt lat="52.723984" lon="-1.368945"><ele>162.4</ele><time>2025-05-02T12:29:46.000Z</time></trkpt>
      <trkpt lat="52.723986" lon="-1.368923"><ele>162.3</ele><time>2025-05-02T12:29:47.000Z</time></trkpt>
      <trkpt lat="52.723989" lon="-1.368901"><ele>162.3</ele><time>2025-05-02T12:29:48.000Z</time></trkpt>
      <trkpt lat="52.723992" lon="-1.368879"><ele>162.2</ele><time>2025-05-02T12:29:49.000Z</time></trkpt>
      <trkpt lat="52.723996" lon="-1.368859"><ele>162.1</ele><time>2025-05-02T12:29:50.000Z</time></trkpt>
      <trkpt lat="52.724003" lon="-1.368840"><ele>162.1</ele><time>2025-05-02T12:29:51.000Z</time></trkpt>
      <trkpt lat="52.724012" lon="-1.368824"><ele>162.0</ele><time>2025-05-02T12:29:52.000Z</time></trkpt>
      <trkpt lat="52.724024" lon="-1.368814"><ele>161.9</ele><time>2025-05-02T12:29:53.000Z</time></trkpt>
      <trkpt lat="52.724038" lon="-1.368808"><ele>161.9</ele><time>2025-05-02T12:29:54.000Z</time></trkpt>
      <trkpt lat="52.724052" lon="-1.368802"><ele>161.8</ele><time>2025-05-02T12:29:55.000Z</time></trkpt>
      <trkpt lat="52.724065" lon="-1.368795"><ele>161.8</ele><time>2025-05-02T12:29:56.000Z</time></trkpt>
      <trkpt lat="52.724078" lon="-1.368788"><ele>161.8</ele><time>2025-05-02T12:29:57.000Z</time></trkpt>
      <trkpt lat="52.724091" lon="-1.368780"><ele>161.8</ele><time>2025-05-02T12:29:58.000Z</time></trkpt>
      <trkpt lat="52.724104" lon="-1.368772"><ele>161.7</ele><time>2025-05-02T12:29:59.000Z</time></trkpt>
      <trkpt lat="52.724117" lon="-1.368765"><ele>161.7</ele><time>2025-05-02T12:30:00.000Z</time></trkpt>
      <trkpt lat="52.724129" lon="-1.368757"><ele>161.7</ele><time>2025-05-02T12:30:01.000Z</time></trkpt>
      <trkpt lat="52.724142" lon="-1.368750"><ele>161.7</ele><time>2025-05-02T12:30:02.000Z</time></trkpt>
      <trkpt lat="52.724154" lon="-1.368742"><ele>161.8</ele><time>2025-05-02T12:30:03.000Z</time></trkpt>
      <trkpt lat="52.724167" lon="-1.368734"><ele>161.8</ele><time>2025-05-02T12:30:04.000Z</time></trkpt>
      <trkpt lat="52.724179" lon="-1.368725"><ele>161.8</ele><time>2025-05-02T12:30:05.000Z</time></trkpt>
      <trkpt lat="52.724191" lon="-1.368716"><ele>161.8</ele><time>2025-05-02T12:30:06.000Z</time></trkpt>
      <trkpt lat="52.724202" lon="-1.368707"><ele>161.9</ele><time>2025-05-02T12:30:07.000Z</time></trkpt>
      <trkpt lat="52.724214" lon="-1.368699"><ele>161.9</ele><time>2025-05-02T12:30:08.000Z</time></trkpt>
      <trkpt lat="52.724227" lon="-1.368691"><ele>161.9</ele><time>2025-05-02T12:30:09.000Z</time></trkpt>
      <trkpt lat="52.724239" lon="-1.368685"><ele>162.0</ele><time>2025-05-02T12:30:10.000Z</time></trkpt>
      <trkpt lat="52.724251" lon="-1.368679"><ele>162.0</ele><time>2025-05-02T12:30:11.000Z</time></trkpt>
      <trkpt lat="52.724263" lon="-1.368672"><ele>162.0</ele><time>2025-05-02T12:30:12.000Z</time></trkpt>
      <trkpt lat="52.724275" lon="-1.368665"><ele>162.0</ele><time>2025-05-02T12:30:13.000Z</time></trkpt>
      <trkpt lat="52.724287" lon="-1.368659"><ele>162.0</ele><time>2025-05-02T12:30:14.000Z</time></trkpt>
      <trkpt lat="52.724299" lon="-1.368653"><ele>162.1</ele><time>2025-05-02T12:30:15.000Z</time></trkpt>
      <trkpt lat="52.724311" lon="-1.368648"><ele>162.1</ele><time>2025-05-02T12:30:16.000Z</time></trkpt>
      <trkpt lat="52.724323" lon="-1.368643"><ele>162.1</ele><time>2025-05-02T12:30:17.000Z</time></trkpt>
      <trkpt lat="52.724336" lon="-1.368639"><ele>162.1</ele><time>2025-05-02T12:30:18.000Z</time></trkpt>
      <trkpt lat="52.724348" lon="-1.368634"><ele>162.1</ele><time>2025-05-02T12:30:19.000Z</time></trkpt>
      <trkpt lat="52.724360" lon="-1.368630"><ele>162.0</ele><time>2025-05-02T12:30:20.000Z</time></trkpt>
      <trkpt lat="52.724373" lon="-1.368627"><ele>162.0</ele><time>2025-05-02T12:30:21.000Z</time></trkpt>
      <trkpt lat="52.724385" lon="-1.368623"><ele>162.0</ele><time>2025-05-02T12:30:22.000Z</time></trkpt>
      <trkpt lat="52.724398" lon="-1.368617"><ele>162.0</ele><time>2025-05-02T12:30:23.000Z</time></trkpt>
      <trkpt lat="52.724410" lon="-1.368611"><ele>162.0</ele><time>2025-05-02T12:30:24.000Z</time></trkpt>
      <trkpt lat="52.724422" lon="-1.368606"><ele>161.9</ele><time>2025-05-02T12:30:25.000Z</time></trkpt>
      <trkpt lat="52.724434" lon="-1.368601"><ele>161.9</ele><time>2025-05-02T12:30:26.000Z</time></trkpt>
      <trkpt lat="52.724447" lon="-1.368596"><ele>161.9</ele><time>2025-05-02T12:30:27.000Z</time></trkpt>
      <trkpt lat="52.724459" lon="-1.368592"><ele>161.9</ele><time>2025-05-02T12:30:28.000Z</time></trkpt>
      <trkpt lat="52.724472" lon="-1.368587"><ele>161.8</ele><time>2025-05-02T12:30:29.000Z</time></trkpt>
      <trkpt lat="52.724485" lon="-1.368583"><ele>161.8</ele><time>2025-05-02T12:30:30.000Z</time></trkpt>
      <trkpt lat="52.724497" lon="-1.368578"><ele>161.8</ele><time>2025-05-02T12:30:31.000Z</time></trkpt>
      <trkpt lat="52.724510" lon="-1.368574"><ele>161.8</ele><time>2025-05-02T12:30:32.000Z</time></trkpt>
      <trkpt lat="52.724523" lon="-1.368570"><ele>161.7</ele><time>2025-05-02T12:30:33.000Z</time></trkpt>
      <trkpt lat="52.724536" lon="-1.368566"><ele>161.7</ele><time>2025-05-02T12:30:34.000Z</time></trkpt>
      <trkpt lat="52.724548" lon="-1.368561"><ele>161.7</ele><time>2025-05-02T12:30:35.000Z</time></trkpt>
      <trkpt lat="52.724561" lon="-1.368556"><ele>161.7</ele><time>2025-05-02T12:30:36.000Z</time></trkpt>
      <trkpt lat="52.724574" lon="-1.368551"><ele>161.7</ele><time>2025-05-02T12:30:37.000Z</time></trkpt>
      <trkpt lat="52.724587" lon="-1.368546"><ele>161.7</ele><time>2025-05-02T12:30:38.000Z</time></trkpt>
      <trkpt lat="52.724600" lon="-1.368540"><ele>161.7</ele><time>2025-05-02T12:30:39.000Z</time></trkpt>
      <trkpt lat="52.724612" lon="-1.368533"><ele>161.7</ele><time>2025-05-02T12:30:40.000Z</time></trkpt>
      <trkpt lat="52.724625" lon="-1.368525"><ele>161.7</ele><time>2025-05-02T12:30:41.000Z</time></trkpt>
      <trkpt lat="52.724637" lon="-1.368518"><ele>161.7</ele><time>2025-05-02T12:30:42.000Z</time></trkpt>
      <trkpt lat="52.724649" lon="-1.368510"><ele>161.7</ele><time>2025-05-02T12:30:43.000Z</time></trkpt>
      <trkpt lat="52.724661" lon="-1.368502"><ele>161.7</ele><time>2025-05-02T12:30:44.000Z</time></trkpt>
      <trkpt lat="52.724674" lon="-1.368495"><ele>161.7</ele><time>2025-05-02T12:30:45.000Z</time></trkpt>
      <trkpt lat="52.724686" lon="-1.368488"><ele>161.7</ele><time>2025-05-02T12:30:46.000Z</time></trkpt>
      <trkpt lat="52.724698" lon="-1.368480"><ele>161.7</ele><time>2025-05-02T12:30:47.000Z</time></trkpt>
      <trkpt lat="52.724710" lon="-1.368472"><ele>161.8</ele><time>2025-05-02T12:30:48.000Z</time></trkpt>
      <trkpt lat="52.724722" lon="-1.368464"><ele>161.8</ele><time>2025-05-02T12:30:49.000Z</time></trkpt>
      <trkpt lat="52.724734" lon="-1.368456"><ele>161.8</ele><time>2025-05-02T12:30:50.000Z</time></trkpt>
      <trkpt lat="52.724746" lon="-1.368447"><ele>161.8</ele><time>2025-05-02T12:30:51.000Z</time></trkpt>
      <trkpt lat="52.724758" lon="-1.368437"><ele>161.8</ele><time>2025-05-02T12:30:52.000Z</time></trkpt>
      <trkpt lat="52.724769" lon="-1.368429"><ele>161.9</ele><time>2025-05-02T12:30:53.000Z</time></trkpt>
      <trkpt lat="52.724781" lon="-1.368420"><ele>161.9</ele><time>2025-05-02T12:30:54.000Z</time></trkpt>
      <trkpt lat="52.724793" lon="-1.368412"><ele>161.9</ele><time>2025-05-02T12:30:55.000Z</time></trkpt>
      <trkpt lat="52.724805" lon="-1.368404"><ele>161.9</ele><time>2025-05-02T12:30:56.000Z</time></trkpt>
      <trkpt lat="52.724817" lon="-1.368395"><ele>161.9</ele><time>2025-05-02T12:30:57.000Z</time></trkpt>
      <trkpt lat="52.724829" lon="-1.368387"><ele>161.9</ele><time>2025-05-02T12:30:58.000Z</time></trkpt>
      <trkpt lat="52.724842" lon="-1.368380"><ele>161.9</ele><time>2025-05-02T12:30:59.000Z</time></trkpt>
      <trkpt lat="52.724854" lon="-1.368373"><ele>161.9</ele><time>2025-05-02T12:31:00.000Z</time></trkpt>
      <trkpt lat="52.724866" lon="-1.368366"><ele>161.9</ele><time>2025-05-02T12:31:01.000Z</time></trkpt>
      <trkpt lat="52.724878" lon="-1.368358"><ele>161.9</ele><time>2025-05-02T12:31:02.000Z</time></trkpt>
      <trkpt lat="52.724890" lon="-1.368350"><ele>161.8</ele><time>2025-05-02T12:31:03.000Z</time></trkpt>
      <trkpt lat="52.724902" lon="-1.368342"><ele>161.8</ele><time>2025-05-02T12:31:04.000Z</time></trkpt>
      <trkpt lat="52.724914" lon="-1.368334"><ele>161.8</ele><time>2025-05-02T12:31:05.000Z</time></trkpt>
      <trkpt lat="52.724926" lon="-1.368326"><ele>161.8</ele><time>2025-05-02T12:31:06.000Z</time></trkpt>
      <trkpt lat="52.724939" lon="-1.368319"><ele>161.7</ele><time>2025-05-02T12:31:07.000Z</time></trkpt>
      <trkpt lat="52.724951" lon="-1.368311"><ele>161.7</ele><time>2025-05-02T12:31:08.000Z</time></trkpt>
      <trkpt lat="52.724964" lon="-1.368304"><ele>161.6</ele><time>2025-05-02T12:31:09.000Z</time></trkpt>
      <trkpt lat="52.724976" lon="-1.368295"><ele>161.6</ele><time>2025-05-02T12:31:10.000Z</time></trkpt>
      <trkpt lat="52.724989" lon="-1.368287"><ele>161.5</ele><time>2025-05-02T12:31:11.000Z</time></trkpt>
      <trkpt lat="52.725001" lon="-1.368277"><ele>161.5</ele><time>2025-05-02T12:31:12.000Z</time></trkpt>
      <trkpt lat="52.725012" lon="-1.368266"><ele>161.4</ele><time>2025-05-02T12:31:13.000Z</time></trkpt>
      <trkpt lat="52.725024" lon="-1.368255"><ele>161.4</ele><time>2025-05-02T12:31:14.000Z</time></trkpt>
      <trkpt lat="52.725035" lon="-1.368243"><ele>161.4</ele><time>2025-05-02T12:31:15.000Z</time></trkpt>
      <trkpt lat="52.725046" lon="-1.368230"><ele>161.3</ele><time>2025-05-02T12:31:16.000Z</time></trkpt>
      <trkpt lat="52.725057" lon="-1.368217"><ele>161.3</ele><time>2025-05-02T12:31:17.000Z</time></trkpt>
      <trkpt lat="52.725068" lon="-1.368204"><ele>161.3</ele><time>2025-05-02T12:31:18.000Z</time></trkpt>
      <trkpt lat="52.725079" lon="-1.368191"><ele>161.3</ele><time>2025-05-02T12:31:19.000Z</time></trkpt>
      <trkpt lat="52.725089" lon="-1.368177"><ele>161.3</ele><time>2025-05-02T12:31:20.000Z</time></trkpt>
      <trkpt lat="52.725100" lon="-1.368163"><ele>161.3</ele><time>2025-05-02T12:31:21.000Z</time></trkpt>
      <trkpt lat="52.725111" lon="-1.368151"><ele>161.3</ele><time>2025-05-02T12:31:22.000Z</time></trkpt>
      <trkpt lat="52.725122" lon="-1.368138"><ele>161.3</ele><time>2025-05-02T12:31:23.000Z</time></trkpt>
      <trkpt lat="52.725133" lon="-1.368125"><ele>161.3</ele><time>2025-05-02T12:31:24.000Z</time></trkpt>
      <trkpt lat="52.725143" lon="-1.368112"><ele>161.3</ele><time>2025-05-02T12:31:25.000Z</time></trkpt>
      <trkpt lat="52.725154" lon="-1.368099"><ele>161.3</ele><time>2025-05-02T12:31:26.000Z</time></trkpt>
      <trkpt lat="52.725165" lon="-1.368089"><ele>161.4</ele><time>2025-05-02T12:31:27.000Z</time></trkpt>
      <trkpt lat="52.725177" lon="-1.368081"><ele>161.4</ele><time>2025-05-02T12:31:28.000Z</time></trkpt>
      <trkpt lat="52.725190" lon="-1.368076"><ele>161.4</ele><time>2025-05-02T12:31:29.000Z</time></trkpt>
      <trkpt lat="52.725204" lon="-1.368074"><ele>161.4</ele><time>2025-05-02T12:31:30.000Z</time></trkpt>
      <trkpt lat="52.725218" lon="-1.368072"><ele>161.5</ele><time>2025-05-02T12:31:31.000Z</time></trkpt>
      <trkpt lat="52.725231" lon="-1.368071"><ele>161.5</ele><time>2025-05-02T12:31:32.000Z</time></trkpt>
      <trkpt lat="52.725245" lon="-1.368069"><ele>161.5</ele><time>2025-05-02T12:31:33.000Z</time></trkpt>
      <trkpt lat="52.725259" lon="-1.368067"><ele>161.5</ele><time>2025-05-02T12:31:34.000Z</time></trkpt>
      <trkpt lat="52.725272" lon="-1.368064"><ele>161.5</ele><time>2025-05-02T12:31:35.000Z</time></trkpt>
      <trkpt lat="52.725286" lon="-1.368061"><ele>161.5</ele><time>2025-05-02T12:31:36.000Z</time></trkpt>
      <trkpt lat="52.725300" lon="-1.368056"><ele>161.5</ele><time>2025-05-02T12:31:37.000Z</time></trkpt>
      <trkpt lat="52.725313" lon="-1.368051"><ele>161.5</ele><time>2025-05-02T12:31:38.000Z</time></trkpt>
      <trkpt lat="52.725326" lon="-1.368045"><ele>161.6</ele><time>2025-05-02T12:31:39.000Z</time></trkpt>
      <trkpt lat="52.725339" lon="-1.368039"><ele>161.6</ele><time>2025-05-02T12:31:40.000Z</time></trkpt>
      <trkpt lat="52.725353" lon="-1.368033"><ele>161.6</ele><time>2025-05-02T12:31:41.000Z</time></trkpt>
      <trkpt lat="52.725366" lon="-1.368027"><ele>161.6</ele><time>2025-05-02T12:31:42.000Z</time></trkpt>
      <trkpt lat="52.725379" lon="-1.368021"><ele>161.6</ele><time>2025-05-02T12:31:43.000Z</time></trkpt>
      <trkpt lat="52.725392" lon="-1.368015"><ele>161.6</ele><time>2025-05-02T12:31:44.000Z</time></trkpt>
      <trkpt lat="52.725405" lon="-1.368009"><ele>161.5</ele><time>2025-05-02T12:31:45.000Z</time></trkpt>
      <trkpt lat="52.725418" lon="-1.368003"><ele>161.5</ele><time>2025-05-02T12:31:46.000Z</time></trkpt>
      <trkpt lat="52.725432" lon="-1.367997"><ele>161.5</ele><time>2025-05-02T12:31:47.000Z</time></trkpt>
      <trkpt lat="52.725445" lon="-1.367991"><ele>161.5</ele><time>2025-05-02T12:31:48.000Z</time></trkpt>
      <trkpt lat="52.725458" lon="-1.367983"><ele>161.5</ele><time>2025-05-02T12:31:49.000Z</time></trkpt>
      <trkpt lat="52.725471" lon="-1.367975"><ele>161.4</ele><time>2025-05-02T12:31:50.000Z</time></trkpt>
      <trkpt lat="52.725483" lon="-1.367965"><ele>161.4</ele><time>2025-05-02T12:31:51.000Z</time></trkpt>
      <trkpt lat="52.725496" lon="-1.367956"><ele>161.4</ele><time>2025-05-02T12:31:52.000Z</time></trkpt>
      <trkpt lat="52.725509" lon="-1.367948"><ele>161.3</ele><time>2025-05-02T12:31:53.000Z</time></trkpt>
      <trkpt lat="52.725522" lon="-1.367941"><ele>161.3</ele><time>2025-05-02T12:31:54.000Z</time></trkpt>
      <trkpt lat="52.725536" lon="-1.367935"><ele>161.3</ele><time>2025-05-02T12:31:55.000Z</time></trkpt>
      <trkpt lat="52.725549" lon="-1.367928"><ele>161.2</ele><time>2025-05-02T12:31:56.000Z</time></trkpt>
      <trkpt lat="52.725563" lon="-1.367921"><ele>161.2</ele><time>2025-05-02T12:31:57.000Z</time></trkpt>
      <trkpt lat="52.725576" lon="-1.367913"><ele>161.2</ele><time>2025-05-02T12:31:58.000Z</time></trkpt>
      <trkpt lat="52.725589" lon="-1.367905"><ele>161.2</ele><time>2025-05-02T12:31:59.000Z</time></trkpt>
      <trkpt lat="52.725603" lon="-1.367897"><ele>161.1</ele><time>2025-05-02T12:32:00.000Z</time></trkpt>
      <trkpt lat="52.725616" lon="-1.367888"><ele>161.1</ele><time>2025-05-02T12:32:01.000Z</time></trkpt>
      <trkpt lat="52.725629" lon="-1.367880"><ele>161.1</ele><time>2025-05-02T12:32:02.000Z</time></trkpt>
      <trkpt lat="52.725642" lon="-1.367871"><ele>161.1</ele><time>2025-05-02T12:32:03.000Z</time></trkpt>
      <trkpt lat="52.725655" lon="-1.367863"><ele>161.1</ele><time>2025-05-02T12:32:04.000Z</time></trkpt>
      <trkpt lat="52.725668" lon="-1.367854"><ele>161.1</ele><time>2025-05-02T12:32:05.000Z</time></trkpt>
      <trkpt lat="52.725680" lon="-1.367843"><ele>161.1</ele><time>2025-05-02T12:32:06.000Z</time></trkpt>
      <trkpt lat="52.725693" lon="-1.367833"><ele>161.1</ele><time>2025-05-02T12:32:07.000Z</time></trkpt>
      <trkpt lat="52.725705" lon="-1.367823"><ele>161.1</ele><time>2025-05-02T12:32:08.000Z</time></trkpt>
      <trkpt lat="52.725717" lon="-1.367814"><ele>161.1</ele><time>2025-05-02T12:32:09.000Z</time></trkpt>
      <trkpt lat="52.725730" lon="-1.367805"><ele>161.1</ele><time>2025-05-02T12:32:10.000Z</time></trkpt>
      <trkpt lat="52.725742" lon="-1.367797"><ele>161.1</ele><time>2025-05-02T12:32:11.000Z</time></trkpt>
      <trkpt lat="52.725755" lon="-1.367789"><ele>161.1</ele><time>2025-05-02T12:32:12.000Z</time></trkpt>
      <trkpt lat="52.725768" lon="-1.367780"><ele>161.1</ele><time>2025-05-02T12:32:13.000Z</time></trkpt>
      <trkpt lat="52.725780" lon="-1.367771"><ele>161.1</ele><time>2025-05-02T12:32:14.000Z</time></trkpt>
      <trkpt lat="52.725792" lon="-1.367761"><ele>161.1</ele><time>2025-05-02T12:32:15.000Z</time></trkpt>
      <trkpt lat="52.725804" lon="-1.367751"><ele>161.1</ele><time>2025-05-02T12:32:16.000Z</time></trkpt>
      <trkpt lat="52.725816" lon="-1.367740"><ele>161.1</ele><time>2025-05-02T12:32:17.000Z</time></trkpt>
      <trkpt lat="52.725828" lon="-1.367730"><ele>161.1</ele><time>2025-05-02T12:32:18.000Z</time></trkpt>
      <trkpt lat="52.725840" lon="-1.367721"><ele>161.1</ele><time>2025-05-02T12:32:19.000Z</time></trkpt>
      <trkpt lat="52.725852" lon="-1.367710"><ele>161.0</ele><time>2025-05-02T12:32:20.000Z</time></trkpt>
      <trkpt lat="52.725864" lon="-1.367699"><ele>161.0</ele><time>2025-05-02T12:32:21.000Z</time></trkpt>
      <trkpt lat="52.725876" lon="-1.367688"><ele>161.0</ele><time>2025-05-02T12:32:22.000Z</time></trkpt>
      <trkpt lat="52.725888" lon="-1.367677"><ele>161.0</ele><time>2025-05-02T12:32:23.000Z</time></trkpt>
      <trkpt lat="52.725901" lon="-1.367667"><ele>161.0</ele><time>2025-05-02T12:32:24.000Z</time></trkpt>
      <trkpt lat="52.725913" lon="-1.367658"><ele>161.0</ele><time>2025-05-02T12:32:25.000Z</time></trkpt>
      <trkpt lat="52.725925" lon="-1.367648"><ele>160.9</ele><time>2025-05-02T12:32:26.000Z</time></trkpt>
      <trkpt lat="52.725938" lon="-1.367637"><ele>160.9</ele><time>2025-05-02T12:32:27.000Z</time></trkpt>
      <trkpt lat="52.725950" lon="-1.367626"><ele>160.9</ele><time>2025-05-02T12:32:28.000Z</time></trkpt>
      <trkpt lat="52.725962" lon="-1.367616"><ele>160.9</ele><time>2025-05-02T12:32:29.000Z</time></trkpt>
      <trkpt lat="52.725975" lon="-1.367608"><ele>160.8</ele><time>2025-05-02T12:32:30.000Z</time></trkpt>
      <trkpt lat="52.725988" lon="-1.367599"><ele>160.8</ele><time>2025-05-02T12:32:31.000Z</time></trkpt>
      <trkpt lat="52.726001" lon="-1.367590"><ele>160.8</ele><time>2025-05-02T12:32:32.000Z</time></trkpt>
      <trkpt lat="52.726013" lon="-1.367581"><ele>160.8</ele><time>2025-05-02T12:32:33.000Z</time></trkpt>
      <trkpt lat="52.726026" lon="-1.367572"><ele>160.7</ele><time>2025-05-02T12:32:34.000Z</time></trkpt>
      <trkpt lat="52.726038" lon="-1.367563"><ele>160.7</ele><time>2025-05-02T12:32:35.000Z</time></trkpt>
      <trkpt lat="52.726051" lon="-1.367555"><ele>160.7</ele><time>2025-05-02T12:32:36.000Z</time></trkpt>
      <trkpt lat="52.726064" lon="-1.367547"><ele>160.7</ele><time>2025-05-02T12:32:37.000Z</time></trkpt>
      <trkpt lat="52.726076" lon="-1.367537"><ele>160.7</ele><time>2025-05-02T12:32:38.000Z</time></trkpt>
      <trkpt lat="52.726088" lon="-1.367527"><ele>160.7</ele><time>2025-05-02T12:32:39.000Z</time></trkpt>
      <trkpt lat="52.726099" lon="-1.367516"><ele>160.7</ele><time>2025-05-02T12:32:40.000Z</time></trkpt>
      <trkpt lat="52.726111" lon="-1.367504"><ele>160.6</ele><time>2025-05-02T12:32:41.000Z</time></trkpt>
      <trkpt lat="52.726122" lon="-1.367493"><ele>160.6</ele><time>2025-05-02T12:32:42.000Z</time></trkpt>
      <trkpt lat="52.726134" lon="-1.367483"><ele>160.6</ele><time>2025-05-02T12:32:43.000Z</time></trkpt>
      <trkpt lat="52.726146" lon="-1.367473"><ele>160.6</ele><time>2025-05-02T12:32:44.000Z</time></trkpt>
      <trkpt lat="52.726158" lon="-1.367463"><ele>160.6</ele><time>2025-05-02T12:32:45.000Z</time></trkpt>
      <trkpt lat="52.726169" lon="-1.367452"><ele>160.6</ele><time>2025-05-02T12:32:46.000Z</time></trkpt>
      <trkpt lat="52.726181" lon="-1.367442"><ele>160.6</ele><time>2025-05-02T12:32:47.000Z</time></trkpt>
      <trkpt lat="52.726192" lon="-1.367433"><ele>160.6</ele><time>2025-05-02T12:32:48.000Z</time></trkpt>
      <trkpt lat="52.726204" lon="-1.367423"><ele>160.6</ele><time>2025-05-02T12:32:49.000Z</time></trkpt>
      <trkpt lat="52.726214" lon="-1.367414"><ele>160.6</ele><time>2025-05-02T12:32:50.000Z</time></trkpt>
      <trkpt lat="52.726223" lon="-1.367405"><ele>160.6</ele><time>2025-05-02T12:32:51.000Z</time></trkpt>
      <trkpt lat="52.726230" lon="-1.367399"><ele>160.6</ele><time>2025-05-02T12:32:52.000Z</time></trkpt>
      <trkpt lat="52.726232" lon="-1.367397"><ele>160.6</ele><time>2025-05-02T12:32:53.000Z</time></trkpt>
      <trkpt lat="52.726231" lon="-1.367398"><ele>160.6</ele><time>2025-05-02T12:32:54.000Z</time></trkpt>
      <trkpt lat="52.726232" lon="-1.367398"><ele>160.6</ele><time>2025-05-02T12:32:55.000Z</time></trkpt>
      <trkpt lat="52.726238" lon="-1.367395"><ele>160.6</ele><time>2025-05-02T12:32:56.000Z</time></trkpt>
      <trkpt lat="52.726249" lon="-1.367389"><ele>160.6</ele><time>2025-05-02T12:32:57.000Z</time></trkpt>
      <trkpt lat="52.726262" lon="-1.367381"><ele>160.6</ele><time>2025-05-02T12:32:58.000Z</time></trkpt>
      <trkpt lat="52.726276" lon="-1.367375"><ele>160.5</ele><time>2025-05-02T12:32:59.000Z</time></trkpt>
      <trkpt lat="52.726290" lon="-1.367369"><ele>160.5</ele><time>2025-05-02T12:33:00.000Z</time></trkpt>
      <trkpt lat="52.726303" lon="-1.367365"><ele>160.5</ele><time>2025-05-02T12:33:01.000Z</time></trkpt>
      <trkpt lat="52.726316" lon="-1.367363"><ele>160.5</ele><time>2025-05-02T12:33:02.000Z</time></trkpt>
      <trkpt lat="52.726330" lon="-1.367361"><ele>160.4</ele><time>2025-05-02T12:33:03.000Z</time></trkpt>
      <trkpt lat="52.726343" lon="-1.367360"><ele>160.4</ele><time>2025-05-02T12:33:04.000Z</time></trkpt>
      <trkpt lat="52.726356" lon="-1.367361"><ele>160.4</ele><time>2025-05-02T12:33:05.000Z</time></trkpt>
      <trkpt lat="52.726369" lon="-1.367361"><ele>160.3</ele><time>2025-05-02T12:33:06.000Z</time></trkpt>
      <trkpt lat="52.726383" lon="-1.367359"><ele>160.3</ele><time>2025-05-02T12:33:07.000Z</time></trkpt>
      <trkpt lat="52.726396" lon="-1.367357"><ele>160.3</ele><time>2025-05-02T12:33:08.000Z</time></trkpt>
      <trkpt lat="52.726409" lon="-1.367355"><ele>160.3</ele><time>2025-05-02T12:33:09.000Z</time></trkpt>
      <trkpt lat="52.726423" lon="-1.367353"><ele>160.2</ele><time>2025-05-02T12:33:10.000Z</time></trkpt>
      <trkpt lat="52.726436" lon="-1.367350"><ele>160.2</ele><time>2025-05-02T12:33:11.000Z</time></trkpt>
      <trkpt lat="52.726450" lon="-1.367345"><ele>160.2</ele><time>2025-05-02T12:33:12.000Z</time></trkpt>
      <trkpt lat="52.726463" lon="-1.367340"><ele>160.2</ele><time>2025-05-02T12:33:13.000Z</time></trkpt>
      <trkpt lat="52.726476" lon="-1.367335"><ele>160.2</ele><time>2025-05-02T12:33:14.000Z</time></trkpt>
      <trkpt lat="52.726490" lon="-1.367329"><ele>160.2</ele><time>2025-05-02T12:33:15.000Z</time></trkpt>
      <trkpt lat="52.726503" lon="-1.367323"><ele>160.2</ele><time>2025-05-02T12:33:16.000Z</time></trkpt>
      <trkpt lat="52.726517" lon="-1.367319"><ele>160.2</ele><time>2025-05-02T12:33:17.000Z</time></trkpt>
      <trkpt lat="52.726530" lon="-1.367315"><ele>160.2</ele><time>2025-05-02T12:33:18.000Z</time></trkpt>
      <trkpt lat="52.726544" lon="-1.367312"><ele>160.2</ele><time>2025-05-02T12:33:19.000Z</time></trkpt>
      <trkpt lat="52.726557" lon="-1.367309"><ele>160.2</ele><time>2025-05-02T12:33:20.000Z</time></trkpt>
      <trkpt lat="52.726571" lon="-1.367307"><ele>160.2</ele><time>2025-05-02T12:33:21.000Z</time></trkpt>
      <trkpt lat="52.726584" lon="-1.367304"><ele>160.2</ele><time>2025-05-02T12:33:22.000Z</time></trkpt>
      <trkpt lat="52.726598" lon="-1.367300"><ele>160.2</ele><time>2025-05-02T12:33:23.000Z</time></trkpt>
      <trkpt lat="52.726611" lon="-1.367295"><ele>160.1</ele><time>2025-05-02T12:33:24.000Z</time></trkpt>
      <trkpt lat="52.726624" lon="-1.367289"><ele>160.1</ele><time>2025-05-02T12:33:25.000Z</time></trkpt>
      <trkpt lat="52.726637" lon="-1.367284"><ele>160.1</ele><time>2025-05-02T12:33:26.000Z</time></trkpt>
      <trkpt lat="52.726650" lon="-1.367280"><ele>160.1</ele><time>2025-05-02T12:33:27.000Z</time></trkpt>
      <trkpt lat="52.726664" lon="-1.367276"><ele>160.1</ele><time>2025-05-02T12:33:28.000Z</time></trkpt>
      <trkpt lat="52.726677" lon="-1.367273"><ele>160.1</ele><time>2025-05-02T12:33:29.000Z</time></trkpt>
      <trkpt lat="52.726691" lon="-1.367271"><ele>160.0</ele><time>2025-05-02T12:33:30.000Z</time></trkpt>
      <trkpt lat="52.726704" lon="-1.367269"><ele>160.0</ele><time>2025-05-02T12:33:31.000Z</time></trkpt>
      <trkpt lat="52.726718" lon="-1.367270"><ele>160.0</ele><time>2025-05-02T12:33:32.000Z</time></trkpt>
      <trkpt lat="52.726732" lon="-1.367271"><ele>160.0</ele><time>2025-05-02T12:33:33.000Z</time></trkpt>
      <trkpt lat="52.726745" lon="-1.367272"><ele>159.9</ele><time>2025-05-02T12:33:34.000Z</time></trkpt>
      <trkpt lat="52.726759" lon="-1.367273"><ele>159.9</ele><time>2025-05-02T12:33:35.000Z</time></trkpt>
      <trkpt lat="52.726773" lon="-1.367274"><ele>159.8</ele><time>2025-05-02T12:33:36.000Z</time></trkpt>
      <trkpt lat="52.726787" lon="-1.367274"><ele>159.8</ele><time>2025-05-02T12:33:37.000Z</time></trkpt>
      <trkpt lat="52.726800" lon="-1.367274"><ele>159.7</ele><time>2025-05-02T12:33:38.000Z</time></trkpt>
      <trkpt lat="52.726814" lon="-1.367275"><ele>159.7</ele><time>2025-05-02T12:33:39.000Z</time></trkpt>
      <trkpt lat="52.726828" lon="-1.367277"><ele>159.6</ele><time>2025-05-02T12:33:40.000Z</time></trkpt>
      <trkpt lat="52.726841" lon="-1.367279"><ele>159.6</ele><time>2025-05-02T12:33:41.000Z</time></trkpt>
      <trkpt lat="52.726855" lon="-1.367279"><ele>159.5</ele><time>2025-05-02T12:33:42.000Z</time></trkpt>
      <trkpt lat="52.726868" lon="-1.367278"><ele>159.5</ele><time>2025-05-02T12:33:43.000Z</time></trkpt>
      <trkpt lat="52.726881" lon="-1.367276"><ele>159.4</ele><time>2025-05-02T12:33:44.000Z</time></trkpt>
      <trkpt lat="52.726895" lon="-1.367275"><ele>159.3</ele><time>2025-05-02T12:33:45.000Z</time></trkpt>
      <trkpt lat="52.726908" lon="-1.367274"><ele>159.3</ele><time>2025-05-02T12:33:46.000Z</time></trkpt>
      <trkpt lat="52.726921" lon="-1.367273"><ele>159.2</ele><time>2025-05-02T12:33:47.000Z</time></trkpt>
      <trkpt lat="52.726934" lon="-1.367272"><ele>159.2</ele><time>2025-05-02T12:33:48.000Z</time></trkpt>
      <trkpt lat="52.726947" lon="-1.367272"><ele>159.1</ele><time>2025-05-02T12:33:49.000Z</time></trkpt>
      <trkpt lat="52.726960" lon="-1.367270"><ele>159.1</ele><time>2025-05-02T12:33:50.000Z</time></trkpt>
      <trkpt lat="52.726974" lon="-1.367268"><ele>159.1</ele><time>2025-05-02T12:33:51.000Z</time></trkpt>
      <trkpt lat="52.726987" lon="-1.367264"><ele>159.1</ele><time>2025-05-02T12:33:52.000Z</time></trkpt>
      <trkpt lat="52.727000" lon="-1.367259"><ele>159.1</ele><time>2025-05-02T12:33:53.000Z</time></trkpt>
      <trkpt lat="52.727013" lon="-1.367254"><ele>159.1</ele><time>2025-05-02T12:33:54.000Z</time></trkpt>
      <trkpt lat="52.727026" lon="-1.367250"><ele>159.1</ele><time>2025-05-02T12:33:55.000Z</time></trkpt>
      <trkpt lat="52.727039" lon="-1.367245"><ele>159.2</ele><time>2025-05-02T12:33:56.000Z</time></trkpt>
      <trkpt lat="52.727052" lon="-1.367241"><ele>159.2</ele><time>2025-05-02T12:33:57.000Z</time></trkpt>
      <trkpt lat="52.727065" lon="-1.367239"><ele>159.3</ele><time>2025-05-02T12:33:58.000Z</time></trkpt>
      <trkpt lat="52.727079" lon="-1.367237"><ele>159.3</ele><time>2025-05-02T12:33:59.000Z</time></trkpt>
      <trkpt lat="52.727092" lon="-1.367237"><ele>159.4</ele><time>2025-05-02T12:34:00.000Z</time></trkpt>
      <trkpt lat="52.727105" lon="-1.367236"><ele>159.4</ele><time>2025-05-02T12:34:01.000Z</time></trkpt>
      <trkpt lat="52.727119" lon="-1.367236"><ele>159.5</ele><time>2025-05-02T12:34:02.000Z</time></trkpt>
      <trkpt lat="52.727132" lon="-1.367235"><ele>159.5</ele><time>2025-05-02T12:34:03.000Z</time></trkpt>
      <trkpt lat="52.727145" lon="-1.367233"><ele>159.5</ele><time>2025-05-02T12:34:04.000Z</time></trkpt>
      <trkpt lat="52.727158" lon="-1.367230"><ele>159.6</ele><time>2025-05-02T12:34:05.000Z</time></trkpt>
      <trkpt lat="52.727172" lon="-1.367226"><ele>159.6</ele><time>2025-05-02T12:34:06.000Z</time></trkpt>
      <trkpt lat="52.727185" lon="-1.367222"><ele>159.6</ele><time>2025-05-02T12:34:07.000Z</time></trkpt>
      <trkpt lat="52.727198" lon="-1.367219"><ele>159.6</ele><time>2025-05-02T12:34:08.000Z</time></trkpt>
      <trkpt lat="52.727211" lon="-1.367215"><ele>159.6</ele><time>2025-05-02T12:34:09.000Z</time></trkpt>
      <trkpt lat="52.727225" lon="-1.367211"><ele>159.6</ele><time>2025-05-02T12:34:10.000Z</time></trkpt>
      <trkpt lat="52.727239" lon="-1.367206"><ele>159.5</ele><time>2025-05-02T12:34:11.000Z</time></trkpt>
      <trkpt lat="52.727252" lon="-1.367200"><ele>159.5</ele><time>2025-05-02T12:34:12.000Z</time></trkpt>
      <trkpt lat="52.727265" lon="-1.367192"><ele>159.5</ele><time>2025-05-02T12:34:13.000Z</time></trkpt>
      <trkpt lat="52.727278" lon="-1.367184"><ele>159.4</ele><time>2025-05-02T12:34:14.000Z</time></trkpt>
      <trkpt lat="52.727292" lon="-1.367176"><ele>159.4</ele><time>2025-05-02T12:34:15.000Z</time></trkpt>
      <trkpt lat="52.727305" lon="-1.367170"><ele>159.4</ele><time>2025-05-02T12:34:16.000Z</time></trkpt>
      <trkpt lat="52.727318" lon="-1.367164"><ele>159.3</ele><time>2025-05-02T12:34:17.000Z</time></trkpt>
      <trkpt lat="52.727332" lon="-1.367158"><ele>159.3</ele><time>2025-05-02T12:34:18.000Z</time></trkpt>
      <trkpt lat="52.727346" lon="-1.367152"><ele>159.2</ele><time>2025-05-02T12:34:19.000Z</time></trkpt>
      <trkpt lat="52.727359" lon="-1.367146"><ele>159.2</ele><time>2025-05-02T12:34:20.000Z</time></trkpt>
      <trkpt lat="52.727372" lon="-1.367140"><ele>159.1</ele><time>2025-05-02T12:34:21.000Z</time></trkpt>
      <trkpt lat="52.727386" lon="-1.367134"><ele>159.1</ele><time>2025-05-02T12:34:22.000Z</time></trkpt>
      <trkpt lat="52.727399" lon="-1.367128"><ele>159.0</ele><time>2025-05-02T12:34:23.000Z</time></trkpt>
      <trkpt lat="52.727412" lon="-1.367123"><ele>159.0</ele><time>2025-05-02T12:34:24.000Z</time></trkpt>
      <trkpt lat="52.727426" lon="-1.367117"><ele>158.9</ele><time>2025-05-02T12:34:25.000Z</time></trkpt>
      <trkpt lat="52.727439" lon="-1.367111"><ele>158.9</ele><time>2025-05-02T12:34:26.000Z</time></trkpt>
      <trkpt lat="52.727452" lon="-1.367104"><ele>158.8</ele><time>2025-05-02T12:34:27.000Z</time></trkpt>
      <trkpt lat="52.727466" lon="-1.367098"><ele>158.8</ele><time>2025-05-02T12:34:28.000Z</time></trkpt>
      <trkpt lat="52.727479" lon="-1.367092"><ele>158.7</ele><time>2025-05-02T12:34:29.000Z</time></trkpt>
      <trkpt lat="52.727492" lon="-1.367086"><ele>158.7</ele><time>2025-05-02T12:34:30.000Z</time></trkpt>
      <trkpt lat="52.727505" lon="-1.367080"><ele>158.6</ele><time>2025-05-02T12:34:31.000Z</time></trkpt>
      <trkpt lat="52.727519" lon="-1.367075"><ele>158.6</ele><time>2025-05-02T12:34:32.000Z</time></trkpt>
      <trkpt lat="52.727532" lon="-1.367070"><ele>158.5</ele><time>2025-05-02T12:34:33.000Z</time></trkpt>
      <trkpt lat="52.727545" lon="-1.367065"><ele>158.5</ele><time>2025-05-02T12:34:34.000Z</time></trkpt>
      <trkpt lat="52.727559" lon="-1.367060"><ele>158.4</ele><time>2025-05-02T12:34:35.000Z</time></trkpt>
      <trkpt lat="52.727571" lon="-1.367054"><ele>158.4</ele><time>2025-05-02T12:34:36.000Z</time></trkpt>
      <trkpt lat="52.727584" lon="-1.367048"><ele>158.3</ele><time>2025-05-02T12:34:37.000Z</time></trkpt>
      <trkpt lat="52.727597" lon="-1.367042"><ele>158.2</ele><time>2025-05-02T12:34:38.000Z</time></trkpt>
      <trkpt lat="52.727610" lon="-1.367036"><ele>158.2</ele><time>2025-05-02T12:34:39.000Z</time></trkpt>
      <trkpt lat="52.727623" lon="-1.367030"><ele>158.2</ele><time>2025-05-02T12:34:40.000Z</time></trkpt>
      <trkpt lat="52.727636" lon="-1.367025"><ele>158.1</ele><time>2025-05-02T12:34:41.000Z</time></trkpt>
      <trkpt lat="52.727649" lon="-1.367019"><ele>158.1</ele><time>2025-05-02T12:34:42.000Z</time></trkpt>
      <trkpt lat="52.727662" lon="-1.367014"><ele>158.0</ele><time>2025-05-02T12:34:43.000Z</time></trkpt>
      <trkpt lat="52.727675" lon="-1.367008"><ele>158.0</ele><time>2025-05-02T12:34:44.000Z</time></trkpt>
      <trkpt lat="52.727689" lon="-1.367002"><ele>158.0</ele><time>2025-05-02T12:34:45.000Z</time></trkpt>
      <trkpt lat="52.727702" lon="-1.366997"><ele>157.9</ele><time>2025-05-02T12:34:46.000Z</time></trkpt>
      <trkpt lat="52.727715" lon="-1.366992"><ele>157.9</ele><time>2025-05-02T12:34:47.000Z</time></trkpt>
      <trkpt lat="52.727729" lon="-1.366988"><ele>157.9</ele><time>2025-05-02T12:34:48.000Z</time></trkpt>
      <trkpt lat="52.727743" lon="-1.366984"><ele>157.9</ele><time>2025-05-02T12:34:49.000Z</time></trkpt>
      <trkpt lat="52.727756" lon="-1.366979"><ele>157.8</ele><time>2025-05-02T12:34:50.000Z</time></trkpt>
      <trkpt lat="52.727769" lon="-1.366973"><ele>157.8</ele><time>2025-05-02T12:34:51.000Z</time></trkpt>
      <trkpt lat="52.727782" lon="-1.366966"><ele>157.8</ele><time>2025-05-02T12:34:52.000Z</time></trkpt>
      <trkpt lat="52.727795" lon="-1.366959"><ele>157.8</ele><time>2025-05-02T12:34:53.000Z</time></trkpt>
      <trkpt lat="52.727807" lon="-1.366951"><ele>157.9</ele><time>2025-05-02T12:34:54.000Z</time></trkpt>
      <trkpt lat="52.727819" lon="-1.366943"><ele>157.9</ele><time>2025-05-02T12:34:55.000Z</time></trkpt>
      <trkpt lat="52.727831" lon="-1.366936"><ele>157.9</ele><time>2025-05-02T12:34:56.000Z</time></trkpt>
      <trkpt lat="52.727842" lon="-1.366929"><ele>157.9</ele><time>2025-05-02T12:34:57.000Z</time></trkpt>
      <trkpt lat="52.727852" lon="-1.366923"><ele>158.0</ele><time>2025-05-02T12:34:58.000Z</time></trkpt>
      <trkpt lat="52.727861" lon="-1.366915"><ele>158.0</ele><time>2025-05-02T12:34:59.000Z</time></trkpt>
      <trkpt lat="52.727869" lon="-1.366908"><ele>158.0</ele><time>2025-05-02T12:35:00.000Z</time></trkpt>
      <trkpt lat="52.727874" lon="-1.366905"><ele>158.1</ele><time>2025-05-02T12:35:01.000Z</time></trkpt>
      <trkpt lat="52.727874" lon="-1.366907"><ele>158.1</ele><time>2025-05-02T12:35:02.000Z</time></trkpt>
      <trkpt lat="52.727873" lon="-1.366913"><ele>158.1</ele><time>2025-05-02T12:35:03.000Z</time></trkpt>
      <trkpt lat="52.727877" lon="-1.366918"><ele>158.2</ele><time>2025-05-02T12:35:04.000Z</time></trkpt>
      <trkpt lat="52.727887" lon="-1.366922"><ele>158.2</ele><time>2025-05-02T12:35:05.000Z</time></trkpt>
      <trkpt lat="52.727900" lon="-1.366923"><ele>158.2</ele><time>2025-05-02T12:35:06.000Z</time></trkpt>
      <trkpt lat="52.727914" lon="-1.366921"><ele>158.2</ele><time>2025-05-02T12:35:07.000Z</time></trkpt>
      <trkpt lat="52.727928" lon="-1.366917"><ele>158.2</ele><time>2025-05-02T12:35:08.000Z</time></trkpt>
      <trkpt lat="52.727941" lon="-1.366913"><ele>158.2</ele><time>2025-05-02T12:35:09.000Z</time></trkpt>
      <trkpt lat="52.727955" lon="-1.366909"><ele>158.2</ele><time>2025-05-02T12:35:10.000Z</time></trkpt>
      <trkpt lat="52.727969" lon="-1.366906"><ele>158.2</ele><time>2025-05-02T12:35:11.000Z</time></trkpt>
      <trkpt lat="52.727982" lon="-1.366905"><ele>158.2</ele><time>2025-05-02T12:35:12.000Z</time></trkpt>
      <trkpt lat="52.727996" lon="-1.366906"><ele>158.2</ele><time>2025-05-02T12:35:13.000Z</time></trkpt>
      <trkpt lat="52.728009" lon="-1.366907"><ele>158.2</ele><time>2025-05-02T12:35:14.000Z</time></trkpt>
      <trkpt lat="52.728022" lon="-1.366910"><ele>158.2</ele><time>2025-05-02T12:35:15.000Z</time></trkpt>
      <trkpt lat="52.728036" lon="-1.366912"><ele>158.2</ele><time>2025-05-02T12:35:16.000Z</time></trkpt>
      <trkpt lat="52.728049" lon="-1.366913"><ele>158.2</ele><time>2025-05-02T12:35:17.000Z</time></trkpt>
      <trkpt lat="52.728062" lon="-1.366913"><ele>158.2</ele><time>2025-05-02T12:35:18.000Z</time></trkpt>
      <trkpt lat="52.728075" lon="-1.366913"><ele>158.2</ele><time>2025-05-02T12:35:19.000Z</time></trkpt>
      <trkpt lat="52.728088" lon="-1.366913"><ele>158.2</ele><time>2025-05-02T12:35:20.000Z</time></trkpt>
      <trkpt lat="52.728101" lon="-1.366912"><ele>158.2</ele><time>2025-05-02T12:35:21.000Z</time></trkpt>
      <trkpt lat="52.728114" lon="-1.366912"><ele>158.1</ele><time>2025-05-02T12:35:22.000Z</time></trkpt>
      <trkpt lat="52.728127" lon="-1.366911"><ele>158.1</ele><time>2025-05-02T12:35:23.000Z</time></trkpt>
      <trkpt lat="52.728140" lon="-1.366909"><ele>158.1</ele><time>2025-05-02T12:35:24.000Z</time></trkpt>
      <trkpt lat="52.728152" lon="-1.366907"><ele>158.1</ele><time>2025-05-02T12:35:25.000Z</time></trkpt>
      <trkpt lat="52.728165" lon="-1.366906"><ele>158.0</ele><time>2025-05-02T12:35:26.000Z</time></trkpt>
      <trkpt lat="52.728177" lon="-1.366905"><ele>158.0</ele><time>2025-05-02T12:35:27.000Z</time></trkpt>
      <trkpt lat="52.728190" lon="-1.366906"><ele>158.0</ele><time>2025-05-02T12:35:28.000Z</time></trkpt>
      <trkpt lat="52.728202" lon="-1.366906"><ele>157.9</ele><time>2025-05-02T12:35:29.000Z</time></trkpt>
      <trkpt lat="52.728215" lon="-1.366907"><ele>157.9</ele><time>2025-05-02T12:35:30.000Z</time></trkpt>
      <trkpt lat="52.728227" lon="-1.366907"><ele>157.9</ele><time>2025-05-02T12:35:31.000Z</time></trkpt>
      <trkpt lat="52.728240" lon="-1.366908"><ele>157.8</ele><time>2025-05-02T12:35:32.000Z</time></trkpt>
      <trkpt lat="52.728252" lon="-1.366908"><ele>157.8</ele><time>2025-05-02T12:35:33.000Z</time></trkpt>
      <trkpt lat="52.728265" lon="-1.366908"><ele>157.7</ele><time>2025-05-02T12:35:34.000Z</time></trkpt>
      <trkpt lat="52.728278" lon="-1.366907"><ele>157.7</ele><time>2025-05-02T12:35:35.000Z</time></trkpt>
      <trkpt lat="52.728291" lon="-1.366905"><ele>157.7</ele><time>2025-05-02T12:35:36.000Z</time></trkpt>
      <trkpt lat="52.728304" lon="-1.366902"><ele>157.6</ele><time>2025-05-02T12:35:37.000Z</time></trkpt>
      <trkpt lat="52.728316" lon="-1.366899"><ele>157.6</ele><time>2025-05-02T12:35:38.000Z</time></trkpt>
      <trkpt lat="52.728329" lon="-1.366895"><ele>157.5</ele><time>2025-05-02T12:35:39.000Z</time></trkpt>
      <trkpt lat="52.728342" lon="-1.366892"><ele>157.4</ele><time>2025-05-02T12:35:40.000Z</time></trkpt>
      <trkpt lat="52.728355" lon="-1.366889"><ele>157.4</ele><time>2025-05-02T12:35:41.000Z</time></trkpt>
      <trkpt lat="52.728368" lon="-1.366887"><ele>157.3</ele><time>2025-05-02T12:35:42.000Z</time></trkpt>
      <trkpt lat="52.728380" lon="-1.366885"><ele>157.2</ele><time>2025-05-02T12:35:43.000Z</time></trkpt>
      <trkpt lat="52.728393" lon="-1.366884"><ele>157.2</ele><time>2025-05-02T12:35:44.000Z</time></trkpt>
      <trkpt lat="52.728406" lon="-1.366883"><ele>157.1</ele><time>2025-05-02T12:35:45.000Z</time></trkpt>
      <trkpt lat="52.728419" lon="-1.366883"><ele>157.0</ele><time>2025-05-02T12:35:46.000Z</time></trkpt>
      <trkpt lat="52.728431" lon="-1.366882"><ele>156.9</ele><time>2025-05-02T12:35:47.000Z</time></trkpt>
      <trkpt lat="52.728444" lon="-1.366880"><ele>156.9</ele><time>2025-05-02T12:35:48.000Z</time></trkpt>
      <trkpt lat="52.728457" lon="-1.366878"><ele>156.8</ele><time>2025-05-02T12:35:49.000Z</time></trkpt>
      <trkpt lat="52.728470" lon="-1.366877"><ele>156.8</ele><time>2025-05-02T12:35:50.000Z</time></trkpt>
      <trkpt lat="52.728483" lon="-1.366875"><ele>156.7</ele><time>2025-05-02T12:35:51.000Z</time></trkpt>
      <trkpt lat="52.728496" lon="-1.366874"><ele>156.7</ele><time>2025-05-02T12:35:52.000Z</time></trkpt>
      <trkpt lat="52.728509" lon="-1.366873"><ele>156.6</ele><time>2025-05-02T12:35:53.000Z</time></trkpt>
      <trkpt lat="52.728522" lon="-1.366871"><ele>156.6</ele><time>2025-05-02T12:35:54.000Z</time></trkpt>
      <trkpt lat="52.728535" lon="-1.366870"><ele>156.5</ele><time>2025-05-02T12:35:55.000Z</time></trkpt>
      <trkpt lat="52.728547" lon="-1.366869"><ele>156.5</ele><time>2025-05-02T12:35:56.000Z</time></trkpt>
      <trkpt lat="52.728560" lon="-1.366868"><ele>156.5</ele><time>2025-05-02T12:35:57.000Z</time></trkpt>
      <trkpt lat="52.728573" lon="-1.366866"><ele>156.5</ele><time>2025-05-02T12:35:58.000Z</time></trkpt>
      <trkpt lat="52.728585" lon="-1.366864"><ele>156.5</ele><time>2025-05-02T12:35:59.000Z</time></trkpt>
      <trkpt lat="52.728598" lon="-1.366862"><ele>156.5</ele><time>2025-05-02T12:36:00.000Z</time></trkpt>
      <trkpt lat="52.728611" lon="-1.366860"><ele>156.4</ele><time>2025-05-02T12:36:01.000Z</time></trkpt>
      <trkpt lat="52.728624" lon="-1.366859"><ele>156.4</ele><time>2025-05-02T12:36:02.000Z</time></trkpt>
      <trkpt lat="52.728636" lon="-1.366858"><ele>156.4</ele><time>2025-05-02T12:36:03.000Z</time></trkpt>
      <trkpt lat="52.728649" lon="-1.366857"><ele>156.3</ele><time>2025-05-02T12:36:04.000Z</time></trkpt>
      <trkpt lat="52.728662" lon="-1.366855"><ele>156.3</ele><time>2025-05-02T12:36:05.000Z</time></trkpt>
      <trkpt lat="52.728675" lon="-1.366854"><ele>156.3</ele><time>2025-05-02T12:36:06.000Z</time></trkpt>
      <trkpt lat="52.728688" lon="-1.366854"><ele>156.2</ele><time>2025-05-02T12:36:07.000Z</time></trkpt>
      <trkpt lat="52.728701" lon="-1.366855"><ele>156.2</ele><time>2025-05-02T12:36:08.000Z</time></trkpt>
      <trkpt lat="52.728714" lon="-1.366856"><ele>156.1</ele><time>2025-05-02T12:36:09.000Z</time></trkpt>
      <trkpt lat="52.728727" lon="-1.366856"><ele>156.0</ele><time>2025-05-02T12:36:10.000Z</time></trkpt>
      <trkpt lat="52.728740" lon="-1.366856"><ele>156.0</ele><time>2025-05-02T12:36:11.000Z</time></trkpt>
      <trkpt lat="52.728753" lon="-1.366856"><ele>155.9</ele><time>2025-05-02T12:36:12.000Z</time></trkpt>
      <trkpt lat="52.728766" lon="-1.366855"><ele>155.9</ele><time>2025-05-02T12:36:13.000Z</time></trkpt>
      <trkpt lat="52.728779" lon="-1.366855"><ele>155.8</ele><time>2025-05-02T12:36:14.000Z</time></trkpt>
      <trkpt lat="52.728792" lon="-1.366855"><ele>155.7</ele><time>2025-05-02T12:36:15.000Z</time></trkpt>
      <trkpt lat="52.728805" lon="-1.366855"><ele>155.7</ele><time>2025-05-02T12:36:16.000Z</time></trkpt>
      <trkpt lat="52.728818" lon="-1.366854"><ele>155.6</ele><time>2025-05-02T12:36:17.000Z</time></trkpt>
      <trkpt lat="52.728831" lon="-1.366853"><ele>155.6</ele><time>2025-05-02T12:36:18.000Z</time></trkpt>
      <trkpt lat="52.728843" lon="-1.366851"><ele>155.5</ele><time>2025-05-02T12:36:19.000Z</time></trkpt>
      <trkpt lat="52.728856" lon="-1.366851"><ele>155.4</ele><time>2025-05-02T12:36:20.000Z</time></trkpt>
      <trkpt lat="52.728869" lon="-1.366851"><ele>155.4</ele><time>2025-05-02T12:36:21.000Z</time></trkpt>
      <trkpt lat="52.728881" lon="-1.366853"><ele>155.3</ele><time>2025-05-02T12:36:22.000Z</time></trkpt>
      <trkpt lat="52.728894" lon="-1.366854"><ele>155.3</ele><time>2025-05-02T12:36:23.000Z</time></trkpt>
      <trkpt lat="52.728907" lon="-1.366855"><ele>155.2</ele><time>2025-05-02T12:36:24.000Z</time></trkpt>
      <trkpt lat="52.728919" lon="-1.366857"><ele>155.2</ele><time>2025-05-02T12:36:25.000Z</time></trkpt>
      <trkpt lat="52.728932" lon="-1.366860"><ele>155.1</ele><time>2025-05-02T12:36:26.000Z</time></trkpt>
      <trkpt lat="52.728945" lon="-1.366863"><ele>155.1</ele><time>2025-05-02T12:36:27.000Z</time></trkpt>
      <trkpt lat="52.728957" lon="-1.366868"><ele>155.0</ele><time>2025-05-02T12:36:28.000Z</time></trkpt>
      <trkpt lat="52.728970" lon="-1.366874"><ele>155.0</ele><time>2025-05-02T12:36:29.000Z</time></trkpt>
      <trkpt lat="52.728983" lon="-1.366877"><ele>155.0</ele><time>2025-05-02T12:36:30.000Z</time></trkpt>
      <trkpt lat="52.728996" lon="-1.366879"><ele>154.9</ele><time>2025-05-02T12:36:31.000Z</time></trkpt>
      <trkpt lat="52.729009" lon="-1.366878"><ele>154.9</ele><time>2025-05-02T12:36:32.000Z</time></trkpt>
      <trkpt lat="52.729022" lon="-1.366875"><ele>154.9</ele><time>2025-05-02T12:36:33.000Z</time></trkpt>
      <trkpt lat="52.729034" lon="-1.366872"><ele>154.8</ele><time>2025-05-02T12:36:34.000Z</time></trkpt>
      <trkpt lat="52.729047" lon="-1.366869"><ele>154.8</ele><time>2025-05-02T12:36:35.000Z</time></trkpt>
      <trkpt lat="52.729060" lon="-1.366866"><ele>154.7</ele><time>2025-05-02T12:36:36.000Z</time></trkpt>
      <trkpt lat="52.729072" lon="-1.366865"><ele>154.7</ele><time>2025-05-02T12:36:37.000Z</time></trkpt>
      <trkpt lat="52.729085" lon="-1.366864"><ele>154.6</ele><time>2025-05-02T12:36:38.000Z</time></trkpt>
      <trkpt lat="52.729098" lon="-1.366863"><ele>154.6</ele><time>2025-05-02T12:36:39.000Z</time></trkpt>
      <trkpt lat="52.729111" lon="-1.366862"><ele>154.5</ele><time>2025-05-02T12:36:40.000Z</time></trkpt>
      <trkpt lat="52.729124" lon="-1.366862"><ele>154.4</ele><time>2025-05-02T12:36:41.000Z</time></trkpt>
      <trkpt lat="52.729138" lon="-1.366861"><ele>154.4</ele><time>2025-05-02T12:36:42.000Z</time></trkpt>
      <trkpt lat="52.729151" lon="-1.366862"><ele>154.3</ele><time>2025-05-02T12:36:43.000Z</time></trkpt>
      <trkpt lat="52.729165" lon="-1.366863"><ele>154.2</ele><time>2025-05-02T12:36:44.000Z</time></trkpt>
      <trkpt lat="52.729178" lon="-1.366862"><ele>154.1</ele><time>2025-05-02T12:36:45.000Z</time></trkpt>
      <trkpt lat="52.729191" lon="-1.366860"><ele>154.1</ele><time>2025-05-02T12:36:46.000Z</time></trkpt>
      <trkpt lat="52.729205" lon="-1.366858"><ele>154.0</ele><time>2025-05-02T12:36:47.000Z</time></trkpt>
      <trkpt lat="52.729218" lon="-1.366855"><ele>153.9</ele><time>2025-05-02T12:36:48.000Z</time></trkpt>
      <trkpt lat="52.729231" lon="-1.366853"><ele>153.8</ele><time>2025-05-02T12:36:49.000Z</time></trkpt>
      <trkpt lat="52.729244" lon="-1.366850"><ele>153.8</ele><time>2025-05-02T12:36:50.000Z</time></trkpt>
      <trkpt lat="52.729256" lon="-1.366847"><ele>153.7</ele><time>2025-05-02T12:36:51.000Z</time></trkpt>
      <trkpt lat="52.729269" lon="-1.366845"><ele>153.7</ele><time>2025-05-02T12:36:52.000Z</time></trkpt>
      <trkpt lat="52.729282" lon="-1.366843"><ele>153.6</ele><time>2025-05-02T12:36:53.000Z</time></trkpt>
      <trkpt lat="52.729295" lon="-1.366841"><ele>153.6</ele><time>2025-05-02T12:36:54.000Z</time></trkpt>
      <trkpt lat="52.729307" lon="-1.366839"><ele>153.6</ele><time>2025-05-02T12:36:55.000Z</time></trkpt>
      <trkpt lat="52.729320" lon="-1.366836"><ele>153.5</ele><time>2025-05-02T12:36:56.000Z</time></trkpt>
      <trkpt lat="52.729332" lon="-1.366834"><ele>153.5</ele><time>2025-05-02T12:36:57.000Z</time></trkpt>
      <trkpt lat="52.729345" lon="-1.366830"><ele>153.5</ele><time>2025-05-02T12:36:58.000Z</time></trkpt>
      <trkpt lat="52.729357" lon="-1.366827"><ele>153.5</ele><time>2025-05-02T12:36:59.000Z</time></trkpt>
      <trkpt lat="52.729369" lon="-1.366824"><ele>153.4</ele><time>2025-05-02T12:37:00.000Z</time></trkpt>
      <trkpt lat="52.729382" lon="-1.366821"><ele>153.4</ele><time>2025-05-02T12:37:01.000Z</time></trkpt>
      <trkpt lat="52.729395" lon="-1.366818"><ele>153.3</ele><time>2025-05-02T12:37:02.000Z</time></trkpt>
      <trkpt lat="52.729407" lon="-1.366814"><ele>153.3</ele><time>2025-05-02T12:37:03.000Z</time></trkpt>
      <trkpt lat="52.729420" lon="-1.366811"><ele>153.2</ele><time>2025-05-02T12:37:04.000Z</time></trkpt>
      <trkpt lat="52.729432" lon="-1.366808"><ele>153.2</ele><time>2025-05-02T12:37:05.000Z</time></trkpt>
      <trkpt lat="52.729445" lon="-1.366806"><ele>153.2</ele><time>2025-05-02T12:37:06.000Z</time></trkpt>
      <trkpt lat="52.729457" lon="-1.366804"><ele>153.1</ele><time>2025-05-02T12:37:07.000Z</time></trkpt>
      <trkpt lat="52.729470" lon="-1.366802"><ele>153.1</ele><time>2025-05-02T12:37:08.000Z</time></trkpt>
      <trkpt lat="52.729483" lon="-1.366801"><ele>153.0</ele><time>2025-05-02T12:37:09.000Z</time></trkpt>
      <trkpt lat="52.729495" lon="-1.366799"><ele>153.0</ele><time>2025-05-02T12:37:10.000Z</time></trkpt>
      <trkpt lat="52.729508" lon="-1.366796"><ele>152.9</ele><time>2025-05-02T12:37:11.000Z</time></trkpt>
      <trkpt lat="52.729518" lon="-1.366795"><ele>152.9</ele><time>2025-05-02T12:37:12.000Z</time></trkpt>
      <trkpt lat="52.729526" lon="-1.366795"><ele>152.9</ele><time>2025-05-02T12:37:13.000Z</time></trkpt>
      <trkpt lat="52.729529" lon="-1.366795"><ele>152.9</ele><time>2025-05-02T12:37:14.000Z</time></trkpt>
      <trkpt lat="52.729530" lon="-1.366795"><ele>152.8</ele><time>2025-05-02T12:37:15.000Z</time></trkpt>
      <trkpt lat="52.729532" lon="-1.366796"><ele>152.8</ele><time>2025-05-02T12:37:16.000Z</time></trkpt>
      <trkpt lat="52.729539" lon="-1.366797"><ele>152.8</ele><time>2025-05-02T12:37:17.000Z</time></trkpt>
      <trkpt lat="52.729550" lon="-1.366798"><ele>152.8</ele><time>2025-05-02T12:37:18.000Z</time></trkpt>
      <trkpt lat="52.729564" lon="-1.366799"><ele>152.8</ele><time>2025-05-02T12:37:19.000Z</time></trkpt>
      <trkpt lat="52.729579" lon="-1.366798"><ele>152.8</ele><time>2025-05-02T12:37:20.000Z</time></trkpt>
      <trkpt lat="52.729595" lon="-1.366795"><ele>152.8</ele><time>2025-05-02T12:37:21.000Z</time></trkpt>
      <trkpt lat="52.729610" lon="-1.366790"><ele>152.8</ele><time>2025-05-02T12:37:22.000Z</time></trkpt>
      <trkpt lat="52.729624" lon="-1.366780"><ele>152.8</ele><time>2025-05-02T12:37:23.000Z</time></trkpt>
      <trkpt lat="52.729636" lon="-1.366766"><ele>152.9</ele><time>2025-05-02T12:37:24.000Z</time></trkpt>
      <trkpt lat="52.729646" lon="-1.366749"><ele>152.9</ele><time>2025-05-02T12:37:25.000Z</time></trkpt>
      <trkpt lat="52.729655" lon="-1.366731"><ele>152.9</ele><time>2025-05-02T12:37:26.000Z</time></trkpt>
      <trkpt lat="52.729663" lon="-1.366711"><ele>153.0</ele><time>2025-05-02T12:37:27.000Z</time></trkpt>
      <trkpt lat="52.729669" lon="-1.366690"><ele>153.1</ele><time>2025-05-02T12:37:28.000Z</time></trkpt>
      <trkpt lat="52.729673" lon="-1.366667"><ele>153.1</ele><time>2025-05-02T12:37:29.000Z</time></trkpt>
      <trkpt lat="52.729675" lon="-1.366644"><ele>153.2</ele><time>2025-05-02T12:37:30.000Z</time></trkpt>
      <trkpt lat="52.729674" lon="-1.366621"><ele>153.3</ele><time>2025-05-02T12:37:31.000Z</time></trkpt>
      <trkpt lat="52.729673" lon="-1.366598"><ele>153.3</ele><time>2025-05-02T12:37:32.000Z</time></trkpt>
      <trkpt lat="52.729671" lon="-1.366575"><ele>153.4</ele><time>2025-05-02T12:37:33.000Z</time></trkpt>
      <trkpt lat="52.729670" lon="-1.366552"><ele>153.5</ele><time>2025-05-02T12:37:34.000Z</time></trkpt>
      <trkpt lat="52.729669" lon="-1.366529"><ele>153.5</ele><time>2025-05-02T12:37:35.000Z</time></trkpt>
      <trkpt lat="52.729669" lon="-1.366507"><ele>153.6</ele><time>2025-05-02T12:37:36.000Z</time></trkpt>
      <trkpt lat="52.729669" lon="-1.366484"><ele>153.6</ele><time>2025-05-02T12:37:37.000Z</time></trkpt>
      <trkpt lat="52.729669" lon="-1.366462"><ele>153.7</ele><time>2025-05-02T12:37:38.000Z</time></trkpt>
      <trkpt lat="52.729669" lon="-1.366439"><ele>153.7</ele><time>2025-05-02T12:37:39.000Z</time></trkpt>
      <trkpt lat="52.729669" lon="-1.366416"><ele>153.8</ele><time>2025-05-02T12:37:40.000Z</time></trkpt>
      <trkpt lat="52.729669" lon="-1.366394"><ele>153.8</ele><time>2025-05-02T12:37:41.000Z</time></trkpt>
      <trkpt lat="52.729668" lon="-1.366371"><ele>153.8</ele><time>2025-05-02T12:37:42.000Z</time></trkpt>
      <trkpt lat="52.729667" lon="-1.366349"><ele>153.9</ele><time>2025-05-02T12:37:43.000Z</time></trkpt>
      <trkpt lat="52.729665" lon="-1.366326"><ele>153.9</ele><time>2025-05-02T12:37:44.000Z</time></trkpt>
      <trkpt lat="52.729662" lon="-1.366304"><ele>153.9</ele><time>2025-05-02T12:37:45.000Z</time></trkpt>
      <trkpt lat="52.729658" lon="-1.366281"><ele>154.0</ele><time>2025-05-02T12:37:46.000Z</time></trkpt>
      <trkpt lat="52.729653" lon="-1.366260"><ele>154.0</ele><time>2025-05-02T12:37:47.000Z</time></trkpt>
      <trkpt lat="52.729647" lon="-1.366238"><ele>154.0</ele><time>2025-05-02T12:37:48.000Z</time></trkpt>
      <trkpt lat="52.729640" lon="-1.366218"><ele>154.1</ele><time>2025-05-02T12:37:49.000Z</time></trkpt>
      <trkpt lat="52.729634" lon="-1.366197"><ele>154.1</ele><time>2025-05-02T12:37:50.000Z</time></trkpt>
      <trkpt lat="52.729626" lon="-1.366177"><ele>154.1</ele><time>2025-05-02T12:37:51.000Z</time></trkpt>
      <trkpt lat="52.729618" lon="-1.366158"><ele>154.2</ele><time>2025-05-02T12:37:52.000Z</time></trkpt>
      <trkpt lat="52.729610" lon="-1.366139"><ele>154.2</ele><time>2025-05-02T12:37:53.000Z</time></trkpt>
      <trkpt lat="52.729601" lon="-1.366121"><ele>154.2</ele><time>2025-05-02T12:37:54.000Z</time></trkpt>
      <trkpt lat="52.729592" lon="-1.366104"><ele>154.3</ele><time>2025-05-02T12:37:55.000Z</time></trkpt>
      <trkpt lat="52.729583" lon="-1.366087"><ele>154.3</ele><time>2025-05-02T12:37:56.000Z</time></trkpt>
      <trkpt lat="52.729573" lon="-1.366071"><ele>154.3</ele><time>2025-05-02T12:37:57.000Z</time></trkpt>
      <trkpt lat="52.729564" lon="-1.366056"><ele>154.4</ele><time>2025-05-02T12:37:58.000Z</time></trkpt>
      <trkpt lat="52.729554" lon="-1.366041"><ele>154.5</ele><time>2025-05-02T12:37:59.000Z</time></trkpt>
      <trkpt lat="52.729544" lon="-1.366026"><ele>154.6</ele><time>2025-05-02T12:38:00.000Z</time></trkpt>
      <trkpt lat="52.729535" lon="-1.366010"><ele>154.7</ele><time>2025-05-02T12:38:01.000Z</time></trkpt>
      <trkpt lat="52.729525" lon="-1.365994"><ele>154.7</ele><time>2025-05-02T12:38:02.000Z</time></trkpt>
      <trkpt lat="52.729516" lon="-1.365978"><ele>154.8</ele><time>2025-05-02T12:38:03.000Z</time></trkpt>
      <trkpt lat="52.729507" lon="-1.365962"><ele>154.9</ele><time>2025-05-02T12:38:04.000Z</time></trkpt>
      <trkpt lat="52.729498" lon="-1.365946"><ele>155.0</ele><time>2025-05-02T12:38:05.000Z</time></trkpt>
      <trkpt lat="52.729488" lon="-1.365931"><ele>155.0</ele><time>2025-05-02T12:38:06.000Z</time></trkpt>
      <trkpt lat="52.729478" lon="-1.365916"><ele>155.1</ele><time>2025-05-02T12:38:07.000Z</time></trkpt>
      <trkpt lat="52.729469" lon="-1.365901"><ele>155.2</ele><time>2025-05-02T12:38:08.000Z</time></trkpt>
      <trkpt lat="52.729460" lon="-1.365886"><ele>155.3</ele><time>2025-05-02T12:38:09.000Z</time></trkpt>
      <trkpt lat="52.729452" lon="-1.365870"><ele>155.4</ele><time>2025-05-02T12:38:10.000Z</time></trkpt>
      <trkpt lat="52.729444" lon="-1.365854"><ele>155.5</ele><time>2025-05-02T12:38:11.000Z</time></trkpt>
      <trkpt lat="52.729438" lon="-1.365840"><ele>155.6</ele><time>2025-05-02T12:38:12.000Z</time></trkpt>
      <trkpt lat="52.729436" lon="-1.365828"><ele>155.6</ele><time>2025-05-02T12:38:13.000Z</time></trkpt>
      <trkpt lat="52.729440" lon="-1.365820"><ele>155.7</ele><time>2025-05-02T12:38:14.000Z</time></trkpt>
      <trkpt lat="52.729449" lon="-1.365813"><ele>155.8</ele><time>2025-05-02T12:38:15.000Z</time></trkpt>
      <trkpt lat="52.729460" lon="-1.365802"><ele>155.8</ele><time>2025-05-02T12:38:16.000Z</time></trkpt>
      <trkpt lat="52.729471" lon="-1.365788"><ele>155.9</ele><time>2025-05-02T12:38:17.000Z</time></trkpt>
      <trkpt lat="52.729481" lon="-1.365774"><ele>155.9</ele><time>2025-05-02T12:38:18.000Z</time></trkpt>
      <trkpt lat="52.729488" lon="-1.365763"><ele>156.0</ele><time>2025-05-02T12:38:19.000Z</time></trkpt>
      <trkpt lat="52.729490" lon="-1.365754"><ele>156.0</ele><time>2025-05-02T12:38:20.000Z</time></trkpt>
      <trkpt lat="52.729488" lon="-1.365750"><ele>156.0</ele><time>2025-05-02T12:38:21.000Z</time></trkpt>
      <trkpt lat="52.729482" lon="-1.365752"><ele>156.1</ele><time>2025-05-02T12:38:22.000Z</time></trkpt>
      <trkpt lat="52.729473" lon="-1.365759"><ele>156.1</ele><time>2025-05-02T12:38:23.000Z</time></trkpt>
      <trkpt lat="52.729466" lon="-1.365767"><ele>156.1</ele><time>2025-05-02T12:38:24.000Z</time></trkpt>
      <trkpt lat="52.729459" lon="-1.365778"><ele>156.1</ele><time>2025-05-02T12:38:25.000Z</time></trkpt>
      <trkpt lat="52.729449" lon="-1.365793"><ele>156.1</ele><time>2025-05-02T12:38:26.000Z</time></trkpt>
      <trkpt lat="52.729438" lon="-1.365808"><ele>156.1</ele><time>2025-05-02T12:38:27.000Z</time></trkpt>
      <trkpt lat="52.729428" lon="-1.365822"><ele>156.1</ele><time>2025-05-02T12:38:28.000Z</time></trkpt>
      <trkpt lat="52.729418" lon="-1.365832"><ele>156.1</ele><time>2025-05-02T12:38:29.000Z</time></trkpt>
      <trkpt lat="52.729410" lon="-1.365835"><ele>156.1</ele><time>2025-05-02T12:38:30.000Z</time></trkpt>
      <trkpt lat="52.729401" lon="-1.365832"><ele>156.1</ele><time>2025-05-02T12:38:31.000Z</time></trkpt>
      <trkpt lat="52.729391" lon="-1.365821"><ele>156.1</ele><time>2025-05-02T12:38:32.000Z</time></trkpt>
      <trkpt lat="52.729381" lon="-1.365803"><ele>156.1</ele><time>2025-05-02T12:38:33.000Z</time></trkpt>
      <trkpt lat="52.729371" lon="-1.365784"><ele>156.1</ele><time>2025-05-02T12:38:34.000Z</time></trkpt>
      <trkpt lat="52.729362" lon="-1.365764"><ele>156.0</ele><time>2025-05-02T12:38:35.000Z</time></trkpt>
      <trkpt lat="52.729353" lon="-1.365745"><ele>156.0</ele><time>2025-05-02T12:38:36.000Z</time></trkpt>
      <trkpt lat="52.729343" lon="-1.365728"><ele>156.0</ele><time>2025-05-02T12:38:37.000Z</time></trkpt>
      <trkpt lat="52.729333" lon="-1.365712"><ele>156.0</ele><time>2025-05-02T12:38:38.000Z</time></trkpt>
      <trkpt lat="52.729323" lon="-1.365696"><ele>156.0</ele><time>2025-05-02T12:38:39.000Z</time></trkpt>
      <trkpt lat="52.729313" lon="-1.365680"><ele>155.9</ele><time>2025-05-02T12:38:40.000Z</time></trkpt>
      <trkpt lat="52.729303" lon="-1.365666"><ele>155.9</ele><time>2025-05-02T12:38:41.000Z</time></trkpt>
      <trkpt lat="52.729293" lon="-1.365653"><ele>155.8</ele><time>2025-05-02T12:38:42.000Z</time></trkpt>
      <trkpt lat="52.729285" lon="-1.365644"><ele>155.8</ele><time>2025-05-02T12:38:43.000Z</time></trkpt>
      <trkpt lat="52.729278" lon="-1.365638"><ele>155.8</ele><time>2025-05-02T12:38:44.000Z</time></trkpt>
      <trkpt lat="52.729270" lon="-1.365633"><ele>155.8</ele><time>2025-05-02T12:38:45.000Z</time></trkpt>
      <trkpt lat="52.729264" lon="-1.365628"><ele>155.7</ele><time>2025-05-02T12:38:46.000Z</time></trkpt>
      <trkpt lat="52.729259" lon="-1.365621"><ele>155.8</ele><time>2025-05-02T12:38:47.000Z</time></trkpt>
      <trkpt lat="52.729257" lon="-1.365611"><ele>155.8</ele><time>2025-05-02T12:38:48.000Z</time></trkpt>
      <trkpt lat="52.729257" lon="-1.365599"><ele>155.8</ele><time>2025-05-02T12:38:49.000Z</time></trkpt>
      <trkpt lat="52.729259" lon="-1.365585"><ele>155.9</ele><time>2025-05-02T12:38:50.000Z</time></trkpt>
      <trkpt lat="52.729263" lon="-1.365570"><ele>155.9</ele><time>2025-05-02T12:38:51.000Z</time></trkpt>
      <trkpt lat="52.729266" lon="-1.365553"><ele>156.0</ele><time>2025-05-02T12:38:52.000Z</time></trkpt>
      <trkpt lat="52.729269" lon="-1.365537"><ele>156.0</ele><time>2025-05-02T12:38:53.000Z</time></trkpt>
      <trkpt lat="52.729270" lon="-1.365524"><ele>156.1</ele><time>2025-05-02T12:38:54.000Z</time></trkpt>
      <trkpt lat="52.729272" lon="-1.365512"><ele>156.2</ele><time>2025-05-02T12:38:55.000Z</time></trkpt>
      <trkpt lat="52.729275" lon="-1.365502"><ele>156.2</ele><time>2025-05-02T12:38:56.000Z</time></trkpt>
      <trkpt lat="52.729279" lon="-1.365493"><ele>156.3</ele><time>2025-05-02T12:38:57.000Z</time></trkpt>
      <trkpt lat="52.729284" lon="-1.365482"><ele>156.3</ele><time>2025-05-02T12:38:58.000Z</time></trkpt>
      <trkpt lat="52.729287" lon="-1.365468"><ele>156.3</ele><time>2025-05-02T12:38:59.000Z</time></trkpt>
      <trkpt lat="52.729289" lon="-1.365449"><ele>156.4</ele><time>2025-05-02T12:39:00.000Z</time></trkpt>
      <trkpt lat="52.729291" lon="-1.365426"><ele>156.4</ele><time>2025-05-02T12:39:01.000Z</time></trkpt>
      <trkpt lat="52.729292" lon="-1.365403"><ele>156.4</ele><time>2025-05-02T12:39:02.000Z</time></trkpt>
      <trkpt lat="52.729293" lon="-1.365381"><ele>156.4</ele><time>2025-05-02T12:39:03.000Z</time></trkpt>
      <trkpt lat="52.729295" lon="-1.365358"><ele>156.4</ele><time>2025-05-02T12:39:04.000Z</time></trkpt>
      <trkpt lat="52.729296" lon="-1.365335"><ele>156.4</ele><time>2025-05-02T12:39:05.000Z</time></trkpt>
      <trkpt lat="52.729298" lon="-1.365313"><ele>156.4</ele><time>2025-05-02T12:39:06.000Z</time></trkpt>
      <trkpt lat="52.729299" lon="-1.365289"><ele>156.4</ele><time>2025-05-02T12:39:07.000Z</time></trkpt>
      <trkpt lat="52.729300" lon="-1.365267"><ele>156.4</ele><time>2025-05-02T12:39:08.000Z</time></trkpt>
      <trkpt lat="52.729301" lon="-1.365244"><ele>156.4</ele><time>2025-05-02T12:39:09.000Z</time></trkpt>
      <trkpt lat="52.729302" lon="-1.365222"><ele>156.4</ele><time>2025-05-02T12:39:10.000Z</time></trkpt>
      <trkpt lat="52.729303" lon="-1.365199"><ele>156.4</ele><time>2025-05-02T12:39:11.000Z</time></trkpt>
      <trkpt lat="52.729304" lon="-1.365177"><ele>156.4</ele><time>2025-05-02T12:39:12.000Z</time></trkpt>
      <trkpt lat="52.729262" lon="-1.365595"><ele>156.6</ele><time>2025-05-02T12:47:43.000Z</time></trkpt>
      <trkpt lat="52.729250" lon="-1.365604"><ele>156.6</ele><time>2025-05-02T12:47:44.000Z</time></trkpt>
      <trkpt lat="52.729241" lon="-1.365614"><ele>156.7</ele><time>2025-05-02T12:47:45.000Z</time></trkpt>
      <trkpt lat="52.729235" lon="-1.365624"><ele>156.7</ele><time>2025-05-02T12:47:46.000Z</time></trkpt>
      <trkpt lat="52.729234" lon="-1.365635"><ele>156.7</ele><time>2025-05-02T12:47:47.000Z</time></trkpt>
      <trkpt lat="52.729236" lon="-1.365647"><ele>156.6</ele><time>2025-05-02T12:47:48.000Z</time></trkpt>
      <trkpt lat="52.729242" lon="-1.365662"><ele>156.6</ele><time>2025-05-02T12:47:49.000Z</time></trkpt>
      <trkpt lat="52.729252" lon="-1.365678"><ele>156.6</ele><time>2025-05-02T12:47:50.000Z</time></trkpt>
      <trkpt lat="52.729264" lon="-1.365692"><ele>156.6</ele><time>2025-05-02T12:47:51.000Z</time></trkpt>
      <trkpt lat="52.729277" lon="-1.365704"><ele>156.6</ele><time>2025-05-02T12:47:52.000Z</time></trkpt>
      <trkpt lat="52.729290" lon="-1.365715"><ele>156.6</ele><time>2025-05-02T12:47:53.000Z</time></trkpt>
      <trkpt lat="52.729302" lon="-1.365728"><ele>156.5</ele><time>2025-05-02T12:47:54.000Z</time></trkpt>
      <trkpt lat="52.729314" lon="-1.365741"><ele>156.5</ele><time>2025-05-02T12:47:55.000Z</time></trkpt>
      <trkpt lat="52.729325" lon="-1.365755"><ele>156.5</ele><time>2025-05-02T12:47:56.000Z</time></trkpt>
      <trkpt lat="52.729336" lon="-1.365769"><ele>156.4</ele><time>2025-05-02T12:47:57.000Z</time></trkpt>
      <trkpt lat="52.729346" lon="-1.365783"><ele>156.4</ele><time>2025-05-02T12:47:58.000Z</time></trkpt>
      <trkpt lat="52.729356" lon="-1.365796"><ele>156.4</ele><time>2025-05-02T12:47:59.000Z</time></trkpt>
      <trkpt lat="52.729366" lon="-1.365809"><ele>156.3</ele><time>2025-05-02T12:48:00.000Z</time></trkpt>
      <trkpt lat="52.729376" lon="-1.365821"><ele>156.3</ele><time>2025-05-02T12:48:01.000Z</time></trkpt>
      <trkpt lat="52.729385" lon="-1.365834"><ele>156.2</ele><time>2025-05-02T12:48:02.000Z</time></trkpt>
      <trkpt lat="52.729393" lon="-1.365847"><ele>156.2</ele><time>2025-05-02T12:48:03.000Z</time></trkpt>
      <trkpt lat="52.729402" lon="-1.365859"><ele>156.1</ele><time>2025-05-02T12:48:04.000Z</time></trkpt>
      <trkpt lat="52.729412" lon="-1.365869"><ele>156.0</ele><time>2025-05-02T12:48:05.000Z</time></trkpt>
      <trkpt lat="52.729423" lon="-1.365873"><ele>156.0</ele><time>2025-05-02T12:48:06.000Z</time></trkpt>
      <trkpt lat="52.729434" lon="-1.365867"><ele>155.9</ele><time>2025-05-02T12:48:07.000Z</time></trkpt>
      <trkpt lat="52.729443" lon="-1.365851"><ele>155.8</ele><time>2025-05-02T12:48:08.000Z</time></trkpt>
      <trkpt lat="52.729450" lon="-1.365832"><ele>155.7</ele><time>2025-05-02T12:48:09.000Z</time></trkpt>
      <trkpt lat="52.729455" lon="-1.365812"><ele>155.6</ele><time>2025-05-02T12:48:10.000Z</time></trkpt>
      <trkpt lat="52.729459" lon="-1.365796"><ele>155.5</ele><time>2025-05-02T12:48:11.000Z</time></trkpt>
      <trkpt lat="52.729462" lon="-1.365784"><ele>155.4</ele><time>2025-05-02T12:48:12.000Z</time></trkpt>
      <trkpt lat="52.729464" lon="-1.365778"><ele>155.4</ele><time>2025-05-02T12:48:13.000Z</time></trkpt>
      <trkpt lat="52.729464" lon="-1.365778"><ele>155.3</ele><time>2025-05-02T12:48:14.000Z</time></trkpt>
      <trkpt lat="52.729463" lon="-1.365785"><ele>155.2</ele><time>2025-05-02T12:48:15.000Z</time></trkpt>
      <trkpt lat="52.729457" lon="-1.365798"><ele>155.1</ele><time>2025-05-02T12:48:16.000Z</time></trkpt>
      <trkpt lat="52.729449" lon="-1.365814"><ele>155.0</ele><time>2025-05-02T12:48:17.000Z</time></trkpt>
      <trkpt lat="52.729440" lon="-1.365831"><ele>154.9</ele><time>2025-05-02T12:48:18.000Z</time></trkpt>
      <trkpt lat="52.729432" lon="-1.365847"><ele>154.9</ele><time>2025-05-02T12:48:19.000Z</time></trkpt>
      <trkpt lat="52.729425" lon="-1.365863"><ele>154.8</ele><time>2025-05-02T12:48:20.000Z</time></trkpt>
      <trkpt lat="52.729419" lon="-1.365881"><ele>154.7</ele><time>2025-05-02T12:48:21.000Z</time></trkpt>
      <trkpt lat="52.729418" lon="-1.365901"><ele>154.7</ele><time>2025-05-02T12:48:22.000Z</time></trkpt>
      <trkpt lat="52.729423" lon="-1.365920"><ele>154.6</ele><time>2025-05-02T12:48:23.000Z</time></trkpt>
      <trkpt lat="52.729435" lon="-1.365936"><ele>154.6</ele><time>2025-05-02T12:48:24.000Z</time></trkpt>
      <trkpt lat="52.729448" lon="-1.365947"><ele>154.5</ele><time>2025-05-02T12:48:25.000Z</time></trkpt>
      <trkpt lat="52.729461" lon="-1.365959"><ele>154.5</ele><time>2025-05-02T12:48:26.000Z</time></trkpt>
      <trkpt lat="52.729474" lon="-1.365971"><ele>154.4</ele><time>2025-05-02T12:48:27.000Z</time></trkpt>
      <trkpt lat="52.729485" lon="-1.365984"><ele>154.4</ele><time>2025-05-02T12:48:28.000Z</time></trkpt>
      <trkpt lat="52.729496" lon="-1.365999"><ele>154.3</ele><time>2025-05-02T12:48:29.000Z</time></trkpt>
      <trkpt lat="52.729506" lon="-1.366014"><ele>154.3</ele><time>2025-05-02T12:48:30.000Z</time></trkpt>
      <trkpt lat="52.729517" lon="-1.366030"><ele>154.2</ele><time>2025-05-02T12:48:31.000Z</time></trkpt>
      <trkpt lat="52.729527" lon="-1.366045"><ele>154.2</ele><time>2025-05-02T12:48:32.000Z</time></trkpt>
      <trkpt lat="52.729537" lon="-1.366060"><ele>154.1</ele><time>2025-05-02T12:48:33.000Z</time></trkpt>
      <trkpt lat="52.729547" lon="-1.366075"><ele>154.1</ele><time>2025-05-02T12:48:34.000Z</time></trkpt>
      <trkpt lat="52.729557" lon="-1.366090"><ele>154.0</ele><time>2025-05-02T12:48:35.000Z</time></trkpt>
      <trkpt lat="52.729567" lon="-1.366105"><ele>153.9</ele><time>2025-05-02T12:48:36.000Z</time></trkpt>
      <trkpt lat="52.729577" lon="-1.366120"><ele>153.8</ele><time>2025-05-02T12:48:37.000Z</time></trkpt>
      <trkpt lat="52.729586" lon="-1.366136"><ele>153.8</ele><time>2025-05-02T12:48:38.000Z</time></trkpt>
      <trkpt lat="52.729595" lon="-1.366153"><ele>153.7</ele><time>2025-05-02T12:48:39.000Z</time></trkpt>
      <trkpt lat="52.729604" lon="-1.366170"><ele>153.6</ele><time>2025-05-02T12:48:40.000Z</time></trkpt>
      <trkpt lat="52.729612" lon="-1.366188"><ele>153.6</ele><time>2025-05-02T12:48:41.000Z</time></trkpt>
      <trkpt lat="52.729619" lon="-1.366207"><ele>153.5</ele><time>2025-05-02T12:48:42.000Z</time></trkpt>
      <trkpt lat="52.729624" lon="-1.366227"><ele>153.4</ele><time>2025-05-02T12:48:43.000Z</time></trkpt>
      <trkpt lat="52.729630" lon="-1.366247"><ele>153.4</ele><time>2025-05-02T12:48:44.000Z</time></trkpt>
      <trkpt lat="52.729635" lon="-1.366268"><ele>153.3</ele><time>2025-05-02T12:48:45.000Z</time></trkpt>
      <trkpt lat="52.729640" lon="-1.366288"><ele>153.2</ele><time>2025-05-02T12:48:46.000Z</time></trkpt>
      <trkpt lat="52.729644" lon="-1.366309"><ele>153.2</ele><time>2025-05-02T12:48:47.000Z</time></trkpt>
      <trkpt lat="52.729647" lon="-1.366330"><ele>153.2</ele><time>2025-05-02T12:48:48.000Z</time></trkpt>
      <trkpt lat="52.729649" lon="-1.366352"><ele>153.1</ele><time>2025-05-02T12:48:49.000Z</time></trkpt>
      <trkpt lat="52.729651" lon="-1.366373"><ele>153.1</ele><time>2025-05-02T12:48:50.000Z</time></trkpt>
      <trkpt lat="52.729652" lon="-1.366395"><ele>153.0</ele><time>2025-05-02T12:48:51.000Z</time></trkpt>
      <trkpt lat="52.729653" lon="-1.366416"><ele>153.0</ele><time>2025-05-02T12:48:52.000Z</time></trkpt>
      <trkpt lat="52.729653" lon="-1.366438"><ele>153.0</ele><time>2025-05-02T12:48:53.000Z</time></trkpt>
      <trkpt lat="52.729653" lon="-1.366460"><ele>153.0</ele><time>2025-05-02T12:48:54.000Z</time></trkpt>
      <trkpt lat="52.729653" lon="-1.366482"><ele>152.9</ele><time>2025-05-02T12:48:55.000Z</time></trkpt>
      <trkpt lat="52.729653" lon="-1.366503"><ele>152.9</ele><time>2025-05-02T12:48:56.000Z</time></trkpt>
      <trkpt lat="52.729653" lon="-1.366525"><ele>152.9</ele><time>2025-05-02T12:48:57.000Z</time></trkpt>
      <trkpt lat="52.729654" lon="-1.366547"><ele>152.9</ele><time>2025-05-02T12:48:58.000Z</time></trkpt>
      <trkpt lat="52.729655" lon="-1.366569"><ele>152.9</ele><time>2025-05-02T12:48:59.000Z</time></trkpt>
      <trkpt lat="52.729656" lon="-1.366591"><ele>152.9</ele><time>2025-05-02T12:49:00.000Z</time></trkpt>
      <trkpt lat="52.729658" lon="-1.366612"><ele>152.9</ele><time>2025-05-02T12:49:01.000Z</time></trkpt>
      <trkpt lat="52.729658" lon="-1.366634"><ele>152.9</ele><time>2025-05-02T12:49:02.000Z</time></trkpt>
      <trkpt lat="52.729659" lon="-1.366656"><ele>152.9</ele><time>2025-05-02T12:49:03.000Z</time></trkpt>
      <trkpt lat="52.729660" lon="-1.366678"><ele>152.8</ele><time>2025-05-02T12:49:04.000Z</time></trkpt>
      <trkpt lat="52.729661" lon="-1.366699"><ele>152.8</ele><time>2025-05-02T12:49:05.000Z</time></trkpt>
      <trkpt lat="52.729663" lon="-1.366721"><ele>152.8</ele><time>2025-05-02T12:49:06.000Z</time></trkpt>
      <trkpt lat="52.729666" lon="-1.366742"><ele>152.7</ele><time>2025-05-02T12:49:07.000Z</time></trkpt>
      <trkpt lat="52.729671" lon="-1.366762"><ele>152.7</ele><time>2025-05-02T12:49:08.000Z</time></trkpt>
      <trkpt lat="52.729677" lon="-1.366781"><ele>152.7</ele><time>2025-05-02T12:49:09.000Z</time></trkpt>
      <trkpt lat="52.729686" lon="-1.366798"><ele>152.6</ele><time>2025-05-02T12:49:10.000Z</time></trkpt>
      <trkpt lat="52.729697" lon="-1.366811"><ele>152.6</ele><time>2025-05-02T12:49:11.000Z</time></trkpt>
      <trkpt lat="52.729710" lon="-1.366820"><ele>152.5</ele><time>2025-05-02T12:49:12.000Z</time></trkpt>
      <trkpt lat="52.729724" lon="-1.366824"><ele>152.5</ele><time>2025-05-02T12:49:13.000Z</time></trkpt>
      <trkpt lat="52.729738" lon="-1.366825"><ele>152.4</ele><time>2025-05-02T12:49:14.000Z</time></trkpt>
      <trkpt lat="52.729752" lon="-1.366826"><ele>152.3</ele><time>2025-05-02T12:49:15.000Z</time></trkpt>
      <trkpt lat="52.729765" lon="-1.366827"><ele>152.3</ele><time>2025-05-02T12:49:16.000Z</time></trkpt>
      <trkpt lat="52.729779" lon="-1.366829"><ele>152.2</ele><time>2025-05-02T12:49:17.000Z</time></trkpt>
      <trkpt lat="52.729792" lon="-1.366832"><ele>152.1</ele><time>2025-05-02T12:49:18.000Z</time></trkpt>
      <trkpt lat="52.729805" lon="-1.366836"><ele>152.1</ele><time>2025-05-02T12:49:19.000Z</time></trkpt>
      <trkpt lat="52.729819" lon="-1.366839"><ele>152.0</ele><time>2025-05-02T12:49:20.000Z</time></trkpt>
      <trkpt lat="52.729832" lon="-1.366842"><ele>151.9</ele><time>2025-05-02T12:49:21.000Z</time></trkpt>
      <trkpt lat="52.729845" lon="-1.366844"><ele>151.8</ele><time>2025-05-02T12:49:22.000Z</time></trkpt>
      <trkpt lat="52.729858" lon="-1.366848"><ele>151.7</ele><time>2025-05-02T12:49:23.000Z</time></trkpt>
      <trkpt lat="52.729871" lon="-1.366853"><ele>151.6</ele><time>2025-05-02T12:49:24.000Z</time></trkpt>
      <trkpt lat="52.729884" lon="-1.366858"><ele>151.5</ele><time>2025-05-02T12:49:25.000Z</time></trkpt>
      <trkpt lat="52.729896" lon="-1.366862"><ele>151.4</ele><time>2025-05-02T12:49:26.000Z</time></trkpt>
      <trkpt lat="52.729908" lon="-1.366866"><ele>151.4</ele><time>2025-05-02T12:49:27.000Z</time></trkpt>
      <trkpt lat="52.729920" lon="-1.366869"><ele>151.3</ele><time>2025-05-02T12:49:28.000Z</time></trkpt>
      <trkpt lat="52.729931" lon="-1.366874"><ele>151.2</ele><time>2025-05-02T12:49:29.000Z</time></trkpt>
      <trkpt lat="52.729945" lon="-1.366879"><ele>151.1</ele><time>2025-05-02T12:49:30.000Z</time></trkpt>
      <trkpt lat="52.729959" lon="-1.366884"><ele>151.0</ele><time>2025-05-02T12:49:31.000Z</time></trkpt>
      <trkpt lat="52.729973" lon="-1.366889"><ele>150.9</ele><time>2025-05-02T12:49:32.000Z</time></trkpt>
      <trkpt lat="52.729986" lon="-1.366896"><ele>150.8</ele><time>2025-05-02T12:49:33.000Z</time></trkpt>
      <trkpt lat="52.729999" lon="-1.366902"><ele>150.8</ele><time>2025-05-02T12:49:34.000Z</time></trkpt>
      <trkpt lat="52.730013" lon="-1.366908"><ele>150.7</ele><time>2025-05-02T12:49:35.000Z</time></trkpt>
      <trkpt lat="52.730026" lon="-1.366913"><ele>150.7</ele><time>2025-05-02T12:49:36.000Z</time></trkpt>
      <trkpt lat="52.730040" lon="-1.366915"><ele>150.6</ele><time>2025-05-02T12:49:37.000Z</time></trkpt>
      <trkpt lat="52.730053" lon="-1.366918"><ele>150.6</ele><time>2025-05-02T12:49:38.000Z</time></trkpt>
      <trkpt lat="52.730067" lon="-1.366921"><ele>150.5</ele><time>2025-05-02T12:49:39.000Z</time></trkpt>
      <trkpt lat="52.730080" lon="-1.366925"><ele>150.5</ele><time>2025-05-02T12:49:40.000Z</time></trkpt>
      <trkpt lat="52.730093" lon="-1.366930"><ele>150.5</ele><time>2025-05-02T12:49:41.000Z</time></trkpt>
      <trkpt lat="52.730107" lon="-1.366934"><ele>150.5</ele><time>2025-05-02T12:49:42.000Z</time></trkpt>
      <trkpt lat="52.730120" lon="-1.366937"><ele>150.4</ele><time>2025-05-02T12:49:43.000Z</time></trkpt>
      <trkpt lat="52.730133" lon="-1.366939"><ele>150.4</ele><time>2025-05-02T12:49:44.000Z</time></trkpt>
      <trkpt lat="52.730146" lon="-1.366940"><ele>150.4</ele><time>2025-05-02T12:49:45.000Z</time></trkpt>
      <trkpt lat="52.730160" lon="-1.366942"><ele>150.4</ele><time>2025-05-02T12:49:46.000Z</time></trkpt>
      <trkpt lat="52.730173" lon="-1.366943"><ele>150.4</ele><time>2025-05-02T12:49:47.000Z</time></trkpt>
      <trkpt lat="52.730187" lon="-1.366944"><ele>150.4</ele><time>2025-05-02T12:49:48.000Z</time></trkpt>
      <trkpt lat="52.730200" lon="-1.366946"><ele>150.4</ele><time>2025-05-02T12:49:49.000Z</time></trkpt>
      <trkpt lat="52.730213" lon="-1.366949"><ele>150.4</ele><time>2025-05-02T12:49:50.000Z</time></trkpt>
      <trkpt lat="52.730226" lon="-1.366951"><ele>150.3</ele><time>2025-05-02T12:49:51.000Z</time></trkpt>
      <trkpt lat="52.730240" lon="-1.366955"><ele>150.3</ele><time>2025-05-02T12:49:52.000Z</time></trkpt>
      <trkpt lat="52.730253" lon="-1.366961"><ele>150.3</ele><time>2025-05-02T12:49:53.000Z</time></trkpt>
      <trkpt lat="52.730266" lon="-1.366967"><ele>150.3</ele><time>2025-05-02T12:49:54.000Z</time></trkpt>
      <trkpt lat="52.730279" lon="-1.366971"><ele>150.2</ele><time>2025-05-02T12:49:55.000Z</time></trkpt>
      <trkpt lat="52.730293" lon="-1.366974"><ele>150.1</ele><time>2025-05-02T12:49:56.000Z</time></trkpt>
      <trkpt lat="52.730306" lon="-1.366976"><ele>150.1</ele><time>2025-05-02T12:49:57.000Z</time></trkpt>
      <trkpt lat="52.730319" lon="-1.366979"><ele>150.0</ele><time>2025-05-02T12:49:58.000Z</time></trkpt>
      <trkpt lat="52.730333" lon="-1.366982"><ele>149.9</ele><time>2025-05-02T12:49:59.000Z</time></trkpt>
      <trkpt lat="52.730346" lon="-1.366985"><ele>149.8</ele><time>2025-05-02T12:50:00.000Z</time></trkpt>
      <trkpt lat="52.730360" lon="-1.366987"><ele>149.8</ele><time>2025-05-02T12:50:01.000Z</time></trkpt>
      <trkpt lat="52.730373" lon="-1.366988"><ele>149.7</ele><time>2025-05-02T12:50:02.000Z</time></trkpt>
      <trkpt lat="52.730386" lon="-1.366987"><ele>149.6</ele><time>2025-05-02T12:50:03.000Z</time></trkpt>
      <trkpt lat="52.730399" lon="-1.366986"><ele>149.5</ele><time>2025-05-02T12:50:04.000Z</time></trkpt>
      <trkpt lat="52.730412" lon="-1.366984"><ele>149.4</ele><time>2025-05-02T12:50:05.000Z</time></trkpt>
      <trkpt lat="52.730425" lon="-1.366981"><ele>149.3</ele><time>2025-05-02T12:50:06.000Z</time></trkpt>
      <trkpt lat="52.730438" lon="-1.366979"><ele>149.2</ele><time>2025-05-02T12:50:07.000Z</time></trkpt>
      <trkpt lat="52.730452" lon="-1.366976"><ele>149.1</ele><time>2025-05-02T12:50:08.000Z</time></trkpt>
      <trkpt lat="52.730465" lon="-1.366974"><ele>149.0</ele><time>2025-05-02T12:50:09.000Z</time></trkpt>
      <trkpt lat="52.730479" lon="-1.366970"><ele>148.9</ele><time>2025-05-02T12:50:10.000Z</time></trkpt>
      <trkpt lat="52.730492" lon="-1.366965"><ele>148.8</ele><time>2025-05-02T12:50:11.000Z</time></trkpt>
      <trkpt lat="52.730506" lon="-1.366961"><ele>148.7</ele><time>2025-05-02T12:50:12.000Z</time></trkpt>
      <trkpt lat="52.730520" lon="-1.366956"><ele>148.6</ele><time>2025-05-02T12:50:13.000Z</time></trkpt>
      <trkpt lat="52.730534" lon="-1.366951"><ele>148.5</ele><time>2025-05-02T12:50:14.000Z</time></trkpt>
      <trkpt lat="52.730548" lon="-1.366946"><ele>148.5</ele><time>2025-05-02T12:50:15.000Z</time></trkpt>
      <trkpt lat="52.730562" lon="-1.366940"><ele>148.4</ele><time>2025-05-02T12:50:16.000Z</time></trkpt>
      <trkpt lat="52.730575" lon="-1.366932"><ele>148.3</ele><time>2025-05-02T12:50:17.000Z</time></trkpt>
      <trkpt lat="52.730589" lon="-1.366925"><ele>148.2</ele><time>2025-05-02T12:50:18.000Z</time></trkpt>
      <trkpt lat="52.730603" lon="-1.366917"><ele>148.2</ele><time>2025-05-02T12:50:19.000Z</time></trkpt>
      <trkpt lat="52.730616" lon="-1.366910"><ele>148.1</ele><time>2025-05-02T12:50:20.000Z</time></trkpt>
      <trkpt lat="52.730630" lon="-1.366903"><ele>148.0</ele><time>2025-05-02T12:50:21.000Z</time></trkpt>
      <trkpt lat="52.730644" lon="-1.366895"><ele>148.0</ele><time>2025-05-02T12:50:22.000Z</time></trkpt>
      <trkpt lat="52.730657" lon="-1.366887"><ele>147.9</ele><time>2025-05-02T12:50:23.000Z</time></trkpt>
      <trkpt lat="52.730671" lon="-1.366878"><ele>147.9</ele><time>2025-05-02T12:50:24.000Z</time></trkpt>
      <trkpt lat="52.730685" lon="-1.366870"><ele>147.8</ele><time>2025-05-02T12:50:25.000Z</time></trkpt>
      <trkpt lat="52.730698" lon="-1.366860"><ele>147.8</ele><time>2025-05-02T12:50:26.000Z</time></trkpt>
      <trkpt lat="52.730710" lon="-1.366847"><ele>147.8</ele><time>2025-05-02T12:50:27.000Z</time></trkpt>
      <trkpt lat="52.730722" lon="-1.366832"><ele>147.8</ele><time>2025-05-02T12:50:28.000Z</time></trkpt>
      <trkpt lat="52.730733" lon="-1.366816"><ele>147.8</ele><time>2025-05-02T12:50:29.000Z</time></trkpt>
      <trkpt lat="52.730744" lon="-1.366801"><ele>147.8</ele><time>2025-05-02T12:50:30.000Z</time></trkpt>
      <trkpt lat="52.730754" lon="-1.366784"><ele>147.8</ele><time>2025-05-02T12:50:31.000Z</time></trkpt>
      <trkpt lat="52.730764" lon="-1.366767"><ele>147.8</ele><time>2025-05-02T12:50:32.000Z</time></trkpt>
      <trkpt lat="52.730774" lon="-1.366749"><ele>147.8</ele><time>2025-05-02T12:50:33.000Z</time></trkpt>
      <trkpt lat="52.730782" lon="-1.366731"><ele>147.8</ele><time>2025-05-02T12:50:34.000Z</time></trkpt>
      <trkpt lat="52.730791" lon="-1.366712"><ele>147.8</ele><time>2025-05-02T12:50:35.000Z</time></trkpt>
      <trkpt lat="52.730798" lon="-1.366692"><ele>147.9</ele><time>2025-05-02T12:50:36.000Z</time></trkpt>
      <trkpt lat="52.730804" lon="-1.366672"><ele>147.9</ele><time>2025-05-02T12:50:37.000Z</time></trkpt>
      <trkpt lat="52.730810" lon="-1.366651"><ele>147.9</ele><time>2025-05-02T12:50:38.000Z</time></trkpt>
      <trkpt lat="52.730814" lon="-1.366630"><ele>147.9</ele><time>2025-05-02T12:50:39.000Z</time></trkpt>
      <trkpt lat="52.730817" lon="-1.366609"><ele>147.9</ele><time>2025-05-02T12:50:40.000Z</time></trkpt>
      <trkpt lat="52.730819" lon="-1.366587"><ele>147.9</ele><time>2025-05-02T12:50:41.000Z</time></trkpt>
      <trkpt lat="52.730819" lon="-1.366566"><ele>147.9</ele><time>2025-05-02T12:50:42.000Z</time></trkpt>
      <trkpt lat="52.730819" lon="-1.366547"><ele>147.9</ele><time>2025-05-02T12:50:43.000Z</time></trkpt>
      <trkpt lat="52.730820" lon="-1.366528"><ele>147.9</ele><time>2025-05-02T12:50:44.000Z</time></trkpt>
      <trkpt lat="52.730823" lon="-1.366511"><ele>147.9</ele><time>2025-05-02T12:50:45.000Z</time></trkpt>
      <trkpt lat="52.730826" lon="-1.366499"><ele>147.9</ele><time>2025-05-02T12:50:46.000Z</time></trkpt>
      <trkpt lat="52.730827" lon="-1.366497"><ele>147.8</ele><time>2025-05-02T12:50:47.000Z</time></trkpt>
      <trkpt lat="52.730827" lon="-1.366503"><ele>147.8</ele><time>2025-05-02T12:50:48.000Z</time></trkpt>
      <trkpt lat="52.730826" lon="-1.366510"><ele>147.8</ele><time>2025-05-02T12:50:49.000Z</time></trkpt>
      <trkpt lat="52.730826" lon="-1.366515"><ele>147.8</ele><time>2025-05-02T12:50:50.000Z</time></trkpt>
      <trkpt lat="52.730825" lon="-1.366517"><ele>147.7</ele><time>2025-05-02T12:50:51.000Z</time></trkpt>
      <trkpt lat="52.730825" lon="-1.366519"><ele>147.7</ele><time>2025-05-02T12:50:52.000Z</time></trkpt>
      <trkpt lat="52.730824" lon="-1.366519"><ele>147.7</ele><time>2025-05-02T12:50:53.000Z</time></trkpt>
      <trkpt lat="52.730824" lon="-1.366520"><ele>147.6</ele><time>2025-05-02T12:50:54.000Z</time></trkpt>
      <trkpt lat="52.730824" lon="-1.366520"><ele>147.6</ele><time>2025-05-02T12:50:55.000Z</time></trkpt>
      <trkpt lat="52.730824" lon="-1.366519"><ele>147.5</ele><time>2025-05-02T12:50:56.000Z</time></trkpt>
      <trkpt lat="52.730827" lon="-1.366519"><ele>147.5</ele><time>2025-05-02T12:50:57.000Z</time></trkpt>
      <trkpt lat="52.730832" lon="-1.366517"><ele>147.4</ele><time>2025-05-02T12:50:58.000Z</time></trkpt>
      <trkpt lat="52.730842" lon="-1.366514"><ele>147.3</ele><time>2025-05-02T12:50:59.000Z</time></trkpt>
      <trkpt lat="52.730856" lon="-1.366510"><ele>147.2</ele><time>2025-05-02T12:51:00.000Z</time></trkpt>
      <trkpt lat="52.730872" lon="-1.366505"><ele>147.1</ele><time>2025-05-02T12:51:01.000Z</time></trkpt>
      <trkpt lat="52.730887" lon="-1.366499"><ele>147.0</ele><time>2025-05-02T12:51:02.000Z</time></trkpt>
      <trkpt lat="52.730900" lon="-1.366492"><ele>146.9</ele><time>2025-05-02T12:51:03.000Z</time></trkpt>
      <trkpt lat="52.730912" lon="-1.366484"><ele>146.8</ele><time>2025-05-02T12:51:04.000Z</time></trkpt>
      <trkpt lat="52.730922" lon="-1.366476"><ele>146.8</ele><time>2025-05-02T12:51:05.000Z</time></trkpt>
      <trkpt lat="52.730931" lon="-1.366468"><ele>146.7</ele><time>2025-05-02T12:51:06.000Z</time></trkpt>
      <trkpt lat="52.730938" lon="-1.366460"><ele>146.6</ele><time>2025-05-02T12:51:07.000Z</time></trkpt>
      <trkpt lat="52.730944" lon="-1.366453"><ele>146.5</ele><time>2025-05-02T12:51:08.000Z</time></trkpt>
      <trkpt lat="52.730949" lon="-1.366449"><ele>146.4</ele><time>2025-05-02T12:51:09.000Z</time></trkpt>
      <trkpt lat="52.730950" lon="-1.366447"><ele>146.4</ele><time>2025-05-02T12:51:10.000Z</time></trkpt>
      <trkpt lat="52.730952" lon="-1.366444"><ele>146.3</ele><time>2025-05-02T12:51:11.000Z</time></trkpt>
      <trkpt lat="52.730957" lon="-1.366436"><ele>146.2</ele><time>2025-05-02T12:51:12.000Z</time></trkpt>
      <trkpt lat="52.730966" lon="-1.366424"><ele>146.2</ele><time>2025-05-02T12:51:13.000Z</time></trkpt>
      <trkpt lat="52.730977" lon="-1.366415"><ele>146.1</ele><time>2025-05-02T12:51:14.000Z</time></trkpt>
      <trkpt lat="52.730990" lon="-1.366413"><ele>146.1</ele><time>2025-05-02T12:51:15.000Z</time></trkpt>
      <trkpt lat="52.731002" lon="-1.366419"><ele>146.0</ele><time>2025-05-02T12:51:16.000Z</time></trkpt>
      <trkpt lat="52.731014" lon="-1.366432"><ele>146.0</ele><time>2025-05-02T12:51:17.000Z</time></trkpt>
      <trkpt lat="52.731025" lon="-1.366448"><ele>145.9</ele><time>2025-05-02T12:51:18.000Z</time></trkpt>
      <trkpt lat="52.731037" lon="-1.366464"><ele>145.9</ele><time>2025-05-02T12:51:19.000Z</time></trkpt>
      <trkpt lat="52.731049" lon="-1.366479"><ele>145.8</ele><time>2025-05-02T12:51:20.000Z</time></trkpt>
      <trkpt lat="52.731062" lon="-1.366492"><ele>145.8</ele><time>2025-05-02T12:51:21.000Z</time></trkpt>
      <trkpt lat="52.731074" lon="-1.366501"><ele>145.7</ele><time>2025-05-02T12:51:22.000Z</time></trkpt>
      <trkpt lat="52.731086" lon="-1.366507"><ele>145.7</ele><time>2025-05-02T12:51:23.000Z</time></trkpt>
      <trkpt lat="52.731099" lon="-1.366512"><ele>145.6</ele><time>2025-05-02T12:51:24.000Z</time></trkpt>
      <trkpt lat="52.731112" lon="-1.366515"><ele>145.6</ele><time>2025-05-02T12:51:25.000Z</time></trkpt>
      <trkpt lat="52.731125" lon="-1.366518"><ele>145.6</ele><time>2025-05-02T12:51:26.000Z</time></trkpt>
      <trkpt lat="52.731138" lon="-1.366520"><ele>145.5</ele><time>2025-05-02T12:51:27.000Z</time></trkpt>
      <trkpt lat="52.731150" lon="-1.366521"><ele>145.5</ele><time>2025-05-02T12:51:28.000Z</time></trkpt>
      <trkpt lat="52.731161" lon="-1.366524"><ele>145.5</ele><time>2025-05-02T12:51:29.000Z</time></trkpt>
      <trkpt lat="52.731172" lon="-1.366529"><ele>145.5</ele><time>2025-05-02T12:51:30.000Z</time></trkpt>
      <trkpt lat="52.731178" lon="-1.366541"><ele>145.5</ele><time>2025-05-02T12:51:31.000Z</time></trkpt>
      <trkpt lat="52.731181" lon="-1.366561"><ele>145.5</ele><time>2025-05-02T12:51:32.000Z</time></trkpt>
      <trkpt lat="52.731183" lon="-1.366585"><ele>145.5</ele><time>2025-05-02T12:51:33.000Z</time></trkpt>
      <trkpt lat="52.731188" lon="-1.366607"><ele>145.5</ele><time>2025-05-02T12:51:34.000Z</time></trkpt>
      <trkpt lat="52.731195" lon="-1.366627"><ele>145.5</ele><time>2025-05-02T12:51:35.000Z</time></trkpt>
      <trkpt lat="52.731202" lon="-1.366646"><ele>145.5</ele><time>2025-05-02T12:51:36.000Z</time></trkpt>
      <trkpt lat="52.731209" lon="-1.366664"><ele>145.5</ele><time>2025-05-02T12:51:37.000Z</time></trkpt>
      <trkpt lat="52.731215" lon="-1.366681"><ele>145.5</ele><time>2025-05-02T12:51:38.000Z</time></trkpt>
      <trkpt lat="52.731222" lon="-1.366696"><ele>145.4</ele><time>2025-05-02T12:51:39.000Z</time></trkpt>
      <trkpt lat="52.731231" lon="-1.366709"><ele>145.4</ele><time>2025-05-02T12:51:40.000Z</time></trkpt>
      <trkpt lat="52.731242" lon="-1.366720"><ele>145.4</ele><time>2025-05-02T12:51:41.000Z</time></trkpt>
      <trkpt lat="52.731254" lon="-1.366731"><ele>145.3</ele><time>2025-05-02T12:51:42.000Z</time></trkpt>
      <trkpt lat="52.731265" lon="-1.366744"><ele>145.2</ele><time>2025-05-02T12:51:43.000Z</time></trkpt>
      <trkpt lat="52.731276" lon="-1.366759"><ele>145.2</ele><time>2025-05-02T12:51:44.000Z</time></trkpt>
      <trkpt lat="52.731286" lon="-1.366774"><ele>145.1</ele><time>2025-05-02T12:51:45.000Z</time></trkpt>
      <trkpt lat="52.731297" lon="-1.366788"><ele>145.0</ele><time>2025-05-02T12:51:46.000Z</time></trkpt>
      <trkpt lat="52.731309" lon="-1.366800"><ele>144.9</ele><time>2025-05-02T12:51:47.000Z</time></trkpt>
      <trkpt lat="52.731322" lon="-1.366810"><ele>144.8</ele><time>2025-05-02T12:51:48.000Z</time></trkpt>
      <trkpt lat="52.731335" lon="-1.366819"><ele>144.7</ele><time>2025-05-02T12:51:49.000Z</time></trkpt>
      <trkpt lat="52.731349" lon="-1.366828"><ele>144.6</ele><time>2025-05-02T12:51:50.000Z</time></trkpt>
      <trkpt lat="52.731362" lon="-1.366836"><ele>144.5</ele><time>2025-05-02T12:51:51.000Z</time></trkpt>
      <trkpt lat="52.731375" lon="-1.366844"><ele>144.3</ele><time>2025-05-02T12:51:52.000Z</time></trkpt>
      <trkpt lat="52.731388" lon="-1.366854"><ele>144.2</ele><time>2025-05-02T12:51:53.000Z</time></trkpt>
      <trkpt lat="52.731400" lon="-1.366865"><ele>144.1</ele><time>2025-05-02T12:51:54.000Z</time></trkpt>
      <trkpt lat="52.731411" lon="-1.366877"><ele>144.0</ele><time>2025-05-02T12:51:55.000Z</time></trkpt>
      <trkpt lat="52.731423" lon="-1.366888"><ele>143.9</ele><time>2025-05-02T12:51:56.000Z</time></trkpt>
      <trkpt lat="52.731436" lon="-1.366895"><ele>143.8</ele><time>2025-05-02T12:51:57.000Z</time></trkpt>
      <trkpt lat="52.731449" lon="-1.366899"><ele>143.8</ele><time>2025-05-02T12:51:58.000Z</time></trkpt>
      <trkpt lat="52.731463" lon="-1.366900"><ele>143.7</ele><time>2025-05-02T12:51:59.000Z</time></trkpt>
      <trkpt lat="52.731476" lon="-1.366902"><ele>143.6</ele><time>2025-05-02T12:52:00.000Z</time></trkpt>
      <trkpt lat="52.731490" lon="-1.366905"><ele>143.5</ele><time>2025-05-02T12:52:01.000Z</time></trkpt>
      <trkpt lat="52.731503" lon="-1.366911"><ele>143.4</ele><time>2025-05-02T12:52:02.000Z</time></trkpt>
      <trkpt lat="52.731515" lon="-1.366918"><ele>143.4</ele><time>2025-05-02T12:52:03.000Z</time></trkpt>
      <trkpt lat="52.731528" lon="-1.366926"><ele>143.3</ele><time>2025-05-02T12:52:04.000Z</time></trkpt>
      <trkpt lat="52.731541" lon="-1.366934"><ele>143.2</ele><time>2025-05-02T12:52:05.000Z</time></trkpt>
      <trkpt lat="52.731553" lon="-1.366943"><ele>143.2</ele><time>2025-05-02T12:52:06.000Z</time></trkpt>
      <trkpt lat="52.731566" lon="-1.366951"><ele>143.1</ele><time>2025-05-02T12:52:07.000Z</time></trkpt>
      <trkpt lat="52.731578" lon="-1.366960"><ele>143.0</ele><time>2025-05-02T12:52:08.000Z</time></trkpt>
      <trkpt lat="52.731591" lon="-1.366968"><ele>143.0</ele><time>2025-05-02T12:52:09.000Z</time></trkpt>
      <trkpt lat="52.731604" lon="-1.366976"><ele>142.9</ele><time>2025-05-02T12:52:10.000Z</time></trkpt>
      <trkpt lat="52.731616" lon="-1.366984"><ele>142.9</ele><time>2025-05-02T12:52:11.000Z</time></trkpt>
      <trkpt lat="52.731629" lon="-1.366992"><ele>142.8</ele><time>2025-05-02T12:52:12.000Z</time></trkpt>
      <trkpt lat="52.731642" lon="-1.366999"><ele>142.8</ele><time>2025-05-02T12:52:13.000Z</time></trkpt>
      <trkpt lat="52.731655" lon="-1.367007"><ele>142.7</ele><time>2025-05-02T12:52:14.000Z</time></trkpt>
      <trkpt lat="52.731668" lon="-1.367014"><ele>142.7</ele><time>2025-05-02T12:52:15.000Z</time></trkpt>
      <trkpt lat="52.731681" lon="-1.367022"><ele>142.7</ele><time>2025-05-02T12:52:16.000Z</time></trkpt>
      <trkpt lat="52.731693" lon="-1.367030"><ele>142.6</ele><time>2025-05-02T12:52:17.000Z</time></trkpt>
      <trkpt lat="52.731706" lon="-1.367037"><ele>142.6</ele><time>2025-05-02T12:52:18.000Z</time></trkpt>
      <trkpt lat="52.731719" lon="-1.367044"><ele>142.6</ele><time>2025-05-02T12:52:19.000Z</time></trkpt>
      <trkpt lat="52.731732" lon="-1.367052"><ele>142.6</ele><time>2025-05-02T12:52:20.000Z</time></trkpt>
      <trkpt lat="52.731744" lon="-1.367060"><ele>142.5</ele><time>2025-05-02T12:52:21.000Z</time></trkpt>
      <trkpt lat="52.731757" lon="-1.367069"><ele>142.5</ele><time>2025-05-02T12:52:22.000Z</time></trkpt>
      <trkpt lat="52.731770" lon="-1.367077"><ele>142.5</ele><time>2025-05-02T12:52:23.000Z</time></trkpt>
      <trkpt lat="52.731782" lon="-1.367085"><ele>142.5</ele><time>2025-05-02T12:52:24.000Z</time></trkpt>
      <trkpt lat="52.731795" lon="-1.367093"><ele>142.5</ele><time>2025-05-02T12:52:25.000Z</time></trkpt>
      <trkpt lat="52.731808" lon="-1.367100"><ele>142.5</ele><time>2025-05-02T12:52:26.000Z</time></trkpt>
      <trkpt lat="52.731821" lon="-1.367107"><ele>142.5</ele><time>2025-05-02T12:52:27.000Z</time></trkpt>
      <trkpt lat="52.731834" lon="-1.367116"><ele>142.5</ele><time>2025-05-02T12:52:28.000Z</time></trkpt>
      <trkpt lat="52.731847" lon="-1.367125"><ele>142.5</ele><time>2025-05-02T12:52:29.000Z</time></trkpt>
      <trkpt lat="52.731859" lon="-1.367134"><ele>142.5</ele><time>2025-05-02T12:52:30.000Z</time></trkpt>
      <trkpt lat="52.731872" lon="-1.367142"><ele>142.5</ele><time>2025-05-02T12:52:31.000Z</time></trkpt>
      <trkpt lat="52.731885" lon="-1.367151"><ele>142.5</ele><time>2025-05-02T12:52:32.000Z</time></trkpt>
      <trkpt lat="52.731897" lon="-1.367159"><ele>142.5</ele><time>2025-05-02T12:52:33.000Z</time></trkpt>
      <trkpt lat="52.731910" lon="-1.367167"><ele>142.5</ele><time>2025-05-02T12:52:34.000Z</time></trkpt>
      <trkpt lat="52.731923" lon="-1.367174"><ele>142.4</ele><time>2025-05-02T12:52:35.000Z</time></trkpt>
      <trkpt lat="52.731936" lon="-1.367181"><ele>142.4</ele><time>2025-05-02T12:52:36.000Z</time></trkpt>
      <trkpt lat="52.731948" lon="-1.367189"><ele>142.4</ele><time>2025-05-02T12:52:37.000Z</time></trkpt>
      <trkpt lat="52.731961" lon="-1.367198"><ele>142.4</ele><time>2025-05-02T12:52:38.000Z</time></trkpt>
      <trkpt lat="52.731973" lon="-1.367207"><ele>142.4</ele><time>2025-05-02T12:52:39.000Z</time></trkpt>
      <trkpt lat="52.731985" lon="-1.367216"><ele>142.4</ele><time>2025-05-02T12:52:40.000Z</time></trkpt>
      <trkpt lat="52.731998" lon="-1.367224"><ele>142.3</ele><time>2025-05-02T12:52:41.000Z</time></trkpt>
      <trkpt lat="52.732011" lon="-1.367231"><ele>142.3</ele><time>2025-05-02T12:52:42.000Z</time></trkpt>
      <trkpt lat="52.732024" lon="-1.367238"><ele>142.3</ele><time>2025-05-02T12:52:43.000Z</time></trkpt>
      <trkpt lat="52.732037" lon="-1.367244"><ele>142.2</ele><time>2025-05-02T12:52:44.000Z</time></trkpt>
      <trkpt lat="52.732049" lon="-1.367251"><ele>142.2</ele><time>2025-05-02T12:52:45.000Z</time></trkpt>
      <trkpt lat="52.732062" lon="-1.367259"><ele>142.2</ele><time>2025-05-02T12:52:46.000Z</time></trkpt>
      <trkpt lat="52.732074" lon="-1.367266"><ele>142.2</ele><time>2025-05-02T12:52:47.000Z</time></trkpt>
      <trkpt lat="52.732087" lon="-1.367275"><ele>142.1</ele><time>2025-05-02T12:52:48.000Z</time></trkpt>
      <trkpt lat="52.732099" lon="-1.367284"><ele>142.1</ele><time>2025-05-02T12:52:49.000Z</time></trkpt>
      <trkpt lat="52.732110" lon="-1.367293"><ele>142.1</ele><time>2025-05-02T12:52:50.000Z</time></trkpt>
      <trkpt lat="52.732121" lon="-1.367302"><ele>142.1</ele><time>2025-05-02T12:52:51.000Z</time></trkpt>
      <trkpt lat="52.732133" lon="-1.367312"><ele>142.1</ele><time>2025-05-02T12:52:52.000Z</time></trkpt>
      <trkpt lat="52.732145" lon="-1.367322"><ele>142.1</ele><time>2025-05-02T12:52:53.000Z</time></trkpt>
      <trkpt lat="52.732158" lon="-1.367332"><ele>142.1</ele><time>2025-05-02T12:52:54.000Z</time></trkpt>
      <trkpt lat="52.732171" lon="-1.367342"><ele>142.1</ele><time>2025-05-02T12:52:55.000Z</time></trkpt>
      <trkpt lat="52.732183" lon="-1.367353"><ele>142.1</ele><time>2025-05-02T12:52:56.000Z</time></trkpt>
      <trkpt lat="52.732196" lon="-1.367364"><ele>142.1</ele><time>2025-05-02T12:52:57.000Z</time></trkpt>
      <trkpt lat="52.732208" lon="-1.367375"><ele>142.1</ele><time>2025-05-02T12:52:58.000Z</time></trkpt>
      <trkpt lat="52.732220" lon="-1.367385"><ele>142.2</ele><time>2025-05-02T12:52:59.000Z</time></trkpt>
      <trkpt lat="52.732233" lon="-1.367394"><ele>142.2</ele><time>2025-05-02T12:53:00.000Z</time></trkpt>
      <trkpt lat="52.732245" lon="-1.367403"><ele>142.2</ele><time>2025-05-02T12:53:01.000Z</time></trkpt>
      <trkpt lat="52.732257" lon="-1.367411"><ele>142.2</ele><time>2025-05-02T12:53:02.000Z</time></trkpt>
      <trkpt lat="52.732269" lon="-1.367418"><ele>142.2</ele><time>2025-05-02T12:53:03.000Z</time></trkpt>
      <trkpt lat="52.732281" lon="-1.367425"><ele>142.2</ele><time>2025-05-02T12:53:04.000Z</time></trkpt>
      <trkpt lat="52.732293" lon="-1.367432"><ele>142.2</ele><time>2025-05-02T12:53:05.000Z</time></trkpt>
      <trkpt lat="52.732306" lon="-1.367438"><ele>142.2</ele><time>2025-05-02T12:53:06.000Z</time></trkpt>
      <trkpt lat="52.732319" lon="-1.367445"><ele>142.2</ele><time>2025-05-02T12:53:07.000Z</time></trkpt>
      <trkpt lat="52.732332" lon="-1.367452"><ele>142.2</ele><time>2025-05-02T12:53:08.000Z</time></trkpt>
      <trkpt lat="52.732345" lon="-1.367459"><ele>142.2</ele><time>2025-05-02T12:53:09.000Z</time></trkpt>
      <trkpt lat="52.732358" lon="-1.367466"><ele>142.2</ele><time>2025-05-02T12:53:10.000Z</time></trkpt>
      <trkpt lat="52.732370" lon="-1.367474"><ele>142.2</ele><time>2025-05-02T12:53:11.000Z</time></trkpt>
      <trkpt lat="52.732383" lon="-1.367481"><ele>142.2</ele><time>2025-05-02T12:53:12.000Z</time></trkpt>
      <trkpt lat="52.732396" lon="-1.367490"><ele>142.2</ele><time>2025-05-02T12:53:13.000Z</time></trkpt>
      <trkpt lat="52.732409" lon="-1.367499"><ele>142.2</ele><time>2025-05-02T12:53:14.000Z</time></trkpt>
      <trkpt lat="52.732421" lon="-1.367508"><ele>142.2</ele><time>2025-05-02T12:53:15.000Z</time></trkpt>
      <trkpt lat="52.732434" lon="-1.367517"><ele>142.2</ele><time>2025-05-02T12:53:16.000Z</time></trkpt>
      <trkpt lat="52.732446" lon="-1.367526"><ele>142.2</ele><time>2025-05-02T12:53:17.000Z</time></trkpt>
      <trkpt lat="52.732459" lon="-1.367535"><ele>142.2</ele><time>2025-05-02T12:53:18.000Z</time></trkpt>
      <trkpt lat="52.732472" lon="-1.367544"><ele>142.2</ele><time>2025-05-02T12:53:19.000Z</time></trkpt>
      <trkpt lat="52.732484" lon="-1.367552"><ele>142.2</ele><time>2025-05-02T12:53:20.000Z</time></trkpt>
      <trkpt lat="52.732497" lon="-1.367559"><ele>142.2</ele><time>2025-05-02T12:53:21.000Z</time></trkpt>
      <trkpt lat="52.732510" lon="-1.367568"><ele>142.2</ele><time>2025-05-02T12:53:22.000Z</time></trkpt>
      <trkpt lat="52.732522" lon="-1.367577"><ele>142.2</ele><time>2025-05-02T12:53:23.000Z</time></trkpt>
      <trkpt lat="52.732534" lon="-1.367587"><ele>142.1</ele><time>2025-05-02T12:53:24.000Z</time></trkpt>
      <trkpt lat="52.732546" lon="-1.367598"><ele>142.1</ele><time>2025-05-02T12:53:25.000Z</time></trkpt>
      <trkpt lat="52.732558" lon="-1.367607"><ele>142.0</ele><time>2025-05-02T12:53:26.000Z</time></trkpt>
      <trkpt lat="52.732570" lon="-1.367615"><ele>142.0</ele><time>2025-05-02T12:53:27.000Z</time></trkpt>
      <trkpt lat="52.732582" lon="-1.367625"><ele>141.9</ele><time>2025-05-02T12:53:28.000Z</time></trkpt>
      <trkpt lat="52.732594" lon="-1.367635"><ele>141.8</ele><time>2025-05-02T12:53:29.000Z</time></trkpt>
      <trkpt lat="52.732606" lon="-1.367645"><ele>141.7</ele><time>2025-05-02T12:53:30.000Z</time></trkpt>
      <trkpt lat="52.732618" lon="-1.367655"><ele>141.7</ele><time>2025-05-02T12:53:31.000Z</time></trkpt>
      <trkpt lat="52.732630" lon="-1.367665"><ele>141.6</ele><time>2025-05-02T12:53:32.000Z</time></trkpt>
      <trkpt lat="52.732642" lon="-1.367676"><ele>141.5</ele><time>2025-05-02T12:53:33.000Z</time></trkpt>
      <trkpt lat="52.732653" lon="-1.367688"><ele>141.5</ele><time>2025-05-02T12:53:34.000Z</time></trkpt>
      <trkpt lat="52.732665" lon="-1.367700"><ele>141.4</ele><time>2025-05-02T12:53:35.000Z</time></trkpt>
      <trkpt lat="52.732677" lon="-1.367712"><ele>141.3</ele><time>2025-05-02T12:53:36.000Z</time></trkpt>
      <trkpt lat="52.732689" lon="-1.367723"><ele>141.3</ele><time>2025-05-02T12:53:37.000Z</time></trkpt>
      <trkpt lat="52.732700" lon="-1.367735"><ele>141.2</ele><time>2025-05-02T12:53:38.000Z</time></trkpt>
      <trkpt lat="52.732712" lon="-1.367747"><ele>141.2</ele><time>2025-05-02T12:53:39.000Z</time></trkpt>
      <trkpt lat="52.732723" lon="-1.367759"><ele>141.1</ele><time>2025-05-02T12:53:40.000Z</time></trkpt>
      <trkpt lat="52.732734" lon="-1.367771"><ele>141.1</ele><time>2025-05-02T12:53:41.000Z</time></trkpt>
      <trkpt lat="52.732744" lon="-1.367784"><ele>141.1</ele><time>2025-05-02T12:53:42.000Z</time></trkpt>
      <trkpt lat="52.732754" lon="-1.367798"><ele>141.1</ele><time>2025-05-02T12:53:43.000Z</time></trkpt>
      <trkpt lat="52.732764" lon="-1.367813"><ele>141.0</ele><time>2025-05-02T12:53:44.000Z</time></trkpt>
      <trkpt lat="52.732774" lon="-1.367827"><ele>141.0</ele><time>2025-05-02T12:53:45.000Z</time></trkpt>
      <trkpt lat="52.732785" lon="-1.367840"><ele>141.0</ele><time>2025-05-02T12:53:46.000Z</time></trkpt>
      <trkpt lat="52.732797" lon="-1.367852"><ele>141.0</ele><time>2025-05-02T12:53:47.000Z</time></trkpt>
      <trkpt lat="52.732808" lon="-1.367865"><ele>140.9</ele><time>2025-05-02T12:53:48.000Z</time></trkpt>
      <trkpt lat="52.732819" lon="-1.367877"><ele>140.9</ele><time>2025-05-02T12:53:49.000Z</time></trkpt>
      <trkpt lat="52.732831" lon="-1.367889"><ele>140.9</ele><time>2025-05-02T12:53:50.000Z</time></trkpt>
      <trkpt lat="52.732842" lon="-1.367901"><ele>140.9</ele><time>2025-05-02T12:53:51.000Z</time></trkpt>
      <trkpt lat="52.732853" lon="-1.367914"><ele>140.8</ele><time>2025-05-02T12:53:52.000Z</time></trkpt>
      <trkpt lat="52.732865" lon="-1.367926"><ele>140.8</ele><time>2025-05-02T12:53:53.000Z</time></trkpt>
      <trkpt lat="52.732875" lon="-1.367941"><ele>140.8</ele><time>2025-05-02T12:53:54.000Z</time></trkpt>
      <trkpt lat="52.732885" lon="-1.367956"><ele>140.7</ele><time>2025-05-02T12:53:55.000Z</time></trkpt>
      <trkpt lat="52.732895" lon="-1.367972"><ele>140.7</ele><time>2025-05-02T12:53:56.000Z</time></trkpt>
      <trkpt lat="52.732904" lon="-1.367988"><ele>140.7</ele><time>2025-05-02T12:53:57.000Z</time></trkpt>
      <trkpt lat="52.732914" lon="-1.368004"><ele>140.6</ele><time>2025-05-02T12:53:58.000Z</time></trkpt>
      <trkpt lat="52.732923" lon="-1.368020"><ele>140.6</ele><time>2025-05-02T12:53:59.000Z</time></trkpt>
      <trkpt lat="52.732932" lon="-1.368036"><ele>140.6</ele><time>2025-05-02T12:54:00.000Z</time></trkpt>
      <trkpt lat="52.732942" lon="-1.368052"><ele>140.5</ele><time>2025-05-02T12:54:01.000Z</time></trkpt>
      <trkpt lat="52.732951" lon="-1.368067"><ele>140.5</ele><time>2025-05-02T12:54:02.000Z</time></trkpt>
      <trkpt lat="52.732962" lon="-1.368081"><ele>140.4</ele><time>2025-05-02T12:54:03.000Z</time></trkpt>
      <trkpt lat="52.732972" lon="-1.368095"><ele>140.4</ele><time>2025-05-02T12:54:04.000Z</time></trkpt>
      <trkpt lat="52.732981" lon="-1.368111"><ele>140.4</ele><time>2025-05-02T12:54:05.000Z</time></trkpt>
      <trkpt lat="52.732990" lon="-1.368127"><ele>140.3</ele><time>2025-05-02T12:54:06.000Z</time></trkpt>
      <trkpt lat="52.733000" lon="-1.368142"><ele>140.3</ele><time>2025-05-02T12:54:07.000Z</time></trkpt>
      <trkpt lat="52.733010" lon="-1.368156"><ele>140.3</ele><time>2025-05-02T12:54:08.000Z</time></trkpt>
      <trkpt lat="52.733021" lon="-1.368169"><ele>140.3</ele><time>2025-05-02T12:54:09.000Z</time></trkpt>
      <trkpt lat="52.733033" lon="-1.368180"><ele>140.3</ele><time>2025-05-02T12:54:10.000Z</time></trkpt>
      <trkpt lat="52.733045" lon="-1.368189"><ele>140.3</ele><time>2025-05-02T12:54:11.000Z</time></trkpt>
      <trkpt lat="52.733057" lon="-1.368200"><ele>140.3</ele><time>2025-05-02T12:54:12.000Z</time></trkpt>
      <trkpt lat="52.733069" lon="-1.368210"><ele>140.3</ele><time>2025-05-02T12:54:13.000Z</time></trkpt>
      <trkpt lat="52.733080" lon="-1.368223"><ele>140.4</ele><time>2025-05-02T12:54:14.000Z</time></trkpt>
      <trkpt lat="52.733090" lon="-1.368236"><ele>140.4</ele><time>2025-05-02T12:54:15.000Z</time></trkpt>
      <trkpt lat="52.733101" lon="-1.368249"><ele>140.4</ele><time>2025-05-02T12:54:16.000Z</time></trkpt>
      <trkpt lat="52.733112" lon="-1.368263"><ele>140.4</ele><time>2025-05-02T12:54:17.000Z</time></trkpt>
      <trkpt lat="52.733122" lon="-1.368277"><ele>140.5</ele><time>2025-05-02T12:54:18.000Z</time></trkpt>
      <trkpt lat="52.733132" lon="-1.368291"><ele>140.5</ele><time>2025-05-02T12:54:19.000Z</time></trkpt>
      <trkpt lat="52.733143" lon="-1.368306"><ele>140.5</ele><time>2025-05-02T12:54:20.000Z</time></trkpt>
      <trkpt lat="52.733153" lon="-1.368320"><ele>140.5</ele><time>2025-05-02T12:54:21.000Z</time></trkpt>
      <trkpt lat="52.733163" lon="-1.368334"><ele>140.6</ele><time>2025-05-02T12:54:22.000Z</time></trkpt>
      <trkpt lat="52.733173" lon="-1.368349"><ele>140.6</ele><time>2025-05-02T12:54:23.000Z</time></trkpt>
      <trkpt lat="52.733183" lon="-1.368365"><ele>140.6</ele><time>2025-05-02T12:54:24.000Z</time></trkpt>
      <trkpt lat="52.733193" lon="-1.368380"><ele>140.7</ele><time>2025-05-02T12:54:25.000Z</time></trkpt>
      <trkpt lat="52.733203" lon="-1.368394"><ele>140.7</ele><time>2025-05-02T12:54:26.000Z</time></trkpt>
      <trkpt lat="52.733213" lon="-1.368407"><ele>140.7</ele><time>2025-05-02T12:54:27.000Z</time></trkpt>
      <trkpt lat="52.733224" lon="-1.368419"><ele>140.7</ele><time>2025-05-02T12:54:28.000Z</time></trkpt>
      <trkpt lat="52.733236" lon="-1.368428"><ele>140.8</ele><time>2025-05-02T12:54:29.000Z</time></trkpt>
      <trkpt lat="52.733249" lon="-1.368434"><ele>140.8</ele><time>2025-05-02T12:54:30.000Z</time></trkpt>
      <trkpt lat="52.733262" lon="-1.368435"><ele>140.8</ele><time>2025-05-02T12:54:31.000Z</time></trkpt>
      <trkpt lat="52.733275" lon="-1.368427"><ele>140.8</ele><time>2025-05-02T12:54:32.000Z</time></trkpt>
      <trkpt lat="52.733287" lon="-1.368414"><ele>140.8</ele><time>2025-05-02T12:54:33.000Z</time></trkpt>
      <trkpt lat="52.733298" lon="-1.368398"><ele>140.8</ele><time>2025-05-02T12:54:34.000Z</time></trkpt>
      <trkpt lat="52.733309" lon="-1.368382"><ele>140.8</ele><time>2025-05-02T12:54:35.000Z</time></trkpt>
      <trkpt lat="52.733320" lon="-1.368367"><ele>140.8</ele><time>2025-05-02T12:54:36.000Z</time></trkpt>
      <trkpt lat="52.733331" lon="-1.368353"><ele>140.8</ele><time>2025-05-02T12:54:37.000Z</time></trkpt>
      <trkpt lat="52.733342" lon="-1.368339"><ele>140.7</ele><time>2025-05-02T12:54:38.000Z</time></trkpt>
      <trkpt lat="52.733353" lon="-1.368326"><ele>140.7</ele><time>2025-05-02T12:54:39.000Z</time></trkpt>
      <trkpt lat="52.733364" lon="-1.368313"><ele>140.7</ele><time>2025-05-02T12:54:40.000Z</time></trkpt>
      <trkpt lat="52.733376" lon="-1.368302"><ele>140.6</ele><time>2025-05-02T12:54:41.000Z</time></trkpt>
      <trkpt lat="52.733387" lon="-1.368291"><ele>140.6</ele><time>2025-05-02T12:54:42.000Z</time></trkpt>
      <trkpt lat="52.733399" lon="-1.368281"><ele>140.6</ele><time>2025-05-02T12:54:43.000Z</time></trkpt>
      <trkpt lat="52.733410" lon="-1.368271"><ele>140.5</ele><time>2025-05-02T12:54:44.000Z</time></trkpt>
      <trkpt lat="52.733421" lon="-1.368261"><ele>140.5</ele><time>2025-05-02T12:54:45.000Z</time></trkpt>
      <trkpt lat="52.733431" lon="-1.368250"><ele>140.5</ele><time>2025-05-02T12:54:46.000Z</time></trkpt>
      <trkpt lat="52.733442" lon="-1.368238"><ele>140.4</ele><time>2025-05-02T12:54:47.000Z</time></trkpt>
      <trkpt lat="52.733453" lon="-1.368225"><ele>140.4</ele><time>2025-05-02T12:54:48.000Z</time></trkpt>
      <trkpt lat="52.733463" lon="-1.368211"><ele>140.4</ele><time>2025-05-02T12:54:49.000Z</time></trkpt>
      <trkpt lat="52.733473" lon="-1.368197"><ele>140.4</ele><time>2025-05-02T12:54:50.000Z</time></trkpt>
      <trkpt lat="52.733484" lon="-1.368183"><ele>140.4</ele><time>2025-05-02T12:54:51.000Z</time></trkpt>
      <trkpt lat="52.733494" lon="-1.368167"><ele>140.4</ele><time>2025-05-02T12:54:52.000Z</time></trkpt>
      <trkpt lat="52.733504" lon="-1.368150"><ele>140.4</ele><time>2025-05-02T12:54:53.000Z</time></trkpt>
      <trkpt lat="52.733514" lon="-1.368134"><ele>140.4</ele><time>2025-05-02T12:54:54.000Z</time></trkpt>
      <trkpt lat="52.733524" lon="-1.368118"><ele>140.4</ele><time>2025-05-02T12:54:55.000Z</time></trkpt>
      <trkpt lat="52.733534" lon="-1.368103"><ele>140.4</ele><time>2025-05-02T12:54:56.000Z</time></trkpt>
      <trkpt lat="52.733544" lon="-1.368089"><ele>140.4</ele><time>2025-05-02T12:54:57.000Z</time></trkpt>
      <trkpt lat="52.733555" lon="-1.368075"><ele>140.4</ele><time>2025-05-02T12:54:58.000Z</time></trkpt>
      <trkpt lat="52.733566" lon="-1.368061"><ele>140.5</ele><time>2025-05-02T12:54:59.000Z</time></trkpt>
      <trkpt lat="52.733577" lon="-1.368047"><ele>140.5</ele><time>2025-05-02T12:55:00.000Z</time></trkpt>
      <trkpt lat="52.733587" lon="-1.368033"><ele>140.5</ele><time>2025-05-02T12:55:01.000Z</time></trkpt>
      <trkpt lat="52.733597" lon="-1.368018"><ele>140.5</ele><time>2025-05-02T12:55:02.000Z</time></trkpt>
      <trkpt lat="52.733608" lon="-1.368004"><ele>140.5</ele><time>2025-05-02T12:55:03.000Z</time></trkpt>
      <trkpt lat="52.733618" lon="-1.367989"><ele>140.5</ele><time>2025-05-02T12:55:04.000Z</time></trkpt>
      <trkpt lat="52.733628" lon="-1.367974"><ele>140.5</ele><time>2025-05-02T12:55:05.000Z</time></trkpt>
      <trkpt lat="52.733638" lon="-1.367959"><ele>140.5</ele><time>2025-05-02T12:55:06.000Z</time></trkpt>
      <trkpt lat="52.733649" lon="-1.367944"><ele>140.6</ele><time>2025-05-02T12:55:07.000Z</time></trkpt>
      <trkpt lat="52.733659" lon="-1.367930"><ele>140.5</ele><time>2025-05-02T12:55:08.000Z</time></trkpt>
      <trkpt lat="52.733669" lon="-1.367916"><ele>140.5</ele><time>2025-05-02T12:55:09.000Z</time></trkpt>
      <trkpt lat="52.733680" lon="-1.367903"><ele>140.5</ele><time>2025-05-02T12:55:10.000Z</time></trkpt>
      <trkpt lat="52.733690" lon="-1.367890"><ele>140.5</ele><time>2025-05-02T12:55:11.000Z</time></trkpt>
      <trkpt lat="52.733701" lon="-1.367878"><ele>140.5</ele><time>2025-05-02T12:55:12.000Z</time></trkpt>
      <trkpt lat="52.733712" lon="-1.367865"><ele>140.5</ele><time>2025-05-02T12:55:13.000Z</time></trkpt>
      <trkpt lat="52.733723" lon="-1.367852"><ele>140.5</ele><time>2025-05-02T12:55:14.000Z</time></trkpt>
      <trkpt lat="52.733734" lon="-1.367840"><ele>140.5</ele><time>2025-05-02T12:55:15.000Z</time></trkpt>
      <trkpt lat="52.733746" lon="-1.367828"><ele>140.4</ele><time>2025-05-02T12:55:16.000Z</time></trkpt>
      <trkpt lat="52.733757" lon="-1.367816"><ele>140.4</ele><time>2025-05-02T12:55:17.000Z</time></trkpt>
      <trkpt lat="52.733768" lon="-1.367803"><ele>140.4</ele><time>2025-05-02T12:55:18.000Z</time></trkpt>
      <trkpt lat="52.733780" lon="-1.367791"><ele>140.4</ele><time>2025-05-02T12:55:19.000Z</time></trkpt>
      <trkpt lat="52.733791" lon="-1.367778"><ele>140.4</ele><time>2025-05-02T12:55:20.000Z</time></trkpt>
      <trkpt lat="52.733801" lon="-1.367765"><ele>140.4</ele><time>2025-05-02T12:55:21.000Z</time></trkpt>
      <trkpt lat="52.733811" lon="-1.367750"><ele>140.4</ele><time>2025-05-02T12:55:22.000Z</time></trkpt>
      <trkpt lat="52.733820" lon="-1.367734"><ele>140.4</ele><time>2025-05-02T12:55:23.000Z</time></trkpt>
      <trkpt lat="52.733830" lon="-1.367719"><ele>140.4</ele><time>2025-05-02T12:55:24.000Z</time></trkpt>
      <trkpt lat="52.733840" lon="-1.367704"><ele>140.4</ele><time>2025-05-02T12:55:25.000Z</time></trkpt>
      <trkpt lat="52.733850" lon="-1.367689"><ele>140.4</ele><time>2025-05-02T12:55:26.000Z</time></trkpt>
      <trkpt lat="52.733859" lon="-1.367674"><ele>140.4</ele><time>2025-05-02T12:55:27.000Z</time></trkpt>
      <trkpt lat="52.733869" lon="-1.367660"><ele>140.4</ele><time>2025-05-02T12:55:28.000Z</time></trkpt>
      <trkpt lat="52.733880" lon="-1.367646"><ele>140.4</ele><time>2025-05-02T12:55:29.000Z</time></trkpt>
      <trkpt lat="52.733890" lon="-1.367633"><ele>140.4</ele><time>2025-05-02T12:55:30.000Z</time></trkpt>
      <trkpt lat="52.733901" lon="-1.367620"><ele>140.4</ele><time>2025-05-02T12:55:31.000Z</time></trkpt>
      <trkpt lat="52.733913" lon="-1.367608"><ele>140.4</ele><time>2025-05-02T12:55:32.000Z</time></trkpt>
      <trkpt lat="52.733924" lon="-1.367596"><ele>140.4</ele><time>2025-05-02T12:55:33.000Z</time></trkpt>
      <trkpt lat="52.733934" lon="-1.367584"><ele>140.4</ele><time>2025-05-02T12:55:34.000Z</time></trkpt>
      <trkpt lat="52.733945" lon="-1.367572"><ele>140.4</ele><time>2025-05-02T12:55:35.000Z</time></trkpt>
      <trkpt lat="52.733956" lon="-1.367560"><ele>140.4</ele><time>2025-05-02T12:55:36.000Z</time></trkpt>
      <trkpt lat="52.733966" lon="-1.367548"><ele>140.5</ele><time>2025-05-02T12:55:37.000Z</time></trkpt>
      <trkpt lat="52.733976" lon="-1.367534"><ele>140.5</ele><time>2025-05-02T12:55:38.000Z</time></trkpt>
      <trkpt lat="52.733985" lon="-1.367520"><ele>140.5</ele><time>2025-05-02T12:55:39.000Z</time></trkpt>
      <trkpt lat="52.733995" lon="-1.367507"><ele>140.5</ele><time>2025-05-02T12:55:40.000Z</time></trkpt>
      <trkpt lat="52.734007" lon="-1.367493"><ele>140.6</ele><time>2025-05-02T12:55:41.000Z</time></trkpt>
      <trkpt lat="52.734018" lon="-1.367481"><ele>140.6</ele><time>2025-05-02T12:55:42.000Z</time></trkpt>
      <trkpt lat="52.734029" lon="-1.367469"><ele>140.6</ele><time>2025-05-02T12:55:43.000Z</time></trkpt>
      <trkpt lat="52.734040" lon="-1.367458"><ele>140.7</ele><time>2025-05-02T12:55:44.000Z</time></trkpt>
      <trkpt lat="52.734051" lon="-1.367446"><ele>140.7</ele><time>2025-05-02T12:55:45.000Z</time></trkpt>
      <trkpt lat="52.734062" lon="-1.367434"><ele>140.7</ele><time>2025-05-02T12:55:46.000Z</time></trkpt>
      <trkpt lat="52.734072" lon="-1.367420"><ele>140.8</ele><time>2025-05-02T12:55:47.000Z</time></trkpt>
      <trkpt lat="52.734081" lon="-1.367405"><ele>140.8</ele><time>2025-05-02T12:55:48.000Z</time></trkpt>
      <trkpt lat="52.734089" lon="-1.367388"><ele>140.8</ele><time>2025-05-02T12:55:49.000Z</time></trkpt>
      <trkpt lat="52.734097" lon="-1.367369"><ele>140.8</ele><time>2025-05-02T12:55:50.000Z</time></trkpt>
      <trkpt lat="52.734104" lon="-1.367350"><ele>140.8</ele><time>2025-05-02T12:55:51.000Z</time></trkpt>
      <trkpt lat="52.734111" lon="-1.367331"><ele>140.8</ele><time>2025-05-02T12:55:52.000Z</time></trkpt>
      <trkpt lat="52.734117" lon="-1.367311"><ele>140.8</ele><time>2025-05-02T12:55:53.000Z</time></trkpt>
      <trkpt lat="52.734123" lon="-1.367292"><ele>140.8</ele><time>2025-05-02T12:55:54.000Z</time></trkpt>
      <trkpt lat="52.734129" lon="-1.367274"><ele>140.8</ele><time>2025-05-02T12:55:55.000Z</time></trkpt>
      <trkpt lat="52.734136" lon="-1.367256"><ele>140.7</ele><time>2025-05-02T12:55:56.000Z</time></trkpt>
      <trkpt lat="52.734143" lon="-1.367238"><ele>140.7</ele><time>2025-05-02T12:55:57.000Z</time></trkpt>
      <trkpt lat="52.734152" lon="-1.367220"><ele>140.7</ele><time>2025-05-02T12:55:58.000Z</time></trkpt>
      <trkpt lat="52.734160" lon="-1.367203"><ele>140.6</ele><time>2025-05-02T12:55:59.000Z</time></trkpt>
      <trkpt lat="52.734170" lon="-1.367186"><ele>140.6</ele><time>2025-05-02T12:56:00.000Z</time></trkpt>
      <trkpt lat="52.734180" lon="-1.367169"><ele>140.6</ele><time>2025-05-02T12:56:01.000Z</time></trkpt>
      <trkpt lat="52.734191" lon="-1.367154"><ele>140.5</ele><time>2025-05-02T12:56:02.000Z</time></trkpt>
      <trkpt lat="52.734202" lon="-1.367141"><ele>140.5</ele><time>2025-05-02T12:56:03.000Z</time></trkpt>
      <trkpt lat="52.734214" lon="-1.367131"><ele>140.5</ele><time>2025-05-02T12:56:04.000Z</time></trkpt>
      <trkpt lat="52.734225" lon="-1.367121"><ele>140.5</ele><time>2025-05-02T12:56:05.000Z</time></trkpt>
      <trkpt lat="52.734236" lon="-1.367111"><ele>140.4</ele><time>2025-05-02T12:56:06.000Z</time></trkpt>
      <trkpt lat="52.734248" lon="-1.367101"><ele>140.4</ele><time>2025-05-02T12:56:07.000Z</time></trkpt>
      <trkpt lat="52.734259" lon="-1.367092"><ele>140.4</ele><time>2025-05-02T12:56:08.000Z</time></trkpt>
      <trkpt lat="52.734269" lon="-1.367083"><ele>140.4</ele><time>2025-05-02T12:56:09.000Z</time></trkpt>
      <trkpt lat="52.734280" lon="-1.367076"><ele>140.4</ele><time>2025-05-02T12:56:10.000Z</time></trkpt>
      <trkpt lat="52.734293" lon="-1.367070"><ele>140.4</ele><time>2025-05-02T12:56:11.000Z</time></trkpt>
      <trkpt lat="52.734306" lon="-1.367065"><ele>140.4</ele><time>2025-05-02T12:56:12.000Z</time></trkpt>
      <trkpt lat="52.734318" lon="-1.367061"><ele>140.4</ele><time>2025-05-02T12:56:13.000Z</time></trkpt>
      <trkpt lat="52.734331" lon="-1.367058"><ele>140.4</ele><time>2025-05-02T12:56:14.000Z</time></trkpt>
      <trkpt lat="52.734343" lon="-1.367058"><ele>140.4</ele><time>2025-05-02T12:56:15.000Z</time></trkpt>
      <trkpt lat="52.734354" lon="-1.367058"><ele>140.4</ele><time>2025-05-02T12:56:16.000Z</time></trkpt>
      <trkpt lat="52.734367" lon="-1.367059"><ele>140.4</ele><time>2025-05-02T12:56:17.000Z</time></trkpt>
      <trkpt lat="52.734379" lon="-1.367060"><ele>140.4</ele><time>2025-05-02T12:56:18.000Z</time></trkpt>
      <trkpt lat="52.734392" lon="-1.367062"><ele>140.4</ele><time>2025-05-02T12:56:19.000Z</time></trkpt>
      <trkpt lat="52.734406" lon="-1.367065"><ele>140.4</ele><time>2025-05-02T12:56:20.000Z</time></trkpt>
      <trkpt lat="52.734420" lon="-1.367068"><ele>140.4</ele><time>2025-05-02T12:56:21.000Z</time></trkpt>
      <trkpt lat="52.734434" lon="-1.367071"><ele>140.4</ele><time>2025-05-02T12:56:22.000Z</time></trkpt>
      <trkpt lat="52.734447" lon="-1.367073"><ele>140.4</ele><time>2025-05-02T12:56:23.000Z</time></trkpt>
      <trkpt lat="52.734461" lon="-1.367075"><ele>140.3</ele><time>2025-05-02T12:56:24.000Z</time></trkpt>
      <trkpt lat="52.734474" lon="-1.367077"><ele>140.3</ele><time>2025-05-02T12:56:25.000Z</time></trkpt>
      <trkpt lat="52.734487" lon="-1.367078"><ele>140.3</ele><time>2025-05-02T12:56:26.000Z</time></trkpt>
      <trkpt lat="52.734499" lon="-1.367078"><ele>140.3</ele><time>2025-05-02T12:56:27.000Z</time></trkpt>
      <trkpt lat="52.734512" lon="-1.367078"><ele>140.3</ele><time>2025-05-02T12:56:28.000Z</time></trkpt>
      <trkpt lat="52.734525" lon="-1.367078"><ele>140.2</ele><time>2025-05-02T12:56:29.000Z</time></trkpt>
      <trkpt lat="52.734538" lon="-1.367078"><ele>140.2</ele><time>2025-05-02T12:56:30.000Z</time></trkpt>
      <trkpt lat="52.734551" lon="-1.367077"><ele>140.2</ele><time>2025-05-02T12:56:31.000Z</time></trkpt>
      <trkpt lat="52.734564" lon="-1.367074"><ele>140.2</ele><time>2025-05-02T12:56:32.000Z</time></trkpt>
      <trkpt lat="52.734577" lon="-1.367070"><ele>140.2</ele><time>2025-05-02T12:56:33.000Z</time></trkpt>
      <trkpt lat="52.734590" lon="-1.367065"><ele>140.2</ele><time>2025-05-02T12:56:34.000Z</time></trkpt>
      <trkpt lat="52.734604" lon="-1.367059"><ele>140.2</ele><time>2025-05-02T12:56:35.000Z</time></trkpt>
      <trkpt lat="52.734617" lon="-1.367051"><ele>140.2</ele><time>2025-05-02T12:56:36.000Z</time></trkpt>
      <trkpt lat="52.734629" lon="-1.367043"><ele>140.2</ele><time>2025-05-02T12:56:37.000Z</time></trkpt>
      <trkpt lat="52.734642" lon="-1.367033"><ele>140.2</ele><time>2025-05-02T12:56:38.000Z</time></trkpt>
      <trkpt lat="52.734654" lon="-1.367023"><ele>140.2</ele><time>2025-05-02T12:56:39.000Z</time></trkpt>
      <trkpt lat="52.734665" lon="-1.367012"><ele>140.2</ele><time>2025-05-02T12:56:40.000Z</time></trkpt>
      <trkpt lat="52.734676" lon="-1.367001"><ele>140.2</ele><time>2025-05-02T12:56:41.000Z</time></trkpt>
      <trkpt lat="52.734687" lon="-1.366988"><ele>140.2</ele><time>2025-05-02T12:56:42.000Z</time></trkpt>
      <trkpt lat="52.734697" lon="-1.366974"><ele>140.2</ele><time>2025-05-02T12:56:43.000Z</time></trkpt>
      <trkpt lat="52.734707" lon="-1.366959"><ele>140.2</ele><time>2025-05-02T12:56:44.000Z</time></trkpt>
      <trkpt lat="52.734717" lon="-1.366943"><ele>140.2</ele><time>2025-05-02T12:56:45.000Z</time></trkpt>
      <trkpt lat="52.734726" lon="-1.366927"><ele>140.2</ele><time>2025-05-02T12:56:46.000Z</time></trkpt>
      <trkpt lat="52.734735" lon="-1.366911"><ele>140.1</ele><time>2025-05-02T12:56:47.000Z</time></trkpt>
      <trkpt lat="52.734743" lon="-1.366894"><ele>140.1</ele><time>2025-05-02T12:56:48.000Z</time></trkpt>
      <trkpt lat="52.734751" lon="-1.366877"><ele>140.1</ele><time>2025-05-02T12:56:49.000Z</time></trkpt>
      <trkpt lat="52.734758" lon="-1.366860"><ele>140.1</ele><time>2025-05-02T12:56:50.000Z</time></trkpt>
      <trkpt lat="52.734765" lon="-1.366842"><ele>140.0</ele><time>2025-05-02T12:56:51.000Z</time></trkpt>
      <trkpt lat="52.734772" lon="-1.366824"><ele>140.0</ele><time>2025-05-02T12:56:52.000Z</time></trkpt>
      <trkpt lat="52.734780" lon="-1.366807"><ele>139.9</ele><time>2025-05-02T12:56:53.000Z</time></trkpt>
      <trkpt lat="52.734787" lon="-1.366789"><ele>139.9</ele><time>2025-05-02T12:56:54.000Z</time></trkpt>
      <trkpt lat="52.734794" lon="-1.366772"><ele>139.9</ele><time>2025-05-02T12:56:55.000Z</time></trkpt>
      <trkpt lat="52.734801" lon="-1.366755"><ele>139.8</ele><time>2025-05-02T12:56:56.000Z</time></trkpt>
      <trkpt lat="52.734808" lon="-1.366738"><ele>139.8</ele><time>2025-05-02T12:56:57.000Z</time></trkpt>
      <trkpt lat="52.734815" lon="-1.366721"><ele>139.8</ele><time>2025-05-02T12:56:58.000Z</time></trkpt>
      <trkpt lat="52.734821" lon="-1.366703"><ele>139.7</ele><time>2025-05-02T12:56:59.000Z</time></trkpt>
      <trkpt lat="52.734828" lon="-1.366685"><ele>139.7</ele><time>2025-05-02T12:57:00.000Z</time></trkpt>
      <trkpt lat="52.734835" lon="-1.366669"><ele>139.6</ele><time>2025-05-02T12:57:01.000Z</time></trkpt>
      <trkpt lat="52.734842" lon="-1.366652"><ele>139.6</ele><time>2025-05-02T12:57:02.000Z</time></trkpt>
      <trkpt lat="52.734849" lon="-1.366635"><ele>139.6</ele><time>2025-05-02T12:57:03.000Z</time></trkpt>
      <trkpt lat="52.734856" lon="-1.366619"><ele>139.5</ele><time>2025-05-02T12:57:04.000Z</time></trkpt>
      <trkpt lat="52.734864" lon="-1.366603"><ele>139.5</ele><time>2025-05-02T12:57:05.000Z</time></trkpt>
      <trkpt lat="52.734871" lon="-1.366586"><ele>139.5</ele><time>2025-05-02T12:57:06.000Z</time></trkpt>
      <trkpt lat="52.734879" lon="-1.366569"><ele>139.4</ele><time>2025-05-02T12:57:07.000Z</time></trkpt>
      <trkpt lat="52.734887" lon="-1.366551"><ele>139.4</ele><time>2025-05-02T12:57:08.000Z</time></trkpt>
      <trkpt lat="52.734894" lon="-1.366535"><ele>139.3</ele><time>2025-05-02T12:57:09.000Z</time></trkpt>
      <trkpt lat="52.734901" lon="-1.366518"><ele>139.3</ele><time>2025-05-02T12:57:10.000Z</time></trkpt>
      <trkpt lat="52.734908" lon="-1.366501"><ele>139.3</ele><time>2025-05-02T12:57:11.000Z</time></trkpt>
      <trkpt lat="52.734915" lon="-1.366483"><ele>139.2</ele><time>2025-05-02T12:57:12.000Z</time></trkpt>
      <trkpt lat="52.734923" lon="-1.366465"><ele>139.2</ele><time>2025-05-02T12:57:13.000Z</time></trkpt>
      <trkpt lat="52.734932" lon="-1.366447"><ele>139.2</ele><time>2025-05-02T12:57:14.000Z</time></trkpt>
      <trkpt lat="52.734941" lon="-1.366430"><ele>139.1</ele><time>2025-05-02T12:57:15.000Z</time></trkpt>
      <trkpt lat="52.734950" lon="-1.366415"><ele>139.1</ele><time>2025-05-02T12:57:16.000Z</time></trkpt>
      <trkpt lat="52.734960" lon="-1.366402"><ele>139.1</ele><time>2025-05-02T12:57:17.000Z</time></trkpt>
      <trkpt lat="52.734970" lon="-1.366389"><ele>139.0</ele><time>2025-05-02T12:57:18.000Z</time></trkpt>
      <trkpt lat="52.734980" lon="-1.366376"><ele>139.0</ele><time>2025-05-02T12:57:19.000Z</time></trkpt>
      <trkpt lat="52.734991" lon="-1.366363"><ele>139.0</ele><time>2025-05-02T12:57:20.000Z</time></trkpt>
      <trkpt lat="52.735002" lon="-1.366351"><ele>138.9</ele><time>2025-05-02T12:57:21.000Z</time></trkpt>
      <trkpt lat="52.735014" lon="-1.366340"><ele>138.9</ele><time>2025-05-02T12:57:22.000Z</time></trkpt>
      <trkpt lat="52.735025" lon="-1.366330"><ele>138.9</ele><time>2025-05-02T12:57:23.000Z</time></trkpt>
      <trkpt lat="52.735036" lon="-1.366319"><ele>138.8</ele><time>2025-05-02T12:57:24.000Z</time></trkpt>
      <trkpt lat="52.735048" lon="-1.366307"><ele>138.8</ele><time>2025-05-02T12:57:25.000Z</time></trkpt>
      <trkpt lat="52.735059" lon="-1.366296"><ele>138.8</ele><time>2025-05-02T12:57:26.000Z</time></trkpt>
      <trkpt lat="52.735071" lon="-1.366286"><ele>138.7</ele><time>2025-05-02T12:57:27.000Z</time></trkpt>
      <trkpt lat="52.735083" lon="-1.366275"><ele>138.7</ele><time>2025-05-02T12:57:28.000Z</time></trkpt>
      <trkpt lat="52.735095" lon="-1.366264"><ele>138.7</ele><time>2025-05-02T12:57:29.000Z</time></trkpt>
      <trkpt lat="52.735106" lon="-1.366252"><ele>138.7</ele><time>2025-05-02T12:57:30.000Z</time></trkpt>
      <trkpt lat="52.735117" lon="-1.366240"><ele>138.6</ele><time>2025-05-02T12:57:31.000Z</time></trkpt>
      <trkpt lat="52.735128" lon="-1.366227"><ele>138.6</ele><time>2025-05-02T12:57:32.000Z</time></trkpt>
      <trkpt lat="52.735139" lon="-1.366213"><ele>138.6</ele><time>2025-05-02T12:57:33.000Z</time></trkpt>
      <trkpt lat="52.735150" lon="-1.366199"><ele>138.6</ele><time>2025-05-02T12:57:34.000Z</time></trkpt>
      <trkpt lat="52.735160" lon="-1.366185"><ele>138.6</ele><time>2025-05-02T12:57:35.000Z</time></trkpt>
      <trkpt lat="52.735170" lon="-1.366170"><ele>138.5</ele><time>2025-05-02T12:57:36.000Z</time></trkpt>
      <trkpt lat="52.735181" lon="-1.366157"><ele>138.5</ele><time>2025-05-02T12:57:37.000Z</time></trkpt>
      <trkpt lat="52.735191" lon="-1.366145"><ele>138.5</ele><time>2025-05-02T12:57:38.000Z</time></trkpt>
      <trkpt lat="52.735202" lon="-1.366133"><ele>138.5</ele><time>2025-05-02T12:57:39.000Z</time></trkpt>
      <trkpt lat="52.735213" lon="-1.366120"><ele>138.5</ele><time>2025-05-02T12:57:40.000Z</time></trkpt>
      <trkpt lat="52.735224" lon="-1.366107"><ele>138.4</ele><time>2025-05-02T12:57:41.000Z</time></trkpt>
      <trkpt lat="52.735235" lon="-1.366093"><ele>138.4</ele><time>2025-05-02T12:57:42.000Z</time></trkpt>
      <trkpt lat="52.735246" lon="-1.366079"><ele>138.4</ele><time>2025-05-02T12:57:43.000Z</time></trkpt>
      <trkpt lat="52.735256" lon="-1.366066"><ele>138.3</ele><time>2025-05-02T12:57:44.000Z</time></trkpt>
      <trkpt lat="52.735267" lon="-1.366051"><ele>138.3</ele><time>2025-05-02T12:57:45.000Z</time></trkpt>
      <trkpt lat="52.735277" lon="-1.366037"><ele>138.2</ele><time>2025-05-02T12:57:46.000Z</time></trkpt>
      <trkpt lat="52.735288" lon="-1.366024"><ele>138.2</ele><time>2025-05-02T12:57:47.000Z</time></trkpt>
      <trkpt lat="52.735299" lon="-1.366010"><ele>138.2</ele><time>2025-05-02T12:57:48.000Z</time></trkpt>
      <trkpt lat="52.735310" lon="-1.365997"><ele>138.1</ele><time>2025-05-02T12:57:49.000Z</time></trkpt>
      <trkpt lat="52.735320" lon="-1.365984"><ele>138.1</ele><time>2025-05-02T12:57:50.000Z</time></trkpt>
      <trkpt lat="52.735331" lon="-1.365971"><ele>138.0</ele><time>2025-05-02T12:57:51.000Z</time></trkpt>
      <trkpt lat="52.735341" lon="-1.365956"><ele>138.0</ele><time>2025-05-02T12:57:52.000Z</time></trkpt>
      <trkpt lat="52.735351" lon="-1.365941"><ele>138.0</ele><time>2025-05-02T12:57:53.000Z</time></trkpt>
      <trkpt lat="52.735361" lon="-1.365926"><ele>137.9</ele><time>2025-05-02T12:57:54.000Z</time></trkpt>
      <trkpt lat="52.735371" lon="-1.365911"><ele>137.9</ele><time>2025-05-02T12:57:55.000Z</time></trkpt>
      <trkpt lat="52.735381" lon="-1.365896"><ele>137.9</ele><time>2025-05-02T12:57:56.000Z</time></trkpt>
      <trkpt lat="52.735391" lon="-1.365881"><ele>137.9</ele><time>2025-05-02T12:57:57.000Z</time></trkpt>
      <trkpt lat="52.735401" lon="-1.365866"><ele>137.9</ele><time>2025-05-02T12:57:58.000Z</time></trkpt>
      <trkpt lat="52.735410" lon="-1.365851"><ele>137.9</ele><time>2025-05-02T12:57:59.000Z</time></trkpt>
      <trkpt lat="52.735420" lon="-1.365835"><ele>137.9</ele><time>2025-05-02T12:58:00.000Z</time></trkpt>
      <trkpt lat="52.735429" lon="-1.365820"><ele>137.9</ele><time>2025-05-02T12:58:01.000Z</time></trkpt>
      <trkpt lat="52.735439" lon="-1.365804"><ele>137.9</ele><time>2025-05-02T12:58:02.000Z</time></trkpt>
      <trkpt lat="52.735448" lon="-1.365788"><ele>137.9</ele><time>2025-05-02T12:58:03.000Z</time></trkpt>
      <trkpt lat="52.735456" lon="-1.365771"><ele>137.9</ele><time>2025-05-02T12:58:04.000Z</time></trkpt>
      <trkpt lat="52.735463" lon="-1.365753"><ele>137.9</ele><time>2025-05-02T12:58:05.000Z</time></trkpt>
      <trkpt lat="52.735471" lon="-1.365735"><ele>137.9</ele><time>2025-05-02T12:58:06.000Z</time></trkpt>
      <trkpt lat="52.735480" lon="-1.365719"><ele>137.9</ele><time>2025-05-02T12:58:07.000Z</time></trkpt>
      <trkpt lat="52.735489" lon="-1.365703"><ele>137.9</ele><time>2025-05-02T12:58:08.000Z</time></trkpt>
      <trkpt lat="52.735497" lon="-1.365685"><ele>137.9</ele><time>2025-05-02T12:58:09.000Z</time></trkpt>
      <trkpt lat="52.735504" lon="-1.365667"><ele>137.9</ele><time>2025-05-02T12:58:10.000Z</time></trkpt>
      <trkpt lat="52.735512" lon="-1.365649"><ele>137.9</ele><time>2025-05-02T12:58:11.000Z</time></trkpt>
      <trkpt lat="52.735521" lon="-1.365632"><ele>137.9</ele><time>2025-05-02T12:58:12.000Z</time></trkpt>
      <trkpt lat="52.735530" lon="-1.365615"><ele>137.9</ele><time>2025-05-02T12:58:13.000Z</time></trkpt>
      <trkpt lat="52.735540" lon="-1.365601"><ele>137.9</ele><time>2025-05-02T12:58:14.000Z</time></trkpt>
      <trkpt lat="52.735550" lon="-1.365587"><ele>137.9</ele><time>2025-05-02T12:58:15.000Z</time></trkpt>
      <trkpt lat="52.735560" lon="-1.365572"><ele>137.8</ele><time>2025-05-02T12:58:16.000Z</time></trkpt>
      <trkpt lat="52.735570" lon="-1.365556"><ele>137.8</ele><time>2025-05-02T12:58:17.000Z</time></trkpt>
      <trkpt lat="52.735580" lon="-1.365541"><ele>137.8</ele><time>2025-05-02T12:58:18.000Z</time></trkpt>
      <trkpt lat="52.735590" lon="-1.365525"><ele>137.8</ele><time>2025-05-02T12:58:19.000Z</time></trkpt>
      <trkpt lat="52.735599" lon="-1.365509"><ele>137.8</ele><time>2025-05-02T12:58:20.000Z</time></trkpt>
      <trkpt lat="52.735609" lon="-1.365495"><ele>137.8</ele><time>2025-05-02T12:58:21.000Z</time></trkpt>
      <trkpt lat="52.735620" lon="-1.365481"><ele>137.7</ele><time>2025-05-02T12:58:22.000Z</time></trkpt>
      <trkpt lat="52.735631" lon="-1.365467"><ele>137.7</ele><time>2025-05-02T12:58:23.000Z</time></trkpt>
      <trkpt lat="52.735640" lon="-1.365452"><ele>137.7</ele><time>2025-05-02T12:58:24.000Z</time></trkpt>
      <trkpt lat="52.735650" lon="-1.365437"><ele>137.7</ele><time>2025-05-02T12:58:25.000Z</time></trkpt>
      <trkpt lat="52.735660" lon="-1.365421"><ele>137.7</ele><time>2025-05-02T12:58:26.000Z</time></trkpt>
      <trkpt lat="52.735670" lon="-1.365407"><ele>137.7</ele><time>2025-05-02T12:58:27.000Z</time></trkpt>
      <trkpt lat="52.735681" lon="-1.365393"><ele>137.8</ele><time>2025-05-02T12:58:28.000Z</time></trkpt>
      <trkpt lat="52.735692" lon="-1.365380"><ele>137.8</ele><time>2025-05-02T12:58:29.000Z</time></trkpt>
      <trkpt lat="52.735704" lon="-1.365367"><ele>137.8</ele><time>2025-05-02T12:58:30.000Z</time></trkpt>
      <trkpt lat="52.735714" lon="-1.365354"><ele>137.8</ele><time>2025-05-02T12:58:31.000Z</time></trkpt>
      <trkpt lat="52.735725" lon="-1.365339"><ele>137.9</ele><time>2025-05-02T12:58:32.000Z</time></trkpt>
      <trkpt lat="52.735735" lon="-1.365324"><ele>137.9</ele><time>2025-05-02T12:58:33.000Z</time></trkpt>
      <trkpt lat="52.735745" lon="-1.365310"><ele>137.9</ele><time>2025-05-02T12:58:34.000Z</time></trkpt>
      <trkpt lat="52.735755" lon="-1.365296"><ele>137.9</ele><time>2025-05-02T12:58:35.000Z</time></trkpt>
      <trkpt lat="52.735764" lon="-1.365280"><ele>138.0</ele><time>2025-05-02T12:58:36.000Z</time></trkpt>
      <trkpt lat="52.735773" lon="-1.365263"><ele>138.0</ele><time>2025-05-02T12:58:37.000Z</time></trkpt>
      <trkpt lat="52.735782" lon="-1.365247"><ele>138.0</ele><time>2025-05-02T12:58:38.000Z</time></trkpt>
      <trkpt lat="52.735792" lon="-1.365231"><ele>138.1</ele><time>2025-05-02T12:58:39.000Z</time></trkpt>
      <trkpt lat="52.735802" lon="-1.365216"><ele>138.1</ele><time>2025-05-02T12:58:40.000Z</time></trkpt>
      <trkpt lat="52.735811" lon="-1.365201"><ele>138.1</ele><time>2025-05-02T12:58:41.000Z</time></trkpt>
      <trkpt lat="52.735821" lon="-1.365186"><ele>138.1</ele><time>2025-05-02T12:58:42.000Z</time></trkpt>
      <trkpt lat="52.735830" lon="-1.365169"><ele>138.1</ele><time>2025-05-02T12:58:43.000Z</time></trkpt>
      <trkpt lat="52.735840" lon="-1.365154"><ele>138.1</ele><time>2025-05-02T12:58:44.000Z</time></trkpt>
      <trkpt lat="52.735850" lon="-1.365140"><ele>138.1</ele><time>2025-05-02T12:58:45.000Z</time></trkpt>
      <trkpt lat="52.735860" lon="-1.365128"><ele>138.0</ele><time>2025-05-02T12:58:46.000Z</time></trkpt>
      <trkpt lat="52.735871" lon="-1.365116"><ele>138.0</ele><time>2025-05-02T12:58:47.000Z</time></trkpt>
      <trkpt lat="52.735881" lon="-1.365103"><ele>138.0</ele><time>2025-05-02T12:58:48.000Z</time></trkpt>
      <trkpt lat="52.735892" lon="-1.365090"><ele>137.9</ele><time>2025-05-02T12:58:49.000Z</time></trkpt>
      <trkpt lat="52.735902" lon="-1.365077"><ele>137.9</ele><time>2025-05-02T12:58:50.000Z</time></trkpt>
      <trkpt lat="52.735912" lon="-1.365064"><ele>137.9</ele><time>2025-05-02T12:58:51.000Z</time></trkpt>
      <trkpt lat="52.735922" lon="-1.365050"><ele>137.8</ele><time>2025-05-02T12:58:52.000Z</time></trkpt>
      <trkpt lat="52.735932" lon="-1.365036"><ele>137.8</ele><time>2025-05-02T12:58:53.000Z</time></trkpt>
      <trkpt lat="52.735942" lon="-1.365021"><ele>137.7</ele><time>2025-05-02T12:58:54.000Z</time></trkpt>
      <trkpt lat="52.735952" lon="-1.365007"><ele>137.7</ele><time>2025-05-02T12:58:55.000Z</time></trkpt>
      <trkpt lat="52.735962" lon="-1.364992"><ele>137.7</ele><time>2025-05-02T12:58:56.000Z</time></trkpt>
      <trkpt lat="52.735971" lon="-1.364976"><ele>137.6</ele><time>2025-05-02T12:58:57.000Z</time></trkpt>
      <trkpt lat="52.735980" lon="-1.364959"><ele>137.6</ele><time>2025-05-02T12:58:58.000Z</time></trkpt>
      <trkpt lat="52.735988" lon="-1.364941"><ele>137.6</ele><time>2025-05-02T12:58:59.000Z</time></trkpt>
      <trkpt lat="52.735997" lon="-1.364924"><ele>137.6</ele><time>2025-05-02T12:59:00.000Z</time></trkpt>
      <trkpt lat="52.736006" lon="-1.364907"><ele>137.6</ele><time>2025-05-02T12:59:01.000Z</time></trkpt>
      <trkpt lat="52.736016" lon="-1.364891"><ele>137.6</ele><time>2025-05-02T12:59:02.000Z</time></trkpt>
      <trkpt lat="52.736026" lon="-1.364876"><ele>137.6</ele><time>2025-05-02T12:59:03.000Z</time></trkpt>
      <trkpt lat="52.736036" lon="-1.364860"><ele>137.6</ele><time>2025-05-02T12:59:04.000Z</time></trkpt>
      <trkpt lat="52.736046" lon="-1.364845"><ele>137.6</ele><time>2025-05-02T12:59:05.000Z</time></trkpt>
      <trkpt lat="52.736056" lon="-1.364829"><ele>137.6</ele><time>2025-05-02T12:59:06.000Z</time></trkpt>
      <trkpt lat="52.736066" lon="-1.364813"><ele>137.6</ele><time>2025-05-02T12:59:07.000Z</time></trkpt>
      <trkpt lat="52.736076" lon="-1.364798"><ele>137.6</ele><time>2025-05-02T12:59:08.000Z</time></trkpt>
      <trkpt lat="52.736087" lon="-1.364783"><ele>137.6</ele><time>2025-05-02T12:59:09.000Z</time></trkpt>
      <trkpt lat="52.736097" lon="-1.364768"><ele>137.7</ele><time>2025-05-02T12:59:10.000Z</time></trkpt>
      <trkpt lat="52.736106" lon="-1.364752"><ele>137.7</ele><time>2025-05-02T12:59:11.000Z</time></trkpt>
      <trkpt lat="52.736115" lon="-1.364736"><ele>137.7</ele><time>2025-05-02T12:59:12.000Z</time></trkpt>
      <trkpt lat="52.736125" lon="-1.364719"><ele>137.7</ele><time>2025-05-02T12:59:13.000Z</time></trkpt>
      <trkpt lat="52.736134" lon="-1.364703"><ele>137.8</ele><time>2025-05-02T12:59:14.000Z</time></trkpt>
      <trkpt lat="52.736143" lon="-1.364687"><ele>137.8</ele><time>2025-05-02T12:59:15.000Z</time></trkpt>
      <trkpt lat="52.736153" lon="-1.364672"><ele>137.8</ele><time>2025-05-02T12:59:16.000Z</time></trkpt>
      <trkpt lat="52.736163" lon="-1.364657"><ele>137.8</ele><time>2025-05-02T12:59:17.000Z</time></trkpt>
      <trkpt lat="52.736172" lon="-1.364642"><ele>137.8</ele><time>2025-05-02T12:59:18.000Z</time></trkpt>
      <trkpt lat="52.736182" lon="-1.364626"><ele>137.8</ele><time>2025-05-02T12:59:19.000Z</time></trkpt>
      <trkpt lat="52.736191" lon="-1.364610"><ele>137.8</ele><time>2025-05-02T12:59:20.000Z</time></trkpt>
      <trkpt lat="52.736200" lon="-1.364593"><ele>137.8</ele><time>2025-05-02T12:59:21.000Z</time></trkpt>
      <trkpt lat="52.736209" lon="-1.364578"><ele>137.8</ele><time>2025-05-02T12:59:22.000Z</time></trkpt>
      <trkpt lat="52.736218" lon="-1.364561"><ele>137.7</ele><time>2025-05-02T12:59:23.000Z</time></trkpt>
      <trkpt lat="52.736227" lon="-1.364545"><ele>137.7</ele><time>2025-05-02T12:59:24.000Z</time></trkpt>
      <trkpt lat="52.736237" lon="-1.364528"><ele>137.7</ele><time>2025-05-02T12:59:25.000Z</time></trkpt>
      <trkpt lat="52.736247" lon="-1.364512"><ele>137.7</ele><time>2025-05-02T12:59:26.000Z</time></trkpt>
      <trkpt lat="52.736257" lon="-1.364495"><ele>137.6</ele><time>2025-05-02T12:59:27.000Z</time></trkpt>
      <trkpt lat="52.736266" lon="-1.364479"><ele>137.6</ele><time>2025-05-02T12:59:28.000Z</time></trkpt>
      <trkpt lat="52.736276" lon="-1.364464"><ele>137.6</ele><time>2025-05-02T12:59:29.000Z</time></trkpt>
      <trkpt lat="52.736286" lon="-1.364448"><ele>137.6</ele><time>2025-05-02T12:59:30.000Z</time></trkpt>
      <trkpt lat="52.736296" lon="-1.364433"><ele>137.6</ele><time>2025-05-02T12:59:31.000Z</time></trkpt>
      <trkpt lat="52.736304" lon="-1.364417"><ele>137.6</ele><time>2025-05-02T12:59:32.000Z</time></trkpt>
      <trkpt lat="52.736312" lon="-1.364402"><ele>137.7</ele><time>2025-05-02T12:59:33.000Z</time></trkpt>
      <trkpt lat="52.736320" lon="-1.364387"><ele>137.7</ele><time>2025-05-02T12:59:34.000Z</time></trkpt>
      <trkpt lat="52.736327" lon="-1.364372"><ele>137.7</ele><time>2025-05-02T12:59:35.000Z</time></trkpt>
      <trkpt lat="52.736336" lon="-1.364356"><ele>137.8</ele><time>2025-05-02T12:59:36.000Z</time></trkpt>
      <trkpt lat="52.736345" lon="-1.364339"><ele>137.8</ele><time>2025-05-02T12:59:37.000Z</time></trkpt>
      <trkpt lat="52.736354" lon="-1.364323"><ele>137.8</ele><time>2025-05-02T12:59:38.000Z</time></trkpt>
      <trkpt lat="52.736363" lon="-1.364308"><ele>137.9</ele><time>2025-05-02T12:59:39.000Z</time></trkpt>
      <trkpt lat="52.736373" lon="-1.364294"><ele>137.9</ele><time>2025-05-02T12:59:40.000Z</time></trkpt>
      <trkpt lat="52.736383" lon="-1.364280"><ele>137.9</ele><time>2025-05-02T12:59:41.000Z</time></trkpt>
      <trkpt lat="52.736393" lon="-1.364268"><ele>138.0</ele><time>2025-05-02T12:59:42.000Z</time></trkpt>
      <trkpt lat="52.736403" lon="-1.364256"><ele>138.0</ele><time>2025-05-02T12:59:43.000Z</time></trkpt>
      <trkpt lat="52.736414" lon="-1.364244"><ele>138.0</ele><time>2025-05-02T12:59:44.000Z</time></trkpt>
      <trkpt lat="52.736426" lon="-1.364232"><ele>138.1</ele><time>2025-05-02T12:59:45.000Z</time></trkpt>
      <trkpt lat="52.736437" lon="-1.364220"><ele>138.1</ele><time>2025-05-02T12:59:46.000Z</time></trkpt>
      <trkpt lat="52.736447" lon="-1.364208"><ele>138.2</ele><time>2025-05-02T12:59:47.000Z</time></trkpt>
      <trkpt lat="52.736458" lon="-1.364195"><ele>138.2</ele><time>2025-05-02T12:59:48.000Z</time></trkpt>
      <trkpt lat="52.736468" lon="-1.364181"><ele>138.2</ele><time>2025-05-02T12:59:49.000Z</time></trkpt>
      <trkpt lat="52.736478" lon="-1.364166"><ele>138.2</ele><time>2025-05-02T12:59:50.000Z</time></trkpt>
      <trkpt lat="52.736488" lon="-1.364150"><ele>138.3</ele><time>2025-05-02T12:59:51.000Z</time></trkpt>
      <trkpt lat="52.736499" lon="-1.364135"><ele>138.3</ele><time>2025-05-02T12:59:52.000Z</time></trkpt>
      <trkpt lat="52.736510" lon="-1.364121"><ele>138.3</ele><time>2025-05-02T12:59:53.000Z</time></trkpt>
      <trkpt lat="52.736520" lon="-1.364106"><ele>138.3</ele><time>2025-05-02T12:59:54.000Z</time></trkpt>
      <trkpt lat="52.736531" lon="-1.364091"><ele>138.4</ele><time>2025-05-02T12:59:55.000Z</time></trkpt>
      <trkpt lat="52.736541" lon="-1.364075"><ele>138.4</ele><time>2025-05-02T12:59:56.000Z</time></trkpt>
      <trkpt lat="52.736550" lon="-1.364059"><ele>138.4</ele><time>2025-05-02T12:59:57.000Z</time></trkpt>
      <trkpt lat="52.736560" lon="-1.364044"><ele>138.3</ele><time>2025-05-02T12:59:58.000Z</time></trkpt>
      <trkpt lat="52.736570" lon="-1.364030"><ele>138.3</ele><time>2025-05-02T12:59:59.000Z</time></trkpt>
      <trkpt lat="52.736580" lon="-1.364016"><ele>138.3</ele><time>2025-05-02T13:00:00.000Z</time></trkpt>
      <trkpt lat="52.736590" lon="-1.364002"><ele>138.3</ele><time>2025-05-02T13:00:01.000Z</time></trkpt>
      <trkpt lat="52.736600" lon="-1.363988"><ele>138.2</ele><time>2025-05-02T13:00:02.000Z</time></trkpt>
      <trkpt lat="52.736610" lon="-1.363974"><ele>138.2</ele><time>2025-05-02T13:00:03.000Z</time></trkpt>
      <trkpt lat="52.736620" lon="-1.363961"><ele>138.1</ele><time>2025-05-02T13:00:04.000Z</time></trkpt>
      <trkpt lat="52.736631" lon="-1.363947"><ele>138.1</ele><time>2025-05-02T13:00:05.000Z</time></trkpt>
      <trkpt lat="52.736642" lon="-1.363933"><ele>138.0</ele><time>2025-05-02T13:00:06.000Z</time></trkpt>
      <trkpt lat="52.736653" lon="-1.363918"><ele>138.0</ele><time>2025-05-02T13:00:07.000Z</time></trkpt>
      <trkpt lat="52.736663" lon="-1.363904"><ele>137.9</ele><time>2025-05-02T13:00:08.000Z</time></trkpt>
      <trkpt lat="52.736672" lon="-1.363889"><ele>137.9</ele><time>2025-05-02T13:00:09.000Z</time></trkpt>
      <trkpt lat="52.736681" lon="-1.363874"><ele>137.8</ele><time>2025-05-02T13:00:10.000Z</time></trkpt>
      <trkpt lat="52.736690" lon="-1.363861"><ele>137.8</ele><time>2025-05-02T13:00:11.000Z</time></trkpt>
      <trkpt lat="52.736699" lon="-1.363847"><ele>137.8</ele><time>2025-05-02T13:00:12.000Z</time></trkpt>
      <trkpt lat="52.736709" lon="-1.363833"><ele>137.7</ele><time>2025-05-02T13:00:13.000Z</time></trkpt>
      <trkpt lat="52.736720" lon="-1.363820"><ele>137.7</ele><time>2025-05-02T13:00:14.000Z</time></trkpt>
      <trkpt lat="52.736732" lon="-1.363806"><ele>137.7</ele><time>2025-05-02T13:00:15.000Z</time></trkpt>
      <trkpt lat="52.736744" lon="-1.363794"><ele>137.7</ele><time>2025-05-02T13:00:16.000Z</time></trkpt>
      <trkpt lat="52.736756" lon="-1.363782"><ele>137.7</ele><time>2025-05-02T13:00:17.000Z</time></trkpt>
      <trkpt lat="52.736768" lon="-1.363770"><ele>137.8</ele><time>2025-05-02T13:00:18.000Z</time></trkpt>
      <trkpt lat="52.736781" lon="-1.363758"><ele>137.8</ele><time>2025-05-02T13:00:19.000Z</time></trkpt>
      <trkpt lat="52.736793" lon="-1.363746"><ele>137.8</ele><time>2025-05-02T13:00:20.000Z</time></trkpt>
      <trkpt lat="52.736806" lon="-1.363733"><ele>137.9</ele><time>2025-05-02T13:00:21.000Z</time></trkpt>
      <trkpt lat="52.736819" lon="-1.363721"><ele>137.9</ele><time>2025-05-02T13:00:22.000Z</time></trkpt>
      <trkpt lat="52.736831" lon="-1.363709"><ele>137.9</ele><time>2025-05-02T13:00:23.000Z</time></trkpt>
      <trkpt lat="52.736844" lon="-1.363696"><ele>138.0</ele><time>2025-05-02T13:00:24.000Z</time></trkpt>
      <trkpt lat="52.736856" lon="-1.363682"><ele>138.0</ele><time>2025-05-02T13:00:25.000Z</time></trkpt>
      <trkpt lat="52.736869" lon="-1.363669"><ele>138.1</ele><time>2025-05-02T13:00:26.000Z</time></trkpt>
      <trkpt lat="52.736882" lon="-1.363656"><ele>138.1</ele><time>2025-05-02T13:00:27.000Z</time></trkpt>
      <trkpt lat="52.736895" lon="-1.363642"><ele>138.1</ele><time>2025-05-02T13:00:28.000Z</time></trkpt>
      <trkpt lat="52.736907" lon="-1.363629"><ele>138.1</ele><time>2025-05-02T13:00:29.000Z</time></trkpt>
      <trkpt lat="52.736919" lon="-1.363615"><ele>138.1</ele><time>2025-05-02T13:00:30.000Z</time></trkpt>
      <trkpt lat="52.736931" lon="-1.363601"><ele>138.1</ele><time>2025-05-02T13:00:31.000Z</time></trkpt>
      <trkpt lat="52.736943" lon="-1.363587"><ele>138.1</ele><time>2025-05-02T13:00:32.000Z</time></trkpt>
      <trkpt lat="52.736954" lon="-1.363572"><ele>138.1</ele><time>2025-05-02T13:00:33.000Z</time></trkpt>
      <trkpt lat="52.736965" lon="-1.363556"><ele>138.0</ele><time>2025-05-02T13:00:34.000Z</time></trkpt>
      <trkpt lat="52.736975" lon="-1.363540"><ele>138.0</ele><time>2025-05-02T13:00:35.000Z</time></trkpt>
      <trkpt lat="52.736985" lon="-1.363524"><ele>138.0</ele><time>2025-05-02T13:00:36.000Z</time></trkpt>
      <trkpt lat="52.736994" lon="-1.363508"><ele>138.0</ele><time>2025-05-02T13:00:37.000Z</time></trkpt>
      <trkpt lat="52.737003" lon="-1.363492"><ele>138.1</ele><time>2025-05-02T13:00:38.000Z</time></trkpt>
      <trkpt lat="52.737012" lon="-1.363476"><ele>138.1</ele><time>2025-05-02T13:00:39.000Z</time></trkpt>
      <trkpt lat="52.737021" lon="-1.363459"><ele>138.1</ele><time>2025-05-02T13:00:40.000Z</time></trkpt>
      <trkpt lat="52.737029" lon="-1.363443"><ele>138.1</ele><time>2025-05-02T13:00:41.000Z</time></trkpt>
      <trkpt lat="52.737038" lon="-1.363428"><ele>138.1</ele><time>2025-05-02T13:00:42.000Z</time></trkpt>
      <trkpt lat="52.737047" lon="-1.363413"><ele>138.1</ele><time>2025-05-02T13:00:43.000Z</time></trkpt>
      <trkpt lat="52.737057" lon="-1.363398"><ele>138.2</ele><time>2025-05-02T13:00:44.000Z</time></trkpt>
      <trkpt lat="52.737068" lon="-1.363382"><ele>138.2</ele><time>2025-05-02T13:00:45.000Z</time></trkpt>
      <trkpt lat="52.737078" lon="-1.363366"><ele>138.2</ele><time>2025-05-02T13:00:46.000Z</time></trkpt>
      <trkpt lat="52.737088" lon="-1.363350"><ele>138.2</ele><time>2025-05-02T13:00:47.000Z</time></trkpt>
      <trkpt lat="52.737099" lon="-1.363334"><ele>138.3</ele><time>2025-05-02T13:00:48.000Z</time></trkpt>
      <trkpt lat="52.737109" lon="-1.363319"><ele>138.3</ele><time>2025-05-02T13:00:49.000Z</time></trkpt>
      <trkpt lat="52.737118" lon="-1.363303"><ele>138.4</ele><time>2025-05-02T13:00:50.000Z</time></trkpt>
      <trkpt lat="52.737128" lon="-1.363286"><ele>138.4</ele><time>2025-05-02T13:00:51.000Z</time></trkpt>
      <trkpt lat="52.737137" lon="-1.363269"><ele>138.4</ele><time>2025-05-02T13:00:52.000Z</time></trkpt>
      <trkpt lat="52.737146" lon="-1.363253"><ele>138.4</ele><time>2025-05-02T13:00:53.000Z</time></trkpt>
      <trkpt lat="52.737155" lon="-1.363237"><ele>138.4</ele><time>2025-05-02T13:00:54.000Z</time></trkpt>
      <trkpt lat="52.737165" lon="-1.363221"><ele>138.5</ele><time>2025-05-02T13:00:55.000Z</time></trkpt>
      <trkpt lat="52.737176" lon="-1.363206"><ele>138.5</ele><time>2025-05-02T13:00:56.000Z</time></trkpt>
      <trkpt lat="52.737186" lon="-1.363192"><ele>138.5</ele><time>2025-05-02T13:00:57.000Z</time></trkpt>
      <trkpt lat="52.737197" lon="-1.363177"><ele>138.5</ele><time>2025-05-02T13:00:58.000Z</time></trkpt>
      <trkpt lat="52.737208" lon="-1.363162"><ele>138.5</ele><time>2025-05-02T13:00:59.000Z</time></trkpt>
      <trkpt lat="52.737219" lon="-1.363147"><ele>138.5</ele><time>2025-05-02T13:01:00.000Z</time></trkpt>
      <trkpt lat="52.737230" lon="-1.363131"><ele>138.4</ele><time>2025-05-02T13:01:01.000Z</time></trkpt>
      <trkpt lat="52.737240" lon="-1.363116"><ele>138.4</ele><time>2025-05-02T13:01:02.000Z</time></trkpt>
      <trkpt lat="52.737250" lon="-1.363100"><ele>138.4</ele><time>2025-05-02T13:01:03.000Z</time></trkpt>
      <trkpt lat="52.737260" lon="-1.363084"><ele>138.3</ele><time>2025-05-02T13:01:04.000Z</time></trkpt>
      <trkpt lat="52.737270" lon="-1.363067"><ele>138.3</ele><time>2025-05-02T13:01:05.000Z</time></trkpt>
      <trkpt lat="52.737280" lon="-1.363051"><ele>138.3</ele><time>2025-05-02T13:01:06.000Z</time></trkpt>
      <trkpt lat="52.737290" lon="-1.363036"><ele>138.3</ele><time>2025-05-02T13:01:07.000Z</time></trkpt>
      <trkpt lat="52.737301" lon="-1.363021"><ele>138.3</ele><time>2025-05-02T13:01:08.000Z</time></trkpt>
      <trkpt lat="52.737311" lon="-1.363006"><ele>138.2</ele><time>2025-05-02T13:01:09.000Z</time></trkpt>
      <trkpt lat="52.737322" lon="-1.362991"><ele>138.2</ele><time>2025-05-02T13:01:10.000Z</time></trkpt>
      <trkpt lat="52.737332" lon="-1.362976"><ele>138.2</ele><time>2025-05-02T13:01:11.000Z</time></trkpt>
      <trkpt lat="52.737343" lon="-1.362962"><ele>138.2</ele><time>2025-05-02T13:01:12.000Z</time></trkpt>
      <trkpt lat="52.737354" lon="-1.362947"><ele>138.3</ele><time>2025-05-02T13:01:13.000Z</time></trkpt>
      <trkpt lat="52.737364" lon="-1.362932"><ele>138.3</ele><time>2025-05-02T13:01:14.000Z</time></trkpt>
      <trkpt lat="52.737375" lon="-1.362917"><ele>138.3</ele><time>2025-05-02T13:01:15.000Z</time></trkpt>
      <trkpt lat="52.737386" lon="-1.362903"><ele>138.3</ele><time>2025-05-02T13:01:16.000Z</time></trkpt>
      <trkpt lat="52.737396" lon="-1.362888"><ele>138.3</ele><time>2025-05-02T13:01:17.000Z</time></trkpt>
      <trkpt lat="52.737405" lon="-1.362873"><ele>138.3</ele><time>2025-05-02T13:01:18.000Z</time></trkpt>
      <trkpt lat="52.737414" lon="-1.362856"><ele>138.3</ele><time>2025-05-02T13:01:19.000Z</time></trkpt>
      <trkpt lat="52.737422" lon="-1.362838"><ele>138.2</ele><time>2025-05-02T13:01:20.000Z</time></trkpt>
      <trkpt lat="52.737430" lon="-1.362820"><ele>138.2</ele><time>2025-05-02T13:01:21.000Z</time></trkpt>
      <trkpt lat="52.737439" lon="-1.362804"><ele>138.2</ele><time>2025-05-02T13:01:22.000Z</time></trkpt>
      <trkpt lat="52.737447" lon="-1.362789"><ele>138.1</ele><time>2025-05-02T13:01:23.000Z</time></trkpt>
      <trkpt lat="52.737455" lon="-1.362774"><ele>138.1</ele><time>2025-05-02T13:01:24.000Z</time></trkpt>
      <trkpt lat="52.737464" lon="-1.362759"><ele>138.0</ele><time>2025-05-02T13:01:25.000Z</time></trkpt>
      <trkpt lat="52.737473" lon="-1.362744"><ele>138.0</ele><time>2025-05-02T13:01:26.000Z</time></trkpt>
      <trkpt lat="52.737482" lon="-1.362729"><ele>138.0</ele><time>2025-05-02T13:01:27.000Z</time></trkpt>
      <trkpt lat="52.737492" lon="-1.362716"><ele>137.9</ele><time>2025-05-02T13:01:28.000Z</time></trkpt>
      <trkpt lat="52.737502" lon="-1.362701"><ele>137.9</ele><time>2025-05-02T13:01:29.000Z</time></trkpt>
      <trkpt lat="52.737513" lon="-1.362686"><ele>137.8</ele><time>2025-05-02T13:01:30.000Z</time></trkpt>
      <trkpt lat="52.737523" lon="-1.362670"><ele>137.8</ele><time>2025-05-02T13:01:31.000Z</time></trkpt>
      <trkpt lat="52.737533" lon="-1.362652"><ele>137.8</ele><time>2025-05-02T13:01:32.000Z</time></trkpt>
      <trkpt lat="52.737542" lon="-1.362635"><ele>137.8</ele><time>2025-05-02T13:01:33.000Z</time></trkpt>
      <trkpt lat="52.737551" lon="-1.362619"><ele>137.7</ele><time>2025-05-02T13:01:34.000Z</time></trkpt>
      <trkpt lat="52.737561" lon="-1.362603"><ele>137.7</ele><time>2025-05-02T13:01:35.000Z</time></trkpt>
      <trkpt lat="52.737570" lon="-1.362588"><ele>137.7</ele><time>2025-05-02T13:01:36.000Z</time></trkpt>
      <trkpt lat="52.737579" lon="-1.362573"><ele>137.7</ele><time>2025-05-02T13:01:37.000Z</time></trkpt>
      <trkpt lat="52.737588" lon="-1.362557"><ele>137.7</ele><time>2025-05-02T13:01:38.000Z</time></trkpt>
      <trkpt lat="52.737597" lon="-1.362541"><ele>137.7</ele><time>2025-05-02T13:01:39.000Z</time></trkpt>
      <trkpt lat="52.737607" lon="-1.362525"><ele>137.7</ele><time>2025-05-02T13:01:40.000Z</time></trkpt>
      <trkpt lat="52.737616" lon="-1.362509"><ele>137.7</ele><time>2025-05-02T13:01:41.000Z</time></trkpt>
      <trkpt lat="52.737626" lon="-1.362492"><ele>137.7</ele><time>2025-05-02T13:01:42.000Z</time></trkpt>
      <trkpt lat="52.737637" lon="-1.362476"><ele>137.7</ele><time>2025-05-02T13:01:43.000Z</time></trkpt>
      <trkpt lat="52.737647" lon="-1.362460"><ele>137.7</ele><time>2025-05-02T13:01:44.000Z</time></trkpt>
      <trkpt lat="52.737657" lon="-1.362445"><ele>137.7</ele><time>2025-05-02T13:01:45.000Z</time></trkpt>
      <trkpt lat="52.737667" lon="-1.362429"><ele>137.7</ele><time>2025-05-02T13:01:46.000Z</time></trkpt>
      <trkpt lat="52.737677" lon="-1.362414"><ele>137.7</ele><time>2025-05-02T13:01:47.000Z</time></trkpt>
      <trkpt lat="52.737687" lon="-1.362400"><ele>137.7</ele><time>2025-05-02T13:01:48.000Z</time></trkpt>
      <trkpt lat="52.737698" lon="-1.362385"><ele>137.7</ele><time>2025-05-02T13:01:49.000Z</time></trkpt>
      <trkpt lat="52.737708" lon="-1.362371"><ele>137.7</ele><time>2025-05-02T13:01:50.000Z</time></trkpt>
      <trkpt lat="52.737718" lon="-1.362355"><ele>137.7</ele><time>2025-05-02T13:01:51.000Z</time></trkpt>
      <trkpt lat="52.737727" lon="-1.362337"><ele>137.7</ele><time>2025-05-02T13:01:52.000Z</time></trkpt>
      <trkpt lat="52.737736" lon="-1.362319"><ele>137.7</ele><time>2025-05-02T13:01:53.000Z</time></trkpt>
      <trkpt lat="52.737745" lon="-1.362300"><ele>137.7</ele><time>2025-05-02T13:01:54.000Z</time></trkpt>
      <trkpt lat="52.737754" lon="-1.362283"><ele>137.8</ele><time>2025-05-02T13:01:55.000Z</time></trkpt>
      <trkpt lat="52.737764" lon="-1.362267"><ele>137.8</ele><time>2025-05-02T13:01:56.000Z</time></trkpt>
      <trkpt lat="52.737773" lon="-1.362252"><ele>137.8</ele><time>2025-05-02T13:01:57.000Z</time></trkpt>
      <trkpt lat="52.737783" lon="-1.362237"><ele>137.8</ele><time>2025-05-02T13:01:58.000Z</time></trkpt>
      <trkpt lat="52.737792" lon="-1.362222"><ele>137.8</ele><time>2025-05-02T13:01:59.000Z</time></trkpt>
      <trkpt lat="52.737801" lon="-1.362206"><ele>137.8</ele><time>2025-05-02T13:02:00.000Z</time></trkpt>
      <trkpt lat="52.737810" lon="-1.362190"><ele>137.8</ele><time>2025-05-02T13:02:01.000Z</time></trkpt>
      <trkpt lat="52.737818" lon="-1.362174"><ele>137.8</ele><time>2025-05-02T13:02:02.000Z</time></trkpt>
      <trkpt lat="52.737827" lon="-1.362159"><ele>137.8</ele><time>2025-05-02T13:02:03.000Z</time></trkpt>
      <trkpt lat="52.737837" lon="-1.362145"><ele>137.8</ele><time>2025-05-02T13:02:04.000Z</time></trkpt>
      <trkpt lat="52.737848" lon="-1.362130"><ele>137.8</ele><time>2025-05-02T13:02:05.000Z</time></trkpt>
      <trkpt lat="52.737858" lon="-1.362115"><ele>137.8</ele><time>2025-05-02T13:02:06.000Z</time></trkpt>
      <trkpt lat="52.737869" lon="-1.362100"><ele>137.8</ele><time>2025-05-02T13:02:07.000Z</time></trkpt>
      <trkpt lat="52.737879" lon="-1.362086"><ele>137.8</ele><time>2025-05-02T13:02:08.000Z</time></trkpt>
      <trkpt lat="52.737890" lon="-1.362071"><ele>137.7</ele><time>2025-05-02T13:02:09.000Z</time></trkpt>
      <trkpt lat="52.737900" lon="-1.362056"><ele>137.7</ele><time>2025-05-02T13:02:10.000Z</time></trkpt>
      <trkpt lat="52.737909" lon="-1.362041"><ele>137.6</ele><time>2025-05-02T13:02:11.000Z</time></trkpt>
      <trkpt lat="52.737918" lon="-1.362025"><ele>137.6</ele><time>2025-05-02T13:02:12.000Z</time></trkpt>
      <trkpt lat="52.737927" lon="-1.362009"><ele>137.5</ele><time>2025-05-02T13:02:13.000Z</time></trkpt>
      <trkpt lat="52.737935" lon="-1.361992"><ele>137.5</ele><time>2025-05-02T13:02:14.000Z</time></trkpt>
      <trkpt lat="52.737943" lon="-1.361975"><ele>137.5</ele><time>2025-05-02T13:02:15.000Z</time></trkpt>
      <trkpt lat="52.737952" lon="-1.361959"><ele>137.4</ele><time>2025-05-02T13:02:16.000Z</time></trkpt>
      <trkpt lat="52.737961" lon="-1.361944"><ele>137.4</ele><time>2025-05-02T13:02:17.000Z</time></trkpt>
      <trkpt lat="52.737970" lon="-1.361928"><ele>137.4</ele><time>2025-05-02T13:02:18.000Z</time></trkpt>
      <trkpt lat="52.737980" lon="-1.361912"><ele>137.3</ele><time>2025-05-02T13:02:19.000Z</time></trkpt>
      <trkpt lat="52.737990" lon="-1.361897"><ele>137.3</ele><time>2025-05-02T13:02:20.000Z</time></trkpt>
      <trkpt lat="52.738000" lon="-1.361881"><ele>137.3</ele><time>2025-05-02T13:02:21.000Z</time></trkpt>
      <trkpt lat="52.738010" lon="-1.361866"><ele>137.3</ele><time>2025-05-02T13:02:22.000Z</time></trkpt>
      <trkpt lat="52.738020" lon="-1.361851"><ele>137.2</ele><time>2025-05-02T13:02:23.000Z</time></trkpt>
      <trkpt lat="52.738030" lon="-1.361835"><ele>137.2</ele><time>2025-05-02T13:02:24.000Z</time></trkpt>
      <trkpt lat="52.738040" lon="-1.361819"><ele>137.2</ele><time>2025-05-02T13:02:25.000Z</time></trkpt>
      <trkpt lat="52.738048" lon="-1.361801"><ele>137.2</ele><time>2025-05-02T13:02:26.000Z</time></trkpt>
      <trkpt lat="52.738057" lon="-1.361782"><ele>137.2</ele><time>2025-05-02T13:02:27.000Z</time></trkpt>
      <trkpt lat="52.738065" lon="-1.361764"><ele>137.1</ele><time>2025-05-02T13:02:28.000Z</time></trkpt>
      <trkpt lat="52.738074" lon="-1.361747"><ele>137.1</ele><time>2025-05-02T13:02:29.000Z</time></trkpt>
      <trkpt lat="52.738085" lon="-1.361733"><ele>137.1</ele><time>2025-05-02T13:02:30.000Z</time></trkpt>
      <trkpt lat="52.738095" lon="-1.361719"><ele>137.0</ele><time>2025-05-02T13:02:31.000Z</time></trkpt>
      <trkpt lat="52.738105" lon="-1.361706"><ele>137.0</ele><time>2025-05-02T13:02:32.000Z</time></trkpt>
      <trkpt lat="52.738115" lon="-1.361692"><ele>137.0</ele><time>2025-05-02T13:02:33.000Z</time></trkpt>
      <trkpt lat="52.738125" lon="-1.361678"><ele>136.9</ele><time>2025-05-02T13:02:34.000Z</time></trkpt>
      <trkpt lat="52.738135" lon="-1.361663"><ele>136.9</ele><time>2025-05-02T13:02:35.000Z</time></trkpt>
      <trkpt lat="52.738146" lon="-1.361648"><ele>136.8</ele><time>2025-05-02T13:02:36.000Z</time></trkpt>
      <trkpt lat="52.738156" lon="-1.361633"><ele>136.8</ele><time>2025-05-02T13:02:37.000Z</time></trkpt>
      <trkpt lat="52.738167" lon="-1.361617"><ele>136.7</ele><time>2025-05-02T13:02:38.000Z</time></trkpt>
      <trkpt lat="52.738177" lon="-1.361602"><ele>136.7</ele><time>2025-05-02T13:02:39.000Z</time></trkpt>
      <trkpt lat="52.738187" lon="-1.361587"><ele>136.6</ele><time>2025-05-02T13:02:40.000Z</time></trkpt>
      <trkpt lat="52.738198" lon="-1.361572"><ele>136.5</ele><time>2025-05-02T13:02:41.000Z</time></trkpt>
      <trkpt lat="52.738208" lon="-1.361559"><ele>136.5</ele><time>2025-05-02T13:02:42.000Z</time></trkpt>
      <trkpt lat="52.738219" lon="-1.361546"><ele>136.4</ele><time>2025-05-02T13:02:43.000Z</time></trkpt>
      <trkpt lat="52.738230" lon="-1.361533"><ele>136.4</ele><time>2025-05-02T13:02:44.000Z</time></trkpt>
      <trkpt lat="52.738240" lon="-1.361519"><ele>136.3</ele><time>2025-05-02T13:02:45.000Z</time></trkpt>
      <trkpt lat="52.738250" lon="-1.361504"><ele>136.3</ele><time>2025-05-02T13:02:46.000Z</time></trkpt>
      <trkpt lat="52.738260" lon="-1.361489"><ele>136.2</ele><time>2025-05-02T13:02:47.000Z</time></trkpt>
      <trkpt lat="52.738269" lon="-1.361474"><ele>136.2</ele><time>2025-05-02T13:02:48.000Z</time></trkpt>
      <trkpt lat="52.738279" lon="-1.361460"><ele>136.2</ele><time>2025-05-02T13:02:49.000Z</time></trkpt>
      <trkpt lat="52.738289" lon="-1.361445"><ele>136.2</ele><time>2025-05-02T13:02:50.000Z</time></trkpt>
      <trkpt lat="52.738299" lon="-1.361431"><ele>136.1</ele><time>2025-05-02T13:02:51.000Z</time></trkpt>
      <trkpt lat="52.738309" lon="-1.361415"><ele>136.1</ele><time>2025-05-02T13:02:52.000Z</time></trkpt>
      <trkpt lat="52.738319" lon="-1.361399"><ele>136.1</ele><time>2025-05-02T13:02:53.000Z</time></trkpt>
      <trkpt lat="52.738328" lon="-1.361382"><ele>136.1</ele><time>2025-05-02T13:02:54.000Z</time></trkpt>
      <trkpt lat="52.738338" lon="-1.361365"><ele>136.2</ele><time>2025-05-02T13:02:55.000Z</time></trkpt>
      <trkpt lat="52.738348" lon="-1.361349"><ele>136.2</ele><time>2025-05-02T13:02:56.000Z</time></trkpt>
      <trkpt lat="52.738358" lon="-1.361332"><ele>136.2</ele><time>2025-05-02T13:02:57.000Z</time></trkpt>
      <trkpt lat="52.738367" lon="-1.361316"><ele>136.2</ele><time>2025-05-02T13:02:58.000Z</time></trkpt>
      <trkpt lat="52.738377" lon="-1.361298"><ele>136.3</ele><time>2025-05-02T13:02:59.000Z</time></trkpt>
      <trkpt lat="52.738386" lon="-1.361281"><ele>136.3</ele><time>2025-05-02T13:03:00.000Z</time></trkpt>
      <trkpt lat="52.738395" lon="-1.361263"><ele>136.3</ele><time>2025-05-02T13:03:01.000Z</time></trkpt>
      <trkpt lat="52.738403" lon="-1.361244"><ele>136.4</ele><time>2025-05-02T13:03:02.000Z</time></trkpt>
      <trkpt lat="52.738411" lon="-1.361226"><ele>136.4</ele><time>2025-05-02T13:03:03.000Z</time></trkpt>
      <trkpt lat="52.738420" lon="-1.361208"><ele>136.5</ele><time>2025-05-02T13:03:04.000Z</time></trkpt>
      <trkpt lat="52.738428" lon="-1.361189"><ele>136.5</ele><time>2025-05-02T13:03:05.000Z</time></trkpt>
      <trkpt lat="52.738436" lon="-1.361171"><ele>136.5</ele><time>2025-05-02T13:03:06.000Z</time></trkpt>
      <trkpt lat="52.738443" lon="-1.361152"><ele>136.6</ele><time>2025-05-02T13:03:07.000Z</time></trkpt>
      <trkpt lat="52.738451" lon="-1.361133"><ele>136.6</ele><time>2025-05-02T13:03:08.000Z</time></trkpt>
      <trkpt lat="52.738459" lon="-1.361115"><ele>136.6</ele><time>2025-05-02T13:03:09.000Z</time></trkpt>
      <trkpt lat="52.738467" lon="-1.361096"><ele>136.6</ele><time>2025-05-02T13:03:10.000Z</time></trkpt>
      <trkpt lat="52.738476" lon="-1.361077"><ele>136.7</ele><time>2025-05-02T13:03:11.000Z</time></trkpt>
      <trkpt lat="52.738484" lon="-1.361059"><ele>136.7</ele><time>2025-05-02T13:03:12.000Z</time></trkpt>
      <trkpt lat="52.738492" lon="-1.361040"><ele>136.7</ele><time>2025-05-02T13:03:13.000Z</time></trkpt>
      <trkpt lat="52.738501" lon="-1.361023"><ele>136.7</ele><time>2025-05-02T13:03:14.000Z</time></trkpt>
      <trkpt lat="52.738509" lon="-1.361005"><ele>136.8</ele><time>2025-05-02T13:03:15.000Z</time></trkpt>
      <trkpt lat="52.738518" lon="-1.360988"><ele>136.8</ele><time>2025-05-02T13:03:16.000Z</time></trkpt>
      <trkpt lat="52.738527" lon="-1.360972"><ele>136.8</ele><time>2025-05-02T13:03:17.000Z</time></trkpt>
      <trkpt lat="52.738536" lon="-1.360955"><ele>136.8</ele><time>2025-05-02T13:03:18.000Z</time></trkpt>
      <trkpt lat="52.738545" lon="-1.360939"><ele>136.9</ele><time>2025-05-02T13:03:19.000Z</time></trkpt>
      <trkpt lat="52.738554" lon="-1.360922"><ele>136.9</ele><time>2025-05-02T13:03:20.000Z</time></trkpt>
      <trkpt lat="52.738564" lon="-1.360906"><ele>137.0</ele><time>2025-05-02T13:03:21.000Z</time></trkpt>
      <trkpt lat="52.738573" lon="-1.360889"><ele>137.0</ele><time>2025-05-02T13:03:22.000Z</time></trkpt>
      <trkpt lat="52.738582" lon="-1.360874"><ele>137.1</ele><time>2025-05-02T13:03:23.000Z</time></trkpt>
      <trkpt lat="52.738592" lon="-1.360859"><ele>137.1</ele><time>2025-05-02T13:03:24.000Z</time></trkpt>
      <trkpt lat="52.738602" lon="-1.360845"><ele>137.2</ele><time>2025-05-02T13:03:25.000Z</time></trkpt>
      <trkpt lat="52.738613" lon="-1.360831"><ele>137.3</ele><time>2025-05-02T13:03:26.000Z</time></trkpt>
      <trkpt lat="52.738623" lon="-1.360816"><ele>137.3</ele><time>2025-05-02T13:03:27.000Z</time></trkpt>
      <trkpt lat="52.738631" lon="-1.360799"><ele>137.4</ele><time>2025-05-02T13:03:28.000Z</time></trkpt>
      <trkpt lat="52.738638" lon="-1.360780"><ele>137.5</ele><time>2025-05-02T13:03:29.000Z</time></trkpt>
      <trkpt lat="52.738644" lon="-1.360761"><ele>137.6</ele><time>2025-05-02T13:03:30.000Z</time></trkpt>
      <trkpt lat="52.738649" lon="-1.360744"><ele>137.6</ele><time>2025-05-02T13:03:31.000Z</time></trkpt>
      <trkpt lat="52.738655" lon="-1.360728"><ele>137.7</ele><time>2025-05-02T13:03:32.000Z</time></trkpt>
      <trkpt lat="52.738661" lon="-1.360712"><ele>137.8</ele><time>2025-05-02T13:03:33.000Z</time></trkpt>
      <trkpt lat="52.738669" lon="-1.360695"><ele>137.9</ele><time>2025-05-02T13:03:34.000Z</time></trkpt>
      <trkpt lat="52.738677" lon="-1.360677"><ele>138.0</ele><time>2025-05-02T13:03:35.000Z</time></trkpt>
      <trkpt lat="52.738685" lon="-1.360661"><ele>138.1</ele><time>2025-05-02T13:03:36.000Z</time></trkpt>
      <trkpt lat="52.738692" lon="-1.360643"><ele>138.2</ele><time>2025-05-02T13:03:37.000Z</time></trkpt>
      <trkpt lat="52.738699" lon="-1.360625"><ele>138.3</ele><time>2025-05-02T13:03:38.000Z</time></trkpt>
      <trkpt lat="52.738706" lon="-1.360606"><ele>138.4</ele><time>2025-05-02T13:03:39.000Z</time></trkpt>
      <trkpt lat="52.738711" lon="-1.360588"><ele>138.5</ele><time>2025-05-02T13:03:40.000Z</time></trkpt>
      <trkpt lat="52.738716" lon="-1.360571"><ele>138.6</ele><time>2025-05-02T13:03:41.000Z</time></trkpt>
      <trkpt lat="52.738721" lon="-1.360553"><ele>138.6</ele><time>2025-05-02T13:03:42.000Z</time></trkpt>
      <trkpt lat="52.738725" lon="-1.360535"><ele>138.7</ele><time>2025-05-02T13:03:43.000Z</time></trkpt>
      <trkpt lat="52.738729" lon="-1.360514"><ele>138.7</ele><time>2025-05-02T13:03:44.000Z</time></trkpt>
      <trkpt lat="52.738735" lon="-1.360492"><ele>138.8</ele><time>2025-05-02T13:03:45.000Z</time></trkpt>
      <trkpt lat="52.738741" lon="-1.360470"><ele>138.8</ele><time>2025-05-02T13:03:46.000Z</time></trkpt>
      <trkpt lat="52.738747" lon="-1.360448"><ele>138.8</ele><time>2025-05-02T13:03:47.000Z</time></trkpt>
      <trkpt lat="52.738753" lon="-1.360426"><ele>138.9</ele><time>2025-05-02T13:03:48.000Z</time></trkpt>
      <trkpt lat="52.738758" lon="-1.360404"><ele>138.9</ele><time>2025-05-02T13:03:49.000Z</time></trkpt>
      <trkpt lat="52.738763" lon="-1.360383"><ele>138.9</ele><time>2025-05-02T13:03:50.000Z</time></trkpt>
      <trkpt lat="52.738769" lon="-1.360363"><ele>138.8</ele><time>2025-05-02T13:03:51.000Z</time></trkpt>
      <trkpt lat="52.738776" lon="-1.360344"><ele>138.8</ele><time>2025-05-02T13:03:52.000Z</time></trkpt>
      <trkpt lat="52.738783" lon="-1.360326"><ele>138.8</ele><time>2025-05-02T13:03:53.000Z</time></trkpt>
      <trkpt lat="52.738790" lon="-1.360306"><ele>138.8</ele><time>2025-05-02T13:03:54.000Z</time></trkpt>
      <trkpt lat="52.738797" lon="-1.360285"><ele>138.7</ele><time>2025-05-02T13:03:55.000Z</time></trkpt>
      <trkpt lat="52.738804" lon="-1.360264"><ele>138.7</ele><time>2025-05-02T13:03:56.000Z</time></trkpt>
      <trkpt lat="52.738811" lon="-1.360243"><ele>138.7</ele><time>2025-05-02T13:03:57.000Z</time></trkpt>
      <trkpt lat="52.738818" lon="-1.360222"><ele>138.6</ele><time>2025-05-02T13:03:58.000Z</time></trkpt>
      <trkpt lat="52.738824" lon="-1.360201"><ele>138.6</ele><time>2025-05-02T13:03:59.000Z</time></trkpt>
      <trkpt lat="52.738831" lon="-1.360182"><ele>138.6</ele><time>2025-05-02T13:04:00.000Z</time></trkpt>
      <trkpt lat="52.738837" lon="-1.360163"><ele>138.6</ele><time>2025-05-02T13:04:01.000Z</time></trkpt>
      <trkpt lat="52.738844" lon="-1.360144"><ele>138.6</ele><time>2025-05-02T13:04:02.000Z</time></trkpt>
      <trkpt lat="52.738852" lon="-1.360126"><ele>138.5</ele><time>2025-05-02T13:04:03.000Z</time></trkpt>
      <trkpt lat="52.738860" lon="-1.360109"><ele>138.5</ele><time>2025-05-02T13:04:04.000Z</time></trkpt>
      <trkpt lat="52.738868" lon="-1.360091"><ele>138.5</ele><time>2025-05-02T13:04:05.000Z</time></trkpt>
      <trkpt lat="52.738876" lon="-1.360073"><ele>138.5</ele><time>2025-05-02T13:04:06.000Z</time></trkpt>
      <trkpt lat="52.738884" lon="-1.360054"><ele>138.5</ele><time>2025-05-02T13:04:07.000Z</time></trkpt>
      <trkpt lat="52.738891" lon="-1.360036"><ele>138.5</ele><time>2025-05-02T13:04:08.000Z</time></trkpt>
      <trkpt lat="52.738897" lon="-1.360017"><ele>138.5</ele><time>2025-05-02T13:04:09.000Z</time></trkpt>
      <trkpt lat="52.738904" lon="-1.359999"><ele>138.5</ele><time>2025-05-02T13:04:10.000Z</time></trkpt>
      <trkpt lat="52.738910" lon="-1.359981"><ele>138.5</ele><time>2025-05-02T13:04:11.000Z</time></trkpt>
      <trkpt lat="52.738917" lon="-1.359963"><ele>138.6</ele><time>2025-05-02T13:04:12.000Z</time></trkpt>
      <trkpt lat="52.738924" lon="-1.359945"><ele>138.6</ele><time>2025-05-02T13:04:13.000Z</time></trkpt>
      <trkpt lat="52.738930" lon="-1.359927"><ele>138.6</ele><time>2025-05-02T13:04:14.000Z</time></trkpt>
      <trkpt lat="52.738936" lon="-1.359910"><ele>138.6</ele><time>2025-05-02T13:04:15.000Z</time></trkpt>
      <trkpt lat="52.738943" lon="-1.359893"><ele>138.6</ele><time>2025-05-02T13:04:16.000Z</time></trkpt>
      <trkpt lat="52.738951" lon="-1.359876"><ele>138.6</ele><time>2025-05-02T13:04:17.000Z</time></trkpt>
      <trkpt lat="52.738959" lon="-1.359859"><ele>138.6</ele><time>2025-05-02T13:04:18.000Z</time></trkpt>
      <trkpt lat="52.738966" lon="-1.359841"><ele>138.6</ele><time>2025-05-02T13:04:19.000Z</time></trkpt>
      <trkpt lat="52.738974" lon="-1.359822"><ele>138.6</ele><time>2025-05-02T13:04:20.000Z</time></trkpt>
      <trkpt lat="52.738981" lon="-1.359804"><ele>138.7</ele><time>2025-05-02T13:04:21.000Z</time></trkpt>
      <trkpt lat="52.738989" lon="-1.359786"><ele>138.7</ele><time>2025-05-02T13:04:22.000Z</time></trkpt>
      <trkpt lat="52.738996" lon="-1.359768"><ele>138.7</ele><time>2025-05-02T13:04:23.000Z</time></trkpt>
      <trkpt lat="52.739003" lon="-1.359749"><ele>138.8</ele><time>2025-05-02T13:04:24.000Z</time></trkpt>
      <trkpt lat="52.739009" lon="-1.359730"><ele>138.9</ele><time>2025-05-02T13:04:25.000Z</time></trkpt>
      <trkpt lat="52.739015" lon="-1.359710"><ele>138.9</ele><time>2025-05-02T13:04:26.000Z</time></trkpt>
      <trkpt lat="52.739021" lon="-1.359691"><ele>139.0</ele><time>2025-05-02T13:04:27.000Z</time></trkpt>
      <trkpt lat="52.739028" lon="-1.359673"><ele>139.0</ele><time>2025-05-02T13:04:28.000Z</time></trkpt>
      <trkpt lat="52.739035" lon="-1.359656"><ele>139.1</ele><time>2025-05-02T13:04:29.000Z</time></trkpt>
      <trkpt lat="52.739041" lon="-1.359638"><ele>139.1</ele><time>2025-05-02T13:04:30.000Z</time></trkpt>
      <trkpt lat="52.739048" lon="-1.359619"><ele>139.1</ele><time>2025-05-02T13:04:31.000Z</time></trkpt>
      <trkpt lat="52.739054" lon="-1.359600"><ele>139.2</ele><time>2025-05-02T13:04:32.000Z</time></trkpt>
      <trkpt lat="52.739061" lon="-1.359582"><ele>139.2</ele><time>2025-05-02T13:04:33.000Z</time></trkpt>
      <trkpt lat="52.739068" lon="-1.359565"><ele>139.2</ele><time>2025-05-02T13:04:34.000Z</time></trkpt>
      <trkpt lat="52.739075" lon="-1.359547"><ele>139.2</ele><time>2025-05-02T13:04:35.000Z</time></trkpt>
      <trkpt lat="52.739083" lon="-1.359529"><ele>139.2</ele><time>2025-05-02T13:04:36.000Z</time></trkpt>
      <trkpt lat="52.739090" lon="-1.359511"><ele>139.1</ele><time>2025-05-02T13:04:37.000Z</time></trkpt>
      <trkpt lat="52.739096" lon="-1.359494"><ele>139.1</ele><time>2025-05-02T13:04:38.000Z</time></trkpt>
      <trkpt lat="52.739102" lon="-1.359478"><ele>139.0</ele><time>2025-05-02T13:04:39.000Z</time></trkpt>
      <trkpt lat="52.739107" lon="-1.359461"><ele>139.0</ele><time>2025-05-02T13:04:40.000Z</time></trkpt>
      <trkpt lat="52.739113" lon="-1.359444"><ele>139.0</ele><time>2025-05-02T13:04:41.000Z</time></trkpt>
      <trkpt lat="52.739118" lon="-1.359427"><ele>138.9</ele><time>2025-05-02T13:04:42.000Z</time></trkpt>
      <trkpt lat="52.739124" lon="-1.359408"><ele>138.9</ele><time>2025-05-02T13:04:43.000Z</time></trkpt>
      <trkpt lat="52.739131" lon="-1.359390"><ele>138.8</ele><time>2025-05-02T13:04:44.000Z</time></trkpt>
      <trkpt lat="52.739136" lon="-1.359371"><ele>138.8</ele><time>2025-05-02T13:04:45.000Z</time></trkpt>
      <trkpt lat="52.739142" lon="-1.359353"><ele>138.7</ele><time>2025-05-02T13:04:46.000Z</time></trkpt>
      <trkpt lat="52.739148" lon="-1.359335"><ele>138.7</ele><time>2025-05-02T13:04:47.000Z</time></trkpt>
      <trkpt lat="52.739155" lon="-1.359317"><ele>138.7</ele><time>2025-05-02T13:04:48.000Z</time></trkpt>
      <trkpt lat="52.739161" lon="-1.359300"><ele>138.7</ele><time>2025-05-02T13:04:49.000Z</time></trkpt>
      <trkpt lat="52.739167" lon="-1.359283"><ele>138.7</ele><time>2025-05-02T13:04:50.000Z</time></trkpt>
      <trkpt lat="52.739173" lon="-1.359267"><ele>138.7</ele><time>2025-05-02T13:04:51.000Z</time></trkpt>
      <trkpt lat="52.739180" lon="-1.359250"><ele>138.7</ele><time>2025-05-02T13:04:52.000Z</time></trkpt>
      <trkpt lat="52.739187" lon="-1.359234"><ele>138.7</ele><time>2025-05-02T13:04:53.000Z</time></trkpt>
      <trkpt lat="52.739194" lon="-1.359217"><ele>138.7</ele><time>2025-05-02T13:04:54.000Z</time></trkpt>
      <trkpt lat="52.739200" lon="-1.359200"><ele>138.7</ele><time>2025-05-02T13:04:55.000Z</time></trkpt>
      <trkpt lat="52.739206" lon="-1.359183"><ele>138.7</ele><time>2025-05-02T13:04:56.000Z</time></trkpt>
      <trkpt lat="52.739212" lon="-1.359165"><ele>138.7</ele><time>2025-05-02T13:04:57.000Z</time></trkpt>
      <trkpt lat="52.739219" lon="-1.359147"><ele>138.7</ele><time>2025-05-02T13:04:58.000Z</time></trkpt>
      <trkpt lat="52.739226" lon="-1.359127"><ele>138.6</ele><time>2025-05-02T13:04:59.000Z</time></trkpt>
      <trkpt lat="52.739232" lon="-1.359108"><ele>138.6</ele><time>2025-05-02T13:05:00.000Z</time></trkpt>
      <trkpt lat="52.739238" lon="-1.359089"><ele>138.5</ele><time>2025-05-02T13:05:01.000Z</time></trkpt>
      <trkpt lat="52.739244" lon="-1.359070"><ele>138.4</ele><time>2025-05-02T13:05:02.000Z</time></trkpt>
      <trkpt lat="52.739249" lon="-1.359051"><ele>138.4</ele><time>2025-05-02T13:05:03.000Z</time></trkpt>
      <trkpt lat="52.739255" lon="-1.359034"><ele>138.3</ele><time>2025-05-02T13:05:04.000Z</time></trkpt>
      <trkpt lat="52.739261" lon="-1.359016"><ele>138.2</ele><time>2025-05-02T13:05:05.000Z</time></trkpt>
      <trkpt lat="52.739267" lon="-1.358999"><ele>138.1</ele><time>2025-05-02T13:05:06.000Z</time></trkpt>
      <trkpt lat="52.739274" lon="-1.358981"><ele>138.1</ele><time>2025-05-02T13:05:07.000Z</time></trkpt>
      <trkpt lat="52.739281" lon="-1.358964"><ele>138.0</ele><time>2025-05-02T13:05:08.000Z</time></trkpt>
      <trkpt lat="52.739288" lon="-1.358946"><ele>138.0</ele><time>2025-05-02T13:05:09.000Z</time></trkpt>
      <trkpt lat="52.739295" lon="-1.358928"><ele>137.9</ele><time>2025-05-02T13:05:10.000Z</time></trkpt>
      <trkpt lat="52.739302" lon="-1.358911"><ele>137.8</ele><time>2025-05-02T13:05:11.000Z</time></trkpt>
      <trkpt lat="52.739310" lon="-1.358895"><ele>137.8</ele><time>2025-05-02T13:05:12.000Z</time></trkpt>
      <trkpt lat="52.739317" lon="-1.358879"><ele>137.8</ele><time>2025-05-02T13:05:13.000Z</time></trkpt>
      <trkpt lat="52.739323" lon="-1.358863"><ele>137.7</ele><time>2025-05-02T13:05:14.000Z</time></trkpt>
      <trkpt lat="52.739330" lon="-1.358847"><ele>137.7</ele><time>2025-05-02T13:05:15.000Z</time></trkpt>
      <trkpt lat="52.739337" lon="-1.358832"><ele>137.7</ele><time>2025-05-02T13:05:16.000Z</time></trkpt>
      <trkpt lat="52.739343" lon="-1.358817"><ele>137.6</ele><time>2025-05-02T13:05:17.000Z</time></trkpt>
      <trkpt lat="52.739350" lon="-1.358802"><ele>137.6</ele><time>2025-05-02T13:05:18.000Z</time></trkpt>
      <trkpt lat="52.739356" lon="-1.358785"><ele>137.6</ele><time>2025-05-02T13:05:19.000Z</time></trkpt>
      <trkpt lat="52.739363" lon="-1.358769"><ele>137.5</ele><time>2025-05-02T13:05:20.000Z</time></trkpt>
      <trkpt lat="52.739369" lon="-1.358753"><ele>137.5</ele><time>2025-05-02T13:05:21.000Z</time></trkpt>
      <trkpt lat="52.739375" lon="-1.358736"><ele>137.5</ele><time>2025-05-02T13:05:22.000Z</time></trkpt>
      <trkpt lat="52.739381" lon="-1.358719"><ele>137.5</ele><time>2025-05-02T13:05:23.000Z</time></trkpt>
      <trkpt lat="52.739388" lon="-1.358702"><ele>137.5</ele><time>2025-05-02T13:05:24.000Z</time></trkpt>
      <trkpt lat="52.739395" lon="-1.358684"><ele>137.5</ele><time>2025-05-02T13:05:25.000Z</time></trkpt>
      <trkpt lat="52.739400" lon="-1.358664"><ele>137.6</ele><time>2025-05-02T13:05:26.000Z</time></trkpt>
      <trkpt lat="52.739406" lon="-1.358644"><ele>137.6</ele><time>2025-05-02T13:05:27.000Z</time></trkpt>
      <trkpt lat="52.739412" lon="-1.358624"><ele>137.6</ele><time>2025-05-02T13:05:28.000Z</time></trkpt>
      <trkpt lat="52.739418" lon="-1.358604"><ele>137.7</ele><time>2025-05-02T13:05:29.000Z</time></trkpt>
      <trkpt lat="52.739425" lon="-1.358584"><ele>137.7</ele><time>2025-05-02T13:05:30.000Z</time></trkpt>
      <trkpt lat="52.739431" lon="-1.358564"><ele>137.8</ele><time>2025-05-02T13:05:31.000Z</time></trkpt>
      <trkpt lat="52.739438" lon="-1.358545"><ele>137.8</ele><time>2025-05-02T13:05:32.000Z</time></trkpt>
      <trkpt lat="52.739444" lon="-1.358526"><ele>137.8</ele><time>2025-05-02T13:05:33.000Z</time></trkpt>
      <trkpt lat="52.739451" lon="-1.358508"><ele>137.9</ele><time>2025-05-02T13:05:34.000Z</time></trkpt>
      <trkpt lat="52.739458" lon="-1.358491"><ele>137.9</ele><time>2025-05-02T13:05:35.000Z</time></trkpt>
      <trkpt lat="52.739465" lon="-1.358473"><ele>137.9</ele><time>2025-05-02T13:05:36.000Z</time></trkpt>
      <trkpt lat="52.739471" lon="-1.358455"><ele>137.8</ele><time>2025-05-02T13:05:37.000Z</time></trkpt>
      <trkpt lat="52.739476" lon="-1.358435"><ele>137.8</ele><time>2025-05-02T13:05:38.000Z</time></trkpt>
      <trkpt lat="52.739482" lon="-1.358416"><ele>137.8</ele><time>2025-05-02T13:05:39.000Z</time></trkpt>
      <trkpt lat="52.739487" lon="-1.358397"><ele>137.8</ele><time>2025-05-02T13:05:40.000Z</time></trkpt>
      <trkpt lat="52.739493" lon="-1.358379"><ele>137.7</ele><time>2025-05-02T13:05:41.000Z</time></trkpt>
      <trkpt lat="52.739499" lon="-1.358362"><ele>137.7</ele><time>2025-05-02T13:05:42.000Z</time></trkpt>
      <trkpt lat="52.739504" lon="-1.358343"><ele>137.7</ele><time>2025-05-02T13:05:43.000Z</time></trkpt>
      <trkpt lat="52.739510" lon="-1.358324"><ele>137.6</ele><time>2025-05-02T13:05:44.000Z</time></trkpt>
      <trkpt lat="52.739517" lon="-1.358305"><ele>137.6</ele><time>2025-05-02T13:05:45.000Z</time></trkpt>
      <trkpt lat="52.739523" lon="-1.358285"><ele>137.6</ele><time>2025-05-02T13:05:46.000Z</time></trkpt>
      <trkpt lat="52.739530" lon="-1.358266"><ele>137.5</ele><time>2025-05-02T13:05:47.000Z</time></trkpt>
      <trkpt lat="52.739537" lon="-1.358247"><ele>137.5</ele><time>2025-05-02T13:05:48.000Z</time></trkpt>
      <trkpt lat="52.739546" lon="-1.358229"><ele>137.5</ele><time>2025-05-02T13:05:49.000Z</time></trkpt>
      <trkpt lat="52.739555" lon="-1.358211"><ele>137.6</ele><time>2025-05-02T13:05:50.000Z</time></trkpt>
      <trkpt lat="52.739564" lon="-1.358194"><ele>137.6</ele><time>2025-05-02T13:05:51.000Z</time></trkpt>
      <trkpt lat="52.739573" lon="-1.358175"><ele>137.7</ele><time>2025-05-02T13:05:52.000Z</time></trkpt>
      <trkpt lat="52.739581" lon="-1.358156"><ele>137.8</ele><time>2025-05-02T13:05:53.000Z</time></trkpt>
      <trkpt lat="52.739588" lon="-1.358137"><ele>137.8</ele><time>2025-05-02T13:05:54.000Z</time></trkpt>
      <trkpt lat="52.739595" lon="-1.358119"><ele>137.9</ele><time>2025-05-02T13:05:55.000Z</time></trkpt>
      <trkpt lat="52.739603" lon="-1.358099"><ele>138.0</ele><time>2025-05-02T13:05:56.000Z</time></trkpt>
      <trkpt lat="52.739610" lon="-1.358080"><ele>138.1</ele><time>2025-05-02T13:05:57.000Z</time></trkpt>
      <trkpt lat="52.739617" lon="-1.358060"><ele>138.1</ele><time>2025-05-02T13:05:58.000Z</time></trkpt>
      <trkpt lat="52.739625" lon="-1.358041"><ele>138.2</ele><time>2025-05-02T13:05:59.000Z</time></trkpt>
      <trkpt lat="52.739633" lon="-1.358022"><ele>138.3</ele><time>2025-05-02T13:06:00.000Z</time></trkpt>
      <trkpt lat="52.739641" lon="-1.358004"><ele>138.3</ele><time>2025-05-02T13:06:01.000Z</time></trkpt>
      <trkpt lat="52.739649" lon="-1.357987"><ele>138.4</ele><time>2025-05-02T13:06:02.000Z</time></trkpt>
      <trkpt lat="52.739658" lon="-1.357970"><ele>138.4</ele><time>2025-05-02T13:06:03.000Z</time></trkpt>
      <trkpt lat="52.739666" lon="-1.357953"><ele>138.4</ele><time>2025-05-02T13:06:04.000Z</time></trkpt>
      <trkpt lat="52.739674" lon="-1.357935"><ele>138.4</ele><time>2025-05-02T13:06:05.000Z</time></trkpt>
      <trkpt lat="52.739683" lon="-1.357918"><ele>138.4</ele><time>2025-05-02T13:06:06.000Z</time></trkpt>
      <trkpt lat="52.739691" lon="-1.357899"><ele>138.4</ele><time>2025-05-02T13:06:07.000Z</time></trkpt>
      <trkpt lat="52.739699" lon="-1.357881"><ele>138.3</ele><time>2025-05-02T13:06:08.000Z</time></trkpt>
      <trkpt lat="52.739707" lon="-1.357864"><ele>138.3</ele><time>2025-05-02T13:06:09.000Z</time></trkpt>
      <trkpt lat="52.739715" lon="-1.357847"><ele>138.3</ele><time>2025-05-02T13:06:10.000Z</time></trkpt>
      <trkpt lat="52.739723" lon="-1.357829"><ele>138.2</ele><time>2025-05-02T13:06:11.000Z</time></trkpt>
      <trkpt lat="52.739730" lon="-1.357811"><ele>138.2</ele><time>2025-05-02T13:06:12.000Z</time></trkpt>
      <trkpt lat="52.739736" lon="-1.357792"><ele>138.1</ele><time>2025-05-02T13:06:13.000Z</time></trkpt>
      <trkpt lat="52.739741" lon="-1.357772"><ele>138.1</ele><time>2025-05-02T13:06:14.000Z</time></trkpt>
      <trkpt lat="52.739746" lon="-1.357752"><ele>138.0</ele><time>2025-05-02T13:06:15.000Z</time></trkpt>
      <trkpt lat="52.739752" lon="-1.357733"><ele>137.9</ele><time>2025-05-02T13:06:16.000Z</time></trkpt>
      <trkpt lat="52.739758" lon="-1.357714"><ele>137.9</ele><time>2025-05-02T13:06:17.000Z</time></trkpt>
      <trkpt lat="52.739765" lon="-1.357695"><ele>137.8</ele><time>2025-05-02T13:06:18.000Z</time></trkpt>
      <trkpt lat="52.739772" lon="-1.357677"><ele>137.7</ele><time>2025-05-02T13:06:19.000Z</time></trkpt>
      <trkpt lat="52.739781" lon="-1.357658"><ele>137.7</ele><time>2025-05-02T13:06:20.000Z</time></trkpt>
      <trkpt lat="52.739789" lon="-1.357641"><ele>137.6</ele><time>2025-05-02T13:06:21.000Z</time></trkpt>
      <trkpt lat="52.739799" lon="-1.357624"><ele>137.5</ele><time>2025-05-02T13:06:22.000Z</time></trkpt>
      <trkpt lat="52.739808" lon="-1.357608"><ele>137.4</ele><time>2025-05-02T13:06:23.000Z</time></trkpt>
      <trkpt lat="52.739817" lon="-1.357592"><ele>137.3</ele><time>2025-05-02T13:06:24.000Z</time></trkpt>
      <trkpt lat="52.739827" lon="-1.357576"><ele>137.2</ele><time>2025-05-02T13:06:25.000Z</time></trkpt>
      <trkpt lat="52.739837" lon="-1.357561"><ele>137.2</ele><time>2025-05-02T13:06:26.000Z</time></trkpt>
      <trkpt lat="52.739847" lon="-1.357545"><ele>137.1</ele><time>2025-05-02T13:06:27.000Z</time></trkpt>
      <trkpt lat="52.739858" lon="-1.357529"><ele>137.0</ele><time>2025-05-02T13:06:28.000Z</time></trkpt>
      <trkpt lat="52.739867" lon="-1.357513"><ele>136.9</ele><time>2025-05-02T13:06:29.000Z</time></trkpt>
      <trkpt lat="52.739877" lon="-1.357497"><ele>136.9</ele><time>2025-05-02T13:06:30.000Z</time></trkpt>
      <trkpt lat="52.739887" lon="-1.357481"><ele>136.8</ele><time>2025-05-02T13:06:31.000Z</time></trkpt>
      <trkpt lat="52.739896" lon="-1.357466"><ele>136.8</ele><time>2025-05-02T13:06:32.000Z</time></trkpt>
      <trkpt lat="52.739904" lon="-1.357451"><ele>136.7</ele><time>2025-05-02T13:06:33.000Z</time></trkpt>
      <trkpt lat="52.739912" lon="-1.357436"><ele>136.7</ele><time>2025-05-02T13:06:34.000Z</time></trkpt>
      <trkpt lat="52.739920" lon="-1.357420"><ele>136.7</ele><time>2025-05-02T13:06:35.000Z</time></trkpt>
      <trkpt lat="52.739929" lon="-1.357404"><ele>136.6</ele><time>2025-05-02T13:06:36.000Z</time></trkpt>
      <trkpt lat="52.739938" lon="-1.357387"><ele>136.6</ele><time>2025-05-02T13:06:37.000Z</time></trkpt>
      <trkpt lat="52.739948" lon="-1.357371"><ele>136.6</ele><time>2025-05-02T13:06:38.000Z</time></trkpt>
      <trkpt lat="52.739959" lon="-1.357355"><ele>136.6</ele><time>2025-05-02T13:06:39.000Z</time></trkpt>
      <trkpt lat="52.739968" lon="-1.357339"><ele>136.6</ele><time>2025-05-02T13:06:40.000Z</time></trkpt>
      <trkpt lat="52.739978" lon="-1.357323"><ele>136.7</ele><time>2025-05-02T13:06:41.000Z</time></trkpt>
      <trkpt lat="52.739986" lon="-1.357308"><ele>136.7</ele><time>2025-05-02T13:06:42.000Z</time></trkpt>
      <trkpt lat="52.739994" lon="-1.357291"><ele>136.7</ele><time>2025-05-02T13:06:43.000Z</time></trkpt>
      <trkpt lat="52.740001" lon="-1.357274"><ele>136.7</ele><time>2025-05-02T13:06:44.000Z</time></trkpt>
      <trkpt lat="52.740009" lon="-1.357257"><ele>136.8</ele><time>2025-05-02T13:06:45.000Z</time></trkpt>
      <trkpt lat="52.740017" lon="-1.357241"><ele>136.8</ele><time>2025-05-02T13:06:46.000Z</time></trkpt>
      <trkpt lat="52.740026" lon="-1.357224"><ele>136.8</ele><time>2025-05-02T13:06:47.000Z</time></trkpt>
      <trkpt lat="52.740035" lon="-1.357209"><ele>136.8</ele><time>2025-05-02T13:06:48.000Z</time></trkpt>
      <trkpt lat="52.740045" lon="-1.357195"><ele>136.8</ele><time>2025-05-02T13:06:49.000Z</time></trkpt>
      <trkpt lat="52.740056" lon="-1.357182"><ele>136.8</ele><time>2025-05-02T13:06:50.000Z</time></trkpt>
      <trkpt lat="52.740068" lon="-1.357170"><ele>136.8</ele><time>2025-05-02T13:06:51.000Z</time></trkpt>
      <trkpt lat="52.740080" lon="-1.357159"><ele>136.8</ele><time>2025-05-02T13:06:52.000Z</time></trkpt>
      <trkpt lat="52.740091" lon="-1.357147"><ele>136.7</ele><time>2025-05-02T13:06:53.000Z</time></trkpt>
      <trkpt lat="52.740102" lon="-1.357135"><ele>136.7</ele><time>2025-05-02T13:06:54.000Z</time></trkpt>
      <trkpt lat="52.740112" lon="-1.357122"><ele>136.6</ele><time>2025-05-02T13:06:55.000Z</time></trkpt>
      <trkpt lat="52.740121" lon="-1.357110"><ele>136.6</ele><time>2025-05-02T13:06:56.000Z</time></trkpt>
      <trkpt lat="52.740128" lon="-1.357097"><ele>136.5</ele><time>2025-05-02T13:06:57.000Z</time></trkpt>
      <trkpt lat="52.740135" lon="-1.357083"><ele>136.4</ele><time>2025-05-02T13:06:58.000Z</time></trkpt>
      <trkpt lat="52.740142" lon="-1.357069"><ele>136.4</ele><time>2025-05-02T13:06:59.000Z</time></trkpt>
      <trkpt lat="52.740148" lon="-1.357055"><ele>136.3</ele><time>2025-05-02T13:07:00.000Z</time></trkpt>
      <trkpt lat="52.740157" lon="-1.357043"><ele>136.3</ele><time>2025-05-02T13:07:01.000Z</time></trkpt>
      <trkpt lat="52.740166" lon="-1.357032"><ele>136.2</ele><time>2025-05-02T13:07:02.000Z</time></trkpt>
      <trkpt lat="52.740175" lon="-1.357021"><ele>136.2</ele><time>2025-05-02T13:07:03.000Z</time></trkpt>
      <trkpt lat="52.740186" lon="-1.357010"><ele>136.1</ele><time>2025-05-02T13:07:04.000Z</time></trkpt>
      <trkpt lat="52.740198" lon="-1.356999"><ele>136.1</ele><time>2025-05-02T13:07:05.000Z</time></trkpt>
      <trkpt lat="52.740210" lon="-1.356987"><ele>136.1</ele><time>2025-05-02T13:07:06.000Z</time></trkpt>
      <trkpt lat="52.740223" lon="-1.356977"><ele>136.1</ele><time>2025-05-02T13:07:07.000Z</time></trkpt>
      <trkpt lat="52.740236" lon="-1.356968"><ele>136.1</ele><time>2025-05-02T13:07:08.000Z</time></trkpt>
      <trkpt lat="52.740250" lon="-1.356960"><ele>136.1</ele><time>2025-05-02T13:07:09.000Z</time></trkpt>
      <trkpt lat="52.740263" lon="-1.356952"><ele>136.1</ele><time>2025-05-02T13:07:10.000Z</time></trkpt>
      <trkpt lat="52.740277" lon="-1.356944"><ele>136.1</ele><time>2025-05-02T13:07:11.000Z</time></trkpt>
      <trkpt lat="52.740290" lon="-1.356935"><ele>136.1</ele><time>2025-05-02T13:07:12.000Z</time></trkpt>
      <trkpt lat="52.740302" lon="-1.356925"><ele>136.1</ele><time>2025-05-02T13:07:13.000Z</time></trkpt>
      <trkpt lat="52.740315" lon="-1.356913"><ele>136.1</ele><time>2025-05-02T13:07:14.000Z</time></trkpt>
      <trkpt lat="52.740327" lon="-1.356901"><ele>136.2</ele><time>2025-05-02T13:07:15.000Z</time></trkpt>
      <trkpt lat="52.740338" lon="-1.356889"><ele>136.2</ele><time>2025-05-02T13:07:16.000Z</time></trkpt>
      <trkpt lat="52.740349" lon="-1.356880"><ele>136.2</ele><time>2025-05-02T13:07:17.000Z</time></trkpt>
      <trkpt lat="52.740360" lon="-1.356873"><ele>136.2</ele><time>2025-05-02T13:07:18.000Z</time></trkpt>
      <trkpt lat="52.740370" lon="-1.356866"><ele>136.3</ele><time>2025-05-02T13:07:19.000Z</time></trkpt>
      <trkpt lat="52.740380" lon="-1.356858"><ele>136.3</ele><time>2025-05-02T13:07:20.000Z</time></trkpt>
      <trkpt lat="52.740391" lon="-1.356850"><ele>136.3</ele><time>2025-05-02T13:07:21.000Z</time></trkpt>
      <trkpt lat="52.740404" lon="-1.356839"><ele>136.4</ele><time>2025-05-02T13:07:22.000Z</time></trkpt>
      <trkpt lat="52.740416" lon="-1.356828"><ele>136.4</ele><time>2025-05-02T13:07:23.000Z</time></trkpt>
      <trkpt lat="52.740429" lon="-1.356817"><ele>136.4</ele><time>2025-05-02T13:07:24.000Z</time></trkpt>
      <trkpt lat="52.740441" lon="-1.356805"><ele>136.5</ele><time>2025-05-02T13:07:25.000Z</time></trkpt>
      <trkpt lat="52.740453" lon="-1.356793"><ele>136.5</ele><time>2025-05-02T13:07:26.000Z</time></trkpt>
      <trkpt lat="52.740465" lon="-1.356781"><ele>136.5</ele><time>2025-05-02T13:07:27.000Z</time></trkpt>
      <trkpt lat="52.740477" lon="-1.356769"><ele>136.5</ele><time>2025-05-02T13:07:28.000Z</time></trkpt>
      <trkpt lat="52.740490" lon="-1.356758"><ele>136.5</ele><time>2025-05-02T13:07:29.000Z</time></trkpt>
      <trkpt lat="52.740503" lon="-1.356750"><ele>136.5</ele><time>2025-05-02T13:07:30.000Z</time></trkpt>
      <trkpt lat="52.740517" lon="-1.356742"><ele>136.4</ele><time>2025-05-02T13:07:31.000Z</time></trkpt>
      <trkpt lat="52.740530" lon="-1.356735"><ele>136.4</ele><time>2025-05-02T13:07:32.000Z</time></trkpt>
      <trkpt lat="52.740544" lon="-1.356727"><ele>136.4</ele><time>2025-05-02T13:07:33.000Z</time></trkpt>
      <trkpt lat="52.740557" lon="-1.356719"><ele>136.4</ele><time>2025-05-02T13:07:34.000Z</time></trkpt>
      <trkpt lat="52.740570" lon="-1.356710"><ele>136.3</ele><time>2025-05-02T13:07:35.000Z</time></trkpt>
      <trkpt lat="52.740583" lon="-1.356701"><ele>136.3</ele><time>2025-05-02T13:07:36.000Z</time></trkpt>
      <trkpt lat="52.740595" lon="-1.356690"><ele>136.2</ele><time>2025-05-02T13:07:37.000Z</time></trkpt>
      <trkpt lat="52.740606" lon="-1.356678"><ele>136.2</ele><time>2025-05-02T13:07:38.000Z</time></trkpt>
      <trkpt lat="52.740615" lon="-1.356662"><ele>136.2</ele><time>2025-05-02T13:07:39.000Z</time></trkpt>
      <trkpt lat="52.740625" lon="-1.356647"><ele>136.2</ele><time>2025-05-02T13:07:40.000Z</time></trkpt>
      <trkpt lat="52.740634" lon="-1.356634"><ele>136.2</ele><time>2025-05-02T13:07:41.000Z</time></trkpt>
      <trkpt lat="52.740644" lon="-1.356622"><ele>136.2</ele><time>2025-05-02T13:07:42.000Z</time></trkpt>
      <trkpt lat="52.740655" lon="-1.356612"><ele>136.2</ele><time>2025-05-02T13:07:43.000Z</time></trkpt>
      <trkpt lat="52.740667" lon="-1.356603"><ele>136.3</ele><time>2025-05-02T13:07:44.000Z</time></trkpt>
      <trkpt lat="52.740680" lon="-1.356594"><ele>136.4</ele><time>2025-05-02T13:07:45.000Z</time></trkpt>
      <trkpt lat="52.740693" lon="-1.356587"><ele>136.5</ele><time>2025-05-02T13:07:46.000Z</time></trkpt>
      <trkpt lat="52.740708" lon="-1.356581"><ele>136.6</ele><time>2025-05-02T13:07:47.000Z</time></trkpt>
      <trkpt lat="52.740722" lon="-1.356574"><ele>136.7</ele><time>2025-05-02T13:07:48.000Z</time></trkpt>
      <trkpt lat="52.740736" lon="-1.356569"><ele>136.8</ele><time>2025-05-02T13:07:49.000Z</time></trkpt>
      <trkpt lat="52.740750" lon="-1.356564"><ele>136.9</ele><time>2025-05-02T13:07:50.000Z</time></trkpt>
      <trkpt lat="52.740762" lon="-1.356559"><ele>137.0</ele><time>2025-05-02T13:07:51.000Z</time></trkpt>
      <trkpt lat="52.740774" lon="-1.356555"><ele>137.1</ele><time>2025-05-02T13:07:52.000Z</time></trkpt>
      <trkpt lat="52.740784" lon="-1.356551"><ele>137.2</ele><time>2025-05-02T13:07:53.000Z</time></trkpt>
      <trkpt lat="52.740795" lon="-1.356547"><ele>137.3</ele><time>2025-05-02T13:07:54.000Z</time></trkpt>
      <trkpt lat="52.740806" lon="-1.356541"><ele>137.4</ele><time>2025-05-02T13:07:55.000Z</time></trkpt>
      <trkpt lat="52.740819" lon="-1.356533"><ele>137.4</ele><time>2025-05-02T13:07:56.000Z</time></trkpt>
      <trkpt lat="52.740832" lon="-1.356522"><ele>137.4</ele><time>2025-05-02T13:07:57.000Z</time></trkpt>
      <trkpt lat="52.740845" lon="-1.356510"><ele>137.5</ele><time>2025-05-02T13:07:58.000Z</time></trkpt>
      <trkpt lat="52.740858" lon="-1.356496"><ele>137.5</ele><time>2025-05-02T13:07:59.000Z</time></trkpt>
      <trkpt lat="52.740871" lon="-1.356482"><ele>137.4</ele><time>2025-05-02T13:08:00.000Z</time></trkpt>
      <trkpt lat="52.740884" lon="-1.356469"><ele>137.4</ele><time>2025-05-02T13:08:01.000Z</time></trkpt>
      <trkpt lat="52.740898" lon="-1.356458"><ele>137.3</ele><time>2025-05-02T13:08:02.000Z</time></trkpt>
      <trkpt lat="52.740913" lon="-1.356450"><ele>137.3</ele><time>2025-05-02T13:08:03.000Z</time></trkpt>
      <trkpt lat="52.740927" lon="-1.356443"><ele>137.2</ele><time>2025-05-02T13:08:04.000Z</time></trkpt>
      <trkpt lat="52.740942" lon="-1.356439"><ele>137.1</ele><time>2025-05-02T13:08:05.000Z</time></trkpt>
      <trkpt lat="52.740956" lon="-1.356434"><ele>137.0</ele><time>2025-05-02T13:08:06.000Z</time></trkpt>
      <trkpt lat="52.740969" lon="-1.356430"><ele>136.9</ele><time>2025-05-02T13:08:07.000Z</time></trkpt>
      <trkpt lat="52.740983" lon="-1.356427"><ele>136.8</ele><time>2025-05-02T13:08:08.000Z</time></trkpt>
      <trkpt lat="52.740997" lon="-1.356423"><ele>136.7</ele><time>2025-05-02T13:08:09.000Z</time></trkpt>
      <trkpt lat="52.741011" lon="-1.356419"><ele>136.6</ele><time>2025-05-02T13:08:10.000Z</time></trkpt>
      <trkpt lat="52.741024" lon="-1.356413"><ele>136.5</ele><time>2025-05-02T13:08:11.000Z</time></trkpt>
      <trkpt lat="52.741036" lon="-1.356408"><ele>136.4</ele><time>2025-05-02T13:08:12.000Z</time></trkpt>
      <trkpt lat="52.741049" lon="-1.356402"><ele>136.3</ele><time>2025-05-02T13:08:13.000Z</time></trkpt>
      <trkpt lat="52.741063" lon="-1.356398"><ele>136.2</ele><time>2025-05-02T13:08:14.000Z</time></trkpt>
      <trkpt lat="52.741076" lon="-1.356394"><ele>136.1</ele><time>2025-05-02T13:08:15.000Z</time></trkpt>
      <trkpt lat="52.741089" lon="-1.356390"><ele>136.0</ele><time>2025-05-02T13:08:16.000Z</time></trkpt>
      <trkpt lat="52.741103" lon="-1.356386"><ele>136.0</ele><time>2025-05-02T13:08:17.000Z</time></trkpt>
      <trkpt lat="52.741116" lon="-1.356382"><ele>135.9</ele><time>2025-05-02T13:08:18.000Z</time></trkpt>
      <trkpt lat="52.741129" lon="-1.356378"><ele>135.8</ele><time>2025-05-02T13:08:19.000Z</time></trkpt>
      <trkpt lat="52.741142" lon="-1.356374"><ele>135.8</ele><time>2025-05-02T13:08:20.000Z</time></trkpt>
      <trkpt lat="52.741156" lon="-1.356373"><ele>135.8</ele><time>2025-05-02T13:08:21.000Z</time></trkpt>
      <trkpt lat="52.741169" lon="-1.356372"><ele>135.7</ele><time>2025-05-02T13:08:22.000Z</time></trkpt>
      <trkpt lat="52.741182" lon="-1.356371"><ele>135.7</ele><time>2025-05-02T13:08:23.000Z</time></trkpt>
      <trkpt lat="52.741196" lon="-1.356368"><ele>135.6</ele><time>2025-05-02T13:08:24.000Z</time></trkpt>
      <trkpt lat="52.741208" lon="-1.356365"><ele>135.6</ele><time>2025-05-02T13:08:25.000Z</time></trkpt>
      <trkpt lat="52.741222" lon="-1.356362"><ele>135.6</ele><time>2025-05-02T13:08:25.000Z</time></trkpt>
      <trkpt lat="52.741235" lon="-1.356362"><ele>135.6</ele><time>2025-05-02T13:08:26.000Z</time></trkpt>
      <trkpt lat="52.741248" lon="-1.356364"><ele>135.6</ele><time>2025-05-02T13:08:27.000Z</time></trkpt>
      <trkpt lat="52.741261" lon="-1.356366"><ele>135.7</ele><time>2025-05-02T13:08:28.000Z</time></trkpt>
      <trkpt lat="52.741274" lon="-1.356365"><ele>135.7</ele><time>2025-05-02T13:08:29.000Z</time></trkpt>
      <trkpt lat="52.741287" lon="-1.356363"><ele>135.7</ele><time>2025-05-02T13:08:30.000Z</time></trkpt>
      <trkpt lat="52.741298" lon="-1.356361"><ele>135.7</ele><time>2025-05-02T13:08:31.000Z</time></trkpt>
      <trkpt lat="52.741309" lon="-1.356359"><ele>135.7</ele><time>2025-05-02T13:08:32.000Z</time></trkpt>
      <trkpt lat="52.741320" lon="-1.356358"><ele>135.6</ele><time>2025-05-02T13:08:33.000Z</time></trkpt>
      <trkpt lat="52.741332" lon="-1.356357"><ele>135.6</ele><time>2025-05-02T13:08:34.000Z</time></trkpt>
      <trkpt lat="52.741346" lon="-1.356358"><ele>135.6</ele><time>2025-05-02T13:08:35.000Z</time></trkpt>
      <trkpt lat="52.741361" lon="-1.356360"><ele>135.5</ele><time>2025-05-02T13:08:36.000Z</time></trkpt>
      <trkpt lat="52.741375" lon="-1.356362"><ele>135.5</ele><time>2025-05-02T13:08:37.000Z</time></trkpt>
      <trkpt lat="52.741389" lon="-1.356364"><ele>135.4</ele><time>2025-05-02T13:08:38.000Z</time></trkpt>
      <trkpt lat="52.741404" lon="-1.356366"><ele>135.4</ele><time>2025-05-02T13:08:39.000Z</time></trkpt>
      <trkpt lat="52.741418" lon="-1.356367"><ele>135.3</ele><time>2025-05-02T13:08:40.000Z</time></trkpt>
      <trkpt lat="52.741432" lon="-1.356366"><ele>135.3</ele><time>2025-05-02T13:08:41.000Z</time></trkpt>
      <trkpt lat="52.741446" lon="-1.356365"><ele>135.2</ele><time>2025-05-02T13:08:42.000Z</time></trkpt>
      <trkpt lat="52.741460" lon="-1.356363"><ele>135.2</ele><time>2025-05-02T13:08:43.000Z</time></trkpt>
      <trkpt lat="52.741475" lon="-1.356361"><ele>135.2</ele><time>2025-05-02T13:08:44.000Z</time></trkpt>
      <trkpt lat="52.741489" lon="-1.356360"><ele>135.1</ele><time>2025-05-02T13:08:45.000Z</time></trkpt>
      <trkpt lat="52.741504" lon="-1.356360"><ele>135.1</ele><time>2025-05-02T13:08:46.000Z</time></trkpt>
      <trkpt lat="52.741519" lon="-1.356361"><ele>135.1</ele><time>2025-05-02T13:08:47.000Z</time></trkpt>
      <trkpt lat="52.741535" lon="-1.356363"><ele>135.1</ele><time>2025-05-02T13:08:48.000Z</time></trkpt>
      <trkpt lat="52.741551" lon="-1.356365"><ele>135.2</ele><time>2025-05-02T13:08:50.000Z</time></trkpt>
      <trkpt lat="52.741566" lon="-1.356365"><ele>135.2</ele><time>2025-05-02T13:08:51.000Z</time></trkpt>
      <trkpt lat="52.741580" lon="-1.356364"><ele>135.2</ele><time>2025-05-02T13:08:52.000Z</time></trkpt>
      <trkpt lat="52.741595" lon="-1.356364"><ele>135.3</ele><time>2025-05-02T13:08:53.000Z</time></trkpt>
      <trkpt lat="52.741609" lon="-1.356364"><ele>135.4</ele><time>2025-05-02T13:08:54.000Z</time></trkpt>
      <trkpt lat="52.741623" lon="-1.356368"><ele>135.4</ele><time>2025-05-02T13:08:55.000Z</time></trkpt>
      <trkpt lat="52.741637" lon="-1.356375"><ele>135.5</ele><time>2025-05-02T13:08:56.000Z</time></trkpt>
      <trkpt lat="52.741652" lon="-1.356385"><ele>135.5</ele><time>2025-05-02T13:08:57.000Z</time></trkpt>
      <trkpt lat="52.741667" lon="-1.356395"><ele>135.5</ele><time>2025-05-02T13:08:58.000Z</time></trkpt>
      <trkpt lat="52.741682" lon="-1.356404"><ele>135.5</ele><time>2025-05-02T13:08:59.000Z</time></trkpt>
      <trkpt lat="52.741696" lon="-1.356410"><ele>135.5</ele><time>2025-05-02T13:09:00.000Z</time></trkpt>
      <trkpt lat="52.741710" lon="-1.356415"><ele>135.5</ele><time>2025-05-02T13:09:01.000Z</time></trkpt>
      <trkpt lat="52.741723" lon="-1.356420"><ele>135.5</ele><time>2025-05-02T13:09:02.000Z</time></trkpt>
      <trkpt lat="52.741734" lon="-1.356424"><ele>135.4</ele><time>2025-05-02T13:09:03.000Z</time></trkpt>
      <trkpt lat="52.741745" lon="-1.356428"><ele>135.4</ele><time>2025-05-02T13:09:04.000Z</time></trkpt>
      <trkpt lat="52.741756" lon="-1.356431"><ele>135.3</ele><time>2025-05-02T13:09:05.000Z</time></trkpt>
      <trkpt lat="52.741767" lon="-1.356435"><ele>135.2</ele><time>2025-05-02T13:09:06.000Z</time></trkpt>
      <trkpt lat="52.741779" lon="-1.356439"><ele>135.1</ele><time>2025-05-02T13:09:07.000Z</time></trkpt>
      <trkpt lat="52.741791" lon="-1.356443"><ele>135.0</ele><time>2025-05-02T13:09:08.000Z</time></trkpt>
      <trkpt lat="52.741803" lon="-1.356447"><ele>135.0</ele><time>2025-05-02T13:09:09.000Z</time></trkpt>
      <trkpt lat="52.741813" lon="-1.356451"><ele>134.9</ele><time>2025-05-02T13:09:10.000Z</time></trkpt>
      <trkpt lat="52.741822" lon="-1.356457"><ele>134.8</ele><time>2025-05-02T13:09:11.000Z</time></trkpt>
      <trkpt lat="52.741829" lon="-1.356465"><ele>134.7</ele><time>2025-05-02T13:09:12.000Z</time></trkpt>
      <trkpt lat="52.741834" lon="-1.356475"><ele>134.6</ele><time>2025-05-02T13:09:13.000Z</time></trkpt>
      <trkpt lat="52.741837" lon="-1.356490"><ele>134.6</ele><time>2025-05-02T13:09:14.000Z</time></trkpt>
      <trkpt lat="52.741838" lon="-1.356508"><ele>134.5</ele><time>2025-05-02T13:09:15.000Z</time></trkpt>
      <trkpt lat="52.741838" lon="-1.356530"><ele>134.5</ele><time>2025-05-02T13:09:16.000Z</time></trkpt>
      <trkpt lat="52.741836" lon="-1.356551"><ele>134.5</ele><time>2025-05-02T13:09:17.000Z</time></trkpt>
      <trkpt lat="52.741830" lon="-1.356570"><ele>134.5</ele><time>2025-05-02T13:09:18.000Z</time></trkpt>
      <trkpt lat="52.741823" lon="-1.356586"><ele>134.5</ele><time>2025-05-02T13:09:19.000Z</time></trkpt>
      <trkpt lat="52.741813" lon="-1.356602"><ele>134.5</ele><time>2025-05-02T13:09:20.000Z</time></trkpt>
      <trkpt lat="52.741802" lon="-1.356616"><ele>134.6</ele><time>2025-05-02T13:09:21.000Z</time></trkpt>
      <trkpt lat="52.741790" lon="-1.356630"><ele>134.6</ele><time>2025-05-02T13:09:22.000Z</time></trkpt>
      <trkpt lat="52.741779" lon="-1.356642"><ele>134.7</ele><time>2025-05-02T13:09:23.000Z</time></trkpt>
      <trkpt lat="52.741768" lon="-1.356654"><ele>134.8</ele><time>2025-05-02T13:09:24.000Z</time></trkpt>
      <trkpt lat="52.741757" lon="-1.356663"><ele>134.9</ele><time>2025-05-02T13:09:25.000Z</time></trkpt>
      <trkpt lat="52.741746" lon="-1.356670"><ele>135.0</ele><time>2025-05-02T13:09:26.000Z</time></trkpt>
      <trkpt lat="52.741735" lon="-1.356677"><ele>135.1</ele><time>2025-05-02T13:09:27.000Z</time></trkpt>
      <trkpt lat="52.741724" lon="-1.356685"><ele>135.3</ele><time>2025-05-02T13:09:28.000Z</time></trkpt>
      <trkpt lat="52.741714" lon="-1.356693"><ele>135.5</ele><time>2025-05-02T13:09:29.000Z</time></trkpt>
      <trkpt lat="52.741705" lon="-1.356702"><ele>135.7</ele><time>2025-05-02T13:09:30.000Z</time></trkpt>
      <trkpt lat="52.741696" lon="-1.356712"><ele>135.8</ele><time>2025-05-02T13:09:31.000Z</time></trkpt>
      <trkpt lat="52.741686" lon="-1.356722"><ele>136.0</ele><time>2025-05-02T13:09:32.000Z</time></trkpt>
      <trkpt lat="52.741675" lon="-1.356733"><ele>136.3</ele><time>2025-05-02T13:09:33.000Z</time></trkpt>
      <trkpt lat="52.741663" lon="-1.356746"><ele>136.5</ele><time>2025-05-02T13:09:34.000Z</time></trkpt>
      <trkpt lat="52.741651" lon="-1.356759"><ele>136.7</ele><time>2025-05-02T13:09:35.000Z</time></trkpt>
      <trkpt lat="52.741639" lon="-1.356773"><ele>136.9</ele><time>2025-05-02T13:09:36.000Z</time></trkpt>
      <trkpt lat="52.741627" lon="-1.356788"><ele>137.1</ele><time>2025-05-02T13:09:37.000Z</time></trkpt>
      <trkpt lat="52.741616" lon="-1.356804"><ele>137.3</ele><time>2025-05-02T13:09:38.000Z</time></trkpt>
      <trkpt lat="52.741606" lon="-1.356818"><ele>137.4</ele><time>2025-05-02T13:09:39.000Z</time></trkpt>
      <trkpt lat="52.741596" lon="-1.356828"><ele>137.6</ele><time>2025-05-02T13:09:40.000Z</time></trkpt>
      <trkpt lat="52.741585" lon="-1.356838"><ele>137.7</ele><time>2025-05-02T13:09:41.000Z</time></trkpt>
      <trkpt lat="52.741573" lon="-1.356848"><ele>137.8</ele><time>2025-05-02T13:09:42.000Z</time></trkpt>
      <trkpt lat="52.741561" lon="-1.356858"><ele>137.9</ele><time>2025-05-02T13:09:43.000Z</time></trkpt>
      <trkpt lat="52.741549" lon="-1.356870"><ele>137.9</ele><time>2025-05-02T13:09:44.000Z</time></trkpt>
      <trkpt lat="52.741538" lon="-1.356883"><ele>137.9</ele><time>2025-05-02T13:09:45.000Z</time></trkpt>
      <trkpt lat="52.741529" lon="-1.356898"><ele>137.9</ele><time>2025-05-02T13:09:46.000Z</time></trkpt>
      <trkpt lat="52.741520" lon="-1.356912"><ele>137.9</ele><time>2025-05-02T13:09:47.000Z</time></trkpt>
      <trkpt lat="52.741512" lon="-1.356927"><ele>137.9</ele><time>2025-05-02T13:09:48.000Z</time></trkpt>
      <trkpt lat="52.741504" lon="-1.356942"><ele>137.8</ele><time>2025-05-02T13:09:49.000Z</time></trkpt>
      <trkpt lat="52.741498" lon="-1.356958"><ele>137.8</ele><time>2025-05-02T13:09:50.000Z</time></trkpt>
      <trkpt lat="52.741493" lon="-1.356973"><ele>137.7</ele><time>2025-05-02T13:09:51.000Z</time></trkpt>
      <trkpt lat="52.741488" lon="-1.356988"><ele>137.7</ele><time>2025-05-02T13:09:52.000Z</time></trkpt>
      <trkpt lat="52.741483" lon="-1.357003"><ele>137.6</ele><time>2025-05-02T13:09:53.000Z</time></trkpt>
      <trkpt lat="52.741477" lon="-1.357019"><ele>137.5</ele><time>2025-05-02T13:09:54.000Z</time></trkpt>
      <trkpt lat="52.741471" lon="-1.357035"><ele>137.5</ele><time>2025-05-02T13:09:55.000Z</time></trkpt>
      <trkpt lat="52.741465" lon="-1.357051"><ele>137.5</ele><time>2025-05-02T13:09:56.000Z</time></trkpt>
      <trkpt lat="52.741460" lon="-1.357068"><ele>137.4</ele><time>2025-05-02T13:09:57.000Z</time></trkpt>
      <trkpt lat="52.741455" lon="-1.357085"><ele>137.4</ele><time>2025-05-02T13:09:58.000Z</time></trkpt>
      <trkpt lat="52.741450" lon="-1.357102"><ele>137.4</ele><time>2025-05-02T13:09:59.000Z</time></trkpt>
      <trkpt lat="52.741444" lon="-1.357118"><ele>137.4</ele><time>2025-05-02T13:10:00.000Z</time></trkpt>
      <trkpt lat="52.741438" lon="-1.357134"><ele>137.4</ele><time>2025-05-02T13:10:01.000Z</time></trkpt>
      <trkpt lat="52.741431" lon="-1.357150"><ele>137.4</ele><time>2025-05-02T13:10:02.000Z</time></trkpt>
      <trkpt lat="52.741423" lon="-1.357165"><ele>137.4</ele><time>2025-05-02T13:10:03.000Z</time></trkpt>
      <trkpt lat="52.741414" lon="-1.357181"><ele>137.4</ele><time>2025-05-02T13:10:04.000Z</time></trkpt>
      <trkpt lat="52.741404" lon="-1.357195"><ele>137.5</ele><time>2025-05-02T13:10:05.000Z</time></trkpt>
      <trkpt lat="52.741395" lon="-1.357209"><ele>137.5</ele><time>2025-05-02T13:10:06.000Z</time></trkpt>
      <trkpt lat="52.741386" lon="-1.357223"><ele>137.5</ele><time>2025-05-02T13:10:07.000Z</time></trkpt>
      <trkpt lat="52.741378" lon="-1.357236"><ele>137.6</ele><time>2025-05-02T13:10:08.000Z</time></trkpt>
      <trkpt lat="52.741371" lon="-1.357250"><ele>137.6</ele><time>2025-05-02T13:10:09.000Z</time></trkpt>
      <trkpt lat="52.741364" lon="-1.357264"><ele>137.7</ele><time>2025-05-02T13:10:10.000Z</time></trkpt>
      <trkpt lat="52.741358" lon="-1.357279"><ele>137.7</ele><time>2025-05-02T13:10:11.000Z</time></trkpt>
      <trkpt lat="52.741351" lon="-1.357294"><ele>137.8</ele><time>2025-05-02T13:10:12.000Z</time></trkpt>
      <trkpt lat="52.741345" lon="-1.357309"><ele>137.8</ele><time>2025-05-02T13:10:13.000Z</time></trkpt>
      <trkpt lat="52.741338" lon="-1.357324"><ele>137.8</ele><time>2025-05-02T13:10:14.000Z</time></trkpt>
      <trkpt lat="52.741331" lon="-1.357338"><ele>137.9</ele><time>2025-05-02T13:10:15.000Z</time></trkpt>
      <trkpt lat="52.741325" lon="-1.357351"><ele>137.9</ele><time>2025-05-02T13:10:16.000Z</time></trkpt>
      <trkpt lat="52.741319" lon="-1.357364"><ele>137.9</ele><time>2025-05-02T13:10:17.000Z</time></trkpt>
      <trkpt lat="52.741314" lon="-1.357374"><ele>138.0</ele><time>2025-05-02T13:10:18.000Z</time></trkpt>
      <trkpt lat="52.741309" lon="-1.357378"><ele>138.0</ele><time>2025-05-02T13:10:19.000Z</time></trkpt>
      <trkpt lat="52.741304" lon="-1.357375"><ele>137.9</ele><time>2025-05-02T13:10:20.000Z</time></trkpt>
      <trkpt lat="52.741297" lon="-1.357364"><ele>137.9</ele><time>2025-05-02T13:10:21.000Z</time></trkpt>
      <trkpt lat="52.741289" lon="-1.357348"><ele>137.9</ele><time>2025-05-02T13:10:22.000Z</time></trkpt>
      <trkpt lat="52.741281" lon="-1.357331"><ele>137.9</ele><time>2025-05-02T13:10:23.000Z</time></trkpt>
      <trkpt lat="52.741273" lon="-1.357314"><ele>137.9</ele><time>2025-05-02T13:10:24.000Z</time></trkpt>
      <trkpt lat="52.741266" lon="-1.357296"><ele>137.8</ele><time>2025-05-02T13:10:25.000Z</time></trkpt>
      <trkpt lat="52.741258" lon="-1.357279"><ele>137.7</ele><time>2025-05-02T13:10:26.000Z</time></trkpt>
      <trkpt lat="52.741249" lon="-1.357262"><ele>137.6</ele><time>2025-05-02T13:10:27.000Z</time></trkpt>
      <trkpt lat="52.741241" lon="-1.357247"><ele>137.6</ele><time>2025-05-02T13:10:28.000Z</time></trkpt>
      <trkpt lat="52.741233" lon="-1.357233"><ele>137.5</ele><time>2025-05-02T13:10:29.000Z</time></trkpt>
      <trkpt lat="52.741225" lon="-1.357220"><ele>137.4</ele><time>2025-05-02T13:10:30.000Z</time></trkpt>
      <trkpt lat="52.741217" lon="-1.357204"><ele>137.3</ele><time>2025-05-02T13:10:31.000Z</time></trkpt>
      <trkpt lat="52.741209" lon="-1.357188"><ele>137.3</ele><time>2025-05-02T13:10:32.000Z</time></trkpt>
      <trkpt lat="52.741200" lon="-1.357172"><ele>137.3</ele><time>2025-05-02T13:10:33.000Z</time></trkpt>
      <trkpt lat="52.741192" lon="-1.357156"><ele>137.3</ele><time>2025-05-02T13:10:34.000Z</time></trkpt>
      <trkpt lat="52.741184" lon="-1.357142"><ele>137.3</ele><time>2025-05-02T13:10:35.000Z</time></trkpt>
      <trkpt lat="52.741176" lon="-1.357129"><ele>137.3</ele><time>2025-05-02T13:10:36.000Z</time></trkpt>
      <trkpt lat="52.741169" lon="-1.357117"><ele>137.3</ele><time>2025-05-02T13:10:37.000Z</time></trkpt>
      <trkpt lat="52.741162" lon="-1.357104"><ele>137.3</ele><time>2025-05-02T13:10:38.000Z</time></trkpt>
      <trkpt lat="52.741156" lon="-1.357091"><ele>137.4</ele><time>2025-05-02T13:10:39.000Z</time></trkpt>
      <trkpt lat="52.741149" lon="-1.357076"><ele>137.4</ele><time>2025-05-02T13:10:40.000Z</time></trkpt>
      <trkpt lat="52.741142" lon="-1.357059"><ele>137.5</ele><time>2025-05-02T13:10:41.000Z</time></trkpt>
      <trkpt lat="52.741134" lon="-1.357040"><ele>137.5</ele><time>2025-05-02T13:10:42.000Z</time></trkpt>
      <trkpt lat="52.741124" lon="-1.357020"><ele>137.6</ele><time>2025-05-02T13:10:43.000Z</time></trkpt>
      <trkpt lat="52.741113" lon="-1.357003"><ele>137.7</ele><time>2025-05-02T13:10:44.000Z</time></trkpt>
      <trkpt lat="52.741100" lon="-1.356988"><ele>137.7</ele><time>2025-05-02T13:10:45.000Z</time></trkpt>
      <trkpt lat="52.741088" lon="-1.356974"><ele>137.7</ele><time>2025-05-02T13:10:46.000Z</time></trkpt>
      <trkpt lat="52.741075" lon="-1.356960"><ele>137.8</ele><time>2025-05-02T13:10:47.000Z</time></trkpt>
      <trkpt lat="52.741064" lon="-1.356944"><ele>137.8</ele><time>2025-05-02T13:10:48.000Z</time></trkpt>
      <trkpt lat="52.741054" lon="-1.356926"><ele>137.8</ele><time>2025-05-02T13:10:49.000Z</time></trkpt>
      <trkpt lat="52.741045" lon="-1.356909"><ele>137.8</ele><time>2025-05-02T13:10:50.000Z</time></trkpt>
      <trkpt lat="52.741036" lon="-1.356893"><ele>137.8</ele><time>2025-05-02T13:10:51.000Z</time></trkpt>
      <trkpt lat="52.741026" lon="-1.356878"><ele>137.8</ele><time>2025-05-02T13:10:52.000Z</time></trkpt>
      <trkpt lat="52.741017" lon="-1.356862"><ele>137.8</ele><time>2025-05-02T13:10:53.000Z</time></trkpt>
      <trkpt lat="52.741008" lon="-1.356844"><ele>137.8</ele><time>2025-05-02T13:10:54.000Z</time></trkpt>
      <trkpt lat="52.741000" lon="-1.356826"><ele>137.8</ele><time>2025-05-02T13:10:55.000Z</time></trkpt>
      <trkpt lat="52.740994" lon="-1.356806"><ele>137.9</ele><time>2025-05-02T13:10:56.000Z</time></trkpt>
      <trkpt lat="52.740989" lon="-1.356786"><ele>137.9</ele><time>2025-05-02T13:10:57.000Z</time></trkpt>
      <trkpt lat="52.740984" lon="-1.356766"><ele>137.9</ele><time>2025-05-02T13:10:58.000Z</time></trkpt>
      <trkpt lat="52.740977" lon="-1.356749"><ele>138.0</ele><time>2025-05-02T13:10:59.000Z</time></trkpt>
      <trkpt lat="52.740969" lon="-1.356733"><ele>138.0</ele><time>2025-05-02T13:11:00.000Z</time></trkpt>
      <trkpt lat="52.740961" lon="-1.356717"><ele>138.0</ele><time>2025-05-02T13:11:01.000Z</time></trkpt>
      <trkpt lat="52.740953" lon="-1.356700"><ele>138.0</ele><time>2025-05-02T13:11:02.000Z</time></trkpt>
      <trkpt lat="52.740946" lon="-1.356683"><ele>138.1</ele><time>2025-05-02T13:11:03.000Z</time></trkpt>
      <trkpt lat="52.740939" lon="-1.356667"><ele>138.1</ele><time>2025-05-02T13:11:04.000Z</time></trkpt>
      <trkpt lat="52.740931" lon="-1.356653"><ele>138.1</ele><time>2025-05-02T13:11:05.000Z</time></trkpt>
      <trkpt lat="52.740924" lon="-1.356640"><ele>138.1</ele><time>2025-05-02T13:11:06.000Z</time></trkpt>
      <trkpt lat="52.740916" lon="-1.356628"><ele>138.1</ele><time>2025-05-02T13:11:07.000Z</time></trkpt>
      <trkpt lat="52.740909" lon="-1.356617"><ele>138.1</ele><time>2025-05-02T13:11:08.000Z</time></trkpt>
      <trkpt lat="52.740902" lon="-1.356605"><ele>138.1</ele><time>2025-05-02T13:11:09.000Z</time></trkpt>
      <trkpt lat="52.740894" lon="-1.356592"><ele>138.1</ele><time>2025-05-02T13:11:10.000Z</time></trkpt>
      <trkpt lat="52.740886" lon="-1.356580"><ele>138.0</ele><time>2025-05-02T13:11:11.000Z</time></trkpt>
      <trkpt lat="52.740879" lon="-1.356568"><ele>138.0</ele><time>2025-05-02T13:11:12.000Z</time></trkpt>
      <trkpt lat="52.740871" lon="-1.356553"><ele>138.0</ele><time>2025-05-02T13:11:13.000Z</time></trkpt>
      <trkpt lat="52.740863" lon="-1.356536"><ele>137.9</ele><time>2025-05-02T13:11:14.000Z</time></trkpt>
      <trkpt lat="52.740855" lon="-1.356517"><ele>137.9</ele><time>2025-05-02T13:11:15.000Z</time></trkpt>
      <trkpt lat="52.740848" lon="-1.356498"><ele>137.9</ele><time>2025-05-02T13:11:16.000Z</time></trkpt>
      <trkpt lat="52.740842" lon="-1.356478"><ele>137.8</ele><time>2025-05-02T13:11:17.000Z</time></trkpt>
      <trkpt lat="52.740836" lon="-1.356460"><ele>137.8</ele><time>2025-05-02T13:11:18.000Z</time></trkpt>
      <trkpt lat="52.740831" lon="-1.356442"><ele>137.7</ele><time>2025-05-02T13:11:19.000Z</time></trkpt>
      <trkpt lat="52.740826" lon="-1.356424"><ele>137.7</ele><time>2025-05-02T13:11:20.000Z</time></trkpt>
      <trkpt lat="52.740819" lon="-1.356406"><ele>137.6</ele><time>2025-05-02T13:11:21.000Z</time></trkpt>
      <trkpt lat="52.740812" lon="-1.356388"><ele>137.6</ele><time>2025-05-02T13:11:22.000Z</time></trkpt>
      <trkpt lat="52.740805" lon="-1.356369"><ele>137.5</ele><time>2025-05-02T13:11:23.000Z</time></trkpt>
      <trkpt lat="52.740798" lon="-1.356351"><ele>137.5</ele><time>2025-05-02T13:11:24.000Z</time></trkpt>
      <trkpt lat="52.740791" lon="-1.356333"><ele>137.5</ele><time>2025-05-02T13:11:25.000Z</time></trkpt>
      <trkpt lat="52.740784" lon="-1.356315"><ele>137.4</ele><time>2025-05-02T13:11:26.000Z</time></trkpt>
      <trkpt lat="52.740777" lon="-1.356297"><ele>137.4</ele><time>2025-05-02T13:11:27.000Z</time></trkpt>
      <trkpt lat="52.740769" lon="-1.356280"><ele>137.3</ele><time>2025-05-02T13:11:28.000Z</time></trkpt>
      <trkpt lat="52.740762" lon="-1.356264"><ele>137.3</ele><time>2025-05-02T13:11:29.000Z</time></trkpt>
      <trkpt lat="52.740755" lon="-1.356247"><ele>137.3</ele><time>2025-05-02T13:11:30.000Z</time></trkpt>
      <trkpt lat="52.740747" lon="-1.356229"><ele>137.2</ele><time>2025-05-02T13:11:31.000Z</time></trkpt>
      <trkpt lat="52.740740" lon="-1.356210"><ele>137.2</ele><time>2025-05-02T13:11:32.000Z</time></trkpt>
      <trkpt lat="52.740733" lon="-1.356191"><ele>137.1</ele><time>2025-05-02T13:11:33.000Z</time></trkpt>
      <trkpt lat="52.740726" lon="-1.356172"><ele>137.1</ele><time>2025-05-02T13:11:34.000Z</time></trkpt>
      <trkpt lat="52.740720" lon="-1.356153"><ele>137.0</ele><time>2025-05-02T13:11:35.000Z</time></trkpt>
      <trkpt lat="52.740714" lon="-1.356135"><ele>137.0</ele><time>2025-05-02T13:11:36.000Z</time></trkpt>
      <trkpt lat="52.740708" lon="-1.356117"><ele>137.0</ele><time>2025-05-02T13:11:37.000Z</time></trkpt>
      <trkpt lat="52.740702" lon="-1.356099"><ele>137.0</ele><time>2025-05-02T13:11:38.000Z</time></trkpt>
      <trkpt lat="52.740696" lon="-1.356080"><ele>137.0</ele><time>2025-05-02T13:11:39.000Z</time></trkpt>
      <trkpt lat="52.740689" lon="-1.356061"><ele>137.0</ele><time>2025-05-02T13:11:40.000Z</time></trkpt>
      <trkpt lat="52.740682" lon="-1.356043"><ele>137.1</ele><time>2025-05-02T13:11:41.000Z</time></trkpt>
      <trkpt lat="52.740675" lon="-1.356026"><ele>137.1</ele><time>2025-05-02T13:11:42.000Z</time></trkpt>
      <trkpt lat="52.740667" lon="-1.356009"><ele>137.1</ele><time>2025-05-02T13:11:43.000Z</time></trkpt>
      <trkpt lat="52.740659" lon="-1.355993"><ele>137.2</ele><time>2025-05-02T13:11:44.000Z</time></trkpt>
      <trkpt lat="52.740651" lon="-1.355977"><ele>137.3</ele><time>2025-05-02T13:11:45.000Z</time></trkpt>
      <trkpt lat="52.740644" lon="-1.355963"><ele>137.4</ele><time>2025-05-02T13:11:46.000Z</time></trkpt>
      <trkpt lat="52.740637" lon="-1.355951"><ele>137.4</ele><time>2025-05-02T13:11:47.000Z</time></trkpt>
      <trkpt lat="52.740631" lon="-1.355940"><ele>137.5</ele><time>2025-05-02T13:11:48.000Z</time></trkpt>
      <trkpt lat="52.740626" lon="-1.355932"><ele>137.6</ele><time>2025-05-02T13:11:49.000Z</time></trkpt>
      <trkpt lat="52.740624" lon="-1.355926"><ele>137.7</ele><time>2025-05-02T13:11:50.000Z</time></trkpt>
      <trkpt lat="52.740622" lon="-1.355921"><ele>137.8</ele><time>2025-05-02T13:11:51.000Z</time></trkpt>
      <trkpt lat="52.740620" lon="-1.355916"><ele>137.8</ele><time>2025-05-02T13:11:52.000Z</time></trkpt>
      <trkpt lat="52.740619" lon="-1.355907"><ele>137.9</ele><time>2025-05-02T13:11:53.000Z</time></trkpt>
      <trkpt lat="52.740618" lon="-1.355893"><ele>137.9</ele><time>2025-05-02T13:11:54.000Z</time></trkpt>
      <trkpt lat="52.740616" lon="-1.355873"><ele>137.9</ele><time>2025-05-02T13:11:55.000Z</time></trkpt>
      <trkpt lat="52.740614" lon="-1.355849"><ele>137.9</ele><time>2025-05-02T13:11:56.000Z</time></trkpt>
      <trkpt lat="52.740611" lon="-1.355827"><ele>137.8</ele><time>2025-05-02T13:11:57.000Z</time></trkpt>
      <trkpt lat="52.740608" lon="-1.355807"><ele>137.7</ele><time>2025-05-02T13:11:58.000Z</time></trkpt>
      <trkpt lat="52.740606" lon="-1.355788"><ele>137.6</ele><time>2025-05-02T13:11:59.000Z</time></trkpt>
      <trkpt lat="52.740606" lon="-1.355768"><ele>137.5</ele><time>2025-05-02T13:12:00.000Z</time></trkpt>
      <trkpt lat="52.740606" lon="-1.355748"><ele>137.4</ele><time>2025-05-02T13:12:01.000Z</time></trkpt>
      <trkpt lat="52.740607" lon="-1.355730"><ele>137.3</ele><time>2025-05-02T13:12:02.000Z</time></trkpt>
      <trkpt lat="52.740607" lon="-1.355715"><ele>137.2</ele><time>2025-05-02T13:12:03.000Z</time></trkpt>
      <trkpt lat="52.740606" lon="-1.355699"><ele>137.1</ele><time>2025-05-02T13:12:04.000Z</time></trkpt>
      <trkpt lat="52.740606" lon="-1.355683"><ele>137.0</ele><time>2025-05-02T13:12:05.000Z</time></trkpt>
      <trkpt lat="52.740607" lon="-1.355670"><ele>136.9</ele><time>2025-05-02T13:12:06.000Z</time></trkpt>
      <trkpt lat="52.740609" lon="-1.355659"><ele>136.8</ele><time>2025-05-02T13:12:07.000Z</time></trkpt>
      <trkpt lat="52.740614" lon="-1.355646"><ele>136.8</ele><time>2025-05-02T13:12:08.000Z</time></trkpt>
      <trkpt lat="52.740620" lon="-1.355632"><ele>136.7</ele><time>2025-05-02T13:12:09.000Z</time></trkpt>
      <trkpt lat="52.740626" lon="-1.355618"><ele>136.7</ele><time>2025-05-02T13:12:10.000Z</time></trkpt>
      <trkpt lat="52.740632" lon="-1.355607"><ele>136.7</ele><time>2025-05-02T13:12:11.000Z</time></trkpt>
      <trkpt lat="52.740640" lon="-1.355596"><ele>136.7</ele><time>2025-05-02T13:12:12.000Z</time></trkpt>
      <trkpt lat="52.740648" lon="-1.355581"><ele>136.8</ele><time>2025-05-02T13:12:13.000Z</time></trkpt>
      <trkpt lat="52.740658" lon="-1.355564"><ele>136.8</ele><time>2025-05-02T13:12:14.000Z</time></trkpt>
      <trkpt lat="52.740668" lon="-1.355546"><ele>136.9</ele><time>2025-05-02T13:12:15.000Z</time></trkpt>
      <trkpt lat="52.740680" lon="-1.355529"><ele>137.0</ele><time>2025-05-02T13:12:16.000Z</time></trkpt>
      <trkpt lat="52.740691" lon="-1.355512"><ele>137.0</ele><time>2025-05-02T13:12:17.000Z</time></trkpt>
      <trkpt lat="52.740700" lon="-1.355496"><ele>137.1</ele><time>2025-05-02T13:12:18.000Z</time></trkpt>
      <trkpt lat="52.740705" lon="-1.355479"><ele>137.2</ele><time>2025-05-02T13:12:19.000Z</time></trkpt>
      <trkpt lat="52.740709" lon="-1.355462"><ele>137.3</ele><time>2025-05-02T13:12:20.000Z</time></trkpt>
      <trkpt lat="52.740713" lon="-1.355446"><ele>137.4</ele><time>2025-05-02T13:12:21.000Z</time></trkpt>
      <trkpt lat="52.740717" lon="-1.355431"><ele>137.5</ele><time>2025-05-02T13:12:22.000Z</time></trkpt>
      <trkpt lat="52.740721" lon="-1.355417"><ele>137.5</ele><time>2025-05-02T13:12:23.000Z</time></trkpt>
      <trkpt lat="52.740726" lon="-1.355403"><ele>137.6</ele><time>2025-05-02T13:12:24.000Z</time></trkpt>
      <trkpt lat="52.740718" lon="-1.355325"><ele>137.9</ele><time>2025-05-02T13:12:53.000Z</time></trkpt>
      <trkpt lat="52.740719" lon="-1.355321"><ele>137.9</ele><time>2025-05-02T13:12:54.000Z</time></trkpt>
      <trkpt lat="52.740719" lon="-1.355318"><ele>137.9</ele><time>2025-05-02T13:12:55.000Z</time></trkpt>
      <trkpt lat="52.740720" lon="-1.355316"><ele>137.9</ele><time>2025-05-02T13:12:56.000Z</time></trkpt>
      <trkpt lat="52.740720" lon="-1.355313"><ele>137.9</ele><time>2025-05-02T13:12:57.000Z</time></trkpt>
      <trkpt lat="52.740721" lon="-1.355311"><ele>137.9</ele><time>2025-05-02T13:12:58.000Z</time></trkpt>
      <trkpt lat="52.740722" lon="-1.355309"><ele>137.9</ele><time>2025-05-02T13:12:59.000Z</time></trkpt>
      <trkpt lat="52.740722" lon="-1.355308"><ele>137.9</ele><time>2025-05-02T13:13:00.000Z</time></trkpt>
      <trkpt lat="52.740723" lon="-1.355306"><ele>137.9</ele><time>2025-05-02T13:13:01.000Z</time></trkpt>
      <trkpt lat="52.740723" lon="-1.355304"><ele>137.9</ele><time>2025-05-02T13:13:02.000Z</time></trkpt>
      <trkpt lat="52.740588" lon="-1.355673"><ele>136.9</ele><time>2025-05-02T13:16:44.000Z</time></trkpt>
      <trkpt lat="52.740585" lon="-1.355685"><ele>137.0</ele><time>2025-05-02T13:16:45.000Z</time></trkpt>
      <trkpt lat="52.740579" lon="-1.355695"><ele>137.1</ele><time>2025-05-02T13:16:46.000Z</time></trkpt>
      <trkpt lat="52.740571" lon="-1.355706"><ele>137.2</ele><time>2025-05-02T13:16:47.000Z</time></trkpt>
      <trkpt lat="52.740563" lon="-1.355717"><ele>137.3</ele><time>2025-05-02T13:16:48.000Z</time></trkpt>
      <trkpt lat="52.740556" lon="-1.355728"><ele>137.4</ele><time>2025-05-02T13:16:49.000Z</time></trkpt>
      <trkpt lat="52.740550" lon="-1.355741"><ele>137.5</ele><time>2025-05-02T13:16:50.000Z</time></trkpt>
      <trkpt lat="52.740544" lon="-1.355753"><ele>137.6</ele><time>2025-05-02T13:16:51.000Z</time></trkpt>
      <trkpt lat="52.740537" lon="-1.355766"><ele>137.6</ele><time>2025-05-02T13:16:52.000Z</time></trkpt>
      <trkpt lat="52.740529" lon="-1.355778"><ele>137.7</ele><time>2025-05-02T13:16:53.000Z</time></trkpt>
      <trkpt lat="52.740521" lon="-1.355789"><ele>137.8</ele><time>2025-05-02T13:16:54.000Z</time></trkpt>
      <trkpt lat="52.740511" lon="-1.355799"><ele>137.9</ele><time>2025-05-02T13:16:55.000Z</time></trkpt>
      <trkpt lat="52.740502" lon="-1.355808"><ele>137.9</ele><time>2025-05-02T13:16:56.000Z</time></trkpt>
      <trkpt lat="52.740494" lon="-1.355816"><ele>138.0</ele><time>2025-05-02T13:16:57.000Z</time></trkpt>
      <trkpt lat="52.740485" lon="-1.355822"><ele>138.1</ele><time>2025-05-02T13:16:58.000Z</time></trkpt>
      <trkpt lat="52.740473" lon="-1.355825"><ele>138.1</ele><time>2025-05-02T13:16:59.000Z</time></trkpt>
      <trkpt lat="52.740461" lon="-1.355824"><ele>138.2</ele><time>2025-05-02T13:17:00.000Z</time></trkpt>
      <trkpt lat="52.740450" lon="-1.355818"><ele>138.2</ele><time>2025-05-02T13:17:01.000Z</time></trkpt>
      <trkpt lat="52.740439" lon="-1.355806"><ele>138.3</ele><time>2025-05-02T13:17:02.000Z</time></trkpt>
      <trkpt lat="52.740429" lon="-1.355791"><ele>138.4</ele><time>2025-05-02T13:17:03.000Z</time></trkpt>
      <trkpt lat="52.740419" lon="-1.355774"><ele>138.4</ele><time>2025-05-02T13:17:04.000Z</time></trkpt>
      <trkpt lat="52.740410" lon="-1.355758"><ele>138.5</ele><time>2025-05-02T13:17:05.000Z</time></trkpt>
      <trkpt lat="52.740401" lon="-1.355741"><ele>138.5</ele><time>2025-05-02T13:17:06.000Z</time></trkpt>
      <trkpt lat="52.740392" lon="-1.355724"><ele>138.6</ele><time>2025-05-02T13:17:07.000Z</time></trkpt>
      <trkpt lat="52.740383" lon="-1.355708"><ele>138.6</ele><time>2025-05-02T13:17:08.000Z</time></trkpt>
      <trkpt lat="52.740373" lon="-1.355692"><ele>138.7</ele><time>2025-05-02T13:17:09.000Z</time></trkpt>
      <trkpt lat="52.740364" lon="-1.355676"><ele>138.7</ele><time>2025-05-02T13:17:10.000Z</time></trkpt>
      <trkpt lat="52.740354" lon="-1.355661"><ele>138.8</ele><time>2025-05-02T13:17:11.000Z</time></trkpt>
      <trkpt lat="52.740344" lon="-1.355646"><ele>138.9</ele><time>2025-05-02T13:17:12.000Z</time></trkpt>
      <trkpt lat="52.740334" lon="-1.355632"><ele>138.9</ele><time>2025-05-02T13:17:13.000Z</time></trkpt>
      <trkpt lat="52.740325" lon="-1.355617"><ele>139.0</ele><time>2025-05-02T13:17:14.000Z</time></trkpt>
      <trkpt lat="52.740315" lon="-1.355602"><ele>139.1</ele><time>2025-05-02T13:17:15.000Z</time></trkpt>
      <trkpt lat="52.740306" lon="-1.355585"><ele>139.1</ele><time>2025-05-02T13:17:16.000Z</time></trkpt>
      <trkpt lat="52.740297" lon="-1.355569"><ele>139.2</ele><time>2025-05-02T13:17:17.000Z</time></trkpt>
      <trkpt lat="52.740288" lon="-1.355553"><ele>139.3</ele><time>2025-05-02T13:17:18.000Z</time></trkpt>
      <trkpt lat="52.740279" lon="-1.355538"><ele>139.4</ele><time>2025-05-02T13:17:19.000Z</time></trkpt>
      <trkpt lat="52.740270" lon="-1.355523"><ele>139.4</ele><time>2025-05-02T13:17:20.000Z</time></trkpt>
      <trkpt lat="52.740260" lon="-1.355509"><ele>139.5</ele><time>2025-05-02T13:17:21.000Z</time></trkpt>
      <trkpt lat="52.740251" lon="-1.355495"><ele>139.5</ele><time>2025-05-02T13:17:22.000Z</time></trkpt>
      <trkpt lat="52.740242" lon="-1.355480"><ele>139.6</ele><time>2025-05-02T13:17:23.000Z</time></trkpt>
      <trkpt lat="52.740233" lon="-1.355466"><ele>139.6</ele><time>2025-05-02T13:17:24.000Z</time></trkpt>
      <trkpt lat="52.740224" lon="-1.355451"><ele>139.6</ele><time>2025-05-02T13:17:25.000Z</time></trkpt>
      <trkpt lat="52.740214" lon="-1.355437"><ele>139.7</ele><time>2025-05-02T13:17:26.000Z</time></trkpt>
      <trkpt lat="52.740204" lon="-1.355423"><ele>139.7</ele><time>2025-05-02T13:17:27.000Z</time></trkpt>
      <trkpt lat="52.740193" lon="-1.355411"><ele>139.7</ele><time>2025-05-02T13:17:28.000Z</time></trkpt>
      <trkpt lat="52.740182" lon="-1.355401"><ele>139.7</ele><time>2025-05-02T13:17:29.000Z</time></trkpt>
      <trkpt lat="52.740170" lon="-1.355392"><ele>139.6</ele><time>2025-05-02T13:17:30.000Z</time></trkpt>
      <trkpt lat="52.740157" lon="-1.355385"><ele>139.6</ele><time>2025-05-02T13:17:31.000Z</time></trkpt>
      <trkpt lat="52.740144" lon="-1.355381"><ele>139.6</ele><time>2025-05-02T13:17:32.000Z</time></trkpt>
      <trkpt lat="52.740130" lon="-1.355380"><ele>139.6</ele><time>2025-05-02T13:17:33.000Z</time></trkpt>
      <trkpt lat="52.740117" lon="-1.355383"><ele>139.5</ele><time>2025-05-02T13:17:34.000Z</time></trkpt>
      <trkpt lat="52.740103" lon="-1.355389"><ele>139.5</ele><time>2025-05-02T13:17:35.000Z</time></trkpt>
      <trkpt lat="52.740090" lon="-1.355396"><ele>139.4</ele><time>2025-05-02T13:17:36.000Z</time></trkpt>
      <trkpt lat="52.740077" lon="-1.355401"><ele>139.4</ele><time>2025-05-02T13:17:37.000Z</time></trkpt>
      <trkpt lat="52.740063" lon="-1.355406"><ele>139.4</ele><time>2025-05-02T13:17:38.000Z</time></trkpt>
      <trkpt lat="52.740050" lon="-1.355409"><ele>139.4</ele><time>2025-05-02T13:17:39.000Z</time></trkpt>
      <trkpt lat="52.740038" lon="-1.355410"><ele>139.3</ele><time>2025-05-02T13:17:40.000Z</time></trkpt>
      <trkpt lat="52.740025" lon="-1.355410"><ele>139.3</ele><time>2025-05-02T13:17:41.000Z</time></trkpt>
      <trkpt lat="52.740015" lon="-1.355408"><ele>139.3</ele><time>2025-05-02T13:17:42.000Z</time></trkpt>
      <trkpt lat="52.740009" lon="-1.355404"><ele>139.3</ele><time>2025-05-02T13:17:43.000Z</time></trkpt>
      <trkpt lat="52.740007" lon="-1.355399"><ele>139.3</ele><time>2025-05-02T13:17:44.000Z</time></trkpt>
      <trkpt lat="52.740008" lon="-1.355395"><ele>139.2</ele><time>2025-05-02T13:17:45.000Z</time></trkpt>
      <trkpt lat="52.740009" lon="-1.355393"><ele>139.2</ele><time>2025-05-02T13:17:46.000Z</time></trkpt>
      <trkpt lat="52.740010" lon="-1.355392"><ele>139.2</ele><time>2025-05-02T13:17:47.000Z</time></trkpt>
      <trkpt lat="52.740010" lon="-1.355391"><ele>139.2</ele><time>2025-05-02T13:17:48.000Z</time></trkpt>
      <trkpt lat="52.740011" lon="-1.355391"><ele>139.2</ele><time>2025-05-02T13:17:49.000Z</time></trkpt>
      <trkpt lat="52.740011" lon="-1.355391"><ele>139.2</ele><time>2025-05-02T13:17:50.000Z</time></trkpt>
      <trkpt lat="52.740010" lon="-1.355390"><ele>139.2</ele><time>2025-05-02T13:17:51.000Z</time></trkpt>
      <trkpt lat="52.740009" lon="-1.355389"><ele>139.2</ele><time>2025-05-02T13:17:52.000Z</time></trkpt>
      <trkpt lat="52.740006" lon="-1.355385"><ele>139.3</ele><time>2025-05-02T13:17:53.000Z</time></trkpt>
      <trkpt lat="52.740001" lon="-1.355377"><ele>139.3</ele><time>2025-05-02T13:17:54.000Z</time></trkpt>
      <trkpt lat="52.739993" lon="-1.355365"><ele>139.3</ele><time>2025-05-02T13:17:55.000Z</time></trkpt>
      <trkpt lat="52.739983" lon="-1.355352"><ele>139.3</ele><time>2025-05-02T13:17:56.000Z</time></trkpt>
      <trkpt lat="52.739972" lon="-1.355337"><ele>139.3</ele><time>2025-05-02T13:17:57.000Z</time></trkpt>
      <trkpt lat="52.739962" lon="-1.355322"><ele>139.3</ele><time>2025-05-02T13:17:58.000Z</time></trkpt>
      <trkpt lat="52.739952" lon="-1.355307"><ele>139.3</ele><time>2025-05-02T13:17:59.000Z</time></trkpt>
      <trkpt lat="52.739943" lon="-1.355292"><ele>139.3</ele><time>2025-05-02T13:18:00.000Z</time></trkpt>
      <trkpt lat="52.739936" lon="-1.355275"><ele>139.3</ele><time>2025-05-02T13:18:01.000Z</time></trkpt>
      <trkpt lat="52.739930" lon="-1.355256"><ele>139.3</ele><time>2025-05-02T13:18:02.000Z</time></trkpt>
      <trkpt lat="52.739923" lon="-1.355237"><ele>139.3</ele><time>2025-05-02T13:18:03.000Z</time></trkpt>
      <trkpt lat="52.739916" lon="-1.355217"><ele>139.3</ele><time>2025-05-02T13:18:04.000Z</time></trkpt>
      <trkpt lat="52.739908" lon="-1.355197"><ele>139.3</ele><time>2025-05-02T13:18:05.000Z</time></trkpt>
      <trkpt lat="52.739900" lon="-1.355178"><ele>139.3</ele><time>2025-05-02T13:18:06.000Z</time></trkpt>
      <trkpt lat="52.739890" lon="-1.355162"><ele>139.3</ele><time>2025-05-02T13:18:07.000Z</time></trkpt>
      <trkpt lat="52.739879" lon="-1.355147"><ele>139.3</ele><time>2025-05-02T13:18:08.000Z</time></trkpt>
      <trkpt lat="52.739868" lon="-1.355134"><ele>139.3</ele><time>2025-05-02T13:18:09.000Z</time></trkpt>
      <trkpt lat="52.739856" lon="-1.355121"><ele>139.3</ele><time>2025-05-02T13:18:10.000Z</time></trkpt>
      <trkpt lat="52.739844" lon="-1.355109"><ele>139.3</ele><time>2025-05-02T13:18:11.000Z</time></trkpt>
      <trkpt lat="52.739833" lon="-1.355097"><ele>139.3</ele><time>2025-05-02T13:18:12.000Z</time></trkpt>
      <trkpt lat="52.739821" lon="-1.355086"><ele>139.3</ele><time>2025-05-02T13:18:13.000Z</time></trkpt>
      <trkpt lat="52.739811" lon="-1.355075"><ele>139.4</ele><time>2025-05-02T13:18:14.000Z</time></trkpt>
      <trkpt lat="52.739801" lon="-1.355064"><ele>139.4</ele><time>2025-05-02T13:18:15.000Z</time></trkpt>
      <trkpt lat="52.739790" lon="-1.355053"><ele>139.4</ele><time>2025-05-02T13:18:16.000Z</time></trkpt>
      <trkpt lat="52.739780" lon="-1.355041"><ele>139.4</ele><time>2025-05-02T13:18:17.000Z</time></trkpt>
      <trkpt lat="52.739769" lon="-1.355028"><ele>139.5</ele><time>2025-05-02T13:18:18.000Z</time></trkpt>
      <trkpt lat="52.739759" lon="-1.355015"><ele>139.5</ele><time>2025-05-02T13:18:19.000Z</time></trkpt>
      <trkpt lat="52.739748" lon="-1.355002"><ele>139.5</ele><time>2025-05-02T13:18:20.000Z</time></trkpt>
      <trkpt lat="52.739737" lon="-1.354989"><ele>139.6</ele><time>2025-05-02T13:18:21.000Z</time></trkpt>
      <trkpt lat="52.739726" lon="-1.354976"><ele>139.6</ele><time>2025-05-02T13:18:22.000Z</time></trkpt>
      <trkpt lat="52.739715" lon="-1.354964"><ele>139.7</ele><time>2025-05-02T13:18:23.000Z</time></trkpt>
      <trkpt lat="52.739703" lon="-1.354953"><ele>139.7</ele><time>2025-05-02T13:18:24.000Z</time></trkpt>
      <trkpt lat="52.739692" lon="-1.354942"><ele>139.8</ele><time>2025-05-02T13:18:25.000Z</time></trkpt>
      <trkpt lat="52.739680" lon="-1.354930"><ele>139.8</ele><time>2025-05-02T13:18:26.000Z</time></trkpt>
      <trkpt lat="52.739670" lon="-1.354917"><ele>139.9</ele><time>2025-05-02T13:18:27.000Z</time></trkpt>
      <trkpt lat="52.739660" lon="-1.354903"><ele>139.9</ele><time>2025-05-02T13:18:28.000Z</time></trkpt>
      <trkpt lat="52.739650" lon="-1.354889"><ele>140.0</ele><time>2025-05-02T13:18:29.000Z</time></trkpt>
      <trkpt lat="52.739640" lon="-1.354875"><ele>140.0</ele><time>2025-05-02T13:18:30.000Z</time></trkpt>
      <trkpt lat="52.739632" lon="-1.354859"><ele>140.0</ele><time>2025-05-02T13:18:31.000Z</time></trkpt>
      <trkpt lat="52.739627" lon="-1.354841"><ele>140.1</ele><time>2025-05-02T13:18:32.000Z</time></trkpt>
      <trkpt lat="52.739624" lon="-1.354820"><ele>140.1</ele><time>2025-05-02T13:18:33.000Z</time></trkpt>
      <trkpt lat="52.739622" lon="-1.354799"><ele>140.1</ele><time>2025-05-02T13:18:34.000Z</time></trkpt>
      <trkpt lat="52.739620" lon="-1.354779"><ele>140.1</ele><time>2025-05-02T13:18:35.000Z</time></trkpt>
      <trkpt lat="52.739616" lon="-1.354761"><ele>140.1</ele><time>2025-05-02T13:18:36.000Z</time></trkpt>
      <trkpt lat="52.739612" lon="-1.354745"><ele>140.1</ele><time>2025-05-02T13:18:37.000Z</time></trkpt>
      <trkpt lat="52.739608" lon="-1.354729"><ele>140.1</ele><time>2025-05-02T13:18:38.000Z</time></trkpt>
      <trkpt lat="52.739603" lon="-1.354713"><ele>140.0</ele><time>2025-05-02T13:18:39.000Z</time></trkpt>
      <trkpt lat="52.739597" lon="-1.354698"><ele>140.0</ele><time>2025-05-02T13:18:40.000Z</time></trkpt>
      <trkpt lat="52.739593" lon="-1.354680"><ele>140.0</ele><time>2025-05-02T13:18:41.000Z</time></trkpt>
      <trkpt lat="52.739589" lon="-1.354660"><ele>140.0</ele><time>2025-05-02T13:18:42.000Z</time></trkpt>
      <trkpt lat="52.739586" lon="-1.354639"><ele>139.9</ele><time>2025-05-02T13:18:43.000Z</time></trkpt>
      <trkpt lat="52.739584" lon="-1.354618"><ele>139.9</ele><time>2025-05-02T13:18:44.000Z</time></trkpt>
      <trkpt lat="52.739581" lon="-1.354596"><ele>139.8</ele><time>2025-05-02T13:18:45.000Z</time></trkpt>
      <trkpt lat="52.739578" lon="-1.354574"><ele>139.8</ele><time>2025-05-02T13:18:46.000Z</time></trkpt>
      <trkpt lat="52.739575" lon="-1.354553"><ele>139.8</ele><time>2025-05-02T13:18:47.000Z</time></trkpt>
      <trkpt lat="52.739572" lon="-1.354532"><ele>139.7</ele><time>2025-05-02T13:18:48.000Z</time></trkpt>
      <trkpt lat="52.739569" lon="-1.354510"><ele>139.7</ele><time>2025-05-02T13:18:49.000Z</time></trkpt>
      <trkpt lat="52.739567" lon="-1.354488"><ele>139.6</ele><time>2025-05-02T13:18:50.000Z</time></trkpt>
      <trkpt lat="52.739566" lon="-1.354467"><ele>139.6</ele><time>2025-05-02T13:18:51.000Z</time></trkpt>
      <trkpt lat="52.739564" lon="-1.354445"><ele>139.5</ele><time>2025-05-02T13:18:52.000Z</time></trkpt>
      <trkpt lat="52.739563" lon="-1.354423"><ele>139.5</ele><time>2025-05-02T13:18:53.000Z</time></trkpt>
      <trkpt lat="52.739562" lon="-1.354402"><ele>139.4</ele><time>2025-05-02T13:18:54.000Z</time></trkpt>
      <trkpt lat="52.739562" lon="-1.354380"><ele>139.4</ele><time>2025-05-02T13:18:55.000Z</time></trkpt>
      <trkpt lat="52.739563" lon="-1.354359"><ele>139.3</ele><time>2025-05-02T13:18:56.000Z</time></trkpt>
      <trkpt lat="52.739564" lon="-1.354337"><ele>139.3</ele><time>2025-05-02T13:18:57.000Z</time></trkpt>
      <trkpt lat="52.739566" lon="-1.354316"><ele>139.2</ele><time>2025-05-02T13:18:58.000Z</time></trkpt>
      <trkpt lat="52.739567" lon="-1.354295"><ele>139.2</ele><time>2025-05-02T13:18:59.000Z</time></trkpt>
      <trkpt lat="52.739569" lon="-1.354273"><ele>139.2</ele><time>2025-05-02T13:19:00.000Z</time></trkpt>
      <trkpt lat="52.739571" lon="-1.354252"><ele>139.1</ele><time>2025-05-02T13:19:01.000Z</time></trkpt>
      <trkpt lat="52.739573" lon="-1.354231"><ele>139.1</ele><time>2025-05-02T13:19:02.000Z</time></trkpt>
      <trkpt lat="52.739576" lon="-1.354211"><ele>139.0</ele><time>2025-05-02T13:19:03.000Z</time></trkpt>
      <trkpt lat="52.739579" lon="-1.354190"><ele>139.0</ele><time>2025-05-02T13:19:04.000Z</time></trkpt>
      <trkpt lat="52.739581" lon="-1.354170"><ele>138.9</ele><time>2025-05-02T13:19:05.000Z</time></trkpt>
      <trkpt lat="52.739583" lon="-1.354149"><ele>138.9</ele><time>2025-05-02T13:19:06.000Z</time></trkpt>
      <trkpt lat="52.739584" lon="-1.354128"><ele>138.8</ele><time>2025-05-02T13:19:07.000Z</time></trkpt>
      <trkpt lat="52.739585" lon="-1.354107"><ele>138.7</ele><time>2025-05-02T13:19:08.000Z</time></trkpt>
      <trkpt lat="52.739586" lon="-1.354086"><ele>138.7</ele><time>2025-05-02T13:19:09.000Z</time></trkpt>
      <trkpt lat="52.739588" lon="-1.354064"><ele>138.6</ele><time>2025-05-02T13:19:10.000Z</time></trkpt>
      <trkpt lat="52.739590" lon="-1.354043"><ele>138.5</ele><time>2025-05-02T13:19:11.000Z</time></trkpt>
      <trkpt lat="52.739593" lon="-1.354021"><ele>138.4</ele><time>2025-05-02T13:19:12.000Z</time></trkpt>
      <trkpt lat="52.739594" lon="-1.354000"><ele>138.3</ele><time>2025-05-02T13:19:13.000Z</time></trkpt>
      <trkpt lat="52.739595" lon="-1.353978"><ele>138.2</ele><time>2025-05-02T13:19:14.000Z</time></trkpt>
      <trkpt lat="52.739597" lon="-1.353956"><ele>138.1</ele><time>2025-05-02T13:19:15.000Z</time></trkpt>
      <trkpt lat="52.739600" lon="-1.353935"><ele>138.0</ele><time>2025-05-02T13:19:16.000Z</time></trkpt>
      <trkpt lat="52.739603" lon="-1.353913"><ele>137.8</ele><time>2025-05-02T13:19:17.000Z</time></trkpt>
      <trkpt lat="52.739606" lon="-1.353892"><ele>137.7</ele><time>2025-05-02T13:19:18.000Z</time></trkpt>
      <trkpt lat="52.739608" lon="-1.353870"><ele>137.6</ele><time>2025-05-02T13:19:19.000Z</time></trkpt>
      <trkpt lat="52.739612" lon="-1.353849"><ele>137.5</ele><time>2025-05-02T13:19:20.000Z</time></trkpt>
      <trkpt lat="52.739615" lon="-1.353827"><ele>137.4</ele><time>2025-05-02T13:19:21.000Z</time></trkpt>
      <trkpt lat="52.739618" lon="-1.353806"><ele>137.3</ele><time>2025-05-02T13:19:22.000Z</time></trkpt>
      <trkpt lat="52.739622" lon="-1.353785"><ele>137.1</ele><time>2025-05-02T13:19:23.000Z</time></trkpt>
      <trkpt lat="52.739625" lon="-1.353763"><ele>137.0</ele><time>2025-05-02T13:19:24.000Z</time></trkpt>
      <trkpt lat="52.739627" lon="-1.353742"><ele>136.9</ele><time>2025-05-02T13:19:25.000Z</time></trkpt>
      <trkpt lat="52.739628" lon="-1.353720"><ele>136.9</ele><time>2025-05-02T13:19:26.000Z</time></trkpt>
      <trkpt lat="52.739629" lon="-1.353698"><ele>136.8</ele><time>2025-05-02T13:19:27.000Z</time></trkpt>
      <trkpt lat="52.739628" lon="-1.353676"><ele>136.7</ele><time>2025-05-02T13:19:28.000Z</time></trkpt>
      <trkpt lat="52.739625" lon="-1.353654"><ele>136.7</ele><time>2025-05-02T13:19:29.000Z</time></trkpt>
      <trkpt lat="52.739621" lon="-1.353633"><ele>136.6</ele><time>2025-05-02T13:19:30.000Z</time></trkpt>
      <trkpt lat="52.739614" lon="-1.353614"><ele>136.6</ele><time>2025-05-02T13:19:31.000Z</time></trkpt>
      <trkpt lat="52.739605" lon="-1.353596"><ele>136.6</ele><time>2025-05-02T13:19:32.000Z</time></trkpt>
      <trkpt lat="52.739596" lon="-1.353579"><ele>136.5</ele><time>2025-05-02T13:19:33.000Z</time></trkpt>
      <trkpt lat="52.739586" lon="-1.353562"><ele>136.5</ele><time>2025-05-02T13:19:34.000Z</time></trkpt>
      <trkpt lat="52.739576" lon="-1.353546"><ele>136.5</ele><time>2025-05-02T13:19:35.000Z</time></trkpt>
      <trkpt lat="52.739566" lon="-1.353530"><ele>136.5</ele><time>2025-05-02T13:19:36.000Z</time></trkpt>
      <trkpt lat="52.739558" lon="-1.353512"><ele>136.5</ele><time>2025-05-02T13:19:37.000Z</time></trkpt>
      <trkpt lat="52.739550" lon="-1.353494"><ele>136.5</ele><time>2025-05-02T13:19:38.000Z</time></trkpt>
      <trkpt lat="52.739542" lon="-1.353474"><ele>136.5</ele><time>2025-05-02T13:19:39.000Z</time></trkpt>
      <trkpt lat="52.739536" lon="-1.353455"><ele>136.6</ele><time>2025-05-02T13:19:40.000Z</time></trkpt>
      <trkpt lat="52.739530" lon="-1.353434"><ele>136.6</ele><time>2025-05-02T13:19:41.000Z</time></trkpt>
      <trkpt lat="52.739525" lon="-1.353413"><ele>136.6</ele><time>2025-05-02T13:19:42.000Z</time></trkpt>
      <trkpt lat="52.739520" lon="-1.353392"><ele>136.7</ele><time>2025-05-02T13:19:43.000Z</time></trkpt>
      <trkpt lat="52.739516" lon="-1.353371"><ele>136.7</ele><time>2025-05-02T13:19:44.000Z</time></trkpt>
      <trkpt lat="52.739511" lon="-1.353350"><ele>136.7</ele><time>2025-05-02T13:19:45.000Z</time></trkpt>
      <trkpt lat="52.739508" lon="-1.353328"><ele>136.8</ele><time>2025-05-02T13:19:46.000Z</time></trkpt>
      <trkpt lat="52.739505" lon="-1.353307"><ele>136.8</ele><time>2025-05-02T13:19:47.000Z</time></trkpt>
      <trkpt lat="52.739503" lon="-1.353286"><ele>136.9</ele><time>2025-05-02T13:19:48.000Z</time></trkpt>
      <trkpt lat="52.739501" lon="-1.353264"><ele>136.9</ele><time>2025-05-02T13:19:49.000Z</time></trkpt>
      <trkpt lat="52.739498" lon="-1.353244"><ele>136.9</ele><time>2025-05-02T13:19:50.000Z</time></trkpt>
      <trkpt lat="52.739495" lon="-1.353223"><ele>137.0</ele><time>2025-05-02T13:19:51.000Z</time></trkpt>
      <trkpt lat="52.739493" lon="-1.353203"><ele>137.0</ele><time>2025-05-02T13:19:52.000Z</time></trkpt>
      <trkpt lat="52.739492" lon="-1.353182"><ele>137.0</ele><time>2025-05-02T13:19:53.000Z</time></trkpt>
      <trkpt lat="52.739491" lon="-1.353161"><ele>137.0</ele><time>2025-05-02T13:19:54.000Z</time></trkpt>
      <trkpt lat="52.739490" lon="-1.353140"><ele>137.0</ele><time>2025-05-02T13:19:55.000Z</time></trkpt>
      <trkpt lat="52.739488" lon="-1.353120"><ele>137.0</ele><time>2025-05-02T13:19:56.000Z</time></trkpt>
      <trkpt lat="52.739486" lon="-1.353099"><ele>137.0</ele><time>2025-05-02T13:19:57.000Z</time></trkpt>
      <trkpt lat="52.739485" lon="-1.353079"><ele>137.0</ele><time>2025-05-02T13:19:58.000Z</time></trkpt>
      <trkpt lat="52.739484" lon="-1.353058"><ele>137.0</ele><time>2025-05-02T13:19:59.000Z</time></trkpt>
      <trkpt lat="52.739483" lon="-1.353037"><ele>136.9</ele><time>2025-05-02T13:20:00.000Z</time></trkpt>
      <trkpt lat="52.739482" lon="-1.353017"><ele>136.9</ele><time>2025-05-02T13:20:01.000Z</time></trkpt>
      <trkpt lat="52.739479" lon="-1.352997"><ele>136.9</ele><time>2025-05-02T13:20:02.000Z</time></trkpt>
      <trkpt lat="52.739476" lon="-1.352977"><ele>136.8</ele><time>2025-05-02T13:20:03.000Z</time></trkpt>
      <trkpt lat="52.739471" lon="-1.352958"><ele>136.8</ele><time>2025-05-02T13:20:04.000Z</time></trkpt>
      <trkpt lat="52.739465" lon="-1.352939"><ele>136.8</ele><time>2025-05-02T13:20:05.000Z</time></trkpt>
      <trkpt lat="52.739457" lon="-1.352923"><ele>136.7</ele><time>2025-05-02T13:20:06.000Z</time></trkpt>
      <trkpt lat="52.739447" lon="-1.352909"><ele>136.7</ele><time>2025-05-02T13:20:07.000Z</time></trkpt>
      <trkpt lat="52.739436" lon="-1.352898"><ele>136.7</ele><time>2025-05-02T13:20:08.000Z</time></trkpt>
      <trkpt lat="52.739424" lon="-1.352888"><ele>136.7</ele><time>2025-05-02T13:20:09.000Z</time></trkpt>
      <trkpt lat="52.739413" lon="-1.352877"><ele>136.7</ele><time>2025-05-02T13:20:10.000Z</time></trkpt>
      <trkpt lat="52.739402" lon="-1.352866"><ele>136.7</ele><time>2025-05-02T13:20:11.000Z</time></trkpt>
      <trkpt lat="52.739392" lon="-1.352856"><ele>136.7</ele><time>2025-05-02T13:20:12.000Z</time></trkpt>
      <trkpt lat="52.739383" lon="-1.352845"><ele>136.8</ele><time>2025-05-02T13:20:13.000Z</time></trkpt>
      <trkpt lat="52.739375" lon="-1.352834"><ele>136.8</ele><time>2025-05-02T13:20:14.000Z</time></trkpt>
      <trkpt lat="52.739367" lon="-1.352821"><ele>136.9</ele><time>2025-05-02T13:20:15.000Z</time></trkpt>
      <trkpt lat="52.739358" lon="-1.352808"><ele>137.0</ele><time>2025-05-02T13:20:16.000Z</time></trkpt>
      <trkpt lat="52.739350" lon="-1.352796"><ele>137.0</ele><time>2025-05-02T13:20:17.000Z</time></trkpt>
      <trkpt lat="52.739340" lon="-1.352783"><ele>137.1</ele><time>2025-05-02T13:20:18.000Z</time></trkpt>
      <trkpt lat="52.739331" lon="-1.352772"><ele>137.2</ele><time>2025-05-02T13:20:19.000Z</time></trkpt>
      <trkpt lat="52.739321" lon="-1.352761"><ele>137.3</ele><time>2025-05-02T13:20:20.000Z</time></trkpt>
      <trkpt lat="52.739311" lon="-1.352752"><ele>137.4</ele><time>2025-05-02T13:20:21.000Z</time></trkpt>
      <trkpt lat="52.739301" lon="-1.352742"><ele>137.4</ele><time>2025-05-02T13:20:22.000Z</time></trkpt>
      <trkpt lat="52.739291" lon="-1.352733"><ele>137.5</ele><time>2025-05-02T13:20:23.000Z</time></trkpt>
      <trkpt lat="52.739281" lon="-1.352723"><ele>137.6</ele><time>2025-05-02T13:20:24.000Z</time></trkpt>
      <trkpt lat="52.739272" lon="-1.352713"><ele>137.7</ele><time>2025-05-02T13:20:25.000Z</time></trkpt>
      <trkpt lat="52.739262" lon="-1.352701"><ele>137.8</ele><time>2025-05-02T13:20:26.000Z</time></trkpt>
      <trkpt lat="52.739252" lon="-1.352688"><ele>137.9</ele><time>2025-05-02T13:20:27.000Z</time></trkpt>
      <trkpt lat="52.739242" lon="-1.352674"><ele>137.9</ele><time>2025-05-02T13:20:28.000Z</time></trkpt>
      <trkpt lat="52.739233" lon="-1.352659"><ele>138.0</ele><time>2025-05-02T13:20:29.000Z</time></trkpt>
      <trkpt lat="52.739224" lon="-1.352645"><ele>138.1</ele><time>2025-05-02T13:20:30.000Z</time></trkpt>
      <trkpt lat="52.739215" lon="-1.352630"><ele>138.2</ele><time>2025-05-02T13:20:31.000Z</time></trkpt>
      <trkpt lat="52.739207" lon="-1.352617"><ele>138.2</ele><time>2025-05-02T13:20:32.000Z</time></trkpt>
      <trkpt lat="52.739198" lon="-1.352603"><ele>138.3</ele><time>2025-05-02T13:20:33.000Z</time></trkpt>
      <trkpt lat="52.739189" lon="-1.352590"><ele>138.4</ele><time>2025-05-02T13:20:34.000Z</time></trkpt>
      <trkpt lat="52.739180" lon="-1.352577"><ele>138.4</ele><time>2025-05-02T13:20:35.000Z</time></trkpt>
      <trkpt lat="52.739171" lon="-1.352565"><ele>138.5</ele><time>2025-05-02T13:20:36.000Z</time></trkpt>
      <trkpt lat="52.739163" lon="-1.352554"><ele>138.6</ele><time>2025-05-02T13:20:37.000Z</time></trkpt>
      <trkpt lat="52.739154" lon="-1.352544"><ele>138.6</ele><time>2025-05-02T13:20:38.000Z</time></trkpt>
      <trkpt lat="52.739145" lon="-1.352533"><ele>138.7</ele><time>2025-05-02T13:20:39.000Z</time></trkpt>
      <trkpt lat="52.739135" lon="-1.352521"><ele>138.8</ele><time>2025-05-02T13:20:40.000Z</time></trkpt>
      <trkpt lat="52.739126" lon="-1.352509"><ele>138.8</ele><time>2025-05-02T13:20:41.000Z</time></trkpt>
      <trkpt lat="52.739116" lon="-1.352496"><ele>138.9</ele><time>2025-05-02T13:20:42.000Z</time></trkpt>
      <trkpt lat="52.739107" lon="-1.352483"><ele>139.0</ele><time>2025-05-02T13:20:43.000Z</time></trkpt>
      <trkpt lat="52.739099" lon="-1.352469"><ele>139.1</ele><time>2025-05-02T13:20:44.000Z</time></trkpt>
      <trkpt lat="52.739092" lon="-1.352454"><ele>139.2</ele><time>2025-05-02T13:20:45.000Z</time></trkpt>
      <trkpt lat="52.739083" lon="-1.352437"><ele>139.3</ele><time>2025-05-02T13:20:46.000Z</time></trkpt>
      <trkpt lat="52.739074" lon="-1.352419"><ele>139.4</ele><time>2025-05-02T13:20:47.000Z</time></trkpt>
      <trkpt lat="52.739065" lon="-1.352401"><ele>139.5</ele><time>2025-05-02T13:20:48.000Z</time></trkpt>
      <trkpt lat="52.739057" lon="-1.352384"><ele>139.5</ele><time>2025-05-02T13:20:49.000Z</time></trkpt>
      <trkpt lat="52.739048" lon="-1.352368"><ele>139.6</ele><time>2025-05-02T13:20:50.000Z</time></trkpt>
      <trkpt lat="52.739039" lon="-1.352354"><ele>139.7</ele><time>2025-05-02T13:20:51.000Z</time></trkpt>
      <trkpt lat="52.739030" lon="-1.352339"><ele>139.8</ele><time>2025-05-02T13:20:52.000Z</time></trkpt>
      <trkpt lat="52.739021" lon="-1.352325"><ele>139.8</ele><time>2025-05-02T13:20:53.000Z</time></trkpt>
      <trkpt lat="52.739011" lon="-1.352311"><ele>139.9</ele><time>2025-05-02T13:20:54.000Z</time></trkpt>
      <trkpt lat="52.739002" lon="-1.352299"><ele>140.0</ele><time>2025-05-02T13:20:55.000Z</time></trkpt>
      <trkpt lat="52.738992" lon="-1.352287"><ele>140.0</ele><time>2025-05-02T13:20:56.000Z</time></trkpt>
      <trkpt lat="52.738981" lon="-1.352275"><ele>140.1</ele><time>2025-05-02T13:20:57.000Z</time></trkpt>
      <trkpt lat="52.738969" lon="-1.352263"><ele>140.1</ele><time>2025-05-02T13:20:58.000Z</time></trkpt>
      <trkpt lat="52.738958" lon="-1.352251"><ele>140.2</ele><time>2025-05-02T13:20:59.000Z</time></trkpt>
      <trkpt lat="52.738948" lon="-1.352239"><ele>140.2</ele><time>2025-05-02T13:21:00.000Z</time></trkpt>
      <trkpt lat="52.738938" lon="-1.352226"><ele>140.3</ele><time>2025-05-02T13:21:01.000Z</time></trkpt>
      <trkpt lat="52.738929" lon="-1.352212"><ele>140.3</ele><time>2025-05-02T13:21:02.000Z</time></trkpt>
      <trkpt lat="52.738919" lon="-1.352198"><ele>140.3</ele><time>2025-05-02T13:21:03.000Z</time></trkpt>
      <trkpt lat="52.738910" lon="-1.352186"><ele>140.4</ele><time>2025-05-02T13:21:04.000Z</time></trkpt>
      <trkpt lat="52.738900" lon="-1.352174"><ele>140.4</ele><time>2025-05-02T13:21:05.000Z</time></trkpt>
      <trkpt lat="52.738890" lon="-1.352163"><ele>140.5</ele><time>2025-05-02T13:21:06.000Z</time></trkpt>
      <trkpt lat="52.738879" lon="-1.352152"><ele>140.5</ele><time>2025-05-02T13:21:07.000Z</time></trkpt>
      <trkpt lat="52.738869" lon="-1.352141"><ele>140.6</ele><time>2025-05-02T13:21:08.000Z</time></trkpt>
      <trkpt lat="52.738858" lon="-1.352130"><ele>140.6</ele><time>2025-05-02T13:21:09.000Z</time></trkpt>
      <trkpt lat="52.738847" lon="-1.352120"><ele>140.7</ele><time>2025-05-02T13:21:10.000Z</time></trkpt>
      <trkpt lat="52.738837" lon="-1.352111"><ele>140.7</ele><time>2025-05-02T13:21:11.000Z</time></trkpt>
      <trkpt lat="52.738827" lon="-1.352101"><ele>140.8</ele><time>2025-05-02T13:21:12.000Z</time></trkpt>
      <trkpt lat="52.738816" lon="-1.352090"><ele>140.8</ele><time>2025-05-02T13:21:13.000Z</time></trkpt>
      <trkpt lat="52.738806" lon="-1.352080"><ele>140.9</ele><time>2025-05-02T13:21:14.000Z</time></trkpt>
      <trkpt lat="52.738796" lon="-1.352069"><ele>140.9</ele><time>2025-05-02T13:21:15.000Z</time></trkpt>
      <trkpt lat="52.738786" lon="-1.352058"><ele>141.0</ele><time>2025-05-02T13:21:16.000Z</time></trkpt>
      <trkpt lat="52.738776" lon="-1.352048"><ele>141.0</ele><time>2025-05-02T13:21:17.000Z</time></trkpt>
      <trkpt lat="52.738765" lon="-1.352038"><ele>141.1</ele><time>2025-05-02T13:21:18.000Z</time></trkpt>
      <trkpt lat="52.738755" lon="-1.352030"><ele>141.2</ele><time>2025-05-02T13:21:19.000Z</time></trkpt>
      <trkpt lat="52.738745" lon="-1.352021"><ele>141.3</ele><time>2025-05-02T13:21:20.000Z</time></trkpt>
      <trkpt lat="52.738734" lon="-1.352012"><ele>141.3</ele><time>2025-05-02T13:21:21.000Z</time></trkpt>
      <trkpt lat="52.738724" lon="-1.352002"><ele>141.4</ele><time>2025-05-02T13:21:22.000Z</time></trkpt>
      <trkpt lat="52.738714" lon="-1.351992"><ele>141.5</ele><time>2025-05-02T13:21:23.000Z</time></trkpt>
      <trkpt lat="52.738705" lon="-1.351980"><ele>141.6</ele><time>2025-05-02T13:21:24.000Z</time></trkpt>
      <trkpt lat="52.738696" lon="-1.351967"><ele>141.7</ele><time>2025-05-02T13:21:25.000Z</time></trkpt>
      <trkpt lat="52.738687" lon="-1.351954"><ele>141.8</ele><time>2025-05-02T13:21:26.000Z</time></trkpt>
      <trkpt lat="52.738679" lon="-1.351939"><ele>141.9</ele><time>2025-05-02T13:21:27.000Z</time></trkpt>
      <trkpt lat="52.738671" lon="-1.351925"><ele>141.9</ele><time>2025-05-02T13:21:28.000Z</time></trkpt>
      <trkpt lat="52.738664" lon="-1.351910"><ele>142.0</ele><time>2025-05-02T13:21:29.000Z</time></trkpt>
      <trkpt lat="52.738656" lon="-1.351894"><ele>142.1</ele><time>2025-05-02T13:21:30.000Z</time></trkpt>
      <trkpt lat="52.738649" lon="-1.351879"><ele>142.2</ele><time>2025-05-02T13:21:31.000Z</time></trkpt>
      <trkpt lat="52.738643" lon="-1.351865"><ele>142.3</ele><time>2025-05-02T13:21:32.000Z</time></trkpt>
      <trkpt lat="52.738637" lon="-1.351851"><ele>142.3</ele><time>2025-05-02T13:21:33.000Z</time></trkpt>
      <trkpt lat="52.738630" lon="-1.351837"><ele>142.4</ele><time>2025-05-02T13:21:34.000Z</time></trkpt>
      <trkpt lat="52.738624" lon="-1.351823"><ele>142.4</ele><time>2025-05-02T13:21:35.000Z</time></trkpt>
      <trkpt lat="52.738618" lon="-1.351810"><ele>142.4</ele><time>2025-05-02T13:21:36.000Z</time></trkpt>
      <trkpt lat="52.738612" lon="-1.351796"><ele>142.4</ele><time>2025-05-02T13:21:37.000Z</time></trkpt>
      <trkpt lat="52.738607" lon="-1.351781"><ele>142.4</ele><time>2025-05-02T13:21:38.000Z</time></trkpt>
      <trkpt lat="52.738602" lon="-1.351764"><ele>142.5</ele><time>2025-05-02T13:21:39.000Z</time></trkpt>
      <trkpt lat="52.738596" lon="-1.351747"><ele>142.5</ele><time>2025-05-02T13:21:40.000Z</time></trkpt>
      <trkpt lat="52.738592" lon="-1.351729"><ele>142.5</ele><time>2025-05-02T13:21:41.000Z</time></trkpt>
      <trkpt lat="52.738590" lon="-1.351713"><ele>142.4</ele><time>2025-05-02T13:21:42.000Z</time></trkpt>
      <trkpt lat="52.738591" lon="-1.351696"><ele>142.4</ele><time>2025-05-02T13:21:43.000Z</time></trkpt>
      <trkpt lat="52.738594" lon="-1.351679"><ele>142.4</ele><time>2025-05-02T13:21:44.000Z</time></trkpt>
      <trkpt lat="52.738597" lon="-1.351660"><ele>142.4</ele><time>2025-05-02T13:21:45.000Z</time></trkpt>
      <trkpt lat="52.738599" lon="-1.351640"><ele>142.3</ele><time>2025-05-02T13:21:46.000Z</time></trkpt>
      <trkpt lat="52.738601" lon="-1.351620"><ele>142.3</ele><time>2025-05-02T13:21:47.000Z</time></trkpt>
      <trkpt lat="52.738600" lon="-1.351600"><ele>142.3</ele><time>2025-05-02T13:21:48.000Z</time></trkpt>
      <trkpt lat="52.738596" lon="-1.351582"><ele>142.3</ele><time>2025-05-02T13:21:49.000Z</time></trkpt>
      <trkpt lat="52.738590" lon="-1.351564"><ele>142.3</ele><time>2025-05-02T13:21:50.000Z</time></trkpt>
      <trkpt lat="52.738582" lon="-1.351549"><ele>142.3</ele><time>2025-05-02T13:21:51.000Z</time></trkpt>
      <trkpt lat="52.738572" lon="-1.351535"><ele>142.3</ele><time>2025-05-02T13:21:52.000Z</time></trkpt>
      <trkpt lat="52.738561" lon="-1.351521"><ele>142.3</ele><time>2025-05-02T13:21:53.000Z</time></trkpt>
      <trkpt lat="52.738550" lon="-1.351508"><ele>142.3</ele><time>2025-05-02T13:21:54.000Z</time></trkpt>
      <trkpt lat="52.738539" lon="-1.351495"><ele>142.3</ele><time>2025-05-02T13:21:55.000Z</time></trkpt>
      <trkpt lat="52.738528" lon="-1.351482"><ele>142.4</ele><time>2025-05-02T13:21:56.000Z</time></trkpt>
      <trkpt lat="52.738516" lon="-1.351470"><ele>142.4</ele><time>2025-05-02T13:21:57.000Z</time></trkpt>
      <trkpt lat="52.738506" lon="-1.351459"><ele>142.4</ele><time>2025-05-02T13:21:58.000Z</time></trkpt>
      <trkpt lat="52.738495" lon="-1.351448"><ele>142.5</ele><time>2025-05-02T13:21:59.000Z</time></trkpt>
      <trkpt lat="52.738485" lon="-1.351437"><ele>142.5</ele><time>2025-05-02T13:22:00.000Z</time></trkpt>
      <trkpt lat="52.738474" lon="-1.351425"><ele>142.6</ele><time>2025-05-02T13:22:01.000Z</time></trkpt>
      <trkpt lat="52.738464" lon="-1.351414"><ele>142.6</ele><time>2025-05-02T13:22:02.000Z</time></trkpt>
      <trkpt lat="52.738453" lon="-1.351403"><ele>142.6</ele><time>2025-05-02T13:22:03.000Z</time></trkpt>
      <trkpt lat="52.738442" lon="-1.351392"><ele>142.7</ele><time>2025-05-02T13:22:04.000Z</time></trkpt>
      <trkpt lat="52.738432" lon="-1.351382"><ele>142.7</ele><time>2025-05-02T13:22:05.000Z</time></trkpt>
      <trkpt lat="52.738421" lon="-1.351373"><ele>142.7</ele><time>2025-05-02T13:22:06.000Z</time></trkpt>
      <trkpt lat="52.738410" lon="-1.351363"><ele>142.7</ele><time>2025-05-02T13:22:07.000Z</time></trkpt>
      <trkpt lat="52.738399" lon="-1.351354"><ele>142.8</ele><time>2025-05-02T13:22:08.000Z</time></trkpt>
      <trkpt lat="52.738388" lon="-1.351344"><ele>142.8</ele><time>2025-05-02T13:22:09.000Z</time></trkpt>
      <trkpt lat="52.738377" lon="-1.351335"><ele>142.8</ele><time>2025-05-02T13:22:10.000Z</time></trkpt>
      <trkpt lat="52.738366" lon="-1.351326"><ele>142.8</ele><time>2025-05-02T13:22:11.000Z</time></trkpt>
      <trkpt lat="52.738354" lon="-1.351316"><ele>142.8</ele><time>2025-05-02T13:22:12.000Z</time></trkpt>
      <trkpt lat="52.738343" lon="-1.351308"><ele>142.8</ele><time>2025-05-02T13:22:13.000Z</time></trkpt>
      <trkpt lat="52.738332" lon="-1.351299"><ele>142.8</ele><time>2025-05-02T13:22:14.000Z</time></trkpt>
      <trkpt lat="52.738320" lon="-1.351290"><ele>142.8</ele><time>2025-05-02T13:22:15.000Z</time></trkpt>
      <trkpt lat="52.738309" lon="-1.351280"><ele>142.8</ele><time>2025-05-02T13:22:16.000Z</time></trkpt>
      <trkpt lat="52.738297" lon="-1.351270"><ele>142.8</ele><time>2025-05-02T13:22:17.000Z</time></trkpt>
      <trkpt lat="52.738286" lon="-1.351259"><ele>142.8</ele><time>2025-05-02T13:22:18.000Z</time></trkpt>
      <trkpt lat="52.738274" lon="-1.351248"><ele>142.8</ele><time>2025-05-02T13:22:19.000Z</time></trkpt>
      <trkpt lat="52.738263" lon="-1.351237"><ele>142.8</ele><time>2025-05-02T13:22:20.000Z</time></trkpt>
      <trkpt lat="52.738252" lon="-1.351225"><ele>142.8</ele><time>2025-05-02T13:22:21.000Z</time></trkpt>
      <trkpt lat="52.738241" lon="-1.351214"><ele>142.8</ele><time>2025-05-02T13:22:22.000Z</time></trkpt>
      <trkpt lat="52.738228" lon="-1.351204"><ele>142.8</ele><time>2025-05-02T13:22:23.000Z</time></trkpt>
      <trkpt lat="52.738216" lon="-1.351193"><ele>142.8</ele><time>2025-05-02T13:22:24.000Z</time></trkpt>
      <trkpt lat="52.738203" lon="-1.351183"><ele>142.8</ele><time>2025-05-02T13:22:25.000Z</time></trkpt>
      <trkpt lat="52.738191" lon="-1.351173"><ele>142.8</ele><time>2025-05-02T13:22:26.000Z</time></trkpt>
      <trkpt lat="52.738179" lon="-1.351163"><ele>142.8</ele><time>2025-05-02T13:22:27.000Z</time></trkpt>
      <trkpt lat="52.738168" lon="-1.351153"><ele>142.8</ele><time>2025-05-02T13:22:28.000Z</time></trkpt>
      <trkpt lat="52.738156" lon="-1.351144"><ele>142.8</ele><time>2025-05-02T13:22:29.000Z</time></trkpt>
      <trkpt lat="52.738144" lon="-1.351135"><ele>142.8</ele><time>2025-05-02T13:22:30.000Z</time></trkpt>
      <trkpt lat="52.738132" lon="-1.351125"><ele>142.8</ele><time>2025-05-02T13:22:31.000Z</time></trkpt>
      <trkpt lat="52.738121" lon="-1.351116"><ele>142.8</ele><time>2025-05-02T13:22:32.000Z</time></trkpt>
      <trkpt lat="52.738109" lon="-1.351106"><ele>142.8</ele><time>2025-05-02T13:22:33.000Z</time></trkpt>
      <trkpt lat="52.738097" lon="-1.351096"><ele>142.8</ele><time>2025-05-02T13:22:34.000Z</time></trkpt>
      <trkpt lat="52.738086" lon="-1.351087"><ele>142.8</ele><time>2025-05-02T13:22:35.000Z</time></trkpt>
      <trkpt lat="52.738074" lon="-1.351077"><ele>142.8</ele><time>2025-05-02T13:22:36.000Z</time></trkpt>
      <trkpt lat="52.738062" lon="-1.351067"><ele>142.9</ele><time>2025-05-02T13:22:37.000Z</time></trkpt>
      <trkpt lat="52.738050" lon="-1.351058"><ele>142.9</ele><time>2025-05-02T13:22:38.000Z</time></trkpt>
      <trkpt lat="52.738038" lon="-1.351050"><ele>142.9</ele><time>2025-05-02T13:22:39.000Z</time></trkpt>
      <trkpt lat="52.738025" lon="-1.351042"><ele>142.9</ele><time>2025-05-02T13:22:40.000Z</time></trkpt>
      <trkpt lat="52.738013" lon="-1.351035"><ele>142.9</ele><time>2025-05-02T13:22:41.000Z</time></trkpt>
      <trkpt lat="52.738000" lon="-1.351027"><ele>142.9</ele><time>2025-05-02T13:22:42.000Z</time></trkpt>
      <trkpt lat="52.737987" lon="-1.351020"><ele>143.0</ele><time>2025-05-02T13:22:43.000Z</time></trkpt>
      <trkpt lat="52.737975" lon="-1.351013"><ele>143.0</ele><time>2025-05-02T13:22:44.000Z</time></trkpt>
      <trkpt lat="52.737962" lon="-1.351005"><ele>143.0</ele><time>2025-05-02T13:22:45.000Z</time></trkpt>
      <trkpt lat="52.737950" lon="-1.350998"><ele>143.0</ele><time>2025-05-02T13:22:46.000Z</time></trkpt>
      <trkpt lat="52.737937" lon="-1.350990"><ele>143.0</ele><time>2025-05-02T13:22:47.000Z</time></trkpt>
      <trkpt lat="52.737925" lon="-1.350982"><ele>143.0</ele><time>2025-05-02T13:22:48.000Z</time></trkpt>
      <trkpt lat="52.737912" lon="-1.350973"><ele>143.1</ele><time>2025-05-02T13:22:49.000Z</time></trkpt>
      <trkpt lat="52.737900" lon="-1.350964"><ele>143.1</ele><time>2025-05-02T13:22:50.000Z</time></trkpt>
      <trkpt lat="52.737887" lon="-1.350956"><ele>143.1</ele><time>2025-05-02T13:22:51.000Z</time></trkpt>
      <trkpt lat="52.737875" lon="-1.350947"><ele>143.1</ele><time>2025-05-02T13:22:52.000Z</time></trkpt>
      <trkpt lat="52.737862" lon="-1.350937"><ele>143.1</ele><time>2025-05-02T13:22:53.000Z</time></trkpt>
      <trkpt lat="52.737850" lon="-1.350927"><ele>143.2</ele><time>2025-05-02T13:22:54.000Z</time></trkpt>
      <trkpt lat="52.737837" lon="-1.350916"><ele>143.2</ele><time>2025-05-02T13:22:55.000Z</time></trkpt>
      <trkpt lat="52.737825" lon="-1.350907"><ele>143.2</ele><time>2025-05-02T13:22:56.000Z</time></trkpt>
      <trkpt lat="52.737812" lon="-1.350897"><ele>143.3</ele><time>2025-05-02T13:22:57.000Z</time></trkpt>
      <trkpt lat="52.737800" lon="-1.350888"><ele>143.3</ele><time>2025-05-02T13:22:58.000Z</time></trkpt>
      <trkpt lat="52.737787" lon="-1.350878"><ele>143.3</ele><time>2025-05-02T13:22:59.000Z</time></trkpt>
      <trkpt lat="52.737775" lon="-1.350868"><ele>143.3</ele><time>2025-05-02T13:23:00.000Z</time></trkpt>
      <trkpt lat="52.737762" lon="-1.350860"><ele>143.3</ele><time>2025-05-02T13:23:01.000Z</time></trkpt>
      <trkpt lat="52.737749" lon="-1.350853"><ele>143.3</ele><time>2025-05-02T13:23:02.000Z</time></trkpt>
      <trkpt lat="52.737736" lon="-1.350846"><ele>143.3</ele><time>2025-05-02T13:23:03.000Z</time></trkpt>
      <trkpt lat="52.737723" lon="-1.350839"><ele>143.3</ele><time>2025-05-02T13:23:04.000Z</time></trkpt>
      <trkpt lat="52.737710" lon="-1.350833"><ele>143.3</ele><time>2025-05-02T13:23:05.000Z</time></trkpt>
      <trkpt lat="52.737696" lon="-1.350826"><ele>143.3</ele><time>2025-05-02T13:23:06.000Z</time></trkpt>
      <trkpt lat="52.737683" lon="-1.350819"><ele>143.2</ele><time>2025-05-02T13:23:07.000Z</time></trkpt>
      <trkpt lat="52.737670" lon="-1.350810"><ele>143.2</ele><time>2025-05-02T13:23:08.000Z</time></trkpt>
      <trkpt lat="52.737658" lon="-1.350800"><ele>143.2</ele><time>2025-05-02T13:23:09.000Z</time></trkpt>
      <trkpt lat="52.737646" lon="-1.350790"><ele>143.1</ele><time>2025-05-02T13:23:10.000Z</time></trkpt>
      <trkpt lat="52.737634" lon="-1.350783"><ele>143.1</ele><time>2025-05-02T13:23:11.000Z</time></trkpt>
      <trkpt lat="52.737621" lon="-1.350778"><ele>143.1</ele><time>2025-05-02T13:23:12.000Z</time></trkpt>
      <trkpt lat="52.737609" lon="-1.350773"><ele>143.1</ele><time>2025-05-02T13:23:13.000Z</time></trkpt>
      <trkpt lat="52.737595" lon="-1.350767"><ele>143.1</ele><time>2025-05-02T13:23:14.000Z</time></trkpt>
      <trkpt lat="52.737582" lon="-1.350760"><ele>143.1</ele><time>2025-05-02T13:23:15.000Z</time></trkpt>
      <trkpt lat="52.737569" lon="-1.350751"><ele>143.1</ele><time>2025-05-02T13:23:16.000Z</time></trkpt>
      <trkpt lat="52.737556" lon="-1.350743"><ele>143.1</ele><time>2025-05-02T13:23:17.000Z</time></trkpt>
      <trkpt lat="52.737543" lon="-1.350735"><ele>143.2</ele><time>2025-05-02T13:23:18.000Z</time></trkpt>
      <trkpt lat="52.737529" lon="-1.350728"><ele>143.2</ele><time>2025-05-02T13:23:19.000Z</time></trkpt>
      <trkpt lat="52.737516" lon="-1.350721"><ele>143.2</ele><time>2025-05-02T13:23:20.000Z</time></trkpt>
      <trkpt lat="52.737504" lon="-1.350716"><ele>143.3</ele><time>2025-05-02T13:23:21.000Z</time></trkpt>
      <trkpt lat="52.737491" lon="-1.350710"><ele>143.3</ele><time>2025-05-02T13:23:22.000Z</time></trkpt>
      <trkpt lat="52.737478" lon="-1.350702"><ele>143.4</ele><time>2025-05-02T13:23:23.000Z</time></trkpt>
      <trkpt lat="52.737465" lon="-1.350693"><ele>143.5</ele><time>2025-05-02T13:23:24.000Z</time></trkpt>
      <trkpt lat="52.737453" lon="-1.350683"><ele>143.5</ele><time>2025-05-02T13:23:25.000Z</time></trkpt>
      <trkpt lat="52.737440" lon="-1.350673"><ele>143.6</ele><time>2025-05-02T13:23:26.000Z</time></trkpt>
      <trkpt lat="52.737427" lon="-1.350662"><ele>143.6</ele><time>2025-05-02T13:23:27.000Z</time></trkpt>
      <trkpt lat="52.737415" lon="-1.350651"><ele>143.7</ele><time>2025-05-02T13:23:28.000Z</time></trkpt>
      <trkpt lat="52.737403" lon="-1.350640"><ele>143.8</ele><time>2025-05-02T13:23:29.000Z</time></trkpt>
      <trkpt lat="52.737390" lon="-1.350630"><ele>143.8</ele><time>2025-05-02T13:23:30.000Z</time></trkpt>
      <trkpt lat="52.737378" lon="-1.350621"><ele>143.9</ele><time>2025-05-02T13:23:31.000Z</time></trkpt>
      <trkpt lat="52.737365" lon="-1.350612"><ele>143.9</ele><time>2025-05-02T13:23:32.000Z</time></trkpt>
      <trkpt lat="52.737352" lon="-1.350604"><ele>144.0</ele><time>2025-05-02T13:23:33.000Z</time></trkpt>
      <trkpt lat="52.737339" lon="-1.350596"><ele>144.0</ele><time>2025-05-02T13:23:34.000Z</time></trkpt>
      <trkpt lat="52.737327" lon="-1.350588"><ele>144.0</ele><time>2025-05-02T13:23:35.000Z</time></trkpt>
      <trkpt lat="52.737314" lon="-1.350581"><ele>144.1</ele><time>2025-05-02T13:23:36.000Z</time></trkpt>
      <trkpt lat="52.737302" lon="-1.350573"><ele>144.1</ele><time>2025-05-02T13:23:37.000Z</time></trkpt>
      <trkpt lat="52.737290" lon="-1.350563"><ele>144.2</ele><time>2025-05-02T13:23:38.000Z</time></trkpt>
      <trkpt lat="52.737278" lon="-1.350553"><ele>144.2</ele><time>2025-05-02T13:23:39.000Z</time></trkpt>
      <trkpt lat="52.737267" lon="-1.350543"><ele>144.3</ele><time>2025-05-02T13:23:40.000Z</time></trkpt>
      <trkpt lat="52.737255" lon="-1.350532"><ele>144.3</ele><time>2025-05-02T13:23:41.000Z</time></trkpt>
      <trkpt lat="52.737243" lon="-1.350521"><ele>144.4</ele><time>2025-05-02T13:23:42.000Z</time></trkpt>
      <trkpt lat="52.737231" lon="-1.350510"><ele>144.4</ele><time>2025-05-02T13:23:43.000Z</time></trkpt>
      <trkpt lat="52.737219" lon="-1.350500"><ele>144.5</ele><time>2025-05-02T13:23:44.000Z</time></trkpt>
      <trkpt lat="52.737207" lon="-1.350490"><ele>144.6</ele><time>2025-05-02T13:23:45.000Z</time></trkpt>
      <trkpt lat="52.737195" lon="-1.350481"><ele>144.6</ele><time>2025-05-02T13:23:46.000Z</time></trkpt>
      <trkpt lat="52.737183" lon="-1.350470"><ele>144.7</ele><time>2025-05-02T13:23:47.000Z</time></trkpt>
      <trkpt lat="52.737171" lon="-1.350460"><ele>144.8</ele><time>2025-05-02T13:23:48.000Z</time></trkpt>
      <trkpt lat="52.737159" lon="-1.350450"><ele>144.9</ele><time>2025-05-02T13:23:49.000Z</time></trkpt>
      <trkpt lat="52.737148" lon="-1.350439"><ele>145.0</ele><time>2025-05-02T13:23:50.000Z</time></trkpt>
      <trkpt lat="52.737136" lon="-1.350429"><ele>145.0</ele><time>2025-05-02T13:23:51.000Z</time></trkpt>
      <trkpt lat="52.737124" lon="-1.350419"><ele>145.1</ele><time>2025-05-02T13:23:52.000Z</time></trkpt>
      <trkpt lat="52.737113" lon="-1.350409"><ele>145.2</ele><time>2025-05-02T13:23:53.000Z</time></trkpt>
      <trkpt lat="52.737101" lon="-1.350399"><ele>145.2</ele><time>2025-05-02T13:23:54.000Z</time></trkpt>
      <trkpt lat="52.737089" lon="-1.350388"><ele>145.3</ele><time>2025-05-02T13:23:55.000Z</time></trkpt>
      <trkpt lat="52.737078" lon="-1.350376"><ele>145.3</ele><time>2025-05-02T13:23:56.000Z</time></trkpt>
      <trkpt lat="52.737066" lon="-1.350365"><ele>145.3</ele><time>2025-05-02T13:23:57.000Z</time></trkpt>
      <trkpt lat="52.737054" lon="-1.350354"><ele>145.4</ele><time>2025-05-02T13:23:58.000Z</time></trkpt>
      <trkpt lat="52.737042" lon="-1.350345"><ele>145.4</ele><time>2025-05-02T13:23:59.000Z</time></trkpt>
      <trkpt lat="52.737029" lon="-1.350336"><ele>145.4</ele><time>2025-05-02T13:24:00.000Z</time></trkpt>
      <trkpt lat="52.737017" lon="-1.350327"><ele>145.4</ele><time>2025-05-02T13:24:01.000Z</time></trkpt>
      <trkpt lat="52.737004" lon="-1.350319"><ele>145.4</ele><time>2025-05-02T13:24:02.000Z</time></trkpt>
      <trkpt lat="52.736992" lon="-1.350309"><ele>145.4</ele><time>2025-05-02T13:24:03.000Z</time></trkpt>
      <trkpt lat="52.736979" lon="-1.350299"><ele>145.4</ele><time>2025-05-02T13:24:04.000Z</time></trkpt>
      <trkpt lat="52.736968" lon="-1.350288"><ele>145.4</ele><time>2025-05-02T13:24:05.000Z</time></trkpt>
      <trkpt lat="52.736956" lon="-1.350276"><ele>145.3</ele><time>2025-05-02T13:24:06.000Z</time></trkpt>
      <trkpt lat="52.736944" lon="-1.350265"><ele>145.3</ele><time>2025-05-02T13:24:07.000Z</time></trkpt>
      <trkpt lat="52.736932" lon="-1.350254"><ele>145.3</ele><time>2025-05-02T13:24:08.000Z</time></trkpt>
      <trkpt lat="52.736921" lon="-1.350242"><ele>145.3</ele><time>2025-05-02T13:24:09.000Z</time></trkpt>
      <trkpt lat="52.736910" lon="-1.350229"><ele>145.3</ele><time>2025-05-02T13:24:10.000Z</time></trkpt>
      <trkpt lat="52.736899" lon="-1.350215"><ele>145.3</ele><time>2025-05-02T13:24:11.000Z</time></trkpt>
      <trkpt lat="52.736888" lon="-1.350202"><ele>145.2</ele><time>2025-05-02T13:24:12.000Z</time></trkpt>
      <trkpt lat="52.736878" lon="-1.350188"><ele>145.2</ele><time>2025-05-02T13:24:13.000Z</time></trkpt>
      <trkpt lat="52.736867" lon="-1.350175"><ele>145.2</ele><time>2025-05-02T13:24:14.000Z</time></trkpt>
      <trkpt lat="52.736856" lon="-1.350162"><ele>145.2</ele><time>2025-05-02T13:24:15.000Z</time></trkpt>
      <trkpt lat="52.736845" lon="-1.350150"><ele>145.2</ele><time>2025-05-02T13:24:16.000Z</time></trkpt>
      <trkpt lat="52.736833" lon="-1.350139"><ele>145.2</ele><time>2025-05-02T13:24:17.000Z</time></trkpt>
      <trkpt lat="52.736822" lon="-1.350127"><ele>145.2</ele><time>2025-05-02T13:24:18.000Z</time></trkpt>
      <trkpt lat="52.736811" lon="-1.350114"><ele>145.2</ele><time>2025-05-02T13:24:19.000Z</time></trkpt>
      <trkpt lat="52.736801" lon="-1.350100"><ele>145.2</ele><time>2025-05-02T13:24:20.000Z</time></trkpt>
      <trkpt lat="52.736791" lon="-1.350087"><ele>145.2</ele><time>2025-05-02T13:24:21.000Z</time></trkpt>
      <trkpt lat="52.736781" lon="-1.350074"><ele>145.2</ele><time>2025-05-02T13:24:22.000Z</time></trkpt>
      <trkpt lat="52.736772" lon="-1.350060"><ele>145.2</ele><time>2025-05-02T13:24:23.000Z</time></trkpt>
      <trkpt lat="52.736763" lon="-1.350045"><ele>145.2</ele><time>2025-05-02T13:24:24.000Z</time></trkpt>
      <trkpt lat="52.736755" lon="-1.350028"><ele>145.2</ele><time>2025-05-02T13:24:25.000Z</time></trkpt>
      <trkpt lat="52.736748" lon="-1.350009"><ele>145.3</ele><time>2025-05-02T13:24:26.000Z</time></trkpt>
      <trkpt lat="52.736744" lon="-1.349989"><ele>145.3</ele><time>2025-05-02T13:24:27.000Z</time></trkpt>
      <trkpt lat="52.736740" lon="-1.349969"><ele>145.3</ele><time>2025-05-02T13:24:28.000Z</time></trkpt>
      <trkpt lat="52.736738" lon="-1.349948"><ele>145.3</ele><time>2025-05-02T13:24:29.000Z</time></trkpt>
      <trkpt lat="52.736739" lon="-1.349929"><ele>145.3</ele><time>2025-05-02T13:24:30.000Z</time></trkpt>
      <trkpt lat="52.736744" lon="-1.349914"><ele>145.3</ele><time>2025-05-02T13:24:31.000Z</time></trkpt>
      <trkpt lat="52.736753" lon="-1.349908"><ele>145.3</ele><time>2025-05-02T13:24:32.000Z</time></trkpt>
      <trkpt lat="52.736762" lon="-1.349909"><ele>145.3</ele><time>2025-05-02T13:24:33.000Z</time></trkpt>
      <trkpt lat="52.736769" lon="-1.349913"><ele>145.3</ele><time>2025-05-02T13:24:34.000Z</time></trkpt>
      <trkpt lat="52.736774" lon="-1.349917"><ele>145.3</ele><time>2025-05-02T13:24:35.000Z</time></trkpt>
      <trkpt lat="52.736778" lon="-1.349920"><ele>145.3</ele><time>2025-05-02T13:24:36.000Z</time></trkpt>
      <trkpt lat="52.736781" lon="-1.349920"><ele>145.3</ele><time>2025-05-02T13:24:37.000Z</time></trkpt>
      <trkpt lat="52.736783" lon="-1.349919"><ele>145.3</ele><time>2025-05-02T13:24:38.000Z</time></trkpt>
      <trkpt lat="52.736785" lon="-1.349917"><ele>145.2</ele><time>2025-05-02T13:24:39.000Z</time></trkpt>
      <trkpt lat="52.736788" lon="-1.349914"><ele>145.2</ele><time>2025-05-02T13:24:40.000Z</time></trkpt>
      <trkpt lat="52.736795" lon="-1.349912"><ele>145.2</ele><time>2025-05-02T13:24:41.000Z</time></trkpt>
      <trkpt lat="52.736806" lon="-1.349911"><ele>145.2</ele><time>2025-05-02T13:24:42.000Z</time></trkpt>
      <trkpt lat="52.736818" lon="-1.349910"><ele>145.2</ele><time>2025-05-02T13:24:43.000Z</time></trkpt>
      <trkpt lat="52.736831" lon="-1.349910"><ele>145.2</ele><time>2025-05-02T13:24:44.000Z</time></trkpt>
      <trkpt lat="52.736844" lon="-1.349910"><ele>145.1</ele><time>2025-05-02T13:24:45.000Z</time></trkpt>
      <trkpt lat="52.736857" lon="-1.349911"><ele>145.1</ele><time>2025-05-02T13:24:46.000Z</time></trkpt>
      <trkpt lat="52.736870" lon="-1.349911"><ele>145.1</ele><time>2025-05-02T13:24:47.000Z</time></trkpt>
      <trkpt lat="52.736883" lon="-1.349910"><ele>145.1</ele><time>2025-05-02T13:24:48.000Z</time></trkpt>
      <trkpt lat="52.736896" lon="-1.349909"><ele>145.1</ele><time>2025-05-02T13:24:49.000Z</time></trkpt>
      <trkpt lat="52.736909" lon="-1.349906"><ele>145.1</ele><time>2025-05-02T13:24:50.000Z</time></trkpt>
      <trkpt lat="52.736922" lon="-1.349901"><ele>145.1</ele><time>2025-05-02T13:24:51.000Z</time></trkpt>
      <trkpt lat="52.736935" lon="-1.349894"><ele>145.1</ele><time>2025-05-02T13:24:52.000Z</time></trkpt>
      <trkpt lat="52.736947" lon="-1.349886"><ele>145.1</ele><time>2025-05-02T13:24:53.000Z</time></trkpt>
      <trkpt lat="52.736958" lon="-1.349875"><ele>145.2</ele><time>2025-05-02T13:24:54.000Z</time></trkpt>
      <trkpt lat="52.736968" lon="-1.349862"><ele>145.3</ele><time>2025-05-02T13:24:55.000Z</time></trkpt>
      <trkpt lat="52.736974" lon="-1.349847"><ele>145.3</ele><time>2025-05-02T13:24:56.000Z</time></trkpt>
      <trkpt lat="52.736977" lon="-1.349835"><ele>145.4</ele><time>2025-05-02T13:24:57.000Z</time></trkpt>
      <trkpt lat="52.736976" lon="-1.349828"><ele>145.5</ele><time>2025-05-02T13:24:58.000Z</time></trkpt>
      <trkpt lat="52.736974" lon="-1.349825"><ele>145.5</ele><time>2025-05-02T13:24:59.000Z</time></trkpt>
      <trkpt lat="52.736973" lon="-1.349824"><ele>145.6</ele><time>2025-05-02T13:25:00.000Z</time></trkpt>
      <trkpt lat="52.736975" lon="-1.349826"><ele>145.7</ele><time>2025-05-02T13:25:01.000Z</time></trkpt>
      <trkpt lat="52.736976" lon="-1.349828"><ele>145.7</ele><time>2025-05-02T13:25:02.000Z</time></trkpt>
      <trkpt lat="52.736977" lon="-1.349831"><ele>145.8</ele><time>2025-05-02T13:25:03.000Z</time></trkpt>
      <trkpt lat="52.736978" lon="-1.349835"><ele>145.9</ele><time>2025-05-02T13:25:04.000Z</time></trkpt>
      <trkpt lat="52.736980" lon="-1.349840"><ele>145.9</ele><time>2025-05-02T13:25:05.000Z</time></trkpt>
      <trkpt lat="52.736981" lon="-1.349844"><ele>145.9</ele><time>2025-05-02T13:25:06.000Z</time></trkpt>
      <trkpt lat="52.736982" lon="-1.349848"><ele>146.0</ele><time>2025-05-02T13:25:07.000Z</time></trkpt>
      <trkpt lat="52.736984" lon="-1.349851"><ele>146.0</ele><time>2025-05-02T13:25:08.000Z</time></trkpt>
      <trkpt lat="52.736987" lon="-1.349854"><ele>146.0</ele><time>2025-05-02T13:25:09.000Z</time></trkpt>
      <trkpt lat="52.736989" lon="-1.349857"><ele>146.0</ele><time>2025-05-02T13:25:10.000Z</time></trkpt>
      <trkpt lat="52.736991" lon="-1.349860"><ele>145.9</ele><time>2025-05-02T13:25:11.000Z</time></trkpt>
      <trkpt lat="52.736992" lon="-1.349863"><ele>145.9</ele><time>2025-05-02T13:25:12.000Z</time></trkpt>
      <trkpt lat="52.736993" lon="-1.349867"><ele>145.8</ele><time>2025-05-02T13:25:13.000Z</time></trkpt>
      <trkpt lat="52.736994" lon="-1.349872"><ele>145.8</ele><time>2025-05-02T13:25:14.000Z</time></trkpt>
      <trkpt lat="52.736994" lon="-1.349876"><ele>145.7</ele><time>2025-05-02T13:25:15.000Z</time></trkpt>
      <trkpt lat="52.736995" lon="-1.349879"><ele>145.6</ele><time>2025-05-02T13:25:16.000Z</time></trkpt>
      <trkpt lat="52.736996" lon="-1.349881"><ele>145.6</ele><time>2025-05-02T13:25:17.000Z</time></trkpt>
      <trkpt lat="52.736998" lon="-1.349883"><ele>145.5</ele><time>2025-05-02T13:25:18.000Z</time></trkpt>
      <trkpt lat="52.737000" lon="-1.349882"><ele>145.5</ele><time>2025-05-02T13:25:19.000Z</time></trkpt>
      <trkpt lat="52.737002" lon="-1.349880"><ele>145.5</ele><time>2025-05-02T13:25:20.000Z</time></trkpt>
      <trkpt lat="52.737004" lon="-1.349876"><ele>145.4</ele><time>2025-05-02T13:25:21.000Z</time></trkpt>
      <trkpt lat="52.737005" lon="-1.349872"><ele>145.4</ele><time>2025-05-02T13:25:22.000Z</time></trkpt>
      <trkpt lat="52.737005" lon="-1.349870"><ele>145.4</ele><time>2025-05-02T13:25:23.000Z</time></trkpt>
      <trkpt lat="52.737004" lon="-1.349869"><ele>145.5</ele><time>2025-05-02T13:25:24.000Z</time></trkpt>
      <trkpt lat="52.737003" lon="-1.349869"><ele>145.5</ele><time>2025-05-02T13:25:25.000Z</time></trkpt>
      <trkpt lat="52.737002" lon="-1.349867"><ele>145.5</ele><time>2025-05-02T13:25:26.000Z</time></trkpt>
      <trkpt lat="52.737000" lon="-1.349865"><ele>145.6</ele><time>2025-05-02T13:25:27.000Z</time></trkpt>
      <trkpt lat="52.736999" lon="-1.349862"><ele>145.6</ele><time>2025-05-02T13:25:28.000Z</time></trkpt>
      <trkpt lat="52.736999" lon="-1.349858"><ele>145.7</ele><time>2025-05-02T13:25:29.000Z</time></trkpt>
      <trkpt lat="52.736999" lon="-1.349854"><ele>145.8</ele><time>2025-05-02T13:25:30.000Z</time></trkpt>
      <trkpt lat="52.737001" lon="-1.349851"><ele>145.9</ele><time>2025-05-02T13:25:31.000Z</time></trkpt>
      <trkpt lat="52.737003" lon="-1.349849"><ele>146.0</ele><time>2025-05-02T13:25:32.000Z</time></trkpt>
      <trkpt lat="52.737006" lon="-1.349847"><ele>146.1</ele><time>2025-05-02T13:25:33.000Z</time></trkpt>
      <trkpt lat="52.737007" lon="-1.349846"><ele>146.1</ele><time>2025-05-02T13:25:34.000Z</time></trkpt>
      <trkpt lat="52.737007" lon="-1.349845"><ele>146.2</ele><time>2025-05-02T13:25:35.000Z</time></trkpt>
      <trkpt lat="52.737004" lon="-1.349844"><ele>146.3</ele><time>2025-05-02T13:25:36.000Z</time></trkpt>
      <trkpt lat="52.737000" lon="-1.349844"><ele>146.3</ele><time>2025-05-02T13:25:37.000Z</time></trkpt>
      <trkpt lat="52.736996" lon="-1.349843"><ele>146.4</ele><time>2025-05-02T13:25:38.000Z</time></trkpt>
      <trkpt lat="52.736991" lon="-1.349842"><ele>146.4</ele><time>2025-05-02T13:25:39.000Z</time></trkpt>
      <trkpt lat="52.736987" lon="-1.349841"><ele>146.5</ele><time>2025-05-02T13:25:40.000Z</time></trkpt>
      <trkpt lat="52.736983" lon="-1.349840"><ele>146.5</ele><time>2025-05-02T13:25:41.000Z</time></trkpt>
      <trkpt lat="52.736980" lon="-1.349839"><ele>146.5</ele><time>2025-05-02T13:25:42.000Z</time></trkpt>
      <trkpt lat="52.736978" lon="-1.349839"><ele>146.5</ele><time>2025-05-02T13:25:43.000Z</time></trkpt>
      <trkpt lat="52.736978" lon="-1.349838"><ele>146.4</ele><time>2025-05-02T13:25:44.000Z</time></trkpt>
      <trkpt lat="52.736978" lon="-1.349838"><ele>146.4</ele><time>2025-05-02T13:25:45.000Z</time></trkpt>
      <trkpt lat="52.736979" lon="-1.349839"><ele>146.4</ele><time>2025-05-02T13:25:46.000Z</time></trkpt>
      <trkpt lat="52.736980" lon="-1.349840"><ele>146.3</ele><time>2025-05-02T13:25:47.000Z</time></trkpt>
      <trkpt lat="52.736982" lon="-1.349842"><ele>146.3</ele><time>2025-05-02T13:25:48.000Z</time></trkpt>
      <trkpt lat="52.736983" lon="-1.349843"><ele>146.2</ele><time>2025-05-02T13:25:49.000Z</time></trkpt>
      <trkpt lat="52.736984" lon="-1.349845"><ele>146.2</ele><time>2025-05-02T13:25:50.000Z</time></trkpt>
      <trkpt lat="52.736985" lon="-1.349845"><ele>146.2</ele><time>2025-05-02T13:25:51.000Z</time></trkpt>
      <trkpt lat="52.736986" lon="-1.349846"><ele>146.1</ele><time>2025-05-02T13:25:52.000Z</time></trkpt>
      <trkpt lat="52.736987" lon="-1.349847"><ele>146.1</ele><time>2025-05-02T13:25:53.000Z</time></trkpt>
      <trkpt lat="52.736989" lon="-1.349848"><ele>146.0</ele><time>2025-05-02T13:25:54.000Z</time></trkpt>
      <trkpt lat="52.736990" lon="-1.349850"><ele>146.0</ele><time>2025-05-02T13:25:55.000Z</time></trkpt>
      <trkpt lat="52.736992" lon="-1.349852"><ele>145.9</ele><time>2025-05-02T13:25:56.000Z</time></trkpt>
      <trkpt lat="52.736993" lon="-1.349853"><ele>145.9</ele><time>2025-05-02T13:25:57.000Z</time></trkpt>
      <trkpt lat="52.736994" lon="-1.349853"><ele>145.9</ele><time>2025-05-02T13:25:58.000Z</time></trkpt>
      <trkpt lat="52.736995" lon="-1.349854"><ele>145.8</ele><time>2025-05-02T13:25:59.000Z</time></trkpt>
      <trkpt lat="52.736996" lon="-1.349855"><ele>145.8</ele><time>2025-05-02T13:26:00.000Z</time></trkpt>
      <trkpt lat="52.736997" lon="-1.349856"><ele>145.8</ele><time>2025-05-02T13:26:01.000Z</time></trkpt>
      <trkpt lat="52.736997" lon="-1.349858"><ele>145.8</ele><time>2025-05-02T13:26:02.000Z</time></trkpt>
      <trkpt lat="52.736997" lon="-1.349859"><ele>145.8</ele><time>2025-05-02T13:26:03.000Z</time></trkpt>
      <trkpt lat="52.736996" lon="-1.349859"><ele>145.7</ele><time>2025-05-02T13:26:04.000Z</time></trkpt>
      <trkpt lat="52.736994" lon="-1.349857"><ele>145.7</ele><time>2025-05-02T13:26:05.000Z</time></trkpt>
      <trkpt lat="52.736992" lon="-1.349856"><ele>145.7</ele><time>2025-05-02T13:26:06.000Z</time></trkpt>
      <trkpt lat="52.736990" lon="-1.349854"><ele>145.7</ele><time>2025-05-02T13:26:07.000Z</time></trkpt>
      <trkpt lat="52.736986" lon="-1.349853"><ele>145.7</ele><time>2025-05-02T13:26:08.000Z</time></trkpt>
      <trkpt lat="52.736983" lon="-1.349853"><ele>145.7</ele><time>2025-05-02T13:26:09.000Z</time></trkpt>
      <trkpt lat="52.736979" lon="-1.349853"><ele>145.7</ele><time>2025-05-02T13:26:10.000Z</time></trkpt>
      <trkpt lat="52.736976" lon="-1.349853"><ele>145.7</ele><time>2025-05-02T13:26:11.000Z</time></trkpt>
      <trkpt lat="52.736973" lon="-1.349853"><ele>145.7</ele><time>2025-05-02T13:26:12.000Z</time></trkpt>
      <trkpt lat="52.736972" lon="-1.349851"><ele>145.6</ele><time>2025-05-02T13:26:13.000Z</time></trkpt>
      <trkpt lat="52.736972" lon="-1.349847"><ele>145.6</ele><time>2025-05-02T13:26:14.000Z</time></trkpt>
      <trkpt lat="52.736974" lon="-1.349842"><ele>145.6</ele><time>2025-05-02T13:26:15.000Z</time></trkpt>
      <trkpt lat="52.736977" lon="-1.349834"><ele>145.6</ele><time>2025-05-02T13:26:16.000Z</time></trkpt>
      <trkpt lat="52.736980" lon="-1.349826"><ele>145.6</ele><time>2025-05-02T13:26:17.000Z</time></trkpt>
      <trkpt lat="52.736984" lon="-1.349818"><ele>145.5</ele><time>2025-05-02T13:26:18.000Z</time></trkpt>
      <trkpt lat="52.736987" lon="-1.349811"><ele>145.5</ele><time>2025-05-02T13:26:19.000Z</time></trkpt>
      <trkpt lat="52.736989" lon="-1.349805"><ele>145.5</ele><time>2025-05-02T13:26:20.000Z</time></trkpt>
      <trkpt lat="52.736992" lon="-1.349800"><ele>145.5</ele><time>2025-05-02T13:26:21.000Z</time></trkpt>
      <trkpt lat="52.736995" lon="-1.349796"><ele>145.5</ele><time>2025-05-02T13:26:22.000Z</time></trkpt>
      <trkpt lat="52.736997" lon="-1.349794"><ele>145.4</ele><time>2025-05-02T13:26:23.000Z</time></trkpt>
      <trkpt lat="52.736999" lon="-1.349793"><ele>145.4</ele><time>2025-05-02T13:26:24.000Z</time></trkpt>
      <trkpt lat="52.737001" lon="-1.349793"><ele>145.4</ele><time>2025-05-02T13:26:25.000Z</time></trkpt>
      <trkpt lat="52.737003" lon="-1.349794"><ele>145.4</ele><time>2025-05-02T13:26:26.000Z</time></trkpt>
      <trkpt lat="52.737005" lon="-1.349794"><ele>145.4</ele><time>2025-05-02T13:26:27.000Z</time></trkpt>
      <trkpt lat="52.737008" lon="-1.349795"><ele>145.4</ele><time>2025-05-02T13:26:28.000Z</time></trkpt>
      <trkpt lat="52.737011" lon="-1.349795"><ele>145.4</ele><time>2025-05-02T13:26:29.000Z</time></trkpt>
      <trkpt lat="52.737014" lon="-1.349796"><ele>145.4</ele><time>2025-05-02T13:26:30.000Z</time></trkpt>
      <trkpt lat="52.737016" lon="-1.349797"><ele>145.4</ele><time>2025-05-02T13:26:31.000Z</time></trkpt>
      <trkpt lat="52.737018" lon="-1.349798"><ele>145.4</ele><time>2025-05-02T13:26:32.000Z</time></trkpt>
      <trkpt lat="52.737018" lon="-1.349799"><ele>145.4</ele><time>2025-05-02T13:26:33.000Z</time></trkpt>
      <trkpt lat="52.737017" lon="-1.349800"><ele>145.3</ele><time>2025-05-02T13:26:34.000Z</time></trkpt>
      <trkpt lat="52.737015" lon="-1.349801"><ele>145.3</ele><time>2025-05-02T13:26:35.000Z</time></trkpt>
      <trkpt lat="52.737013" lon="-1.349802"><ele>145.3</ele><time>2025-05-02T13:26:36.000Z</time></trkpt>
      <trkpt lat="52.737011" lon="-1.349802"><ele>145.3</ele><time>2025-05-02T13:26:37.000Z</time></trkpt>
      <trkpt lat="52.737010" lon="-1.349802"><ele>145.2</ele><time>2025-05-02T13:26:38.000Z</time></trkpt>
      <trkpt lat="52.737009" lon="-1.349801"><ele>145.2</ele><time>2025-05-02T13:26:39.000Z</time></trkpt>
      <trkpt lat="52.737008" lon="-1.349801"><ele>145.2</ele><time>2025-05-02T13:26:40.000Z</time></trkpt>
      <trkpt lat="52.737008" lon="-1.349802"><ele>145.1</ele><time>2025-05-02T13:26:41.000Z</time></trkpt>
      <trkpt lat="52.737007" lon="-1.349803"><ele>145.1</ele><time>2025-05-02T13:26:42.000Z</time></trkpt>
      <trkpt lat="52.737006" lon="-1.349804"><ele>145.1</ele><time>2025-05-02T13:26:43.000Z</time></trkpt>
      <trkpt lat="52.737005" lon="-1.349806"><ele>145.1</ele><time>2025-05-02T13:26:44.000Z</time></trkpt>
      <trkpt lat="52.737004" lon="-1.349808"><ele>145.1</ele><time>2025-05-02T13:26:45.000Z</time></trkpt>
      <trkpt lat="52.737003" lon="-1.349810"><ele>145.1</ele><time>2025-05-02T13:26:46.000Z</time></trkpt>
      <trkpt lat="52.737002" lon="-1.349812"><ele>145.1</ele><time>2025-05-02T13:26:47.000Z</time></trkpt>
      <trkpt lat="52.737002" lon="-1.349813"><ele>145.1</ele><time>2025-05-02T13:26:48.000Z</time></trkpt>
      <trkpt lat="52.737002" lon="-1.349813"><ele>145.1</ele><time>2025-05-02T13:26:49.000Z</time></trkpt>
      <trkpt lat="52.737002" lon="-1.349813"><ele>145.2</ele><time>2025-05-02T13:26:50.000Z</time></trkpt>
      <trkpt lat="52.737002" lon="-1.349812"><ele>145.2</ele><time>2025-05-02T13:26:51.000Z</time></trkpt>
      <trkpt lat="52.737002" lon="-1.349811"><ele>145.2</ele><time>2025-05-02T13:26:52.000Z</time></trkpt>
      <trkpt lat="52.737002" lon="-1.349810"><ele>145.3</ele><time>2025-05-02T13:26:53.000Z</time></trkpt>
      <trkpt lat="52.737002" lon="-1.349810"><ele>145.3</ele><time>2025-05-02T13:26:54.000Z</time></trkpt>
      <trkpt lat="52.737003" lon="-1.349809"><ele>145.3</ele><time>2025-05-02T13:26:55.000Z</time></trkpt>
      <trkpt lat="52.737004" lon="-1.349808"><ele>145.4</ele><time>2025-05-02T13:26:56.000Z</time></trkpt>
      <trkpt lat="52.737006" lon="-1.349806"><ele>145.4</ele><time>2025-05-02T13:26:57.000Z</time></trkpt>
      <trkpt lat="52.737007" lon="-1.349805"><ele>145.5</ele><time>2025-05-02T13:26:58.000Z</time></trkpt>
      <trkpt lat="52.737009" lon="-1.349804"><ele>145.5</ele><time>2025-05-02T13:26:59.000Z</time></trkpt>
      <trkpt lat="52.737010" lon="-1.349804"><ele>145.6</ele><time>2025-05-02T13:27:00.000Z</time></trkpt>
      <trkpt lat="52.737011" lon="-1.349804"><ele>145.6</ele><time>2025-05-02T13:27:01.000Z</time></trkpt>
      <trkpt lat="52.737011" lon="-1.349805"><ele>145.7</ele><time>2025-05-02T13:27:02.000Z</time></trkpt>
      <trkpt lat="52.737011" lon="-1.349806"><ele>145.7</ele><time>2025-05-02T13:27:03.000Z</time></trkpt>
      <trkpt lat="52.737010" lon="-1.349808"><ele>145.7</ele><time>2025-05-02T13:27:04.000Z</time></trkpt>
      <trkpt lat="52.737010" lon="-1.349810"><ele>145.8</ele><time>2025-05-02T13:27:05.000Z</time></trkpt>
      <trkpt lat="52.737009" lon="-1.349811"><ele>145.8</ele><time>2025-05-02T13:27:06.000Z</time></trkpt>
      <trkpt lat="52.737008" lon="-1.349812"><ele>145.9</ele><time>2025-05-02T13:27:07.000Z</time></trkpt>
      <trkpt lat="52.737008" lon="-1.349812"><ele>145.9</ele><time>2025-05-02T13:27:08.000Z</time></trkpt>
      <trkpt lat="52.737008" lon="-1.349813"><ele>145.9</ele><time>2025-05-02T13:27:09.000Z</time></trkpt>
      <trkpt lat="52.737008" lon="-1.349813"><ele>145.9</ele><time>2025-05-02T13:27:10.000Z</time></trkpt>
      <trkpt lat="52.737008" lon="-1.349813"><ele>145.9</ele><time>2025-05-02T13:27:11.000Z</time></trkpt>
      <trkpt lat="52.737007" lon="-1.349813"><ele>146.0</ele><time>2025-05-02T13:27:12.000Z</time></trkpt>
      <trkpt lat="52.737007" lon="-1.349813"><ele>146.0</ele><time>2025-05-02T13:27:13.000Z</time></trkpt>
      <trkpt lat="52.737007" lon="-1.349812"><ele>146.0</ele><time>2025-05-02T13:27:14.000Z</time></trkpt>
      <trkpt lat="52.737006" lon="-1.349811"><ele>146.0</ele><time>2025-05-02T13:27:15.000Z</time></trkpt>
      <trkpt lat="52.737005" lon="-1.349810"><ele>146.0</ele><time>2025-05-02T13:27:16.000Z</time></trkpt>
      <trkpt lat="52.737003" lon="-1.349808"><ele>146.0</ele><time>2025-05-02T13:27:17.000Z</time></trkpt>
      <trkpt lat="52.737002" lon="-1.349806"><ele>145.9</ele><time>2025-05-02T13:27:18.000Z</time></trkpt>
      <trkpt lat="52.737000" lon="-1.349804"><ele>145.9</ele><time>2025-05-02T13:27:19.000Z</time></trkpt>
      <trkpt lat="52.736999" lon="-1.349803"><ele>145.9</ele><time>2025-05-02T13:27:20.000Z</time></trkpt>
      <trkpt lat="52.736998" lon="-1.349802"><ele>145.9</ele><time>2025-05-02T13:27:21.000Z</time></trkpt>
      <trkpt lat="52.736998" lon="-1.349802"><ele>145.8</ele><time>2025-05-02T13:27:22.000Z</time></trkpt>
      <trkpt lat="52.736998" lon="-1.349802"><ele>145.8</ele><time>2025-05-02T13:27:23.000Z</time></trkpt>
      <trkpt lat="52.736998" lon="-1.349802"><ele>145.8</ele><time>2025-05-02T13:27:24.000Z</time></trkpt>
      <trkpt lat="52.736998" lon="-1.349802"><ele>145.8</ele><time>2025-05-02T13:27:25.000Z</time></trkpt>
      <trkpt lat="52.736998" lon="-1.349802"><ele>145.7</ele><time>2025-05-02T13:27:26.000Z</time></trkpt>
      <trkpt lat="52.736999" lon="-1.349801"><ele>145.7</ele><time>2025-05-02T13:27:27.000Z</time></trkpt>
      <trkpt lat="52.736999" lon="-1.349801"><ele>145.7</ele><time>2025-05-02T13:27:28.000Z</time></trkpt>
      <trkpt lat="52.736999" lon="-1.349801"><ele>145.7</ele><time>2025-05-02T13:27:29.000Z</time></trkpt>
      <trkpt lat="52.736999" lon="-1.349800"><ele>145.6</ele><time>2025-05-02T13:27:30.000Z</time></trkpt>
      <trkpt lat="52.736999" lon="-1.349800"><ele>145.6</ele><time>2025-05-02T13:27:31.000Z</time></trkpt>
      <trkpt lat="52.736999" lon="-1.349800"><ele>145.6</ele><time>2025-05-02T13:27:32.000Z</time></trkpt>
      <trkpt lat="52.736999" lon="-1.349801"><ele>145.6</ele><time>2025-05-02T13:27:33.000Z</time></trkpt>
      <trkpt lat="52.736998" lon="-1.349801"><ele>145.6</ele><time>2025-05-02T13:27:34.000Z</time></trkpt>
      <trkpt lat="52.736998" lon="-1.349801"><ele>145.6</ele><time>2025-05-02T13:27:35.000Z</time></trkpt>
      <trkpt lat="52.736997" lon="-1.349802"><ele>145.6</ele><time>2025-05-02T13:27:36.000Z</time></trkpt>
      <trkpt lat="52.736997" lon="-1.349802"><ele>145.6</ele><time>2025-05-02T13:27:37.000Z</time></trkpt>
      <trkpt lat="52.736998" lon="-1.349803"><ele>145.6</ele><time>2025-05-02T13:27:38.000Z</time></trkpt>
      <trkpt lat="52.736999" lon="-1.349804"><ele>145.6</ele><time>2025-05-02T13:27:39.000Z</time></trkpt>
      <trkpt lat="52.737001" lon="-1.349805"><ele>145.6</ele><time>2025-05-02T13:27:40.000Z</time></trkpt>
      <trkpt lat="52.737002" lon="-1.349805"><ele>145.6</ele><time>2025-05-02T13:27:41.000Z</time></trkpt>
      <trkpt lat="52.737003" lon="-1.349805"><ele>145.6</ele><time>2025-05-02T13:27:42.000Z</time></trkpt>
      <trkpt lat="52.737003" lon="-1.349806"><ele>145.7</ele><time>2025-05-02T13:27:43.000Z</time></trkpt>
      <trkpt lat="52.737003" lon="-1.349806"><ele>145.7</ele><time>2025-05-02T13:27:44.000Z</time></trkpt>
      <trkpt lat="52.737003" lon="-1.349807"><ele>145.7</ele><time>2025-05-02T13:27:45.000Z</time></trkpt>
      <trkpt lat="52.737003" lon="-1.349807"><ele>145.7</ele><time>2025-05-02T13:27:46.000Z</time></trkpt>
      <trkpt lat="52.737003" lon="-1.349807"><ele>145.7</ele><time>2025-05-02T13:27:47.000Z</time></trkpt>
      <trkpt lat="52.737002" lon="-1.349807"><ele>145.7</ele><time>2025-05-02T13:27:48.000Z</time></trkpt>
      <trkpt lat="52.737002" lon="-1.349807"><ele>145.8</ele><time>2025-05-02T13:27:49.000Z</time></trkpt>
      <trkpt lat="52.737002" lon="-1.349807"><ele>145.8</ele><time>2025-05-02T13:27:50.000Z</time></trkpt>
      <trkpt lat="52.737001" lon="-1.349806"><ele>145.8</ele><time>2025-05-02T13:27:51.000Z</time></trkpt>
      <trkpt lat="52.737001" lon="-1.349806"><ele>145.9</ele><time>2025-05-02T13:27:52.000Z</time></trkpt>
      <trkpt lat="52.737000" lon="-1.349806"><ele>145.9</ele><time>2025-05-02T13:27:53.000Z</time></trkpt>
      <trkpt lat="52.736999" lon="-1.349806"><ele>146.0</ele><time>2025-05-02T13:27:54.000Z</time></trkpt>
      <trkpt lat="52.736997" lon="-1.349806"><ele>146.0</ele><time>2025-05-02T13:27:55.000Z</time></trkpt>
      <trkpt lat="52.736997" lon="-1.349805"><ele>146.1</ele><time>2025-05-02T13:27:56.000Z</time></trkpt>
      <trkpt lat="52.736996" lon="-1.349803"><ele>146.2</ele><time>2025-05-02T13:27:57.000Z</time></trkpt>
      <trkpt lat="52.736997" lon="-1.349798"><ele>146.2</ele><time>2025-05-02T13:27:58.000Z</time></trkpt>
      <trkpt lat="52.736999" lon="-1.349791"><ele>146.3</ele><time>2025-05-02T13:27:59.000Z</time></trkpt>
      <trkpt lat="52.737002" lon="-1.349785"><ele>146.4</ele><time>2025-05-02T13:28:00.000Z</time></trkpt>
      <trkpt lat="52.737006" lon="-1.349781"><ele>146.4</ele><time>2025-05-02T13:28:01.000Z</time></trkpt>
      <trkpt lat="52.737009" lon="-1.349779"><ele>146.5</ele><time>2025-05-02T13:28:02.000Z</time></trkpt>
      <trkpt lat="52.737012" lon="-1.349780"><ele>146.6</ele><time>2025-05-02T13:28:03.000Z</time></trkpt>
      <trkpt lat="52.737016" lon="-1.349781"><ele>146.6</ele><time>2025-05-02T13:28:04.000Z</time></trkpt>
      <trkpt lat="52.737018" lon="-1.349784"><ele>146.7</ele><time>2025-05-02T13:28:05.000Z</time></trkpt>
      <trkpt lat="52.737021" lon="-1.349788"><ele>146.7</ele><time>2025-05-02T13:28:06.000Z</time></trkpt>
      <trkpt lat="52.737024" lon="-1.349793"><ele>146.8</ele><time>2025-05-02T13:28:07.000Z</time></trkpt>
      <trkpt lat="52.737027" lon="-1.349800"><ele>146.8</ele><time>2025-05-02T13:28:08.000Z</time></trkpt>
      <trkpt lat="52.737031" lon="-1.349809"><ele>146.8</ele><time>2025-05-02T13:28:09.000Z</time></trkpt>
      <trkpt lat="52.737036" lon="-1.349820"><ele>146.8</ele><time>2025-05-02T13:28:10.000Z</time></trkpt>
      <trkpt lat="52.737041" lon="-1.349831"><ele>146.8</ele><time>2025-05-02T13:28:11.000Z</time></trkpt>
      <trkpt lat="52.737045" lon="-1.349841"><ele>146.9</ele><time>2025-05-02T13:28:12.000Z</time></trkpt>
      <trkpt lat="52.737048" lon="-1.349849"><ele>146.9</ele><time>2025-05-02T13:28:13.000Z</time></trkpt>
      <trkpt lat="52.737047" lon="-1.349856"><ele>146.9</ele><time>2025-05-02T13:28:14.000Z</time></trkpt>
      <trkpt lat="52.737045" lon="-1.349860"><ele>146.9</ele><time>2025-05-02T13:28:15.000Z</time></trkpt>
      <trkpt lat="52.737041" lon="-1.349865"><ele>146.9</ele><time>2025-05-02T13:28:16.000Z</time></trkpt>
      <trkpt lat="52.737034" lon="-1.349867"><ele>146.8</ele><time>2025-05-02T13:28:17.000Z</time></trkpt>
      <trkpt lat="52.737028" lon="-1.349869"><ele>146.8</ele><time>2025-05-02T13:28:18.000Z</time></trkpt>
      <trkpt lat="52.737025" lon="-1.349869"><ele>146.8</ele><time>2025-05-02T13:28:19.000Z</time></trkpt>
      <trkpt lat="52.737023" lon="-1.349869"><ele>146.8</ele><time>2025-05-02T13:28:20.000Z</time></trkpt>
      <trkpt lat="52.737021" lon="-1.349869"><ele>146.8</ele><time>2025-05-02T13:28:21.000Z</time></trkpt>
      <trkpt lat="52.737020" lon="-1.349868"><ele>146.8</ele><time>2025-05-02T13:28:22.000Z</time></trkpt>
      <trkpt lat="52.737019" lon="-1.349867"><ele>146.8</ele><time>2025-05-02T13:28:23.000Z</time></trkpt>
      <trkpt lat="52.737018" lon="-1.349866"><ele>146.8</ele><time>2025-05-02T13:28:24.000Z</time></trkpt>
      <trkpt lat="52.737018" lon="-1.349864"><ele>146.8</ele><time>2025-05-02T13:28:25.000Z</time></trkpt>
      <trkpt lat="52.737016" lon="-1.349861"><ele>146.8</ele><time>2025-05-02T13:28:26.000Z</time></trkpt>
      <trkpt lat="52.737015" lon="-1.349858"><ele>146.8</ele><time>2025-05-02T13:28:27.000Z</time></trkpt>
      <trkpt lat="52.737012" lon="-1.349853"><ele>146.8</ele><time>2025-05-02T13:28:28.000Z</time></trkpt>
      <trkpt lat="52.737010" lon="-1.349848"><ele>146.7</ele><time>2025-05-02T13:28:29.000Z</time></trkpt>
      <trkpt lat="52.737009" lon="-1.349842"><ele>146.7</ele><time>2025-05-02T13:28:30.000Z</time></trkpt>
      <trkpt lat="52.737008" lon="-1.349837"><ele>146.7</ele><time>2025-05-02T13:28:31.000Z</time></trkpt>
      <trkpt lat="52.737007" lon="-1.349832"><ele>146.7</ele><time>2025-05-02T13:28:32.000Z</time></trkpt>
      <trkpt lat="52.737006" lon="-1.349827"><ele>146.7</ele><time>2025-05-02T13:28:33.000Z</time></trkpt>
      <trkpt lat="52.737006" lon="-1.349823"><ele>146.7</ele><time>2025-05-02T13:28:34.000Z</time></trkpt>
      <trkpt lat="52.737006" lon="-1.349819"><ele>146.7</ele><time>2025-05-02T13:28:35.000Z</time></trkpt>
      <trkpt lat="52.737007" lon="-1.349815"><ele>146.8</ele><time>2025-05-02T13:28:36.000Z</time></trkpt>
      <trkpt lat="52.737008" lon="-1.349812"><ele>146.8</ele><time>2025-05-02T13:28:37.000Z</time></trkpt>
      <trkpt lat="52.737009" lon="-1.349810"><ele>146.8</ele><time>2025-05-02T13:28:38.000Z</time></trkpt>
      <trkpt lat="52.737011" lon="-1.349809"><ele>146.8</ele><time>2025-05-02T13:28:39.000Z</time></trkpt>
      <trkpt lat="52.737013" lon="-1.349808"><ele>146.8</ele><time>2025-05-02T13:28:40.000Z</time></trkpt>
      <trkpt lat="52.737016" lon="-1.349807"><ele>146.8</ele><time>2025-05-02T13:28:41.000Z</time></trkpt>
      <trkpt lat="52.737019" lon="-1.349806"><ele>146.8</ele><time>2025-05-02T13:28:42.000Z</time></trkpt>
      <trkpt lat="52.737022" lon="-1.349803"><ele>146.8</ele><time>2025-05-02T13:28:43.000Z</time></trkpt>
      <trkpt lat="52.737026" lon="-1.349800"><ele>146.8</ele><time>2025-05-02T13:28:44.000Z</time></trkpt>
      <trkpt lat="52.737029" lon="-1.349797"><ele>146.8</ele><time>2025-05-02T13:28:45.000Z</time></trkpt>
      <trkpt lat="52.737033" lon="-1.349795"><ele>146.8</ele><time>2025-05-02T13:28:46.000Z</time></trkpt>
      <trkpt lat="52.737036" lon="-1.349794"><ele>146.7</ele><time>2025-05-02T13:28:47.000Z</time></trkpt>
      <trkpt lat="52.737038" lon="-1.349794"><ele>146.7</ele><time>2025-05-02T13:28:48.000Z</time></trkpt>
      <trkpt lat="52.737038" lon="-1.349794"><ele>146.7</ele><time>2025-05-02T13:28:49.000Z</time></trkpt>
      <trkpt lat="52.737037" lon="-1.349795"><ele>146.6</ele><time>2025-05-02T13:28:50.000Z</time></trkpt>
      <trkpt lat="52.737035" lon="-1.349795"><ele>146.6</ele><time>2025-05-02T13:28:51.000Z</time></trkpt>
      <trkpt lat="52.737032" lon="-1.349796"><ele>146.5</ele><time>2025-05-02T13:28:52.000Z</time></trkpt>
      <trkpt lat="52.737029" lon="-1.349797"><ele>146.4</ele><time>2025-05-02T13:28:53.000Z</time></trkpt>
      <trkpt lat="52.737026" lon="-1.349799"><ele>146.3</ele><time>2025-05-02T13:28:54.000Z</time></trkpt>
      <trkpt lat="52.737022" lon="-1.349800"><ele>146.3</ele><time>2025-05-02T13:28:55.000Z</time></trkpt>
      <trkpt lat="52.737019" lon="-1.349801"><ele>146.2</ele><time>2025-05-02T13:28:56.000Z</time></trkpt>
      <trkpt lat="52.737016" lon="-1.349802"><ele>146.1</ele><time>2025-05-02T13:28:57.000Z</time></trkpt>
      <trkpt lat="52.737013" lon="-1.349803"><ele>146.1</ele><time>2025-05-02T13:28:58.000Z</time></trkpt>
      <trkpt lat="52.737011" lon="-1.349804"><ele>146.0</ele><time>2025-05-02T13:28:59.000Z</time></trkpt>
      <trkpt lat="52.737010" lon="-1.349806"><ele>145.9</ele><time>2025-05-02T13:29:00.000Z</time></trkpt>
      <trkpt lat="52.737008" lon="-1.349807"><ele>145.9</ele><time>2025-05-02T13:29:01.000Z</time></trkpt>
      <trkpt lat="52.737007" lon="-1.349808"><ele>145.8</ele><time>2025-05-02T13:29:02.000Z</time></trkpt>
      <trkpt lat="52.737006" lon="-1.349809"><ele>145.8</ele><time>2025-05-02T13:29:03.000Z</time></trkpt>
      <trkpt lat="52.737005" lon="-1.349809"><ele>145.7</ele><time>2025-05-02T13:29:04.000Z</time></trkpt>
      <trkpt lat="52.737004" lon="-1.349809"><ele>145.7</ele><time>2025-05-02T13:29:05.000Z</time></trkpt>
      <trkpt lat="52.737003" lon="-1.349809"><ele>145.6</ele><time>2025-05-02T13:29:06.000Z</time></trkpt>
      <trkpt lat="52.737002" lon="-1.349809"><ele>145.6</ele><time>2025-05-02T13:29:07.000Z</time></trkpt>
      <trkpt lat="52.737000" lon="-1.349808"><ele>145.6</ele><time>2025-05-02T13:29:08.000Z</time></trkpt>
      <trkpt lat="52.736998" lon="-1.349808"><ele>145.5</ele><time>2025-05-02T13:29:09.000Z</time></trkpt>
      <trkpt lat="52.736997" lon="-1.349808"><ele>145.5</ele><time>2025-05-02T13:29:10.000Z</time></trkpt>
      <trkpt lat="52.736996" lon="-1.349809"><ele>145.5</ele><time>2025-05-02T13:29:11.000Z</time></trkpt>
      <trkpt lat="52.736995" lon="-1.349809"><ele>145.5</ele><time>2025-05-02T13:29:12.000Z</time></trkpt>
      <trkpt lat="52.736994" lon="-1.349810"><ele>145.5</ele><time>2025-05-02T13:29:13.000Z</time></trkpt>
      <trkpt lat="52.736994" lon="-1.349812"><ele>145.5</ele><time>2025-05-02T13:29:14.000Z</time></trkpt>
      <trkpt lat="52.736993" lon="-1.349813"><ele>145.5</ele><time>2025-05-02T13:29:15.000Z</time></trkpt>
      <trkpt lat="52.736992" lon="-1.349815"><ele>145.5</ele><time>2025-05-02T13:29:16.000Z</time></trkpt>
      <trkpt lat="52.736992" lon="-1.349816"><ele>145.5</ele><time>2025-05-02T13:29:17.000Z</time></trkpt>
      <trkpt lat="52.736991" lon="-1.349817"><ele>145.5</ele><time>2025-05-02T13:29:18.000Z</time></trkpt>
      <trkpt lat="52.736991" lon="-1.349818"><ele>145.5</ele><time>2025-05-02T13:29:19.000Z</time></trkpt>
      <trkpt lat="52.736992" lon="-1.349818"><ele>145.5</ele><time>2025-05-02T13:29:20.000Z</time></trkpt>
      <trkpt lat="52.736992" lon="-1.349818"><ele>145.5</ele><time>2025-05-02T13:29:21.000Z</time></trkpt>
      <trkpt lat="52.736992" lon="-1.349818"><ele>145.5</ele><time>2025-05-02T13:29:22.000Z</time></trkpt>
      <trkpt lat="52.736992" lon="-1.349818"><ele>145.5</ele><time>2025-05-02T13:29:23.000Z</time></trkpt>
      <trkpt lat="52.736992" lon="-1.349817"><ele>145.5</ele><time>2025-05-02T13:29:24.000Z</time></trkpt>
      <trkpt lat="52.736992" lon="-1.349817"><ele>145.5</ele><time>2025-05-02T13:29:25.000Z</time></trkpt>
      <trkpt lat="52.736992" lon="-1.349817"><ele>145.5</ele><time>2025-05-02T13:29:26.000Z</time></trkpt>
      <trkpt lat="52.736992" lon="-1.349817"><ele>145.6</ele><time>2025-05-02T13:29:27.000Z</time></trkpt>
      <trkpt lat="52.736992" lon="-1.349817"><ele>145.6</ele><time>2025-05-02T13:29:28.000Z</time></trkpt>
      <trkpt lat="52.736992" lon="-1.349817"><ele>145.6</ele><time>2025-05-02T13:29:29.000Z</time></trkpt>
      <trkpt lat="52.736992" lon="-1.349816"><ele>145.6</ele><time>2025-05-02T13:29:30.000Z</time></trkpt>
      <trkpt lat="52.736992" lon="-1.349816"><ele>145.6</ele><time>2025-05-02T13:29:31.000Z</time></trkpt>
      <trkpt lat="52.736992" lon="-1.349815"><ele>145.7</ele><time>2025-05-02T13:29:32.000Z</time></trkpt>
      <trkpt lat="52.736992" lon="-1.349814"><ele>145.7</ele><time>2025-05-02T13:29:33.000Z</time></trkpt>
      <trkpt lat="52.736992" lon="-1.349813"><ele>145.7</ele><time>2025-05-02T13:29:34.000Z</time></trkpt>
      <trkpt lat="52.736992" lon="-1.349812"><ele>145.7</ele><time>2025-05-02T13:29:35.000Z</time></trkpt>
      <trkpt lat="52.736993" lon="-1.349811"><ele>145.7</ele><time>2025-05-02T13:29:36.000Z</time></trkpt>
      <trkpt lat="52.736993" lon="-1.349809"><ele>145.8</ele><time>2025-05-02T13:29:37.000Z</time></trkpt>
      <trkpt lat="52.736994" lon="-1.349808"><ele>145.8</ele><time>2025-05-02T13:29:38.000Z</time></trkpt>
      <trkpt lat="52.736995" lon="-1.349806"><ele>145.8</ele><time>2025-05-02T13:29:39.000Z</time></trkpt>
      <trkpt lat="52.736997" lon="-1.349805"><ele>145.8</ele><time>2025-05-02T13:29:40.000Z</time></trkpt>
      <trkpt lat="52.736999" lon="-1.349804"><ele>145.8</ele><time>2025-05-02T13:29:41.000Z</time></trkpt>
      <trkpt lat="52.737002" lon="-1.349803"><ele>145.9</ele><time>2025-05-02T13:29:42.000Z</time></trkpt>
      <trkpt lat="52.737005" lon="-1.349802"><ele>145.9</ele><time>2025-05-02T13:29:43.000Z</time></trkpt>
      <trkpt lat="52.737007" lon="-1.349800"><ele>145.9</ele><time>2025-05-02T13:29:44.000Z</time></trkpt>
      <trkpt lat="52.737010" lon="-1.349799"><ele>146.0</ele><time>2025-05-02T13:29:45.000Z</time></trkpt>
      <trkpt lat="52.737011" lon="-1.349797"><ele>146.0</ele><time>2025-05-02T13:29:46.000Z</time></trkpt>
      <trkpt lat="52.737013" lon="-1.349796"><ele>146.0</ele><time>2025-05-02T13:29:47.000Z</time></trkpt>
      <trkpt lat="52.737014" lon="-1.349795"><ele>146.0</ele><time>2025-05-02T13:29:48.000Z</time></trkpt>
      <trkpt lat="52.737014" lon="-1.349795"><ele>146.1</ele><time>2025-05-02T13:29:49.000Z</time></trkpt>
      <trkpt lat="52.737015" lon="-1.349796"><ele>146.1</ele><time>2025-05-02T13:29:50.000Z</time></trkpt>
      <trkpt lat="52.737015" lon="-1.349797"><ele>146.1</ele><time>2025-05-02T13:29:51.000Z</time></trkpt>
      <trkpt lat="52.737015" lon="-1.349799"><ele>146.1</ele><time>2025-05-02T13:29:52.000Z</time></trkpt>
      <trkpt lat="52.737015" lon="-1.349800"><ele>146.1</ele><time>2025-05-02T13:29:53.000Z</time></trkpt>
      <trkpt lat="52.737014" lon="-1.349802"><ele>146.1</ele><time>2025-05-02T13:29:54.000Z</time></trkpt>
      <trkpt lat="52.737013" lon="-1.349803"><ele>146.1</ele><time>2025-05-02T13:29:55.000Z</time></trkpt>
      <trkpt lat="52.737012" lon="-1.349804"><ele>146.1</ele><time>2025-05-02T13:29:56.000Z</time></trkpt>
      <trkpt lat="52.737011" lon="-1.349805"><ele>146.1</ele><time>2025-05-02T13:29:57.000Z</time></trkpt>
      <trkpt lat="52.737009" lon="-1.349806"><ele>146.0</ele><time>2025-05-02T13:29:58.000Z</time></trkpt>
      <trkpt lat="52.737007" lon="-1.349808"><ele>146.0</ele><time>2025-05-02T13:29:59.000Z</time></trkpt>
      <trkpt lat="52.737006" lon="-1.349809"><ele>146.0</ele><time>2025-05-02T13:30:00.000Z</time></trkpt>
      <trkpt lat="52.737003" lon="-1.349811"><ele>145.9</ele><time>2025-05-02T13:30:01.000Z</time></trkpt>
      <trkpt lat="52.737002" lon="-1.349813"><ele>145.9</ele><time>2025-05-02T13:30:02.000Z</time></trkpt>
      <trkpt lat="52.737000" lon="-1.349814"><ele>145.9</ele><time>2025-05-02T13:30:03.000Z</time></trkpt>
      <trkpt lat="52.736999" lon="-1.349815"><ele>145.8</ele><time>2025-05-02T13:30:04.000Z</time></trkpt>
      <trkpt lat="52.736998" lon="-1.349816"><ele>145.8</ele><time>2025-05-02T13:30:05.000Z</time></trkpt>
      <trkpt lat="52.736998" lon="-1.349816"><ele>145.8</ele><time>2025-05-02T13:30:06.000Z</time></trkpt>
      <trkpt lat="52.736998" lon="-1.349817"><ele>145.8</ele><time>2025-05-02T13:30:07.000Z</time></trkpt>
      <trkpt lat="52.736998" lon="-1.349817"><ele>145.8</ele><time>2025-05-02T13:30:08.000Z</time></trkpt>
      <trkpt lat="52.736998" lon="-1.349817"><ele>145.7</ele><time>2025-05-02T13:30:09.000Z</time></trkpt>
      <trkpt lat="52.736999" lon="-1.349817"><ele>145.7</ele><time>2025-05-02T13:30:10.000Z</time></trkpt>
      <trkpt lat="52.736999" lon="-1.349817"><ele>145.7</ele><time>2025-05-02T13:30:11.000Z</time></trkpt>
      <trkpt lat="52.736999" lon="-1.349817"><ele>145.7</ele><time>2025-05-02T13:30:12.000Z</time></trkpt>
      <trkpt lat="52.736999" lon="-1.349817"><ele>145.7</ele><time>2025-05-02T13:30:13.000Z</time></trkpt>
      <trkpt lat="52.736999" lon="-1.349816"><ele>145.7</ele><time>2025-05-02T13:30:14.000Z</time></trkpt>
      <trkpt lat="52.736999" lon="-1.349816"><ele>145.7</ele><time>2025-05-02T13:30:15.000Z</time></trkpt>
      <trkpt lat="52.736998" lon="-1.349817"><ele>145.7</ele><time>2025-05-02T13:30:16.000Z</time></trkpt>
      <trkpt lat="52.736998" lon="-1.349817"><ele>145.7</ele><time>2025-05-02T13:30:17.000Z</time></trkpt>
      <trkpt lat="52.736998" lon="-1.349817"><ele>145.8</ele><time>2025-05-02T13:30:18.000Z</time></trkpt>
      <trkpt lat="52.736998" lon="-1.349817"><ele>145.8</ele><time>2025-05-02T13:30:19.000Z</time></trkpt>
      <trkpt lat="52.736997" lon="-1.349817"><ele>145.8</ele><time>2025-05-02T13:30:20.000Z</time></trkpt>
      <trkpt lat="52.736997" lon="-1.349818"><ele>145.8</ele><time>2025-05-02T13:30:21.000Z</time></trkpt>
      <trkpt lat="52.736996" lon="-1.349818"><ele>145.9</ele><time>2025-05-02T13:30:22.000Z</time></trkpt>
      <trkpt lat="52.736996" lon="-1.349819"><ele>145.9</ele><time>2025-05-02T13:30:23.000Z</time></trkpt>
      <trkpt lat="52.736995" lon="-1.349820"><ele>145.9</ele><time>2025-05-02T13:30:24.000Z</time></trkpt>
      <trkpt lat="52.736993" lon="-1.349821"><ele>146.0</ele><time>2025-05-02T13:30:25.000Z</time></trkpt>
      <trkpt lat="52.736992" lon="-1.349822"><ele>146.0</ele><time>2025-05-02T13:30:26.000Z</time></trkpt>
      <trkpt lat="52.736990" lon="-1.349824"><ele>146.0</ele><time>2025-05-02T13:30:27.000Z</time></trkpt>
      <trkpt lat="52.736990" lon="-1.349825"><ele>146.0</ele><time>2025-05-02T13:30:28.000Z</time></trkpt>
      <trkpt lat="52.736989" lon="-1.349826"><ele>146.1</ele><time>2025-05-02T13:30:29.000Z</time></trkpt>
      <trkpt lat="52.736988" lon="-1.349826"><ele>146.1</ele><time>2025-05-02T13:30:30.000Z</time></trkpt>
      <trkpt lat="52.736988" lon="-1.349826"><ele>146.1</ele><time>2025-05-02T13:30:31.000Z</time></trkpt>
      <trkpt lat="52.736987" lon="-1.349826"><ele>146.1</ele><time>2025-05-02T13:30:32.000Z</time></trkpt>
      <trkpt lat="52.736987" lon="-1.349827"><ele>146.2</ele><time>2025-05-02T13:30:33.000Z</time></trkpt>
      <trkpt lat="52.736987" lon="-1.349827"><ele>146.2</ele><time>2025-05-02T13:30:34.000Z</time></trkpt>
      <trkpt lat="52.736987" lon="-1.349827"><ele>146.2</ele><time>2025-05-02T13:30:35.000Z</time></trkpt>
      <trkpt lat="52.736987" lon="-1.349827"><ele>146.2</ele><time>2025-05-02T13:30:36.000Z</time></trkpt>
      <trkpt lat="52.736987" lon="-1.349827"><ele>146.2</ele><time>2025-05-02T13:30:37.000Z</time></trkpt>
      <trkpt lat="52.736987" lon="-1.349827"><ele>146.2</ele><time>2025-05-02T13:30:38.000Z</time></trkpt>
      <trkpt lat="52.736987" lon="-1.349827"><ele>146.2</ele><time>2025-05-02T13:30:39.000Z</time></trkpt>
      <trkpt lat="52.736987" lon="-1.349827"><ele>146.2</ele><time>2025-05-02T13:30:40.000Z</time></trkpt>
      <trkpt lat="52.736987" lon="-1.349827"><ele>146.2</ele><time>2025-05-02T13:30:41.000Z</time></trkpt>
      <trkpt lat="52.736987" lon="-1.349827"><ele>146.2</ele><time>2025-05-02T13:30:42.000Z</time></trkpt>
      <trkpt lat="52.736987" lon="-1.349827"><ele>146.2</ele><time>2025-05-02T13:30:43.000Z</time></trkpt>
      <trkpt lat="52.736987" lon="-1.349827"><ele>146.2</ele><time>2025-05-02T13:30:44.000Z</time></trkpt>
      <trkpt lat="52.736987" lon="-1.349827"><ele>146.2</ele><time>2025-05-02T13:30:45.000Z</time></trkpt>
      <trkpt lat="52.736987" lon="-1.349827"><ele>146.2</ele><time>2025-05-02T13:30:46.000Z</time></trkpt>
      <trkpt lat="52.736987" lon="-1.349827"><ele>146.2</ele><time>2025-05-02T13:30:47.000Z</time></trkpt>
      <trkpt lat="52.736987" lon="-1.349827"><ele>146.2</ele><time>2025-05-02T13:30:48.000Z</time></trkpt>
      <trkpt lat="52.736987" lon="-1.349827"><ele>146.2</ele><time>2025-05-02T13:30:49.000Z</time></trkpt>
      <trkpt lat="52.736987" lon="-1.349827"><ele>146.2</ele><time>2025-05-02T13:30:50.000Z</time></trkpt>
      <trkpt lat="52.736987" lon="-1.349827"><ele>146.2</ele><time>2025-05-02T13:30:51.000Z</time></trkpt>
      <trkpt lat="52.736987" lon="-1.349827"><ele>146.2</ele><time>2025-05-02T13:30:52.000Z</time></trkpt>
      <trkpt lat="52.736987" lon="-1.349827"><ele>146.2</ele><time>2025-05-02T13:30:53.000Z</time></trkpt>
      <trkpt lat="52.736987" lon="-1.349827"><ele>146.2</ele><time>2025-05-02T13:30:54.000Z</time></trkpt>
      <trkpt lat="52.736987" lon="-1.349827"><ele>146.2</ele><time>2025-05-02T13:30:55.000Z</time></trkpt>
      <trkpt lat="52.736987" lon="-1.349827"><ele>146.2</ele><time>2025-05-02T13:30:56.000Z</time></trkpt>
      <trkpt lat="52.736987" lon="-1.349827"><ele>146.2</ele><time>2025-05-02T13:30:57.000Z</time></trkpt>
      <trkpt lat="52.736987" lon="-1.349827"><ele>146.2</ele><time>2025-05-02T13:30:58.000Z</time></trkpt>
      <trkpt lat="52.736987" lon="-1.349827"><ele>146.2</ele><time>2025-05-02T13:30:59.000Z</time></trkpt>
      <trkpt lat="52.736987" lon="-1.349827"><ele>146.2</ele><time>2025-05-02T13:31:00.000Z</time></trkpt>
      <trkpt lat="52.736987" lon="-1.349827"><ele>146.2</ele><time>2025-05-02T13:31:01.000Z</time></trkpt>
      <trkpt lat="52.736987" lon="-1.349827"><ele>146.2</ele><time>2025-05-02T13:31:02.000Z</time></trkpt>
      <trkpt lat="52.736987" lon="-1.349827"><ele>146.2</ele><time>2025-05-02T13:31:03.000Z</time></trkpt>
      <trkpt lat="52.736987" lon="-1.349827"><ele>146.2</ele><time>2025-05-02T13:31:04.000Z</time></trkpt>
      <trkpt lat="52.736987" lon="-1.349827"><ele>146.2</ele><time>2025-05-02T13:31:05.000Z</time></trkpt>
      <trkpt lat="52.736987" lon="-1.349827"><ele>146.2</ele><time>2025-05-02T13:31:06.000Z</time></trkpt>
      <trkpt lat="52.736987" lon="-1.349827"><ele>146.2</ele><time>2025-05-02T13:31:07.000Z</time></trkpt>
      <trkpt lat="52.736987" lon="-1.349827"><ele>146.2</ele><time>2025-05-02T13:31:08.000Z</time></trkpt>
      <trkpt lat="52.736987" lon="-1.349827"><ele>146.2</ele><time>2025-05-02T13:31:09.000Z</time></trkpt>
      <trkpt lat="52.736987" lon="-1.349827"><ele>146.2</ele><time>2025-05-02T13:31:10.000Z</time></trkpt>
      <trkpt lat="52.736987" lon="-1.349827"><ele>146.2</ele><time>2025-05-02T13:31:11.000Z</time></trkpt>
      <trkpt lat="52.736987" lon="-1.349827"><ele>146.2</ele><time>2025-05-02T13:31:12.000Z</time></trkpt>
      <trkpt lat="52.736987" lon="-1.349827"><ele>146.2</ele><time>2025-05-02T13:31:13.000Z</time></trkpt>
      <trkpt lat="52.736987" lon="-1.349827"><ele>146.2</ele><time>2025-05-02T13:31:14.000Z</time></trkpt>
      <trkpt lat="52.736987" lon="-1.349827"><ele>146.2</ele><time>2025-05-02T13:31:15.000Z</time></trkpt>
      <trkpt lat="52.736987" lon="-1.349827"><ele>146.2</ele><time>2025-05-02T13:31:16.000Z</time></trkpt>
      <trkpt lat="52.736987" lon="-1.349827"><ele>146.2</ele><time>2025-05-02T13:31:17.000Z</time></trkpt>
      <trkpt lat="52.736987" lon="-1.349827"><ele>146.2</ele><time>2025-05-02T13:31:18.000Z</time></trkpt>
      <trkpt lat="52.736987" lon="-1.349827"><ele>146.2</ele><time>2025-05-02T13:31:19.000Z</time></trkpt>
      <trkpt lat="52.736987" lon="-1.349827"><ele>146.2</ele><time>2025-05-02T13:31:20.000Z</time></trkpt>
      <trkpt lat="52.736987" lon="-1.349827"><ele>146.2</ele><time>2025-05-02T13:31:21.000Z</time></trkpt>
      <trkpt lat="52.736987" lon="-1.349827"><ele>146.2</ele><time>2025-05-02T13:31:22.000Z</time></trkpt>
      <trkpt lat="52.736987" lon="-1.349827"><ele>146.2</ele><time>2025-05-02T13:31:23.000Z</time></trkpt>
      <trkpt lat="52.736987" lon="-1.349827"><ele>146.2</ele><time>2025-05-02T13:31:24.000Z</time></trkpt>
      <trkpt lat="52.736987" lon="-1.349827"><ele>146.2</ele><time>2025-05-02T13:31:25.000Z</time></trkpt>
      <trkpt lat="52.736987" lon="-1.349827"><ele>146.2</ele><time>2025-05-02T13:31:26.000Z</time></trkpt>
      <trkpt lat="52.736987" lon="-1.349827"><ele>146.2</ele><time>2025-05-02T13:31:27.000Z</time></trkpt>
      <trkpt lat="52.736987" lon="-1.349827"><ele>146.2</ele><time>2025-05-02T13:31:28.000Z</time></trkpt>
      <trkpt lat="52.736987" lon="-1.349827"><ele>146.2</ele><time>2025-05-02T13:31:29.000Z</time></trkpt>
      <trkpt lat="52.736987" lon="-1.349827"><ele>146.3</ele><time>2025-05-02T13:31:30.000Z</time></trkpt>
      <trkpt lat="52.736987" lon="-1.349826"><ele>146.4</ele><time>2025-05-02T13:31:31.000Z</time></trkpt>
      <trkpt lat="52.736987" lon="-1.349826"><ele>146.5</ele><time>2025-05-02T13:31:32.000Z</time></trkpt>
      <trkpt lat="52.736986" lon="-1.349826"><ele>146.5</ele><time>2025-05-02T13:31:33.000Z</time></trkpt>
      <trkpt lat="52.736987" lon="-1.349826"><ele>146.6</ele><time>2025-05-02T13:31:34.000Z</time></trkpt>
      <trkpt lat="52.736987" lon="-1.349825"><ele>146.6</ele><time>2025-05-02T13:31:35.000Z</time></trkpt>
      <trkpt lat="52.736987" lon="-1.349825"><ele>146.7</ele><time>2025-05-02T13:31:36.000Z</time></trkpt>
      <trkpt lat="52.736987" lon="-1.349824"><ele>146.7</ele><time>2025-05-02T13:31:37.000Z</time></trkpt>
      <trkpt lat="52.736987" lon="-1.349823"><ele>146.7</ele><time>2025-05-02T13:31:38.000Z</time></trkpt>
      <trkpt lat="52.736987" lon="-1.349822"><ele>146.8</ele><time>2025-05-02T13:31:39.000Z</time></trkpt>
      <trkpt lat="52.736987" lon="-1.349821"><ele>146.8</ele><time>2025-05-02T13:31:40.000Z</time></trkpt>
      <trkpt lat="52.736988" lon="-1.349820"><ele>146.8</ele><time>2025-05-02T13:31:41.000Z</time></trkpt>
      <trkpt lat="52.736988" lon="-1.349819"><ele>146.8</ele><time>2025-05-02T13:31:42.000Z</time></trkpt>
      <trkpt lat="52.736989" lon="-1.349818"><ele>146.8</ele><time>2025-05-02T13:31:43.000Z</time></trkpt>
      <trkpt lat="52.736990" lon="-1.349818"><ele>146.8</ele><time>2025-05-02T13:31:44.000Z</time></trkpt>
      <trkpt lat="52.736991" lon="-1.349816"><ele>146.8</ele><time>2025-05-02T13:31:45.000Z</time></trkpt>
      <trkpt lat="52.736993" lon="-1.349815"><ele>146.8</ele><time>2025-05-02T13:31:46.000Z</time></trkpt>
      <trkpt lat="52.736994" lon="-1.349815"><ele>146.8</ele><time>2025-05-02T13:31:47.000Z</time></trkpt>
      <trkpt lat="52.736995" lon="-1.349814"><ele>146.8</ele><time>2025-05-02T13:31:48.000Z</time></trkpt>
      <trkpt lat="52.736995" lon="-1.349814"><ele>146.7</ele><time>2025-05-02T13:31:49.000Z</time></trkpt>
      <trkpt lat="52.736995" lon="-1.349813"><ele>146.7</ele><time>2025-05-02T13:31:50.000Z</time></trkpt>
      <trkpt lat="52.736995" lon="-1.349814"><ele>146.7</ele><time>2025-05-02T13:31:51.000Z</time></trkpt>
      <trkpt lat="52.736996" lon="-1.349814"><ele>146.7</ele><time>2025-05-02T13:31:52.000Z</time></trkpt>
      <trkpt lat="52.736996" lon="-1.349814"><ele>146.6</ele><time>2025-05-02T13:31:53.000Z</time></trkpt>
      <trkpt lat="52.736996" lon="-1.349815"><ele>146.6</ele><time>2025-05-02T13:31:54.000Z</time></trkpt>
      <trkpt lat="52.736996" lon="-1.349815"><ele>146.6</ele><time>2025-05-02T13:31:55.000Z</time></trkpt>
      <trkpt lat="52.736996" lon="-1.349816"><ele>146.5</ele><time>2025-05-02T13:31:56.000Z</time></trkpt>
      <trkpt lat="52.736996" lon="-1.349817"><ele>146.5</ele><time>2025-05-02T13:31:57.000Z</time></trkpt>
      <trkpt lat="52.736996" lon="-1.349819"><ele>146.4</ele><time>2025-05-02T13:31:58.000Z</time></trkpt>
      <trkpt lat="52.736996" lon="-1.349821"><ele>146.4</ele><time>2025-05-02T13:31:59.000Z</time></trkpt>
      <trkpt lat="52.736996" lon="-1.349823"><ele>146.3</ele><time>2025-05-02T13:32:00.000Z</time></trkpt>
      <trkpt lat="52.736996" lon="-1.349825"><ele>146.3</ele><time>2025-05-02T13:32:01.000Z</time></trkpt>
      <trkpt lat="52.736997" lon="-1.349826"><ele>146.2</ele><time>2025-05-02T13:32:02.000Z</time></trkpt>
      <trkpt lat="52.736997" lon="-1.349826"><ele>146.1</ele><time>2025-05-02T13:32:03.000Z</time></trkpt>
      <trkpt lat="52.736998" lon="-1.349825"><ele>146.1</ele><time>2025-05-02T13:32:04.000Z</time></trkpt>
      <trkpt lat="52.736999" lon="-1.349823"><ele>146.0</ele><time>2025-05-02T13:32:05.000Z</time></trkpt>
      <trkpt lat="52.737000" lon="-1.349821"><ele>145.9</ele><time>2025-05-02T13:32:06.000Z</time></trkpt>
      <trkpt lat="52.737000" lon="-1.349819"><ele>145.9</ele><time>2025-05-02T13:32:07.000Z</time></trkpt>
      <trkpt lat="52.736999" lon="-1.349819"><ele>145.8</ele><time>2025-05-02T13:32:08.000Z</time></trkpt>
      <trkpt lat="52.736998" lon="-1.349820"><ele>145.8</ele><time>2025-05-02T13:32:09.000Z</time></trkpt>
      <trkpt lat="52.736998" lon="-1.349819"><ele>145.7</ele><time>2025-05-02T13:32:10.000Z</time></trkpt>
      <trkpt lat="52.736997" lon="-1.349819"><ele>145.7</ele><time>2025-05-02T13:32:11.000Z</time></trkpt>
      <trkpt lat="52.736997" lon="-1.349819"><ele>145.6</ele><time>2025-05-02T13:32:12.000Z</time></trkpt>
      <trkpt lat="52.736997" lon="-1.349819"><ele>145.6</ele><time>2025-05-02T13:32:13.000Z</time></trkpt>
      <trkpt lat="52.736997" lon="-1.349819"><ele>145.6</ele><time>2025-05-02T13:32:14.000Z</time></trkpt>
      <trkpt lat="52.736997" lon="-1.349819"><ele>145.5</ele><time>2025-05-02T13:32:15.000Z</time></trkpt>
      <trkpt lat="52.736997" lon="-1.349819"><ele>145.5</ele><time>2025-05-02T13:32:16.000Z</time></trkpt>
      <trkpt lat="52.736997" lon="-1.349818"><ele>145.5</ele><time>2025-05-02T13:32:17.000Z</time></trkpt>
      <trkpt lat="52.736997" lon="-1.349818"><ele>145.5</ele><time>2025-05-02T13:32:18.000Z</time></trkpt>
      <trkpt lat="52.736997" lon="-1.349818"><ele>145.5</ele><time>2025-05-02T13:32:19.000Z</time></trkpt>
      <trkpt lat="52.736997" lon="-1.349818"><ele>145.5</ele><time>2025-05-02T13:32:20.000Z</time></trkpt>
      <trkpt lat="52.736997" lon="-1.349818"><ele>145.5</ele><time>2025-05-02T13:32:21.000Z</time></trkpt>
      <trkpt lat="52.736997" lon="-1.349818"><ele>145.5</ele><time>2025-05-02T13:32:22.000Z</time></trkpt>
      <trkpt lat="52.736997" lon="-1.349818"><ele>145.5</ele><time>2025-05-02T13:32:23.000Z</time></trkpt>
      <trkpt lat="52.736997" lon="-1.349818"><ele>145.5</ele><time>2025-05-02T13:32:24.000Z</time></trkpt>
      <trkpt lat="52.736997" lon="-1.349818"><ele>145.5</ele><time>2025-05-02T13:32:25.000Z</time></trkpt>
      <trkpt lat="52.736997" lon="-1.349818"><ele>145.5</ele><time>2025-05-02T13:32:26.000Z</time></trkpt>
      <trkpt lat="52.736997" lon="-1.349818"><ele>145.5</ele><time>2025-05-02T13:32:27.000Z</time></trkpt>
      <trkpt lat="52.736997" lon="-1.349818"><ele>145.5</ele><time>2025-05-02T13:32:28.000Z</time></trkpt>
      <trkpt lat="52.736997" lon="-1.349818"><ele>145.5</ele><time>2025-05-02T13:32:29.000Z</time></trkpt>
      <trkpt lat="52.736997" lon="-1.349818"><ele>145.5</ele><time>2025-05-02T13:32:30.000Z</time></trkpt>
      <trkpt lat="52.736997" lon="-1.349818"><ele>145.5</ele><time>2025-05-02T13:32:31.000Z</time></trkpt>
      <trkpt lat="52.736997" lon="-1.349818"><ele>145.5</ele><time>2025-05-02T13:32:32.000Z</time></trkpt>
      <trkpt lat="52.736997" lon="-1.349818"><ele>145.5</ele><time>2025-05-02T13:32:33.000Z</time></trkpt>
      <trkpt lat="52.736997" lon="-1.349818"><ele>145.5</ele><time>2025-05-02T13:32:34.000Z</time></trkpt>
      <trkpt lat="52.736997" lon="-1.349818"><ele>145.5</ele><time>2025-05-02T13:32:35.000Z</time></trkpt>
      <trkpt lat="52.736997" lon="-1.349818"><ele>145.5</ele><time>2025-05-02T13:32:36.000Z</time></trkpt>
      <trkpt lat="52.736997" lon="-1.349818"><ele>145.5</ele><time>2025-05-02T13:32:37.000Z</time></trkpt>
      <trkpt lat="52.736997" lon="-1.349818"><ele>145.5</ele><time>2025-05-02T13:32:38.000Z</time></trkpt>
      <trkpt lat="52.736997" lon="-1.349818"><ele>145.5</ele><time>2025-05-02T13:32:39.000Z</time></trkpt>
      <trkpt lat="52.736997" lon="-1.349818"><ele>145.5</ele><time>2025-05-02T13:32:40.000Z</time></trkpt>
      <trkpt lat="52.736997" lon="-1.349818"><ele>145.5</ele><time>2025-05-02T13:32:41.000Z</time></trkpt>
      <trkpt lat="52.736997" lon="-1.349818"><ele>145.5</ele><time>2025-05-02T13:32:42.000Z</time></trkpt>
      <trkpt lat="52.736997" lon="-1.349818"><ele>145.5</ele><time>2025-05-02T13:32:43.000Z</time></trkpt>
      <trkpt lat="52.736997" lon="-1.349818"><ele>145.5</ele><time>2025-05-02T13:32:44.000Z</time></trkpt>
      <trkpt lat="52.736997" lon="-1.349818"><ele>145.5</ele><time>2025-05-02T13:32:45.000Z</time></trkpt>
      <trkpt lat="52.736997" lon="-1.349818"><ele>145.5</ele><time>2025-05-02T13:32:46.000Z</time></trkpt>
      <trkpt lat="52.736997" lon="-1.349818"><ele>145.5</ele><time>2025-05-02T13:32:47.000Z</time></trkpt>
      <trkpt lat="52.736998" lon="-1.349818"><ele>145.5</ele><time>2025-05-02T13:32:48.000Z</time></trkpt>
      <trkpt lat="52.736998" lon="-1.349818"><ele>145.5</ele><time>2025-05-02T13:32:49.000Z</time></trkpt>
      <trkpt lat="52.736998" lon="-1.349819"><ele>145.6</ele><time>2025-05-02T13:32:50.000Z</time></trkpt>
      <trkpt lat="52.736998" lon="-1.349819"><ele>145.6</ele><time>2025-05-02T13:32:51.000Z</time></trkpt>
      <trkpt lat="52.736998" lon="-1.349819"><ele>145.6</ele><time>2025-05-02T13:32:52.000Z</time></trkpt>
      <trkpt lat="52.736999" lon="-1.349819"><ele>145.7</ele><time>2025-05-02T13:32:53.000Z</time></trkpt>
      <trkpt lat="52.736999" lon="-1.349819"><ele>145.7</ele><time>2025-05-02T13:32:54.000Z</time></trkpt>
      <trkpt lat="52.737000" lon="-1.349820"><ele>145.8</ele><time>2025-05-02T13:32:55.000Z</time></trkpt>
      <trkpt lat="52.737001" lon="-1.349821"><ele>145.8</ele><time>2025-05-02T13:32:56.000Z</time></trkpt>
      <trkpt lat="52.737003" lon="-1.349822"><ele>145.9</ele><time>2025-05-02T13:32:57.000Z</time></trkpt>
      <trkpt lat="52.737004" lon="-1.349823"><ele>145.9</ele><time>2025-05-02T13:32:58.000Z</time></trkpt>
      <trkpt lat="52.737005" lon="-1.349823"><ele>146.0</ele><time>2025-05-02T13:32:59.000Z</time></trkpt>
      <trkpt lat="52.737006" lon="-1.349824"><ele>146.0</ele><time>2025-05-02T13:33:00.000Z</time></trkpt>
      <trkpt lat="52.737006" lon="-1.349824"><ele>146.1</ele><time>2025-05-02T13:33:01.000Z</time></trkpt>
      <trkpt lat="52.737007" lon="-1.349824"><ele>146.1</ele><time>2025-05-02T13:33:02.000Z</time></trkpt>
      <trkpt lat="52.737007" lon="-1.349824"><ele>146.2</ele><time>2025-05-02T13:33:03.000Z</time></trkpt>
      <trkpt lat="52.737007" lon="-1.349824"><ele>146.2</ele><time>2025-05-02T13:33:04.000Z</time></trkpt>
      <trkpt lat="52.737007" lon="-1.349824"><ele>146.2</ele><time>2025-05-02T13:33:05.000Z</time></trkpt>
      <trkpt lat="52.737007" lon="-1.349824"><ele>146.3</ele><time>2025-05-02T13:33:06.000Z</time></trkpt>
      <trkpt lat="52.737007" lon="-1.349824"><ele>146.3</ele><time>2025-05-02T13:33:07.000Z</time></trkpt>
      <trkpt lat="52.737007" lon="-1.349824"><ele>146.3</ele><time>2025-05-02T13:33:08.000Z</time></trkpt>
      <trkpt lat="52.737007" lon="-1.349824"><ele>146.3</ele><time>2025-05-02T13:33:09.000Z</time></trkpt>
      <trkpt lat="52.737007" lon="-1.349824"><ele>146.3</ele><time>2025-05-02T13:33:10.000Z</time></trkpt>
      <trkpt lat="52.737007" lon="-1.349824"><ele>146.3</ele><time>2025-05-02T13:33:11.000Z</time></trkpt>
      <trkpt lat="52.737007" lon="-1.349824"><ele>146.3</ele><time>2025-05-02T13:33:12.000Z</time></trkpt>
      <trkpt lat="52.737007" lon="-1.349824"><ele>146.3</ele><time>2025-05-02T13:33:13.000Z</time></trkpt>
      <trkpt lat="52.737007" lon="-1.349824"><ele>146.3</ele><time>2025-05-02T13:33:14.000Z</time></trkpt>
      <trkpt lat="52.737007" lon="-1.349824"><ele>146.3</ele><time>2025-05-02T13:33:15.000Z</time></trkpt>
      <trkpt lat="52.737007" lon="-1.349824"><ele>146.3</ele><time>2025-05-02T13:33:16.000Z</time></trkpt>
      <trkpt lat="52.737007" lon="-1.349824"><ele>146.3</ele><time>2025-05-02T13:33:17.000Z</time></trkpt>
      <trkpt lat="52.737007" lon="-1.349824"><ele>146.3</ele><time>2025-05-02T13:33:18.000Z</time></trkpt>
      <trkpt lat="52.737007" lon="-1.349824"><ele>146.3</ele><time>2025-05-02T13:33:19.000Z</time></trkpt>
      <trkpt lat="52.737007" lon="-1.349824"><ele>146.3</ele><time>2025-05-02T13:33:20.000Z</time></trkpt>
      <trkpt lat="52.737007" lon="-1.349824"><ele>146.3</ele><time>2025-05-02T13:33:21.000Z</time></trkpt>
      <trkpt lat="52.737007" lon="-1.349824"><ele>146.3</ele><time>2025-05-02T13:33:22.000Z</time></trkpt>
      <trkpt lat="52.737007" lon="-1.349824"><ele>146.3</ele><time>2025-05-02T13:33:23.000Z</time></trkpt>
      <trkpt lat="52.737007" lon="-1.349824"><ele>146.2</ele><time>2025-05-02T13:33:24.000Z</time></trkpt>
      <trkpt lat="52.737007" lon="-1.349824"><ele>146.1</ele><time>2025-05-02T13:33:25.000Z</time></trkpt>
      <trkpt lat="52.737007" lon="-1.349823"><ele>146.0</ele><time>2025-05-02T13:33:26.000Z</time></trkpt>
      <trkpt lat="52.737007" lon="-1.349823"><ele>145.9</ele><time>2025-05-02T13:33:27.000Z</time></trkpt>
      <trkpt lat="52.737007" lon="-1.349823"><ele>145.8</ele><time>2025-05-02T13:33:28.000Z</time></trkpt>
      <trkpt lat="52.737006" lon="-1.349822"><ele>145.6</ele><time>2025-05-02T13:33:29.000Z</time></trkpt>
      <trkpt lat="52.737006" lon="-1.349821"><ele>145.5</ele><time>2025-05-02T13:33:30.000Z</time></trkpt>
      <trkpt lat="52.737005" lon="-1.349819"><ele>145.4</ele><time>2025-05-02T13:33:31.000Z</time></trkpt>
      <trkpt lat="52.737005" lon="-1.349816"><ele>145.2</ele><time>2025-05-02T13:33:32.000Z</time></trkpt>
      <trkpt lat="52.737004" lon="-1.349813"><ele>145.1</ele><time>2025-05-02T13:33:33.000Z</time></trkpt>
      <trkpt lat="52.737003" lon="-1.349810"><ele>145.0</ele><time>2025-05-02T13:33:34.000Z</time></trkpt>
      <trkpt lat="52.737003" lon="-1.349808"><ele>144.8</ele><time>2025-05-02T13:33:35.000Z</time></trkpt>
      <trkpt lat="52.737003" lon="-1.349806"><ele>144.7</ele><time>2025-05-02T13:33:36.000Z</time></trkpt>
      <trkpt lat="52.737003" lon="-1.349805"><ele>144.6</ele><time>2025-05-02T13:33:37.000Z</time></trkpt>
      <trkpt lat="52.737003" lon="-1.349805"><ele>144.5</ele><time>2025-05-02T13:33:38.000Z</time></trkpt>
      <trkpt lat="52.737003" lon="-1.349804"><ele>144.5</ele><time>2025-05-02T13:33:39.000Z</time></trkpt>
      <trkpt lat="52.737003" lon="-1.349804"><ele>144.4</ele><time>2025-05-02T13:33:40.000Z</time></trkpt>
      <trkpt lat="52.737004" lon="-1.349804"><ele>144.3</ele><time>2025-05-02T13:33:41.000Z</time></trkpt>
      <trkpt lat="52.737004" lon="-1.349804"><ele>144.3</ele><time>2025-05-02T13:33:42.000Z</time></trkpt>
      <trkpt lat="52.737004" lon="-1.349804"><ele>144.2</ele><time>2025-05-02T13:33:43.000Z</time></trkpt>
      <trkpt lat="52.737004" lon="-1.349804"><ele>144.2</ele><time>2025-05-02T13:33:44.000Z</time></trkpt>
      <trkpt lat="52.737004" lon="-1.349804"><ele>144.2</ele><time>2025-05-02T13:33:45.000Z</time></trkpt>
      <trkpt lat="52.737004" lon="-1.349804"><ele>144.2</ele><time>2025-05-02T13:33:46.000Z</time></trkpt>
      <trkpt lat="52.737004" lon="-1.349804"><ele>144.1</ele><time>2025-05-02T13:33:47.000Z</time></trkpt>
      <trkpt lat="52.737004" lon="-1.349804"><ele>144.1</ele><time>2025-05-02T13:33:48.000Z</time></trkpt>
      <trkpt lat="52.737004" lon="-1.349804"><ele>144.1</ele><time>2025-05-02T13:33:49.000Z</time></trkpt>
      <trkpt lat="52.737004" lon="-1.349804"><ele>144.1</ele><time>2025-05-02T13:33:50.000Z</time></trkpt>
      <trkpt lat="52.737004" lon="-1.349804"><ele>144.1</ele><time>2025-05-02T13:33:51.000Z</time></trkpt>
      <trkpt lat="52.737004" lon="-1.349804"><ele>144.1</ele><time>2025-05-02T13:33:52.000Z</time></trkpt>
      <trkpt lat="52.737004" lon="-1.349804"><ele>144.1</ele><time>2025-05-02T13:33:53.000Z</time></trkpt>
      <trkpt lat="52.737004" lon="-1.349804"><ele>144.1</ele><time>2025-05-02T13:33:54.000Z</time></trkpt>
      <trkpt lat="52.737004" lon="-1.349804"><ele>144.1</ele><time>2025-05-02T13:33:55.000Z</time></trkpt>
      <trkpt lat="52.737004" lon="-1.349804"><ele>144.1</ele><time>2025-05-02T13:33:56.000Z</time></trkpt>
      <trkpt lat="52.737004" lon="-1.349804"><ele>144.1</ele><time>2025-05-02T13:33:57.000Z</time></trkpt>
      <trkpt lat="52.737004" lon="-1.349804"><ele>144.1</ele><time>2025-05-02T13:33:58.000Z</time></trkpt>
      <trkpt lat="52.737004" lon="-1.349804"><ele>144.1</ele><time>2025-05-02T13:33:59.000Z</time></trkpt>
      <trkpt lat="52.737004" lon="-1.349804"><ele>144.2</ele><time>2025-05-02T13:34:00.000Z</time></trkpt>
      <trkpt lat="52.737004" lon="-1.349804"><ele>144.2</ele><time>2025-05-02T13:34:01.000Z</time></trkpt>
      <trkpt lat="52.737004" lon="-1.349804"><ele>144.2</ele><time>2025-05-02T13:34:02.000Z</time></trkpt>
      <trkpt lat="52.737004" lon="-1.349804"><ele>144.2</ele><time>2025-05-02T13:34:03.000Z</time></trkpt>
      <trkpt lat="52.737004" lon="-1.349804"><ele>144.2</ele><time>2025-05-02T13:34:04.000Z</time></trkpt>
      <trkpt lat="52.737004" lon="-1.349805"><ele>144.3</ele><time>2025-05-02T13:34:05.000Z</time></trkpt>
      <trkpt lat="52.737004" lon="-1.349805"><ele>144.3</ele><time>2025-05-02T13:34:06.000Z</time></trkpt>
      <trkpt lat="52.737004" lon="-1.349807"><ele>144.3</ele><time>2025-05-02T13:34:07.000Z</time></trkpt>
      <trkpt lat="52.737004" lon="-1.349808"><ele>144.3</ele><time>2025-05-02T13:34:08.000Z</time></trkpt>
      <trkpt lat="52.737004" lon="-1.349811"><ele>144.4</ele><time>2025-05-02T13:34:09.000Z</time></trkpt>
      <trkpt lat="52.737004" lon="-1.349813"><ele>144.4</ele><time>2025-05-02T13:34:10.000Z</time></trkpt>
      <trkpt lat="52.737004" lon="-1.349814"><ele>144.4</ele><time>2025-05-02T13:34:11.000Z</time></trkpt>
      <trkpt lat="52.737004" lon="-1.349815"><ele>144.4</ele><time>2025-05-02T13:34:12.000Z</time></trkpt>
      <trkpt lat="52.737005" lon="-1.349816"><ele>144.5</ele><time>2025-05-02T13:34:13.000Z</time></trkpt>
      <trkpt lat="52.737005" lon="-1.349816"><ele>144.5</ele><time>2025-05-02T13:34:14.000Z</time></trkpt>
      <trkpt lat="52.737005" lon="-1.349816"><ele>144.5</ele><time>2025-05-02T13:34:15.000Z</time></trkpt>
      <trkpt lat="52.737005" lon="-1.349817"><ele>144.5</ele><time>2025-05-02T13:34:16.000Z</time></trkpt>
      <trkpt lat="52.737005" lon="-1.349817"><ele>144.5</ele><time>2025-05-02T13:34:17.000Z</time></trkpt>
      <trkpt lat="52.737005" lon="-1.349817"><ele>144.5</ele><time>2025-05-02T13:34:18.000Z</time></trkpt>
      <trkpt lat="52.737005" lon="-1.349817"><ele>144.5</ele><time>2025-05-02T13:34:19.000Z</time></trkpt>
      <trkpt lat="52.737005" lon="-1.349817"><ele>144.5</ele><time>2025-05-02T13:34:20.000Z</time></trkpt>
      <trkpt lat="52.737005" lon="-1.349817"><ele>144.6</ele><time>2025-05-02T13:34:21.000Z</time></trkpt>
      <trkpt lat="52.737005" lon="-1.349817"><ele>144.6</ele><time>2025-05-02T13:34:22.000Z</time></trkpt>
      <trkpt lat="52.737005" lon="-1.349817"><ele>144.6</ele><time>2025-05-02T13:34:23.000Z</time></trkpt>
      <trkpt lat="52.737005" lon="-1.349817"><ele>144.6</ele><time>2025-05-02T13:34:24.000Z</time></trkpt>
      <trkpt lat="52.737005" lon="-1.349817"><ele>144.6</ele><time>2025-05-02T13:34:25.000Z</time></trkpt>
      <trkpt lat="52.737005" lon="-1.349817"><ele>144.6</ele><time>2025-05-02T13:34:26.000Z</time></trkpt>
      <trkpt lat="52.737005" lon="-1.349817"><ele>144.6</ele><time>2025-05-02T13:34:27.000Z</time></trkpt>
      <trkpt lat="52.737005" lon="-1.349817"><ele>144.6</ele><time>2025-05-02T13:34:28.000Z</time></trkpt>
      <trkpt lat="52.737005" lon="-1.349817"><ele>144.6</ele><time>2025-05-02T13:34:29.000Z</time></trkpt>
      <trkpt lat="52.737005" lon="-1.349817"><ele>144.6</ele><time>2025-05-02T13:34:30.000Z</time></trkpt>
      <trkpt lat="52.737005" lon="-1.349817"><ele>144.6</ele><time>2025-05-02T13:34:31.000Z</time></trkpt>
      <trkpt lat="52.737005" lon="-1.349817"><ele>144.6</ele><time>2025-05-02T13:34:32.000Z</time></trkpt>
      <trkpt lat="52.737005" lon="-1.349817"><ele>144.6</ele><time>2025-05-02T13:34:33.000Z</time></trkpt>
      <trkpt lat="52.737005" lon="-1.349817"><ele>144.6</ele><time>2025-05-02T13:34:34.000Z</time></trkpt>
      <trkpt lat="52.737005" lon="-1.349817"><ele>144.6</ele><time>2025-05-02T13:34:35.000Z</time></trkpt>
      <trkpt lat="52.737005" lon="-1.349817"><ele>144.6</ele><time>2025-05-02T13:34:36.000Z</time></trkpt>
      <trkpt lat="52.737005" lon="-1.349817"><ele>144.6</ele><time>2025-05-02T13:34:37.000Z</time></trkpt>
      <trkpt lat="52.737005" lon="-1.349817"><ele>144.6</ele><time>2025-05-02T13:34:38.000Z</time></trkpt>
      <trkpt lat="52.737005" lon="-1.349817"><ele>144.6</ele><time>2025-05-02T13:34:39.000Z</time></trkpt>
      <trkpt lat="52.737005" lon="-1.349817"><ele>144.6</ele><time>2025-05-02T13:34:40.000Z</time></trkpt>
      <trkpt lat="52.737005" lon="-1.349817"><ele>144.6</ele><time>2025-05-02T13:34:41.000Z</time></trkpt>
      <trkpt lat="52.737005" lon="-1.349817"><ele>144.6</ele><time>2025-05-02T13:34:42.000Z</time></trkpt>
      <trkpt lat="52.737005" lon="-1.349817"><ele>144.6</ele><time>2025-05-02T13:34:43.000Z</time></trkpt>
      <trkpt lat="52.737005" lon="-1.349817"><ele>144.6</ele><time>2025-05-02T13:34:44.000Z</time></trkpt>
      <trkpt lat="52.737005" lon="-1.349817"><ele>144.6</ele><time>2025-05-02T13:34:45.000Z</time></trkpt>
      <trkpt lat="52.737005" lon="-1.349817"><ele>144.6</ele><time>2025-05-02T13:34:46.000Z</time></trkpt>
      <trkpt lat="52.737005" lon="-1.349817"><ele>144.6</ele><time>2025-05-02T13:34:47.000Z</time></trkpt>
      <trkpt lat="52.737005" lon="-1.349817"><ele>144.6</ele><time>2025-05-02T13:34:48.000Z</time></trkpt>
      <trkpt lat="52.737005" lon="-1.349817"><ele>144.6</ele><time>2025-05-02T13:34:49.000Z</time></trkpt>
      <trkpt lat="52.737005" lon="-1.349817"><ele>144.6</ele><time>2025-05-02T13:34:50.000Z</time></trkpt>
      <trkpt lat="52.737005" lon="-1.349817"><ele>144.6</ele><time>2025-05-02T13:34:51.000Z</time></trkpt>
      <trkpt lat="52.737005" lon="-1.349817"><ele>144.6</ele><time>2025-05-02T13:34:52.000Z</time></trkpt>
      <trkpt lat="52.737005" lon="-1.349817"><ele>144.6</ele><time>2025-05-02T13:34:53.000Z</time></trkpt>
      <trkpt lat="52.737005" lon="-1.349817"><ele>144.6</ele><time>2025-05-02T13:34:54.000Z</time></trkpt>
      <trkpt lat="52.737005" lon="-1.349817"><ele>144.6</ele><time>2025-05-02T13:34:55.000Z</time></trkpt>
      <trkpt lat="52.737005" lon="-1.349817"><ele>144.6</ele><time>2025-05-02T13:34:56.000Z</time></trkpt>
      <trkpt lat="52.737005" lon="-1.349817"><ele>144.6</ele><time>2025-05-02T13:34:57.000Z</time></trkpt>
      <trkpt lat="52.737005" lon="-1.349817"><ele>144.6</ele><time>2025-05-02T13:34:58.000Z</time></trkpt>
      <trkpt lat="52.737005" lon="-1.349817"><ele>144.6</ele><time>2025-05-02T13:34:59.000Z</time></trkpt>
      <trkpt lat="52.737005" lon="-1.349817"><ele>144.6</ele><time>2025-05-02T13:35:00.000Z</time></trkpt>
      <trkpt lat="52.737005" lon="-1.349817"><ele>144.6</ele><time>2025-05-02T13:35:01.000Z</time></trkpt>
      <trkpt lat="52.737005" lon="-1.349817"><ele>144.6</ele><time>2025-05-02T13:35:02.000Z</time></trkpt>
      <trkpt lat="52.737005" lon="-1.349817"><ele>144.6</ele><time>2025-05-02T13:35:03.000Z</time></trkpt>
      <trkpt lat="52.737005" lon="-1.349817"><ele>144.6</ele><time>2025-05-02T13:35:04.000Z</time></trkpt>
      <trkpt lat="52.737005" lon="-1.349817"><ele>144.6</ele><time>2025-05-02T13:35:05.000Z</time></trkpt>
      <trkpt lat="52.737005" lon="-1.349817"><ele>144.6</ele><time>2025-05-02T13:35:06.000Z</time></trkpt>
      <trkpt lat="52.737005" lon="-1.349817"><ele>144.6</ele><time>2025-05-02T13:35:07.000Z</time></trkpt>
      <trkpt lat="52.737005" lon="-1.349817"><ele>144.6</ele><time>2025-05-02T13:35:08.000Z</time></trkpt>
      <trkpt lat="52.737005" lon="-1.349817"><ele>144.6</ele><time>2025-05-02T13:35:09.000Z</time></trkpt>
      <trkpt lat="52.737005" lon="-1.349817"><ele>144.6</ele><time>2025-05-02T13:35:10.000Z</time></trkpt>
      <trkpt lat="52.737005" lon="-1.349816"><ele>144.7</ele><time>2025-05-02T13:35:11.000Z</time></trkpt>
      <trkpt lat="52.737005" lon="-1.349816"><ele>144.7</ele><time>2025-05-02T13:35:12.000Z</time></trkpt>
      <trkpt lat="52.737005" lon="-1.349816"><ele>144.7</ele><time>2025-05-02T13:35:13.000Z</time></trkpt>
      <trkpt lat="52.737005" lon="-1.349815"><ele>144.8</ele><time>2025-05-02T13:35:14.000Z</time></trkpt>
      <trkpt lat="52.737005" lon="-1.349814"><ele>144.8</ele><time>2025-05-02T13:35:15.000Z</time></trkpt>
      <trkpt lat="52.737005" lon="-1.349812"><ele>144.9</ele><time>2025-05-02T13:35:16.000Z</time></trkpt>
      <trkpt lat="52.737006" lon="-1.349809"><ele>145.0</ele><time>2025-05-02T13:35:17.000Z</time></trkpt>
      <trkpt lat="52.737006" lon="-1.349806"><ele>145.0</ele><time>2025-05-02T13:35:18.000Z</time></trkpt>
      <trkpt lat="52.737006" lon="-1.349804"><ele>145.0</ele><time>2025-05-02T13:35:19.000Z</time></trkpt>
      <trkpt lat="52.737007" lon="-1.349802"><ele>145.1</ele><time>2025-05-02T13:35:20.000Z</time></trkpt>
      <trkpt lat="52.737007" lon="-1.349800"><ele>145.1</ele><time>2025-05-02T13:35:21.000Z</time></trkpt>
      <trkpt lat="52.737007" lon="-1.349800"><ele>145.1</ele><time>2025-05-02T13:35:22.000Z</time></trkpt>
      <trkpt lat="52.737007" lon="-1.349799"><ele>145.2</ele><time>2025-05-02T13:35:23.000Z</time></trkpt>
      <trkpt lat="52.737007" lon="-1.349800"><ele>145.2</ele><time>2025-05-02T13:35:24.000Z</time></trkpt>
      <trkpt lat="52.737007" lon="-1.349800"><ele>145.2</ele><time>2025-05-02T13:35:25.000Z</time></trkpt>
      <trkpt lat="52.737007" lon="-1.349802"><ele>145.2</ele><time>2025-05-02T13:35:26.000Z</time></trkpt>
      <trkpt lat="52.737007" lon="-1.349804"><ele>145.3</ele><time>2025-05-02T13:35:27.000Z</time></trkpt>
      <trkpt lat="52.737007" lon="-1.349806"><ele>145.3</ele><time>2025-05-02T13:35:28.000Z</time></trkpt>
      <trkpt lat="52.737007" lon="-1.349808"><ele>145.3</ele><time>2025-05-02T13:35:29.000Z</time></trkpt>
      <trkpt lat="52.737007" lon="-1.349810"><ele>145.3</ele><time>2025-05-02T13:35:30.000Z</time></trkpt>
      <trkpt lat="52.737007" lon="-1.349812"><ele>145.2</ele><time>2025-05-02T13:35:31.000Z</time></trkpt>
      <trkpt lat="52.737007" lon="-1.349813"><ele>145.2</ele><time>2025-05-02T13:35:32.000Z</time></trkpt>
      <trkpt lat="52.737007" lon="-1.349814"><ele>145.1</ele><time>2025-05-02T13:35:33.000Z</time></trkpt>
      <trkpt lat="52.737007" lon="-1.349816"><ele>145.0</ele><time>2025-05-02T13:35:34.000Z</time></trkpt>
      <trkpt lat="52.737007" lon="-1.349817"><ele>144.9</ele><time>2025-05-02T13:35:35.000Z</time></trkpt>
      <trkpt lat="52.737007" lon="-1.349818"><ele>144.9</ele><time>2025-05-02T13:35:36.000Z</time></trkpt>
      <trkpt lat="52.737008" lon="-1.349817"><ele>144.8</ele><time>2025-05-02T13:35:37.000Z</time></trkpt>
      <trkpt lat="52.737009" lon="-1.349815"><ele>144.7</ele><time>2025-05-02T13:35:38.000Z</time></trkpt>
      <trkpt lat="52.737010" lon="-1.349811"><ele>144.7</ele><time>2025-05-02T13:35:39.000Z</time></trkpt>
      <trkpt lat="52.737010" lon="-1.349807"><ele>144.6</ele><time>2025-05-02T13:35:40.000Z</time></trkpt>
      <trkpt lat="52.737010" lon="-1.349801"><ele>144.6</ele><time>2025-05-02T13:35:41.000Z</time></trkpt>
      <trkpt lat="52.737010" lon="-1.349797"><ele>144.6</ele><time>2025-05-02T13:35:42.000Z</time></trkpt>
      <trkpt lat="52.737010" lon="-1.349793"><ele>144.6</ele><time>2025-05-02T13:35:43.000Z</time></trkpt>
      <trkpt lat="52.737009" lon="-1.349792"><ele>144.6</ele><time>2025-05-02T13:35:44.000Z</time></trkpt>
      <trkpt lat="52.737008" lon="-1.349793"><ele>144.6</ele><time>2025-05-02T13:35:45.000Z</time></trkpt>
      <trkpt lat="52.737006" lon="-1.349794"><ele>144.7</ele><time>2025-05-02T13:35:46.000Z</time></trkpt>
      <trkpt lat="52.737003" lon="-1.349797"><ele>144.7</ele><time>2025-05-02T13:35:47.000Z</time></trkpt>
      <trkpt lat="52.737001" lon="-1.349800"><ele>144.8</ele><time>2025-05-02T13:35:48.000Z</time></trkpt>
      <trkpt lat="52.736999" lon="-1.349803"><ele>144.9</ele><time>2025-05-02T13:35:49.000Z</time></trkpt>
      <trkpt lat="52.736997" lon="-1.349805"><ele>144.9</ele><time>2025-05-02T13:35:50.000Z</time></trkpt>
      <trkpt lat="52.736996" lon="-1.349806"><ele>145.0</ele><time>2025-05-02T13:35:51.000Z</time></trkpt>
      <trkpt lat="52.736996" lon="-1.349807"><ele>145.1</ele><time>2025-05-02T13:35:52.000Z</time></trkpt>
      <trkpt lat="52.736995" lon="-1.349808"><ele>145.2</ele><time>2025-05-02T13:35:53.000Z</time></trkpt>
      <trkpt lat="52.736995" lon="-1.349808"><ele>145.3</ele><time>2025-05-02T13:35:54.000Z</time></trkpt>
      <trkpt lat="52.736994" lon="-1.349809"><ele>145.4</ele><time>2025-05-02T13:35:55.000Z</time></trkpt>
      <trkpt lat="52.736994" lon="-1.349809"><ele>145.4</ele><time>2025-05-02T13:35:56.000Z</time></trkpt>
      <trkpt lat="52.736993" lon="-1.349810"><ele>145.5</ele><time>2025-05-02T13:35:57.000Z</time></trkpt>
    </trkseg>
  </trk>
</gpx>
