<?xml version="1.0" encoding="UTF-8"?>
<gpx version="1.1" creator="walkingwithember" xmlns="http://www.topografix.com/GPX/1/1">
  <metadata>
    <name>Walk 2025-10-20</name>
    <time>2025-10-20T11:33:26.000Z</time>
  </metadata>
  <trk>
    <name>Walk 2025-10-20</name>
    <trkseg>
      <trkpt lat="52.736812" lon="-1.349909"><ele>148.6</ele><time>2025-10-20T11:33:26.000Z</time></trkpt>
      <trkpt lat="52.736799" lon="-1.349904"><ele>148.4</ele><time>2025-10-20T11:33:27.000Z</time></trkpt>
      <trkpt lat="52.736791" lon="-1.349902"><ele>148.3</ele><time>2025-10-20T11:33:28.000Z</time></trkpt>
      <trkpt lat="52.736781" lon="-1.349903"><ele>148.2</ele><time>2025-10-20T11:33:29.000Z</time></trkpt>
      <trkpt lat="52.736773" lon="-1.349904"><ele>148.1</ele><time>2025-10-20T11:33:30.000Z</time></trkpt>
      <trkpt lat="52.736767" lon="-1.349904"><ele>148.0</ele><time>2025-10-20T11:33:31.000Z</time></trkpt>
      <trkpt lat="52.736765" lon="-1.349907"><ele>147.9</ele><time>2025-10-20T11:33:32.000Z</time></trkpt>
      <trkpt lat="52.736761" lon="-1.349911"><ele>147.9</ele><time>2025-10-20T11:33:33.000Z</time></trkpt>
      <trkpt lat="52.736756" lon="-1.349915"><ele>147.9</ele><time>2025-10-20T11:33:34.000Z</time></trkpt>
      <trkpt lat="52.736748" lon="-1.349920"><ele>147.9</ele><time>2025-10-20T11:33:35.000Z</time></trkpt>
      <trkpt lat="52.736740" lon="-1.349926"><ele>147.8</ele><time>2025-10-20T11:33:36.000Z</time></trkpt>
      <trkpt lat="52.736737" lon="-1.349937"><ele>147.8</ele><time>2025-10-20T11:33:37.000Z</time></trkpt>
      <trkpt lat="52.736738" lon="-1.349951"><ele>147.8</ele><time>2025-10-20T11:33:38.000Z</time></trkpt>
      <trkpt lat="52.736737" lon="-1.349967"><ele>147.8</ele><time>2025-10-20T11:33:39.000Z</time></trkpt>
      <trkpt lat="52.736738" lon="-1.349984"><ele>147.7</ele><time>2025-10-20T11:33:40.000Z</time></trkpt>
      <trkpt lat="52.736740" lon="-1.350006"><ele>147.7</ele><time>2025-10-20T11:33:41.000Z</time></trkpt>
      <trkpt lat="52.736744" lon="-1.350031"><ele>147.7</ele><time>2025-10-20T11:33:42.000Z</time></trkpt>
      <trkpt lat="52.736748" lon="-1.350056"><ele>147.7</ele><time>2025-10-20T11:33:43.000Z</time></trkpt>
      <trkpt lat="52.736753" lon="-1.350079"><ele>147.8</ele><time>2025-10-20T11:33:44.000Z</time></trkpt>
      <trkpt lat="52.736757" lon="-1.350101"><ele>147.8</ele><time>2025-10-20T11:33:45.000Z</time></trkpt>
      <trkpt lat="52.736760" lon="-1.350121"><ele>147.8</ele><time>2025-10-20T11:33:46.000Z</time></trkpt>
      <trkpt lat="52.736762" lon="-1.350141"><ele>147.7</ele><time>2025-10-20T11:33:47.000Z</time></trkpt>
      <trkpt lat="52.736763" lon="-1.350162"><ele>147.7</ele><time>2025-10-20T11:33:48.000Z</time></trkpt>
      <trkpt lat="52.736766" lon="-1.350183"><ele>147.6</ele><time>2025-10-20T11:33:49.000Z</time></trkpt>
      <trkpt lat="52.736768" lon="-1.350205"><ele>147.6</ele><time>2025-10-20T11:33:50.000Z</time></trkpt>
      <trkpt lat="52.736771" lon="-1.350227"><ele>147.5</ele><time>2025-10-20T11:33:51.000Z</time></trkpt>
      <trkpt lat="52.736774" lon="-1.350248"><ele>147.5</ele><time>2025-10-20T11:33:52.000Z</time></trkpt>
      <trkpt lat="52.736777" lon="-1.350268"><ele>147.5</ele><time>2025-10-20T11:33:53.000Z</time></trkpt>
      <trkpt lat="52.736779" lon="-1.350288"><ele>147.5</ele><time>2025-10-20T11:33:54.000Z</time></trkpt>
      <trkpt lat="52.736781" lon="-1.350308"><ele>147.4</ele><time>2025-10-20T11:33:55.000Z</time></trkpt>
      <trkpt lat="52.736780" lon="-1.350328"><ele>147.4</ele><time>2025-10-20T11:33:56.000Z</time></trkpt>
      <trkpt lat="52.736779" lon="-1.350348"><ele>147.4</ele><time>2025-10-20T11:33:57.000Z</time></trkpt>
      <trkpt lat="52.736779" lon="-1.350367"><ele>147.4</ele><time>2025-10-20T11:33:58.000Z</time></trkpt>
      <trkpt lat="52.736782" lon="-1.350385"><ele>147.4</ele><time>2025-10-20T11:33:59.000Z</time></trkpt>
      <trkpt lat="52.736789" lon="-1.350400"><ele>147.4</ele><time>2025-10-20T11:34:00.000Z</time></trkpt>
      <trkpt lat="52.736797" lon="-1.350413"><ele>147.4</ele><time>2025-10-20T11:34:01.000Z</time></trkpt>
      <trkpt lat="52.736805" lon="-1.350426"><ele>147.4</ele><time>2025-10-20T11:34:02.000Z</time></trkpt>
      <trkpt lat="52.736812" lon="-1.350441"><ele>147.4</ele><time>2025-10-20T11:34:03.000Z</time></trkpt>
      <trkpt lat="52.736820" lon="-1.350457"><ele>147.3</ele><time>2025-10-20T11:34:04.000Z</time></trkpt>
      <trkpt lat="52.736828" lon="-1.350475"><ele>147.3</ele><time>2025-10-20T11:34:05.000Z</time></trkpt>
      <trkpt lat="52.736836" lon="-1.350494"><ele>147.3</ele><time>2025-10-20T11:34:06.000Z</time></trkpt>
      <trkpt lat="52.736843" lon="-1.350513"><ele>147.2</ele><time>2025-10-20T11:34:07.000Z</time></trkpt>
      <trkpt lat="52.736850" lon="-1.350532"><ele>147.2</ele><time>2025-10-20T11:34:08.000Z</time></trkpt>
      <trkpt lat="52.736857" lon="-1.350549"><ele>147.2</ele><time>2025-10-20T11:34:09.000Z</time></trkpt>
      <trkpt lat="52.736864" lon="-1.350564"><ele>147.1</ele><time>2025-10-20T11:34:10.000Z</time></trkpt>
      <trkpt lat="52.736871" lon="-1.350580"><ele>147.1</ele><time>2025-10-20T11:34:11.000Z</time></trkpt>
      <trkpt lat="52.736880" lon="-1.350594"><ele>147.1</ele><time>2025-10-20T11:34:12.000Z</time></trkpt>
      <trkpt lat="52.736890" lon="-1.350609"><ele>147.1</ele><time>2025-10-20T11:34:13.000Z</time></trkpt>
      <trkpt lat="52.736901" lon="-1.350623"><ele>147.1</ele><time>2025-10-20T11:34:14.000Z</time></trkpt>
      <trkpt lat="52.736911" lon="-1.350636"><ele>147.1</ele><time>2025-10-20T11:34:15.000Z</time></trkpt>
      <trkpt lat="52.736922" lon="-1.350648"><ele>147.1</ele><time>2025-10-20T11:34:16.000Z</time></trkpt>
      <trkpt lat="52.736931" lon="-1.350659"><ele>147.1</ele><time>2025-10-20T11:34:17.000Z</time></trkpt>
      <trkpt lat="52.736941" lon="-1.350670"><ele>147.0</ele><time>2025-10-20T11:34:18.000Z</time></trkpt>
      <trkpt lat="52.736951" lon="-1.350682"><ele>147.0</ele><time>2025-10-20T11:34:19.000Z</time></trkpt>
      <trkpt lat="52.736962" lon="-1.350695"><ele>147.0</ele><time>2025-10-20T11:34:20.000Z</time></trkpt>
      <trkpt lat="52.736973" lon="-1.350708"><ele>147.0</ele><time>2025-10-20T11:34:21.000Z</time></trkpt>
      <trkpt lat="52.736984" lon="-1.350723"><ele>147.0</ele><time>2025-10-20T11:34:22.000Z</time></trkpt>
      <trkpt lat="52.736995" lon="-1.350736"><ele>147.0</ele><time>2025-10-20T11:34:23.000Z</time></trkpt>
      <trkpt lat="52.737006" lon="-1.350749"><ele>147.0</ele><time>2025-10-20T11:34:24.000Z</time></trkpt>
      <trkpt lat="52.737016" lon="-1.350762"><ele>147.0</ele><time>2025-10-20T11:34:25.000Z</time></trkpt>
      <trkpt lat="52.737027" lon="-1.350776"><ele>147.0</ele><time>2025-10-20T11:34:26.000Z</time></trkpt>
      <trkpt lat="52.737038" lon="-1.350792"><ele>147.0</ele><time>2025-10-20T11:34:27.000Z</time></trkpt>
      <trkpt lat="52.737049" lon="-1.350809"><ele>147.0</ele><time>2025-10-20T11:34:28.000Z</time></trkpt>
      <trkpt lat="52.737059" lon="-1.350827"><ele>146.9</ele><time>2025-10-20T11:34:29.000Z</time></trkpt>
      <trkpt lat="52.737068" lon="-1.350845"><ele>146.9</ele><time>2025-10-20T11:34:30.000Z</time></trkpt>
      <trkpt lat="52.737076" lon="-1.350861"><ele>146.8</ele><time>2025-10-20T11:34:31.000Z</time></trkpt>
      <trkpt lat="52.737084" lon="-1.350876"><ele>146.8</ele><time>2025-10-20T11:34:32.000Z</time></trkpt>
      <trkpt lat="52.737092" lon="-1.350890"><ele>146.7</ele><time>2025-10-20T11:34:33.000Z</time></trkpt>
      <trkpt lat="52.737099" lon="-1.350905"><ele>146.7</ele><time>2025-10-20T11:34:34.000Z</time></trkpt>
      <trkpt lat="52.737106" lon="-1.350921"><ele>146.6</ele><time>2025-10-20T11:34:35.000Z</time></trkpt>
      <trkpt lat="52.737114" lon="-1.350937"><ele>146.6</ele><time>2025-10-20T11:34:36.000Z</time></trkpt>
      <trkpt lat="52.737123" lon="-1.350954"><ele>146.5</ele><time>2025-10-20T11:34:37.000Z</time></trkpt>
      <trkpt lat="52.737133" lon="-1.350970"><ele>146.5</ele><time>2025-10-20T11:34:38.000Z</time></trkpt>
      <trkpt lat="52.737142" lon="-1.350984"><ele>146.4</ele><time>2025-10-20T11:34:39.000Z</time></trkpt>
      <trkpt lat="52.737153" lon="-1.350998"><ele>146.4</ele><time>2025-10-20T11:34:40.000Z</time></trkpt>
      <trkpt lat="52.737163" lon="-1.351010"><ele>146.3</ele><time>2025-10-20T11:34:41.000Z</time></trkpt>
      <trkpt lat="52.737174" lon="-1.351021"><ele>146.3</ele><time>2025-10-20T11:34:42.000Z</time></trkpt>
      <trkpt lat="52.737185" lon="-1.351030"><ele>146.2</ele><time>2025-10-20T11:34:43.000Z</time></trkpt>
      <trkpt lat="52.737196" lon="-1.351038"><ele>146.2</ele><time>2025-10-20T11:34:44.000Z</time></trkpt>
      <trkpt lat="52.737207" lon="-1.351045"><ele>146.1</ele><time>2025-10-20T11:34:45.000Z</time></trkpt>
      <trkpt lat="52.737217" lon="-1.351051"><ele>146.1</ele><time>2025-10-20T11:34:46.000Z</time></trkpt>
      <trkpt lat="52.737228" lon="-1.351058"><ele>146.1</ele><time>2025-10-20T11:34:47.000Z</time></trkpt>
      <trkpt lat="52.737239" lon="-1.351066"><ele>146.1</ele><time>2025-10-20T11:34:48.000Z</time></trkpt>
      <trkpt lat="52.737251" lon="-1.351075"><ele>146.1</ele><time>2025-10-20T11:34:49.000Z</time></trkpt>
      <trkpt lat="52.737262" lon="-1.351082"><ele>146.1</ele><time>2025-10-20T11:34:50.000Z</time></trkpt>
      <trkpt lat="52.737273" lon="-1.351090"><ele>146.1</ele><time>2025-10-20T11:34:51.000Z</time></trkpt>
      <trkpt lat="52.737284" lon="-1.351098"><ele>146.1</ele><time>2025-10-20T11:34:52.000Z</time></trkpt>
      <trkpt lat="52.737294" lon="-1.351107"><ele>146.1</ele><time>2025-10-20T11:34:53.000Z</time></trkpt>
      <trkpt lat="52.737303" lon="-1.351115"><ele>146.1</ele><time>2025-10-20T11:34:54.000Z</time></trkpt>
      <trkpt lat="52.737314" lon="-1.351123"><ele>146.2</ele><time>2025-10-20T11:34:55.000Z</time></trkpt>
      <trkpt lat="52.737326" lon="-1.351131"><ele>146.2</ele><time>2025-10-20T11:34:56.000Z</time></trkpt>
      <trkpt lat="52.737339" lon="-1.351139"><ele>146.2</ele><time>2025-10-20T11:34:57.000Z</time></trkpt>
      <trkpt lat="52.737352" lon="-1.351144"><ele>146.2</ele><time>2025-10-20T11:34:58.000Z</time></trkpt>
      <trkpt lat="52.737365" lon="-1.351149"><ele>146.2</ele><time>2025-10-20T11:34:59.000Z</time></trkpt>
      <trkpt lat="52.737378" lon="-1.351153"><ele>146.2</ele><time>2025-10-20T11:35:00.000Z</time></trkpt>
      <trkpt lat="52.737391" lon="-1.351158"><ele>146.2</ele><time>2025-10-20T11:35:01.000Z</time></trkpt>
      <trkpt lat="52.737405" lon="-1.351164"><ele>146.1</ele><time>2025-10-20T11:35:02.000Z</time></trkpt>
      <trkpt lat="52.737419" lon="-1.351169"><ele>146.0</ele><time>2025-10-20T11:35:03.000Z</time></trkpt>
      <trkpt lat="52.737432" lon="-1.351175"><ele>146.0</ele><time>2025-10-20T11:35:04.000Z</time></trkpt>
      <trkpt lat="52.737445" lon="-1.351182"><ele>145.9</ele><time>2025-10-20T11:35:05.000Z</time></trkpt>
      <trkpt lat="52.737458" lon="-1.351191"><ele>145.8</ele><time>2025-10-20T11:35:06.000Z</time></trkpt>
      <trkpt lat="52.737470" lon="-1.351199"><ele>145.8</ele><time>2025-10-20T11:35:07.000Z</time></trkpt>
      <trkpt lat="52.737482" lon="-1.351208"><ele>145.7</ele><time>2025-10-20T11:35:08.000Z</time></trkpt>
      <trkpt lat="52.737495" lon="-1.351215"><ele>145.7</ele><time>2025-10-20T11:35:09.000Z</time></trkpt>
      <trkpt lat="52.737507" lon="-1.351223"><ele>145.6</ele><time>2025-10-20T11:35:10.000Z</time></trkpt>
      <trkpt lat="52.737520" lon="-1.351232"><ele>145.5</ele><time>2025-10-20T11:35:11.000Z</time></trkpt>
      <trkpt lat="52.737532" lon="-1.351243"><ele>145.5</ele><time>2025-10-20T11:35:12.000Z</time></trkpt>
      <trkpt lat="52.737545" lon="-1.351252"><ele>145.4</ele><time>2025-10-20T11:35:13.000Z</time></trkpt>
      <trkpt lat="52.737558" lon="-1.351261"><ele>145.4</ele><time>2025-10-20T11:35:14.000Z</time></trkpt>
      <trkpt lat="52.737570" lon="-1.351269"><ele>145.3</ele><time>2025-10-20T11:35:15.000Z</time></trkpt>
      <trkpt lat="52.737583" lon="-1.351277"><ele>145.3</ele><time>2025-10-20T11:35:16.000Z</time></trkpt>
      <trkpt lat="52.737596" lon="-1.351284"><ele>145.2</ele><time>2025-10-20T11:35:17.000Z</time></trkpt>
      <trkpt lat="52.737609" lon="-1.351289"><ele>145.2</ele><time>2025-10-20T11:35:18.000Z</time></trkpt>
      <trkpt lat="52.737622" lon="-1.351295"><ele>145.2</ele><time>2025-10-20T11:35:19.000Z</time></trkpt>
      <trkpt lat="52.737636" lon="-1.351301"><ele>145.1</ele><time>2025-10-20T11:35:20.000Z</time></trkpt>
      <trkpt lat="52.737649" lon="-1.351306"><ele>145.1</ele><time>2025-10-20T11:35:21.000Z</time></trkpt>
      <trkpt lat="52.737662" lon="-1.351310"><ele>145.2</ele><time>2025-10-20T11:35:22.000Z</time></trkpt>
      <trkpt lat="52.737674" lon="-1.351314"><ele>145.2</ele><time>2025-10-20T11:35:23.000Z</time></trkpt>
      <trkpt lat="52.737686" lon="-1.351317"><ele>145.2</ele><time>2025-10-20T11:35:24.000Z</time></trkpt>
      <trkpt lat="52.737695" lon="-1.351321"><ele>145.2</ele><time>2025-10-20T11:35:25.000Z</time></trkpt>
      <trkpt lat="52.737702" lon="-1.351323"><ele>145.2</ele><time>2025-10-20T11:35:26.000Z</time></trkpt>
      <trkpt lat="52.737708" lon="-1.351326"><ele>145.2</ele><time>2025-10-20T11:35:27.000Z</time></trkpt>
      <trkpt lat="52.737712" lon="-1.351328"><ele>145.2</ele><time>2025-10-20T11:35:28.000Z</time></trkpt>
      <trkpt lat="52.737718" lon="-1.351332"><ele>145.2</ele><time>2025-10-20T11:35:29.000Z</time></trkpt>
      <trkpt lat="52.737727" lon="-1.351336"><ele>145.2</ele><time>2025-10-20T11:35:30.000Z</time></trkpt>
      <trkpt lat="52.737739" lon="-1.351342"><ele>145.2</ele><time>2025-10-20T11:35:31.000Z</time></trkpt>
      <trkpt lat="52.737752" lon="-1.351348"><ele>145.2</ele><time>2025-10-20T11:35:32.000Z</time></trkpt>
      <trkpt lat="52.737764" lon="-1.351353"><ele>145.2</ele><time>2025-10-20T11:35:33.000Z</time></trkpt>
      <trkpt lat="52.737776" lon="-1.351356"><ele>145.2</ele><time>2025-10-20T11:35:34.000Z</time></trkpt>
      <trkpt lat="52.737788" lon="-1.351359"><ele>145.2</ele><time>2025-10-20T11:35:35.000Z</time></trkpt>
      <trkpt lat="52.737799" lon="-1.351364"><ele>145.2</ele><time>2025-10-20T11:35:36.000Z</time></trkpt>
      <trkpt lat="52.737809" lon="-1.351371"><ele>145.2</ele><time>2025-10-20T11:35:37.000Z</time></trkpt>
      <trkpt lat="52.737821" lon="-1.351379"><ele>145.3</ele><time>2025-10-20T11:35:38.000Z</time></trkpt>
      <trkpt lat="52.737834" lon="-1.351385"><ele>145.3</ele><time>2025-10-20T11:35:39.000Z</time></trkpt>
      <trkpt lat="52.737848" lon="-1.351392"><ele>145.3</ele><time>2025-10-20T11:35:40.000Z</time></trkpt>
      <trkpt lat="52.737861" lon="-1.351399"><ele>145.3</ele><time>2025-10-20T11:35:41.000Z</time></trkpt>
      <trkpt lat="52.737873" lon="-1.351406"><ele>145.3</ele><time>2025-10-20T11:35:42.000Z</time></trkpt>
      <trkpt lat="52.737884" lon="-1.351412"><ele>145.3</ele><time>2025-10-20T11:35:43.000Z</time></trkpt>
      <trkpt lat="52.737894" lon="-1.351417"><ele>145.3</ele><time>2025-10-20T11:35:44.000Z</time></trkpt>
      <trkpt lat="52.737903" lon="-1.351421"><ele>145.3</ele><time>2025-10-20T11:35:45.000Z</time></trkpt>
      <trkpt lat="52.737908" lon="-1.351425"><ele>145.3</ele><time>2025-10-20T11:35:46.000Z</time></trkpt>
      <trkpt lat="52.737912" lon="-1.351428"><ele>145.4</ele><time>2025-10-20T11:35:47.000Z</time></trkpt>
      <trkpt lat="52.737915" lon="-1.351431"><ele>145.4</ele><time>2025-10-20T11:35:48.000Z</time></trkpt>
      <trkpt lat="52.737921" lon="-1.351435"><ele>145.5</ele><time>2025-10-20T11:35:49.000Z</time></trkpt>
      <trkpt lat="52.737930" lon="-1.351439"><ele>145.5</ele><time>2025-10-20T11:35:50.000Z</time></trkpt>
      <trkpt lat="52.737943" lon="-1.351444"><ele>145.5</ele><time>2025-10-20T11:35:51.000Z</time></trkpt>
      <trkpt lat="52.737956" lon="-1.351449"><ele>145.5</ele><time>2025-10-20T11:35:52.000Z</time></trkpt>
      <trkpt lat="52.737969" lon="-1.351454"><ele>145.5</ele><time>2025-10-20T11:35:53.000Z</time></trkpt>
      <trkpt lat="52.737982" lon="-1.351458"><ele>145.5</ele><time>2025-10-20T11:35:54.000Z</time></trkpt>
      <trkpt lat="52.737995" lon="-1.351462"><ele>145.5</ele><time>2025-10-20T11:35:55.000Z</time></trkpt>
      <trkpt lat="52.738007" lon="-1.351466"><ele>145.6</ele><time>2025-10-20T11:35:56.000Z</time></trkpt>
      <trkpt lat="52.738021" lon="-1.351472"><ele>145.6</ele><time>2025-10-20T11:35:57.000Z</time></trkpt>
      <trkpt lat="52.738034" lon="-1.351479"><ele>145.6</ele><time>2025-10-20T11:35:58.000Z</time></trkpt>
      <trkpt lat="52.738047" lon="-1.351487"><ele>145.6</ele><time>2025-10-20T11:35:59.000Z</time></trkpt>
      <trkpt lat="52.738059" lon="-1.351495"><ele>145.6</ele><time>2025-10-20T11:36:00.000Z</time></trkpt>
      <trkpt lat="52.738070" lon="-1.351504"><ele>145.6</ele><time>2025-10-20T11:36:01.000Z</time></trkpt>
      <trkpt lat="52.738081" lon="-1.351512"><ele>145.6</ele><time>2025-10-20T11:36:02.000Z</time></trkpt>
      <trkpt lat="52.738091" lon="-1.351520"><ele>145.5</ele><time>2025-10-20T11:36:03.000Z</time></trkpt>
      <trkpt lat="52.738102" lon="-1.351529"><ele>145.5</ele><time>2025-10-20T11:36:04.000Z</time></trkpt>
      <trkpt lat="52.738113" lon="-1.351538"><ele>145.4</ele><time>2025-10-20T11:36:05.000Z</time></trkpt>
      <trkpt lat="52.738125" lon="-1.351547"><ele>145.3</ele><time>2025-10-20T11:36:06.000Z</time></trkpt>
      <trkpt lat="52.738137" lon="-1.351556"><ele>145.3</ele><time>2025-10-20T11:36:07.000Z</time></trkpt>
      <trkpt lat="52.738149" lon="-1.351564"><ele>145.2</ele><time>2025-10-20T11:36:08.000Z</time></trkpt>
      <trkpt lat="52.738162" lon="-1.351572"><ele>145.1</ele><time>2025-10-20T11:36:09.000Z</time></trkpt>
      <trkpt lat="52.738174" lon="-1.351579"><ele>145.0</ele><time>2025-10-20T11:36:10.000Z</time></trkpt>
      <trkpt lat="52.738186" lon="-1.351585"><ele>145.0</ele><time>2025-10-20T11:36:11.000Z</time></trkpt>
      <trkpt lat="52.738198" lon="-1.351590"><ele>144.9</ele><time>2025-10-20T11:36:12.000Z</time></trkpt>
      <trkpt lat="52.738211" lon="-1.351596"><ele>144.9</ele><time>2025-10-20T11:36:13.000Z</time></trkpt>
      <trkpt lat="52.738224" lon="-1.351601"><ele>144.9</ele><time>2025-10-20T11:36:14.000Z</time></trkpt>
      <trkpt lat="52.738236" lon="-1.351606"><ele>144.8</ele><time>2025-10-20T11:36:15.000Z</time></trkpt>
      <trkpt lat="52.738248" lon="-1.351610"><ele>144.8</ele><time>2025-10-20T11:36:16.000Z</time></trkpt>
      <trkpt lat="52.738261" lon="-1.351614"><ele>144.8</ele><time>2025-10-20T11:36:17.000Z</time></trkpt>
      <trkpt lat="52.738273" lon="-1.351619"><ele>144.8</ele><time>2025-10-20T11:36:18.000Z</time></trkpt>
      <trkpt lat="52.738285" lon="-1.351625"><ele>144.8</ele><time>2025-10-20T11:36:19.000Z</time></trkpt>
      <trkpt lat="52.738296" lon="-1.351631"><ele>144.8</ele><time>2025-10-20T11:36:20.000Z</time></trkpt>
      <trkpt lat="52.738307" lon="-1.351638"><ele>144.8</ele><time>2025-10-20T11:36:21.000Z</time></trkpt>
      <trkpt lat="52.738317" lon="-1.351645"><ele>144.8</ele><time>2025-10-20T11:36:22.000Z</time></trkpt>
      <trkpt lat="52.738328" lon="-1.351651"><ele>144.9</ele><time>2025-10-20T11:36:23.000Z</time></trkpt>
      <trkpt lat="52.738336" lon="-1.351656"><ele>144.9</ele><time>2025-10-20T11:36:24.000Z</time></trkpt>
      <trkpt lat="52.738341" lon="-1.351659"><ele>144.9</ele><time>2025-10-20T11:36:25.000Z</time></trkpt>
      <trkpt lat="52.738345" lon="-1.351662"><ele>144.9</ele><time>2025-10-20T11:36:26.000Z</time></trkpt>
      <trkpt lat="52.738348" lon="-1.351666"><ele>144.9</ele><time>2025-10-20T11:36:27.000Z</time></trkpt>
      <trkpt lat="52.738354" lon="-1.351672"><ele>144.8</ele><time>2025-10-20T11:36:28.000Z</time></trkpt>
      <trkpt lat="52.738363" lon="-1.351681"><ele>144.8</ele><time>2025-10-20T11:36:29.000Z</time></trkpt>
      <trkpt lat="52.738374" lon="-1.351690"><ele>144.8</ele><time>2025-10-20T11:36:30.000Z</time></trkpt>
      <trkpt lat="52.738384" lon="-1.351697"><ele>144.7</ele><time>2025-10-20T11:36:31.000Z</time></trkpt>
      <trkpt lat="52.738393" lon="-1.351704"><ele>144.7</ele><time>2025-10-20T11:36:32.000Z</time></trkpt>
      <trkpt lat="52.738403" lon="-1.351709"><ele>144.6</ele><time>2025-10-20T11:36:33.000Z</time></trkpt>
      <trkpt lat="52.738414" lon="-1.351714"><ele>144.6</ele><time>2025-10-20T11:36:34.000Z</time></trkpt>
      <trkpt lat="52.738428" lon="-1.351720"><ele>144.6</ele><time>2025-10-20T11:36:35.000Z</time></trkpt>
      <trkpt lat="52.738443" lon="-1.351725"><ele>144.5</ele><time>2025-10-20T11:36:36.000Z</time></trkpt>
      <trkpt lat="52.738458" lon="-1.351732"><ele>144.5</ele><time>2025-10-20T11:36:37.000Z</time></trkpt>
      <trkpt lat="52.738473" lon="-1.351739"><ele>144.5</ele><time>2025-10-20T11:36:38.000Z</time></trkpt>
      <trkpt lat="52.738488" lon="-1.351746"><ele>144.5</ele><time>2025-10-20T11:36:39.000Z</time></trkpt>
      <trkpt lat="52.738502" lon="-1.351751"><ele>144.4</ele><time>2025-10-20T11:36:40.000Z</time></trkpt>
      <trkpt lat="52.738514" lon="-1.351755"><ele>144.4</ele><time>2025-10-20T11:36:41.000Z</time></trkpt>
      <trkpt lat="52.738526" lon="-1.351760"><ele>144.4</ele><time>2025-10-20T11:36:42.000Z</time></trkpt>
      <trkpt lat="52.738538" lon="-1.351765"><ele>144.4</ele><time>2025-10-20T11:36:43.000Z</time></trkpt>
      <trkpt lat="52.738550" lon="-1.351772"><ele>144.4</ele><time>2025-10-20T11:36:44.000Z</time></trkpt>
      <trkpt lat="52.738563" lon="-1.351779"><ele>144.3</ele><time>2025-10-20T11:36:45.000Z</time></trkpt>
      <trkpt lat="52.738575" lon="-1.351787"><ele>144.3</ele><time>2025-10-20T11:36:46.000Z</time></trkpt>
      <trkpt lat="52.738587" lon="-1.351796"><ele>144.3</ele><time>2025-10-20T11:36:47.000Z</time></trkpt>
      <trkpt lat="52.738598" lon="-1.351807"><ele>144.2</ele><time>2025-10-20T11:36:48.000Z</time></trkpt>
      <trkpt lat="52.738608" lon="-1.351819"><ele>144.2</ele><time>2025-10-20T11:36:49.000Z</time></trkpt>
      <trkpt lat="52.738618" lon="-1.351832"><ele>144.2</ele><time>2025-10-20T11:36:50.000Z</time></trkpt>
      <trkpt lat="52.738625" lon="-1.351844"><ele>144.1</ele><time>2025-10-20T11:36:51.000Z</time></trkpt>
      <trkpt lat="52.738632" lon="-1.351856"><ele>144.1</ele><time>2025-10-20T11:36:52.000Z</time></trkpt>
      <trkpt lat="52.738635" lon="-1.351865"><ele>144.1</ele><time>2025-10-20T11:36:53.000Z</time></trkpt>
      <trkpt lat="52.738636" lon="-1.351870"><ele>144.0</ele><time>2025-10-20T11:36:54.000Z</time></trkpt>
      <trkpt lat="52.738635" lon="-1.351872"><ele>144.0</ele><time>2025-10-20T11:36:55.000Z</time></trkpt>
      <trkpt lat="52.738634" lon="-1.351872"><ele>143.9</ele><time>2025-10-20T11:36:56.000Z</time></trkpt>
      <trkpt lat="52.738634" lon="-1.351873"><ele>143.8</ele><time>2025-10-20T11:36:57.000Z</time></trkpt>
      <trkpt lat="52.738634" lon="-1.351874"><ele>143.8</ele><time>2025-10-20T11:36:58.000Z</time></trkpt>
      <trkpt lat="52.738636" lon="-1.351879"><ele>143.7</ele><time>2025-10-20T11:36:59.000Z</time></trkpt>
      <trkpt lat="52.738641" lon="-1.351887"><ele>143.7</ele><time>2025-10-20T11:37:00.000Z</time></trkpt>
      <trkpt lat="52.738648" lon="-1.351899"><ele>143.6</ele><time>2025-10-20T11:37:01.000Z</time></trkpt>
      <trkpt lat="52.738657" lon="-1.351913"><ele>143.6</ele><time>2025-10-20T11:37:02.000Z</time></trkpt>
      <trkpt lat="52.738668" lon="-1.351928"><ele>143.5</ele><time>2025-10-20T11:37:03.000Z</time></trkpt>
      <trkpt lat="52.738678" lon="-1.351943"><ele>143.4</ele><time>2025-10-20T11:37:04.000Z</time></trkpt>
      <trkpt lat="52.738689" lon="-1.351957"><ele>143.3</ele><time>2025-10-20T11:37:05.000Z</time></trkpt>
      <trkpt lat="52.738698" lon="-1.351970"><ele>143.2</ele><time>2025-10-20T11:37:06.000Z</time></trkpt>
      <trkpt lat="52.738706" lon="-1.351982"><ele>143.1</ele><time>2025-10-20T11:37:07.000Z</time></trkpt>
      <trkpt lat="52.738716" lon="-1.351996"><ele>142.9</ele><time>2025-10-20T11:37:08.000Z</time></trkpt>
      <trkpt lat="52.738725" lon="-1.352011"><ele>142.8</ele><time>2025-10-20T11:37:09.000Z</time></trkpt>
      <trkpt lat="52.738734" lon="-1.352026"><ele>142.7</ele><time>2025-10-20T11:37:10.000Z</time></trkpt>
      <trkpt lat="52.738744" lon="-1.352040"><ele>142.6</ele><time>2025-10-20T11:37:11.000Z</time></trkpt>
      <trkpt lat="52.738753" lon="-1.352054"><ele>142.6</ele><time>2025-10-20T11:37:12.000Z</time></trkpt>
      <trkpt lat="52.738763" lon="-1.352067"><ele>142.6</ele><time>2025-10-20T11:37:13.000Z</time></trkpt>
      <trkpt lat="52.738774" lon="-1.352078"><ele>142.5</ele><time>2025-10-20T11:37:14.000Z</time></trkpt>
      <trkpt lat="52.738786" lon="-1.352089"><ele>142.5</ele><time>2025-10-20T11:37:15.000Z</time></trkpt>
      <trkpt lat="52.738798" lon="-1.352099"><ele>142.5</ele><time>2025-10-20T11:37:16.000Z</time></trkpt>
      <trkpt lat="52.738808" lon="-1.352110"><ele>142.5</ele><time>2025-10-20T11:37:17.000Z</time></trkpt>
      <trkpt lat="52.738819" lon="-1.352122"><ele>142.5</ele><time>2025-10-20T11:37:18.000Z</time></trkpt>
      <trkpt lat="52.738828" lon="-1.352134"><ele>142.4</ele><time>2025-10-20T11:37:19.000Z</time></trkpt>
      <trkpt lat="52.738838" lon="-1.352146"><ele>142.4</ele><time>2025-10-20T11:37:20.000Z</time></trkpt>
      <trkpt lat="52.738848" lon="-1.352159"><ele>142.3</ele><time>2025-10-20T11:37:21.000Z</time></trkpt>
      <trkpt lat="52.738858" lon="-1.352171"><ele>142.3</ele><time>2025-10-20T11:37:22.000Z</time></trkpt>
      <trkpt lat="52.738866" lon="-1.352183"><ele>142.2</ele><time>2025-10-20T11:37:23.000Z</time></trkpt>
      <trkpt lat="52.738871" lon="-1.352191"><ele>142.2</ele><time>2025-10-20T11:37:24.000Z</time></trkpt>
      <trkpt lat="52.738874" lon="-1.352196"><ele>142.2</ele><time>2025-10-20T11:37:25.000Z</time></trkpt>
      <trkpt lat="52.738878" lon="-1.352203"><ele>142.1</ele><time>2025-10-20T11:37:26.000Z</time></trkpt>
      <trkpt lat="52.738885" lon="-1.352212"><ele>142.1</ele><time>2025-10-20T11:37:27.000Z</time></trkpt>
      <trkpt lat="52.738894" lon="-1.352223"><ele>142.1</ele><time>2025-10-20T11:37:28.000Z</time></trkpt>
      <trkpt lat="52.738904" lon="-1.352235"><ele>142.1</ele><time>2025-10-20T11:37:29.000Z</time></trkpt>
      <trkpt lat="52.738916" lon="-1.352245"><ele>142.0</ele><time>2025-10-20T11:37:30.000Z</time></trkpt>
      <trkpt lat="52.738928" lon="-1.352255"><ele>142.0</ele><time>2025-10-20T11:37:31.000Z</time></trkpt>
      <trkpt lat="52.738940" lon="-1.352264"><ele>141.9</ele><time>2025-10-20T11:37:32.000Z</time></trkpt>
      <trkpt lat="52.738952" lon="-1.352274"><ele>141.9</ele><time>2025-10-20T11:37:33.000Z</time></trkpt>
      <trkpt lat="52.738962" lon="-1.352284"><ele>141.9</ele><time>2025-10-20T11:37:34.000Z</time></trkpt>
      <trkpt lat="52.738971" lon="-1.352293"><ele>141.8</ele><time>2025-10-20T11:37:35.000Z</time></trkpt>
      <trkpt lat="52.738979" lon="-1.352300"><ele>141.8</ele><time>2025-10-20T11:37:36.000Z</time></trkpt>
      <trkpt lat="52.738984" lon="-1.352306"><ele>141.7</ele><time>2025-10-20T11:37:37.000Z</time></trkpt>
      <trkpt lat="52.738989" lon="-1.352314"><ele>141.7</ele><time>2025-10-20T11:37:38.000Z</time></trkpt>
      <trkpt lat="52.738996" lon="-1.352326"><ele>141.6</ele><time>2025-10-20T11:37:39.000Z</time></trkpt>
      <trkpt lat="52.739005" lon="-1.352340"><ele>141.6</ele><time>2025-10-20T11:37:40.000Z</time></trkpt>
      <trkpt lat="52.739015" lon="-1.352355"><ele>141.5</ele><time>2025-10-20T11:37:41.000Z</time></trkpt>
      <trkpt lat="52.739025" lon="-1.352371"><ele>141.4</ele><time>2025-10-20T11:37:42.000Z</time></trkpt>
      <trkpt lat="52.739035" lon="-1.352386"><ele>141.4</ele><time>2025-10-20T11:37:43.000Z</time></trkpt>
      <trkpt lat="52.739046" lon="-1.352400"><ele>141.3</ele><time>2025-10-20T11:37:44.000Z</time></trkpt>
      <trkpt lat="52.739056" lon="-1.352416"><ele>141.3</ele><time>2025-10-20T11:37:45.000Z</time></trkpt>
      <trkpt lat="52.739067" lon="-1.352432"><ele>141.2</ele><time>2025-10-20T11:37:46.000Z</time></trkpt>
      <trkpt lat="52.739077" lon="-1.352450"><ele>141.1</ele><time>2025-10-20T11:37:47.000Z</time></trkpt>
      <trkpt lat="52.739087" lon="-1.352469"><ele>141.0</ele><time>2025-10-20T11:37:48.000Z</time></trkpt>
      <trkpt lat="52.739097" lon="-1.352487"><ele>141.0</ele><time>2025-10-20T11:37:49.000Z</time></trkpt>
      <trkpt lat="52.739106" lon="-1.352505"><ele>140.9</ele><time>2025-10-20T11:37:50.000Z</time></trkpt>
      <trkpt lat="52.739116" lon="-1.352523"><ele>140.9</ele><time>2025-10-20T11:37:51.000Z</time></trkpt>
      <trkpt lat="52.739125" lon="-1.352538"><ele>140.8</ele><time>2025-10-20T11:37:52.000Z</time></trkpt>
      <trkpt lat="52.739133" lon="-1.352549"><ele>140.8</ele><time>2025-10-20T11:37:53.000Z</time></trkpt>
      <trkpt lat="52.739138" lon="-1.352558"><ele>140.7</ele><time>2025-10-20T11:37:54.000Z</time></trkpt>
      <trkpt lat="52.739144" lon="-1.352569"><ele>140.7</ele><time>2025-10-20T11:37:55.000Z</time></trkpt>
      <trkpt lat="52.739152" lon="-1.352584"><ele>140.7</ele><time>2025-10-20T11:37:56.000Z</time></trkpt>
      <trkpt lat="52.739162" lon="-1.352600"><ele>140.7</ele><time>2025-10-20T11:37:57.000Z</time></trkpt>
      <trkpt lat="52.739172" lon="-1.352615"><ele>140.6</ele><time>2025-10-20T11:37:58.000Z</time></trkpt>
      <trkpt lat="52.739183" lon="-1.352628"><ele>140.6</ele><time>2025-10-20T11:37:59.000Z</time></trkpt>
      <trkpt lat="52.739193" lon="-1.352640"><ele>140.6</ele><time>2025-10-20T11:38:00.000Z</time></trkpt>
      <trkpt lat="52.739203" lon="-1.352649"><ele>140.6</ele><time>2025-10-20T11:38:01.000Z</time></trkpt>
      <trkpt lat="52.739210" lon="-1.352656"><ele>140.6</ele><time>2025-10-20T11:38:02.000Z</time></trkpt>
      <trkpt lat="52.739214" lon="-1.352662"><ele>140.5</ele><time>2025-10-20T11:38:03.000Z</time></trkpt>
      <trkpt lat="52.739220" lon="-1.352673"><ele>140.5</ele><time>2025-10-20T11:38:04.000Z</time></trkpt>
      <trkpt lat="52.739228" lon="-1.352688"><ele>140.4</ele><time>2025-10-20T11:38:05.000Z</time></trkpt>
      <trkpt lat="52.739238" lon="-1.352702"><ele>140.4</ele><time>2025-10-20T11:38:06.000Z</time></trkpt>
      <trkpt lat="52.739248" lon="-1.352715"><ele>140.4</ele><time>2025-10-20T11:38:07.000Z</time></trkpt>
      <trkpt lat="52.739257" lon="-1.352729"><ele>140.3</ele><time>2025-10-20T11:38:08.000Z</time></trkpt>
      <trkpt lat="52.739266" lon="-1.352743"><ele>140.3</ele><time>2025-10-20T11:38:09.000Z</time></trkpt>
      <trkpt lat="52.739276" lon="-1.352754"><ele>140.3</ele><time>2025-10-20T11:38:10.000Z</time></trkpt>
      <trkpt lat="52.739285" lon="-1.352763"><ele>140.2</ele><time>2025-10-20T11:38:11.000Z</time></trkpt>
      <trkpt lat="52.739291" lon="-1.352769"><ele>140.1</ele><time>2025-10-20T11:38:12.000Z</time></trkpt>
      <trkpt lat="52.739295" lon="-1.352774"><ele>140.1</ele><time>2025-10-20T11:38:13.000Z</time></trkpt>
      <trkpt lat="52.739304" lon="-1.352781"><ele>140.0</ele><time>2025-10-20T11:38:14.000Z</time></trkpt>
      <trkpt lat="52.739316" lon="-1.352790"><ele>139.9</ele><time>2025-10-20T11:38:15.000Z</time></trkpt>
      <trkpt lat="52.739328" lon="-1.352800"><ele>139.8</ele><time>2025-10-20T11:38:16.000Z</time></trkpt>
      <trkpt lat="52.739341" lon="-1.352809"><ele>139.7</ele><time>2025-10-20T11:38:17.000Z</time></trkpt>
      <trkpt lat="52.739353" lon="-1.352820"><ele>139.7</ele><time>2025-10-20T11:38:18.000Z</time></trkpt>
      <trkpt lat="52.739366" lon="-1.352831"><ele>139.6</ele><time>2025-10-20T11:38:19.000Z</time></trkpt>
      <trkpt lat="52.739378" lon="-1.352844"><ele>139.5</ele><time>2025-10-20T11:38:20.000Z</time></trkpt>
      <trkpt lat="52.739390" lon="-1.352859"><ele>139.4</ele><time>2025-10-20T11:38:21.000Z</time></trkpt>
      <trkpt lat="52.739401" lon="-1.352873"><ele>139.3</ele><time>2025-10-20T11:38:22.000Z</time></trkpt>
      <trkpt lat="52.739411" lon="-1.352886"><ele>139.2</ele><time>2025-10-20T11:38:23.000Z</time></trkpt>
      <trkpt lat="52.739422" lon="-1.352899"><ele>139.1</ele><time>2025-10-20T11:38:24.000Z</time></trkpt>
      <trkpt lat="52.739432" lon="-1.352911"><ele>139.0</ele><time>2025-10-20T11:38:25.000Z</time></trkpt>
      <trkpt lat="52.739443" lon="-1.352924"><ele>138.9</ele><time>2025-10-20T11:38:26.000Z</time></trkpt>
      <trkpt lat="52.739455" lon="-1.352936"><ele>138.9</ele><time>2025-10-20T11:38:27.000Z</time></trkpt>
      <trkpt lat="52.739467" lon="-1.352945"><ele>138.8</ele><time>2025-10-20T11:38:28.000Z</time></trkpt>
      <trkpt lat="52.739480" lon="-1.352951"><ele>138.8</ele><time>2025-10-20T11:38:29.000Z</time></trkpt>
      <trkpt lat="52.739493" lon="-1.352955"><ele>138.8</ele><time>2025-10-20T11:38:30.000Z</time></trkpt>
      <trkpt lat="52.739506" lon="-1.352957"><ele>138.8</ele><time>2025-10-20T11:38:31.000Z</time></trkpt>
      <trkpt lat="52.739520" lon="-1.352957"><ele>138.8</ele><time>2025-10-20T11:38:32.000Z</time></trkpt>
      <trkpt lat="52.739533" lon="-1.352955"><ele>138.9</ele><time>2025-10-20T11:38:33.000Z</time></trkpt>
      <trkpt lat="52.739546" lon="-1.352950"><ele>139.0</ele><time>2025-10-20T11:38:34.000Z</time></trkpt>
      <trkpt lat="52.739558" lon="-1.352943"><ele>139.1</ele><time>2025-10-20T11:38:35.000Z</time></trkpt>
      <trkpt lat="52.739571" lon="-1.352935"><ele>139.3</ele><time>2025-10-20T11:38:36.000Z</time></trkpt>
      <trkpt lat="52.739584" lon="-1.352925"><ele>139.4</ele><time>2025-10-20T11:38:37.000Z</time></trkpt>
      <trkpt lat="52.739597" lon="-1.352912"><ele>139.5</ele><time>2025-10-20T11:38:38.000Z</time></trkpt>
      <trkpt lat="52.739609" lon="-1.352898"><ele>139.6</ele><time>2025-10-20T11:38:39.000Z</time></trkpt>
      <trkpt lat="52.739619" lon="-1.352881"><ele>139.7</ele><time>2025-10-20T11:38:40.000Z</time></trkpt>
      <trkpt lat="52.739628" lon="-1.352863"><ele>139.8</ele><time>2025-10-20T11:38:41.000Z</time></trkpt>
      <trkpt lat="52.739637" lon="-1.352843"><ele>139.9</ele><time>2025-10-20T11:38:42.000Z</time></trkpt>
      <trkpt lat="52.739646" lon="-1.352823"><ele>139.9</ele><time>2025-10-20T11:38:43.000Z</time></trkpt>
      <trkpt lat="52.739656" lon="-1.352804"><ele>140.0</ele><time>2025-10-20T11:38:44.000Z</time></trkpt>
      <trkpt lat="52.739666" lon="-1.352785"><ele>140.0</ele><time>2025-10-20T11:38:45.000Z</time></trkpt>
      <trkpt lat="52.739675" lon="-1.352767"><ele>140.1</ele><time>2025-10-20T11:38:46.000Z</time></trkpt>
      <trkpt lat="52.739684" lon="-1.352748"><ele>140.1</ele><time>2025-10-20T11:38:47.000Z</time></trkpt>
      <trkpt lat="52.739692" lon="-1.352728"><ele>140.1</ele><time>2025-10-20T11:38:48.000Z</time></trkpt>
      <trkpt lat="52.739700" lon="-1.352708"><ele>140.1</ele><time>2025-10-20T11:38:49.000Z</time></trkpt>
      <trkpt lat="52.739708" lon="-1.352688"><ele>140.1</ele><time>2025-10-20T11:38:50.000Z</time></trkpt>
      <trkpt lat="52.739716" lon="-1.352670"><ele>140.1</ele><time>2025-10-20T11:38:51.000Z</time></trkpt>
      <trkpt lat="52.739724" lon="-1.352651"><ele>140.1</ele><time>2025-10-20T11:38:52.000Z</time></trkpt>
      <trkpt lat="52.739731" lon="-1.352631"><ele>140.1</ele><time>2025-10-20T11:38:53.000Z</time></trkpt>
      <trkpt lat="52.739739" lon="-1.352612"><ele>140.1</ele><time>2025-10-20T11:38:54.000Z</time></trkpt>
      <trkpt lat="52.739746" lon="-1.352593"><ele>140.1</ele><time>2025-10-20T11:38:55.000Z</time></trkpt>
      <trkpt lat="52.739753" lon="-1.352574"><ele>140.1</ele><time>2025-10-20T11:38:56.000Z</time></trkpt>
      <trkpt lat="52.739760" lon="-1.352554"><ele>140.1</ele><time>2025-10-20T11:38:57.000Z</time></trkpt>
      <trkpt lat="52.739768" lon="-1.352536"><ele>140.1</ele><time>2025-10-20T11:38:58.000Z</time></trkpt>
      <trkpt lat="52.739776" lon="-1.352518"><ele>140.2</ele><time>2025-10-20T11:38:59.000Z</time></trkpt>
      <trkpt lat="52.739785" lon="-1.352502"><ele>140.2</ele><time>2025-10-20T11:39:00.000Z</time></trkpt>
      <trkpt lat="52.739794" lon="-1.352486"><ele>140.2</ele><time>2025-10-20T11:39:01.000Z</time></trkpt>
      <trkpt lat="52.739803" lon="-1.352470"><ele>140.2</ele><time>2025-10-20T11:39:02.000Z</time></trkpt>
      <trkpt lat="52.739811" lon="-1.352453"><ele>140.3</ele><time>2025-10-20T11:39:03.000Z</time></trkpt>
      <trkpt lat="52.739818" lon="-1.352436"><ele>140.4</ele><time>2025-10-20T11:39:04.000Z</time></trkpt>
      <trkpt lat="52.739823" lon="-1.352417"><ele>140.4</ele><time>2025-10-20T11:39:05.000Z</time></trkpt>
      <trkpt lat="52.739826" lon="-1.352399"><ele>140.6</ele><time>2025-10-20T11:39:06.000Z</time></trkpt>
      <trkpt lat="52.739828" lon="-1.352379"><ele>140.7</ele><time>2025-10-20T11:39:07.000Z</time></trkpt>
      <trkpt lat="52.739829" lon="-1.352358"><ele>140.8</ele><time>2025-10-20T11:39:08.000Z</time></trkpt>
      <trkpt lat="52.739830" lon="-1.352336"><ele>140.9</ele><time>2025-10-20T11:39:09.000Z</time></trkpt>
      <trkpt lat="52.739829" lon="-1.352314"><ele>141.0</ele><time>2025-10-20T11:39:10.000Z</time></trkpt>
      <trkpt lat="52.739828" lon="-1.352294"><ele>141.1</ele><time>2025-10-20T11:39:11.000Z</time></trkpt>
      <trkpt lat="52.739826" lon="-1.352274"><ele>141.2</ele><time>2025-10-20T11:39:12.000Z</time></trkpt>
      <trkpt lat="52.739823" lon="-1.352257"><ele>141.3</ele><time>2025-10-20T11:39:13.000Z</time></trkpt>
      <trkpt lat="52.739819" lon="-1.352243"><ele>141.4</ele><time>2025-10-20T11:39:14.000Z</time></trkpt>
      <trkpt lat="52.739816" lon="-1.352229"><ele>141.4</ele><time>2025-10-20T11:39:15.000Z</time></trkpt>
      <trkpt lat="52.739813" lon="-1.352213"><ele>141.5</ele><time>2025-10-20T11:39:16.000Z</time></trkpt>
      <trkpt lat="52.739811" lon="-1.352196"><ele>141.5</ele><time>2025-10-20T11:39:17.000Z</time></trkpt>
      <trkpt lat="52.739809" lon="-1.352184"><ele>141.5</ele><time>2025-10-20T11:39:18.000Z</time></trkpt>
      <trkpt lat="52.739808" lon="-1.352178"><ele>141.6</ele><time>2025-10-20T11:39:19.000Z</time></trkpt>
      <trkpt lat="52.739806" lon="-1.352170"><ele>141.6</ele><time>2025-10-20T11:39:20.000Z</time></trkpt>
      <trkpt lat="52.739805" lon="-1.352156"><ele>141.7</ele><time>2025-10-20T11:39:21.000Z</time></trkpt>
      <trkpt lat="52.739803" lon="-1.352141"><ele>141.7</ele><time>2025-10-20T11:39:22.000Z</time></trkpt>
      <trkpt lat="52.739801" lon="-1.352132"><ele>141.8</ele><time>2025-10-20T11:39:23.000Z</time></trkpt>
      <trkpt lat="52.739798" lon="-1.352126"><ele>141.8</ele><time>2025-10-20T11:39:24.000Z</time></trkpt>
      <trkpt lat="52.739795" lon="-1.352115"><ele>141.8</ele><time>2025-10-20T11:39:25.000Z</time></trkpt>
      <trkpt lat="52.739792" lon="-1.352100"><ele>141.9</ele><time>2025-10-20T11:39:26.000Z</time></trkpt>
      <trkpt lat="52.739789" lon="-1.352083"><ele>141.9</ele><time>2025-10-20T11:39:27.000Z</time></trkpt>
      <trkpt lat="52.739787" lon="-1.352069"><ele>141.9</ele><time>2025-10-20T11:39:28.000Z</time></trkpt>
      <trkpt lat="52.739786" lon="-1.352064"><ele>142.0</ele><time>2025-10-20T11:39:29.000Z</time></trkpt>
      <trkpt lat="52.739785" lon="-1.352065"><ele>142.0</ele><time>2025-10-20T11:39:30.000Z</time></trkpt>
      <trkpt lat="52.739784" lon="-1.352066"><ele>142.1</ele><time>2025-10-20T11:39:31.000Z</time></trkpt>
      <trkpt lat="52.739785" lon="-1.352066"><ele>142.2</ele><time>2025-10-20T11:39:32.000Z</time></trkpt>
      <trkpt lat="52.739785" lon="-1.352064"><ele>142.2</ele><time>2025-10-20T11:39:33.000Z</time></trkpt>
      <trkpt lat="52.739786" lon="-1.352062"><ele>142.3</ele><time>2025-10-20T11:39:34.000Z</time></trkpt>
      <trkpt lat="52.739787" lon="-1.352060"><ele>142.3</ele><time>2025-10-20T11:39:35.000Z</time></trkpt>
      <trkpt lat="52.739788" lon="-1.352056"><ele>142.3</ele><time>2025-10-20T11:39:36.000Z</time></trkpt>
      <trkpt lat="52.739788" lon="-1.352051"><ele>142.3</ele><time>2025-10-20T11:39:37.000Z</time></trkpt>
      <trkpt lat="52.739787" lon="-1.352042"><ele>142.3</ele><time>2025-10-20T11:39:38.000Z</time></trkpt>
      <trkpt lat="52.739785" lon="-1.352030"><ele>142.4</ele><time>2025-10-20T11:39:39.000Z</time></trkpt>
      <trkpt lat="52.739782" lon="-1.352015"><ele>142.4</ele><time>2025-10-20T11:39:40.000Z</time></trkpt>
      <trkpt lat="52.739779" lon="-1.351997"><ele>142.4</ele><time>2025-10-20T11:39:41.000Z</time></trkpt>
      <trkpt lat="52.739775" lon="-1.351978"><ele>142.4</ele><time>2025-10-20T11:39:42.000Z</time></trkpt>
      <trkpt lat="52.739771" lon="-1.351958"><ele>142.5</ele><time>2025-10-20T11:39:43.000Z</time></trkpt>
      <trkpt lat="52.739767" lon="-1.351937"><ele>142.6</ele><time>2025-10-20T11:39:44.000Z</time></trkpt>
      <trkpt lat="52.739763" lon="-1.351916"><ele>142.6</ele><time>2025-10-20T11:39:45.000Z</time></trkpt>
      <trkpt lat="52.739759" lon="-1.351896"><ele>142.7</ele><time>2025-10-20T11:39:46.000Z</time></trkpt>
      <trkpt lat="52.739754" lon="-1.351875"><ele>142.8</ele><time>2025-10-20T11:39:47.000Z</time></trkpt>
      <trkpt lat="52.739750" lon="-1.351855"><ele>142.9</ele><time>2025-10-20T11:39:48.000Z</time></trkpt>
      <trkpt lat="52.739745" lon="-1.351834"><ele>142.9</ele><time>2025-10-20T11:39:49.000Z</time></trkpt>
      <trkpt lat="52.739741" lon="-1.351814"><ele>143.0</ele><time>2025-10-20T11:39:50.000Z</time></trkpt>
      <trkpt lat="52.739737" lon="-1.351793"><ele>143.1</ele><time>2025-10-20T11:39:51.000Z</time></trkpt>
      <trkpt lat="52.739733" lon="-1.351771"><ele>143.2</ele><time>2025-10-20T11:39:52.000Z</time></trkpt>
      <trkpt lat="52.739730" lon="-1.351749"><ele>143.3</ele><time>2025-10-20T11:39:53.000Z</time></trkpt>
      <trkpt lat="52.739728" lon="-1.351727"><ele>143.4</ele><time>2025-10-20T11:39:54.000Z</time></trkpt>
      <trkpt lat="52.739725" lon="-1.351705"><ele>143.5</ele><time>2025-10-20T11:39:55.000Z</time></trkpt>
      <trkpt lat="52.739723" lon="-1.351683"><ele>143.6</ele><time>2025-10-20T11:39:56.000Z</time></trkpt>
      <trkpt lat="52.739720" lon="-1.351661"><ele>143.7</ele><time>2025-10-20T11:39:57.000Z</time></trkpt>
      <trkpt lat="52.739717" lon="-1.351637"><ele>143.9</ele><time>2025-10-20T11:39:58.000Z</time></trkpt>
      <trkpt lat="52.739715" lon="-1.351613"><ele>144.0</ele><time>2025-10-20T11:39:59.000Z</time></trkpt>
      <trkpt lat="52.739712" lon="-1.351588"><ele>144.1</ele><time>2025-10-20T11:40:00.000Z</time></trkpt>
      <trkpt lat="52.739710" lon="-1.351565"><ele>144.3</ele><time>2025-10-20T11:40:01.000Z</time></trkpt>
      <trkpt lat="52.739705" lon="-1.351547"><ele>144.4</ele><time>2025-10-20T11:40:02.000Z</time></trkpt>
      <trkpt lat="52.739701" lon="-1.351529"><ele>144.5</ele><time>2025-10-20T11:40:03.000Z</time></trkpt>
      <trkpt lat="52.739697" lon="-1.351504"><ele>144.6</ele><time>2025-10-20T11:40:04.000Z</time></trkpt>
      <trkpt lat="52.739695" lon="-1.351479"><ele>144.7</ele><time>2025-10-20T11:40:05.000Z</time></trkpt>
      <trkpt lat="52.739695" lon="-1.351455"><ele>144.8</ele><time>2025-10-20T11:40:06.000Z</time></trkpt>
      <trkpt lat="52.739694" lon="-1.351430"><ele>144.9</ele><time>2025-10-20T11:40:07.000Z</time></trkpt>
      <trkpt lat="52.739695" lon="-1.351406"><ele>145.0</ele><time>2025-10-20T11:40:08.000Z</time></trkpt>
      <trkpt lat="52.739695" lon="-1.351384"><ele>145.1</ele><time>2025-10-20T11:40:09.000Z</time></trkpt>
      <trkpt lat="52.739695" lon="-1.351363"><ele>145.2</ele><time>2025-10-20T11:40:10.000Z</time></trkpt>
      <trkpt lat="52.739695" lon="-1.351344"><ele>145.3</ele><time>2025-10-20T11:40:11.000Z</time></trkpt>
      <trkpt lat="52.739695" lon="-1.351324"><ele>145.4</ele><time>2025-10-20T11:40:12.000Z</time></trkpt>
      <trkpt lat="52.739694" lon="-1.351307"><ele>145.6</ele><time>2025-10-20T11:40:13.000Z</time></trkpt>
      <trkpt lat="52.739693" lon="-1.351295"><ele>145.7</ele><time>2025-10-20T11:40:14.000Z</time></trkpt>
      <trkpt lat="52.739693" lon="-1.351290"><ele>145.8</ele><time>2025-10-20T11:40:15.000Z</time></trkpt>
      <trkpt lat="52.739694" lon="-1.351288"><ele>146.0</ele><time>2025-10-20T11:40:16.000Z</time></trkpt>
      <trkpt lat="52.739695" lon="-1.351286"><ele>146.1</ele><time>2025-10-20T11:40:17.000Z</time></trkpt>
      <trkpt lat="52.739695" lon="-1.351279"><ele>146.1</ele><time>2025-10-20T11:40:18.000Z</time></trkpt>
      <trkpt lat="52.739694" lon="-1.351266"><ele>146.2</ele><time>2025-10-20T11:40:19.000Z</time></trkpt>
      <trkpt lat="52.739692" lon="-1.351246"><ele>146.2</ele><time>2025-10-20T11:40:20.000Z</time></trkpt>
      <trkpt lat="52.739690" lon="-1.351225"><ele>146.3</ele><time>2025-10-20T11:40:21.000Z</time></trkpt>
      <trkpt lat="52.739687" lon="-1.351204"><ele>146.3</ele><time>2025-10-20T11:40:22.000Z</time></trkpt>
      <trkpt lat="52.739684" lon="-1.351182"><ele>146.4</ele><time>2025-10-20T11:40:23.000Z</time></trkpt>
      <trkpt lat="52.739680" lon="-1.351161"><ele>146.5</ele><time>2025-10-20T11:40:24.000Z</time></trkpt>
      <trkpt lat="52.739677" lon="-1.351139"><ele>146.6</ele><time>2025-10-20T11:40:25.000Z</time></trkpt>
      <trkpt lat="52.739673" lon="-1.351119"><ele>146.7</ele><time>2025-10-20T11:40:26.000Z</time></trkpt>
      <trkpt lat="52.739668" lon="-1.351099"><ele>146.8</ele><time>2025-10-20T11:40:27.000Z</time></trkpt>
      <trkpt lat="52.739662" lon="-1.351079"><ele>146.9</ele><time>2025-10-20T11:40:28.000Z</time></trkpt>
      <trkpt lat="52.739657" lon="-1.351058"><ele>147.0</ele><time>2025-10-20T11:40:29.000Z</time></trkpt>
      <trkpt lat="52.739651" lon="-1.351037"><ele>147.1</ele><time>2025-10-20T11:40:30.000Z</time></trkpt>
      <trkpt lat="52.739647" lon="-1.351017"><ele>147.2</ele><time>2025-10-20T11:40:31.000Z</time></trkpt>
      <trkpt lat="52.739642" lon="-1.350997"><ele>147.4</ele><time>2025-10-20T11:40:32.000Z</time></trkpt>
      <trkpt lat="52.739638" lon="-1.350977"><ele>147.5</ele><time>2025-10-20T11:40:33.000Z</time></trkpt>
      <trkpt lat="52.739633" lon="-1.350957"><ele>147.7</ele><time>2025-10-20T11:40:34.000Z</time></trkpt>
      <trkpt lat="52.739627" lon="-1.350937"><ele>147.8</ele><time>2025-10-20T11:40:35.000Z</time></trkpt>
      <trkpt lat="52.739622" lon="-1.350916"><ele>148.0</ele><time>2025-10-20T11:40:36.000Z</time></trkpt>
      <trkpt lat="52.739616" lon="-1.350894"><ele>148.1</ele><time>2025-10-20T11:40:37.000Z</time></trkpt>
      <trkpt lat="52.739611" lon="-1.350872"><ele>148.2</ele><time>2025-10-20T11:40:38.000Z</time></trkpt>
      <trkpt lat="52.739607" lon="-1.350849"><ele>148.4</ele><time>2025-10-20T11:40:39.000Z</time></trkpt>
      <trkpt lat="52.739602" lon="-1.350826"><ele>148.5</ele><time>2025-10-20T11:40:40.000Z</time></trkpt>
      <trkpt lat="52.739597" lon="-1.350803"><ele>148.6</ele><time>2025-10-20T11:40:41.000Z</time></trkpt>
      <trkpt lat="52.739593" lon="-1.350780"><ele>148.7</ele><time>2025-10-20T11:40:42.000Z</time></trkpt>
      <trkpt lat="52.739589" lon="-1.350759"><ele>148.8</ele><time>2025-10-20T11:40:43.000Z</time></trkpt>
      <trkpt lat="52.739586" lon="-1.350738"><ele>149.0</ele><time>2025-10-20T11:40:44.000Z</time></trkpt>
      <trkpt lat="52.739583" lon="-1.350717"><ele>149.1</ele><time>2025-10-20T11:40:45.000Z</time></trkpt>
      <trkpt lat="52.739581" lon="-1.350696"><ele>149.3</ele><time>2025-10-20T11:40:46.000Z</time></trkpt>
      <trkpt lat="52.739580" lon="-1.350673"><ele>149.4</ele><time>2025-10-20T11:40:47.000Z</time></trkpt>
      <trkpt lat="52.739579" lon="-1.350650"><ele>149.6</ele><time>2025-10-20T11:40:48.000Z</time></trkpt>
      <trkpt lat="52.739578" lon="-1.350628"><ele>149.7</ele><time>2025-10-20T11:40:49.000Z</time></trkpt>
      <trkpt lat="52.739575" lon="-1.350606"><ele>149.8</ele><time>2025-10-20T11:40:50.000Z</time></trkpt>
      <trkpt lat="52.739572" lon="-1.350585"><ele>149.9</ele><time>2025-10-20T11:40:51.000Z</time></trkpt>
      <trkpt lat="52.739568" lon="-1.350564"><ele>150.0</ele><time>2025-10-20T11:40:52.000Z</time></trkpt>
      <trkpt lat="52.739565" lon="-1.350544"><ele>150.1</ele><time>2025-10-20T11:40:53.000Z</time></trkpt>
      <trkpt lat="52.739563" lon="-1.350524"><ele>150.2</ele><time>2025-10-20T11:40:54.000Z</time></trkpt>
      <trkpt lat="52.739561" lon="-1.350505"><ele>150.3</ele><time>2025-10-20T11:40:55.000Z</time></trkpt>
      <trkpt lat="52.739558" lon="-1.350486"><ele>150.4</ele><time>2025-10-20T11:40:56.000Z</time></trkpt>
      <trkpt lat="52.739556" lon="-1.350466"><ele>150.5</ele><time>2025-10-20T11:40:57.000Z</time></trkpt>
      <trkpt lat="52.739554" lon="-1.350445"><ele>150.6</ele><time>2025-10-20T11:40:58.000Z</time></trkpt>
      <trkpt lat="52.739551" lon="-1.350425"><ele>150.8</ele><time>2025-10-20T11:40:59.000Z</time></trkpt>
      <trkpt lat="52.739547" lon="-1.350404"><ele>150.9</ele><time>2025-10-20T11:41:00.000Z</time></trkpt>
      <trkpt lat="52.739542" lon="-1.350383"><ele>151.1</ele><time>2025-10-20T11:41:01.000Z</time></trkpt>
      <trkpt lat="52.739536" lon="-1.350361"><ele>151.2</ele><time>2025-10-20T11:41:02.000Z</time></trkpt>
      <trkpt lat="52.739531" lon="-1.350341"><ele>151.3</ele><time>2025-10-20T11:41:03.000Z</time></trkpt>
      <trkpt lat="52.739528" lon="-1.350321"><ele>151.4</ele><time>2025-10-20T11:41:04.000Z</time></trkpt>
      <trkpt lat="52.739525" lon="-1.350302"><ele>151.5</ele><time>2025-10-20T11:41:05.000Z</time></trkpt>
      <trkpt lat="52.739524" lon="-1.350284"><ele>151.6</ele><time>2025-10-20T11:41:06.000Z</time></trkpt>
      <trkpt lat="52.739523" lon="-1.350271"><ele>151.7</ele><time>2025-10-20T11:41:07.000Z</time></trkpt>
      <trkpt lat="52.739525" lon="-1.350264"><ele>151.8</ele><time>2025-10-20T11:41:08.000Z</time></trkpt>
      <trkpt lat="52.739530" lon="-1.350263"><ele>151.9</ele><time>2025-10-20T11:41:09.000Z</time></trkpt>
      <trkpt lat="52.739535" lon="-1.350263"><ele>152.0</ele><time>2025-10-20T11:41:10.000Z</time></trkpt>
      <trkpt lat="52.739541" lon="-1.350261"><ele>152.1</ele><time>2025-10-20T11:41:11.000Z</time></trkpt>
      <trkpt lat="52.739548" lon="-1.350255"><ele>152.2</ele><time>2025-10-20T11:41:12.000Z</time></trkpt>
      <trkpt lat="52.739557" lon="-1.350244"><ele>152.3</ele><time>2025-10-20T11:41:13.000Z</time></trkpt>
      <trkpt lat="52.739567" lon="-1.350227"><ele>152.4</ele><time>2025-10-20T11:41:14.000Z</time></trkpt>
      <trkpt lat="52.739576" lon="-1.350208"><ele>152.5</ele><time>2025-10-20T11:41:15.000Z</time></trkpt>
      <trkpt lat="52.739582" lon="-1.350188"><ele>152.6</ele><time>2025-10-20T11:41:16.000Z</time></trkpt>
      <trkpt lat="52.739586" lon="-1.350166"><ele>152.6</ele><time>2025-10-20T11:41:17.000Z</time></trkpt>
      <trkpt lat="52.739587" lon="-1.350144"><ele>152.7</ele><time>2025-10-20T11:41:18.000Z</time></trkpt>
      <trkpt lat="52.739587" lon="-1.350121"><ele>152.8</ele><time>2025-10-20T11:41:19.000Z</time></trkpt>
      <trkpt lat="52.739585" lon="-1.350097"><ele>152.8</ele><time>2025-10-20T11:41:20.000Z</time></trkpt>
      <trkpt lat="52.739583" lon="-1.350074"><ele>152.9</ele><time>2025-10-20T11:41:21.000Z</time></trkpt>
      <trkpt lat="52.739579" lon="-1.350050"><ele>152.9</ele><time>2025-10-20T11:41:22.000Z</time></trkpt>
      <trkpt lat="52.739574" lon="-1.350029"><ele>153.0</ele><time>2025-10-20T11:41:23.000Z</time></trkpt>
      <trkpt lat="52.739570" lon="-1.350007"><ele>153.1</ele><time>2025-10-20T11:41:24.000Z</time></trkpt>
      <trkpt lat="52.739566" lon="-1.349983"><ele>153.1</ele><time>2025-10-20T11:41:25.000Z</time></trkpt>
      <trkpt lat="52.739562" lon="-1.349962"><ele>153.2</ele><time>2025-10-20T11:41:26.000Z</time></trkpt>
      <trkpt lat="52.739558" lon="-1.349941"><ele>153.3</ele><time>2025-10-20T11:41:27.000Z</time></trkpt>
      <trkpt lat="52.739555" lon="-1.349919"><ele>153.4</ele><time>2025-10-20T11:41:28.000Z</time></trkpt>
      <trkpt lat="52.739552" lon="-1.349899"><ele>153.5</ele><time>2025-10-20T11:41:29.000Z</time></trkpt>
      <trkpt lat="52.739549" lon="-1.349877"><ele>153.7</ele><time>2025-10-20T11:41:30.000Z</time></trkpt>
      <trkpt lat="52.739546" lon="-1.349853"><ele>153.8</ele><time>2025-10-20T11:41:31.000Z</time></trkpt>
      <trkpt lat="52.739543" lon="-1.349831"><ele>153.8</ele><time>2025-10-20T11:41:32.000Z</time></trkpt>
      <trkpt lat="52.739540" lon="-1.349810"><ele>153.9</ele><time>2025-10-20T11:41:33.000Z</time></trkpt>
      <trkpt lat="52.739537" lon="-1.349791"><ele>154.0</ele><time>2025-10-20T11:41:34.000Z</time></trkpt>
      <trkpt lat="52.739535" lon="-1.349772"><ele>154.1</ele><time>2025-10-20T11:41:35.000Z</time></trkpt>
      <trkpt lat="52.739533" lon="-1.349752"><ele>154.2</ele><time>2025-10-20T11:41:36.000Z</time></trkpt>
      <trkpt lat="52.739531" lon="-1.349732"><ele>154.3</ele><time>2025-10-20T11:41:37.000Z</time></trkpt>
      <trkpt lat="52.739528" lon="-1.349715"><ele>154.5</ele><time>2025-10-20T11:41:38.000Z</time></trkpt>
      <trkpt lat="52.739525" lon="-1.349700"><ele>154.6</ele><time>2025-10-20T11:41:39.000Z</time></trkpt>
      <trkpt lat="52.739522" lon="-1.349686"><ele>154.7</ele><time>2025-10-20T11:41:40.000Z</time></trkpt>
      <trkpt lat="52.739520" lon="-1.349670"><ele>154.9</ele><time>2025-10-20T11:41:41.000Z</time></trkpt>
      <trkpt lat="52.739518" lon="-1.349656"><ele>155.0</ele><time>2025-10-20T11:41:42.000Z</time></trkpt>
      <trkpt lat="52.739517" lon="-1.349647"><ele>155.1</ele><time>2025-10-20T11:41:43.000Z</time></trkpt>
      <trkpt lat="52.739516" lon="-1.349642"><ele>155.2</ele><time>2025-10-20T11:41:44.000Z</time></trkpt>
      <trkpt lat="52.739515" lon="-1.349633"><ele>155.4</ele><time>2025-10-20T11:41:45.000Z</time></trkpt>
      <trkpt lat="52.739513" lon="-1.349618"><ele>155.5</ele><time>2025-10-20T11:41:46.000Z</time></trkpt>
      <trkpt lat="52.739511" lon="-1.349598"><ele>155.6</ele><time>2025-10-20T11:41:47.000Z</time></trkpt>
      <trkpt lat="52.739508" lon="-1.349577"><ele>155.8</ele><time>2025-10-20T11:41:48.000Z</time></trkpt>
      <trkpt lat="52.739503" lon="-1.349554"><ele>155.8</ele><time>2025-10-20T11:41:49.000Z</time></trkpt>
      <trkpt lat="52.739499" lon="-1.349532"><ele>155.9</ele><time>2025-10-20T11:41:50.000Z</time></trkpt>
      <trkpt lat="52.739494" lon="-1.349511"><ele>156.0</ele><time>2025-10-20T11:41:51.000Z</time></trkpt>
      <trkpt lat="52.739489" lon="-1.349491"><ele>156.0</ele><time>2025-10-20T11:41:52.000Z</time></trkpt>
      <trkpt lat="52.739485" lon="-1.349473"><ele>156.1</ele><time>2025-10-20T11:41:53.000Z</time></trkpt>
      <trkpt lat="52.739481" lon="-1.349455"><ele>156.2</ele><time>2025-10-20T11:41:54.000Z</time></trkpt>
      <trkpt lat="52.739476" lon="-1.349434"><ele>156.3</ele><time>2025-10-20T11:41:55.000Z</time></trkpt>
      <trkpt lat="52.739472" lon="-1.349412"><ele>156.4</ele><time>2025-10-20T11:41:56.000Z</time></trkpt>
      <trkpt lat="52.739469" lon="-1.349392"><ele>156.5</ele><time>2025-10-20T11:41:57.000Z</time></trkpt>
      <trkpt lat="52.739466" lon="-1.349371"><ele>156.7</ele><time>2025-10-20T11:41:58.000Z</time></trkpt>
      <trkpt lat="52.739463" lon="-1.349349"><ele>156.8</ele><time>2025-10-20T11:41:59.000Z</time></trkpt>
      <trkpt lat="52.739460" lon="-1.349328"><ele>156.9</ele><time>2025-10-20T11:42:00.000Z</time></trkpt>
      <trkpt lat="52.739457" lon="-1.349307"><ele>157.1</ele><time>2025-10-20T11:42:01.000Z</time></trkpt>
      <trkpt lat="52.739454" lon="-1.349286"><ele>157.2</ele><time>2025-10-20T11:42:02.000Z</time></trkpt>
      <trkpt lat="52.739451" lon="-1.349265"><ele>157.3</ele><time>2025-10-20T11:42:03.000Z</time></trkpt>
      <trkpt lat="52.739448" lon="-1.349244"><ele>157.4</ele><time>2025-10-20T11:42:04.000Z</time></trkpt>
      <trkpt lat="52.739446" lon="-1.349222"><ele>157.6</ele><time>2025-10-20T11:42:05.000Z</time></trkpt>
      <trkpt lat="52.739444" lon="-1.349200"><ele>157.7</ele><time>2025-10-20T11:42:06.000Z</time></trkpt>
      <trkpt lat="52.739442" lon="-1.349177"><ele>157.8</ele><time>2025-10-20T11:42:07.000Z</time></trkpt>
      <trkpt lat="52.739439" lon="-1.349155"><ele>157.9</ele><time>2025-10-20T11:42:08.000Z</time></trkpt>
      <trkpt lat="52.739437" lon="-1.349134"><ele>158.0</ele><time>2025-10-20T11:42:09.000Z</time></trkpt>
      <trkpt lat="52.739434" lon="-1.349112"><ele>158.1</ele><time>2025-10-20T11:42:10.000Z</time></trkpt>
      <trkpt lat="52.739431" lon="-1.349091"><ele>158.2</ele><time>2025-10-20T11:42:11.000Z</time></trkpt>
      <trkpt lat="52.739427" lon="-1.349070"><ele>158.4</ele><time>2025-10-20T11:42:12.000Z</time></trkpt>
      <trkpt lat="52.739424" lon="-1.349048"><ele>158.5</ele><time>2025-10-20T11:42:13.000Z</time></trkpt>
      <trkpt lat="52.739420" lon="-1.349027"><ele>158.6</ele><time>2025-10-20T11:42:14.000Z</time></trkpt>
      <trkpt lat="52.739417" lon="-1.349007"><ele>158.7</ele><time>2025-10-20T11:42:15.000Z</time></trkpt>
      <trkpt lat="52.739413" lon="-1.348988"><ele>158.8</ele><time>2025-10-20T11:42:16.000Z</time></trkpt>
      <trkpt lat="52.739408" lon="-1.348969"><ele>158.9</ele><time>2025-10-20T11:42:17.000Z</time></trkpt>
      <trkpt lat="52.739405" lon="-1.348950"><ele>159.0</ele><time>2025-10-20T11:42:18.000Z</time></trkpt>
      <trkpt lat="52.739402" lon="-1.348932"><ele>159.1</ele><time>2025-10-20T11:42:19.000Z</time></trkpt>
      <trkpt lat="52.739401" lon="-1.348916"><ele>159.2</ele><time>2025-10-20T11:42:20.000Z</time></trkpt>
      <trkpt lat="52.739402" lon="-1.348904"><ele>159.3</ele><time>2025-10-20T11:42:21.000Z</time></trkpt>
      <trkpt lat="52.739404" lon="-1.348893"><ele>159.4</ele><time>2025-10-20T11:42:22.000Z</time></trkpt>
      <trkpt lat="52.739406" lon="-1.348877"><ele>159.5</ele><time>2025-10-20T11:42:23.000Z</time></trkpt>
      <trkpt lat="52.739407" lon="-1.348857"><ele>159.6</ele><time>2025-10-20T11:42:24.000Z</time></trkpt>
      <trkpt lat="52.739408" lon="-1.348836"><ele>159.7</ele><time>2025-10-20T11:42:25.000Z</time></trkpt>
      <trkpt lat="52.739407" lon="-1.348818"><ele>159.7</ele><time>2025-10-20T11:42:26.000Z</time></trkpt>
      <trkpt lat="52.739405" lon="-1.348803"><ele>159.8</ele><time>2025-10-20T11:42:27.000Z</time></trkpt>
      <trkpt lat="52.739404" lon="-1.348794"><ele>159.9</ele><time>2025-10-20T11:42:28.000Z</time></trkpt>
      <trkpt lat="52.739402" lon="-1.348788"><ele>159.9</ele><time>2025-10-20T11:42:29.000Z</time></trkpt>
      <trkpt lat="52.739398" lon="-1.348779"><ele>160.0</ele><time>2025-10-20T11:42:30.000Z</time></trkpt>
      <trkpt lat="52.739393" lon="-1.348764"><ele>160.1</ele><time>2025-10-20T11:42:31.000Z</time></trkpt>
      <trkpt lat="52.739388" lon="-1.348744"><ele>160.1</ele><time>2025-10-20T11:42:32.000Z</time></trkpt>
      <trkpt lat="52.739382" lon="-1.348722"><ele>160.2</ele><time>2025-10-20T11:42:33.000Z</time></trkpt>
      <trkpt lat="52.739376" lon="-1.348700"><ele>160.3</ele><time>2025-10-20T11:42:34.000Z</time></trkpt>
      <trkpt lat="52.739371" lon="-1.348678"><ele>160.3</ele><time>2025-10-20T11:42:35.000Z</time></trkpt>
      <trkpt lat="52.739366" lon="-1.348658"><ele>160.5</ele><time>2025-10-20T11:42:36.000Z</time></trkpt>
      <trkpt lat="52.739362" lon="-1.348637"><ele>160.6</ele><time>2025-10-20T11:42:37.000Z</time></trkpt>
      <trkpt lat="52.739356" lon="-1.348618"><ele>160.8</ele><time>2025-10-20T11:42:38.000Z</time></trkpt>
      <trkpt lat="52.739350" lon="-1.348599"><ele>160.9</ele><time>2025-10-20T11:42:39.000Z</time></trkpt>
      <trkpt lat="52.739343" lon="-1.348580"><ele>161.0</ele><time>2025-10-20T11:42:40.000Z</time></trkpt>
      <trkpt lat="52.739336" lon="-1.348562"><ele>161.1</ele><time>2025-10-20T11:42:41.000Z</time></trkpt>
      <trkpt lat="52.739329" lon="-1.348543"><ele>161.2</ele><time>2025-10-20T11:42:42.000Z</time></trkpt>
      <trkpt lat="52.739323" lon="-1.348525"><ele>161.2</ele><time>2025-10-20T11:42:43.000Z</time></trkpt>
      <trkpt lat="52.739318" lon="-1.348505"><ele>161.3</ele><time>2025-10-20T11:42:44.000Z</time></trkpt>
      <trkpt lat="52.739313" lon="-1.348484"><ele>161.3</ele><time>2025-10-20T11:42:45.000Z</time></trkpt>
      <trkpt lat="52.739309" lon="-1.348463"><ele>161.3</ele><time>2025-10-20T11:42:46.000Z</time></trkpt>
      <trkpt lat="52.739306" lon="-1.348441"><ele>161.3</ele><time>2025-10-20T11:42:47.000Z</time></trkpt>
      <trkpt lat="52.739303" lon="-1.348421"><ele>161.3</ele><time>2025-10-20T11:42:48.000Z</time></trkpt>
      <trkpt lat="52.739299" lon="-1.348401"><ele>161.3</ele><time>2025-10-20T11:42:49.000Z</time></trkpt>
      <trkpt lat="52.739294" lon="-1.348382"><ele>161.4</ele><time>2025-10-20T11:42:50.000Z</time></trkpt>
      <trkpt lat="52.739288" lon="-1.348363"><ele>161.4</ele><time>2025-10-20T11:42:51.000Z</time></trkpt>
      <trkpt lat="52.739283" lon="-1.348343"><ele>161.5</ele><time>2025-10-20T11:42:52.000Z</time></trkpt>
      <trkpt lat="52.739278" lon="-1.348322"><ele>161.5</ele><time>2025-10-20T11:42:53.000Z</time></trkpt>
      <trkpt lat="52.739274" lon="-1.348300"><ele>161.6</ele><time>2025-10-20T11:42:54.000Z</time></trkpt>
      <trkpt lat="52.739270" lon="-1.348277"><ele>161.7</ele><time>2025-10-20T11:42:55.000Z</time></trkpt>
      <trkpt lat="52.739267" lon="-1.348255"><ele>161.7</ele><time>2025-10-20T11:42:56.000Z</time></trkpt>
      <trkpt lat="52.739264" lon="-1.348233"><ele>161.8</ele><time>2025-10-20T11:42:57.000Z</time></trkpt>
      <trkpt lat="52.739262" lon="-1.348211"><ele>161.8</ele><time>2025-10-20T11:42:58.000Z</time></trkpt>
      <trkpt lat="52.739260" lon="-1.348189"><ele>161.9</ele><time>2025-10-20T11:42:59.000Z</time></trkpt>
      <trkpt lat="52.739257" lon="-1.348166"><ele>162.0</ele><time>2025-10-20T11:43:00.000Z</time></trkpt>
      <trkpt lat="52.739253" lon="-1.348144"><ele>162.1</ele><time>2025-10-20T11:43:01.000Z</time></trkpt>
      <trkpt lat="52.739248" lon="-1.348123"><ele>162.2</ele><time>2025-10-20T11:43:02.000Z</time></trkpt>
      <trkpt lat="52.739244" lon="-1.348101"><ele>162.3</ele><time>2025-10-20T11:43:03.000Z</time></trkpt>
      <trkpt lat="52.739240" lon="-1.348080"><ele>162.4</ele><time>2025-10-20T11:43:04.000Z</time></trkpt>
      <trkpt lat="52.739235" lon="-1.348058"><ele>162.4</ele><time>2025-10-20T11:43:05.000Z</time></trkpt>
      <trkpt lat="52.739232" lon="-1.348036"><ele>162.5</ele><time>2025-10-20T11:43:06.000Z</time></trkpt>
      <trkpt lat="52.739229" lon="-1.348015"><ele>162.6</ele><time>2025-10-20T11:43:07.000Z</time></trkpt>
      <trkpt lat="52.739226" lon="-1.347993"><ele>162.7</ele><time>2025-10-20T11:43:08.000Z</time></trkpt>
      <trkpt lat="52.739223" lon="-1.347971"><ele>162.7</ele><time>2025-10-20T11:43:09.000Z</time></trkpt>
      <trkpt lat="52.739219" lon="-1.347950"><ele>162.8</ele><time>2025-10-20T11:43:10.000Z</time></trkpt>
      <trkpt lat="52.739215" lon="-1.347931"><ele>162.9</ele><time>2025-10-20T11:43:11.000Z</time></trkpt>
      <trkpt lat="52.739211" lon="-1.347911"><ele>163.0</ele><time>2025-10-20T11:43:12.000Z</time></trkpt>
      <trkpt lat="52.739207" lon="-1.347889"><ele>163.0</ele><time>2025-10-20T11:43:13.000Z</time></trkpt>
      <trkpt lat="52.739204" lon="-1.347868"><ele>163.1</ele><time>2025-10-20T11:43:14.000Z</time></trkpt>
      <trkpt lat="52.739201" lon="-1.347848"><ele>163.2</ele><time>2025-10-20T11:43:15.000Z</time></trkpt>
      <trkpt lat="52.739199" lon="-1.347827"><ele>163.2</ele><time>2025-10-20T11:43:16.000Z</time></trkpt>
      <trkpt lat="52.739196" lon="-1.347806"><ele>163.3</ele><time>2025-10-20T11:43:17.000Z</time></trkpt>
      <trkpt lat="52.739193" lon="-1.347786"><ele>163.4</ele><time>2025-10-20T11:43:18.000Z</time></trkpt>
      <trkpt lat="52.739188" lon="-1.347766"><ele>163.5</ele><time>2025-10-20T11:43:19.000Z</time></trkpt>
      <trkpt lat="52.739184" lon="-1.347746"><ele>163.5</ele><time>2025-10-20T11:43:20.000Z</time></trkpt>
      <trkpt lat="52.739180" lon="-1.347726"><ele>163.6</ele><time>2025-10-20T11:43:21.000Z</time></trkpt>
      <trkpt lat="52.739176" lon="-1.347707"><ele>163.7</ele><time>2025-10-20T11:43:22.000Z</time></trkpt>
      <trkpt lat="52.739173" lon="-1.347687"><ele>163.7</ele><time>2025-10-20T11:43:23.000Z</time></trkpt>
      <trkpt lat="52.739170" lon="-1.347670"><ele>163.8</ele><time>2025-10-20T11:43:24.000Z</time></trkpt>
      <trkpt lat="52.739169" lon="-1.347657"><ele>163.9</ele><time>2025-10-20T11:43:25.000Z</time></trkpt>
      <trkpt lat="52.739170" lon="-1.347647"><ele>163.9</ele><time>2025-10-20T11:43:26.000Z</time></trkpt>
      <trkpt lat="52.739174" lon="-1.347638"><ele>164.0</ele><time>2025-10-20T11:43:27.000Z</time></trkpt>
      <trkpt lat="52.739181" lon="-1.347630"><ele>164.1</ele><time>2025-10-20T11:43:28.000Z</time></trkpt>
      <trkpt lat="52.739190" lon="-1.347624"><ele>164.1</ele><time>2025-10-20T11:43:29.000Z</time></trkpt>
      <trkpt lat="52.739202" lon="-1.347618"><ele>164.1</ele><time>2025-10-20T11:43:30.000Z</time></trkpt>
      <trkpt lat="52.739215" lon="-1.347613"><ele>164.2</ele><time>2025-10-20T11:43:31.000Z</time></trkpt>
      <trkpt lat="52.739228" lon="-1.347608"><ele>164.3</ele><time>2025-10-20T11:43:32.000Z</time></trkpt>
      <trkpt lat="52.739240" lon="-1.347603"><ele>164.4</ele><time>2025-10-20T11:43:33.000Z</time></trkpt>
      <trkpt lat="52.739252" lon="-1.347596"><ele>164.5</ele><time>2025-10-20T11:43:34.000Z</time></trkpt>
      <trkpt lat="52.739265" lon="-1.347589"><ele>164.6</ele><time>2025-10-20T11:43:35.000Z</time></trkpt>
      <trkpt lat="52.739278" lon="-1.347581"><ele>164.7</ele><time>2025-10-20T11:43:36.000Z</time></trkpt>
      <trkpt lat="52.739292" lon="-1.347573"><ele>164.8</ele><time>2025-10-20T11:43:37.000Z</time></trkpt>
      <trkpt lat="52.739304" lon="-1.347567"><ele>164.9</ele><time>2025-10-20T11:43:38.000Z</time></trkpt>
      <trkpt lat="52.739316" lon="-1.347561"><ele>165.1</ele><time>2025-10-20T11:43:39.000Z</time></trkpt>
      <trkpt lat="52.739328" lon="-1.347556"><ele>165.2</ele><time>2025-10-20T11:43:40.000Z</time></trkpt>
      <trkpt lat="52.739341" lon="-1.347551"><ele>165.3</ele><time>2025-10-20T11:43:41.000Z</time></trkpt>
      <trkpt lat="52.739354" lon="-1.347547"><ele>165.4</ele><time>2025-10-20T11:43:42.000Z</time></trkpt>
      <trkpt lat="52.739366" lon="-1.347543"><ele>165.5</ele><time>2025-10-20T11:43:43.000Z</time></trkpt>
      <trkpt lat="52.739377" lon="-1.347539"><ele>165.6</ele><time>2025-10-20T11:43:44.000Z</time></trkpt>
      <trkpt lat="52.739388" lon="-1.347532"><ele>165.7</ele><time>2025-10-20T11:43:45.000Z</time></trkpt>
      <trkpt lat="52.739400" lon="-1.347523"><ele>165.8</ele><time>2025-10-20T11:43:46.000Z</time></trkpt>
      <trkpt lat="52.739412" lon="-1.347514"><ele>165.9</ele><time>2025-10-20T11:43:47.000Z</time></trkpt>
      <trkpt lat="52.739423" lon="-1.347505"><ele>165.9</ele><time>2025-10-20T11:43:48.000Z</time></trkpt>
      <trkpt lat="52.739435" lon="-1.347496"><ele>166.0</ele><time>2025-10-20T11:43:49.000Z</time></trkpt>
      <trkpt lat="52.739446" lon="-1.347488"><ele>166.1</ele><time>2025-10-20T11:43:50.000Z</time></trkpt>
      <trkpt lat="52.739457" lon="-1.347481"><ele>166.2</ele><time>2025-10-20T11:43:51.000Z</time></trkpt>
      <trkpt lat="52.739468" lon="-1.347474"><ele>166.2</ele><time>2025-10-20T11:43:52.000Z</time></trkpt>
      <trkpt lat="52.739480" lon="-1.347468"><ele>166.3</ele><time>2025-10-20T11:43:53.000Z</time></trkpt>
      <trkpt lat="52.739493" lon="-1.347461"><ele>166.4</ele><time>2025-10-20T11:43:54.000Z</time></trkpt>
      <trkpt lat="52.739505" lon="-1.347455"><ele>166.5</ele><time>2025-10-20T11:43:55.000Z</time></trkpt>
      <trkpt lat="52.739517" lon="-1.347449"><ele>166.5</ele><time>2025-10-20T11:43:56.000Z</time></trkpt>
      <trkpt lat="52.739529" lon="-1.347442"><ele>166.6</ele><time>2025-10-20T11:43:57.000Z</time></trkpt>
      <trkpt lat="52.739540" lon="-1.347433"><ele>166.7</ele><time>2025-10-20T11:43:58.000Z</time></trkpt>
      <trkpt lat="52.739552" lon="-1.347424"><ele>166.8</ele><time>2025-10-20T11:43:59.000Z</time></trkpt>
      <trkpt lat="52.739564" lon="-1.347414"><ele>166.8</ele><time>2025-10-20T11:44:00.000Z</time></trkpt>
      <trkpt lat="52.739575" lon="-1.347404"><ele>166.9</ele><time>2025-10-20T11:44:01.000Z</time></trkpt>
      <trkpt lat="52.739586" lon="-1.347395"><ele>166.9</ele><time>2025-10-20T11:44:02.000Z</time></trkpt>
      <trkpt lat="52.739596" lon="-1.347386"><ele>167.0</ele><time>2025-10-20T11:44:03.000Z</time></trkpt>
      <trkpt lat="52.739605" lon="-1.347379"><ele>167.0</ele><time>2025-10-20T11:44:04.000Z</time></trkpt>
      <trkpt lat="52.739612" lon="-1.347372"><ele>167.1</ele><time>2025-10-20T11:44:05.000Z</time></trkpt>
      <trkpt lat="52.739616" lon="-1.347369"><ele>167.1</ele><time>2025-10-20T11:44:06.000Z</time></trkpt>
      <trkpt lat="52.739618" lon="-1.347369"><ele>167.2</ele><time>2025-10-20T11:44:07.000Z</time></trkpt>
      <trkpt lat="52.739619" lon="-1.347371"><ele>167.3</ele><time>2025-10-20T11:44:08.000Z</time></trkpt>
      <trkpt lat="52.739621" lon="-1.347372"><ele>167.4</ele><time>2025-10-20T11:44:09.000Z</time></trkpt>
      <trkpt lat="52.739626" lon="-1.347371"><ele>167.4</ele><time>2025-10-20T11:44:10.000Z</time></trkpt>
      <trkpt lat="52.739636" lon="-1.347366"><ele>167.5</ele><time>2025-10-20T11:44:11.000Z</time></trkpt>
      <trkpt lat="52.739648" lon="-1.347359"><ele>167.6</ele><time>2025-10-20T11:44:12.000Z</time></trkpt>
      <trkpt lat="52.739661" lon="-1.347350"><ele>167.6</ele><time>2025-10-20T11:44:13.000Z</time></trkpt>
      <trkpt lat="52.739672" lon="-1.347340"><ele>167.6</ele><time>2025-10-20T11:44:14.000Z</time></trkpt>
      <trkpt lat="52.739682" lon="-1.347329"><ele>167.6</ele><time>2025-10-20T11:44:15.000Z</time></trkpt>
      <trkpt lat="52.739692" lon="-1.347318"><ele>167.6</ele><time>2025-10-20T11:44:16.000Z</time></trkpt>
      <trkpt lat="52.739701" lon="-1.347306"><ele>167.7</ele><time>2025-10-20T11:44:17.000Z</time></trkpt>
      <trkpt lat="52.739709" lon="-1.347294"><ele>167.8</ele><time>2025-10-20T11:44:18.000Z</time></trkpt>
      <trkpt lat="52.739716" lon="-1.347283"><ele>167.9</ele><time>2025-10-20T11:44:19.000Z</time></trkpt>
      <trkpt lat="52.739722" lon="-1.347274"><ele>167.9</ele><time>2025-10-20T11:44:20.000Z</time></trkpt>
      <trkpt lat="52.739726" lon="-1.347267"><ele>168.1</ele><time>2025-10-20T11:44:21.000Z</time></trkpt>
      <trkpt lat="52.739727" lon="-1.347263"><ele>168.1</ele><time>2025-10-20T11:44:22.000Z</time></trkpt>
      <trkpt lat="52.739729" lon="-1.347259"><ele>168.2</ele><time>2025-10-20T11:44:23.000Z</time></trkpt>
      <trkpt lat="52.739731" lon="-1.347255"><ele>168.3</ele><time>2025-10-20T11:44:24.000Z</time></trkpt>
      <trkpt lat="52.739733" lon="-1.347254"><ele>168.4</ele><time>2025-10-20T11:44:25.000Z</time></trkpt>
      <trkpt lat="52.739734" lon="-1.347253"><ele>168.4</ele><time>2025-10-20T11:44:26.000Z</time></trkpt>
      <trkpt lat="52.739735" lon="-1.347252"><ele>168.4</ele><time>2025-10-20T11:44:27.000Z</time></trkpt>
      <trkpt lat="52.739735" lon="-1.347251"><ele>168.5</ele><time>2025-10-20T11:44:28.000Z</time></trkpt>
      <trkpt lat="52.739736" lon="-1.347251"><ele>168.5</ele><time>2025-10-20T11:44:29.000Z</time></trkpt>
      <trkpt lat="52.739736" lon="-1.347250"><ele>168.5</ele><time>2025-10-20T11:44:30.000Z</time></trkpt>
      <trkpt lat="52.739737" lon="-1.347249"><ele>168.5</ele><time>2025-10-20T11:44:31.000Z</time></trkpt>
      <trkpt lat="52.739737" lon="-1.347248"><ele>168.6</ele><time>2025-10-20T11:44:32.000Z</time></trkpt>
      <trkpt lat="52.739738" lon="-1.347248"><ele>168.6</ele><time>2025-10-20T11:44:33.000Z</time></trkpt>
      <trkpt lat="52.739738" lon="-1.347248"><ele>168.6</ele><time>2025-10-20T11:44:34.000Z</time></trkpt>
      <trkpt lat="52.739738" lon="-1.347248"><ele>168.6</ele><time>2025-10-20T11:44:35.000Z</time></trkpt>
      <trkpt lat="52.739738" lon="-1.347248"><ele>168.7</ele><time>2025-10-20T11:44:36.000Z</time></trkpt>
      <trkpt lat="52.739738" lon="-1.347248"><ele>168.7</ele><time>2025-10-20T11:44:37.000Z</time></trkpt>
      <trkpt lat="52.739738" lon="-1.347248"><ele>168.7</ele><time>2025-10-20T11:44:38.000Z</time></trkpt>
      <trkpt lat="52.739738" lon="-1.347248"><ele>168.7</ele><time>2025-10-20T11:44:39.000Z</time></trkpt>
      <trkpt lat="52.739738" lon="-1.347249"><ele>168.7</ele><time>2025-10-20T11:44:40.000Z</time></trkpt>
      <trkpt lat="52.739738" lon="-1.347250"><ele>168.7</ele><time>2025-10-20T11:44:41.000Z</time></trkpt>
      <trkpt lat="52.739737" lon="-1.347250"><ele>168.7</ele><time>2025-10-20T11:44:42.000Z</time></trkpt>
      <trkpt lat="52.739737" lon="-1.347252"><ele>168.7</ele><time>2025-10-20T11:44:43.000Z</time></trkpt>
      <trkpt lat="52.739736" lon="-1.347253"><ele>168.7</ele><time>2025-10-20T11:44:44.000Z</time></trkpt>
      <trkpt lat="52.739736" lon="-1.347254"><ele>168.7</ele><time>2025-10-20T11:44:45.000Z</time></trkpt>
      <trkpt lat="52.739736" lon="-1.347255"><ele>168.7</ele><time>2025-10-20T11:44:46.000Z</time></trkpt>
      <trkpt lat="52.739736" lon="-1.347256"><ele>168.7</ele><time>2025-10-20T11:44:47.000Z</time></trkpt>
      <trkpt lat="52.739736" lon="-1.347256"><ele>168.7</ele><time>2025-10-20T11:44:48.000Z</time></trkpt>
      <trkpt lat="52.739737" lon="-1.347257"><ele>168.7</ele><time>2025-10-20T11:44:49.000Z</time></trkpt>
      <trkpt lat="52.739738" lon="-1.347257"><ele>168.7</ele><time>2025-10-20T11:44:50.000Z</time></trkpt>
      <trkpt lat="52.739739" lon="-1.347258"><ele>168.7</ele><time>2025-10-20T11:44:51.000Z</time></trkpt>
      <trkpt lat="52.739740" lon="-1.347258"><ele>168.7</ele><time>2025-10-20T11:44:52.000Z</time></trkpt>
      <trkpt lat="52.739742" lon="-1.347258"><ele>168.7</ele><time>2025-10-20T11:44:53.000Z</time></trkpt>
      <trkpt lat="52.739743" lon="-1.347257"><ele>168.7</ele><time>2025-10-20T11:44:54.000Z</time></trkpt>
      <trkpt lat="52.739744" lon="-1.347256"><ele>168.7</ele><time>2025-10-20T11:44:55.000Z</time></trkpt>
      <trkpt lat="52.739744" lon="-1.347255"><ele>168.7</ele><time>2025-10-20T11:44:56.000Z</time></trkpt>
      <trkpt lat="52.739744" lon="-1.347254"><ele>168.8</ele><time>2025-10-20T11:44:57.000Z</time></trkpt>
      <trkpt lat="52.739743" lon="-1.347253"><ele>168.8</ele><time>2025-10-20T11:44:58.000Z</time></trkpt>
      <trkpt lat="52.739742" lon="-1.347252"><ele>168.8</ele><time>2025-10-20T11:44:59.000Z</time></trkpt>
      <trkpt lat="52.739741" lon="-1.347250"><ele>168.8</ele><time>2025-10-20T11:45:00.000Z</time></trkpt>
      <trkpt lat="52.739742" lon="-1.347248"><ele>168.8</ele><time>2025-10-20T11:45:01.000Z</time></trkpt>
      <trkpt lat="52.739743" lon="-1.347245"><ele>168.8</ele><time>2025-10-20T11:45:02.000Z</time></trkpt>
      <trkpt lat="52.739747" lon="-1.347240"><ele>168.7</ele><time>2025-10-20T11:45:03.000Z</time></trkpt>
      <trkpt lat="52.739754" lon="-1.347234"><ele>168.7</ele><time>2025-10-20T11:45:04.000Z</time></trkpt>
      <trkpt lat="52.739764" lon="-1.347225"><ele>168.7</ele><time>2025-10-20T11:45:05.000Z</time></trkpt>
      <trkpt lat="52.739774" lon="-1.347214"><ele>168.6</ele><time>2025-10-20T11:45:06.000Z</time></trkpt>
      <trkpt lat="52.739785" lon="-1.347204"><ele>168.6</ele><time>2025-10-20T11:45:07.000Z</time></trkpt>
      <trkpt lat="52.739795" lon="-1.347194"><ele>168.6</ele><time>2025-10-20T11:45:08.000Z</time></trkpt>
      <trkpt lat="52.739806" lon="-1.347185"><ele>168.6</ele><time>2025-10-20T11:45:09.000Z</time></trkpt>
      <trkpt lat="52.739816" lon="-1.347175"><ele>168.7</ele><time>2025-10-20T11:45:10.000Z</time></trkpt>
      <trkpt lat="52.739826" lon="-1.347166"><ele>168.7</ele><time>2025-10-20T11:45:11.000Z</time></trkpt>
      <trkpt lat="52.739835" lon="-1.347156"><ele>168.8</ele><time>2025-10-20T11:45:12.000Z</time></trkpt>
      <trkpt lat="52.739844" lon="-1.347147"><ele>168.9</ele><time>2025-10-20T11:45:13.000Z</time></trkpt>
      <trkpt lat="52.739854" lon="-1.347136"><ele>168.9</ele><time>2025-10-20T11:45:14.000Z</time></trkpt>
      <trkpt lat="52.739866" lon="-1.347124"><ele>169.0</ele><time>2025-10-20T11:45:15.000Z</time></trkpt>
      <trkpt lat="52.739877" lon="-1.347112"><ele>169.0</ele><time>2025-10-20T11:45:16.000Z</time></trkpt>
      <trkpt lat="52.739886" lon="-1.347103"><ele>169.1</ele><time>2025-10-20T11:45:17.000Z</time></trkpt>
      <trkpt lat="52.739895" lon="-1.347094"><ele>169.3</ele><time>2025-10-20T11:45:18.000Z</time></trkpt>
      <trkpt lat="52.739902" lon="-1.347085"><ele>169.4</ele><time>2025-10-20T11:45:19.000Z</time></trkpt>
      <trkpt lat="52.739910" lon="-1.347075"><ele>169.6</ele><time>2025-10-20T11:45:20.000Z</time></trkpt>
      <trkpt lat="52.739917" lon="-1.347065"><ele>169.8</ele><time>2025-10-20T11:45:21.000Z</time></trkpt>
      <trkpt lat="52.739923" lon="-1.347054"><ele>170.0</ele><time>2025-10-20T11:45:22.000Z</time></trkpt>
      <trkpt lat="52.739930" lon="-1.347041"><ele>170.1</ele><time>2025-10-20T11:45:23.000Z</time></trkpt>
      <trkpt lat="52.739936" lon="-1.347027"><ele>170.2</ele><time>2025-10-20T11:45:24.000Z</time></trkpt>
      <trkpt lat="52.739943" lon="-1.347012"><ele>170.3</ele><time>2025-10-20T11:45:25.000Z</time></trkpt>
      <trkpt lat="52.739951" lon="-1.346997"><ele>170.4</ele><time>2025-10-20T11:45:26.000Z</time></trkpt>
      <trkpt lat="52.739960" lon="-1.346983"><ele>170.4</ele><time>2025-10-20T11:45:27.000Z</time></trkpt>
      <trkpt lat="52.739969" lon="-1.346971"><ele>170.5</ele><time>2025-10-20T11:45:28.000Z</time></trkpt>
      <trkpt lat="52.739977" lon="-1.346959"><ele>170.5</ele><time>2025-10-20T11:45:29.000Z</time></trkpt>
      <trkpt lat="52.739986" lon="-1.346947"><ele>170.6</ele><time>2025-10-20T11:45:30.000Z</time></trkpt>
      <trkpt lat="52.739994" lon="-1.346934"><ele>170.6</ele><time>2025-10-20T11:45:31.000Z</time></trkpt>
      <trkpt lat="52.740002" lon="-1.346922"><ele>170.7</ele><time>2025-10-20T11:45:32.000Z</time></trkpt>
      <trkpt lat="52.740011" lon="-1.346910"><ele>170.7</ele><time>2025-10-20T11:45:33.000Z</time></trkpt>
      <trkpt lat="52.740020" lon="-1.346899"><ele>170.8</ele><time>2025-10-20T11:45:34.000Z</time></trkpt>
      <trkpt lat="52.740029" lon="-1.346886"><ele>170.8</ele><time>2025-10-20T11:45:35.000Z</time></trkpt>
      <trkpt lat="52.740038" lon="-1.346874"><ele>170.9</ele><time>2025-10-20T11:45:36.000Z</time></trkpt>
      <trkpt lat="52.740048" lon="-1.346861"><ele>171.0</ele><time>2025-10-20T11:45:37.000Z</time></trkpt>
      <trkpt lat="52.740059" lon="-1.346847"><ele>171.1</ele><time>2025-10-20T11:45:38.000Z</time></trkpt>
      <trkpt lat="52.740069" lon="-1.346833"><ele>171.1</ele><time>2025-10-20T11:45:39.000Z</time></trkpt>
      <trkpt lat="52.740077" lon="-1.346821"><ele>171.2</ele><time>2025-10-20T11:45:40.000Z</time></trkpt>
      <trkpt lat="52.740084" lon="-1.346810"><ele>171.3</ele><time>2025-10-20T11:45:41.000Z</time></trkpt>
      <trkpt lat="52.740092" lon="-1.346798"><ele>171.4</ele><time>2025-10-20T11:45:42.000Z</time></trkpt>
      <trkpt lat="52.740102" lon="-1.346786"><ele>171.4</ele><time>2025-10-20T11:45:43.000Z</time></trkpt>
      <trkpt lat="52.740111" lon="-1.346774"><ele>171.5</ele><time>2025-10-20T11:45:44.000Z</time></trkpt>
      <trkpt lat="52.740120" lon="-1.346762"><ele>171.5</ele><time>2025-10-20T11:45:45.000Z</time></trkpt>
      <trkpt lat="52.740128" lon="-1.346749"><ele>171.6</ele><time>2025-10-20T11:45:46.000Z</time></trkpt>
      <trkpt lat="52.740136" lon="-1.346737"><ele>171.6</ele><time>2025-10-20T11:45:47.000Z</time></trkpt>
      <trkpt lat="52.740144" lon="-1.346726"><ele>171.7</ele><time>2025-10-20T11:45:48.000Z</time></trkpt>
      <trkpt lat="52.740152" lon="-1.346714"><ele>171.8</ele><time>2025-10-20T11:45:49.000Z</time></trkpt>
      <trkpt lat="52.740160" lon="-1.346701"><ele>171.8</ele><time>2025-10-20T11:45:50.000Z</time></trkpt>
      <trkpt lat="52.740168" lon="-1.346689"><ele>171.9</ele><time>2025-10-20T11:45:51.000Z</time></trkpt>
      <trkpt lat="52.740176" lon="-1.346675"><ele>172.0</ele><time>2025-10-20T11:45:52.000Z</time></trkpt>
      <trkpt lat="52.740185" lon="-1.346659"><ele>172.1</ele><time>2025-10-20T11:45:53.000Z</time></trkpt>
      <trkpt lat="52.740193" lon="-1.346645"><ele>172.1</ele><time>2025-10-20T11:45:54.000Z</time></trkpt>
      <trkpt lat="52.740201" lon="-1.346631"><ele>172.2</ele><time>2025-10-20T11:45:55.000Z</time></trkpt>
      <trkpt lat="52.740207" lon="-1.346618"><ele>172.2</ele><time>2025-10-20T11:45:56.000Z</time></trkpt>
      <trkpt lat="52.740214" lon="-1.346604"><ele>172.3</ele><time>2025-10-20T11:45:57.000Z</time></trkpt>
      <trkpt lat="52.740221" lon="-1.346589"><ele>172.3</ele><time>2025-10-20T11:45:58.000Z</time></trkpt>
      <trkpt lat="52.740230" lon="-1.346575"><ele>172.4</ele><time>2025-10-20T11:45:59.000Z</time></trkpt>
      <trkpt lat="52.740238" lon="-1.346561"><ele>172.4</ele><time>2025-10-20T11:46:00.000Z</time></trkpt>
      <trkpt lat="52.740246" lon="-1.346548"><ele>172.5</ele><time>2025-10-20T11:46:01.000Z</time></trkpt>
      <trkpt lat="52.740254" lon="-1.346533"><ele>172.6</ele><time>2025-10-20T11:46:02.000Z</time></trkpt>
      <trkpt lat="52.740262" lon="-1.346518"><ele>172.7</ele><time>2025-10-20T11:46:03.000Z</time></trkpt>
      <trkpt lat="52.740271" lon="-1.346503"><ele>172.8</ele><time>2025-10-20T11:46:04.000Z</time></trkpt>
      <trkpt lat="52.740280" lon="-1.346490"><ele>172.8</ele><time>2025-10-20T11:46:05.000Z</time></trkpt>
      <trkpt lat="52.740289" lon="-1.346478"><ele>172.9</ele><time>2025-10-20T11:46:06.000Z</time></trkpt>
      <trkpt lat="52.740298" lon="-1.346466"><ele>173.0</ele><time>2025-10-20T11:46:07.000Z</time></trkpt>
      <trkpt lat="52.740307" lon="-1.346454"><ele>173.1</ele><time>2025-10-20T11:46:08.000Z</time></trkpt>
      <trkpt lat="52.740316" lon="-1.346442"><ele>173.1</ele><time>2025-10-20T11:46:09.000Z</time></trkpt>
      <trkpt lat="52.740324" lon="-1.346429"><ele>173.2</ele><time>2025-10-20T11:46:10.000Z</time></trkpt>
      <trkpt lat="52.740332" lon="-1.346418"><ele>173.2</ele><time>2025-10-20T11:46:11.000Z</time></trkpt>
      <trkpt lat="52.740340" lon="-1.346406"><ele>173.3</ele><time>2025-10-20T11:46:12.000Z</time></trkpt>
      <trkpt lat="52.740348" lon="-1.346392"><ele>173.3</ele><time>2025-10-20T11:46:13.000Z</time></trkpt>
      <trkpt lat="52.740357" lon="-1.346378"><ele>173.4</ele><time>2025-10-20T11:46:14.000Z</time></trkpt>
      <trkpt lat="52.740365" lon="-1.346362"><ele>173.4</ele><time>2025-10-20T11:46:15.000Z</time></trkpt>
      <trkpt lat="52.740373" lon="-1.346347"><ele>173.5</ele><time>2025-10-20T11:46:16.000Z</time></trkpt>
      <trkpt lat="52.740381" lon="-1.346332"><ele>173.6</ele><time>2025-10-20T11:46:17.000Z</time></trkpt>
      <trkpt lat="52.740390" lon="-1.346316"><ele>173.6</ele><time>2025-10-20T11:46:18.000Z</time></trkpt>
      <trkpt lat="52.740400" lon="-1.346301"><ele>173.7</ele><time>2025-10-20T11:46:19.000Z</time></trkpt>
      <trkpt lat="52.740409" lon="-1.346286"><ele>173.7</ele><time>2025-10-20T11:46:20.000Z</time></trkpt>
      <trkpt lat="52.740418" lon="-1.346272"><ele>173.8</ele><time>2025-10-20T11:46:21.000Z</time></trkpt>
      <trkpt lat="52.740427" lon="-1.346259"><ele>173.9</ele><time>2025-10-20T11:46:22.000Z</time></trkpt>
      <trkpt lat="52.740435" lon="-1.346245"><ele>173.9</ele><time>2025-10-20T11:46:23.000Z</time></trkpt>
      <trkpt lat="52.740444" lon="-1.346230"><ele>174.0</ele><time>2025-10-20T11:46:24.000Z</time></trkpt>
      <trkpt lat="52.740452" lon="-1.346215"><ele>174.1</ele><time>2025-10-20T11:46:25.000Z</time></trkpt>
      <trkpt lat="52.740461" lon="-1.346200"><ele>174.2</ele><time>2025-10-20T11:46:26.000Z</time></trkpt>
      <trkpt lat="52.740469" lon="-1.346185"><ele>174.3</ele><time>2025-10-20T11:46:27.000Z</time></trkpt>
      <trkpt lat="52.740478" lon="-1.346168"><ele>174.4</ele><time>2025-10-20T11:46:28.000Z</time></trkpt>
      <trkpt lat="52.740486" lon="-1.346153"><ele>174.5</ele><time>2025-10-20T11:46:29.000Z</time></trkpt>
      <trkpt lat="52.740492" lon="-1.346140"><ele>174.5</ele><time>2025-10-20T11:46:30.000Z</time></trkpt>
      <trkpt lat="52.740496" lon="-1.346131"><ele>174.6</ele><time>2025-10-20T11:46:31.000Z</time></trkpt>
      <trkpt lat="52.740498" lon="-1.346127"><ele>174.7</ele><time>2025-10-20T11:46:32.000Z</time></trkpt>
      <trkpt lat="52.740499" lon="-1.346126"><ele>174.8</ele><time>2025-10-20T11:46:33.000Z</time></trkpt>
      <trkpt lat="52.740499" lon="-1.346125"><ele>174.9</ele><time>2025-10-20T11:46:34.000Z</time></trkpt>
      <trkpt lat="52.740502" lon="-1.346121"><ele>175.0</ele><time>2025-10-20T11:46:35.000Z</time></trkpt>
      <trkpt lat="52.740509" lon="-1.346112"><ele>175.0</ele><time>2025-10-20T11:46:36.000Z</time></trkpt>
      <trkpt lat="52.740519" lon="-1.346098"><ele>175.1</ele><time>2025-10-20T11:46:37.000Z</time></trkpt>
      <trkpt lat="52.740532" lon="-1.346081"><ele>175.1</ele><time>2025-10-20T11:46:38.000Z</time></trkpt>
      <trkpt lat="52.740543" lon="-1.346066"><ele>175.1</ele><time>2025-10-20T11:46:39.000Z</time></trkpt>
      <trkpt lat="52.740553" lon="-1.346052"><ele>175.2</ele><time>2025-10-20T11:46:40.000Z</time></trkpt>
      <trkpt lat="52.740561" lon="-1.346039"><ele>175.3</ele><time>2025-10-20T11:46:41.000Z</time></trkpt>
      <trkpt lat="52.740568" lon="-1.346026"><ele>175.4</ele><time>2025-10-20T11:46:42.000Z</time></trkpt>
      <trkpt lat="52.740575" lon="-1.346012"><ele>175.5</ele><time>2025-10-20T11:46:43.000Z</time></trkpt>
      <trkpt lat="52.740583" lon="-1.345998"><ele>175.6</ele><time>2025-10-20T11:46:44.000Z</time></trkpt>
      <trkpt lat="52.740591" lon="-1.345984"><ele>175.8</ele><time>2025-10-20T11:46:45.000Z</time></trkpt>
      <trkpt lat="52.740600" lon="-1.345970"><ele>175.9</ele><time>2025-10-20T11:46:46.000Z</time></trkpt>
      <trkpt lat="52.740609" lon="-1.345953"><ele>176.0</ele><time>2025-10-20T11:46:47.000Z</time></trkpt>
      <trkpt lat="52.740619" lon="-1.345936"><ele>176.2</ele><time>2025-10-20T11:46:48.000Z</time></trkpt>
      <trkpt lat="52.740630" lon="-1.345920"><ele>176.3</ele><time>2025-10-20T11:46:49.000Z</time></trkpt>
      <trkpt lat="52.740640" lon="-1.345904"><ele>176.4</ele><time>2025-10-20T11:46:50.000Z</time></trkpt>
      <trkpt lat="52.740650" lon="-1.345889"><ele>176.4</ele><time>2025-10-20T11:46:51.000Z</time></trkpt>
      <trkpt lat="52.740660" lon="-1.345874"><ele>176.5</ele><time>2025-10-20T11:46:52.000Z</time></trkpt>
      <trkpt lat="52.740669" lon="-1.345861"><ele>176.6</ele><time>2025-10-20T11:46:53.000Z</time></trkpt>
      <trkpt lat="52.740679" lon="-1.345848"><ele>176.6</ele><time>2025-10-20T11:46:54.000Z</time></trkpt>
      <trkpt lat="52.740688" lon="-1.345836"><ele>176.7</ele><time>2025-10-20T11:46:55.000Z</time></trkpt>
      <trkpt lat="52.740696" lon="-1.345824"><ele>176.8</ele><time>2025-10-20T11:46:56.000Z</time></trkpt>
      <trkpt lat="52.740705" lon="-1.345813"><ele>176.9</ele><time>2025-10-20T11:46:57.000Z</time></trkpt>
      <trkpt lat="52.740714" lon="-1.345801"><ele>177.0</ele><time>2025-10-20T11:46:58.000Z</time></trkpt>
      <trkpt lat="52.740724" lon="-1.345788"><ele>177.1</ele><time>2025-10-20T11:46:59.000Z</time></trkpt>
      <trkpt lat="52.740734" lon="-1.345774"><ele>177.1</ele><time>2025-10-20T11:47:00.000Z</time></trkpt>
      <trkpt lat="52.740743" lon="-1.345761"><ele>177.2</ele><time>2025-10-20T11:47:01.000Z</time></trkpt>
      <trkpt lat="52.740751" lon="-1.345748"><ele>177.3</ele><time>2025-10-20T11:47:02.000Z</time></trkpt>
      <trkpt lat="52.740758" lon="-1.345734"><ele>177.4</ele><time>2025-10-20T11:47:03.000Z</time></trkpt>
      <trkpt lat="52.740765" lon="-1.345720"><ele>177.5</ele><time>2025-10-20T11:47:04.000Z</time></trkpt>
      <trkpt lat="52.740772" lon="-1.345705"><ele>177.5</ele><time>2025-10-20T11:47:05.000Z</time></trkpt>
      <trkpt lat="52.740779" lon="-1.345690"><ele>177.6</ele><time>2025-10-20T11:47:06.000Z</time></trkpt>
      <trkpt lat="52.740786" lon="-1.345676"><ele>177.7</ele><time>2025-10-20T11:47:07.000Z</time></trkpt>
      <trkpt lat="52.740791" lon="-1.345664"><ele>177.8</ele><time>2025-10-20T11:47:08.000Z</time></trkpt>
      <trkpt lat="52.740794" lon="-1.345654"><ele>177.9</ele><time>2025-10-20T11:47:09.000Z</time></trkpt>
      <trkpt lat="52.740795" lon="-1.345646"><ele>178.0</ele><time>2025-10-20T11:47:10.000Z</time></trkpt>
      <trkpt lat="52.740794" lon="-1.345640"><ele>178.1</ele><time>2025-10-20T11:47:11.000Z</time></trkpt>
      <trkpt lat="52.740792" lon="-1.345635"><ele>178.2</ele><time>2025-10-20T11:47:12.000Z</time></trkpt>
      <trkpt lat="52.740790" lon="-1.345630"><ele>178.3</ele><time>2025-10-20T11:47:13.000Z</time></trkpt>
      <trkpt lat="52.740788" lon="-1.345627"><ele>178.4</ele><time>2025-10-20T11:47:14.000Z</time></trkpt>
      <trkpt lat="52.740788" lon="-1.345626"><ele>178.5</ele><time>2025-10-20T11:47:15.000Z</time></trkpt>
      <trkpt lat="52.740787" lon="-1.345625"><ele>178.5</ele><time>2025-10-20T11:47:16.000Z</time></trkpt>
      <trkpt lat="52.740787" lon="-1.345625"><ele>178.5</ele><time>2025-10-20T11:47:17.000Z</time></trkpt>
      <trkpt lat="52.740786" lon="-1.345625"><ele>178.5</ele><time>2025-10-20T11:47:18.000Z</time></trkpt>
      <trkpt lat="52.740786" lon="-1.345625"><ele>178.5</ele><time>2025-10-20T11:47:19.000Z</time></trkpt>
      <trkpt lat="52.740786" lon="-1.345625"><ele>178.5</ele><time>2025-10-20T11:47:20.000Z</time></trkpt>
      <trkpt lat="52.740786" lon="-1.345624"><ele>178.5</ele><time>2025-10-20T11:47:21.000Z</time></trkpt>
      <trkpt lat="52.740786" lon="-1.345624"><ele>178.5</ele><time>2025-10-20T11:47:22.000Z</time></trkpt>
      <trkpt lat="52.740786" lon="-1.345623"><ele>178.5</ele><time>2025-10-20T11:47:23.000Z</time></trkpt>
      <trkpt lat="52.740785" lon="-1.345621"><ele>178.5</ele><time>2025-10-20T11:47:24.000Z</time></trkpt>
      <trkpt lat="52.740785" lon="-1.345619"><ele>178.5</ele><time>2025-10-20T11:47:25.000Z</time></trkpt>
      <trkpt lat="52.740785" lon="-1.345616"><ele>178.5</ele><time>2025-10-20T11:47:26.000Z</time></trkpt>
      <trkpt lat="52.740787" lon="-1.345613"><ele>178.5</ele><time>2025-10-20T11:47:27.000Z</time></trkpt>
      <trkpt lat="52.740790" lon="-1.345610"><ele>178.5</ele><time>2025-10-20T11:47:28.000Z</time></trkpt>
      <trkpt lat="52.740795" lon="-1.345606"><ele>178.5</ele><time>2025-10-20T11:47:29.000Z</time></trkpt>
      <trkpt lat="52.740802" lon="-1.345602"><ele>178.5</ele><time>2025-10-20T11:47:30.000Z</time></trkpt>
      <trkpt lat="52.740810" lon="-1.345599"><ele>178.4</ele><time>2025-10-20T11:47:31.000Z</time></trkpt>
      <trkpt lat="52.740818" lon="-1.345596"><ele>178.4</ele><time>2025-10-20T11:47:32.000Z</time></trkpt>
      <trkpt lat="52.740827" lon="-1.345594"><ele>178.4</ele><time>2025-10-20T11:47:33.000Z</time></trkpt>
      <trkpt lat="52.740837" lon="-1.345592"><ele>178.4</ele><time>2025-10-20T11:47:34.000Z</time></trkpt>
      <trkpt lat="52.740846" lon="-1.345591"><ele>178.4</ele><time>2025-10-20T11:47:35.000Z</time></trkpt>
      <trkpt lat="52.740856" lon="-1.345590"><ele>178.4</ele><time>2025-10-20T11:47:36.000Z</time></trkpt>
      <trkpt lat="52.740866" lon="-1.345590"><ele>178.5</ele><time>2025-10-20T11:47:37.000Z</time></trkpt>
      <trkpt lat="52.740877" lon="-1.345591"><ele>178.5</ele><time>2025-10-20T11:47:38.000Z</time></trkpt>
      <trkpt lat="52.740889" lon="-1.345592"><ele>178.6</ele><time>2025-10-20T11:47:39.000Z</time></trkpt>
      <trkpt lat="52.740902" lon="-1.345594"><ele>178.7</ele><time>2025-10-20T11:47:40.000Z</time></trkpt>
      <trkpt lat="52.740914" lon="-1.345596"><ele>178.7</ele><time>2025-10-20T11:47:41.000Z</time></trkpt>
      <trkpt lat="52.740926" lon="-1.345596"><ele>178.8</ele><time>2025-10-20T11:47:42.000Z</time></trkpt>
      <trkpt lat="52.740937" lon="-1.345596"><ele>178.8</ele><time>2025-10-20T11:47:43.000Z</time></trkpt>
      <trkpt lat="52.740950" lon="-1.345596"><ele>178.9</ele><time>2025-10-20T11:47:44.000Z</time></trkpt>
      <trkpt lat="52.740963" lon="-1.345597"><ele>178.9</ele><time>2025-10-20T11:47:45.000Z</time></trkpt>
      <trkpt lat="52.740976" lon="-1.345598"><ele>178.9</ele><time>2025-10-20T11:47:46.000Z</time></trkpt>
      <trkpt lat="52.740989" lon="-1.345599"><ele>178.9</ele><time>2025-10-20T11:47:47.000Z</time></trkpt>
      <trkpt lat="52.741002" lon="-1.345599"><ele>179.0</ele><time>2025-10-20T11:47:48.000Z</time></trkpt>
      <trkpt lat="52.741016" lon="-1.345597"><ele>179.0</ele><time>2025-10-20T11:47:49.000Z</time></trkpt>
      <trkpt lat="52.741030" lon="-1.345594"><ele>179.0</ele><time>2025-10-20T11:47:50.000Z</time></trkpt>
      <trkpt lat="52.741044" lon="-1.345590"><ele>179.0</ele><time>2025-10-20T11:47:51.000Z</time></trkpt>
      <trkpt lat="52.741057" lon="-1.345587"><ele>179.0</ele><time>2025-10-20T11:47:52.000Z</time></trkpt>
      <trkpt lat="52.741069" lon="-1.345584"><ele>179.0</ele><time>2025-10-20T11:47:53.000Z</time></trkpt>
      <trkpt lat="52.741082" lon="-1.345582"><ele>179.0</ele><time>2025-10-20T11:47:54.000Z</time></trkpt>
      <trkpt lat="52.741096" lon="-1.345581"><ele>179.1</ele><time>2025-10-20T11:47:55.000Z</time></trkpt>
      <trkpt lat="52.741110" lon="-1.345580"><ele>179.1</ele><time>2025-10-20T11:47:56.000Z</time></trkpt>
      <trkpt lat="52.741124" lon="-1.345580"><ele>179.2</ele><time>2025-10-20T11:47:57.000Z</time></trkpt>
      <trkpt lat="52.741137" lon="-1.345579"><ele>179.2</ele><time>2025-10-20T11:47:58.000Z</time></trkpt>
      <trkpt lat="52.741148" lon="-1.345578"><ele>179.3</ele><time>2025-10-20T11:47:59.000Z</time></trkpt>
      <trkpt lat="52.741160" lon="-1.345579"><ele>179.4</ele><time>2025-10-20T11:48:00.000Z</time></trkpt>
      <trkpt lat="52.741173" lon="-1.345579"><ele>179.4</ele><time>2025-10-20T11:48:01.000Z</time></trkpt>
      <trkpt lat="52.741187" lon="-1.345579"><ele>179.4</ele><time>2025-10-20T11:48:02.000Z</time></trkpt>
      <trkpt lat="52.741200" lon="-1.345577"><ele>179.4</ele><time>2025-10-20T11:48:03.000Z</time></trkpt>
      <trkpt lat="52.741212" lon="-1.345575"><ele>179.4</ele><time>2025-10-20T11:48:04.000Z</time></trkpt>
      <trkpt lat="52.741222" lon="-1.345573"><ele>179.5</ele><time>2025-10-20T11:48:05.000Z</time></trkpt>
      <trkpt lat="52.741233" lon="-1.345572"><ele>179.5</ele><time>2025-10-20T11:48:06.000Z</time></trkpt>
      <trkpt lat="52.741246" lon="-1.345570"><ele>179.5</ele><time>2025-10-20T11:48:07.000Z</time></trkpt>
      <trkpt lat="52.741260" lon="-1.345568"><ele>179.6</ele><time>2025-10-20T11:48:08.000Z</time></trkpt>
      <trkpt lat="52.741273" lon="-1.345565"><ele>179.6</ele><time>2025-10-20T11:48:09.000Z</time></trkpt>
      <trkpt lat="52.741284" lon="-1.345563"><ele>179.7</ele><time>2025-10-20T11:48:10.000Z</time></trkpt>
      <trkpt lat="52.741294" lon="-1.345561"><ele>179.7</ele><time>2025-10-20T11:48:11.000Z</time></trkpt>
      <trkpt lat="52.741304" lon="-1.345561"><ele>179.8</ele><time>2025-10-20T11:48:12.000Z</time></trkpt>
      <trkpt lat="52.741314" lon="-1.345563"><ele>179.8</ele><time>2025-10-20T11:48:13.000Z</time></trkpt>
      <trkpt lat="52.741325" lon="-1.345565"><ele>179.9</ele><time>2025-10-20T11:48:14.000Z</time></trkpt>
      <trkpt lat="52.741337" lon="-1.345568"><ele>179.9</ele><time>2025-10-20T11:48:15.000Z</time></trkpt>
      <trkpt lat="52.741349" lon="-1.345569"><ele>180.0</ele><time>2025-10-20T11:48:16.000Z</time></trkpt>
      <trkpt lat="52.741362" lon="-1.345569"><ele>180.0</ele><time>2025-10-20T11:48:17.000Z</time></trkpt>
      <trkpt lat="52.741374" lon="-1.345569"><ele>180.0</ele><time>2025-10-20T11:48:18.000Z</time></trkpt>
      <trkpt lat="52.741385" lon="-1.345567"><ele>180.1</ele><time>2025-10-20T11:48:18.000Z</time></trkpt>
      <trkpt lat="52.741395" lon="-1.345565"><ele>180.1</ele><time>2025-10-20T11:48:19.000Z</time></trkpt>
      <trkpt lat="52.741407" lon="-1.345563"><ele>180.1</ele><time>2025-10-20T11:48:20.000Z</time></trkpt>
      <trkpt lat="52.741420" lon="-1.345561"><ele>180.1</ele><time>2025-10-20T11:48:21.000Z</time></trkpt>
      <trkpt lat="52.741433" lon="-1.345560"><ele>180.2</ele><time>2025-10-20T11:48:23.000Z</time></trkpt>
      <trkpt lat="52.741447" lon="-1.345558"><ele>180.2</ele><time>2025-10-20T11:48:24.000Z</time></trkpt>
      <trkpt lat="52.741462" lon="-1.345556"><ele>180.2</ele><time>2025-10-20T11:48:25.000Z</time></trkpt>
      <trkpt lat="52.741475" lon="-1.345555"><ele>180.3</ele><time>2025-10-20T11:48:26.000Z</time></trkpt>
      <trkpt lat="52.741487" lon="-1.345554"><ele>180.3</ele><time>2025-10-20T11:48:27.000Z</time></trkpt>
      <trkpt lat="52.741499" lon="-1.345552"><ele>180.4</ele><time>2025-10-20T11:48:28.000Z</time></trkpt>
      <trkpt lat="52.741511" lon="-1.345550"><ele>180.4</ele><time>2025-10-20T11:48:29.000Z</time></trkpt>
      <trkpt lat="52.741524" lon="-1.345549"><ele>180.4</ele><time>2025-10-20T11:48:30.000Z</time></trkpt>
      <trkpt lat="52.741537" lon="-1.345549"><ele>180.5</ele><time>2025-10-20T11:48:31.000Z</time></trkpt>
      <trkpt lat="52.741550" lon="-1.345549"><ele>180.5</ele><time>2025-10-20T11:48:32.000Z</time></trkpt>
      <trkpt lat="52.741564" lon="-1.345548"><ele>180.5</ele><time>2025-10-20T11:48:33.000Z</time></trkpt>
      <trkpt lat="52.741576" lon="-1.345547"><ele>180.6</ele><time>2025-10-20T11:48:34.000Z</time></trkpt>
      <trkpt lat="52.741588" lon="-1.345546"><ele>180.6</ele><time>2025-10-20T11:48:35.000Z</time></trkpt>
      <trkpt lat="52.741600" lon="-1.345545"><ele>180.7</ele><time>2025-10-20T11:48:36.000Z</time></trkpt>
      <trkpt lat="52.741611" lon="-1.345543"><ele>180.8</ele><time>2025-10-20T11:48:37.000Z</time></trkpt>
      <trkpt lat="52.741623" lon="-1.345541"><ele>180.9</ele><time>2025-10-20T11:48:38.000Z</time></trkpt>
      <trkpt lat="52.741634" lon="-1.345540"><ele>180.9</ele><time>2025-10-20T11:48:39.000Z</time></trkpt>
      <trkpt lat="52.741645" lon="-1.345541"><ele>181.0</ele><time>2025-10-20T11:48:40.000Z</time></trkpt>
      <trkpt lat="52.741656" lon="-1.345542"><ele>181.0</ele><time>2025-10-20T11:48:41.000Z</time></trkpt>
      <trkpt lat="52.741669" lon="-1.345543"><ele>181.1</ele><time>2025-10-20T11:48:42.000Z</time></trkpt>
      <trkpt lat="52.741682" lon="-1.345544"><ele>181.1</ele><time>2025-10-20T11:48:43.000Z</time></trkpt>
      <trkpt lat="52.741695" lon="-1.345543"><ele>181.1</ele><time>2025-10-20T11:48:44.000Z</time></trkpt>
      <trkpt lat="52.741706" lon="-1.345542"><ele>181.1</ele><time>2025-10-20T11:48:45.000Z</time></trkpt>
      <trkpt lat="52.741717" lon="-1.345541"><ele>181.2</ele><time>2025-10-20T11:48:46.000Z</time></trkpt>
      <trkpt lat="52.741727" lon="-1.345541"><ele>181.2</ele><time>2025-10-20T11:48:47.000Z</time></trkpt>
      <trkpt lat="52.741739" lon="-1.345540"><ele>181.2</ele><time>2025-10-20T11:48:48.000Z</time></trkpt>
      <trkpt lat="52.741753" lon="-1.345539"><ele>181.3</ele><time>2025-10-20T11:48:49.000Z</time></trkpt>
      <trkpt lat="52.741767" lon="-1.345537"><ele>181.3</ele><time>2025-10-20T11:48:50.000Z</time></trkpt>
      <trkpt lat="52.741780" lon="-1.345536"><ele>181.4</ele><time>2025-10-20T11:48:51.000Z</time></trkpt>
      <trkpt lat="52.741792" lon="-1.345535"><ele>181.4</ele><time>2025-10-20T11:48:52.000Z</time></trkpt>
      <trkpt lat="52.741804" lon="-1.345534"><ele>181.5</ele><time>2025-10-20T11:48:53.000Z</time></trkpt>
      <trkpt lat="52.741816" lon="-1.345532"><ele>181.6</ele><time>2025-10-20T11:48:54.000Z</time></trkpt>
      <trkpt lat="52.741830" lon="-1.345529"><ele>181.6</ele><time>2025-10-20T11:48:55.000Z</time></trkpt>
      <trkpt lat="52.741843" lon="-1.345526"><ele>181.6</ele><time>2025-10-20T11:48:56.000Z</time></trkpt>
      <trkpt lat="52.741856" lon="-1.345524"><ele>181.7</ele><time>2025-10-20T11:48:57.000Z</time></trkpt>
      <trkpt lat="52.741867" lon="-1.345522"><ele>181.7</ele><time>2025-10-20T11:48:58.000Z</time></trkpt>
      <trkpt lat="52.741878" lon="-1.345521"><ele>181.8</ele><time>2025-10-20T11:48:59.000Z</time></trkpt>
      <trkpt lat="52.741890" lon="-1.345521"><ele>181.8</ele><time>2025-10-20T11:49:00.000Z</time></trkpt>
      <trkpt lat="52.741901" lon="-1.345521"><ele>181.9</ele><time>2025-10-20T11:49:01.000Z</time></trkpt>
      <trkpt lat="52.741912" lon="-1.345523"><ele>182.0</ele><time>2025-10-20T11:49:02.000Z</time></trkpt>
      <trkpt lat="52.741923" lon="-1.345523"><ele>182.0</ele><time>2025-10-20T11:49:03.000Z</time></trkpt>
      <trkpt lat="52.741935" lon="-1.345522"><ele>182.1</ele><time>2025-10-20T11:49:04.000Z</time></trkpt>
      <trkpt lat="52.741947" lon="-1.345519"><ele>182.1</ele><time>2025-10-20T11:49:05.000Z</time></trkpt>
      <trkpt lat="52.741960" lon="-1.345516"><ele>182.2</ele><time>2025-10-20T11:49:06.000Z</time></trkpt>
      <trkpt lat="52.741973" lon="-1.345512"><ele>182.2</ele><time>2025-10-20T11:49:07.000Z</time></trkpt>
      <trkpt lat="52.741985" lon="-1.345508"><ele>182.2</ele><time>2025-10-20T11:49:08.000Z</time></trkpt>
      <trkpt lat="52.741997" lon="-1.345505"><ele>182.3</ele><time>2025-10-20T11:49:09.000Z</time></trkpt>
      <trkpt lat="52.742010" lon="-1.345501"><ele>182.3</ele><time>2025-10-20T11:49:10.000Z</time></trkpt>
      <trkpt lat="52.742024" lon="-1.345497"><ele>182.3</ele><time>2025-10-20T11:49:11.000Z</time></trkpt>
      <trkpt lat="52.742039" lon="-1.345493"><ele>182.4</ele><time>2025-10-20T11:49:12.000Z</time></trkpt>
      <trkpt lat="52.742053" lon="-1.345488"><ele>182.4</ele><time>2025-10-20T11:49:13.000Z</time></trkpt>
      <trkpt lat="52.742066" lon="-1.345481"><ele>182.4</ele><time>2025-10-20T11:49:14.000Z</time></trkpt>
      <trkpt lat="52.742078" lon="-1.345471"><ele>182.4</ele><time>2025-10-20T11:49:15.000Z</time></trkpt>
      <trkpt lat="52.742089" lon="-1.345458"><ele>182.4</ele><time>2025-10-20T11:49:16.000Z</time></trkpt>
      <trkpt lat="52.742099" lon="-1.345443"><ele>182.4</ele><time>2025-10-20T11:49:17.000Z</time></trkpt>
      <trkpt lat="52.742109" lon="-1.345425"><ele>182.4</ele><time>2025-10-20T11:49:18.000Z</time></trkpt>
      <trkpt lat="52.742117" lon="-1.345404"><ele>182.4</ele><time>2025-10-20T11:49:19.000Z</time></trkpt>
      <trkpt lat="52.742123" lon="-1.345383"><ele>182.4</ele><time>2025-10-20T11:49:20.000Z</time></trkpt>
      <trkpt lat="52.742127" lon="-1.345363"><ele>182.5</ele><time>2025-10-20T11:49:21.000Z</time></trkpt>
      <trkpt lat="52.742129" lon="-1.345342"><ele>182.5</ele><time>2025-10-20T11:49:22.000Z</time></trkpt>
      <trkpt lat="52.742129" lon="-1.345319"><ele>182.6</ele><time>2025-10-20T11:49:23.000Z</time></trkpt>
      <trkpt lat="52.742129" lon="-1.345297"><ele>182.7</ele><time>2025-10-20T11:49:24.000Z</time></trkpt>
      <trkpt lat="52.742129" lon="-1.345276"><ele>182.7</ele><time>2025-10-20T11:49:25.000Z</time></trkpt>
      <trkpt lat="52.742129" lon="-1.345255"><ele>182.8</ele><time>2025-10-20T11:49:26.000Z</time></trkpt>
      <trkpt lat="52.742128" lon="-1.345231"><ele>182.8</ele><time>2025-10-20T11:49:27.000Z</time></trkpt>
      <trkpt lat="52.742128" lon="-1.345208"><ele>182.9</ele><time>2025-10-20T11:49:28.000Z</time></trkpt>
      <trkpt lat="52.742129" lon="-1.345186"><ele>182.9</ele><time>2025-10-20T11:49:29.000Z</time></trkpt>
      <trkpt lat="52.742131" lon="-1.345167"><ele>182.9</ele><time>2025-10-20T11:49:30.000Z</time></trkpt>
      <trkpt lat="52.742131" lon="-1.345146"><ele>183.0</ele><time>2025-10-20T11:49:31.000Z</time></trkpt>
      <trkpt lat="52.742132" lon="-1.345125"><ele>183.0</ele><time>2025-10-20T11:49:32.000Z</time></trkpt>
      <trkpt lat="52.742132" lon="-1.345102"><ele>183.1</ele><time>2025-10-20T11:49:33.000Z</time></trkpt>
      <trkpt lat="52.742133" lon="-1.345082"><ele>183.1</ele><time>2025-10-20T11:49:34.000Z</time></trkpt>
      <trkpt lat="52.742133" lon="-1.345065"><ele>183.2</ele><time>2025-10-20T11:49:35.000Z</time></trkpt>
      <trkpt lat="52.742133" lon="-1.345052"><ele>183.2</ele><time>2025-10-20T11:49:36.000Z</time></trkpt>
      <trkpt lat="52.742131" lon="-1.345041"><ele>183.3</ele><time>2025-10-20T11:49:37.000Z</time></trkpt>
      <trkpt lat="52.742129" lon="-1.345034"><ele>183.4</ele><time>2025-10-20T11:49:38.000Z</time></trkpt>
      <trkpt lat="52.742127" lon="-1.345031"><ele>183.5</ele><time>2025-10-20T11:49:39.000Z</time></trkpt>
      <trkpt lat="52.742126" lon="-1.345028"><ele>183.5</ele><time>2025-10-20T11:49:40.000Z</time></trkpt>
      <trkpt lat="52.742125" lon="-1.345026"><ele>183.6</ele><time>2025-10-20T11:49:41.000Z</time></trkpt>
      <trkpt lat="52.742124" lon="-1.345025"><ele>183.7</ele><time>2025-10-20T11:49:42.000Z</time></trkpt>
      <trkpt lat="52.742124" lon="-1.345023"><ele>183.7</ele><time>2025-10-20T11:49:43.000Z</time></trkpt>
      <trkpt lat="52.742123" lon="-1.345019"><ele>183.8</ele><time>2025-10-20T11:49:44.000Z</time></trkpt>
      <trkpt lat="52.742123" lon="-1.345013"><ele>183.8</ele><time>2025-10-20T11:49:45.000Z</time></trkpt>
      <trkpt lat="52.742123" lon="-1.345005"><ele>183.8</ele><time>2025-10-20T11:49:46.000Z</time></trkpt>
      <trkpt lat="52.742123" lon="-1.344995"><ele>183.8</ele><time>2025-10-20T11:49:47.000Z</time></trkpt>
      <trkpt lat="52.742123" lon="-1.344987"><ele>183.8</ele><time>2025-10-20T11:49:48.000Z</time></trkpt>
      <trkpt lat="52.742124" lon="-1.344982"><ele>183.8</ele><time>2025-10-20T11:49:49.000Z</time></trkpt>
      <trkpt lat="52.742125" lon="-1.344976"><ele>183.8</ele><time>2025-10-20T11:49:50.000Z</time></trkpt>
      <trkpt lat="52.742126" lon="-1.344967"><ele>183.8</ele><time>2025-10-20T11:49:51.000Z</time></trkpt>
      <trkpt lat="52.742127" lon="-1.344954"><ele>183.8</ele><time>2025-10-20T11:49:52.000Z</time></trkpt>
      <trkpt lat="52.742128" lon="-1.344938"><ele>183.8</ele><time>2025-10-20T11:49:53.000Z</time></trkpt>
      <trkpt lat="52.742128" lon="-1.344919"><ele>183.7</ele><time>2025-10-20T11:49:54.000Z</time></trkpt>
      <trkpt lat="52.742126" lon="-1.344901"><ele>183.7</ele><time>2025-10-20T11:49:55.000Z</time></trkpt>
      <trkpt lat="52.742125" lon="-1.344885"><ele>183.7</ele><time>2025-10-20T11:49:56.000Z</time></trkpt>
      <trkpt lat="52.742123" lon="-1.344869"><ele>183.7</ele><time>2025-10-20T11:49:57.000Z</time></trkpt>
      <trkpt lat="52.742123" lon="-1.344850"><ele>183.8</ele><time>2025-10-20T11:49:58.000Z</time></trkpt>
      <trkpt lat="52.742124" lon="-1.344832"><ele>183.8</ele><time>2025-10-20T11:49:59.000Z</time></trkpt>
      <trkpt lat="52.742125" lon="-1.344815"><ele>183.9</ele><time>2025-10-20T11:50:00.000Z</time></trkpt>
      <trkpt lat="52.742125" lon="-1.344801"><ele>184.0</ele><time>2025-10-20T11:50:01.000Z</time></trkpt>
      <trkpt lat="52.742125" lon="-1.344785"><ele>184.1</ele><time>2025-10-20T11:50:02.000Z</time></trkpt>
      <trkpt lat="52.742125" lon="-1.344765"><ele>184.2</ele><time>2025-10-20T11:50:03.000Z</time></trkpt>
      <trkpt lat="52.742124" lon="-1.344743"><ele>184.3</ele><time>2025-10-20T11:50:04.000Z</time></trkpt>
      <trkpt lat="52.742123" lon="-1.344721"><ele>184.4</ele><time>2025-10-20T11:50:05.000Z</time></trkpt>
      <trkpt lat="52.742123" lon="-1.344701"><ele>184.5</ele><time>2025-10-20T11:50:06.000Z</time></trkpt>
      <trkpt lat="52.742123" lon="-1.344681"><ele>184.5</ele><time>2025-10-20T11:50:07.000Z</time></trkpt>
      <trkpt lat="52.742122" lon="-1.344661"><ele>184.6</ele><time>2025-10-20T11:50:08.000Z</time></trkpt>
      <trkpt lat="52.742123" lon="-1.344640"><ele>184.6</ele><time>2025-10-20T11:50:09.000Z</time></trkpt>
      <trkpt lat="52.742124" lon="-1.344618"><ele>184.7</ele><time>2025-10-20T11:50:10.000Z</time></trkpt>
      <trkpt lat="52.742125" lon="-1.344598"><ele>184.7</ele><time>2025-10-20T11:50:11.000Z</time></trkpt>
      <trkpt lat="52.742127" lon="-1.344579"><ele>184.8</ele><time>2025-10-20T11:50:12.000Z</time></trkpt>
      <trkpt lat="52.742129" lon="-1.344557"><ele>184.9</ele><time>2025-10-20T11:50:13.000Z</time></trkpt>
      <trkpt lat="52.742130" lon="-1.344534"><ele>185.0</ele><time>2025-10-20T11:50:14.000Z</time></trkpt>
      <trkpt lat="52.742130" lon="-1.344514"><ele>185.0</ele><time>2025-10-20T11:50:15.000Z</time></trkpt>
      <trkpt lat="52.742129" lon="-1.344497"><ele>185.1</ele><time>2025-10-20T11:50:16.000Z</time></trkpt>
      <trkpt lat="52.742127" lon="-1.344481"><ele>185.2</ele><time>2025-10-20T11:50:17.000Z</time></trkpt>
      <trkpt lat="52.742123" lon="-1.344466"><ele>185.3</ele><time>2025-10-20T11:50:18.000Z</time></trkpt>
      <trkpt lat="52.742118" lon="-1.344451"><ele>185.4</ele><time>2025-10-20T11:50:19.000Z</time></trkpt>
      <trkpt lat="52.742111" lon="-1.344438"><ele>185.5</ele><time>2025-10-20T11:50:20.000Z</time></trkpt>
      <trkpt lat="52.742104" lon="-1.344428"><ele>185.5</ele><time>2025-10-20T11:50:21.000Z</time></trkpt>
      <trkpt lat="52.742095" lon="-1.344420"><ele>185.6</ele><time>2025-10-20T11:50:22.000Z</time></trkpt>
      <trkpt lat="52.742087" lon="-1.344416"><ele>185.7</ele><time>2025-10-20T11:50:22.000Z</time></trkpt>
      <trkpt lat="52.742078" lon="-1.344415"><ele>185.7</ele><time>2025-10-20T11:50:23.000Z</time></trkpt>
      <trkpt lat="52.742069" lon="-1.344417"><ele>185.8</ele><time>2025-10-20T11:50:24.000Z</time></trkpt>
      <trkpt lat="52.742058" lon="-1.344419"><ele>185.9</ele><time>2025-10-20T11:50:25.000Z</time></trkpt>
      <trkpt lat="52.742047" lon="-1.344421"><ele>186.0</ele><time>2025-10-20T11:50:26.000Z</time></trkpt>
      <trkpt lat="52.742035" lon="-1.344423"><ele>186.1</ele><time>2025-10-20T11:50:27.000Z</time></trkpt>
      <trkpt lat="52.742024" lon="-1.344424"><ele>186.2</ele><time>2025-10-20T11:50:28.000Z</time></trkpt>
      <trkpt lat="52.742012" lon="-1.344426"><ele>186.3</ele><time>2025-10-20T11:50:29.000Z</time></trkpt>
      <trkpt lat="52.742000" lon="-1.344427"><ele>186.4</ele><time>2025-10-20T11:50:30.000Z</time></trkpt>
      <trkpt lat="52.741987" lon="-1.344427"><ele>186.6</ele><time>2025-10-20T11:50:31.000Z</time></trkpt>
      <trkpt lat="52.741975" lon="-1.344426"><ele>186.7</ele><time>2025-10-20T11:50:32.000Z</time></trkpt>
      <trkpt lat="52.741965" lon="-1.344425"><ele>186.9</ele><time>2025-10-20T11:50:33.000Z</time></trkpt>
      <trkpt lat="52.741955" lon="-1.344424"><ele>187.1</ele><time>2025-10-20T11:50:34.000Z</time></trkpt>
      <trkpt lat="52.741945" lon="-1.344422"><ele>187.3</ele><time>2025-10-20T11:50:35.000Z</time></trkpt>
      <trkpt lat="52.741936" lon="-1.344420"><ele>187.5</ele><time>2025-10-20T11:50:36.000Z</time></trkpt>
      <trkpt lat="52.741926" lon="-1.344418"><ele>187.7</ele><time>2025-10-20T11:50:37.000Z</time></trkpt>
      <trkpt lat="52.741917" lon="-1.344417"><ele>187.9</ele><time>2025-10-20T11:50:38.000Z</time></trkpt>
      <trkpt lat="52.741908" lon="-1.344416"><ele>188.1</ele><time>2025-10-20T11:50:39.000Z</time></trkpt>
      <trkpt lat="52.741897" lon="-1.344415"><ele>188.3</ele><time>2025-10-20T11:50:40.000Z</time></trkpt>
      <trkpt lat="52.741887" lon="-1.344416"><ele>188.5</ele><time>2025-10-20T11:50:41.000Z</time></trkpt>
      <trkpt lat="52.741878" lon="-1.344416"><ele>188.7</ele><time>2025-10-20T11:50:42.000Z</time></trkpt>
      <trkpt lat="52.741868" lon="-1.344418"><ele>188.9</ele><time>2025-10-20T11:50:43.000Z</time></trkpt>
      <trkpt lat="52.741858" lon="-1.344420"><ele>189.1</ele><time>2025-10-20T11:50:44.000Z</time></trkpt>
      <trkpt lat="52.741848" lon="-1.344422"><ele>189.3</ele><time>2025-10-20T11:50:45.000Z</time></trkpt>
      <trkpt lat="52.741839" lon="-1.344422"><ele>189.5</ele><time>2025-10-20T11:50:46.000Z</time></trkpt>
      <trkpt lat="52.741831" lon="-1.344421"><ele>189.7</ele><time>2025-10-20T11:50:47.000Z</time></trkpt>
      <trkpt lat="52.741825" lon="-1.344419"><ele>189.9</ele><time>2025-10-20T11:50:48.000Z</time></trkpt>
      <trkpt lat="52.741817" lon="-1.344416"><ele>190.0</ele><time>2025-10-20T11:50:49.000Z</time></trkpt>
      <trkpt lat="52.741809" lon="-1.344414"><ele>190.2</ele><time>2025-10-20T11:50:50.000Z</time></trkpt>
      <trkpt lat="52.741802" lon="-1.344413"><ele>190.3</ele><time>2025-10-20T11:50:51.000Z</time></trkpt>
      <trkpt lat="52.741798" lon="-1.344413"><ele>190.4</ele><time>2025-10-20T11:50:52.000Z</time></trkpt>
      <trkpt lat="52.741797" lon="-1.344412"><ele>190.6</ele><time>2025-10-20T11:50:53.000Z</time></trkpt>
      <trkpt lat="52.741797" lon="-1.344410"><ele>190.7</ele><time>2025-10-20T11:50:54.000Z</time></trkpt>
      <trkpt lat="52.741797" lon="-1.344408"><ele>190.7</ele><time>2025-10-20T11:50:55.000Z</time></trkpt>
      <trkpt lat="52.741798" lon="-1.344407"><ele>190.8</ele><time>2025-10-20T11:50:56.000Z</time></trkpt>
      <trkpt lat="52.741798" lon="-1.344406"><ele>190.9</ele><time>2025-10-20T11:50:57.000Z</time></trkpt>
      <trkpt lat="52.741799" lon="-1.344405"><ele>190.9</ele><time>2025-10-20T11:50:58.000Z</time></trkpt>
      <trkpt lat="52.741799" lon="-1.344404"><ele>190.9</ele><time>2025-10-20T11:50:59.000Z</time></trkpt>
      <trkpt lat="52.741798" lon="-1.344403"><ele>191.0</ele><time>2025-10-20T11:51:00.000Z</time></trkpt>
      <trkpt lat="52.741797" lon="-1.344403"><ele>191.0</ele><time>2025-10-20T11:51:01.000Z</time></trkpt>
      <trkpt lat="52.741793" lon="-1.344402"><ele>191.0</ele><time>2025-10-20T11:51:02.000Z</time></trkpt>
      <trkpt lat="52.741788" lon="-1.344401"><ele>191.0</ele><time>2025-10-20T11:51:03.000Z</time></trkpt>
      <trkpt lat="52.741780" lon="-1.344399"><ele>191.1</ele><time>2025-10-20T11:51:04.000Z</time></trkpt>
      <trkpt lat="52.741772" lon="-1.344396"><ele>191.1</ele><time>2025-10-20T11:51:05.000Z</time></trkpt>
      <trkpt lat="52.741763" lon="-1.344394"><ele>191.1</ele><time>2025-10-20T11:51:06.000Z</time></trkpt>
      <trkpt lat="52.741755" lon="-1.344392"><ele>191.2</ele><time>2025-10-20T11:51:07.000Z</time></trkpt>
      <trkpt lat="52.741747" lon="-1.344389"><ele>191.2</ele><time>2025-10-20T11:51:08.000Z</time></trkpt>
      <trkpt lat="52.741737" lon="-1.344385"><ele>191.3</ele><time>2025-10-20T11:51:09.000Z</time></trkpt>
      <trkpt lat="52.741727" lon="-1.344379"><ele>191.4</ele><time>2025-10-20T11:51:10.000Z</time></trkpt>
      <trkpt lat="52.741718" lon="-1.344373"><ele>191.4</ele><time>2025-10-20T11:51:11.000Z</time></trkpt>
      <trkpt lat="52.741712" lon="-1.344368"><ele>191.5</ele><time>2025-10-20T11:51:12.000Z</time></trkpt>
      <trkpt lat="52.741709" lon="-1.344365"><ele>191.6</ele><time>2025-10-20T11:51:13.000Z</time></trkpt>
      <trkpt lat="52.741708" lon="-1.344363"><ele>191.7</ele><time>2025-10-20T11:51:14.000Z</time></trkpt>
      <trkpt lat="52.741707" lon="-1.344361"><ele>191.8</ele><time>2025-10-20T11:51:15.000Z</time></trkpt>
      <trkpt lat="52.741707" lon="-1.344360"><ele>191.8</ele><time>2025-10-20T11:51:16.000Z</time></trkpt>
      <trkpt lat="52.741705" lon="-1.344358"><ele>191.9</ele><time>2025-10-20T11:51:17.000Z</time></trkpt>
      <trkpt lat="52.741701" lon="-1.344355"><ele>191.9</ele><time>2025-10-20T11:51:18.000Z</time></trkpt>
      <trkpt lat="52.741694" lon="-1.344352"><ele>192.0</ele><time>2025-10-20T11:51:19.000Z</time></trkpt>
      <trkpt lat="52.741685" lon="-1.344349"><ele>192.0</ele><time>2025-10-20T11:51:20.000Z</time></trkpt>
      <trkpt lat="52.741675" lon="-1.344346"><ele>192.0</ele><time>2025-10-20T11:51:21.000Z</time></trkpt>
      <trkpt lat="52.741666" lon="-1.344343"><ele>192.0</ele><time>2025-10-20T11:51:22.000Z</time></trkpt>
      <trkpt lat="52.741656" lon="-1.344337"><ele>192.0</ele><time>2025-10-20T11:51:23.000Z</time></trkpt>
      <trkpt lat="52.741648" lon="-1.344330"><ele>192.1</ele><time>2025-10-20T11:51:24.000Z</time></trkpt>
      <trkpt lat="52.741641" lon="-1.344321"><ele>192.2</ele><time>2025-10-20T11:51:25.000Z</time></trkpt>
      <trkpt lat="52.741634" lon="-1.344311"><ele>192.3</ele><time>2025-10-20T11:51:26.000Z</time></trkpt>
      <trkpt lat="52.741628" lon="-1.344299"><ele>192.4</ele><time>2025-10-20T11:51:27.000Z</time></trkpt>
      <trkpt lat="52.741621" lon="-1.344286"><ele>192.6</ele><time>2025-10-20T11:51:28.000Z</time></trkpt>
      <trkpt lat="52.741615" lon="-1.344274"><ele>192.7</ele><time>2025-10-20T11:51:29.000Z</time></trkpt>
      <trkpt lat="52.741608" lon="-1.344264"><ele>192.8</ele><time>2025-10-20T11:51:30.000Z</time></trkpt>
      <trkpt lat="52.741601" lon="-1.344255"><ele>192.9</ele><time>2025-10-20T11:51:31.000Z</time></trkpt>
      <trkpt lat="52.741594" lon="-1.344247"><ele>193.0</ele><time>2025-10-20T11:51:32.000Z</time></trkpt>
      <trkpt lat="52.741586" lon="-1.344237"><ele>193.1</ele><time>2025-10-20T11:51:33.000Z</time></trkpt>
      <trkpt lat="52.741579" lon="-1.344226"><ele>193.2</ele><time>2025-10-20T11:51:34.000Z</time></trkpt>
      <trkpt lat="52.741573" lon="-1.344212"><ele>193.3</ele><time>2025-10-20T11:51:35.000Z</time></trkpt>
      <trkpt lat="52.741569" lon="-1.344196"><ele>193.5</ele><time>2025-10-20T11:51:36.000Z</time></trkpt>
      <trkpt lat="52.741564" lon="-1.344181"><ele>193.6</ele><time>2025-10-20T11:51:37.000Z</time></trkpt>
      <trkpt lat="52.741559" lon="-1.344168"><ele>193.7</ele><time>2025-10-20T11:51:38.000Z</time></trkpt>
      <trkpt lat="52.741553" lon="-1.344156"><ele>193.8</ele><time>2025-10-20T11:51:39.000Z</time></trkpt>
      <trkpt lat="52.741545" lon="-1.344144"><ele>193.9</ele><time>2025-10-20T11:51:40.000Z</time></trkpt>
      <trkpt lat="52.741537" lon="-1.344133"><ele>194.1</ele><time>2025-10-20T11:51:41.000Z</time></trkpt>
      <trkpt lat="52.741530" lon="-1.344123"><ele>194.2</ele><time>2025-10-20T11:51:42.000Z</time></trkpt>
      <trkpt lat="52.741522" lon="-1.344112"><ele>194.3</ele><time>2025-10-20T11:51:43.000Z</time></trkpt>
      <trkpt lat="52.741514" lon="-1.344100"><ele>194.5</ele><time>2025-10-20T11:51:44.000Z</time></trkpt>
      <trkpt lat="52.741505" lon="-1.344089"><ele>194.6</ele><time>2025-10-20T11:51:45.000Z</time></trkpt>
      <trkpt lat="52.741498" lon="-1.344080"><ele>194.7</ele><time>2025-10-20T11:51:46.000Z</time></trkpt>
      <trkpt lat="52.741492" lon="-1.344073"><ele>194.8</ele><time>2025-10-20T11:51:47.000Z</time></trkpt>
      <trkpt lat="52.741486" lon="-1.344067"><ele>195.0</ele><time>2025-10-20T11:51:48.000Z</time></trkpt>
      <trkpt lat="52.741481" lon="-1.344058"><ele>195.1</ele><time>2025-10-20T11:51:49.000Z</time></trkpt>
      <trkpt lat="52.741475" lon="-1.344046"><ele>195.2</ele><time>2025-10-20T11:51:50.000Z</time></trkpt>
      <trkpt lat="52.741468" lon="-1.344030"><ele>195.3</ele><time>2025-10-20T11:51:51.000Z</time></trkpt>
      <trkpt lat="52.741461" lon="-1.344013"><ele>195.5</ele><time>2025-10-20T11:51:52.000Z</time></trkpt>
      <trkpt lat="52.741454" lon="-1.343998"><ele>195.6</ele><time>2025-10-20T11:51:53.000Z</time></trkpt>
      <trkpt lat="52.741448" lon="-1.343983"><ele>195.7</ele><time>2025-10-20T11:51:54.000Z</time></trkpt>
      <trkpt lat="52.741443" lon="-1.343968"><ele>195.8</ele><time>2025-10-20T11:51:55.000Z</time></trkpt>
      <trkpt lat="52.741439" lon="-1.343952"><ele>195.9</ele><time>2025-10-20T11:51:56.000Z</time></trkpt>
      <trkpt lat="52.741435" lon="-1.343935"><ele>196.0</ele><time>2025-10-20T11:51:57.000Z</time></trkpt>
      <trkpt lat="52.741430" lon="-1.343917"><ele>196.1</ele><time>2025-10-20T11:51:58.000Z</time></trkpt>
      <trkpt lat="52.741424" lon="-1.343900"><ele>196.2</ele><time>2025-10-20T11:51:59.000Z</time></trkpt>
      <trkpt lat="52.741419" lon="-1.343884"><ele>196.3</ele><time>2025-10-20T11:52:00.000Z</time></trkpt>
      <trkpt lat="52.741415" lon="-1.343868"><ele>196.4</ele><time>2025-10-20T11:52:01.000Z</time></trkpt>
      <trkpt lat="52.741411" lon="-1.343851"><ele>196.5</ele><time>2025-10-20T11:52:02.000Z</time></trkpt>
      <trkpt lat="52.741406" lon="-1.343832"><ele>196.6</ele><time>2025-10-20T11:52:03.000Z</time></trkpt>
      <trkpt lat="52.741401" lon="-1.343813"><ele>196.7</ele><time>2025-10-20T11:52:04.000Z</time></trkpt>
      <trkpt lat="52.741395" lon="-1.343797"><ele>196.8</ele><time>2025-10-20T11:52:05.000Z</time></trkpt>
      <trkpt lat="52.741389" lon="-1.343782"><ele>196.9</ele><time>2025-10-20T11:52:06.000Z</time></trkpt>
      <trkpt lat="52.741382" lon="-1.343766"><ele>197.0</ele><time>2025-10-20T11:52:07.000Z</time></trkpt>
      <trkpt lat="52.741374" lon="-1.343748"><ele>197.0</ele><time>2025-10-20T11:52:08.000Z</time></trkpt>
      <trkpt lat="52.741365" lon="-1.343731"><ele>197.1</ele><time>2025-10-20T11:52:09.000Z</time></trkpt>
      <trkpt lat="52.741357" lon="-1.343717"><ele>197.1</ele><time>2025-10-20T11:52:10.000Z</time></trkpt>
      <trkpt lat="52.741349" lon="-1.343704"><ele>197.2</ele><time>2025-10-20T11:52:11.000Z</time></trkpt>
      <trkpt lat="52.741340" lon="-1.343692"><ele>197.2</ele><time>2025-10-20T11:52:12.000Z</time></trkpt>
      <trkpt lat="52.741332" lon="-1.343679"><ele>197.2</ele><time>2025-10-20T11:52:13.000Z</time></trkpt>
      <trkpt lat="52.741323" lon="-1.343665"><ele>197.2</ele><time>2025-10-20T11:52:14.000Z</time></trkpt>
      <trkpt lat="52.741315" lon="-1.343650"><ele>197.3</ele><time>2025-10-20T11:52:15.000Z</time></trkpt>
      <trkpt lat="52.741309" lon="-1.343634"><ele>197.3</ele><time>2025-10-20T11:52:16.000Z</time></trkpt>
      <trkpt lat="52.741303" lon="-1.343618"><ele>197.3</ele><time>2025-10-20T11:52:17.000Z</time></trkpt>
      <trkpt lat="52.741297" lon="-1.343600"><ele>197.4</ele><time>2025-10-20T11:52:18.000Z</time></trkpt>
      <trkpt lat="52.741292" lon="-1.343581"><ele>197.4</ele><time>2025-10-20T11:52:19.000Z</time></trkpt>
      <trkpt lat="52.741286" lon="-1.343563"><ele>197.4</ele><time>2025-10-20T11:52:20.000Z</time></trkpt>
      <trkpt lat="52.741280" lon="-1.343548"><ele>197.5</ele><time>2025-10-20T11:52:21.000Z</time></trkpt>
      <trkpt lat="52.741274" lon="-1.343534"><ele>197.5</ele><time>2025-10-20T11:52:22.000Z</time></trkpt>
      <trkpt lat="52.741267" lon="-1.343520"><ele>197.5</ele><time>2025-10-20T11:52:23.000Z</time></trkpt>
      <trkpt lat="52.741259" lon="-1.343506"><ele>197.5</ele><time>2025-10-20T11:52:24.000Z</time></trkpt>
      <trkpt lat="52.741250" lon="-1.343490"><ele>197.5</ele><time>2025-10-20T11:52:25.000Z</time></trkpt>
      <trkpt lat="52.741241" lon="-1.343473"><ele>197.5</ele><time>2025-10-20T11:52:26.000Z</time></trkpt>
      <trkpt lat="52.741233" lon="-1.343458"><ele>197.5</ele><time>2025-10-20T11:52:27.000Z</time></trkpt>
      <trkpt lat="52.741226" lon="-1.343445"><ele>197.5</ele><time>2025-10-20T11:52:28.000Z</time></trkpt>
      <trkpt lat="52.741218" lon="-1.343433"><ele>197.5</ele><time>2025-10-20T11:52:29.000Z</time></trkpt>
      <trkpt lat="52.741209" lon="-1.343420"><ele>197.5</ele><time>2025-10-20T11:52:30.000Z</time></trkpt>
      <trkpt lat="52.741201" lon="-1.343407"><ele>197.4</ele><time>2025-10-20T11:52:31.000Z</time></trkpt>
      <trkpt lat="52.741194" lon="-1.343395"><ele>197.4</ele><time>2025-10-20T11:52:32.000Z</time></trkpt>
      <trkpt lat="52.741190" lon="-1.343382"><ele>197.4</ele><time>2025-10-20T11:52:33.000Z</time></trkpt>
      <trkpt lat="52.741185" lon="-1.343367"><ele>197.4</ele><time>2025-10-20T11:52:34.000Z</time></trkpt>
      <trkpt lat="52.741177" lon="-1.343352"><ele>197.3</ele><time>2025-10-20T11:52:35.000Z</time></trkpt>
      <trkpt lat="52.741168" lon="-1.343337"><ele>197.3</ele><time>2025-10-20T11:52:36.000Z</time></trkpt>
      <trkpt lat="52.741159" lon="-1.343323"><ele>197.3</ele><time>2025-10-20T11:52:37.000Z</time></trkpt>
      <trkpt lat="52.741150" lon="-1.343312"><ele>197.3</ele><time>2025-10-20T11:52:38.000Z</time></trkpt>
      <trkpt lat="52.741142" lon="-1.343304"><ele>197.3</ele><time>2025-10-20T11:52:39.000Z</time></trkpt>
      <trkpt lat="52.741133" lon="-1.343298"><ele>197.2</ele><time>2025-10-20T11:52:40.000Z</time></trkpt>
      <trkpt lat="52.741124" lon="-1.343292"><ele>197.2</ele><time>2025-10-20T11:52:41.000Z</time></trkpt>
      <trkpt lat="52.741116" lon="-1.343282"><ele>197.2</ele><time>2025-10-20T11:52:42.000Z</time></trkpt>
      <trkpt lat="52.741109" lon="-1.343269"><ele>197.2</ele><time>2025-10-20T11:52:43.000Z</time></trkpt>
      <trkpt lat="52.741103" lon="-1.343252"><ele>197.2</ele><time>2025-10-20T11:52:44.000Z</time></trkpt>
      <trkpt lat="52.741096" lon="-1.343233"><ele>197.2</ele><time>2025-10-20T11:52:45.000Z</time></trkpt>
      <trkpt lat="52.741089" lon="-1.343214"><ele>197.2</ele><time>2025-10-20T11:52:46.000Z</time></trkpt>
      <trkpt lat="52.741080" lon="-1.343196"><ele>197.2</ele><time>2025-10-20T11:52:47.000Z</time></trkpt>
      <trkpt lat="52.741070" lon="-1.343184"><ele>197.2</ele><time>2025-10-20T11:52:48.000Z</time></trkpt>
      <trkpt lat="52.741059" lon="-1.343178"><ele>197.2</ele><time>2025-10-20T11:52:49.000Z</time></trkpt>
      <trkpt lat="52.741048" lon="-1.343177"><ele>197.2</ele><time>2025-10-20T11:52:50.000Z</time></trkpt>
      <trkpt lat="52.741038" lon="-1.343180"><ele>197.1</ele><time>2025-10-20T11:52:51.000Z</time></trkpt>
      <trkpt lat="52.741028" lon="-1.343183"><ele>197.1</ele><time>2025-10-20T11:52:52.000Z</time></trkpt>
      <trkpt lat="52.741019" lon="-1.343185"><ele>197.1</ele><time>2025-10-20T11:52:53.000Z</time></trkpt>
      <trkpt lat="52.741009" lon="-1.343188"><ele>197.1</ele><time>2025-10-20T11:52:54.000Z</time></trkpt>
      <trkpt lat="52.740997" lon="-1.343192"><ele>197.1</ele><time>2025-10-20T11:52:55.000Z</time></trkpt>
      <trkpt lat="52.740984" lon="-1.343197"><ele>197.1</ele><time>2025-10-20T11:52:56.000Z</time></trkpt>
      <trkpt lat="52.740972" lon="-1.343203"><ele>197.2</ele><time>2025-10-20T11:52:57.000Z</time></trkpt>
      <trkpt lat="52.740961" lon="-1.343209"><ele>197.3</ele><time>2025-10-20T11:52:58.000Z</time></trkpt>
      <trkpt lat="52.740951" lon="-1.343215"><ele>197.5</ele><time>2025-10-20T11:52:59.000Z</time></trkpt>
      <trkpt lat="52.740943" lon="-1.343220"><ele>197.6</ele><time>2025-10-20T11:53:00.000Z</time></trkpt>
      <trkpt lat="52.740936" lon="-1.343224"><ele>197.8</ele><time>2025-10-20T11:53:01.000Z</time></trkpt>
      <trkpt lat="52.740932" lon="-1.343224"><ele>197.9</ele><time>2025-10-20T11:53:02.000Z</time></trkpt>
      <trkpt lat="52.740929" lon="-1.343225"><ele>198.1</ele><time>2025-10-20T11:53:03.000Z</time></trkpt>
      <trkpt lat="52.740925" lon="-1.343227"><ele>198.2</ele><time>2025-10-20T11:53:04.000Z</time></trkpt>
      <trkpt lat="52.740922" lon="-1.343229"><ele>198.3</ele><time>2025-10-20T11:53:05.000Z</time></trkpt>
      <trkpt lat="52.740918" lon="-1.343231"><ele>198.4</ele><time>2025-10-20T11:53:06.000Z</time></trkpt>
      <trkpt lat="52.740914" lon="-1.343233"><ele>198.5</ele><time>2025-10-20T11:53:07.000Z</time></trkpt>
      <trkpt lat="52.740909" lon="-1.343234"><ele>198.5</ele><time>2025-10-20T11:53:08.000Z</time></trkpt>
      <trkpt lat="52.740903" lon="-1.343236"><ele>198.6</ele><time>2025-10-20T11:53:09.000Z</time></trkpt>
      <trkpt lat="52.740895" lon="-1.343238"><ele>198.7</ele><time>2025-10-20T11:53:10.000Z</time></trkpt>
      <trkpt lat="52.740886" lon="-1.343241"><ele>198.7</ele><time>2025-10-20T11:53:11.000Z</time></trkpt>
      <trkpt lat="52.740878" lon="-1.343244"><ele>198.8</ele><time>2025-10-20T11:53:12.000Z</time></trkpt>
      <trkpt lat="52.740872" lon="-1.343247"><ele>198.8</ele><time>2025-10-20T11:53:13.000Z</time></trkpt>
      <trkpt lat="52.740866" lon="-1.343250"><ele>198.9</ele><time>2025-10-20T11:53:14.000Z</time></trkpt>
      <trkpt lat="52.740860" lon="-1.343255"><ele>199.0</ele><time>2025-10-20T11:53:15.000Z</time></trkpt>
      <trkpt lat="52.740852" lon="-1.343260"><ele>199.1</ele><time>2025-10-20T11:53:16.000Z</time></trkpt>
      <trkpt lat="52.740845" lon="-1.343264"><ele>199.3</ele><time>2025-10-20T11:53:17.000Z</time></trkpt>
      <trkpt lat="52.740838" lon="-1.343269"><ele>199.4</ele><time>2025-10-20T11:53:18.000Z</time></trkpt>
      <trkpt lat="52.740831" lon="-1.343275"><ele>199.5</ele><time>2025-10-20T11:53:19.000Z</time></trkpt>
      <trkpt lat="52.740823" lon="-1.343281"><ele>199.7</ele><time>2025-10-20T11:53:20.000Z</time></trkpt>
      <trkpt lat="52.740814" lon="-1.343288"><ele>199.8</ele><time>2025-10-20T11:53:21.000Z</time></trkpt>
      <trkpt lat="52.740807" lon="-1.343294"><ele>199.9</ele><time>2025-10-20T11:53:22.000Z</time></trkpt>
      <trkpt lat="52.740798" lon="-1.343300"><ele>200.1</ele><time>2025-10-20T11:53:23.000Z</time></trkpt>
      <trkpt lat="52.740788" lon="-1.343306"><ele>200.2</ele><time>2025-10-20T11:53:24.000Z</time></trkpt>
      <trkpt lat="52.740779" lon="-1.343310"><ele>200.4</ele><time>2025-10-20T11:53:25.000Z</time></trkpt>
      <trkpt lat="52.740770" lon="-1.343313"><ele>200.6</ele><time>2025-10-20T11:53:26.000Z</time></trkpt>
      <trkpt lat="52.740764" lon="-1.343315"><ele>200.7</ele><time>2025-10-20T11:53:27.000Z</time></trkpt>
      <trkpt lat="52.740759" lon="-1.343316"><ele>200.9</ele><time>2025-10-20T11:53:28.000Z</time></trkpt>
      <trkpt lat="52.740756" lon="-1.343316"><ele>201.1</ele><time>2025-10-20T11:53:29.000Z</time></trkpt>
      <trkpt lat="52.740752" lon="-1.343317"><ele>201.3</ele><time>2025-10-20T11:53:30.000Z</time></trkpt>
      <trkpt lat="52.740749" lon="-1.343318"><ele>201.4</ele><time>2025-10-20T11:53:31.000Z</time></trkpt>
      <trkpt lat="52.740746" lon="-1.343320"><ele>201.5</ele><time>2025-10-20T11:53:32.000Z</time></trkpt>
      <trkpt lat="52.740742" lon="-1.343323"><ele>201.6</ele><time>2025-10-20T11:53:33.000Z</time></trkpt>
      <trkpt lat="52.740739" lon="-1.343326"><ele>201.6</ele><time>2025-10-20T11:53:34.000Z</time></trkpt>
      <trkpt lat="52.740736" lon="-1.343328"><ele>201.7</ele><time>2025-10-20T11:53:35.000Z</time></trkpt>
      <trkpt lat="52.740731" lon="-1.343328"><ele>201.7</ele><time>2025-10-20T11:53:36.000Z</time></trkpt>
      <trkpt lat="52.740726" lon="-1.343327"><ele>201.8</ele><time>2025-10-20T11:53:37.000Z</time></trkpt>
      <trkpt lat="52.740717" lon="-1.343324"><ele>201.9</ele><time>2025-10-20T11:53:38.000Z</time></trkpt>
      <trkpt lat="52.740707" lon="-1.343321"><ele>201.9</ele><time>2025-10-20T11:53:39.000Z</time></trkpt>
      <trkpt lat="52.740696" lon="-1.343318"><ele>202.0</ele><time>2025-10-20T11:53:40.000Z</time></trkpt>
      <trkpt lat="52.740686" lon="-1.343315"><ele>202.2</ele><time>2025-10-20T11:53:41.000Z</time></trkpt>
      <trkpt lat="52.740676" lon="-1.343311"><ele>202.3</ele><time>2025-10-20T11:53:42.000Z</time></trkpt>
      <trkpt lat="52.740666" lon="-1.343308"><ele>202.5</ele><time>2025-10-20T11:53:43.000Z</time></trkpt>
      <trkpt lat="52.740656" lon="-1.343304"><ele>202.6</ele><time>2025-10-20T11:53:44.000Z</time></trkpt>
      <trkpt lat="52.740646" lon="-1.343301"><ele>202.8</ele><time>2025-10-20T11:53:45.000Z</time></trkpt>
      <trkpt lat="52.740636" lon="-1.343298"><ele>202.9</ele><time>2025-10-20T11:53:46.000Z</time></trkpt>
      <trkpt lat="52.740625" lon="-1.343294"><ele>203.1</ele><time>2025-10-20T11:53:47.000Z</time></trkpt>
      <trkpt lat="52.740614" lon="-1.343290"><ele>203.2</ele><time>2025-10-20T11:53:48.000Z</time></trkpt>
      <trkpt lat="52.740603" lon="-1.343286"><ele>203.4</ele><time>2025-10-20T11:53:49.000Z</time></trkpt>
      <trkpt lat="52.740592" lon="-1.343282"><ele>203.5</ele><time>2025-10-20T11:53:50.000Z</time></trkpt>
      <trkpt lat="52.740581" lon="-1.343277"><ele>203.7</ele><time>2025-10-20T11:53:51.000Z</time></trkpt>
      <trkpt lat="52.740570" lon="-1.343271"><ele>203.8</ele><time>2025-10-20T11:53:52.000Z</time></trkpt>
      <trkpt lat="52.740559" lon="-1.343265"><ele>203.9</ele><time>2025-10-20T11:53:53.000Z</time></trkpt>
      <trkpt lat="52.740548" lon="-1.343260"><ele>204.1</ele><time>2025-10-20T11:53:54.000Z</time></trkpt>
      <trkpt lat="52.740537" lon="-1.343255"><ele>204.2</ele><time>2025-10-20T11:53:55.000Z</time></trkpt>
      <trkpt lat="52.740526" lon="-1.343251"><ele>204.3</ele><time>2025-10-20T11:53:56.000Z</time></trkpt>
      <trkpt lat="52.740515" lon="-1.343246"><ele>204.4</ele><time>2025-10-20T11:53:57.000Z</time></trkpt>
      <trkpt lat="52.740504" lon="-1.343242"><ele>204.5</ele><time>2025-10-20T11:53:58.000Z</time></trkpt>
      <trkpt lat="52.740493" lon="-1.343239"><ele>204.6</ele><time>2025-10-20T11:53:59.000Z</time></trkpt>
      <trkpt lat="52.740484" lon="-1.343238"><ele>204.7</ele><time>2025-10-20T11:54:00.000Z</time></trkpt>
      <trkpt lat="52.740476" lon="-1.343235"><ele>204.8</ele><time>2025-10-20T11:54:01.000Z</time></trkpt>
      <trkpt lat="52.740469" lon="-1.343233"><ele>204.8</ele><time>2025-10-20T11:54:02.000Z</time></trkpt>
      <trkpt lat="52.740464" lon="-1.343230"><ele>204.9</ele><time>2025-10-20T11:54:03.000Z</time></trkpt>
      <trkpt lat="52.740457" lon="-1.343227"><ele>205.0</ele><time>2025-10-20T11:54:04.000Z</time></trkpt>
      <trkpt lat="52.740447" lon="-1.343224"><ele>205.0</ele><time>2025-10-20T11:54:05.000Z</time></trkpt>
      <trkpt lat="52.740434" lon="-1.343222"><ele>205.1</ele><time>2025-10-20T11:54:06.000Z</time></trkpt>
      <trkpt lat="52.740421" lon="-1.343221"><ele>205.1</ele><time>2025-10-20T11:54:07.000Z</time></trkpt>
      <trkpt lat="52.740408" lon="-1.343223"><ele>205.1</ele><time>2025-10-20T11:54:08.000Z</time></trkpt>
      <trkpt lat="52.740397" lon="-1.343225"><ele>205.1</ele><time>2025-10-20T11:54:09.000Z</time></trkpt>
      <trkpt lat="52.740387" lon="-1.343224"><ele>205.2</ele><time>2025-10-20T11:54:10.000Z</time></trkpt>
      <trkpt lat="52.740378" lon="-1.343221"><ele>205.2</ele><time>2025-10-20T11:54:11.000Z</time></trkpt>
      <trkpt lat="52.740369" lon="-1.343215"><ele>205.3</ele><time>2025-10-20T11:54:12.000Z</time></trkpt>
      <trkpt lat="52.740362" lon="-1.343206"><ele>205.3</ele><time>2025-10-20T11:54:13.000Z</time></trkpt>
      <trkpt lat="52.740355" lon="-1.343195"><ele>205.3</ele><time>2025-10-20T11:54:14.000Z</time></trkpt>
      <trkpt lat="52.740349" lon="-1.343183"><ele>205.4</ele><time>2025-10-20T11:54:15.000Z</time></trkpt>
      <trkpt lat="52.740342" lon="-1.343169"><ele>205.4</ele><time>2025-10-20T11:54:16.000Z</time></trkpt>
      <trkpt lat="52.740336" lon="-1.343152"><ele>205.4</ele><time>2025-10-20T11:54:17.000Z</time></trkpt>
      <trkpt lat="52.740328" lon="-1.343137"><ele>205.4</ele><time>2025-10-20T11:54:18.000Z</time></trkpt>
      <trkpt lat="52.740320" lon="-1.343125"><ele>205.4</ele><time>2025-10-20T11:54:19.000Z</time></trkpt>
      <trkpt lat="52.740311" lon="-1.343116"><ele>205.4</ele><time>2025-10-20T11:54:20.000Z</time></trkpt>
      <trkpt lat="52.740302" lon="-1.343105"><ele>205.4</ele><time>2025-10-20T11:54:21.000Z</time></trkpt>
      <trkpt lat="52.740293" lon="-1.343091"><ele>205.4</ele><time>2025-10-20T11:54:22.000Z</time></trkpt>
      <trkpt lat="52.740282" lon="-1.343075"><ele>205.4</ele><time>2025-10-20T11:54:23.000Z</time></trkpt>
      <trkpt lat="52.740273" lon="-1.343058"><ele>205.5</ele><time>2025-10-20T11:54:24.000Z</time></trkpt>
      <trkpt lat="52.740265" lon="-1.343043"><ele>205.5</ele><time>2025-10-20T11:54:25.000Z</time></trkpt>
      <trkpt lat="52.740259" lon="-1.343027"><ele>205.5</ele><time>2025-10-20T11:54:26.000Z</time></trkpt>
      <trkpt lat="52.740251" lon="-1.343010"><ele>205.5</ele><time>2025-10-20T11:54:27.000Z</time></trkpt>
      <trkpt lat="52.740243" lon="-1.342993"><ele>205.6</ele><time>2025-10-20T11:54:28.000Z</time></trkpt>
      <trkpt lat="52.740235" lon="-1.342976"><ele>205.6</ele><time>2025-10-20T11:54:29.000Z</time></trkpt>
      <trkpt lat="52.740228" lon="-1.342959"><ele>205.6</ele><time>2025-10-20T11:54:30.000Z</time></trkpt>
      <trkpt lat="52.740220" lon="-1.342943"><ele>205.6</ele><time>2025-10-20T11:54:32.000Z</time></trkpt>
      <trkpt lat="52.740210" lon="-1.342929"><ele>205.6</ele><time>2025-10-20T11:54:33.000Z</time></trkpt>
      <trkpt lat="52.740201" lon="-1.342915"><ele>205.6</ele><time>2025-10-20T11:54:34.000Z</time></trkpt>
      <trkpt lat="52.740190" lon="-1.342904"><ele>205.6</ele><time>2025-10-20T11:54:35.000Z</time></trkpt>
      <trkpt lat="52.740181" lon="-1.342893"><ele>205.6</ele><time>2025-10-20T11:54:36.000Z</time></trkpt>
      <trkpt lat="52.740172" lon="-1.342882"><ele>205.6</ele><time>2025-10-20T11:54:37.000Z</time></trkpt>
      <trkpt lat="52.740163" lon="-1.342870"><ele>205.6</ele><time>2025-10-20T11:54:38.000Z</time></trkpt>
      <trkpt lat="52.740154" lon="-1.342857"><ele>205.6</ele><time>2025-10-20T11:54:39.000Z</time></trkpt>
      <trkpt lat="52.740144" lon="-1.342844"><ele>205.6</ele><time>2025-10-20T11:54:40.000Z</time></trkpt>
      <trkpt lat="52.740133" lon="-1.342831"><ele>205.6</ele><time>2025-10-20T11:54:41.000Z</time></trkpt>
      <trkpt lat="52.740124" lon="-1.342818"><ele>205.6</ele><time>2025-10-20T11:54:42.000Z</time></trkpt>
      <trkpt lat="52.740116" lon="-1.342806"><ele>205.6</ele><time>2025-10-20T11:54:43.000Z</time></trkpt>
      <trkpt lat="52.740109" lon="-1.342796"><ele>205.7</ele><time>2025-10-20T11:54:44.000Z</time></trkpt>
      <trkpt lat="52.740101" lon="-1.342787"><ele>205.7</ele><time>2025-10-20T11:54:45.000Z</time></trkpt>
      <trkpt lat="52.740090" lon="-1.342776"><ele>205.7</ele><time>2025-10-20T11:54:46.000Z</time></trkpt>
      <trkpt lat="52.740078" lon="-1.342763"><ele>205.8</ele><time>2025-10-20T11:54:47.000Z</time></trkpt>
      <trkpt lat="52.740067" lon="-1.342749"><ele>205.8</ele><time>2025-10-20T11:54:48.000Z</time></trkpt>
      <trkpt lat="52.740057" lon="-1.342736"><ele>205.8</ele><time>2025-10-20T11:54:49.000Z</time></trkpt>
      <trkpt lat="52.740048" lon="-1.342722"><ele>205.8</ele><time>2025-10-20T11:54:50.000Z</time></trkpt>
      <trkpt lat="52.740040" lon="-1.342708"><ele>205.8</ele><time>2025-10-20T11:54:51.000Z</time></trkpt>
      <trkpt lat="52.740033" lon="-1.342695"><ele>205.8</ele><time>2025-10-20T11:54:52.000Z</time></trkpt>
      <trkpt lat="52.740024" lon="-1.342682"><ele>205.8</ele><time>2025-10-20T11:54:53.000Z</time></trkpt>
      <trkpt lat="52.740016" lon="-1.342670"><ele>205.8</ele><time>2025-10-20T11:54:54.000Z</time></trkpt>
      <trkpt lat="52.740007" lon="-1.342657"><ele>205.8</ele><time>2025-10-20T11:54:55.000Z</time></trkpt>
      <trkpt lat="52.739998" lon="-1.342645"><ele>205.8</ele><time>2025-10-20T11:54:56.000Z</time></trkpt>
      <trkpt lat="52.739989" lon="-1.342633"><ele>205.8</ele><time>2025-10-20T11:54:57.000Z</time></trkpt>
      <trkpt lat="52.739978" lon="-1.342621"><ele>205.8</ele><time>2025-10-20T11:54:58.000Z</time></trkpt>
      <trkpt lat="52.739967" lon="-1.342610"><ele>205.8</ele><time>2025-10-20T11:54:59.000Z</time></trkpt>
      <trkpt lat="52.739956" lon="-1.342600"><ele>205.8</ele><time>2025-10-20T11:55:00.000Z</time></trkpt>
      <trkpt lat="52.739943" lon="-1.342590"><ele>205.7</ele><time>2025-10-20T11:55:01.000Z</time></trkpt>
      <trkpt lat="52.739930" lon="-1.342582"><ele>205.7</ele><time>2025-10-20T11:55:02.000Z</time></trkpt>
      <trkpt lat="52.739918" lon="-1.342577"><ele>205.7</ele><time>2025-10-20T11:55:03.000Z</time></trkpt>
      <trkpt lat="52.739908" lon="-1.342573"><ele>205.7</ele><time>2025-10-20T11:55:04.000Z</time></trkpt>
      <trkpt lat="52.739900" lon="-1.342568"><ele>205.7</ele><time>2025-10-20T11:55:05.000Z</time></trkpt>
      <trkpt lat="52.739891" lon="-1.342563"><ele>205.8</ele><time>2025-10-20T11:55:06.000Z</time></trkpt>
      <trkpt lat="52.739881" lon="-1.342557"><ele>205.8</ele><time>2025-10-20T11:55:07.000Z</time></trkpt>
      <trkpt lat="52.739870" lon="-1.342552"><ele>205.8</ele><time>2025-10-20T11:55:08.000Z</time></trkpt>
      <trkpt lat="52.739858" lon="-1.342547"><ele>205.9</ele><time>2025-10-20T11:55:09.000Z</time></trkpt>
      <trkpt lat="52.739846" lon="-1.342544"><ele>206.0</ele><time>2025-10-20T11:55:10.000Z</time></trkpt>
      <trkpt lat="52.739833" lon="-1.342541"><ele>206.1</ele><time>2025-10-20T11:55:11.000Z</time></trkpt>
      <trkpt lat="52.739821" lon="-1.342537"><ele>206.2</ele><time>2025-10-20T11:55:12.000Z</time></trkpt>
      <trkpt lat="52.739808" lon="-1.342533"><ele>206.4</ele><time>2025-10-20T11:55:13.000Z</time></trkpt>
      <trkpt lat="52.739796" lon="-1.342529"><ele>206.5</ele><time>2025-10-20T11:55:14.000Z</time></trkpt>
      <trkpt lat="52.739785" lon="-1.342524"><ele>206.6</ele><time>2025-10-20T11:55:15.000Z</time></trkpt>
      <trkpt lat="52.739773" lon="-1.342521"><ele>206.7</ele><time>2025-10-20T11:55:16.000Z</time></trkpt>
      <trkpt lat="52.739762" lon="-1.342518"><ele>206.8</ele><time>2025-10-20T11:55:17.000Z</time></trkpt>
      <trkpt lat="52.739752" lon="-1.342514"><ele>206.9</ele><time>2025-10-20T11:55:18.000Z</time></trkpt>
      <trkpt lat="52.739741" lon="-1.342508"><ele>206.9</ele><time>2025-10-20T11:55:19.000Z</time></trkpt>
      <trkpt lat="52.739730" lon="-1.342500"><ele>207.0</ele><time>2025-10-20T11:55:20.000Z</time></trkpt>
      <trkpt lat="52.739719" lon="-1.342491"><ele>207.0</ele><time>2025-10-20T11:55:21.000Z</time></trkpt>
      <trkpt lat="52.739709" lon="-1.342482"><ele>207.0</ele><time>2025-10-20T11:55:22.000Z</time></trkpt>
      <trkpt lat="52.739700" lon="-1.342472"><ele>207.0</ele><time>2025-10-20T11:55:23.000Z</time></trkpt>
      <trkpt lat="52.739691" lon="-1.342462"><ele>207.0</ele><time>2025-10-20T11:55:24.000Z</time></trkpt>
      <trkpt lat="52.739682" lon="-1.342453"><ele>207.0</ele><time>2025-10-20T11:55:25.000Z</time></trkpt>
      <trkpt lat="52.739671" lon="-1.342445"><ele>207.0</ele><time>2025-10-20T11:55:26.000Z</time></trkpt>
      <trkpt lat="52.739660" lon="-1.342437"><ele>207.1</ele><time>2025-10-20T11:55:27.000Z</time></trkpt>
      <trkpt lat="52.739648" lon="-1.342431"><ele>207.1</ele><time>2025-10-20T11:55:28.000Z</time></trkpt>
      <trkpt lat="52.739637" lon="-1.342426"><ele>207.2</ele><time>2025-10-20T11:55:29.000Z</time></trkpt>
      <trkpt lat="52.739625" lon="-1.342424"><ele>207.3</ele><time>2025-10-20T11:55:30.000Z</time></trkpt>
      <trkpt lat="52.739612" lon="-1.342422"><ele>207.4</ele><time>2025-10-20T11:55:31.000Z</time></trkpt>
      <trkpt lat="52.739599" lon="-1.342421"><ele>207.5</ele><time>2025-10-20T11:55:32.000Z</time></trkpt>
      <trkpt lat="52.739586" lon="-1.342418"><ele>207.6</ele><time>2025-10-20T11:55:33.000Z</time></trkpt>
      <trkpt lat="52.739573" lon="-1.342414"><ele>207.6</ele><time>2025-10-20T11:55:34.000Z</time></trkpt>
      <trkpt lat="52.739562" lon="-1.342408"><ele>207.7</ele><time>2025-10-20T11:55:35.000Z</time></trkpt>
      <trkpt lat="52.739550" lon="-1.342401"><ele>207.7</ele><time>2025-10-20T11:55:36.000Z</time></trkpt>
      <trkpt lat="52.739538" lon="-1.342392"><ele>207.8</ele><time>2025-10-20T11:55:37.000Z</time></trkpt>
      <trkpt lat="52.739525" lon="-1.342382"><ele>207.8</ele><time>2025-10-20T11:55:38.000Z</time></trkpt>
      <trkpt lat="52.739512" lon="-1.342371"><ele>207.8</ele><time>2025-10-20T11:55:39.000Z</time></trkpt>
      <trkpt lat="52.739501" lon="-1.342363"><ele>207.8</ele><time>2025-10-20T11:55:40.000Z</time></trkpt>
      <trkpt lat="52.739491" lon="-1.342358"><ele>207.8</ele><time>2025-10-20T11:55:41.000Z</time></trkpt>
      <trkpt lat="52.739482" lon="-1.342355"><ele>207.8</ele><time>2025-10-20T11:55:42.000Z</time></trkpt>
      <trkpt lat="52.739473" lon="-1.342353"><ele>207.8</ele><time>2025-10-20T11:55:43.000Z</time></trkpt>
      <trkpt lat="52.739463" lon="-1.342353"><ele>207.8</ele><time>2025-10-20T11:55:44.000Z</time></trkpt>
      <trkpt lat="52.739454" lon="-1.342357"><ele>207.7</ele><time>2025-10-20T11:55:45.000Z</time></trkpt>
      <trkpt lat="52.739446" lon="-1.342363"><ele>207.7</ele><time>2025-10-20T11:55:46.000Z</time></trkpt>
      <trkpt lat="52.739438" lon="-1.342371"><ele>207.6</ele><time>2025-10-20T11:55:47.000Z</time></trkpt>
      <trkpt lat="52.739429" lon="-1.342381"><ele>207.6</ele><time>2025-10-20T11:55:48.000Z</time></trkpt>
      <trkpt lat="52.739423" lon="-1.342389"><ele>207.5</ele><time>2025-10-20T11:55:49.000Z</time></trkpt>
      <trkpt lat="52.739417" lon="-1.342394"><ele>207.4</ele><time>2025-10-20T11:55:50.000Z</time></trkpt>
      <trkpt lat="52.739413" lon="-1.342399"><ele>207.3</ele><time>2025-10-20T11:55:51.000Z</time></trkpt>
      <trkpt lat="52.739411" lon="-1.342402"><ele>207.2</ele><time>2025-10-20T11:55:52.000Z</time></trkpt>
      <trkpt lat="52.739409" lon="-1.342404"><ele>207.1</ele><time>2025-10-20T11:55:53.000Z</time></trkpt>
      <trkpt lat="52.739406" lon="-1.342407"><ele>207.1</ele><time>2025-10-20T11:55:54.000Z</time></trkpt>
      <trkpt lat="52.739403" lon="-1.342409"><ele>207.0</ele><time>2025-10-20T11:55:55.000Z</time></trkpt>
      <trkpt lat="52.739397" lon="-1.342412"><ele>206.9</ele><time>2025-10-20T11:55:56.000Z</time></trkpt>
      <trkpt lat="52.739390" lon="-1.342417"><ele>206.9</ele><time>2025-10-20T11:55:57.000Z</time></trkpt>
      <trkpt lat="52.739381" lon="-1.342422"><ele>206.8</ele><time>2025-10-20T11:55:58.000Z</time></trkpt>
      <trkpt lat="52.739371" lon="-1.342427"><ele>206.8</ele><time>2025-10-20T11:55:59.000Z</time></trkpt>
      <trkpt lat="52.739360" lon="-1.342432"><ele>206.7</ele><time>2025-10-20T11:56:00.000Z</time></trkpt>
      <trkpt lat="52.739350" lon="-1.342436"><ele>206.6</ele><time>2025-10-20T11:56:01.000Z</time></trkpt>
      <trkpt lat="52.739340" lon="-1.342438"><ele>206.5</ele><time>2025-10-20T11:56:02.000Z</time></trkpt>
      <trkpt lat="52.739330" lon="-1.342439"><ele>206.4</ele><time>2025-10-20T11:56:03.000Z</time></trkpt>
      <trkpt lat="52.739321" lon="-1.342441"><ele>206.2</ele><time>2025-10-20T11:56:04.000Z</time></trkpt>
      <trkpt lat="52.739310" lon="-1.342445"><ele>206.0</ele><time>2025-10-20T11:56:05.000Z</time></trkpt>
      <trkpt lat="52.739299" lon="-1.342451"><ele>205.9</ele><time>2025-10-20T11:56:06.000Z</time></trkpt>
      <trkpt lat="52.739287" lon="-1.342458"><ele>205.8</ele><time>2025-10-20T11:56:07.000Z</time></trkpt>
      <trkpt lat="52.739276" lon="-1.342465"><ele>205.7</ele><time>2025-10-20T11:56:08.000Z</time></trkpt>
      <trkpt lat="52.739265" lon="-1.342473"><ele>205.6</ele><time>2025-10-20T11:56:09.000Z</time></trkpt>
      <trkpt lat="52.739255" lon="-1.342482"><ele>205.6</ele><time>2025-10-20T11:56:10.000Z</time></trkpt>
      <trkpt lat="52.739246" lon="-1.342491"><ele>205.5</ele><time>2025-10-20T11:56:11.000Z</time></trkpt>
      <trkpt lat="52.739239" lon="-1.342499"><ele>205.4</ele><time>2025-10-20T11:56:12.000Z</time></trkpt>
      <trkpt lat="52.739231" lon="-1.342507"><ele>205.2</ele><time>2025-10-20T11:56:13.000Z</time></trkpt>
      <trkpt lat="52.739224" lon="-1.342517"><ele>205.0</ele><time>2025-10-20T11:56:14.000Z</time></trkpt>
      <trkpt lat="52.739216" lon="-1.342529"><ele>204.7</ele><time>2025-10-20T11:56:15.000Z</time></trkpt>
      <trkpt lat="52.739207" lon="-1.342543"><ele>204.4</ele><time>2025-10-20T11:56:16.000Z</time></trkpt>
      <trkpt lat="52.739198" lon="-1.342560"><ele>204.2</ele><time>2025-10-20T11:56:17.000Z</time></trkpt>
      <trkpt lat="52.739189" lon="-1.342577"><ele>203.9</ele><time>2025-10-20T11:56:18.000Z</time></trkpt>
      <trkpt lat="52.739180" lon="-1.342593"><ele>203.6</ele><time>2025-10-20T11:56:19.000Z</time></trkpt>
      <trkpt lat="52.739172" lon="-1.342604"><ele>203.4</ele><time>2025-10-20T11:56:20.000Z</time></trkpt>
      <trkpt lat="52.739164" lon="-1.342614"><ele>203.1</ele><time>2025-10-20T11:56:21.000Z</time></trkpt>
      <trkpt lat="52.739155" lon="-1.342622"><ele>202.9</ele><time>2025-10-20T11:56:22.000Z</time></trkpt>
      <trkpt lat="52.739146" lon="-1.342628"><ele>202.6</ele><time>2025-10-20T11:56:23.000Z</time></trkpt>
      <trkpt lat="52.739137" lon="-1.342636"><ele>202.4</ele><time>2025-10-20T11:56:24.000Z</time></trkpt>
      <trkpt lat="52.739128" lon="-1.342647"><ele>202.1</ele><time>2025-10-20T11:56:25.000Z</time></trkpt>
      <trkpt lat="52.739119" lon="-1.342661"><ele>201.9</ele><time>2025-10-20T11:56:26.000Z</time></trkpt>
      <trkpt lat="52.739111" lon="-1.342675"><ele>201.7</ele><time>2025-10-20T11:56:27.000Z</time></trkpt>
      <trkpt lat="52.739105" lon="-1.342689"><ele>201.5</ele><time>2025-10-20T11:56:28.000Z</time></trkpt>
      <trkpt lat="52.739099" lon="-1.342704"><ele>201.4</ele><time>2025-10-20T11:56:29.000Z</time></trkpt>
      <trkpt lat="52.739095" lon="-1.342720"><ele>201.2</ele><time>2025-10-20T11:56:30.000Z</time></trkpt>
      <trkpt lat="52.739090" lon="-1.342738"><ele>201.1</ele><time>2025-10-20T11:56:31.000Z</time></trkpt>
      <trkpt lat="52.739086" lon="-1.342757"><ele>200.9</ele><time>2025-10-20T11:56:32.000Z</time></trkpt>
      <trkpt lat="52.739082" lon="-1.342777"><ele>200.8</ele><time>2025-10-20T11:56:33.000Z</time></trkpt>
      <trkpt lat="52.739079" lon="-1.342796"><ele>200.6</ele><time>2025-10-20T11:56:34.000Z</time></trkpt>
      <trkpt lat="52.739077" lon="-1.342815"><ele>200.4</ele><time>2025-10-20T11:56:35.000Z</time></trkpt>
      <trkpt lat="52.739074" lon="-1.342834"><ele>200.2</ele><time>2025-10-20T11:56:36.000Z</time></trkpt>
      <trkpt lat="52.739070" lon="-1.342855"><ele>200.0</ele><time>2025-10-20T11:56:37.000Z</time></trkpt>
      <trkpt lat="52.739066" lon="-1.342875"><ele>199.9</ele><time>2025-10-20T11:56:38.000Z</time></trkpt>
      <trkpt lat="52.739064" lon="-1.342894"><ele>199.7</ele><time>2025-10-20T11:56:39.000Z</time></trkpt>
      <trkpt lat="52.739061" lon="-1.342910"><ele>199.5</ele><time>2025-10-20T11:56:40.000Z</time></trkpt>
      <trkpt lat="52.739059" lon="-1.342925"><ele>199.3</ele><time>2025-10-20T11:56:41.000Z</time></trkpt>
      <trkpt lat="52.739058" lon="-1.342942"><ele>199.1</ele><time>2025-10-20T11:56:42.000Z</time></trkpt>
      <trkpt lat="52.739057" lon="-1.342960"><ele>199.0</ele><time>2025-10-20T11:56:43.000Z</time></trkpt>
      <trkpt lat="52.739056" lon="-1.342979"><ele>198.8</ele><time>2025-10-20T11:56:44.000Z</time></trkpt>
      <trkpt lat="52.739055" lon="-1.342998"><ele>198.6</ele><time>2025-10-20T11:56:45.000Z</time></trkpt>
      <trkpt lat="52.739053" lon="-1.343017"><ele>198.4</ele><time>2025-10-20T11:56:46.000Z</time></trkpt>
      <trkpt lat="52.739052" lon="-1.343037"><ele>198.2</ele><time>2025-10-20T11:56:47.000Z</time></trkpt>
      <trkpt lat="52.739052" lon="-1.343059"><ele>198.0</ele><time>2025-10-20T11:56:48.000Z</time></trkpt>
      <trkpt lat="52.739054" lon="-1.343081"><ele>197.9</ele><time>2025-10-20T11:56:49.000Z</time></trkpt>
      <trkpt lat="52.739056" lon="-1.343102"><ele>197.7</ele><time>2025-10-20T11:56:50.000Z</time></trkpt>
      <trkpt lat="52.739058" lon="-1.343123"><ele>197.5</ele><time>2025-10-20T11:56:51.000Z</time></trkpt>
      <trkpt lat="52.739060" lon="-1.343145"><ele>197.4</ele><time>2025-10-20T11:56:52.000Z</time></trkpt>
      <trkpt lat="52.739063" lon="-1.343166"><ele>197.3</ele><time>2025-10-20T11:56:53.000Z</time></trkpt>
      <trkpt lat="52.739064" lon="-1.343187"><ele>197.2</ele><time>2025-10-20T11:56:54.000Z</time></trkpt>
      <trkpt lat="52.739066" lon="-1.343207"><ele>197.1</ele><time>2025-10-20T11:56:55.000Z</time></trkpt>
      <trkpt lat="52.739068" lon="-1.343228"><ele>197.0</ele><time>2025-10-20T11:56:56.000Z</time></trkpt>
      <trkpt lat="52.739070" lon="-1.343249"><ele>197.0</ele><time>2025-10-20T11:56:57.000Z</time></trkpt>
      <trkpt lat="52.739072" lon="-1.343268"><ele>196.9</ele><time>2025-10-20T11:56:58.000Z</time></trkpt>
      <trkpt lat="52.739075" lon="-1.343287"><ele>196.8</ele><time>2025-10-20T11:56:59.000Z</time></trkpt>
      <trkpt lat="52.739079" lon="-1.343306"><ele>196.7</ele><time>2025-10-20T11:57:00.000Z</time></trkpt>
      <trkpt lat="52.739082" lon="-1.343326"><ele>196.7</ele><time>2025-10-20T11:57:01.000Z</time></trkpt>
      <trkpt lat="52.739086" lon="-1.343345"><ele>196.6</ele><time>2025-10-20T11:57:02.000Z</time></trkpt>
      <trkpt lat="52.739089" lon="-1.343364"><ele>196.4</ele><time>2025-10-20T11:57:03.000Z</time></trkpt>
      <trkpt lat="52.739093" lon="-1.343382"><ele>196.3</ele><time>2025-10-20T11:57:04.000Z</time></trkpt>
      <trkpt lat="52.739096" lon="-1.343399"><ele>196.2</ele><time>2025-10-20T11:57:05.000Z</time></trkpt>
      <trkpt lat="52.739099" lon="-1.343417"><ele>196.1</ele><time>2025-10-20T11:57:06.000Z</time></trkpt>
      <trkpt lat="52.739103" lon="-1.343436"><ele>196.0</ele><time>2025-10-20T11:57:07.000Z</time></trkpt>
      <trkpt lat="52.739106" lon="-1.343455"><ele>195.9</ele><time>2025-10-20T11:57:08.000Z</time></trkpt>
      <trkpt lat="52.739111" lon="-1.343474"><ele>195.8</ele><time>2025-10-20T11:57:09.000Z</time></trkpt>
      <trkpt lat="52.739117" lon="-1.343491"><ele>195.7</ele><time>2025-10-20T11:57:10.000Z</time></trkpt>
      <trkpt lat="52.739123" lon="-1.343509"><ele>195.7</ele><time>2025-10-20T11:57:11.000Z</time></trkpt>
      <trkpt lat="52.739129" lon="-1.343526"><ele>195.6</ele><time>2025-10-20T11:57:12.000Z</time></trkpt>
      <trkpt lat="52.739134" lon="-1.343544"><ele>195.6</ele><time>2025-10-20T11:57:13.000Z</time></trkpt>
      <trkpt lat="52.739139" lon="-1.343562"><ele>195.5</ele><time>2025-10-20T11:57:14.000Z</time></trkpt>
      <trkpt lat="52.739144" lon="-1.343581"><ele>195.5</ele><time>2025-10-20T11:57:15.000Z</time></trkpt>
      <trkpt lat="52.739149" lon="-1.343600"><ele>195.5</ele><time>2025-10-20T11:57:16.000Z</time></trkpt>
      <trkpt lat="52.739155" lon="-1.343619"><ele>195.5</ele><time>2025-10-20T11:57:17.000Z</time></trkpt>
      <trkpt lat="52.739161" lon="-1.343636"><ele>195.4</ele><time>2025-10-20T11:57:18.000Z</time></trkpt>
      <trkpt lat="52.739167" lon="-1.343652"><ele>195.4</ele><time>2025-10-20T11:57:19.000Z</time></trkpt>
      <trkpt lat="52.739173" lon="-1.343669"><ele>195.3</ele><time>2025-10-20T11:57:20.000Z</time></trkpt>
      <trkpt lat="52.739180" lon="-1.343687"><ele>195.3</ele><time>2025-10-20T11:57:21.000Z</time></trkpt>
      <trkpt lat="52.739187" lon="-1.343707"><ele>195.2</ele><time>2025-10-20T11:57:22.000Z</time></trkpt>
      <trkpt lat="52.739195" lon="-1.343728"><ele>195.2</ele><time>2025-10-20T11:57:23.000Z</time></trkpt>
      <trkpt lat="52.739200" lon="-1.343747"><ele>195.1</ele><time>2025-10-20T11:57:24.000Z</time></trkpt>
      <trkpt lat="52.739202" lon="-1.343768"><ele>195.0</ele><time>2025-10-20T11:57:25.000Z</time></trkpt>
      <trkpt lat="52.739204" lon="-1.343789"><ele>195.0</ele><time>2025-10-20T11:57:26.000Z</time></trkpt>
      <trkpt lat="52.739204" lon="-1.343809"><ele>194.9</ele><time>2025-10-20T11:57:27.000Z</time></trkpt>
      <trkpt lat="52.739206" lon="-1.343828"><ele>194.9</ele><time>2025-10-20T11:57:28.000Z</time></trkpt>
      <trkpt lat="52.739210" lon="-1.343846"><ele>194.9</ele><time>2025-10-20T11:57:29.000Z</time></trkpt>
      <trkpt lat="52.739214" lon="-1.343864"><ele>194.8</ele><time>2025-10-20T11:57:30.000Z</time></trkpt>
      <trkpt lat="52.739218" lon="-1.343879"><ele>194.8</ele><time>2025-10-20T11:57:31.000Z</time></trkpt>
      <trkpt lat="52.739224" lon="-1.343893"><ele>194.7</ele><time>2025-10-20T11:57:32.000Z</time></trkpt>
      <trkpt lat="52.739230" lon="-1.343906"><ele>194.6</ele><time>2025-10-20T11:57:33.000Z</time></trkpt>
      <trkpt lat="52.739236" lon="-1.343919"><ele>194.5</ele><time>2025-10-20T11:57:34.000Z</time></trkpt>
      <trkpt lat="52.739242" lon="-1.343932"><ele>194.4</ele><time>2025-10-20T11:57:35.000Z</time></trkpt>
      <trkpt lat="52.739247" lon="-1.343944"><ele>194.3</ele><time>2025-10-20T11:57:36.000Z</time></trkpt>
      <trkpt lat="52.739253" lon="-1.343956"><ele>194.2</ele><time>2025-10-20T11:57:37.000Z</time></trkpt>
      <trkpt lat="52.739259" lon="-1.343970"><ele>194.1</ele><time>2025-10-20T11:57:38.000Z</time></trkpt>
      <trkpt lat="52.739266" lon="-1.343985"><ele>194.0</ele><time>2025-10-20T11:57:39.000Z</time></trkpt>
      <trkpt lat="52.739273" lon="-1.344000"><ele>193.9</ele><time>2025-10-20T11:57:40.000Z</time></trkpt>
      <trkpt lat="52.739281" lon="-1.344015"><ele>193.8</ele><time>2025-10-20T11:57:41.000Z</time></trkpt>
      <trkpt lat="52.739289" lon="-1.344028"><ele>193.8</ele><time>2025-10-20T11:57:42.000Z</time></trkpt>
      <trkpt lat="52.739298" lon="-1.344041"><ele>193.7</ele><time>2025-10-20T11:57:43.000Z</time></trkpt>
      <trkpt lat="52.739306" lon="-1.344055"><ele>193.6</ele><time>2025-10-20T11:57:44.000Z</time></trkpt>
      <trkpt lat="52.739315" lon="-1.344068"><ele>193.6</ele><time>2025-10-20T11:57:45.000Z</time></trkpt>
      <trkpt lat="52.739324" lon="-1.344081"><ele>193.5</ele><time>2025-10-20T11:57:46.000Z</time></trkpt>
      <trkpt lat="52.739334" lon="-1.344095"><ele>193.4</ele><time>2025-10-20T11:57:47.000Z</time></trkpt>
      <trkpt lat="52.739342" lon="-1.344109"><ele>193.4</ele><time>2025-10-20T11:57:48.000Z</time></trkpt>
      <trkpt lat="52.739349" lon="-1.344123"><ele>193.3</ele><time>2025-10-20T11:57:49.000Z</time></trkpt>
      <trkpt lat="52.739356" lon="-1.344139"><ele>193.2</ele><time>2025-10-20T11:57:50.000Z</time></trkpt>
      <trkpt lat="52.739363" lon="-1.344154"><ele>193.2</ele><time>2025-10-20T11:57:51.000Z</time></trkpt>
      <trkpt lat="52.739370" lon="-1.344168"><ele>193.1</ele><time>2025-10-20T11:57:52.000Z</time></trkpt>
      <trkpt lat="52.739378" lon="-1.344181"><ele>193.1</ele><time>2025-10-20T11:57:53.000Z</time></trkpt>
      <trkpt lat="52.739386" lon="-1.344194"><ele>193.0</ele><time>2025-10-20T11:57:54.000Z</time></trkpt>
      <trkpt lat="52.739395" lon="-1.344209"><ele>193.0</ele><time>2025-10-20T11:57:55.000Z</time></trkpt>
      <trkpt lat="52.739404" lon="-1.344224"><ele>193.0</ele><time>2025-10-20T11:57:56.000Z</time></trkpt>
      <trkpt lat="52.739412" lon="-1.344241"><ele>192.9</ele><time>2025-10-20T11:57:57.000Z</time></trkpt>
      <trkpt lat="52.739420" lon="-1.344256"><ele>192.9</ele><time>2025-10-20T11:57:58.000Z</time></trkpt>
      <trkpt lat="52.739428" lon="-1.344272"><ele>192.9</ele><time>2025-10-20T11:57:59.000Z</time></trkpt>
      <trkpt lat="52.739437" lon="-1.344287"><ele>192.8</ele><time>2025-10-20T11:58:00.000Z</time></trkpt>
      <trkpt lat="52.739446" lon="-1.344301"><ele>192.8</ele><time>2025-10-20T11:58:01.000Z</time></trkpt>
      <trkpt lat="52.739454" lon="-1.344316"><ele>192.8</ele><time>2025-10-20T11:58:02.000Z</time></trkpt>
      <trkpt lat="52.739462" lon="-1.344332"><ele>192.7</ele><time>2025-10-20T11:58:03.000Z</time></trkpt>
      <trkpt lat="52.739471" lon="-1.344348"><ele>192.7</ele><time>2025-10-20T11:58:04.000Z</time></trkpt>
      <trkpt lat="52.739479" lon="-1.344364"><ele>192.7</ele><time>2025-10-20T11:58:05.000Z</time></trkpt>
      <trkpt lat="52.739487" lon="-1.344380"><ele>192.7</ele><time>2025-10-20T11:58:06.000Z</time></trkpt>
      <trkpt lat="52.739494" lon="-1.344396"><ele>192.7</ele><time>2025-10-20T11:58:07.000Z</time></trkpt>
      <trkpt lat="52.739501" lon="-1.344413"><ele>192.7</ele><time>2025-10-20T11:58:08.000Z</time></trkpt>
      <trkpt lat="52.739509" lon="-1.344430"><ele>192.7</ele><time>2025-10-20T11:58:09.000Z</time></trkpt>
      <trkpt lat="52.739515" lon="-1.344447"><ele>192.6</ele><time>2025-10-20T11:58:10.000Z</time></trkpt>
      <trkpt lat="52.739522" lon="-1.344463"><ele>192.6</ele><time>2025-10-20T11:58:11.000Z</time></trkpt>
      <trkpt lat="52.739528" lon="-1.344479"><ele>192.6</ele><time>2025-10-20T11:58:12.000Z</time></trkpt>
      <trkpt lat="52.739534" lon="-1.344495"><ele>192.6</ele><time>2025-10-20T11:58:13.000Z</time></trkpt>
      <trkpt lat="52.739539" lon="-1.344511"><ele>192.5</ele><time>2025-10-20T11:58:14.000Z</time></trkpt>
      <trkpt lat="52.739545" lon="-1.344526"><ele>192.5</ele><time>2025-10-20T11:58:15.000Z</time></trkpt>
      <trkpt lat="52.739551" lon="-1.344540"><ele>192.4</ele><time>2025-10-20T11:58:16.000Z</time></trkpt>
      <trkpt lat="52.739556" lon="-1.344552"><ele>192.3</ele><time>2025-10-20T11:58:17.000Z</time></trkpt>
      <trkpt lat="52.739563" lon="-1.344566"><ele>192.3</ele><time>2025-10-20T11:58:18.000Z</time></trkpt>
      <trkpt lat="52.739569" lon="-1.344579"><ele>192.2</ele><time>2025-10-20T11:58:19.000Z</time></trkpt>
      <trkpt lat="52.739575" lon="-1.344594"><ele>192.1</ele><time>2025-10-20T11:58:20.000Z</time></trkpt>
      <trkpt lat="52.739582" lon="-1.344609"><ele>192.1</ele><time>2025-10-20T11:58:21.000Z</time></trkpt>
      <trkpt lat="52.739589" lon="-1.344627"><ele>192.0</ele><time>2025-10-20T11:58:22.000Z</time></trkpt>
      <trkpt lat="52.739597" lon="-1.344645"><ele>192.0</ele><time>2025-10-20T11:58:23.000Z</time></trkpt>
      <trkpt lat="52.739604" lon="-1.344663"><ele>192.0</ele><time>2025-10-20T11:58:24.000Z</time></trkpt>
      <trkpt lat="52.739611" lon="-1.344681"><ele>191.9</ele><time>2025-10-20T11:58:25.000Z</time></trkpt>
      <trkpt lat="52.739617" lon="-1.344699"><ele>191.9</ele><time>2025-10-20T11:58:26.000Z</time></trkpt>
      <trkpt lat="52.739623" lon="-1.344717"><ele>191.9</ele><time>2025-10-20T11:58:27.000Z</time></trkpt>
      <trkpt lat="52.739629" lon="-1.344736"><ele>191.9</ele><time>2025-10-20T11:58:28.000Z</time></trkpt>
      <trkpt lat="52.739635" lon="-1.344754"><ele>192.0</ele><time>2025-10-20T11:58:29.000Z</time></trkpt>
      <trkpt lat="52.739640" lon="-1.344771"><ele>192.0</ele><time>2025-10-20T11:58:30.000Z</time></trkpt>
      <trkpt lat="52.739646" lon="-1.344788"><ele>192.0</ele><time>2025-10-20T11:58:31.000Z</time></trkpt>
      <trkpt lat="52.739652" lon="-1.344805"><ele>192.0</ele><time>2025-10-20T11:58:32.000Z</time></trkpt>
      <trkpt lat="52.739658" lon="-1.344823"><ele>192.0</ele><time>2025-10-20T11:58:33.000Z</time></trkpt>
      <trkpt lat="52.739663" lon="-1.344842"><ele>192.0</ele><time>2025-10-20T11:58:34.000Z</time></trkpt>
      <trkpt lat="52.739668" lon="-1.344861"><ele>192.0</ele><time>2025-10-20T11:58:35.000Z</time></trkpt>
      <trkpt lat="52.739672" lon="-1.344880"><ele>192.0</ele><time>2025-10-20T11:58:36.000Z</time></trkpt>
      <trkpt lat="52.739676" lon="-1.344899"><ele>191.9</ele><time>2025-10-20T11:58:37.000Z</time></trkpt>
      <trkpt lat="52.739679" lon="-1.344918"><ele>191.9</ele><time>2025-10-20T11:58:38.000Z</time></trkpt>
      <trkpt lat="52.739682" lon="-1.344937"><ele>191.9</ele><time>2025-10-20T11:58:39.000Z</time></trkpt>
      <trkpt lat="52.739685" lon="-1.344954"><ele>191.8</ele><time>2025-10-20T11:58:40.000Z</time></trkpt>
      <trkpt lat="52.739688" lon="-1.344971"><ele>191.7</ele><time>2025-10-20T11:58:41.000Z</time></trkpt>
      <trkpt lat="52.739691" lon="-1.344987"><ele>191.6</ele><time>2025-10-20T11:58:42.000Z</time></trkpt>
      <trkpt lat="52.739693" lon="-1.345003"><ele>191.6</ele><time>2025-10-20T11:58:43.000Z</time></trkpt>
      <trkpt lat="52.739696" lon="-1.345017"><ele>191.5</ele><time>2025-10-20T11:58:44.000Z</time></trkpt>
      <trkpt lat="52.739698" lon="-1.345031"><ele>191.4</ele><time>2025-10-20T11:58:45.000Z</time></trkpt>
      <trkpt lat="52.739699" lon="-1.345043"><ele>191.3</ele><time>2025-10-20T11:58:46.000Z</time></trkpt>
      <trkpt lat="52.739696" lon="-1.345054"><ele>191.3</ele><time>2025-10-20T11:58:47.000Z</time></trkpt>
      <trkpt lat="52.739689" lon="-1.345064"><ele>191.2</ele><time>2025-10-20T11:58:48.000Z</time></trkpt>
      <trkpt lat="52.739680" lon="-1.345073"><ele>191.1</ele><time>2025-10-20T11:58:49.000Z</time></trkpt>
      <trkpt lat="52.739668" lon="-1.345084"><ele>191.1</ele><time>2025-10-20T11:58:50.000Z</time></trkpt>
      <trkpt lat="52.739656" lon="-1.345093"><ele>191.0</ele><time>2025-10-20T11:58:51.000Z</time></trkpt>
      <trkpt lat="52.739644" lon="-1.345100"><ele>190.9</ele><time>2025-10-20T11:58:52.000Z</time></trkpt>
      <trkpt lat="52.739631" lon="-1.345105"><ele>190.9</ele><time>2025-10-20T11:58:53.000Z</time></trkpt>
      <trkpt lat="52.739618" lon="-1.345106"><ele>190.8</ele><time>2025-10-20T11:58:54.000Z</time></trkpt>
      <trkpt lat="52.739605" lon="-1.345108"><ele>190.7</ele><time>2025-10-20T11:58:55.000Z</time></trkpt>
      <trkpt lat="52.739592" lon="-1.345109"><ele>190.5</ele><time>2025-10-20T11:58:56.000Z</time></trkpt>
      <trkpt lat="52.739580" lon="-1.345111"><ele>190.4</ele><time>2025-10-20T11:58:57.000Z</time></trkpt>
      <trkpt lat="52.739568" lon="-1.345111"><ele>190.3</ele><time>2025-10-20T11:58:58.000Z</time></trkpt>
      <trkpt lat="52.739557" lon="-1.345111"><ele>190.2</ele><time>2025-10-20T11:58:59.000Z</time></trkpt>
      <trkpt lat="52.739547" lon="-1.345109"><ele>190.0</ele><time>2025-10-20T11:59:00.000Z</time></trkpt>
      <trkpt lat="52.739538" lon="-1.345108"><ele>189.9</ele><time>2025-10-20T11:59:01.000Z</time></trkpt>
      <trkpt lat="52.739529" lon="-1.345105"><ele>189.8</ele><time>2025-10-20T11:59:02.000Z</time></trkpt>
      <trkpt lat="52.739520" lon="-1.345101"><ele>189.7</ele><time>2025-10-20T11:59:03.000Z</time></trkpt>
      <trkpt lat="52.739510" lon="-1.345095"><ele>189.6</ele><time>2025-10-20T11:59:04.000Z</time></trkpt>
      <trkpt lat="52.739501" lon="-1.345088"><ele>189.6</ele><time>2025-10-20T11:59:05.000Z</time></trkpt>
      <trkpt lat="52.739492" lon="-1.345080"><ele>189.5</ele><time>2025-10-20T11:59:06.000Z</time></trkpt>
      <trkpt lat="52.739483" lon="-1.345073"><ele>189.5</ele><time>2025-10-20T11:59:07.000Z</time></trkpt>
      <trkpt lat="52.739474" lon="-1.345067"><ele>189.4</ele><time>2025-10-20T11:59:08.000Z</time></trkpt>
      <trkpt lat="52.739465" lon="-1.345063"><ele>189.4</ele><time>2025-10-20T11:59:09.000Z</time></trkpt>
      <trkpt lat="52.739456" lon="-1.345059"><ele>189.3</ele><time>2025-10-20T11:59:10.000Z</time></trkpt>
      <trkpt lat="52.739448" lon="-1.345054"><ele>189.2</ele><time>2025-10-20T11:59:11.000Z</time></trkpt>
      <trkpt lat="52.739441" lon="-1.345047"><ele>189.1</ele><time>2025-10-20T11:59:12.000Z</time></trkpt>
      <trkpt lat="52.739434" lon="-1.345038"><ele>189.1</ele><time>2025-10-20T11:59:13.000Z</time></trkpt>
      <trkpt lat="52.739427" lon="-1.345028"><ele>189.0</ele><time>2025-10-20T11:59:14.000Z</time></trkpt>
      <trkpt lat="52.739418" lon="-1.345016"><ele>188.8</ele><time>2025-10-20T11:59:15.000Z</time></trkpt>
      <trkpt lat="52.739409" lon="-1.345004"><ele>188.7</ele><time>2025-10-20T11:59:16.000Z</time></trkpt>
      <trkpt lat="52.739399" lon="-1.344991"><ele>188.6</ele><time>2025-10-20T11:59:17.000Z</time></trkpt>
      <trkpt lat="52.739389" lon="-1.344977"><ele>188.4</ele><time>2025-10-20T11:59:18.000Z</time></trkpt>
      <trkpt lat="52.739380" lon="-1.344963"><ele>188.3</ele><time>2025-10-20T11:59:19.000Z</time></trkpt>
      <trkpt lat="52.739370" lon="-1.344950"><ele>188.1</ele><time>2025-10-20T11:59:20.000Z</time></trkpt>
      <trkpt lat="52.739361" lon="-1.344938"><ele>188.0</ele><time>2025-10-20T11:59:21.000Z</time></trkpt>
      <trkpt lat="52.739353" lon="-1.344926"><ele>187.8</ele><time>2025-10-20T11:59:22.000Z</time></trkpt>
      <trkpt lat="52.739345" lon="-1.344916"><ele>187.7</ele><time>2025-10-20T11:59:23.000Z</time></trkpt>
      <trkpt lat="52.739337" lon="-1.344906"><ele>187.6</ele><time>2025-10-20T11:59:24.000Z</time></trkpt>
      <trkpt lat="52.739328" lon="-1.344897"><ele>187.4</ele><time>2025-10-20T11:59:25.000Z</time></trkpt>
      <trkpt lat="52.739319" lon="-1.344887"><ele>187.3</ele><time>2025-10-20T11:59:26.000Z</time></trkpt>
      <trkpt lat="52.739310" lon="-1.344876"><ele>187.2</ele><time>2025-10-20T11:59:27.000Z</time></trkpt>
      <trkpt lat="52.739299" lon="-1.344864"><ele>187.1</ele><time>2025-10-20T11:59:28.000Z</time></trkpt>
      <trkpt lat="52.739288" lon="-1.344852"><ele>187.0</ele><time>2025-10-20T11:59:29.000Z</time></trkpt>
      <trkpt lat="52.739276" lon="-1.344840"><ele>186.8</ele><time>2025-10-20T11:59:30.000Z</time></trkpt>
      <trkpt lat="52.739265" lon="-1.344827"><ele>186.7</ele><time>2025-10-20T11:59:31.000Z</time></trkpt>
      <trkpt lat="52.739254" lon="-1.344816"><ele>186.6</ele><time>2025-10-20T11:59:32.000Z</time></trkpt>
      <trkpt lat="52.739245" lon="-1.344807"><ele>186.4</ele><time>2025-10-20T11:59:33.000Z</time></trkpt>
      <trkpt lat="52.739237" lon="-1.344800"><ele>186.3</ele><time>2025-10-20T11:59:34.000Z</time></trkpt>
      <trkpt lat="52.739228" lon="-1.344792"><ele>186.1</ele><time>2025-10-20T11:59:35.000Z</time></trkpt>
      <trkpt lat="52.739219" lon="-1.344783"><ele>186.0</ele><time>2025-10-20T11:59:36.000Z</time></trkpt>
      <trkpt lat="52.739209" lon="-1.344774"><ele>185.8</ele><time>2025-10-20T11:59:37.000Z</time></trkpt>
      <trkpt lat="52.739199" lon="-1.344764"><ele>185.7</ele><time>2025-10-20T11:59:38.000Z</time></trkpt>
      <trkpt lat="52.739190" lon="-1.344756"><ele>185.5</ele><time>2025-10-20T11:59:39.000Z</time></trkpt>
      <trkpt lat="52.739182" lon="-1.344748"><ele>185.4</ele><time>2025-10-20T11:59:40.000Z</time></trkpt>
      <trkpt lat="52.739174" lon="-1.344740"><ele>185.2</ele><time>2025-10-20T11:59:41.000Z</time></trkpt>
      <trkpt lat="52.739165" lon="-1.344731"><ele>185.1</ele><time>2025-10-20T11:59:42.000Z</time></trkpt>
      <trkpt lat="52.739155" lon="-1.344722"><ele>184.9</ele><time>2025-10-20T11:59:43.000Z</time></trkpt>
      <trkpt lat="52.739145" lon="-1.344712"><ele>184.8</ele><time>2025-10-20T11:59:44.000Z</time></trkpt>
      <trkpt lat="52.739134" lon="-1.344702"><ele>184.6</ele><time>2025-10-20T11:59:45.000Z</time></trkpt>
      <trkpt lat="52.739124" lon="-1.344694"><ele>184.4</ele><time>2025-10-20T11:59:46.000Z</time></trkpt>
      <trkpt lat="52.739116" lon="-1.344687"><ele>184.2</ele><time>2025-10-20T11:59:47.000Z</time></trkpt>
      <trkpt lat="52.739106" lon="-1.344680"><ele>184.0</ele><time>2025-10-20T11:59:48.000Z</time></trkpt>
      <trkpt lat="52.739094" lon="-1.344670"><ele>183.8</ele><time>2025-10-20T11:59:49.000Z</time></trkpt>
      <trkpt lat="52.739080" lon="-1.344660"><ele>183.6</ele><time>2025-10-20T11:59:50.000Z</time></trkpt>
      <trkpt lat="52.739067" lon="-1.344650"><ele>183.4</ele><time>2025-10-20T11:59:51.000Z</time></trkpt>
      <trkpt lat="52.739055" lon="-1.344640"><ele>183.2</ele><time>2025-10-20T11:59:52.000Z</time></trkpt>
      <trkpt lat="52.739043" lon="-1.344631"><ele>183.0</ele><time>2025-10-20T11:59:53.000Z</time></trkpt>
      <trkpt lat="52.739033" lon="-1.344622"><ele>182.8</ele><time>2025-10-20T11:59:54.000Z</time></trkpt>
      <trkpt lat="52.739022" lon="-1.344615"><ele>182.6</ele><time>2025-10-20T11:59:55.000Z</time></trkpt>
      <trkpt lat="52.739011" lon="-1.344609"><ele>182.5</ele><time>2025-10-20T11:59:56.000Z</time></trkpt>
      <trkpt lat="52.739000" lon="-1.344604"><ele>182.3</ele><time>2025-10-20T11:59:57.000Z</time></trkpt>
      <trkpt lat="52.738989" lon="-1.344598"><ele>182.2</ele><time>2025-10-20T11:59:58.000Z</time></trkpt>
      <trkpt lat="52.738977" lon="-1.344594"><ele>182.0</ele><time>2025-10-20T11:59:59.000Z</time></trkpt>
      <trkpt lat="52.738965" lon="-1.344591"><ele>181.9</ele><time>2025-10-20T12:00:00.000Z</time></trkpt>
      <trkpt lat="52.738954" lon="-1.344587"><ele>181.7</ele><time>2025-10-20T12:00:01.000Z</time></trkpt>
      <trkpt lat="52.738943" lon="-1.344585"><ele>181.5</ele><time>2025-10-20T12:00:02.000Z</time></trkpt>
      <trkpt lat="52.738932" lon="-1.344584"><ele>181.3</ele><time>2025-10-20T12:00:03.000Z</time></trkpt>
      <trkpt lat="52.738920" lon="-1.344584"><ele>181.1</ele><time>2025-10-20T12:00:04.000Z</time></trkpt>
      <trkpt lat="52.738907" lon="-1.344583"><ele>180.9</ele><time>2025-10-20T12:00:05.000Z</time></trkpt>
      <trkpt lat="52.738894" lon="-1.344582"><ele>180.7</ele><time>2025-10-20T12:00:06.000Z</time></trkpt>
      <trkpt lat="52.738881" lon="-1.344581"><ele>180.5</ele><time>2025-10-20T12:00:07.000Z</time></trkpt>
      <trkpt lat="52.738867" lon="-1.344580"><ele>180.2</ele><time>2025-10-20T12:00:08.000Z</time></trkpt>
      <trkpt lat="52.738851" lon="-1.344578"><ele>180.0</ele><time>2025-10-20T12:00:09.000Z</time></trkpt>
      <trkpt lat="52.738835" lon="-1.344575"><ele>179.8</ele><time>2025-10-20T12:00:10.000Z</time></trkpt>
      <trkpt lat="52.738820" lon="-1.344573"><ele>179.5</ele><time>2025-10-20T12:00:11.000Z</time></trkpt>
      <trkpt lat="52.738806" lon="-1.344573"><ele>179.3</ele><time>2025-10-20T12:00:12.000Z</time></trkpt>
      <trkpt lat="52.738794" lon="-1.344576"><ele>179.1</ele><time>2025-10-20T12:00:13.000Z</time></trkpt>
      <trkpt lat="52.738783" lon="-1.344580"><ele>178.9</ele><time>2025-10-20T12:00:14.000Z</time></trkpt>
      <trkpt lat="52.738772" lon="-1.344585"><ele>178.7</ele><time>2025-10-20T12:00:15.000Z</time></trkpt>
      <trkpt lat="52.738760" lon="-1.344591"><ele>178.5</ele><time>2025-10-20T12:00:16.000Z</time></trkpt>
      <trkpt lat="52.738748" lon="-1.344598"><ele>178.4</ele><time>2025-10-20T12:00:17.000Z</time></trkpt>
      <trkpt lat="52.738737" lon="-1.344605"><ele>178.2</ele><time>2025-10-20T12:00:18.000Z</time></trkpt>
      <trkpt lat="52.738726" lon="-1.344612"><ele>178.0</ele><time>2025-10-20T12:00:19.000Z</time></trkpt>
      <trkpt lat="52.738718" lon="-1.344620"><ele>177.9</ele><time>2025-10-20T12:00:20.000Z</time></trkpt>
      <trkpt lat="52.738709" lon="-1.344630"><ele>177.7</ele><time>2025-10-20T12:00:21.000Z</time></trkpt>
      <trkpt lat="52.738699" lon="-1.344643"><ele>177.6</ele><time>2025-10-20T12:00:22.000Z</time></trkpt>
      <trkpt lat="52.738688" lon="-1.344656"><ele>177.4</ele><time>2025-10-20T12:00:23.000Z</time></trkpt>
      <trkpt lat="52.738677" lon="-1.344668"><ele>177.3</ele><time>2025-10-20T12:00:24.000Z</time></trkpt>
      <trkpt lat="52.738666" lon="-1.344678"><ele>177.2</ele><time>2025-10-20T12:00:25.000Z</time></trkpt>
      <trkpt lat="52.738655" lon="-1.344685"><ele>177.1</ele><time>2025-10-20T12:00:26.000Z</time></trkpt>
      <trkpt lat="52.738643" lon="-1.344690"><ele>177.0</ele><time>2025-10-20T12:00:27.000Z</time></trkpt>
      <trkpt lat="52.738631" lon="-1.344692"><ele>177.0</ele><time>2025-10-20T12:00:28.000Z</time></trkpt>
      <trkpt lat="52.738621" lon="-1.344692"><ele>176.9</ele><time>2025-10-20T12:00:29.000Z</time></trkpt>
      <trkpt lat="52.738610" lon="-1.344694"><ele>176.9</ele><time>2025-10-20T12:00:30.000Z</time></trkpt>
      <trkpt lat="52.738601" lon="-1.344696"><ele>176.8</ele><time>2025-10-20T12:00:31.000Z</time></trkpt>
      <trkpt lat="52.738593" lon="-1.344701"><ele>176.7</ele><time>2025-10-20T12:00:32.000Z</time></trkpt>
      <trkpt lat="52.738588" lon="-1.344707"><ele>176.6</ele><time>2025-10-20T12:00:33.000Z</time></trkpt>
      <trkpt lat="52.738583" lon="-1.344712"><ele>176.6</ele><time>2025-10-20T12:00:34.000Z</time></trkpt>
      <trkpt lat="52.738576" lon="-1.344714"><ele>176.5</ele><time>2025-10-20T12:00:35.000Z</time></trkpt>
      <trkpt lat="52.738567" lon="-1.344711"><ele>176.4</ele><time>2025-10-20T12:00:36.000Z</time></trkpt>
      <trkpt lat="52.738557" lon="-1.344704"><ele>176.4</ele><time>2025-10-20T12:00:37.000Z</time></trkpt>
      <trkpt lat="52.738549" lon="-1.344694"><ele>176.3</ele><time>2025-10-20T12:00:38.000Z</time></trkpt>
      <trkpt lat="52.738543" lon="-1.344681"><ele>176.3</ele><time>2025-10-20T12:00:39.000Z</time></trkpt>
      <trkpt lat="52.738538" lon="-1.344665"><ele>176.2</ele><time>2025-10-20T12:00:40.000Z</time></trkpt>
      <trkpt lat="52.738533" lon="-1.344646"><ele>176.2</ele><time>2025-10-20T12:00:41.000Z</time></trkpt>
      <trkpt lat="52.738529" lon="-1.344624"><ele>176.2</ele><time>2025-10-20T12:00:42.000Z</time></trkpt>
      <trkpt lat="52.738525" lon="-1.344600"><ele>176.2</ele><time>2025-10-20T12:00:43.000Z</time></trkpt>
      <trkpt lat="52.738519" lon="-1.344578"><ele>176.2</ele><time>2025-10-20T12:00:44.000Z</time></trkpt>
      <trkpt lat="52.738513" lon="-1.344559"><ele>176.2</ele><time>2025-10-20T12:00:45.000Z</time></trkpt>
      <trkpt lat="52.738506" lon="-1.344541"><ele>176.3</ele><time>2025-10-20T12:00:46.000Z</time></trkpt>
      <trkpt lat="52.738498" lon="-1.344522"><ele>176.4</ele><time>2025-10-20T12:00:47.000Z</time></trkpt>
      <trkpt lat="52.738490" lon="-1.344503"><ele>176.4</ele><time>2025-10-20T12:00:48.000Z</time></trkpt>
      <trkpt lat="52.738481" lon="-1.344485"><ele>176.5</ele><time>2025-10-20T12:00:49.000Z</time></trkpt>
      <trkpt lat="52.738472" lon="-1.344467"><ele>176.6</ele><time>2025-10-20T12:00:50.000Z</time></trkpt>
      <trkpt lat="52.738463" lon="-1.344450"><ele>176.6</ele><time>2025-10-20T12:00:51.000Z</time></trkpt>
      <trkpt lat="52.738455" lon="-1.344434"><ele>176.6</ele><time>2025-10-20T12:00:52.000Z</time></trkpt>
      <trkpt lat="52.738446" lon="-1.344417"><ele>176.7</ele><time>2025-10-20T12:00:53.000Z</time></trkpt>
      <trkpt lat="52.738437" lon="-1.344399"><ele>176.7</ele><time>2025-10-20T12:00:54.000Z</time></trkpt>
      <trkpt lat="52.738428" lon="-1.344382"><ele>176.8</ele><time>2025-10-20T12:00:55.000Z</time></trkpt>
      <trkpt lat="52.738419" lon="-1.344365"><ele>176.8</ele><time>2025-10-20T12:00:56.000Z</time></trkpt>
      <trkpt lat="52.738410" lon="-1.344347"><ele>176.9</ele><time>2025-10-20T12:00:57.000Z</time></trkpt>
      <trkpt lat="52.738402" lon="-1.344329"><ele>177.0</ele><time>2025-10-20T12:00:58.000Z</time></trkpt>
      <trkpt lat="52.738393" lon="-1.344312"><ele>177.1</ele><time>2025-10-20T12:00:59.000Z</time></trkpt>
      <trkpt lat="52.738385" lon="-1.344296"><ele>177.2</ele><time>2025-10-20T12:01:00.000Z</time></trkpt>
      <trkpt lat="52.738377" lon="-1.344279"><ele>177.2</ele><time>2025-10-20T12:01:01.000Z</time></trkpt>
      <trkpt lat="52.738369" lon="-1.344262"><ele>177.3</ele><time>2025-10-20T12:01:02.000Z</time></trkpt>
      <trkpt lat="52.738361" lon="-1.344245"><ele>177.3</ele><time>2025-10-20T12:01:03.000Z</time></trkpt>
      <trkpt lat="52.738354" lon="-1.344227"><ele>177.3</ele><time>2025-10-20T12:01:04.000Z</time></trkpt>
      <trkpt lat="52.738348" lon="-1.344208"><ele>177.3</ele><time>2025-10-20T12:01:05.000Z</time></trkpt>
      <trkpt lat="52.738341" lon="-1.344188"><ele>177.4</ele><time>2025-10-20T12:01:06.000Z</time></trkpt>
      <trkpt lat="52.738335" lon="-1.344169"><ele>177.4</ele><time>2025-10-20T12:01:07.000Z</time></trkpt>
      <trkpt lat="52.738328" lon="-1.344150"><ele>177.4</ele><time>2025-10-20T12:01:08.000Z</time></trkpt>
      <trkpt lat="52.738321" lon="-1.344131"><ele>177.5</ele><time>2025-10-20T12:01:09.000Z</time></trkpt>
      <trkpt lat="52.738313" lon="-1.344113"><ele>177.5</ele><time>2025-10-20T12:01:10.000Z</time></trkpt>
      <trkpt lat="52.738306" lon="-1.344095"><ele>177.6</ele><time>2025-10-20T12:01:11.000Z</time></trkpt>
      <trkpt lat="52.738298" lon="-1.344077"><ele>177.6</ele><time>2025-10-20T12:01:12.000Z</time></trkpt>
      <trkpt lat="52.738290" lon="-1.344059"><ele>177.7</ele><time>2025-10-20T12:01:13.000Z</time></trkpt>
      <trkpt lat="52.738282" lon="-1.344042"><ele>177.7</ele><time>2025-10-20T12:01:14.000Z</time></trkpt>
      <trkpt lat="52.738274" lon="-1.344024"><ele>177.8</ele><time>2025-10-20T12:01:15.000Z</time></trkpt>
      <trkpt lat="52.738267" lon="-1.344007"><ele>177.8</ele><time>2025-10-20T12:01:16.000Z</time></trkpt>
      <trkpt lat="52.738260" lon="-1.343988"><ele>177.8</ele><time>2025-10-20T12:01:17.000Z</time></trkpt>
      <trkpt lat="52.738253" lon="-1.343969"><ele>177.8</ele><time>2025-10-20T12:01:18.000Z</time></trkpt>
      <trkpt lat="52.738247" lon="-1.343950"><ele>177.8</ele><time>2025-10-20T12:01:19.000Z</time></trkpt>
      <trkpt lat="52.738241" lon="-1.343931"><ele>177.8</ele><time>2025-10-20T12:01:20.000Z</time></trkpt>
      <trkpt lat="52.738235" lon="-1.343912"><ele>177.8</ele><time>2025-10-20T12:01:21.000Z</time></trkpt>
      <trkpt lat="52.738228" lon="-1.343894"><ele>177.8</ele><time>2025-10-20T12:01:22.000Z</time></trkpt>
      <trkpt lat="52.738221" lon="-1.343876"><ele>177.8</ele><time>2025-10-20T12:01:23.000Z</time></trkpt>
      <trkpt lat="52.738214" lon="-1.343858"><ele>177.8</ele><time>2025-10-20T12:01:24.000Z</time></trkpt>
      <trkpt lat="52.738207" lon="-1.343839"><ele>177.9</ele><time>2025-10-20T12:01:25.000Z</time></trkpt>
      <trkpt lat="52.738200" lon="-1.343821"><ele>177.9</ele><time>2025-10-20T12:01:26.000Z</time></trkpt>
      <trkpt lat="52.738194" lon="-1.343803"><ele>178.0</ele><time>2025-10-20T12:01:27.000Z</time></trkpt>
      <trkpt lat="52.738188" lon="-1.343783"><ele>178.0</ele><time>2025-10-20T12:01:28.000Z</time></trkpt>
      <trkpt lat="52.738182" lon="-1.343763"><ele>178.1</ele><time>2025-10-20T12:01:29.000Z</time></trkpt>
      <trkpt lat="52.738178" lon="-1.343743"><ele>178.1</ele><time>2025-10-20T12:01:30.000Z</time></trkpt>
      <trkpt lat="52.738174" lon="-1.343722"><ele>178.1</ele><time>2025-10-20T12:01:31.000Z</time></trkpt>
      <trkpt lat="52.738170" lon="-1.343701"><ele>178.1</ele><time>2025-10-20T12:01:32.000Z</time></trkpt>
      <trkpt lat="52.738165" lon="-1.343680"><ele>178.1</ele><time>2025-10-20T12:01:33.000Z</time></trkpt>
      <trkpt lat="52.738160" lon="-1.343662"><ele>178.1</ele><time>2025-10-20T12:01:34.000Z</time></trkpt>
      <trkpt lat="52.738155" lon="-1.343644"><ele>178.1</ele><time>2025-10-20T12:01:35.000Z</time></trkpt>
      <trkpt lat="52.738150" lon="-1.343626"><ele>178.1</ele><time>2025-10-20T12:01:36.000Z</time></trkpt>
      <trkpt lat="52.738145" lon="-1.343608"><ele>178.2</ele><time>2025-10-20T12:01:37.000Z</time></trkpt>
      <trkpt lat="52.738141" lon="-1.343591"><ele>178.2</ele><time>2025-10-20T12:01:38.000Z</time></trkpt>
      <trkpt lat="52.738139" lon="-1.343578"><ele>178.2</ele><time>2025-10-20T12:01:39.000Z</time></trkpt>
      <trkpt lat="52.738138" lon="-1.343568"><ele>178.2</ele><time>2025-10-20T12:01:40.000Z</time></trkpt>
      <trkpt lat="52.738137" lon="-1.343558"><ele>178.3</ele><time>2025-10-20T12:01:41.000Z</time></trkpt>
      <trkpt lat="52.738135" lon="-1.343542"><ele>178.3</ele><time>2025-10-20T12:01:42.000Z</time></trkpt>
      <trkpt lat="52.738131" lon="-1.343521"><ele>178.4</ele><time>2025-10-20T12:01:43.000Z</time></trkpt>
      <trkpt lat="52.738127" lon="-1.343500"><ele>178.4</ele><time>2025-10-20T12:01:44.000Z</time></trkpt>
      <trkpt lat="52.738122" lon="-1.343479"><ele>178.5</ele><time>2025-10-20T12:01:45.000Z</time></trkpt>
      <trkpt lat="52.738118" lon="-1.343459"><ele>178.5</ele><time>2025-10-20T12:01:46.000Z</time></trkpt>
      <trkpt lat="52.738114" lon="-1.343438"><ele>178.6</ele><time>2025-10-20T12:01:47.000Z</time></trkpt>
      <trkpt lat="52.738110" lon="-1.343417"><ele>178.6</ele><time>2025-10-20T12:01:48.000Z</time></trkpt>
      <trkpt lat="52.738106" lon="-1.343397"><ele>178.7</ele><time>2025-10-20T12:01:49.000Z</time></trkpt>
      <trkpt lat="52.738103" lon="-1.343377"><ele>178.7</ele><time>2025-10-20T12:01:50.000Z</time></trkpt>
      <trkpt lat="52.738100" lon="-1.343358"><ele>178.8</ele><time>2025-10-20T12:01:51.000Z</time></trkpt>
      <trkpt lat="52.738098" lon="-1.343342"><ele>178.8</ele><time>2025-10-20T12:01:52.000Z</time></trkpt>
      <trkpt lat="52.738097" lon="-1.343332"><ele>178.8</ele><time>2025-10-20T12:01:53.000Z</time></trkpt>
      <trkpt lat="52.738097" lon="-1.343330"><ele>178.8</ele><time>2025-10-20T12:01:54.000Z</time></trkpt>
      <trkpt lat="52.738097" lon="-1.343330"><ele>178.8</ele><time>2025-10-20T12:01:55.000Z</time></trkpt>
      <trkpt lat="52.738098" lon="-1.343332"><ele>178.8</ele><time>2025-10-20T12:01:56.000Z</time></trkpt>
      <trkpt lat="52.738098" lon="-1.343333"><ele>178.8</ele><time>2025-10-20T12:01:57.000Z</time></trkpt>
      <trkpt lat="52.738098" lon="-1.343332"><ele>178.8</ele><time>2025-10-20T12:01:58.000Z</time></trkpt>
      <trkpt lat="52.738098" lon="-1.343331"><ele>178.8</ele><time>2025-10-20T12:01:59.000Z</time></trkpt>
      <trkpt lat="52.738097" lon="-1.343326"><ele>178.9</ele><time>2025-10-20T12:02:00.000Z</time></trkpt>
      <trkpt lat="52.738094" lon="-1.343317"><ele>178.9</ele><time>2025-10-20T12:02:01.000Z</time></trkpt>
      <trkpt lat="52.738090" lon="-1.343303"><ele>178.8</ele><time>2025-10-20T12:02:02.000Z</time></trkpt>
      <trkpt lat="52.738084" lon="-1.343285"><ele>178.8</ele><time>2025-10-20T12:02:03.000Z</time></trkpt>
      <trkpt lat="52.738077" lon="-1.343263"><ele>178.8</ele><time>2025-10-20T12:02:04.000Z</time></trkpt>
      <trkpt lat="52.738069" lon="-1.343242"><ele>178.8</ele><time>2025-10-20T12:02:05.000Z</time></trkpt>
      <trkpt lat="52.738063" lon="-1.343221"><ele>178.8</ele><time>2025-10-20T12:02:06.000Z</time></trkpt>
      <trkpt lat="52.738058" lon="-1.343199"><ele>178.8</ele><time>2025-10-20T12:02:07.000Z</time></trkpt>
      <trkpt lat="52.738054" lon="-1.343178"><ele>178.9</ele><time>2025-10-20T12:02:08.000Z</time></trkpt>
      <trkpt lat="52.738050" lon="-1.343157"><ele>179.0</ele><time>2025-10-20T12:02:09.000Z</time></trkpt>
      <trkpt lat="52.738047" lon="-1.343136"><ele>179.1</ele><time>2025-10-20T12:02:10.000Z</time></trkpt>
      <trkpt lat="52.738043" lon="-1.343115"><ele>179.2</ele><time>2025-10-20T12:02:11.000Z</time></trkpt>
      <trkpt lat="52.738039" lon="-1.343095"><ele>179.3</ele><time>2025-10-20T12:02:12.000Z</time></trkpt>
      <trkpt lat="52.738035" lon="-1.343074"><ele>179.4</ele><time>2025-10-20T12:02:13.000Z</time></trkpt>
      <trkpt lat="52.738031" lon="-1.343054"><ele>179.5</ele><time>2025-10-20T12:02:14.000Z</time></trkpt>
      <trkpt lat="52.738027" lon="-1.343034"><ele>179.5</ele><time>2025-10-20T12:02:15.000Z</time></trkpt>
      <trkpt lat="52.738024" lon="-1.343014"><ele>179.6</ele><time>2025-10-20T12:02:16.000Z</time></trkpt>
      <trkpt lat="52.738021" lon="-1.342993"><ele>179.6</ele><time>2025-10-20T12:02:17.000Z</time></trkpt>
      <trkpt lat="52.738018" lon="-1.342972"><ele>179.7</ele><time>2025-10-20T12:02:18.000Z</time></trkpt>
      <trkpt lat="52.738015" lon="-1.342951"><ele>179.7</ele><time>2025-10-20T12:02:19.000Z</time></trkpt>
      <trkpt lat="52.738012" lon="-1.342930"><ele>179.7</ele><time>2025-10-20T12:02:20.000Z</time></trkpt>
      <trkpt lat="52.738010" lon="-1.342909"><ele>179.7</ele><time>2025-10-20T12:02:21.000Z</time></trkpt>
      <trkpt lat="52.738007" lon="-1.342888"><ele>179.7</ele><time>2025-10-20T12:02:22.000Z</time></trkpt>
      <trkpt lat="52.738005" lon="-1.342867"><ele>179.7</ele><time>2025-10-20T12:02:23.000Z</time></trkpt>
      <trkpt lat="52.738001" lon="-1.342847"><ele>179.7</ele><time>2025-10-20T12:02:24.000Z</time></trkpt>
      <trkpt lat="52.737998" lon="-1.342827"><ele>179.7</ele><time>2025-10-20T12:02:25.000Z</time></trkpt>
      <trkpt lat="52.737994" lon="-1.342808"><ele>179.8</ele><time>2025-10-20T12:02:26.000Z</time></trkpt>
      <trkpt lat="52.737991" lon="-1.342788"><ele>179.9</ele><time>2025-10-20T12:02:27.000Z</time></trkpt>
      <trkpt lat="52.737989" lon="-1.342766"><ele>180.0</ele><time>2025-10-20T12:02:28.000Z</time></trkpt>
      <trkpt lat="52.737987" lon="-1.342742"><ele>180.1</ele><time>2025-10-20T12:02:29.000Z</time></trkpt>
      <trkpt lat="52.737986" lon="-1.342718"><ele>180.2</ele><time>2025-10-20T12:02:30.000Z</time></trkpt>
      <trkpt lat="52.737984" lon="-1.342694"><ele>180.3</ele><time>2025-10-20T12:02:31.000Z</time></trkpt>
      <trkpt lat="52.737982" lon="-1.342671"><ele>180.5</ele><time>2025-10-20T12:02:32.000Z</time></trkpt>
      <trkpt lat="52.737980" lon="-1.342648"><ele>180.6</ele><time>2025-10-20T12:02:33.000Z</time></trkpt>
      <trkpt lat="52.737979" lon="-1.342627"><ele>180.7</ele><time>2025-10-20T12:02:34.000Z</time></trkpt>
      <trkpt lat="52.737977" lon="-1.342606"><ele>180.8</ele><time>2025-10-20T12:02:35.000Z</time></trkpt>
      <trkpt lat="52.737975" lon="-1.342585"><ele>180.9</ele><time>2025-10-20T12:02:36.000Z</time></trkpt>
      <trkpt lat="52.737972" lon="-1.342565"><ele>181.0</ele><time>2025-10-20T12:02:37.000Z</time></trkpt>
      <trkpt lat="52.737971" lon="-1.342544"><ele>181.0</ele><time>2025-10-20T12:02:38.000Z</time></trkpt>
      <trkpt lat="52.737970" lon="-1.342524"><ele>181.1</ele><time>2025-10-20T12:02:39.000Z</time></trkpt>
      <trkpt lat="52.737969" lon="-1.342504"><ele>181.1</ele><time>2025-10-20T12:02:40.000Z</time></trkpt>
      <trkpt lat="52.737967" lon="-1.342483"><ele>181.2</ele><time>2025-10-20T12:02:41.000Z</time></trkpt>
      <trkpt lat="52.737965" lon="-1.342462"><ele>181.2</ele><time>2025-10-20T12:02:42.000Z</time></trkpt>
      <trkpt lat="52.737962" lon="-1.342441"><ele>181.2</ele><time>2025-10-20T12:02:43.000Z</time></trkpt>
      <trkpt lat="52.737959" lon="-1.342420"><ele>181.2</ele><time>2025-10-20T12:02:44.000Z</time></trkpt>
      <trkpt lat="52.737957" lon="-1.342398"><ele>181.2</ele><time>2025-10-20T12:02:45.000Z</time></trkpt>
      <trkpt lat="52.737954" lon="-1.342376"><ele>181.2</ele><time>2025-10-20T12:02:46.000Z</time></trkpt>
      <trkpt lat="52.737952" lon="-1.342354"><ele>181.2</ele><time>2025-10-20T12:02:47.000Z</time></trkpt>
      <trkpt lat="52.737951" lon="-1.342332"><ele>181.2</ele><time>2025-10-20T12:02:48.000Z</time></trkpt>
      <trkpt lat="52.737950" lon="-1.342311"><ele>181.3</ele><time>2025-10-20T12:02:49.000Z</time></trkpt>
      <trkpt lat="52.737948" lon="-1.342288"><ele>181.4</ele><time>2025-10-20T12:02:50.000Z</time></trkpt>
      <trkpt lat="52.737947" lon="-1.342266"><ele>181.5</ele><time>2025-10-20T12:02:51.000Z</time></trkpt>
      <trkpt lat="52.737946" lon="-1.342243"><ele>181.6</ele><time>2025-10-20T12:02:52.000Z</time></trkpt>
      <trkpt lat="52.737946" lon="-1.342221"><ele>181.7</ele><time>2025-10-20T12:02:53.000Z</time></trkpt>
      <trkpt lat="52.737946" lon="-1.342200"><ele>181.8</ele><time>2025-10-20T12:02:54.000Z</time></trkpt>
      <trkpt lat="52.737946" lon="-1.342179"><ele>181.8</ele><time>2025-10-20T12:02:55.000Z</time></trkpt>
      <trkpt lat="52.737947" lon="-1.342158"><ele>181.9</ele><time>2025-10-20T12:02:56.000Z</time></trkpt>
      <trkpt lat="52.737946" lon="-1.342137"><ele>181.9</ele><time>2025-10-20T12:02:57.000Z</time></trkpt>
      <trkpt lat="52.737946" lon="-1.342116"><ele>182.0</ele><time>2025-10-20T12:02:58.000Z</time></trkpt>
      <trkpt lat="52.737945" lon="-1.342095"><ele>182.0</ele><time>2025-10-20T12:02:59.000Z</time></trkpt>
      <trkpt lat="52.737944" lon="-1.342074"><ele>182.1</ele><time>2025-10-20T12:03:00.000Z</time></trkpt>
      <trkpt lat="52.737942" lon="-1.342055"><ele>182.1</ele><time>2025-10-20T12:03:01.000Z</time></trkpt>
      <trkpt lat="52.737939" lon="-1.342039"><ele>182.2</ele><time>2025-10-20T12:03:02.000Z</time></trkpt>
      <trkpt lat="52.737934" lon="-1.342030"><ele>182.2</ele><time>2025-10-20T12:03:03.000Z</time></trkpt>
      <trkpt lat="52.737930" lon="-1.342029"><ele>182.3</ele><time>2025-10-20T12:03:04.000Z</time></trkpt>
      <trkpt lat="52.737927" lon="-1.342031"><ele>182.4</ele><time>2025-10-20T12:03:05.000Z</time></trkpt>
      <trkpt lat="52.737925" lon="-1.342032"><ele>182.5</ele><time>2025-10-20T12:03:06.000Z</time></trkpt>
      <trkpt lat="52.737923" lon="-1.342033"><ele>182.6</ele><time>2025-10-20T12:03:07.000Z</time></trkpt>
      <trkpt lat="52.737922" lon="-1.342034"><ele>182.7</ele><time>2025-10-20T12:03:08.000Z</time></trkpt>
      <trkpt lat="52.737921" lon="-1.342034"><ele>182.8</ele><time>2025-10-20T12:03:09.000Z</time></trkpt>
      <trkpt lat="52.737921" lon="-1.342035"><ele>182.8</ele><time>2025-10-20T12:03:10.000Z</time></trkpt>
      <trkpt lat="52.737920" lon="-1.342034"><ele>182.9</ele><time>2025-10-20T12:03:11.000Z</time></trkpt>
      <trkpt lat="52.737918" lon="-1.342034"><ele>182.9</ele><time>2025-10-20T12:03:12.000Z</time></trkpt>
      <trkpt lat="52.737914" lon="-1.342032"><ele>182.8</ele><time>2025-10-20T12:03:13.000Z</time></trkpt>
      <trkpt lat="52.737909" lon="-1.342029"><ele>182.8</ele><time>2025-10-20T12:03:14.000Z</time></trkpt>
      <trkpt lat="52.737902" lon="-1.342023"><ele>182.7</ele><time>2025-10-20T12:03:15.000Z</time></trkpt>
      <trkpt lat="52.737893" lon="-1.342015"><ele>182.6</ele><time>2025-10-20T12:03:16.000Z</time></trkpt>
      <trkpt lat="52.737883" lon="-1.342005"><ele>182.6</ele><time>2025-10-20T12:03:17.000Z</time></trkpt>
      <trkpt lat="52.737873" lon="-1.341992"><ele>182.5</ele><time>2025-10-20T12:03:18.000Z</time></trkpt>
      <trkpt lat="52.737864" lon="-1.341976"><ele>182.5</ele><time>2025-10-20T12:03:19.000Z</time></trkpt>
      <trkpt lat="52.737855" lon="-1.341958"><ele>182.5</ele><time>2025-10-20T12:03:20.000Z</time></trkpt>
      <trkpt lat="52.737848" lon="-1.341939"><ele>182.6</ele><time>2025-10-20T12:03:21.000Z</time></trkpt>
      <trkpt lat="52.737843" lon="-1.341921"><ele>182.6</ele><time>2025-10-20T12:03:22.000Z</time></trkpt>
      <trkpt lat="52.737839" lon="-1.341902"><ele>182.7</ele><time>2025-10-20T12:03:23.000Z</time></trkpt>
      <trkpt lat="52.737836" lon="-1.341882"><ele>182.8</ele><time>2025-10-20T12:03:24.000Z</time></trkpt>
      <trkpt lat="52.737834" lon="-1.341862"><ele>182.9</ele><time>2025-10-20T12:03:25.000Z</time></trkpt>
      <trkpt lat="52.737832" lon="-1.341843"><ele>182.9</ele><time>2025-10-20T12:03:26.000Z</time></trkpt>
      <trkpt lat="52.737831" lon="-1.341828"><ele>183.0</ele><time>2025-10-20T12:03:27.000Z</time></trkpt>
      <trkpt lat="52.737829" lon="-1.341813"><ele>183.0</ele><time>2025-10-20T12:03:28.000Z</time></trkpt>
      <trkpt lat="52.737826" lon="-1.341795"><ele>183.1</ele><time>2025-10-20T12:03:29.000Z</time></trkpt>
      <trkpt lat="52.737823" lon="-1.341775"><ele>183.2</ele><time>2025-10-20T12:03:30.000Z</time></trkpt>
      <trkpt lat="52.737820" lon="-1.341754"><ele>183.3</ele><time>2025-10-20T12:03:31.000Z</time></trkpt>
      <trkpt lat="52.737816" lon="-1.341733"><ele>183.4</ele><time>2025-10-20T12:03:32.000Z</time></trkpt>
      <trkpt lat="52.737812" lon="-1.341713"><ele>183.5</ele><time>2025-10-20T12:03:33.000Z</time></trkpt>
      <trkpt lat="52.737808" lon="-1.341692"><ele>183.5</ele><time>2025-10-20T12:03:34.000Z</time></trkpt>
      <trkpt lat="52.737804" lon="-1.341672"><ele>183.6</ele><time>2025-10-20T12:03:35.000Z</time></trkpt>
      <trkpt lat="52.737800" lon="-1.341651"><ele>183.7</ele><time>2025-10-20T12:03:36.000Z</time></trkpt>
      <trkpt lat="52.737796" lon="-1.341629"><ele>183.7</ele><time>2025-10-20T12:03:37.000Z</time></trkpt>
      <trkpt lat="52.737793" lon="-1.341609"><ele>183.7</ele><time>2025-10-20T12:03:38.000Z</time></trkpt>
      <trkpt lat="52.737789" lon="-1.341589"><ele>183.8</ele><time>2025-10-20T12:03:39.000Z</time></trkpt>
      <trkpt lat="52.737784" lon="-1.341570"><ele>183.8</ele><time>2025-10-20T12:03:40.000Z</time></trkpt>
      <trkpt lat="52.737779" lon="-1.341553"><ele>183.8</ele><time>2025-10-20T12:03:41.000Z</time></trkpt>
      <trkpt lat="52.737773" lon="-1.341536"><ele>183.8</ele><time>2025-10-20T12:03:42.000Z</time></trkpt>
      <trkpt lat="52.737768" lon="-1.341518"><ele>183.9</ele><time>2025-10-20T12:03:43.000Z</time></trkpt>
      <trkpt lat="52.737764" lon="-1.341498"><ele>183.9</ele><time>2025-10-20T12:03:44.000Z</time></trkpt>
      <trkpt lat="52.737761" lon="-1.341477"><ele>184.0</ele><time>2025-10-20T12:03:45.000Z</time></trkpt>
      <trkpt lat="52.737757" lon="-1.341457"><ele>184.0</ele><time>2025-10-20T12:03:46.000Z</time></trkpt>
      <trkpt lat="52.737752" lon="-1.341436"><ele>184.1</ele><time>2025-10-20T12:03:47.000Z</time></trkpt>
      <trkpt lat="52.737747" lon="-1.341414"><ele>184.1</ele><time>2025-10-20T12:03:48.000Z</time></trkpt>
      <trkpt lat="52.737742" lon="-1.341394"><ele>184.1</ele><time>2025-10-20T12:03:49.000Z</time></trkpt>
      <trkpt lat="52.737736" lon="-1.341373"><ele>184.1</ele><time>2025-10-20T12:03:50.000Z</time></trkpt>
      <trkpt lat="52.737730" lon="-1.341353"><ele>184.1</ele><time>2025-10-20T12:03:51.000Z</time></trkpt>
      <trkpt lat="52.737724" lon="-1.341332"><ele>184.2</ele><time>2025-10-20T12:03:52.000Z</time></trkpt>
      <trkpt lat="52.737719" lon="-1.341314"><ele>184.3</ele><time>2025-10-20T12:03:53.000Z</time></trkpt>
      <trkpt lat="52.737713" lon="-1.341296"><ele>184.4</ele><time>2025-10-20T12:03:54.000Z</time></trkpt>
      <trkpt lat="52.737708" lon="-1.341283"><ele>184.5</ele><time>2025-10-20T12:03:55.000Z</time></trkpt>
      <trkpt lat="52.737703" lon="-1.341274"><ele>184.6</ele><time>2025-10-20T12:03:56.000Z</time></trkpt>
      <trkpt lat="52.737700" lon="-1.341269"><ele>184.7</ele><time>2025-10-20T12:03:57.000Z</time></trkpt>
      <trkpt lat="52.737697" lon="-1.341262"><ele>184.8</ele><time>2025-10-20T12:03:58.000Z</time></trkpt>
      <trkpt lat="52.737693" lon="-1.341251"><ele>184.9</ele><time>2025-10-20T12:03:59.000Z</time></trkpt>
      <trkpt lat="52.737688" lon="-1.341234"><ele>184.9</ele><time>2025-10-20T12:04:00.000Z</time></trkpt>
      <trkpt lat="52.737682" lon="-1.341214"><ele>185.0</ele><time>2025-10-20T12:04:01.000Z</time></trkpt>
      <trkpt lat="52.737675" lon="-1.341195"><ele>185.0</ele><time>2025-10-20T12:04:02.000Z</time></trkpt>
      <trkpt lat="52.737668" lon="-1.341177"><ele>185.0</ele><time>2025-10-20T12:04:03.000Z</time></trkpt>
      <trkpt lat="52.737663" lon="-1.341160"><ele>184.9</ele><time>2025-10-20T12:04:04.000Z</time></trkpt>
      <trkpt lat="52.737657" lon="-1.341142"><ele>184.9</ele><time>2025-10-20T12:04:05.000Z</time></trkpt>
      <trkpt lat="52.737652" lon="-1.341122"><ele>184.8</ele><time>2025-10-20T12:04:06.000Z</time></trkpt>
      <trkpt lat="52.737647" lon="-1.341103"><ele>184.7</ele><time>2025-10-20T12:04:07.000Z</time></trkpt>
      <trkpt lat="52.737643" lon="-1.341084"><ele>184.6</ele><time>2025-10-20T12:04:08.000Z</time></trkpt>
      <trkpt lat="52.737639" lon="-1.341065"><ele>184.6</ele><time>2025-10-20T12:04:09.000Z</time></trkpt>
      <trkpt lat="52.737635" lon="-1.341046"><ele>184.5</ele><time>2025-10-20T12:04:10.000Z</time></trkpt>
      <trkpt lat="52.737631" lon="-1.341027"><ele>184.5</ele><time>2025-10-20T12:04:11.000Z</time></trkpt>
      <trkpt lat="52.737627" lon="-1.341009"><ele>184.6</ele><time>2025-10-20T12:04:12.000Z</time></trkpt>
      <trkpt lat="52.737622" lon="-1.340990"><ele>184.6</ele><time>2025-10-20T12:04:13.000Z</time></trkpt>
      <trkpt lat="52.737617" lon="-1.340971"><ele>184.8</ele><time>2025-10-20T12:04:14.000Z</time></trkpt>
      <trkpt lat="52.737612" lon="-1.340952"><ele>184.9</ele><time>2025-10-20T12:04:15.000Z</time></trkpt>
      <trkpt lat="52.737607" lon="-1.340934"><ele>185.0</ele><time>2025-10-20T12:04:16.000Z</time></trkpt>
      <trkpt lat="52.737602" lon="-1.340915"><ele>185.2</ele><time>2025-10-20T12:04:17.000Z</time></trkpt>
      <trkpt lat="52.737597" lon="-1.340897"><ele>185.3</ele><time>2025-10-20T12:04:18.000Z</time></trkpt>
      <trkpt lat="52.737593" lon="-1.340878"><ele>185.4</ele><time>2025-10-20T12:04:19.000Z</time></trkpt>
      <trkpt lat="52.737589" lon="-1.340858"><ele>185.4</ele><time>2025-10-20T12:04:20.000Z</time></trkpt>
      <trkpt lat="52.737586" lon="-1.340837"><ele>185.4</ele><time>2025-10-20T12:04:21.000Z</time></trkpt>
      <trkpt lat="52.737584" lon="-1.340817"><ele>185.4</ele><time>2025-10-20T12:04:22.000Z</time></trkpt>
      <trkpt lat="52.737581" lon="-1.340797"><ele>185.4</ele><time>2025-10-20T12:04:23.000Z</time></trkpt>
      <trkpt lat="52.737578" lon="-1.340778"><ele>185.4</ele><time>2025-10-20T12:04:24.000Z</time></trkpt>
      <trkpt lat="52.737574" lon="-1.340758"><ele>185.4</ele><time>2025-10-20T12:04:25.000Z</time></trkpt>
      <trkpt lat="52.737569" lon="-1.340738"><ele>185.4</ele><time>2025-10-20T12:04:26.000Z</time></trkpt>
      <trkpt lat="52.737565" lon="-1.340719"><ele>185.4</ele><time>2025-10-20T12:04:27.000Z</time></trkpt>
      <trkpt lat="52.737559" lon="-1.340699"><ele>185.4</ele><time>2025-10-20T12:04:28.000Z</time></trkpt>
      <trkpt lat="52.737552" lon="-1.340680"><ele>185.4</ele><time>2025-10-20T12:04:29.000Z</time></trkpt>
      <trkpt lat="52.737545" lon="-1.340662"><ele>185.4</ele><time>2025-10-20T12:04:30.000Z</time></trkpt>
      <trkpt lat="52.737536" lon="-1.340644"><ele>185.5</ele><time>2025-10-20T12:04:31.000Z</time></trkpt>
      <trkpt lat="52.737528" lon="-1.340625"><ele>185.6</ele><time>2025-10-20T12:04:32.000Z</time></trkpt>
      <trkpt lat="52.737518" lon="-1.340606"><ele>185.6</ele><time>2025-10-20T12:04:33.000Z</time></trkpt>
      <trkpt lat="52.737508" lon="-1.340586"><ele>185.7</ele><time>2025-10-20T12:04:34.000Z</time></trkpt>
      <trkpt lat="52.737498" lon="-1.340566"><ele>185.7</ele><time>2025-10-20T12:04:35.000Z</time></trkpt>
      <trkpt lat="52.737488" lon="-1.340547"><ele>185.8</ele><time>2025-10-20T12:04:36.000Z</time></trkpt>
      <trkpt lat="52.737479" lon="-1.340528"><ele>185.8</ele><time>2025-10-20T12:04:37.000Z</time></trkpt>
      <trkpt lat="52.737471" lon="-1.340511"><ele>185.9</ele><time>2025-10-20T12:04:38.000Z</time></trkpt>
      <trkpt lat="52.737464" lon="-1.340495"><ele>185.9</ele><time>2025-10-20T12:04:39.000Z</time></trkpt>
      <trkpt lat="52.737457" lon="-1.340479"><ele>185.9</ele><time>2025-10-20T12:04:40.000Z</time></trkpt>
      <trkpt lat="52.737450" lon="-1.340465"><ele>185.9</ele><time>2025-10-20T12:04:41.000Z</time></trkpt>
      <trkpt lat="52.737442" lon="-1.340454"><ele>185.9</ele><time>2025-10-20T12:04:42.000Z</time></trkpt>
      <trkpt lat="52.737434" lon="-1.340449"><ele>185.8</ele><time>2025-10-20T12:04:43.000Z</time></trkpt>
      <trkpt lat="52.737425" lon="-1.340447"><ele>185.8</ele><time>2025-10-20T12:04:44.000Z</time></trkpt>
      <trkpt lat="52.737417" lon="-1.340446"><ele>185.8</ele><time>2025-10-20T12:04:45.000Z</time></trkpt>
      <trkpt lat="52.737408" lon="-1.340445"><ele>185.8</ele><time>2025-10-20T12:04:46.000Z</time></trkpt>
      <trkpt lat="52.737398" lon="-1.340444"><ele>185.7</ele><time>2025-10-20T12:04:47.000Z</time></trkpt>
      <trkpt lat="52.737390" lon="-1.340444"><ele>185.7</ele><time>2025-10-20T12:04:48.000Z</time></trkpt>
      <trkpt lat="52.737382" lon="-1.340447"><ele>185.6</ele><time>2025-10-20T12:04:49.000Z</time></trkpt>
      <trkpt lat="52.737374" lon="-1.340452"><ele>185.5</ele><time>2025-10-20T12:04:50.000Z</time></trkpt>
      <trkpt lat="52.737366" lon="-1.340460"><ele>185.4</ele><time>2025-10-20T12:04:51.000Z</time></trkpt>
      <trkpt lat="52.737358" lon="-1.340470"><ele>185.3</ele><time>2025-10-20T12:04:52.000Z</time></trkpt>
      <trkpt lat="52.737350" lon="-1.340481"><ele>185.2</ele><time>2025-10-20T12:04:53.000Z</time></trkpt>
      <trkpt lat="52.737342" lon="-1.340493"><ele>185.0</ele><time>2025-10-20T12:04:54.000Z</time></trkpt>
      <trkpt lat="52.737334" lon="-1.340507"><ele>184.9</ele><time>2025-10-20T12:04:55.000Z</time></trkpt>
      <trkpt lat="52.737326" lon="-1.340519"><ele>184.8</ele><time>2025-10-20T12:04:56.000Z</time></trkpt>
      <trkpt lat="52.737317" lon="-1.340531"><ele>184.7</ele><time>2025-10-20T12:04:57.000Z</time></trkpt>
      <trkpt lat="52.737308" lon="-1.340541"><ele>184.6</ele><time>2025-10-20T12:04:58.000Z</time></trkpt>
      <trkpt lat="52.737299" lon="-1.340552"><ele>184.5</ele><time>2025-10-20T12:04:59.000Z</time></trkpt>
      <trkpt lat="52.737288" lon="-1.340565"><ele>184.4</ele><time>2025-10-20T12:05:00.000Z</time></trkpt>
      <trkpt lat="52.737277" lon="-1.340578"><ele>184.2</ele><time>2025-10-20T12:05:01.000Z</time></trkpt>
      <trkpt lat="52.737266" lon="-1.340590"><ele>184.1</ele><time>2025-10-20T12:05:02.000Z</time></trkpt>
      <trkpt lat="52.737257" lon="-1.340601"><ele>184.0</ele><time>2025-10-20T12:05:03.000Z</time></trkpt>
      <trkpt lat="52.737248" lon="-1.340611"><ele>183.9</ele><time>2025-10-20T12:05:04.000Z</time></trkpt>
      <trkpt lat="52.737240" lon="-1.340622"><ele>183.8</ele><time>2025-10-20T12:05:05.000Z</time></trkpt>
      <trkpt lat="52.737230" lon="-1.340635"><ele>183.7</ele><time>2025-10-20T12:05:06.000Z</time></trkpt>
      <trkpt lat="52.737220" lon="-1.340648"><ele>183.6</ele><time>2025-10-20T12:05:07.000Z</time></trkpt>
      <trkpt lat="52.737210" lon="-1.340663"><ele>183.5</ele><time>2025-10-20T12:05:08.000Z</time></trkpt>
      <trkpt lat="52.737199" lon="-1.340676"><ele>183.3</ele><time>2025-10-20T12:05:09.000Z</time></trkpt>
      <trkpt lat="52.737190" lon="-1.340689"><ele>183.2</ele><time>2025-10-20T12:05:10.000Z</time></trkpt>
      <trkpt lat="52.737182" lon="-1.340703"><ele>183.1</ele><time>2025-10-20T12:05:11.000Z</time></trkpt>
      <trkpt lat="52.737173" lon="-1.340719"><ele>183.0</ele><time>2025-10-20T12:05:12.000Z</time></trkpt>
      <trkpt lat="52.737165" lon="-1.340736"><ele>182.9</ele><time>2025-10-20T12:05:13.000Z</time></trkpt>
      <trkpt lat="52.737156" lon="-1.340752"><ele>182.8</ele><time>2025-10-20T12:05:14.000Z</time></trkpt>
      <trkpt lat="52.737147" lon="-1.340765"><ele>182.7</ele><time>2025-10-20T12:05:15.000Z</time></trkpt>
      <trkpt lat="52.737139" lon="-1.340777"><ele>182.5</ele><time>2025-10-20T12:05:16.000Z</time></trkpt>
      <trkpt lat="52.737131" lon="-1.340789"><ele>182.4</ele><time>2025-10-20T12:05:17.000Z</time></trkpt>
      <trkpt lat="52.737122" lon="-1.340801"><ele>182.3</ele><time>2025-10-20T12:05:18.000Z</time></trkpt>
      <trkpt lat="52.737114" lon="-1.340812"><ele>182.1</ele><time>2025-10-20T12:05:19.000Z</time></trkpt>
      <trkpt lat="52.737105" lon="-1.340824"><ele>182.0</ele><time>2025-10-20T12:05:20.000Z</time></trkpt>
      <trkpt lat="52.737094" lon="-1.340837"><ele>181.8</ele><time>2025-10-20T12:05:21.000Z</time></trkpt>
      <trkpt lat="52.737082" lon="-1.340850"><ele>181.7</ele><time>2025-10-20T12:05:22.000Z</time></trkpt>
      <trkpt lat="52.737069" lon="-1.340862"><ele>181.5</ele><time>2025-10-20T12:05:23.000Z</time></trkpt>
      <trkpt lat="52.737058" lon="-1.340871"><ele>181.4</ele><time>2025-10-20T12:05:24.000Z</time></trkpt>
      <trkpt lat="52.737049" lon="-1.340876"><ele>181.2</ele><time>2025-10-20T12:05:25.000Z</time></trkpt>
      <trkpt lat="52.737040" lon="-1.340881"><ele>181.1</ele><time>2025-10-20T12:05:26.000Z</time></trkpt>
      <trkpt lat="52.737030" lon="-1.340889"><ele>181.0</ele><time>2025-10-20T12:05:27.000Z</time></trkpt>
      <trkpt lat="52.737018" lon="-1.340900"><ele>180.8</ele><time>2025-10-20T12:05:28.000Z</time></trkpt>
      <trkpt lat="52.737006" lon="-1.340911"><ele>180.7</ele><time>2025-10-20T12:05:29.000Z</time></trkpt>
      <trkpt lat="52.736994" lon="-1.340921"><ele>180.5</ele><time>2025-10-20T12:05:30.000Z</time></trkpt>
      <trkpt lat="52.736985" lon="-1.340930"><ele>180.4</ele><time>2025-10-20T12:05:31.000Z</time></trkpt>
      <trkpt lat="52.736977" lon="-1.340936"><ele>180.3</ele><time>2025-10-20T12:05:32.000Z</time></trkpt>
      <trkpt lat="52.736973" lon="-1.340940"><ele>180.1</ele><time>2025-10-20T12:05:33.000Z</time></trkpt>
      <trkpt lat="52.736971" lon="-1.340944"><ele>180.0</ele><time>2025-10-20T12:05:34.000Z</time></trkpt>
      <trkpt lat="52.736969" lon="-1.340949"><ele>179.9</ele><time>2025-10-20T12:05:35.000Z</time></trkpt>
      <trkpt lat="52.736966" lon="-1.340956"><ele>179.9</ele><time>2025-10-20T12:05:36.000Z</time></trkpt>
      <trkpt lat="52.736962" lon="-1.340967"><ele>179.8</ele><time>2025-10-20T12:05:37.000Z</time></trkpt>
      <trkpt lat="52.736955" lon="-1.340981"><ele>179.8</ele><time>2025-10-20T12:05:38.000Z</time></trkpt>
      <trkpt lat="52.736947" lon="-1.340998"><ele>179.7</ele><time>2025-10-20T12:05:39.000Z</time></trkpt>
      <trkpt lat="52.736938" lon="-1.341014"><ele>179.7</ele><time>2025-10-20T12:05:40.000Z</time></trkpt>
      <trkpt lat="52.736930" lon="-1.341027"><ele>179.6</ele><time>2025-10-20T12:05:41.000Z</time></trkpt>
      <trkpt lat="52.736920" lon="-1.341037"><ele>179.5</ele><time>2025-10-20T12:05:42.000Z</time></trkpt>
      <trkpt lat="52.736910" lon="-1.341048"><ele>179.5</ele><time>2025-10-20T12:05:43.000Z</time></trkpt>
      <trkpt lat="52.736899" lon="-1.341057"><ele>179.4</ele><time>2025-10-20T12:05:44.000Z</time></trkpt>
      <trkpt lat="52.736888" lon="-1.341062"><ele>179.3</ele><time>2025-10-20T12:05:45.000Z</time></trkpt>
      <trkpt lat="52.736876" lon="-1.341067"><ele>179.2</ele><time>2025-10-20T12:05:46.000Z</time></trkpt>
      <trkpt lat="52.736863" lon="-1.341072"><ele>179.2</ele><time>2025-10-20T12:05:47.000Z</time></trkpt>
      <trkpt lat="52.736850" lon="-1.341080"><ele>179.1</ele><time>2025-10-20T12:05:48.000Z</time></trkpt>
      <trkpt lat="52.736840" lon="-1.341088"><ele>179.0</ele><time>2025-10-20T12:05:49.000Z</time></trkpt>
      <trkpt lat="52.736831" lon="-1.341097"><ele>178.9</ele><time>2025-10-20T12:05:50.000Z</time></trkpt>
      <trkpt lat="52.736822" lon="-1.341107"><ele>178.9</ele><time>2025-10-20T12:05:51.000Z</time></trkpt>
      <trkpt lat="52.736814" lon="-1.341120"><ele>178.7</ele><time>2025-10-20T12:05:52.000Z</time></trkpt>
      <trkpt lat="52.736804" lon="-1.341133"><ele>178.6</ele><time>2025-10-20T12:05:53.000Z</time></trkpt>
      <trkpt lat="52.736795" lon="-1.341148"><ele>178.5</ele><time>2025-10-20T12:05:54.000Z</time></trkpt>
      <trkpt lat="52.736786" lon="-1.341162"><ele>178.3</ele><time>2025-10-20T12:05:55.000Z</time></trkpt>
      <trkpt lat="52.736778" lon="-1.341177"><ele>178.2</ele><time>2025-10-20T12:05:56.000Z</time></trkpt>
      <trkpt lat="52.736770" lon="-1.341191"><ele>178.1</ele><time>2025-10-20T12:05:57.000Z</time></trkpt>
      <trkpt lat="52.736760" lon="-1.341206"><ele>177.9</ele><time>2025-10-20T12:05:58.000Z</time></trkpt>
      <trkpt lat="52.736750" lon="-1.341224"><ele>177.8</ele><time>2025-10-20T12:05:59.000Z</time></trkpt>
      <trkpt lat="52.736739" lon="-1.341241"><ele>177.7</ele><time>2025-10-20T12:06:00.000Z</time></trkpt>
      <trkpt lat="52.736730" lon="-1.341255"><ele>177.7</ele><time>2025-10-20T12:06:01.000Z</time></trkpt>
      <trkpt lat="52.736723" lon="-1.341266"><ele>177.6</ele><time>2025-10-20T12:06:02.000Z</time></trkpt>
      <trkpt lat="52.736715" lon="-1.341276"><ele>177.5</ele><time>2025-10-20T12:06:03.000Z</time></trkpt>
      <trkpt lat="52.736707" lon="-1.341288"><ele>177.5</ele><time>2025-10-20T12:06:04.000Z</time></trkpt>
      <trkpt lat="52.736697" lon="-1.341302"><ele>177.4</ele><time>2025-10-20T12:06:05.000Z</time></trkpt>
      <trkpt lat="52.736687" lon="-1.341317"><ele>177.4</ele><time>2025-10-20T12:06:06.000Z</time></trkpt>
      <trkpt lat="52.736677" lon="-1.341331"><ele>177.3</ele><time>2025-10-20T12:06:07.000Z</time></trkpt>
      <trkpt lat="52.736669" lon="-1.341343"><ele>177.3</ele><time>2025-10-20T12:06:08.000Z</time></trkpt>
      <trkpt lat="52.736662" lon="-1.341353"><ele>177.2</ele><time>2025-10-20T12:06:09.000Z</time></trkpt>
      <trkpt lat="52.736656" lon="-1.341362"><ele>177.1</ele><time>2025-10-20T12:06:10.000Z</time></trkpt>
      <trkpt lat="52.736648" lon="-1.341374"><ele>177.0</ele><time>2025-10-20T12:06:11.000Z</time></trkpt>
      <trkpt lat="52.736638" lon="-1.341390"><ele>176.9</ele><time>2025-10-20T12:06:12.000Z</time></trkpt>
      <trkpt lat="52.736627" lon="-1.341406"><ele>176.8</ele><time>2025-10-20T12:06:13.000Z</time></trkpt>
      <trkpt lat="52.736618" lon="-1.341419"><ele>176.8</ele><time>2025-10-20T12:06:14.000Z</time></trkpt>
      <trkpt lat="52.736611" lon="-1.341427"><ele>176.7</ele><time>2025-10-20T12:06:15.000Z</time></trkpt>
      <trkpt lat="52.736605" lon="-1.341433"><ele>176.6</ele><time>2025-10-20T12:06:16.000Z</time></trkpt>
      <trkpt lat="52.736601" lon="-1.341437"><ele>176.6</ele><time>2025-10-20T12:06:17.000Z</time></trkpt>
      <trkpt lat="52.736595" lon="-1.341441"><ele>176.5</ele><time>2025-10-20T12:06:18.000Z</time></trkpt>
      <trkpt lat="52.736587" lon="-1.341447"><ele>176.5</ele><time>2025-10-20T12:06:19.000Z</time></trkpt>
      <trkpt lat="52.736578" lon="-1.341455"><ele>176.5</ele><time>2025-10-20T12:06:20.000Z</time></trkpt>
      <trkpt lat="52.736569" lon="-1.341463"><ele>176.5</ele><time>2025-10-20T12:06:21.000Z</time></trkpt>
      <trkpt lat="52.736559" lon="-1.341471"><ele>176.5</ele><time>2025-10-20T12:06:22.000Z</time></trkpt>
      <trkpt lat="52.736550" lon="-1.341479"><ele>176.5</ele><time>2025-10-20T12:06:23.000Z</time></trkpt>
      <trkpt lat="52.736542" lon="-1.341487"><ele>176.5</ele><time>2025-10-20T12:06:24.000Z</time></trkpt>
      <trkpt lat="52.736534" lon="-1.341497"><ele>176.4</ele><time>2025-10-20T12:06:25.000Z</time></trkpt>
      <trkpt lat="52.736524" lon="-1.341508"><ele>176.4</ele><time>2025-10-20T12:06:26.000Z</time></trkpt>
      <trkpt lat="52.736515" lon="-1.341518"><ele>176.3</ele><time>2025-10-20T12:06:27.000Z</time></trkpt>
      <trkpt lat="52.736506" lon="-1.341528"><ele>176.2</ele><time>2025-10-20T12:06:28.000Z</time></trkpt>
      <trkpt lat="52.736498" lon="-1.341538"><ele>176.1</ele><time>2025-10-20T12:06:29.000Z</time></trkpt>
      <trkpt lat="52.736490" lon="-1.341547"><ele>176.0</ele><time>2025-10-20T12:06:30.000Z</time></trkpt>
      <trkpt lat="52.736481" lon="-1.341556"><ele>175.9</ele><time>2025-10-20T12:06:31.000Z</time></trkpt>
      <trkpt lat="52.736472" lon="-1.341565"><ele>175.8</ele><time>2025-10-20T12:06:32.000Z</time></trkpt>
      <trkpt lat="52.736463" lon="-1.341573"><ele>175.7</ele><time>2025-10-20T12:06:33.000Z</time></trkpt>
      <trkpt lat="52.736453" lon="-1.341582"><ele>175.6</ele><time>2025-10-20T12:06:34.000Z</time></trkpt>
      <trkpt lat="52.736443" lon="-1.341590"><ele>175.5</ele><time>2025-10-20T12:06:35.000Z</time></trkpt>
      <trkpt lat="52.736433" lon="-1.341599"><ele>175.4</ele><time>2025-10-20T12:06:36.000Z</time></trkpt>
      <trkpt lat="52.736422" lon="-1.341609"><ele>175.4</ele><time>2025-10-20T12:06:37.000Z</time></trkpt>
      <trkpt lat="52.736411" lon="-1.341619"><ele>175.3</ele><time>2025-10-20T12:06:38.000Z</time></trkpt>
      <trkpt lat="52.736400" lon="-1.341628"><ele>175.2</ele><time>2025-10-20T12:06:39.000Z</time></trkpt>
      <trkpt lat="52.736391" lon="-1.341637"><ele>175.1</ele><time>2025-10-20T12:06:40.000Z</time></trkpt>
      <trkpt lat="52.736384" lon="-1.341645"><ele>175.1</ele><time>2025-10-20T12:06:41.000Z</time></trkpt>
      <trkpt lat="52.736377" lon="-1.341654"><ele>174.9</ele><time>2025-10-20T12:06:42.000Z</time></trkpt>
      <trkpt lat="52.736370" lon="-1.341662"><ele>174.8</ele><time>2025-10-20T12:06:43.000Z</time></trkpt>
      <trkpt lat="52.736363" lon="-1.341670"><ele>174.7</ele><time>2025-10-20T12:06:44.000Z</time></trkpt>
      <trkpt lat="52.736356" lon="-1.341678"><ele>174.6</ele><time>2025-10-20T12:06:45.000Z</time></trkpt>
      <trkpt lat="52.736347" lon="-1.341686"><ele>174.5</ele><time>2025-10-20T12:06:46.000Z</time></trkpt>
      <trkpt lat="52.736338" lon="-1.341694"><ele>174.4</ele><time>2025-10-20T12:06:47.000Z</time></trkpt>
      <trkpt lat="52.736328" lon="-1.341701"><ele>174.4</ele><time>2025-10-20T12:06:48.000Z</time></trkpt>
      <trkpt lat="52.736317" lon="-1.341707"><ele>174.3</ele><time>2025-10-20T12:06:49.000Z</time></trkpt>
      <trkpt lat="52.736305" lon="-1.341711"><ele>174.2</ele><time>2025-10-20T12:06:50.000Z</time></trkpt>
      <trkpt lat="52.736292" lon="-1.341712"><ele>174.1</ele><time>2025-10-20T12:06:51.000Z</time></trkpt>
      <trkpt lat="52.736279" lon="-1.341712"><ele>174.0</ele><time>2025-10-20T12:06:52.000Z</time></trkpt>
      <trkpt lat="52.736268" lon="-1.341711"><ele>173.9</ele><time>2025-10-20T12:06:53.000Z</time></trkpt>
      <trkpt lat="52.736259" lon="-1.341711"><ele>173.8</ele><time>2025-10-20T12:06:54.000Z</time></trkpt>
      <trkpt lat="52.736248" lon="-1.341712"><ele>173.7</ele><time>2025-10-20T12:06:55.000Z</time></trkpt>
      <trkpt lat="52.736235" lon="-1.341714"><ele>173.6</ele><time>2025-10-20T12:06:56.000Z</time></trkpt>
      <trkpt lat="52.736221" lon="-1.341718"><ele>173.5</ele><time>2025-10-20T12:06:57.000Z</time></trkpt>
      <trkpt lat="52.736209" lon="-1.341725"><ele>173.4</ele><time>2025-10-20T12:06:58.000Z</time></trkpt>
      <trkpt lat="52.736199" lon="-1.341734"><ele>173.4</ele><time>2025-10-20T12:06:59.000Z</time></trkpt>
      <trkpt lat="52.736191" lon="-1.341746"><ele>173.3</ele><time>2025-10-20T12:07:00.000Z</time></trkpt>
      <trkpt lat="52.736182" lon="-1.341759"><ele>173.3</ele><time>2025-10-20T12:07:01.000Z</time></trkpt>
      <trkpt lat="52.736173" lon="-1.341773"><ele>173.2</ele><time>2025-10-20T12:07:02.000Z</time></trkpt>
      <trkpt lat="52.736164" lon="-1.341789"><ele>173.1</ele><time>2025-10-20T12:07:03.000Z</time></trkpt>
      <trkpt lat="52.736156" lon="-1.341805"><ele>173.0</ele><time>2025-10-20T12:07:04.000Z</time></trkpt>
      <trkpt lat="52.736148" lon="-1.341821"><ele>172.9</ele><time>2025-10-20T12:07:05.000Z</time></trkpt>
      <trkpt lat="52.736141" lon="-1.341838"><ele>172.9</ele><time>2025-10-20T12:07:06.000Z</time></trkpt>
      <trkpt lat="52.736134" lon="-1.341855"><ele>172.8</ele><time>2025-10-20T12:07:07.000Z</time></trkpt>
      <trkpt lat="52.736126" lon="-1.341871"><ele>172.7</ele><time>2025-10-20T12:07:08.000Z</time></trkpt>
      <trkpt lat="52.736117" lon="-1.341886"><ele>172.7</ele><time>2025-10-20T12:07:09.000Z</time></trkpt>
      <trkpt lat="52.736108" lon="-1.341900"><ele>172.6</ele><time>2025-10-20T12:07:10.000Z</time></trkpt>
      <trkpt lat="52.736100" lon="-1.341911"><ele>172.6</ele><time>2025-10-20T12:07:11.000Z</time></trkpt>
      <trkpt lat="52.736093" lon="-1.341919"><ele>172.6</ele><time>2025-10-20T12:07:12.000Z</time></trkpt>
      <trkpt lat="52.736085" lon="-1.341927"><ele>172.6</ele><time>2025-10-20T12:07:13.000Z</time></trkpt>
      <trkpt lat="52.736076" lon="-1.341937"><ele>172.5</ele><time>2025-10-20T12:07:14.000Z</time></trkpt>
      <trkpt lat="52.736066" lon="-1.341949"><ele>172.5</ele><time>2025-10-20T12:07:15.000Z</time></trkpt>
      <trkpt lat="52.736057" lon="-1.341962"><ele>172.5</ele><time>2025-10-20T12:07:16.000Z</time></trkpt>
      <trkpt lat="52.736049" lon="-1.341972"><ele>172.5</ele><time>2025-10-20T12:07:17.000Z</time></trkpt>
      <trkpt lat="52.736041" lon="-1.341981"><ele>172.4</ele><time>2025-10-20T12:07:18.000Z</time></trkpt>
      <trkpt lat="52.736034" lon="-1.341989"><ele>172.4</ele><time>2025-10-20T12:07:19.000Z</time></trkpt>
      <trkpt lat="52.736026" lon="-1.341998"><ele>172.3</ele><time>2025-10-20T12:07:20.000Z</time></trkpt>
      <trkpt lat="52.736018" lon="-1.342008"><ele>172.3</ele><time>2025-10-20T12:07:21.000Z</time></trkpt>
      <trkpt lat="52.736009" lon="-1.342020"><ele>172.3</ele><time>2025-10-20T12:07:22.000Z</time></trkpt>
      <trkpt lat="52.736001" lon="-1.342031"><ele>172.2</ele><time>2025-10-20T12:07:23.000Z</time></trkpt>
      <trkpt lat="52.735993" lon="-1.342042"><ele>172.2</ele><time>2025-10-20T12:07:24.000Z</time></trkpt>
      <trkpt lat="52.735984" lon="-1.342052"><ele>172.1</ele><time>2025-10-20T12:07:25.000Z</time></trkpt>
      <trkpt lat="52.735976" lon="-1.342058"><ele>172.1</ele><time>2025-10-20T12:07:26.000Z</time></trkpt>
      <trkpt lat="52.735967" lon="-1.342063"><ele>172.0</ele><time>2025-10-20T12:07:27.000Z</time></trkpt>
      <trkpt lat="52.735956" lon="-1.342067"><ele>172.0</ele><time>2025-10-20T12:07:28.000Z</time></trkpt>
      <trkpt lat="52.735943" lon="-1.342071"><ele>171.9</ele><time>2025-10-20T12:07:29.000Z</time></trkpt>
      <trkpt lat="52.735930" lon="-1.342075"><ele>171.8</ele><time>2025-10-20T12:07:30.000Z</time></trkpt>
      <trkpt lat="52.735918" lon="-1.342079"><ele>171.7</ele><time>2025-10-20T12:07:31.000Z</time></trkpt>
      <trkpt lat="52.735907" lon="-1.342084"><ele>171.6</ele><time>2025-10-20T12:07:32.000Z</time></trkpt>
      <trkpt lat="52.735897" lon="-1.342090"><ele>171.5</ele><time>2025-10-20T12:07:33.000Z</time></trkpt>
      <trkpt lat="52.735886" lon="-1.342097"><ele>171.3</ele><time>2025-10-20T12:07:34.000Z</time></trkpt>
      <trkpt lat="52.735874" lon="-1.342105"><ele>171.2</ele><time>2025-10-20T12:07:35.000Z</time></trkpt>
      <trkpt lat="52.735863" lon="-1.342114"><ele>171.1</ele><time>2025-10-20T12:07:36.000Z</time></trkpt>
      <trkpt lat="52.735850" lon="-1.342124"><ele>171.0</ele><time>2025-10-20T12:07:37.000Z</time></trkpt>
      <trkpt lat="52.735837" lon="-1.342134"><ele>171.0</ele><time>2025-10-20T12:07:38.000Z</time></trkpt>
      <trkpt lat="52.735824" lon="-1.342142"><ele>170.9</ele><time>2025-10-20T12:07:39.000Z</time></trkpt>
      <trkpt lat="52.735814" lon="-1.342149"><ele>170.8</ele><time>2025-10-20T12:07:40.000Z</time></trkpt>
      <trkpt lat="52.735805" lon="-1.342155"><ele>170.8</ele><time>2025-10-20T12:07:41.000Z</time></trkpt>
      <trkpt lat="52.735796" lon="-1.342162"><ele>170.7</ele><time>2025-10-20T12:07:42.000Z</time></trkpt>
      <trkpt lat="52.735787" lon="-1.342170"><ele>170.7</ele><time>2025-10-20T12:07:43.000Z</time></trkpt>
      <trkpt lat="52.735780" lon="-1.342179"><ele>170.6</ele><time>2025-10-20T12:07:44.000Z</time></trkpt>
      <trkpt lat="52.735774" lon="-1.342188"><ele>170.6</ele><time>2025-10-20T12:07:45.000Z</time></trkpt>
      <trkpt lat="52.735769" lon="-1.342196"><ele>170.5</ele><time>2025-10-20T12:07:46.000Z</time></trkpt>
      <trkpt lat="52.735764" lon="-1.342205"><ele>170.5</ele><time>2025-10-20T12:07:47.000Z</time></trkpt>
      <trkpt lat="52.735757" lon="-1.342215"><ele>170.5</ele><time>2025-10-20T12:07:48.000Z</time></trkpt>
      <trkpt lat="52.735750" lon="-1.342225"><ele>170.4</ele><time>2025-10-20T12:07:49.000Z</time></trkpt>
      <trkpt lat="52.735745" lon="-1.342232"><ele>170.4</ele><time>2025-10-20T12:07:50.000Z</time></trkpt>
      <trkpt lat="52.735740" lon="-1.342238"><ele>170.4</ele><time>2025-10-20T12:07:51.000Z</time></trkpt>
      <trkpt lat="52.735737" lon="-1.342244"><ele>170.4</ele><time>2025-10-20T12:07:52.000Z</time></trkpt>
      <trkpt lat="52.735731" lon="-1.342252"><ele>170.4</ele><time>2025-10-20T12:07:53.000Z</time></trkpt>
      <trkpt lat="52.735724" lon="-1.342261"><ele>170.4</ele><time>2025-10-20T12:07:54.000Z</time></trkpt>
      <trkpt lat="52.735715" lon="-1.342271"><ele>170.4</ele><time>2025-10-20T12:07:55.000Z</time></trkpt>
      <trkpt lat="52.735707" lon="-1.342283"><ele>170.3</ele><time>2025-10-20T12:07:56.000Z</time></trkpt>
      <trkpt lat="52.735700" lon="-1.342294"><ele>170.3</ele><time>2025-10-20T12:07:57.000Z</time></trkpt>
      <trkpt lat="52.735693" lon="-1.342307"><ele>170.3</ele><time>2025-10-20T12:07:58.000Z</time></trkpt>
      <trkpt lat="52.735684" lon="-1.342321"><ele>170.2</ele><time>2025-10-20T12:07:59.000Z</time></trkpt>
      <trkpt lat="52.735676" lon="-1.342335"><ele>170.1</ele><time>2025-10-20T12:08:00.000Z</time></trkpt>
      <trkpt lat="52.735669" lon="-1.342350"><ele>170.0</ele><time>2025-10-20T12:08:01.000Z</time></trkpt>
      <trkpt lat="52.735662" lon="-1.342364"><ele>169.9</ele><time>2025-10-20T12:08:02.000Z</time></trkpt>
      <trkpt lat="52.735655" lon="-1.342379"><ele>169.9</ele><time>2025-10-20T12:08:03.000Z</time></trkpt>
      <trkpt lat="52.735648" lon="-1.342395"><ele>169.8</ele><time>2025-10-20T12:08:04.000Z</time></trkpt>
      <trkpt lat="52.735640" lon="-1.342411"><ele>169.7</ele><time>2025-10-20T12:08:05.000Z</time></trkpt>
      <trkpt lat="52.735632" lon="-1.342426"><ele>169.6</ele><time>2025-10-20T12:08:06.000Z</time></trkpt>
      <trkpt lat="52.735625" lon="-1.342441"><ele>169.6</ele><time>2025-10-20T12:08:07.000Z</time></trkpt>
      <trkpt lat="52.735619" lon="-1.342455"><ele>169.5</ele><time>2025-10-20T12:08:08.000Z</time></trkpt>
      <trkpt lat="52.735612" lon="-1.342470"><ele>169.4</ele><time>2025-10-20T12:08:09.000Z</time></trkpt>
      <trkpt lat="52.735606" lon="-1.342485"><ele>169.3</ele><time>2025-10-20T12:08:10.000Z</time></trkpt>
      <trkpt lat="52.735599" lon="-1.342501"><ele>169.2</ele><time>2025-10-20T12:08:11.000Z</time></trkpt>
      <trkpt lat="52.735590" lon="-1.342520"><ele>169.2</ele><time>2025-10-20T12:08:12.000Z</time></trkpt>
      <trkpt lat="52.735580" lon="-1.342538"><ele>169.1</ele><time>2025-10-20T12:08:13.000Z</time></trkpt>
      <trkpt lat="52.735571" lon="-1.342554"><ele>169.0</ele><time>2025-10-20T12:08:14.000Z</time></trkpt>
      <trkpt lat="52.735563" lon="-1.342568"><ele>169.0</ele><time>2025-10-20T12:08:15.000Z</time></trkpt>
      <trkpt lat="52.735555" lon="-1.342583"><ele>168.9</ele><time>2025-10-20T12:08:16.000Z</time></trkpt>
      <trkpt lat="52.735547" lon="-1.342597"><ele>168.9</ele><time>2025-10-20T12:08:17.000Z</time></trkpt>
      <trkpt lat="52.735538" lon="-1.342612"><ele>168.8</ele><time>2025-10-20T12:08:18.000Z</time></trkpt>
      <trkpt lat="52.735528" lon="-1.342628"><ele>168.8</ele><time>2025-10-20T12:08:19.000Z</time></trkpt>
      <trkpt lat="52.735517" lon="-1.342643"><ele>168.8</ele><time>2025-10-20T12:08:20.000Z</time></trkpt>
      <trkpt lat="52.735507" lon="-1.342657"><ele>168.7</ele><time>2025-10-20T12:08:21.000Z</time></trkpt>
      <trkpt lat="52.735497" lon="-1.342669"><ele>168.7</ele><time>2025-10-20T12:08:22.000Z</time></trkpt>
      <trkpt lat="52.735487" lon="-1.342679"><ele>168.7</ele><time>2025-10-20T12:08:23.000Z</time></trkpt>
      <trkpt lat="52.735478" lon="-1.342687"><ele>168.7</ele><time>2025-10-20T12:08:24.000Z</time></trkpt>
      <trkpt lat="52.735470" lon="-1.342693"><ele>168.6</ele><time>2025-10-20T12:08:25.000Z</time></trkpt>
      <trkpt lat="52.735462" lon="-1.342697"><ele>168.6</ele><time>2025-10-20T12:08:26.000Z</time></trkpt>
      <trkpt lat="52.735452" lon="-1.342699"><ele>168.5</ele><time>2025-10-20T12:08:27.000Z</time></trkpt>
      <trkpt lat="52.735442" lon="-1.342696"><ele>168.4</ele><time>2025-10-20T12:08:28.000Z</time></trkpt>
      <trkpt lat="52.735432" lon="-1.342686"><ele>168.4</ele><time>2025-10-20T12:08:29.000Z</time></trkpt>
      <trkpt lat="52.735421" lon="-1.342672"><ele>168.3</ele><time>2025-10-20T12:08:30.000Z</time></trkpt>
      <trkpt lat="52.735410" lon="-1.342656"><ele>168.2</ele><time>2025-10-20T12:08:31.000Z</time></trkpt>
      <trkpt lat="52.735399" lon="-1.342639"><ele>168.2</ele><time>2025-10-20T12:08:32.000Z</time></trkpt>
      <trkpt lat="52.735388" lon="-1.342623"><ele>168.1</ele><time>2025-10-20T12:08:33.000Z</time></trkpt>
      <trkpt lat="52.735377" lon="-1.342607"><ele>168.1</ele><time>2025-10-20T12:08:34.000Z</time></trkpt>
      <trkpt lat="52.735367" lon="-1.342594"><ele>168.1</ele><time>2025-10-20T12:08:35.000Z</time></trkpt>
      <trkpt lat="52.735358" lon="-1.342582"><ele>168.1</ele><time>2025-10-20T12:08:36.000Z</time></trkpt>
      <trkpt lat="52.735350" lon="-1.342569"><ele>168.2</ele><time>2025-10-20T12:08:37.000Z</time></trkpt>
      <trkpt lat="52.735340" lon="-1.342554"><ele>168.2</ele><time>2025-10-20T12:08:38.000Z</time></trkpt>
      <trkpt lat="52.735330" lon="-1.342538"><ele>168.3</ele><time>2025-10-20T12:08:39.000Z</time></trkpt>
      <trkpt lat="52.735321" lon="-1.342522"><ele>168.3</ele><time>2025-10-20T12:08:40.000Z</time></trkpt>
      <trkpt lat="52.735312" lon="-1.342507"><ele>168.3</ele><time>2025-10-20T12:08:41.000Z</time></trkpt>
      <trkpt lat="52.735303" lon="-1.342495"><ele>168.3</ele><time>2025-10-20T12:08:42.000Z</time></trkpt>
      <trkpt lat="52.735294" lon="-1.342483"><ele>168.3</ele><time>2025-10-20T12:08:43.000Z</time></trkpt>
      <trkpt lat="52.735284" lon="-1.342470"><ele>168.3</ele><time>2025-10-20T12:08:44.000Z</time></trkpt>
      <trkpt lat="52.735274" lon="-1.342456"><ele>168.3</ele><time>2025-10-20T12:08:45.000Z</time></trkpt>
      <trkpt lat="52.735263" lon="-1.342441"><ele>168.3</ele><time>2025-10-20T12:08:46.000Z</time></trkpt>
      <trkpt lat="52.735254" lon="-1.342425"><ele>168.3</ele><time>2025-10-20T12:08:47.000Z</time></trkpt>
      <trkpt lat="52.735245" lon="-1.342409"><ele>168.3</ele><time>2025-10-20T12:08:48.000Z</time></trkpt>
      <trkpt lat="52.735237" lon="-1.342393"><ele>168.3</ele><time>2025-10-20T12:08:49.000Z</time></trkpt>
      <trkpt lat="52.735229" lon="-1.342378"><ele>168.3</ele><time>2025-10-20T12:08:50.000Z</time></trkpt>
      <trkpt lat="52.735222" lon="-1.342362"><ele>168.3</ele><time>2025-10-20T12:08:51.000Z</time></trkpt>
      <trkpt lat="52.735213" lon="-1.342345"><ele>168.3</ele><time>2025-10-20T12:08:52.000Z</time></trkpt>
      <trkpt lat="52.735205" lon="-1.342326"><ele>168.4</ele><time>2025-10-20T12:08:53.000Z</time></trkpt>
      <trkpt lat="52.735196" lon="-1.342306"><ele>168.4</ele><time>2025-10-20T12:08:54.000Z</time></trkpt>
      <trkpt lat="52.735188" lon="-1.342287"><ele>168.5</ele><time>2025-10-20T12:08:55.000Z</time></trkpt>
      <trkpt lat="52.735180" lon="-1.342270"><ele>168.6</ele><time>2025-10-20T12:08:56.000Z</time></trkpt>
      <trkpt lat="52.735172" lon="-1.342253"><ele>168.6</ele><time>2025-10-20T12:08:57.000Z</time></trkpt>
      <trkpt lat="52.735163" lon="-1.342240"><ele>168.7</ele><time>2025-10-20T12:08:58.000Z</time></trkpt>
      <trkpt lat="52.735156" lon="-1.342229"><ele>168.7</ele><time>2025-10-20T12:08:59.000Z</time></trkpt>
      <trkpt lat="52.735149" lon="-1.342219"><ele>168.7</ele><time>2025-10-20T12:09:00.000Z</time></trkpt>
      <trkpt lat="52.735142" lon="-1.342207"><ele>168.7</ele><time>2025-10-20T12:09:01.000Z</time></trkpt>
      <trkpt lat="52.735136" lon="-1.342193"><ele>168.7</ele><time>2025-10-20T12:09:02.000Z</time></trkpt>
      <trkpt lat="52.735130" lon="-1.342180"><ele>168.7</ele><time>2025-10-20T12:09:03.000Z</time></trkpt>
      <trkpt lat="52.735123" lon="-1.342166"><ele>168.7</ele><time>2025-10-20T12:09:04.000Z</time></trkpt>
      <trkpt lat="52.735114" lon="-1.342151"><ele>168.7</ele><time>2025-10-20T12:09:05.000Z</time></trkpt>
      <trkpt lat="52.735103" lon="-1.342136"><ele>168.7</ele><time>2025-10-20T12:09:06.000Z</time></trkpt>
      <trkpt lat="52.735093" lon="-1.342121"><ele>168.7</ele><time>2025-10-20T12:09:07.000Z</time></trkpt>
      <trkpt lat="52.735084" lon="-1.342107"><ele>168.7</ele><time>2025-10-20T12:09:08.000Z</time></trkpt>
      <trkpt lat="52.735075" lon="-1.342092"><ele>168.8</ele><time>2025-10-20T12:09:09.000Z</time></trkpt>
      <trkpt lat="52.735067" lon="-1.342080"><ele>168.8</ele><time>2025-10-20T12:09:10.000Z</time></trkpt>
      <trkpt lat="52.735059" lon="-1.342069"><ele>168.8</ele><time>2025-10-20T12:09:11.000Z</time></trkpt>
      <trkpt lat="52.735052" lon="-1.342059"><ele>168.8</ele><time>2025-10-20T12:09:12.000Z</time></trkpt>
      <trkpt lat="52.735045" lon="-1.342049"><ele>168.8</ele><time>2025-10-20T12:09:13.000Z</time></trkpt>
      <trkpt lat="52.735037" lon="-1.342037"><ele>168.8</ele><time>2025-10-20T12:09:14.000Z</time></trkpt>
      <trkpt lat="52.735026" lon="-1.342024"><ele>168.8</ele><time>2025-10-20T12:09:15.000Z</time></trkpt>
      <trkpt lat="52.735016" lon="-1.342011"><ele>168.9</ele><time>2025-10-20T12:09:16.000Z</time></trkpt>
      <trkpt lat="52.735006" lon="-1.341998"><ele>168.9</ele><time>2025-10-20T12:09:17.000Z</time></trkpt>
      <trkpt lat="52.734996" lon="-1.341984"><ele>168.9</ele><time>2025-10-20T12:09:18.000Z</time></trkpt>
      <trkpt lat="52.734985" lon="-1.341971"><ele>168.8</ele><time>2025-10-20T12:09:19.000Z</time></trkpt>
      <trkpt lat="52.734975" lon="-1.341960"><ele>168.8</ele><time>2025-10-20T12:09:20.000Z</time></trkpt>
      <trkpt lat="52.734967" lon="-1.341946"><ele>168.8</ele><time>2025-10-20T12:09:21.000Z</time></trkpt>
      <trkpt lat="52.734959" lon="-1.341931"><ele>168.8</ele><time>2025-10-20T12:09:22.000Z</time></trkpt>
      <trkpt lat="52.734950" lon="-1.341915"><ele>168.8</ele><time>2025-10-20T12:09:23.000Z</time></trkpt>
      <trkpt lat="52.734942" lon="-1.341898"><ele>168.8</ele><time>2025-10-20T12:09:24.000Z</time></trkpt>
      <trkpt lat="52.734933" lon="-1.341882"><ele>168.8</ele><time>2025-10-20T12:09:25.000Z</time></trkpt>
      <trkpt lat="52.734924" lon="-1.341867"><ele>168.8</ele><time>2025-10-20T12:09:26.000Z</time></trkpt>
      <trkpt lat="52.734915" lon="-1.341855"><ele>168.8</ele><time>2025-10-20T12:09:27.000Z</time></trkpt>
      <trkpt lat="52.734906" lon="-1.341844"><ele>168.8</ele><time>2025-10-20T12:09:28.000Z</time></trkpt>
      <trkpt lat="52.734898" lon="-1.341831"><ele>168.7</ele><time>2025-10-20T12:09:29.000Z</time></trkpt>
      <trkpt lat="52.734890" lon="-1.341817"><ele>168.7</ele><time>2025-10-20T12:09:30.000Z</time></trkpt>
      <trkpt lat="52.734880" lon="-1.341802"><ele>168.7</ele><time>2025-10-20T12:09:31.000Z</time></trkpt>
      <trkpt lat="52.734871" lon="-1.341786"><ele>168.7</ele><time>2025-10-20T12:09:32.000Z</time></trkpt>
      <trkpt lat="52.734861" lon="-1.341770"><ele>168.7</ele><time>2025-10-20T12:09:33.000Z</time></trkpt>
      <trkpt lat="52.734850" lon="-1.341755"><ele>168.7</ele><time>2025-10-20T12:09:34.000Z</time></trkpt>
      <trkpt lat="52.734840" lon="-1.341741"><ele>168.7</ele><time>2025-10-20T12:09:35.000Z</time></trkpt>
      <trkpt lat="52.734830" lon="-1.341726"><ele>168.7</ele><time>2025-10-20T12:09:36.000Z</time></trkpt>
      <trkpt lat="52.734820" lon="-1.341712"><ele>168.8</ele><time>2025-10-20T12:09:37.000Z</time></trkpt>
      <trkpt lat="52.734810" lon="-1.341698"><ele>168.8</ele><time>2025-10-20T12:09:38.000Z</time></trkpt>
      <trkpt lat="52.734799" lon="-1.341684"><ele>168.8</ele><time>2025-10-20T12:09:39.000Z</time></trkpt>
      <trkpt lat="52.734789" lon="-1.341670"><ele>168.8</ele><time>2025-10-20T12:09:40.000Z</time></trkpt>
      <trkpt lat="52.734781" lon="-1.341657"><ele>168.8</ele><time>2025-10-20T12:09:41.000Z</time></trkpt>
      <trkpt lat="52.734774" lon="-1.341647"><ele>168.8</ele><time>2025-10-20T12:09:42.000Z</time></trkpt>
      <trkpt lat="52.734769" lon="-1.341640"><ele>168.8</ele><time>2025-10-20T12:09:43.000Z</time></trkpt>
      <trkpt lat="52.734765" lon="-1.341633"><ele>168.8</ele><time>2025-10-20T12:09:44.000Z</time></trkpt>
      <trkpt lat="52.734759" lon="-1.341624"><ele>168.8</ele><time>2025-10-20T12:09:45.000Z</time></trkpt>
      <trkpt lat="52.734752" lon="-1.341611"><ele>168.8</ele><time>2025-10-20T12:09:46.000Z</time></trkpt>
      <trkpt lat="52.734743" lon="-1.341595"><ele>168.8</ele><time>2025-10-20T12:09:47.000Z</time></trkpt>
      <trkpt lat="52.734734" lon="-1.341577"><ele>168.8</ele><time>2025-10-20T12:09:48.000Z</time></trkpt>
      <trkpt lat="52.734725" lon="-1.341561"><ele>168.8</ele><time>2025-10-20T12:09:49.000Z</time></trkpt>
      <trkpt lat="52.734717" lon="-1.341546"><ele>168.8</ele><time>2025-10-20T12:09:50.000Z</time></trkpt>
      <trkpt lat="52.734709" lon="-1.341533"><ele>168.8</ele><time>2025-10-20T12:09:51.000Z</time></trkpt>
      <trkpt lat="52.734701" lon="-1.341519"><ele>168.9</ele><time>2025-10-20T12:09:52.000Z</time></trkpt>
      <trkpt lat="52.734693" lon="-1.341503"><ele>168.9</ele><time>2025-10-20T12:09:53.000Z</time></trkpt>
      <trkpt lat="52.734685" lon="-1.341486"><ele>169.0</ele><time>2025-10-20T12:09:54.000Z</time></trkpt>
      <trkpt lat="52.734676" lon="-1.341468"><ele>169.0</ele><time>2025-10-20T12:09:55.000Z</time></trkpt>
      <trkpt lat="52.734668" lon="-1.341451"><ele>169.0</ele><time>2025-10-20T12:09:56.000Z</time></trkpt>
      <trkpt lat="52.734660" lon="-1.341435"><ele>169.0</ele><time>2025-10-20T12:09:57.000Z</time></trkpt>
      <trkpt lat="52.734653" lon="-1.341419"><ele>169.1</ele><time>2025-10-20T12:09:58.000Z</time></trkpt>
      <trkpt lat="52.734645" lon="-1.341402"><ele>169.1</ele><time>2025-10-20T12:09:59.000Z</time></trkpt>
      <trkpt lat="52.734637" lon="-1.341386"><ele>169.1</ele><time>2025-10-20T12:10:00.000Z</time></trkpt>
      <trkpt lat="52.734628" lon="-1.341371"><ele>169.1</ele><time>2025-10-20T12:10:01.000Z</time></trkpt>
      <trkpt lat="52.734619" lon="-1.341357"><ele>169.1</ele><time>2025-10-20T12:10:02.000Z</time></trkpt>
      <trkpt lat="52.734609" lon="-1.341345"><ele>169.1</ele><time>2025-10-20T12:10:03.000Z</time></trkpt>
      <trkpt lat="52.734599" lon="-1.341331"><ele>169.1</ele><time>2025-10-20T12:10:04.000Z</time></trkpt>
      <trkpt lat="52.734590" lon="-1.341317"><ele>169.1</ele><time>2025-10-20T12:10:05.000Z</time></trkpt>
      <trkpt lat="52.734583" lon="-1.341301"><ele>169.1</ele><time>2025-10-20T12:10:06.000Z</time></trkpt>
      <trkpt lat="52.734576" lon="-1.341284"><ele>169.1</ele><time>2025-10-20T12:10:07.000Z</time></trkpt>
      <trkpt lat="52.734570" lon="-1.341264"><ele>169.1</ele><time>2025-10-20T12:10:08.000Z</time></trkpt>
      <trkpt lat="52.734563" lon="-1.341244"><ele>169.1</ele><time>2025-10-20T12:10:09.000Z</time></trkpt>
      <trkpt lat="52.734557" lon="-1.341225"><ele>169.1</ele><time>2025-10-20T12:10:10.000Z</time></trkpt>
      <trkpt lat="52.734550" lon="-1.341206"><ele>169.2</ele><time>2025-10-20T12:10:11.000Z</time></trkpt>
      <trkpt lat="52.734544" lon="-1.341189"><ele>169.2</ele><time>2025-10-20T12:10:12.000Z</time></trkpt>
      <trkpt lat="52.734537" lon="-1.341173"><ele>169.2</ele><time>2025-10-20T12:10:13.000Z</time></trkpt>
      <trkpt lat="52.734530" lon="-1.341156"><ele>169.2</ele><time>2025-10-20T12:10:14.000Z</time></trkpt>
      <trkpt lat="52.734524" lon="-1.341138"><ele>169.2</ele><time>2025-10-20T12:10:15.000Z</time></trkpt>
      <trkpt lat="52.734517" lon="-1.341120"><ele>169.2</ele><time>2025-10-20T12:10:16.000Z</time></trkpt>
      <trkpt lat="52.734509" lon="-1.341103"><ele>169.2</ele><time>2025-10-20T12:10:17.000Z</time></trkpt>
      <trkpt lat="52.734502" lon="-1.341084"><ele>169.2</ele><time>2025-10-20T12:10:18.000Z</time></trkpt>
      <trkpt lat="52.734495" lon="-1.341066"><ele>169.1</ele><time>2025-10-20T12:10:19.000Z</time></trkpt>
      <trkpt lat="52.734489" lon="-1.341048"><ele>169.1</ele><time>2025-10-20T12:10:20.000Z</time></trkpt>
      <trkpt lat="52.734484" lon="-1.341032"><ele>169.1</ele><time>2025-10-20T12:10:21.000Z</time></trkpt>
      <trkpt lat="52.734478" lon="-1.341015"><ele>169.1</ele><time>2025-10-20T12:10:22.000Z</time></trkpt>
      <trkpt lat="52.734472" lon="-1.340998"><ele>169.1</ele><time>2025-10-20T12:10:23.000Z</time></trkpt>
      <trkpt lat="52.734465" lon="-1.340981"><ele>169.1</ele><time>2025-10-20T12:10:24.000Z</time></trkpt>
      <trkpt lat="52.734458" lon="-1.340964"><ele>169.1</ele><time>2025-10-20T12:10:25.000Z</time></trkpt>
      <trkpt lat="52.734450" lon="-1.340947"><ele>169.2</ele><time>2025-10-20T12:10:26.000Z</time></trkpt>
      <trkpt lat="52.734442" lon="-1.340930"><ele>169.2</ele><time>2025-10-20T12:10:27.000Z</time></trkpt>
      <trkpt lat="52.734434" lon="-1.340912"><ele>169.2</ele><time>2025-10-20T12:10:28.000Z</time></trkpt>
      <trkpt lat="52.734425" lon="-1.340896"><ele>169.2</ele><time>2025-10-20T12:10:29.000Z</time></trkpt>
      <trkpt lat="52.734418" lon="-1.340879"><ele>169.2</ele><time>2025-10-20T12:10:30.000Z</time></trkpt>
      <trkpt lat="52.734410" lon="-1.340862"><ele>169.2</ele><time>2025-10-20T12:10:31.000Z</time></trkpt>
      <trkpt lat="52.734404" lon="-1.340843"><ele>169.2</ele><time>2025-10-20T12:10:32.000Z</time></trkpt>
      <trkpt lat="52.734397" lon="-1.340824"><ele>169.2</ele><time>2025-10-20T12:10:33.000Z</time></trkpt>
      <trkpt lat="52.734389" lon="-1.340804"><ele>169.2</ele><time>2025-10-20T12:10:34.000Z</time></trkpt>
      <trkpt lat="52.734381" lon="-1.340784"><ele>169.2</ele><time>2025-10-20T12:10:35.000Z</time></trkpt>
      <trkpt lat="52.734372" lon="-1.340766"><ele>169.2</ele><time>2025-10-20T12:10:36.000Z</time></trkpt>
      <trkpt lat="52.734363" lon="-1.340748"><ele>169.2</ele><time>2025-10-20T12:10:37.000Z</time></trkpt>
      <trkpt lat="52.734353" lon="-1.340731"><ele>169.2</ele><time>2025-10-20T12:10:38.000Z</time></trkpt>
      <trkpt lat="52.734344" lon="-1.340714"><ele>169.2</ele><time>2025-10-20T12:10:39.000Z</time></trkpt>
      <trkpt lat="52.734336" lon="-1.340698"><ele>169.2</ele><time>2025-10-20T12:10:40.000Z</time></trkpt>
      <trkpt lat="52.734329" lon="-1.340682"><ele>169.2</ele><time>2025-10-20T12:10:41.000Z</time></trkpt>
      <trkpt lat="52.734323" lon="-1.340664"><ele>169.2</ele><time>2025-10-20T12:10:42.000Z</time></trkpt>
      <trkpt lat="52.734316" lon="-1.340646"><ele>169.2</ele><time>2025-10-20T12:10:43.000Z</time></trkpt>
      <trkpt lat="52.734309" lon="-1.340628"><ele>169.1</ele><time>2025-10-20T12:10:44.000Z</time></trkpt>
      <trkpt lat="52.734301" lon="-1.340610"><ele>169.1</ele><time>2025-10-20T12:10:45.000Z</time></trkpt>
      <trkpt lat="52.734294" lon="-1.340593"><ele>169.1</ele><time>2025-10-20T12:10:46.000Z</time></trkpt>
      <trkpt lat="52.734285" lon="-1.340576"><ele>169.1</ele><time>2025-10-20T12:10:47.000Z</time></trkpt>
      <trkpt lat="52.734277" lon="-1.340560"><ele>169.1</ele><time>2025-10-20T12:10:48.000Z</time></trkpt>
      <trkpt lat="52.734269" lon="-1.340544"><ele>169.1</ele><time>2025-10-20T12:10:49.000Z</time></trkpt>
      <trkpt lat="52.734261" lon="-1.340528"><ele>169.1</ele><time>2025-10-20T12:10:50.000Z</time></trkpt>
      <trkpt lat="52.734253" lon="-1.340514"><ele>169.1</ele><time>2025-10-20T12:10:51.000Z</time></trkpt>
      <trkpt lat="52.734246" lon="-1.340500"><ele>169.1</ele><time>2025-10-20T12:10:52.000Z</time></trkpt>
      <trkpt lat="52.734238" lon="-1.340487"><ele>169.1</ele><time>2025-10-20T12:10:53.000Z</time></trkpt>
      <trkpt lat="52.734231" lon="-1.340471"><ele>169.1</ele><time>2025-10-20T12:10:54.000Z</time></trkpt>
      <trkpt lat="52.734223" lon="-1.340454"><ele>169.1</ele><time>2025-10-20T12:10:55.000Z</time></trkpt>
      <trkpt lat="52.734215" lon="-1.340437"><ele>169.1</ele><time>2025-10-20T12:10:56.000Z</time></trkpt>
      <trkpt lat="52.734207" lon="-1.340421"><ele>169.1</ele><time>2025-10-20T12:10:57.000Z</time></trkpt>
      <trkpt lat="52.734199" lon="-1.340405"><ele>169.1</ele><time>2025-10-20T12:10:58.000Z</time></trkpt>
      <trkpt lat="52.734191" lon="-1.340388"><ele>169.1</ele><time>2025-10-20T12:10:59.000Z</time></trkpt>
      <trkpt lat="52.734182" lon="-1.340371"><ele>169.1</ele><time>2025-10-20T12:11:00.000Z</time></trkpt>
      <trkpt lat="52.734175" lon="-1.340354"><ele>169.1</ele><time>2025-10-20T12:11:01.000Z</time></trkpt>
      <trkpt lat="52.734167" lon="-1.340336"><ele>169.1</ele><time>2025-10-20T12:11:02.000Z</time></trkpt>
      <trkpt lat="52.734159" lon="-1.340320"><ele>169.1</ele><time>2025-10-20T12:11:03.000Z</time></trkpt>
      <trkpt lat="52.734150" lon="-1.340304"><ele>169.1</ele><time>2025-10-20T12:11:04.000Z</time></trkpt>
      <trkpt lat="52.734142" lon="-1.340288"><ele>169.1</ele><time>2025-10-20T12:11:05.000Z</time></trkpt>
      <trkpt lat="52.734135" lon="-1.340270"><ele>169.1</ele><time>2025-10-20T12:11:06.000Z</time></trkpt>
      <trkpt lat="52.734128" lon="-1.340252"><ele>169.1</ele><time>2025-10-20T12:11:07.000Z</time></trkpt>
      <trkpt lat="52.734121" lon="-1.340234"><ele>169.0</ele><time>2025-10-20T12:11:08.000Z</time></trkpt>
      <trkpt lat="52.734113" lon="-1.340218"><ele>169.0</ele><time>2025-10-20T12:11:09.000Z</time></trkpt>
      <trkpt lat="52.734107" lon="-1.340206"><ele>169.0</ele><time>2025-10-20T12:11:10.000Z</time></trkpt>
      <trkpt lat="52.734103" lon="-1.340198"><ele>169.0</ele><time>2025-10-20T12:11:11.000Z</time></trkpt>
      <trkpt lat="52.734101" lon="-1.340193"><ele>169.0</ele><time>2025-10-20T12:11:12.000Z</time></trkpt>
      <trkpt lat="52.734101" lon="-1.340193"><ele>169.0</ele><time>2025-10-20T12:11:13.000Z</time></trkpt>
      <trkpt lat="52.734102" lon="-1.340196"><ele>169.0</ele><time>2025-10-20T12:11:14.000Z</time></trkpt>
      <trkpt lat="52.734103" lon="-1.340200"><ele>169.0</ele><time>2025-10-20T12:11:15.000Z</time></trkpt>
      <trkpt lat="52.734104" lon="-1.340203"><ele>169.1</ele><time>2025-10-20T12:11:16.000Z</time></trkpt>
      <trkpt lat="52.734105" lon="-1.340206"><ele>169.1</ele><time>2025-10-20T12:11:17.000Z</time></trkpt>
      <trkpt lat="52.734106" lon="-1.340208"><ele>169.1</ele><time>2025-10-20T12:11:18.000Z</time></trkpt>
      <trkpt lat="52.734106" lon="-1.340210"><ele>169.1</ele><time>2025-10-20T12:11:19.000Z</time></trkpt>
      <trkpt lat="52.734107" lon="-1.340211"><ele>169.1</ele><time>2025-10-20T12:11:20.000Z</time></trkpt>
      <trkpt lat="52.734108" lon="-1.340212"><ele>169.1</ele><time>2025-10-20T12:11:21.000Z</time></trkpt>
      <trkpt lat="52.734109" lon="-1.340213"><ele>169.1</ele><time>2025-10-20T12:11:22.000Z</time></trkpt>
      <trkpt lat="52.734110" lon="-1.340214"><ele>169.1</ele><time>2025-10-20T12:11:23.000Z</time></trkpt>
      <trkpt lat="52.734111" lon="-1.340214"><ele>169.1</ele><time>2025-10-20T12:11:24.000Z</time></trkpt>
      <trkpt lat="52.734111" lon="-1.340213"><ele>169.1</ele><time>2025-10-20T12:11:25.000Z</time></trkpt>
      <trkpt lat="52.734111" lon="-1.340212"><ele>169.1</ele><time>2025-10-20T12:11:26.000Z</time></trkpt>
      <trkpt lat="52.734111" lon="-1.340209"><ele>169.1</ele><time>2025-10-20T12:11:27.000Z</time></trkpt>
      <trkpt lat="52.734110" lon="-1.340204"><ele>169.1</ele><time>2025-10-20T12:11:28.000Z</time></trkpt>
      <trkpt lat="52.734108" lon="-1.340194"><ele>169.1</ele><time>2025-10-20T12:11:29.000Z</time></trkpt>
      <trkpt lat="52.734104" lon="-1.340181"><ele>169.1</ele><time>2025-10-20T12:11:30.000Z</time></trkpt>
      <trkpt lat="52.734097" lon="-1.340163"><ele>169.1</ele><time>2025-10-20T12:11:31.000Z</time></trkpt>
      <trkpt lat="52.734088" lon="-1.340143"><ele>169.1</ele><time>2025-10-20T12:11:32.000Z</time></trkpt>
      <trkpt lat="52.734078" lon="-1.340123"><ele>169.1</ele><time>2025-10-20T12:11:33.000Z</time></trkpt>
      <trkpt lat="52.734068" lon="-1.340104"><ele>169.0</ele><time>2025-10-20T12:11:34.000Z</time></trkpt>
      <trkpt lat="52.734058" lon="-1.340086"><ele>169.0</ele><time>2025-10-20T12:11:35.000Z</time></trkpt>
      <trkpt lat="52.734048" lon="-1.340068"><ele>169.0</ele><time>2025-10-20T12:11:36.000Z</time></trkpt>
      <trkpt lat="52.734038" lon="-1.340050"><ele>169.0</ele><time>2025-10-20T12:11:37.000Z</time></trkpt>
      <trkpt lat="52.734028" lon="-1.340031"><ele>169.0</ele><time>2025-10-20T12:11:38.000Z</time></trkpt>
      <trkpt lat="52.734018" lon="-1.340011"><ele>169.0</ele><time>2025-10-20T12:11:39.000Z</time></trkpt>
      <trkpt lat="52.734009" lon="-1.339991"><ele>169.0</ele><time>2025-10-20T12:11:40.000Z</time></trkpt>
      <trkpt lat="52.734000" lon="-1.339971"><ele>169.0</ele><time>2025-10-20T12:11:41.000Z</time></trkpt>
      <trkpt lat="52.733992" lon="-1.339952"><ele>169.0</ele><time>2025-10-20T12:11:42.000Z</time></trkpt>
      <trkpt lat="52.733985" lon="-1.339935"><ele>169.0</ele><time>2025-10-20T12:11:43.000Z</time></trkpt>
      <trkpt lat="52.733979" lon="-1.339919"><ele>169.0</ele><time>2025-10-20T12:11:44.000Z</time></trkpt>
      <trkpt lat="52.733973" lon="-1.339904"><ele>169.0</ele><time>2025-10-20T12:11:45.000Z</time></trkpt>
      <trkpt lat="52.733966" lon="-1.339887"><ele>169.0</ele><time>2025-10-20T12:11:46.000Z</time></trkpt>
      <trkpt lat="52.733959" lon="-1.339869"><ele>169.0</ele><time>2025-10-20T12:11:47.000Z</time></trkpt>
      <trkpt lat="52.733951" lon="-1.339850"><ele>169.0</ele><time>2025-10-20T12:11:48.000Z</time></trkpt>
      <trkpt lat="52.733944" lon="-1.339831"><ele>169.0</ele><time>2025-10-20T12:11:49.000Z</time></trkpt>
      <trkpt lat="52.733936" lon="-1.339813"><ele>169.0</ele><time>2025-10-20T12:11:50.000Z</time></trkpt>
      <trkpt lat="52.733928" lon="-1.339795"><ele>169.0</ele><time>2025-10-20T12:11:51.000Z</time></trkpt>
      <trkpt lat="52.733919" lon="-1.339778"><ele>169.0</ele><time>2025-10-20T12:11:52.000Z</time></trkpt>
      <trkpt lat="52.733910" lon="-1.339762"><ele>169.0</ele><time>2025-10-20T12:11:53.000Z</time></trkpt>
      <trkpt lat="52.733900" lon="-1.339746"><ele>169.0</ele><time>2025-10-20T12:11:54.000Z</time></trkpt>
      <trkpt lat="52.733890" lon="-1.339730"><ele>169.0</ele><time>2025-10-20T12:11:55.000Z</time></trkpt>
      <trkpt lat="52.733880" lon="-1.339714"><ele>168.9</ele><time>2025-10-20T12:11:56.000Z</time></trkpt>
      <trkpt lat="52.733871" lon="-1.339697"><ele>168.9</ele><time>2025-10-20T12:11:57.000Z</time></trkpt>
      <trkpt lat="52.733862" lon="-1.339681"><ele>168.9</ele><time>2025-10-20T12:11:58.000Z</time></trkpt>
      <trkpt lat="52.733853" lon="-1.339665"><ele>168.9</ele><time>2025-10-20T12:11:59.000Z</time></trkpt>
      <trkpt lat="52.733845" lon="-1.339648"><ele>168.8</ele><time>2025-10-20T12:12:00.000Z</time></trkpt>
      <trkpt lat="52.733837" lon="-1.339631"><ele>168.8</ele><time>2025-10-20T12:12:01.000Z</time></trkpt>
      <trkpt lat="52.733829" lon="-1.339614"><ele>168.8</ele><time>2025-10-20T12:12:02.000Z</time></trkpt>
      <trkpt lat="52.733822" lon="-1.339597"><ele>168.8</ele><time>2025-10-20T12:12:03.000Z</time></trkpt>
      <trkpt lat="52.733814" lon="-1.339580"><ele>168.8</ele><time>2025-10-20T12:12:04.000Z</time></trkpt>
      <trkpt lat="52.733807" lon="-1.339564"><ele>168.8</ele><time>2025-10-20T12:12:05.000Z</time></trkpt>
      <trkpt lat="52.733800" lon="-1.339549"><ele>168.8</ele><time>2025-10-20T12:12:06.000Z</time></trkpt>
      <trkpt lat="52.733793" lon="-1.339534"><ele>168.8</ele><time>2025-10-20T12:12:07.000Z</time></trkpt>
      <trkpt lat="52.733784" lon="-1.339519"><ele>168.8</ele><time>2025-10-20T12:12:08.000Z</time></trkpt>
      <trkpt lat="52.733776" lon="-1.339504"><ele>168.8</ele><time>2025-10-20T12:12:09.000Z</time></trkpt>
      <trkpt lat="52.733768" lon="-1.339491"><ele>168.8</ele><time>2025-10-20T12:12:10.000Z</time></trkpt>
      <trkpt lat="52.733759" lon="-1.339480"><ele>168.8</ele><time>2025-10-20T12:12:11.000Z</time></trkpt>
      <trkpt lat="52.733751" lon="-1.339466"><ele>168.8</ele><time>2025-10-20T12:12:12.000Z</time></trkpt>
      <trkpt lat="52.733741" lon="-1.339451"><ele>168.8</ele><time>2025-10-20T12:12:13.000Z</time></trkpt>
      <trkpt lat="52.733733" lon="-1.339436"><ele>168.7</ele><time>2025-10-20T12:12:14.000Z</time></trkpt>
      <trkpt lat="52.733724" lon="-1.339420"><ele>168.7</ele><time>2025-10-20T12:12:15.000Z</time></trkpt>
      <trkpt lat="52.733715" lon="-1.339403"><ele>168.7</ele><time>2025-10-20T12:12:16.000Z</time></trkpt>
      <trkpt lat="52.733707" lon="-1.339386"><ele>168.7</ele><time>2025-10-20T12:12:17.000Z</time></trkpt>
      <trkpt lat="52.733698" lon="-1.339369"><ele>168.7</ele><time>2025-10-20T12:12:18.000Z</time></trkpt>
      <trkpt lat="52.733690" lon="-1.339353"><ele>168.7</ele><time>2025-10-20T12:12:19.000Z</time></trkpt>
      <trkpt lat="52.733682" lon="-1.339337"><ele>168.7</ele><time>2025-10-20T12:12:20.000Z</time></trkpt>
      <trkpt lat="52.733676" lon="-1.339322"><ele>168.7</ele><time>2025-10-20T12:12:21.000Z</time></trkpt>
      <trkpt lat="52.733668" lon="-1.339306"><ele>168.7</ele><time>2025-10-20T12:12:22.000Z</time></trkpt>
      <trkpt lat="52.733659" lon="-1.339287"><ele>168.7</ele><time>2025-10-20T12:12:23.000Z</time></trkpt>
      <trkpt lat="52.733650" lon="-1.339270"><ele>168.6</ele><time>2025-10-20T12:12:24.000Z</time></trkpt>
      <trkpt lat="52.733640" lon="-1.339254"><ele>168.6</ele><time>2025-10-20T12:12:25.000Z</time></trkpt>
      <trkpt lat="52.733631" lon="-1.339239"><ele>168.6</ele><time>2025-10-20T12:12:26.000Z</time></trkpt>
      <trkpt lat="52.733623" lon="-1.339224"><ele>168.6</ele><time>2025-10-20T12:12:27.000Z</time></trkpt>
      <trkpt lat="52.733615" lon="-1.339209"><ele>168.6</ele><time>2025-10-20T12:12:28.000Z</time></trkpt>
      <trkpt lat="52.733608" lon="-1.339193"><ele>168.6</ele><time>2025-10-20T12:12:29.000Z</time></trkpt>
      <trkpt lat="52.733601" lon="-1.339179"><ele>168.6</ele><time>2025-10-20T12:12:30.000Z</time></trkpt>
      <trkpt lat="52.733596" lon="-1.339166"><ele>168.7</ele><time>2025-10-20T12:12:31.000Z</time></trkpt>
      <trkpt lat="52.733589" lon="-1.339152"><ele>168.7</ele><time>2025-10-20T12:12:32.000Z</time></trkpt>
      <trkpt lat="52.733581" lon="-1.339137"><ele>168.7</ele><time>2025-10-20T12:12:33.000Z</time></trkpt>
      <trkpt lat="52.733572" lon="-1.339119"><ele>168.8</ele><time>2025-10-20T12:12:34.000Z</time></trkpt>
      <trkpt lat="52.733562" lon="-1.339102"><ele>168.8</ele><time>2025-10-20T12:12:35.000Z</time></trkpt>
      <trkpt lat="52.733553" lon="-1.339087"><ele>168.9</ele><time>2025-10-20T12:12:36.000Z</time></trkpt>
      <trkpt lat="52.733545" lon="-1.339072"><ele>168.9</ele><time>2025-10-20T12:12:37.000Z</time></trkpt>
      <trkpt lat="52.733538" lon="-1.339056"><ele>168.9</ele><time>2025-10-20T12:12:38.000Z</time></trkpt>
      <trkpt lat="52.733531" lon="-1.339040"><ele>169.0</ele><time>2025-10-20T12:12:39.000Z</time></trkpt>
      <trkpt lat="52.733523" lon="-1.339024"><ele>169.0</ele><time>2025-10-20T12:12:40.000Z</time></trkpt>
      <trkpt lat="52.733515" lon="-1.339012"><ele>169.0</ele><time>2025-10-20T12:12:41.000Z</time></trkpt>
      <trkpt lat="52.733508" lon="-1.339001"><ele>169.0</ele><time>2025-10-20T12:12:42.000Z</time></trkpt>
      <trkpt lat="52.733500" lon="-1.338990"><ele>169.0</ele><time>2025-10-20T12:12:43.000Z</time></trkpt>
      <trkpt lat="52.733492" lon="-1.338978"><ele>169.0</ele><time>2025-10-20T12:12:44.000Z</time></trkpt>
      <trkpt lat="52.733487" lon="-1.338970"><ele>169.0</ele><time>2025-10-20T12:12:45.000Z</time></trkpt>
      <trkpt lat="52.733483" lon="-1.338965"><ele>168.9</ele><time>2025-10-20T12:12:46.000Z</time></trkpt>
      <trkpt lat="52.733480" lon="-1.338962"><ele>168.9</ele><time>2025-10-20T12:12:47.000Z</time></trkpt>
      <trkpt lat="52.733475" lon="-1.338956"><ele>169.0</ele><time>2025-10-20T12:12:48.000Z</time></trkpt>
      <trkpt lat="52.733469" lon="-1.338945"><ele>169.0</ele><time>2025-10-20T12:12:49.000Z</time></trkpt>
      <trkpt lat="52.733461" lon="-1.338931"><ele>169.0</ele><time>2025-10-20T12:12:50.000Z</time></trkpt>
      <trkpt lat="52.733453" lon="-1.338915"><ele>168.9</ele><time>2025-10-20T12:12:51.000Z</time></trkpt>
      <trkpt lat="52.733445" lon="-1.338897"><ele>168.9</ele><time>2025-10-20T12:12:52.000Z</time></trkpt>
      <trkpt lat="52.733437" lon="-1.338879"><ele>168.9</ele><time>2025-10-20T12:12:53.000Z</time></trkpt>
      <trkpt lat="52.733429" lon="-1.338860"><ele>168.9</ele><time>2025-10-20T12:12:54.000Z</time></trkpt>
      <trkpt lat="52.733421" lon="-1.338842"><ele>168.9</ele><time>2025-10-20T12:12:55.000Z</time></trkpt>
      <trkpt lat="52.733414" lon="-1.338824"><ele>168.9</ele><time>2025-10-20T12:12:56.000Z</time></trkpt>
      <trkpt lat="52.733406" lon="-1.338807"><ele>168.9</ele><time>2025-10-20T12:12:57.000Z</time></trkpt>
      <trkpt lat="52.733398" lon="-1.338791"><ele>168.8</ele><time>2025-10-20T12:12:58.000Z</time></trkpt>
      <trkpt lat="52.733390" lon="-1.338776"><ele>168.8</ele><time>2025-10-20T12:12:59.000Z</time></trkpt>
      <trkpt lat="52.733382" lon="-1.338760"><ele>168.8</ele><time>2025-10-20T12:13:00.000Z</time></trkpt>
      <trkpt lat="52.733375" lon="-1.338744"><ele>168.8</ele><time>2025-10-20T12:13:01.000Z</time></trkpt>
      <trkpt lat="52.733367" lon="-1.338727"><ele>168.8</ele><time>2025-10-20T12:13:02.000Z</time></trkpt>
      <trkpt lat="52.733360" lon="-1.338710"><ele>168.8</ele><time>2025-10-20T12:13:03.000Z</time></trkpt>
      <trkpt lat="52.733353" lon="-1.338693"><ele>168.8</ele><time>2025-10-20T12:13:04.000Z</time></trkpt>
      <trkpt lat="52.733345" lon="-1.338675"><ele>168.8</ele><time>2025-10-20T12:13:05.000Z</time></trkpt>
      <trkpt lat="52.733336" lon="-1.338656"><ele>168.8</ele><time>2025-10-20T12:13:06.000Z</time></trkpt>
      <trkpt lat="52.733326" lon="-1.338639"><ele>168.8</ele><time>2025-10-20T12:13:07.000Z</time></trkpt>
      <trkpt lat="52.733317" lon="-1.338623"><ele>168.8</ele><time>2025-10-20T12:13:08.000Z</time></trkpt>
      <trkpt lat="52.733308" lon="-1.338609"><ele>168.8</ele><time>2025-10-20T12:13:09.000Z</time></trkpt>
      <trkpt lat="52.733299" lon="-1.338595"><ele>168.8</ele><time>2025-10-20T12:13:10.000Z</time></trkpt>
      <trkpt lat="52.733290" lon="-1.338582"><ele>168.7</ele><time>2025-10-20T12:13:11.000Z</time></trkpt>
      <trkpt lat="52.733280" lon="-1.338568"><ele>168.7</ele><time>2025-10-20T12:13:12.000Z</time></trkpt>
      <trkpt lat="52.733269" lon="-1.338553"><ele>168.7</ele><time>2025-10-20T12:13:13.000Z</time></trkpt>
      <trkpt lat="52.733259" lon="-1.338537"><ele>168.7</ele><time>2025-10-20T12:13:14.000Z</time></trkpt>
      <trkpt lat="52.733249" lon="-1.338522"><ele>168.8</ele><time>2025-10-20T12:13:15.000Z</time></trkpt>
      <trkpt lat="52.733240" lon="-1.338507"><ele>168.8</ele><time>2025-10-20T12:13:16.000Z</time></trkpt>
      <trkpt lat="52.733230" lon="-1.338494"><ele>168.8</ele><time>2025-10-20T12:13:17.000Z</time></trkpt>
      <trkpt lat="52.733220" lon="-1.338480"><ele>168.8</ele><time>2025-10-20T12:13:18.000Z</time></trkpt>
      <trkpt lat="52.733211" lon="-1.338465"><ele>168.8</ele><time>2025-10-20T12:13:19.000Z</time></trkpt>
      <trkpt lat="52.733202" lon="-1.338450"><ele>168.8</ele><time>2025-10-20T12:13:20.000Z</time></trkpt>
      <trkpt lat="52.733194" lon="-1.338434"><ele>168.8</ele><time>2025-10-20T12:13:21.000Z</time></trkpt>
      <trkpt lat="52.733187" lon="-1.338419"><ele>168.8</ele><time>2025-10-20T12:13:22.000Z</time></trkpt>
      <trkpt lat="52.733181" lon="-1.338403"><ele>168.8</ele><time>2025-10-20T12:13:23.000Z</time></trkpt>
      <trkpt lat="52.733174" lon="-1.338387"><ele>168.8</ele><time>2025-10-20T12:13:24.000Z</time></trkpt>
      <trkpt lat="52.733167" lon="-1.338372"><ele>168.8</ele><time>2025-10-20T12:13:25.000Z</time></trkpt>
      <trkpt lat="52.733161" lon="-1.338356"><ele>168.8</ele><time>2025-10-20T12:13:26.000Z</time></trkpt>
      <trkpt lat="52.733153" lon="-1.338339"><ele>168.8</ele><time>2025-10-20T12:13:27.000Z</time></trkpt>
      <trkpt lat="52.733146" lon="-1.338322"><ele>168.8</ele><time>2025-10-20T12:13:28.000Z</time></trkpt>
      <trkpt lat="52.733139" lon="-1.338304"><ele>168.9</ele><time>2025-10-20T12:13:29.000Z</time></trkpt>
      <trkpt lat="52.733133" lon="-1.338287"><ele>168.9</ele><time>2025-10-20T12:13:30.000Z</time></trkpt>
      <trkpt lat="52.733127" lon="-1.338272"><ele>168.9</ele><time>2025-10-20T12:13:31.000Z</time></trkpt>
      <trkpt lat="52.733123" lon="-1.338258"><ele>168.9</ele><time>2025-10-20T12:13:32.000Z</time></trkpt>
      <trkpt lat="52.733119" lon="-1.338247"><ele>168.9</ele><time>2025-10-20T12:13:33.000Z</time></trkpt>
      <trkpt lat="52.733115" lon="-1.338239"><ele>168.9</ele><time>2025-10-20T12:13:34.000Z</time></trkpt>
      <trkpt lat="52.733113" lon="-1.338234"><ele>168.9</ele><time>2025-10-20T12:13:35.000Z</time></trkpt>
      <trkpt lat="52.733111" lon="-1.338229"><ele>168.8</ele><time>2025-10-20T12:13:36.000Z</time></trkpt>
      <trkpt lat="52.733107" lon="-1.338221"><ele>168.8</ele><time>2025-10-20T12:13:37.000Z</time></trkpt>
      <trkpt lat="52.733100" lon="-1.338209"><ele>168.8</ele><time>2025-10-20T12:13:38.000Z</time></trkpt>
      <trkpt lat="52.733092" lon="-1.338194"><ele>168.8</ele><time>2025-10-20T12:13:39.000Z</time></trkpt>
      <trkpt lat="52.733083" lon="-1.338178"><ele>168.7</ele><time>2025-10-20T12:13:40.000Z</time></trkpt>
      <trkpt lat="52.733074" lon="-1.338164"><ele>168.7</ele><time>2025-10-20T12:13:41.000Z</time></trkpt>
      <trkpt lat="52.733066" lon="-1.338151"><ele>168.7</ele><time>2025-10-20T12:13:42.000Z</time></trkpt>
      <trkpt lat="52.733058" lon="-1.338139"><ele>168.6</ele><time>2025-10-20T12:13:43.000Z</time></trkpt>
      <trkpt lat="52.733048" lon="-1.338126"><ele>168.6</ele><time>2025-10-20T12:13:44.000Z</time></trkpt>
      <trkpt lat="52.733037" lon="-1.338109"><ele>168.6</ele><time>2025-10-20T12:13:45.000Z</time></trkpt>
      <trkpt lat="52.733027" lon="-1.338091"><ele>168.6</ele><time>2025-10-20T12:13:46.000Z</time></trkpt>
      <trkpt lat="52.733017" lon="-1.338074"><ele>168.6</ele><time>2025-10-20T12:13:47.000Z</time></trkpt>
      <trkpt lat="52.733008" lon="-1.338057"><ele>168.7</ele><time>2025-10-20T12:13:48.000Z</time></trkpt>
      <trkpt lat="52.733000" lon="-1.338041"><ele>168.7</ele><time>2025-10-20T12:13:49.000Z</time></trkpt>
      <trkpt lat="52.732992" lon="-1.338024"><ele>168.7</ele><time>2025-10-20T12:13:50.000Z</time></trkpt>
      <trkpt lat="52.732984" lon="-1.338007"><ele>168.8</ele><time>2025-10-20T12:13:51.000Z</time></trkpt>
      <trkpt lat="52.732976" lon="-1.337989"><ele>168.9</ele><time>2025-10-20T12:13:52.000Z</time></trkpt>
      <trkpt lat="52.732967" lon="-1.337971"><ele>168.9</ele><time>2025-10-20T12:13:53.000Z</time></trkpt>
      <trkpt lat="52.732961" lon="-1.337954"><ele>169.0</ele><time>2025-10-20T12:13:54.000Z</time></trkpt>
      <trkpt lat="52.732956" lon="-1.337937"><ele>169.0</ele><time>2025-10-20T12:13:55.000Z</time></trkpt>
      <trkpt lat="52.732950" lon="-1.337919"><ele>169.1</ele><time>2025-10-20T12:13:56.000Z</time></trkpt>
      <trkpt lat="52.732945" lon="-1.337901"><ele>169.1</ele><time>2025-10-20T12:13:57.000Z</time></trkpt>
      <trkpt lat="52.732939" lon="-1.337884"><ele>169.2</ele><time>2025-10-20T12:13:58.000Z</time></trkpt>
      <trkpt lat="52.732933" lon="-1.337867"><ele>169.2</ele><time>2025-10-20T12:13:59.000Z</time></trkpt>
      <trkpt lat="52.732925" lon="-1.337849"><ele>169.2</ele><time>2025-10-20T12:14:00.000Z</time></trkpt>
      <trkpt lat="52.732916" lon="-1.337833"><ele>169.2</ele><time>2025-10-20T12:14:01.000Z</time></trkpt>
      <trkpt lat="52.732907" lon="-1.337818"><ele>169.1</ele><time>2025-10-20T12:14:02.000Z</time></trkpt>
      <trkpt lat="52.732899" lon="-1.337803"><ele>169.1</ele><time>2025-10-20T12:14:03.000Z</time></trkpt>
      <trkpt lat="52.732891" lon="-1.337789"><ele>169.1</ele><time>2025-10-20T12:14:04.000Z</time></trkpt>
      <trkpt lat="52.732884" lon="-1.337775"><ele>169.1</ele><time>2025-10-20T12:14:05.000Z</time></trkpt>
      <trkpt lat="52.732879" lon="-1.337762"><ele>169.1</ele><time>2025-10-20T12:14:06.000Z</time></trkpt>
      <trkpt lat="52.732876" lon="-1.337752"><ele>169.1</ele><time>2025-10-20T12:14:07.000Z</time></trkpt>
      <trkpt lat="52.732873" lon="-1.337740"><ele>169.1</ele><time>2025-10-20T12:14:08.000Z</time></trkpt>
      <trkpt lat="52.732866" lon="-1.337723"><ele>169.1</ele><time>2025-10-20T12:14:09.000Z</time></trkpt>
      <trkpt lat="52.732858" lon="-1.337705"><ele>169.1</ele><time>2025-10-20T12:14:10.000Z</time></trkpt>
      <trkpt lat="52.732849" lon="-1.337687"><ele>169.1</ele><time>2025-10-20T12:14:11.000Z</time></trkpt>
      <trkpt lat="52.732840" lon="-1.337669"><ele>169.2</ele><time>2025-10-20T12:14:12.000Z</time></trkpt>
      <trkpt lat="52.732831" lon="-1.337652"><ele>169.2</ele><time>2025-10-20T12:14:13.000Z</time></trkpt>
      <trkpt lat="52.732823" lon="-1.337633"><ele>169.2</ele><time>2025-10-20T12:14:14.000Z</time></trkpt>
      <trkpt lat="52.732813" lon="-1.337614"><ele>169.2</ele><time>2025-10-20T12:14:15.000Z</time></trkpt>
      <trkpt lat="52.732804" lon="-1.337594"><ele>169.3</ele><time>2025-10-20T12:14:16.000Z</time></trkpt>
      <trkpt lat="52.732795" lon="-1.337577"><ele>169.3</ele><time>2025-10-20T12:14:17.000Z</time></trkpt>
      <trkpt lat="52.732786" lon="-1.337560"><ele>169.3</ele><time>2025-10-20T12:14:18.000Z</time></trkpt>
      <trkpt lat="52.732777" lon="-1.337543"><ele>169.4</ele><time>2025-10-20T12:14:19.000Z</time></trkpt>
      <trkpt lat="52.732768" lon="-1.337528"><ele>169.4</ele><time>2025-10-20T12:14:20.000Z</time></trkpt>
      <trkpt lat="52.732758" lon="-1.337515"><ele>169.4</ele><time>2025-10-20T12:14:21.000Z</time></trkpt>
      <trkpt lat="52.732748" lon="-1.337505"><ele>169.5</ele><time>2025-10-20T12:14:22.000Z</time></trkpt>
      <trkpt lat="52.732738" lon="-1.337498"><ele>169.5</ele><time>2025-10-20T12:14:23.000Z</time></trkpt>
      <trkpt lat="52.732729" lon="-1.337495"><ele>169.5</ele><time>2025-10-20T12:14:24.000Z</time></trkpt>
      <trkpt lat="52.732719" lon="-1.337495"><ele>169.5</ele><time>2025-10-20T12:14:25.000Z</time></trkpt>
      <trkpt lat="52.732707" lon="-1.337498"><ele>169.5</ele><time>2025-10-20T12:14:26.000Z</time></trkpt>
      <trkpt lat="52.732695" lon="-1.337502"><ele>169.6</ele><time>2025-10-20T12:14:27.000Z</time></trkpt>
      <trkpt lat="52.732683" lon="-1.337509"><ele>169.5</ele><time>2025-10-20T12:14:28.000Z</time></trkpt>
      <trkpt lat="52.732673" lon="-1.337518"><ele>169.5</ele><time>2025-10-20T12:14:29.000Z</time></trkpt>
      <trkpt lat="52.732664" lon="-1.337529"><ele>169.5</ele><time>2025-10-20T12:14:30.000Z</time></trkpt>
      <trkpt lat="52.732654" lon="-1.337542"><ele>169.5</ele><time>2025-10-20T12:14:31.000Z</time></trkpt>
      <trkpt lat="52.732644" lon="-1.337555"><ele>169.4</ele><time>2025-10-20T12:14:32.000Z</time></trkpt>
      <trkpt lat="52.732634" lon="-1.337565"><ele>169.4</ele><time>2025-10-20T12:14:33.000Z</time></trkpt>
      <trkpt lat="52.732625" lon="-1.337573"><ele>169.3</ele><time>2025-10-20T12:14:34.000Z</time></trkpt>
      <trkpt lat="52.732616" lon="-1.337579"><ele>169.3</ele><time>2025-10-20T12:14:35.000Z</time></trkpt>
      <trkpt lat="52.732606" lon="-1.337586"><ele>169.2</ele><time>2025-10-20T12:14:36.000Z</time></trkpt>
      <trkpt lat="52.732595" lon="-1.337594"><ele>169.2</ele><time>2025-10-20T12:14:37.000Z</time></trkpt>
      <trkpt lat="52.732582" lon="-1.337606"><ele>169.2</ele><time>2025-10-20T12:14:38.000Z</time></trkpt>
      <trkpt lat="52.732570" lon="-1.337618"><ele>169.2</ele><time>2025-10-20T12:14:39.000Z</time></trkpt>
      <trkpt lat="52.732559" lon="-1.337629"><ele>169.1</ele><time>2025-10-20T12:14:40.000Z</time></trkpt>
      <trkpt lat="52.732549" lon="-1.337639"><ele>169.1</ele><time>2025-10-20T12:14:41.000Z</time></trkpt>
      <trkpt lat="52.732537" lon="-1.337650"><ele>169.1</ele><time>2025-10-20T12:14:42.000Z</time></trkpt>
      <trkpt lat="52.732525" lon="-1.337662"><ele>169.1</ele><time>2025-10-20T12:14:43.000Z</time></trkpt>
      <trkpt lat="52.732514" lon="-1.337673"><ele>169.1</ele><time>2025-10-20T12:14:44.000Z</time></trkpt>
      <trkpt lat="52.732504" lon="-1.337683"><ele>169.1</ele><time>2025-10-20T12:14:45.000Z</time></trkpt>
      <trkpt lat="52.732494" lon="-1.337694"><ele>169.1</ele><time>2025-10-20T12:14:46.000Z</time></trkpt>
      <trkpt lat="52.732484" lon="-1.337705"><ele>169.1</ele><time>2025-10-20T12:14:47.000Z</time></trkpt>
      <trkpt lat="52.732474" lon="-1.337717"><ele>169.0</ele><time>2025-10-20T12:14:48.000Z</time></trkpt>
      <trkpt lat="52.732463" lon="-1.337728"><ele>169.0</ele><time>2025-10-20T12:14:49.000Z</time></trkpt>
      <trkpt lat="52.732451" lon="-1.337738"><ele>169.0</ele><time>2025-10-20T12:14:50.000Z</time></trkpt>
      <trkpt lat="52.732439" lon="-1.337748"><ele>169.0</ele><time>2025-10-20T12:14:51.000Z</time></trkpt>
      <trkpt lat="52.732427" lon="-1.337757"><ele>168.9</ele><time>2025-10-20T12:14:52.000Z</time></trkpt>
      <trkpt lat="52.732415" lon="-1.337765"><ele>168.9</ele><time>2025-10-20T12:14:53.000Z</time></trkpt>
      <trkpt lat="52.732404" lon="-1.337773"><ele>168.9</ele><time>2025-10-20T12:14:54.000Z</time></trkpt>
      <trkpt lat="52.732393" lon="-1.337781"><ele>168.9</ele><time>2025-10-20T12:14:55.000Z</time></trkpt>
      <trkpt lat="52.732381" lon="-1.337790"><ele>168.9</ele><time>2025-10-20T12:14:56.000Z</time></trkpt>
      <trkpt lat="52.732368" lon="-1.337799"><ele>168.9</ele><time>2025-10-20T12:14:57.000Z</time></trkpt>
      <trkpt lat="52.732356" lon="-1.337809"><ele>168.9</ele><time>2025-10-20T12:14:58.000Z</time></trkpt>
      <trkpt lat="52.732343" lon="-1.337818"><ele>168.9</ele><time>2025-10-20T12:14:59.000Z</time></trkpt>
      <trkpt lat="52.732331" lon="-1.337828"><ele>168.8</ele><time>2025-10-20T12:15:00.000Z</time></trkpt>
      <trkpt lat="52.732320" lon="-1.337837"><ele>168.8</ele><time>2025-10-20T12:15:01.000Z</time></trkpt>
      <trkpt lat="52.732310" lon="-1.337848"><ele>168.8</ele><time>2025-10-20T12:15:02.000Z</time></trkpt>
      <trkpt lat="52.732299" lon="-1.337859"><ele>168.8</ele><time>2025-10-20T12:15:03.000Z</time></trkpt>
      <trkpt lat="52.732286" lon="-1.337871"><ele>168.8</ele><time>2025-10-20T12:15:04.000Z</time></trkpt>
      <trkpt lat="52.732274" lon="-1.337881"><ele>168.8</ele><time>2025-10-20T12:15:05.000Z</time></trkpt>
      <trkpt lat="52.732262" lon="-1.337889"><ele>168.8</ele><time>2025-10-20T12:15:06.000Z</time></trkpt>
      <trkpt lat="52.732250" lon="-1.337898"><ele>168.7</ele><time>2025-10-20T12:15:07.000Z</time></trkpt>
      <trkpt lat="52.732238" lon="-1.337907"><ele>168.7</ele><time>2025-10-20T12:15:08.000Z</time></trkpt>
      <trkpt lat="52.732227" lon="-1.337916"><ele>168.7</ele><time>2025-10-20T12:15:09.000Z</time></trkpt>
      <trkpt lat="52.732215" lon="-1.337925"><ele>168.7</ele><time>2025-10-20T12:15:10.000Z</time></trkpt>
      <trkpt lat="52.732202" lon="-1.337935"><ele>168.6</ele><time>2025-10-20T12:15:11.000Z</time></trkpt>
      <trkpt lat="52.732190" lon="-1.337945"><ele>168.6</ele><time>2025-10-20T12:15:12.000Z</time></trkpt>
      <trkpt lat="52.732177" lon="-1.337955"><ele>168.6</ele><time>2025-10-20T12:15:13.000Z</time></trkpt>
      <trkpt lat="52.732165" lon="-1.337966"><ele>168.5</ele><time>2025-10-20T12:15:14.000Z</time></trkpt>
      <trkpt lat="52.732153" lon="-1.337977"><ele>168.5</ele><time>2025-10-20T12:15:15.000Z</time></trkpt>
      <trkpt lat="52.732141" lon="-1.337990"><ele>168.5</ele><time>2025-10-20T12:15:16.000Z</time></trkpt>
      <trkpt lat="52.732129" lon="-1.338002"><ele>168.5</ele><time>2025-10-20T12:15:17.000Z</time></trkpt>
      <trkpt lat="52.732116" lon="-1.338012"><ele>168.5</ele><time>2025-10-20T12:15:18.000Z</time></trkpt>
      <trkpt lat="52.732103" lon="-1.338022"><ele>168.5</ele><time>2025-10-20T12:15:19.000Z</time></trkpt>
      <trkpt lat="52.732091" lon="-1.338032"><ele>168.5</ele><time>2025-10-20T12:15:20.000Z</time></trkpt>
      <trkpt lat="52.732079" lon="-1.338043"><ele>168.5</ele><time>2025-10-20T12:15:21.000Z</time></trkpt>
      <trkpt lat="52.732068" lon="-1.338053"><ele>168.5</ele><time>2025-10-20T12:15:22.000Z</time></trkpt>
      <trkpt lat="52.732056" lon="-1.338062"><ele>168.5</ele><time>2025-10-20T12:15:23.000Z</time></trkpt>
      <trkpt lat="52.732045" lon="-1.338071"><ele>168.4</ele><time>2025-10-20T12:15:24.000Z</time></trkpt>
      <trkpt lat="52.732032" lon="-1.338080"><ele>168.4</ele><time>2025-10-20T12:15:25.000Z</time></trkpt>
      <trkpt lat="52.732020" lon="-1.338091"><ele>168.4</ele><time>2025-10-20T12:15:26.000Z</time></trkpt>
      <trkpt lat="52.732008" lon="-1.338102"><ele>168.4</ele><time>2025-10-20T12:15:27.000Z</time></trkpt>
      <trkpt lat="52.731996" lon="-1.338114"><ele>168.4</ele><time>2025-10-20T12:15:28.000Z</time></trkpt>
      <trkpt lat="52.731984" lon="-1.338124"><ele>168.3</ele><time>2025-10-20T12:15:29.000Z</time></trkpt>
      <trkpt lat="52.731973" lon="-1.338134"><ele>168.3</ele><time>2025-10-20T12:15:30.000Z</time></trkpt>
      <trkpt lat="52.731961" lon="-1.338143"><ele>168.4</ele><time>2025-10-20T12:15:31.000Z</time></trkpt>
      <trkpt lat="52.731949" lon="-1.338152"><ele>168.4</ele><time>2025-10-20T12:15:32.000Z</time></trkpt>
      <trkpt lat="52.731937" lon="-1.338162"><ele>168.4</ele><time>2025-10-20T12:15:33.000Z</time></trkpt>
      <trkpt lat="52.731925" lon="-1.338173"><ele>168.4</ele><time>2025-10-20T12:15:34.000Z</time></trkpt>
      <trkpt lat="52.731913" lon="-1.338182"><ele>168.4</ele><time>2025-10-20T12:15:35.000Z</time></trkpt>
      <trkpt lat="52.731900" lon="-1.338192"><ele>168.4</ele><time>2025-10-20T12:15:36.000Z</time></trkpt>
      <trkpt lat="52.731888" lon="-1.338201"><ele>168.3</ele><time>2025-10-20T12:15:37.000Z</time></trkpt>
      <trkpt lat="52.731875" lon="-1.338211"><ele>168.3</ele><time>2025-10-20T12:15:38.000Z</time></trkpt>
      <trkpt lat="52.731863" lon="-1.338220"><ele>168.3</ele><time>2025-10-20T12:15:39.000Z</time></trkpt>
      <trkpt lat="52.731850" lon="-1.338228"><ele>168.3</ele><time>2025-10-20T12:15:40.000Z</time></trkpt>
      <trkpt lat="52.731838" lon="-1.338238"><ele>168.3</ele><time>2025-10-20T12:15:41.000Z</time></trkpt>
      <trkpt lat="52.731826" lon="-1.338248"><ele>168.2</ele><time>2025-10-20T12:15:42.000Z</time></trkpt>
      <trkpt lat="52.731815" lon="-1.338258"><ele>168.2</ele><time>2025-10-20T12:15:43.000Z</time></trkpt>
      <trkpt lat="52.731805" lon="-1.338267"><ele>168.2</ele><time>2025-10-20T12:15:44.000Z</time></trkpt>
      <trkpt lat="52.731795" lon="-1.338276"><ele>168.2</ele><time>2025-10-20T12:15:45.000Z</time></trkpt>
      <trkpt lat="52.731785" lon="-1.338286"><ele>168.1</ele><time>2025-10-20T12:15:46.000Z</time></trkpt>
      <trkpt lat="52.731775" lon="-1.338296"><ele>168.1</ele><time>2025-10-20T12:15:47.000Z</time></trkpt>
      <trkpt lat="52.731763" lon="-1.338307"><ele>168.1</ele><time>2025-10-20T12:15:48.000Z</time></trkpt>
      <trkpt lat="52.731752" lon="-1.338318"><ele>168.1</ele><time>2025-10-20T12:15:49.000Z</time></trkpt>
      <trkpt lat="52.731741" lon="-1.338329"><ele>168.1</ele><time>2025-10-20T12:15:50.000Z</time></trkpt>
      <trkpt lat="52.731730" lon="-1.338340"><ele>168.1</ele><time>2025-10-20T12:15:51.000Z</time></trkpt>
      <trkpt lat="52.731719" lon="-1.338350"><ele>168.1</ele><time>2025-10-20T12:15:52.000Z</time></trkpt>
      <trkpt lat="52.731708" lon="-1.338362"><ele>168.0</ele><time>2025-10-20T12:15:53.000Z</time></trkpt>
      <trkpt lat="52.731696" lon="-1.338374"><ele>168.0</ele><time>2025-10-20T12:15:54.000Z</time></trkpt>
      <trkpt lat="52.731684" lon="-1.338386"><ele>168.0</ele><time>2025-10-20T12:15:55.000Z</time></trkpt>
      <trkpt lat="52.731673" lon="-1.338398"><ele>168.0</ele><time>2025-10-20T12:15:56.000Z</time></trkpt>
      <trkpt lat="52.731662" lon="-1.338410"><ele>167.9</ele><time>2025-10-20T12:15:57.000Z</time></trkpt>
      <trkpt lat="52.731652" lon="-1.338420"><ele>167.9</ele><time>2025-10-20T12:15:58.000Z</time></trkpt>
      <trkpt lat="52.731640" lon="-1.338430"><ele>167.9</ele><time>2025-10-20T12:15:59.000Z</time></trkpt>
      <trkpt lat="52.731628" lon="-1.338439"><ele>167.8</ele><time>2025-10-20T12:16:00.000Z</time></trkpt>
      <trkpt lat="52.731614" lon="-1.338449"><ele>167.8</ele><time>2025-10-20T12:16:01.000Z</time></trkpt>
      <trkpt lat="52.731601" lon="-1.338459"><ele>167.8</ele><time>2025-10-20T12:16:02.000Z</time></trkpt>
      <trkpt lat="52.731587" lon="-1.338470"><ele>167.8</ele><time>2025-10-20T12:16:03.000Z</time></trkpt>
      <trkpt lat="52.731575" lon="-1.338481"><ele>167.8</ele><time>2025-10-20T12:16:04.000Z</time></trkpt>
      <trkpt lat="52.731562" lon="-1.338491"><ele>167.8</ele><time>2025-10-20T12:16:05.000Z</time></trkpt>
      <trkpt lat="52.731550" lon="-1.338500"><ele>167.8</ele><time>2025-10-20T12:16:06.000Z</time></trkpt>
      <trkpt lat="52.731538" lon="-1.338509"><ele>167.8</ele><time>2025-10-20T12:16:07.000Z</time></trkpt>
      <trkpt lat="52.731525" lon="-1.338519"><ele>167.8</ele><time>2025-10-20T12:16:08.000Z</time></trkpt>
      <trkpt lat="52.731512" lon="-1.338529"><ele>167.8</ele><time>2025-10-20T12:16:09.000Z</time></trkpt>
      <trkpt lat="52.731500" lon="-1.338539"><ele>167.8</ele><time>2025-10-20T12:16:10.000Z</time></trkpt>
      <trkpt lat="52.731489" lon="-1.338549"><ele>167.7</ele><time>2025-10-20T12:16:11.000Z</time></trkpt>
      <trkpt lat="52.731478" lon="-1.338559"><ele>167.7</ele><time>2025-10-20T12:16:12.000Z</time></trkpt>
      <trkpt lat="52.731467" lon="-1.338569"><ele>167.7</ele><time>2025-10-20T12:16:13.000Z</time></trkpt>
      <trkpt lat="52.731456" lon="-1.338578"><ele>167.7</ele><time>2025-10-20T12:16:14.000Z</time></trkpt>
      <trkpt lat="52.731445" lon="-1.338587"><ele>167.7</ele><time>2025-10-20T12:16:15.000Z</time></trkpt>
      <trkpt lat="52.731433" lon="-1.338597"><ele>167.7</ele><time>2025-10-20T12:16:16.000Z</time></trkpt>
      <trkpt lat="52.731422" lon="-1.338607"><ele>167.7</ele><time>2025-10-20T12:16:17.000Z</time></trkpt>
      <trkpt lat="52.731410" lon="-1.338617"><ele>167.7</ele><time>2025-10-20T12:16:18.000Z</time></trkpt>
      <trkpt lat="52.731400" lon="-1.338627"><ele>167.7</ele><time>2025-10-20T12:16:19.000Z</time></trkpt>
      <trkpt lat="52.731389" lon="-1.338637"><ele>167.7</ele><time>2025-10-20T12:16:20.000Z</time></trkpt>
      <trkpt lat="52.731379" lon="-1.338646"><ele>167.7</ele><time>2025-10-20T12:16:21.000Z</time></trkpt>
      <trkpt lat="52.731367" lon="-1.338655"><ele>167.6</ele><time>2025-10-20T12:16:22.000Z</time></trkpt>
      <trkpt lat="52.731354" lon="-1.338664"><ele>167.6</ele><time>2025-10-20T12:16:23.000Z</time></trkpt>
      <trkpt lat="52.731341" lon="-1.338672"><ele>167.6</ele><time>2025-10-20T12:16:24.000Z</time></trkpt>
      <trkpt lat="52.731329" lon="-1.338681"><ele>167.6</ele><time>2025-10-20T12:16:25.000Z</time></trkpt>
      <trkpt lat="52.731318" lon="-1.338691"><ele>167.6</ele><time>2025-10-20T12:16:26.000Z</time></trkpt>
      <trkpt lat="52.731307" lon="-1.338701"><ele>167.6</ele><time>2025-10-20T12:16:27.000Z</time></trkpt>
      <trkpt lat="52.731296" lon="-1.338712"><ele>167.5</ele><time>2025-10-20T12:16:28.000Z</time></trkpt>
      <trkpt lat="52.731286" lon="-1.338721"><ele>167.5</ele><time>2025-10-20T12:16:29.000Z</time></trkpt>
      <trkpt lat="52.731274" lon="-1.338730"><ele>167.5</ele><time>2025-10-20T12:16:30.000Z</time></trkpt>
      <trkpt lat="52.731261" lon="-1.338739"><ele>167.5</ele><time>2025-10-20T12:16:31.000Z</time></trkpt>
      <trkpt lat="52.731248" lon="-1.338748"><ele>167.5</ele><time>2025-10-20T12:16:32.000Z</time></trkpt>
      <trkpt lat="52.731235" lon="-1.338758"><ele>167.4</ele><time>2025-10-20T12:16:33.000Z</time></trkpt>
      <trkpt lat="52.731223" lon="-1.338769"><ele>167.4</ele><time>2025-10-20T12:16:34.000Z</time></trkpt>
      <trkpt lat="52.731212" lon="-1.338781"><ele>167.4</ele><time>2025-10-20T12:16:35.000Z</time></trkpt>
      <trkpt lat="52.731201" lon="-1.338793"><ele>167.4</ele><time>2025-10-20T12:16:36.000Z</time></trkpt>
      <trkpt lat="52.731192" lon="-1.338805"><ele>167.4</ele><time>2025-10-20T12:16:37.000Z</time></trkpt>
      <trkpt lat="52.731183" lon="-1.338814"><ele>167.4</ele><time>2025-10-20T12:16:38.000Z</time></trkpt>
      <trkpt lat="52.731174" lon="-1.338823"><ele>167.4</ele><time>2025-10-20T12:16:39.000Z</time></trkpt>
      <trkpt lat="52.731164" lon="-1.338833"><ele>167.4</ele><time>2025-10-20T12:16:40.000Z</time></trkpt>
      <trkpt lat="52.731153" lon="-1.338844"><ele>167.3</ele><time>2025-10-20T12:16:41.000Z</time></trkpt>
      <trkpt lat="52.731143" lon="-1.338854"><ele>167.3</ele><time>2025-10-20T12:16:42.000Z</time></trkpt>
      <trkpt lat="52.731133" lon="-1.338863"><ele>167.3</ele><time>2025-10-20T12:16:43.000Z</time></trkpt>
      <trkpt lat="52.731124" lon="-1.338872"><ele>167.2</ele><time>2025-10-20T12:16:44.000Z</time></trkpt>
      <trkpt lat="52.731116" lon="-1.338879"><ele>167.2</ele><time>2025-10-20T12:16:45.000Z</time></trkpt>
      <trkpt lat="52.731108" lon="-1.338884"><ele>167.1</ele><time>2025-10-20T12:16:46.000Z</time></trkpt>
      <trkpt lat="52.731101" lon="-1.338890"><ele>167.1</ele><time>2025-10-20T12:16:47.000Z</time></trkpt>
      <trkpt lat="52.731093" lon="-1.338897"><ele>167.1</ele><time>2025-10-20T12:16:48.000Z</time></trkpt>
      <trkpt lat="52.731086" lon="-1.338903"><ele>167.1</ele><time>2025-10-20T12:16:49.000Z</time></trkpt>
      <trkpt lat="52.731078" lon="-1.338911"><ele>167.1</ele><time>2025-10-20T12:16:50.000Z</time></trkpt>
      <trkpt lat="52.731070" lon="-1.338919"><ele>167.1</ele><time>2025-10-20T12:16:51.000Z</time></trkpt>
      <trkpt lat="52.731061" lon="-1.338928"><ele>167.1</ele><time>2025-10-20T12:16:52.000Z</time></trkpt>
      <trkpt lat="52.731050" lon="-1.338938"><ele>167.1</ele><time>2025-10-20T12:16:53.000Z</time></trkpt>
      <trkpt lat="52.731038" lon="-1.338948"><ele>167.1</ele><time>2025-10-20T12:16:54.000Z</time></trkpt>
      <trkpt lat="52.731028" lon="-1.338956"><ele>167.1</ele><time>2025-10-20T12:16:55.000Z</time></trkpt>
      <trkpt lat="52.731019" lon="-1.338962"><ele>167.1</ele><time>2025-10-20T12:16:56.000Z</time></trkpt>
      <trkpt lat="52.731012" lon="-1.338967"><ele>167.1</ele><time>2025-10-20T12:16:57.000Z</time></trkpt>
      <trkpt lat="52.731007" lon="-1.338970"><ele>167.1</ele><time>2025-10-20T12:16:58.000Z</time></trkpt>
      <trkpt lat="52.731002" lon="-1.338972"><ele>167.1</ele><time>2025-10-20T12:16:59.000Z</time></trkpt>
      <trkpt lat="52.730995" lon="-1.338977"><ele>167.1</ele><time>2025-10-20T12:17:00.000Z</time></trkpt>
      <trkpt lat="52.730986" lon="-1.338984"><ele>167.1</ele><time>2025-10-20T12:17:01.000Z</time></trkpt>
      <trkpt lat="52.730977" lon="-1.338992"><ele>167.1</ele><time>2025-10-20T12:17:02.000Z</time></trkpt>
      <trkpt lat="52.730966" lon="-1.339001"><ele>167.1</ele><time>2025-10-20T12:17:03.000Z</time></trkpt>
      <trkpt lat="52.730956" lon="-1.339010"><ele>167.1</ele><time>2025-10-20T12:17:04.000Z</time></trkpt>
      <trkpt lat="52.730947" lon="-1.339021"><ele>167.1</ele><time>2025-10-20T12:17:05.000Z</time></trkpt>
      <trkpt lat="52.730936" lon="-1.339032"><ele>167.1</ele><time>2025-10-20T12:17:06.000Z</time></trkpt>
      <trkpt lat="52.730925" lon="-1.339044"><ele>167.1</ele><time>2025-10-20T12:17:07.000Z</time></trkpt>
      <trkpt lat="52.730914" lon="-1.339056"><ele>167.1</ele><time>2025-10-20T12:17:08.000Z</time></trkpt>
      <trkpt lat="52.730905" lon="-1.339065"><ele>167.1</ele><time>2025-10-20T12:17:09.000Z</time></trkpt>
      <trkpt lat="52.730899" lon="-1.339072"><ele>167.1</ele><time>2025-10-20T12:17:10.000Z</time></trkpt>
      <trkpt lat="52.730894" lon="-1.339075"><ele>167.1</ele><time>2025-10-20T12:17:11.000Z</time></trkpt>
      <trkpt lat="52.730889" lon="-1.339076"><ele>167.1</ele><time>2025-10-20T12:17:12.000Z</time></trkpt>
      <trkpt lat="52.730886" lon="-1.339075"><ele>167.1</ele><time>2025-10-20T12:17:13.000Z</time></trkpt>
      <trkpt lat="52.730883" lon="-1.339074"><ele>167.1</ele><time>2025-10-20T12:17:14.000Z</time></trkpt>
      <trkpt lat="52.730881" lon="-1.339073"><ele>167.1</ele><time>2025-10-20T12:17:15.000Z</time></trkpt>
      <trkpt lat="52.730880" lon="-1.339072"><ele>167.1</ele><time>2025-10-20T12:17:16.000Z</time></trkpt>
      <trkpt lat="52.730879" lon="-1.339072"><ele>167.2</ele><time>2025-10-20T12:17:17.000Z</time></trkpt>
      <trkpt lat="52.730878" lon="-1.339072"><ele>167.2</ele><time>2025-10-20T12:17:18.000Z</time></trkpt>
      <trkpt lat="52.730877" lon="-1.339072"><ele>167.2</ele><time>2025-10-20T12:17:19.000Z</time></trkpt>
      <trkpt lat="52.730877" lon="-1.339072"><ele>167.2</ele><time>2025-10-20T12:17:20.000Z</time></trkpt>
      <trkpt lat="52.730877" lon="-1.339073"><ele>167.2</ele><time>2025-10-20T12:17:21.000Z</time></trkpt>
      <trkpt lat="52.730878" lon="-1.339073"><ele>167.1</ele><time>2025-10-20T12:17:22.000Z</time></trkpt>
      <trkpt lat="52.730878" lon="-1.339075"><ele>167.1</ele><time>2025-10-20T12:17:23.000Z</time></trkpt>
      <trkpt lat="52.730879" lon="-1.339076"><ele>167.0</ele><time>2025-10-20T12:17:24.000Z</time></trkpt>
      <trkpt lat="52.730879" lon="-1.339078"><ele>166.9</ele><time>2025-10-20T12:17:25.000Z</time></trkpt>
      <trkpt lat="52.730880" lon="-1.339079"><ele>166.8</ele><time>2025-10-20T12:17:26.000Z</time></trkpt>
      <trkpt lat="52.730880" lon="-1.339081"><ele>166.8</ele><time>2025-10-20T12:17:27.000Z</time></trkpt>
      <trkpt lat="52.730880" lon="-1.339082"><ele>166.7</ele><time>2025-10-20T12:17:28.000Z</time></trkpt>
      <trkpt lat="52.730879" lon="-1.339084"><ele>166.7</ele><time>2025-10-20T12:17:29.000Z</time></trkpt>
      <trkpt lat="52.730878" lon="-1.339085"><ele>166.6</ele><time>2025-10-20T12:17:30.000Z</time></trkpt>
      <trkpt lat="52.730877" lon="-1.339087"><ele>166.6</ele><time>2025-10-20T12:17:31.000Z</time></trkpt>
      <trkpt lat="52.730876" lon="-1.339088"><ele>166.6</ele><time>2025-10-20T12:17:32.000Z</time></trkpt>
      <trkpt lat="52.730875" lon="-1.339089"><ele>166.6</ele><time>2025-10-20T12:17:33.000Z</time></trkpt>
      <trkpt lat="52.730874" lon="-1.339090"><ele>166.6</ele><time>2025-10-20T12:17:34.000Z</time></trkpt>
      <trkpt lat="52.730873" lon="-1.339091"><ele>166.6</ele><time>2025-10-20T12:17:35.000Z</time></trkpt>
      <trkpt lat="52.730873" lon="-1.339093"><ele>166.6</ele><time>2025-10-20T12:17:36.000Z</time></trkpt>
      <trkpt lat="52.730872" lon="-1.339094"><ele>166.6</ele><time>2025-10-20T12:17:37.000Z</time></trkpt>
      <trkpt lat="52.730872" lon="-1.339096"><ele>166.6</ele><time>2025-10-20T12:17:38.000Z</time></trkpt>
      <trkpt lat="52.730871" lon="-1.339099"><ele>166.6</ele><time>2025-10-20T12:17:39.000Z</time></trkpt>
      <trkpt lat="52.730869" lon="-1.339102"><ele>166.5</ele><time>2025-10-20T12:17:40.000Z</time></trkpt>
      <trkpt lat="52.730867" lon="-1.339105"><ele>166.5</ele><time>2025-10-20T12:17:41.000Z</time></trkpt>
      <trkpt lat="52.730863" lon="-1.339109"><ele>166.5</ele><time>2025-10-20T12:17:42.000Z</time></trkpt>
      <trkpt lat="52.730858" lon="-1.339114"><ele>166.6</ele><time>2025-10-20T12:17:43.000Z</time></trkpt>
      <trkpt lat="52.730853" lon="-1.339121"><ele>166.6</ele><time>2025-10-20T12:17:44.000Z</time></trkpt>
      <trkpt lat="52.730849" lon="-1.339126"><ele>166.7</ele><time>2025-10-20T12:17:45.000Z</time></trkpt>
      <trkpt lat="52.730846" lon="-1.339128"><ele>166.8</ele><time>2025-10-20T12:17:46.000Z</time></trkpt>
      <trkpt lat="52.730843" lon="-1.339129"><ele>166.9</ele><time>2025-10-20T12:17:47.000Z</time></trkpt>
      <trkpt lat="52.730840" lon="-1.339132"><ele>167.0</ele><time>2025-10-20T12:17:48.000Z</time></trkpt>
      <trkpt lat="52.730834" lon="-1.339138"><ele>167.1</ele><time>2025-10-20T12:17:49.000Z</time></trkpt>
      <trkpt lat="52.730828" lon="-1.339143"><ele>167.2</ele><time>2025-10-20T12:17:50.000Z</time></trkpt>
      <trkpt lat="52.730821" lon="-1.339149"><ele>167.2</ele><time>2025-10-20T12:17:51.000Z</time></trkpt>
      <trkpt lat="52.730815" lon="-1.339153"><ele>167.3</ele><time>2025-10-20T12:17:52.000Z</time></trkpt>
      <trkpt lat="52.730807" lon="-1.339158"><ele>167.3</ele><time>2025-10-20T12:17:53.000Z</time></trkpt>
      <trkpt lat="52.730798" lon="-1.339163"><ele>167.3</ele><time>2025-10-20T12:17:54.000Z</time></trkpt>
      <trkpt lat="52.730788" lon="-1.339169"><ele>167.2</ele><time>2025-10-20T12:17:55.000Z</time></trkpt>
      <trkpt lat="52.730778" lon="-1.339175"><ele>167.2</ele><time>2025-10-20T12:17:56.000Z</time></trkpt>
      <trkpt lat="52.730769" lon="-1.339183"><ele>167.2</ele><time>2025-10-20T12:17:57.000Z</time></trkpt>
      <trkpt lat="52.730759" lon="-1.339192"><ele>167.1</ele><time>2025-10-20T12:17:58.000Z</time></trkpt>
      <trkpt lat="52.730750" lon="-1.339203"><ele>167.1</ele><time>2025-10-20T12:17:59.000Z</time></trkpt>
      <trkpt lat="52.730739" lon="-1.339214"><ele>167.1</ele><time>2025-10-20T12:18:00.000Z</time></trkpt>
      <trkpt lat="52.730728" lon="-1.339225"><ele>167.1</ele><time>2025-10-20T12:18:01.000Z</time></trkpt>
      <trkpt lat="52.730716" lon="-1.339236"><ele>167.1</ele><time>2025-10-20T12:18:02.000Z</time></trkpt>
      <trkpt lat="52.730705" lon="-1.339245"><ele>167.1</ele><time>2025-10-20T12:18:03.000Z</time></trkpt>
      <trkpt lat="52.730695" lon="-1.339253"><ele>167.1</ele><time>2025-10-20T12:18:04.000Z</time></trkpt>
      <trkpt lat="52.730684" lon="-1.339260"><ele>167.1</ele><time>2025-10-20T12:18:05.000Z</time></trkpt>
      <trkpt lat="52.730673" lon="-1.339269"><ele>167.1</ele><time>2025-10-20T12:18:06.000Z</time></trkpt>
      <trkpt lat="52.730661" lon="-1.339278"><ele>167.0</ele><time>2025-10-20T12:18:07.000Z</time></trkpt>
      <trkpt lat="52.730650" lon="-1.339287"><ele>167.0</ele><time>2025-10-20T12:18:08.000Z</time></trkpt>
      <trkpt lat="52.730639" lon="-1.339297"><ele>167.0</ele><time>2025-10-20T12:18:09.000Z</time></trkpt>
      <trkpt lat="52.730629" lon="-1.339306"><ele>166.9</ele><time>2025-10-20T12:18:10.000Z</time></trkpt>
      <trkpt lat="52.730620" lon="-1.339314"><ele>166.9</ele><time>2025-10-20T12:18:11.000Z</time></trkpt>
      <trkpt lat="52.730611" lon="-1.339323"><ele>166.9</ele><time>2025-10-20T12:18:12.000Z</time></trkpt>
      <trkpt lat="52.730602" lon="-1.339331"><ele>166.8</ele><time>2025-10-20T12:18:13.000Z</time></trkpt>
      <trkpt lat="52.730592" lon="-1.339339"><ele>166.8</ele><time>2025-10-20T12:18:14.000Z</time></trkpt>
      <trkpt lat="52.730581" lon="-1.339347"><ele>166.8</ele><time>2025-10-20T12:18:15.000Z</time></trkpt>
      <trkpt lat="52.730570" lon="-1.339355"><ele>166.8</ele><time>2025-10-20T12:18:16.000Z</time></trkpt>
      <trkpt lat="52.730559" lon="-1.339361"><ele>166.7</ele><time>2025-10-20T12:18:17.000Z</time></trkpt>
      <trkpt lat="52.730548" lon="-1.339368"><ele>166.7</ele><time>2025-10-20T12:18:18.000Z</time></trkpt>
      <trkpt lat="52.730536" lon="-1.339374"><ele>166.6</ele><time>2025-10-20T12:18:19.000Z</time></trkpt>
      <trkpt lat="52.730525" lon="-1.339382"><ele>166.6</ele><time>2025-10-20T12:18:20.000Z</time></trkpt>
      <trkpt lat="52.730515" lon="-1.339391"><ele>166.6</ele><time>2025-10-20T12:18:21.000Z</time></trkpt>
      <trkpt lat="52.730505" lon="-1.339402"><ele>166.5</ele><time>2025-10-20T12:18:22.000Z</time></trkpt>
      <trkpt lat="52.730495" lon="-1.339413"><ele>166.5</ele><time>2025-10-20T12:18:23.000Z</time></trkpt>
      <trkpt lat="52.730486" lon="-1.339424"><ele>166.5</ele><time>2025-10-20T12:18:24.000Z</time></trkpt>
      <trkpt lat="52.730477" lon="-1.339434"><ele>166.5</ele><time>2025-10-20T12:18:25.000Z</time></trkpt>
      <trkpt lat="52.730468" lon="-1.339443"><ele>166.5</ele><time>2025-10-20T12:18:26.000Z</time></trkpt>
      <trkpt lat="52.730459" lon="-1.339451"><ele>166.5</ele><time>2025-10-20T12:18:27.000Z</time></trkpt>
      <trkpt lat="52.730449" lon="-1.339459"><ele>166.5</ele><time>2025-10-20T12:18:28.000Z</time></trkpt>
      <trkpt lat="52.730440" lon="-1.339469"><ele>166.6</ele><time>2025-10-20T12:18:29.000Z</time></trkpt>
      <trkpt lat="52.730430" lon="-1.339480"><ele>166.7</ele><time>2025-10-20T12:18:30.000Z</time></trkpt>
      <trkpt lat="52.730420" lon="-1.339491"><ele>166.8</ele><time>2025-10-20T12:18:31.000Z</time></trkpt>
      <trkpt lat="52.730411" lon="-1.339501"><ele>166.9</ele><time>2025-10-20T12:18:32.000Z</time></trkpt>
      <trkpt lat="52.730402" lon="-1.339510"><ele>167.0</ele><time>2025-10-20T12:18:33.000Z</time></trkpt>
      <trkpt lat="52.730392" lon="-1.339519"><ele>167.1</ele><time>2025-10-20T12:18:34.000Z</time></trkpt>
      <trkpt lat="52.730381" lon="-1.339529"><ele>167.2</ele><time>2025-10-20T12:18:35.000Z</time></trkpt>
      <trkpt lat="52.730370" lon="-1.339540"><ele>167.3</ele><time>2025-10-20T12:18:36.000Z</time></trkpt>
      <trkpt lat="52.730360" lon="-1.339551"><ele>167.3</ele><time>2025-10-20T12:18:37.000Z</time></trkpt>
      <trkpt lat="52.730352" lon="-1.339562"><ele>167.3</ele><time>2025-10-20T12:18:38.000Z</time></trkpt>
      <trkpt lat="52.730344" lon="-1.339574"><ele>167.3</ele><time>2025-10-20T12:18:39.000Z</time></trkpt>
      <trkpt lat="52.730340" lon="-1.339583"><ele>167.2</ele><time>2025-10-20T12:18:40.000Z</time></trkpt>
      <trkpt lat="52.730341" lon="-1.339587"><ele>167.2</ele><time>2025-10-20T12:18:41.000Z</time></trkpt>
      <trkpt lat="52.730348" lon="-1.339583"><ele>167.1</ele><time>2025-10-20T12:18:42.000Z</time></trkpt>
      <trkpt lat="52.730359" lon="-1.339576"><ele>167.1</ele><time>2025-10-20T12:18:43.000Z</time></trkpt>
      <trkpt lat="52.730371" lon="-1.339567"><ele>167.1</ele><time>2025-10-20T12:18:44.000Z</time></trkpt>
      <trkpt lat="52.730383" lon="-1.339558"><ele>167.0</ele><time>2025-10-20T12:18:45.000Z</time></trkpt>
      <trkpt lat="52.730394" lon="-1.339549"><ele>167.0</ele><time>2025-10-20T12:18:46.000Z</time></trkpt>
      <trkpt lat="52.730405" lon="-1.339541"><ele>167.0</ele><time>2025-10-20T12:18:47.000Z</time></trkpt>
      <trkpt lat="52.730415" lon="-1.339533"><ele>167.0</ele><time>2025-10-20T12:18:48.000Z</time></trkpt>
      <trkpt lat="52.730424" lon="-1.339526"><ele>167.0</ele><time>2025-10-20T12:18:49.000Z</time></trkpt>
      <trkpt lat="52.730432" lon="-1.339519"><ele>167.0</ele><time>2025-10-20T12:18:50.000Z</time></trkpt>
      <trkpt lat="52.730440" lon="-1.339513"><ele>167.0</ele><time>2025-10-20T12:18:51.000Z</time></trkpt>
      <trkpt lat="52.730446" lon="-1.339506"><ele>167.0</ele><time>2025-10-20T12:18:52.000Z</time></trkpt>
      <trkpt lat="52.730452" lon="-1.339498"><ele>167.0</ele><time>2025-10-20T12:18:53.000Z</time></trkpt>
      <trkpt lat="52.730459" lon="-1.339490"><ele>167.0</ele><time>2025-10-20T12:18:54.000Z</time></trkpt>
      <trkpt lat="52.730467" lon="-1.339482"><ele>167.0</ele><time>2025-10-20T12:18:55.000Z</time></trkpt>
      <trkpt lat="52.730474" lon="-1.339475"><ele>167.0</ele><time>2025-10-20T12:18:56.000Z</time></trkpt>
      <trkpt lat="52.730481" lon="-1.339468"><ele>166.9</ele><time>2025-10-20T12:18:57.000Z</time></trkpt>
      <trkpt lat="52.730489" lon="-1.339461"><ele>166.9</ele><time>2025-10-20T12:18:58.000Z</time></trkpt>
      <trkpt lat="52.730498" lon="-1.339454"><ele>166.9</ele><time>2025-10-20T12:18:59.000Z</time></trkpt>
      <trkpt lat="52.730508" lon="-1.339446"><ele>166.9</ele><time>2025-10-20T12:19:00.000Z</time></trkpt>
      <trkpt lat="52.730521" lon="-1.339436"><ele>166.9</ele><time>2025-10-20T12:19:01.000Z</time></trkpt>
      <trkpt lat="52.730534" lon="-1.339425"><ele>166.8</ele><time>2025-10-20T12:19:02.000Z</time></trkpt>
      <trkpt lat="52.730547" lon="-1.339415"><ele>166.8</ele><time>2025-10-20T12:19:03.000Z</time></trkpt>
      <trkpt lat="52.730558" lon="-1.339408"><ele>166.8</ele><time>2025-10-20T12:19:04.000Z</time></trkpt>
      <trkpt lat="52.730568" lon="-1.339405"><ele>166.8</ele><time>2025-10-20T12:19:05.000Z</time></trkpt>
      <trkpt lat="52.730576" lon="-1.339406"><ele>166.8</ele><time>2025-10-20T12:19:06.000Z</time></trkpt>
      <trkpt lat="52.730585" lon="-1.339412"><ele>166.8</ele><time>2025-10-20T12:19:07.000Z</time></trkpt>
      <trkpt lat="52.730594" lon="-1.339422"><ele>166.8</ele><time>2025-10-20T12:19:08.000Z</time></trkpt>
      <trkpt lat="52.730602" lon="-1.339434"><ele>166.8</ele><time>2025-10-20T12:19:09.000Z</time></trkpt>
      <trkpt lat="52.730608" lon="-1.339448"><ele>166.8</ele><time>2025-10-20T12:19:10.000Z</time></trkpt>
      <trkpt lat="52.730614" lon="-1.339464"><ele>166.8</ele><time>2025-10-20T12:19:11.000Z</time></trkpt>
      <trkpt lat="52.730622" lon="-1.339482"><ele>166.8</ele><time>2025-10-20T12:19:12.000Z</time></trkpt>
      <trkpt lat="52.730630" lon="-1.339501"><ele>166.7</ele><time>2025-10-20T12:19:13.000Z</time></trkpt>
      <trkpt lat="52.730640" lon="-1.339520"><ele>166.7</ele><time>2025-10-20T12:19:14.000Z</time></trkpt>
      <trkpt lat="52.730649" lon="-1.339537"><ele>166.6</ele><time>2025-10-20T12:19:15.000Z</time></trkpt>
      <trkpt lat="52.730658" lon="-1.339555"><ele>166.5</ele><time>2025-10-20T12:19:16.000Z</time></trkpt>
      <trkpt lat="52.730667" lon="-1.339572"><ele>166.5</ele><time>2025-10-20T12:19:17.000Z</time></trkpt>
      <trkpt lat="52.730676" lon="-1.339587"><ele>166.4</ele><time>2025-10-20T12:19:18.000Z</time></trkpt>
      <trkpt lat="52.730685" lon="-1.339601"><ele>166.3</ele><time>2025-10-20T12:19:19.000Z</time></trkpt>
      <trkpt lat="52.730696" lon="-1.339615"><ele>166.3</ele><time>2025-10-20T12:19:20.000Z</time></trkpt>
      <trkpt lat="52.730707" lon="-1.339628"><ele>166.2</ele><time>2025-10-20T12:19:21.000Z</time></trkpt>
      <trkpt lat="52.730718" lon="-1.339641"><ele>166.2</ele><time>2025-10-20T12:19:22.000Z</time></trkpt>
      <trkpt lat="52.730729" lon="-1.339655"><ele>166.1</ele><time>2025-10-20T12:19:23.000Z</time></trkpt>
      <trkpt lat="52.730739" lon="-1.339669"><ele>166.0</ele><time>2025-10-20T12:19:24.000Z</time></trkpt>
      <trkpt lat="52.730749" lon="-1.339683"><ele>166.0</ele><time>2025-10-20T12:19:25.000Z</time></trkpt>
      <trkpt lat="52.730759" lon="-1.339696"><ele>165.9</ele><time>2025-10-20T12:19:26.000Z</time></trkpt>
      <trkpt lat="52.730769" lon="-1.339710"><ele>165.9</ele><time>2025-10-20T12:19:27.000Z</time></trkpt>
      <trkpt lat="52.730779" lon="-1.339725"><ele>165.8</ele><time>2025-10-20T12:19:28.000Z</time></trkpt>
      <trkpt lat="52.730788" lon="-1.339740"><ele>165.7</ele><time>2025-10-20T12:19:29.000Z</time></trkpt>
      <trkpt lat="52.730797" lon="-1.339756"><ele>165.6</ele><time>2025-10-20T12:19:30.000Z</time></trkpt>
      <trkpt lat="52.730807" lon="-1.339773"><ele>165.6</ele><time>2025-10-20T12:19:31.000Z</time></trkpt>
      <trkpt lat="52.730817" lon="-1.339788"><ele>165.5</ele><time>2025-10-20T12:19:32.000Z</time></trkpt>
      <trkpt lat="52.730827" lon="-1.339803"><ele>165.4</ele><time>2025-10-20T12:19:33.000Z</time></trkpt>
      <trkpt lat="52.730837" lon="-1.339818"><ele>165.3</ele><time>2025-10-20T12:19:34.000Z</time></trkpt>
      <trkpt lat="52.730847" lon="-1.339832"><ele>165.2</ele><time>2025-10-20T12:19:35.000Z</time></trkpt>
      <trkpt lat="52.730858" lon="-1.339847"><ele>165.2</ele><time>2025-10-20T12:19:36.000Z</time></trkpt>
      <trkpt lat="52.730869" lon="-1.339862"><ele>165.1</ele><time>2025-10-20T12:19:37.000Z</time></trkpt>
      <trkpt lat="52.730880" lon="-1.339875"><ele>165.1</ele><time>2025-10-20T12:19:38.000Z</time></trkpt>
      <trkpt lat="52.730891" lon="-1.339888"><ele>165.0</ele><time>2025-10-20T12:19:39.000Z</time></trkpt>
      <trkpt lat="52.730901" lon="-1.339902"><ele>165.0</ele><time>2025-10-20T12:19:40.000Z</time></trkpt>
      <trkpt lat="52.730912" lon="-1.339916"><ele>164.9</ele><time>2025-10-20T12:19:41.000Z</time></trkpt>
      <trkpt lat="52.730922" lon="-1.339929"><ele>164.9</ele><time>2025-10-20T12:19:42.000Z</time></trkpt>
      <trkpt lat="52.730932" lon="-1.339944"><ele>164.8</ele><time>2025-10-20T12:19:43.000Z</time></trkpt>
      <trkpt lat="52.730943" lon="-1.339959"><ele>164.8</ele><time>2025-10-20T12:19:44.000Z</time></trkpt>
      <trkpt lat="52.730953" lon="-1.339974"><ele>164.7</ele><time>2025-10-20T12:19:45.000Z</time></trkpt>
      <trkpt lat="52.730963" lon="-1.339988"><ele>164.7</ele><time>2025-10-20T12:19:46.000Z</time></trkpt>
      <trkpt lat="52.730973" lon="-1.340003"><ele>164.6</ele><time>2025-10-20T12:19:47.000Z</time></trkpt>
      <trkpt lat="52.730982" lon="-1.340019"><ele>164.5</ele><time>2025-10-20T12:19:48.000Z</time></trkpt>
      <trkpt lat="52.730991" lon="-1.340035"><ele>164.4</ele><time>2025-10-20T12:19:49.000Z</time></trkpt>
      <trkpt lat="52.731000" lon="-1.340051"><ele>164.4</ele><time>2025-10-20T12:19:50.000Z</time></trkpt>
      <trkpt lat="52.731010" lon="-1.340067"><ele>164.3</ele><time>2025-10-20T12:19:51.000Z</time></trkpt>
      <trkpt lat="52.731020" lon="-1.340082"><ele>164.2</ele><time>2025-10-20T12:19:52.000Z</time></trkpt>
      <trkpt lat="52.731030" lon="-1.340098"><ele>164.2</ele><time>2025-10-20T12:19:53.000Z</time></trkpt>
      <trkpt lat="52.731040" lon="-1.340112"><ele>164.1</ele><time>2025-10-20T12:19:54.000Z</time></trkpt>
      <trkpt lat="52.731050" lon="-1.340128"><ele>164.0</ele><time>2025-10-20T12:19:55.000Z</time></trkpt>
      <trkpt lat="52.731060" lon="-1.340143"><ele>164.0</ele><time>2025-10-20T12:19:56.000Z</time></trkpt>
      <trkpt lat="52.731070" lon="-1.340157"><ele>164.0</ele><time>2025-10-20T12:19:57.000Z</time></trkpt>
      <trkpt lat="52.731081" lon="-1.340171"><ele>163.9</ele><time>2025-10-20T12:19:58.000Z</time></trkpt>
      <trkpt lat="52.731092" lon="-1.340186"><ele>163.9</ele><time>2025-10-20T12:19:59.000Z</time></trkpt>
      <trkpt lat="52.731102" lon="-1.340199"><ele>163.9</ele><time>2025-10-20T12:20:00.000Z</time></trkpt>
      <trkpt lat="52.731113" lon="-1.340214"><ele>163.8</ele><time>2025-10-20T12:20:01.000Z</time></trkpt>
      <trkpt lat="52.731123" lon="-1.340228"><ele>163.8</ele><time>2025-10-20T12:20:02.000Z</time></trkpt>
      <trkpt lat="52.731133" lon="-1.340242"><ele>163.8</ele><time>2025-10-20T12:20:03.000Z</time></trkpt>
      <trkpt lat="52.731144" lon="-1.340256"><ele>163.8</ele><time>2025-10-20T12:20:04.000Z</time></trkpt>
      <trkpt lat="52.731154" lon="-1.340271"><ele>163.8</ele><time>2025-10-20T12:20:05.000Z</time></trkpt>
      <trkpt lat="52.731165" lon="-1.340285"><ele>163.8</ele><time>2025-10-20T12:20:06.000Z</time></trkpt>
      <trkpt lat="52.731176" lon="-1.340297"><ele>163.7</ele><time>2025-10-20T12:20:07.000Z</time></trkpt>
      <trkpt lat="52.731187" lon="-1.340308"><ele>163.7</ele><time>2025-10-20T12:20:08.000Z</time></trkpt>
      <trkpt lat="52.731198" lon="-1.340319"><ele>163.7</ele><time>2025-10-20T12:20:09.000Z</time></trkpt>
      <trkpt lat="52.731208" lon="-1.340330"><ele>163.6</ele><time>2025-10-20T12:20:10.000Z</time></trkpt>
      <trkpt lat="52.731214" lon="-1.340341"><ele>163.6</ele><time>2025-10-20T12:20:11.000Z</time></trkpt>
      <trkpt lat="52.731219" lon="-1.340352"><ele>163.5</ele><time>2025-10-20T12:20:12.000Z</time></trkpt>
      <trkpt lat="52.731224" lon="-1.340368"><ele>163.5</ele><time>2025-10-20T12:20:13.000Z</time></trkpt>
      <trkpt lat="52.731231" lon="-1.340387"><ele>163.5</ele><time>2025-10-20T12:20:14.000Z</time></trkpt>
      <trkpt lat="52.731238" lon="-1.340406"><ele>163.4</ele><time>2025-10-20T12:20:15.000Z</time></trkpt>
      <trkpt lat="52.731246" lon="-1.340424"><ele>163.4</ele><time>2025-10-20T12:20:16.000Z</time></trkpt>
      <trkpt lat="52.731255" lon="-1.340442"><ele>163.4</ele><time>2025-10-20T12:20:17.000Z</time></trkpt>
      <trkpt lat="52.731263" lon="-1.340459"><ele>163.4</ele><time>2025-10-20T12:20:18.000Z</time></trkpt>
      <trkpt lat="52.731272" lon="-1.340475"><ele>163.5</ele><time>2025-10-20T12:20:19.000Z</time></trkpt>
      <trkpt lat="52.731281" lon="-1.340491"><ele>163.5</ele><time>2025-10-20T12:20:20.000Z</time></trkpt>
      <trkpt lat="52.731290" lon="-1.340507"><ele>163.5</ele><time>2025-10-20T12:20:21.000Z</time></trkpt>
      <trkpt lat="52.731299" lon="-1.340523"><ele>163.6</ele><time>2025-10-20T12:20:22.000Z</time></trkpt>
      <trkpt lat="52.731307" lon="-1.340539"><ele>163.6</ele><time>2025-10-20T12:20:23.000Z</time></trkpt>
      <trkpt lat="52.731315" lon="-1.340556"><ele>163.6</ele><time>2025-10-20T12:20:24.000Z</time></trkpt>
      <trkpt lat="52.731324" lon="-1.340573"><ele>163.6</ele><time>2025-10-20T12:20:25.000Z</time></trkpt>
      <trkpt lat="52.731333" lon="-1.340589"><ele>163.5</ele><time>2025-10-20T12:20:26.000Z</time></trkpt>
      <trkpt lat="52.731343" lon="-1.340602"><ele>163.5</ele><time>2025-10-20T12:20:27.000Z</time></trkpt>
      <trkpt lat="52.731353" lon="-1.340613"><ele>163.5</ele><time>2025-10-20T12:20:28.000Z</time></trkpt>
      <trkpt lat="52.731365" lon="-1.340620"><ele>163.5</ele><time>2025-10-20T12:20:29.000Z</time></trkpt>
      <trkpt lat="52.731377" lon="-1.340623"><ele>163.4</ele><time>2025-10-20T12:20:30.000Z</time></trkpt>
      <trkpt lat="52.731390" lon="-1.340621"><ele>163.4</ele><time>2025-10-20T12:20:31.000Z</time></trkpt>
      <trkpt lat="52.731403" lon="-1.340616"><ele>163.4</ele><time>2025-10-20T12:20:32.000Z</time></trkpt>
      <trkpt lat="52.731416" lon="-1.340608"><ele>163.3</ele><time>2025-10-20T12:20:33.000Z</time></trkpt>
      <trkpt lat="52.731429" lon="-1.340599"><ele>163.3</ele><time>2025-10-20T12:20:34.000Z</time></trkpt>
      <trkpt lat="52.731441" lon="-1.340590"><ele>163.3</ele><time>2025-10-20T12:20:35.000Z</time></trkpt>
      <trkpt lat="52.731453" lon="-1.340582"><ele>163.3</ele><time>2025-10-20T12:20:36.000Z</time></trkpt>
      <trkpt lat="52.731465" lon="-1.340574"><ele>163.3</ele><time>2025-10-20T12:20:37.000Z</time></trkpt>
      <trkpt lat="52.731477" lon="-1.340569"><ele>163.2</ele><time>2025-10-20T12:20:38.000Z</time></trkpt>
      <trkpt lat="52.731487" lon="-1.340567"><ele>163.2</ele><time>2025-10-20T12:20:39.000Z</time></trkpt>
      <trkpt lat="52.731497" lon="-1.340567"><ele>163.2</ele><time>2025-10-20T12:20:40.000Z</time></trkpt>
      <trkpt lat="52.731507" lon="-1.340568"><ele>163.2</ele><time>2025-10-20T12:20:41.000Z</time></trkpt>
      <trkpt lat="52.731519" lon="-1.340570"><ele>163.2</ele><time>2025-10-20T12:20:42.000Z</time></trkpt>
      <trkpt lat="52.731531" lon="-1.340573"><ele>163.2</ele><time>2025-10-20T12:20:43.000Z</time></trkpt>
      <trkpt lat="52.731544" lon="-1.340579"><ele>163.2</ele><time>2025-10-20T12:20:44.000Z</time></trkpt>
      <trkpt lat="52.731555" lon="-1.340586"><ele>163.2</ele><time>2025-10-20T12:20:45.000Z</time></trkpt>
      <trkpt lat="52.731566" lon="-1.340595"><ele>163.3</ele><time>2025-10-20T12:20:46.000Z</time></trkpt>
      <trkpt lat="52.731577" lon="-1.340607"><ele>163.3</ele><time>2025-10-20T12:20:47.000Z</time></trkpt>
      <trkpt lat="52.731587" lon="-1.340621"><ele>163.3</ele><time>2025-10-20T12:20:48.000Z</time></trkpt>
      <trkpt lat="52.731596" lon="-1.340637"><ele>163.4</ele><time>2025-10-20T12:20:49.000Z</time></trkpt>
      <trkpt lat="52.731605" lon="-1.340653"><ele>163.4</ele><time>2025-10-20T12:20:50.000Z</time></trkpt>
      <trkpt lat="52.731613" lon="-1.340670"><ele>163.4</ele><time>2025-10-20T12:20:51.000Z</time></trkpt>
      <trkpt lat="52.731621" lon="-1.340689"><ele>163.4</ele><time>2025-10-20T12:20:52.000Z</time></trkpt>
      <trkpt lat="52.731629" lon="-1.340708"><ele>163.5</ele><time>2025-10-20T12:20:53.000Z</time></trkpt>
      <trkpt lat="52.731636" lon="-1.340727"><ele>163.4</ele><time>2025-10-20T12:20:54.000Z</time></trkpt>
      <trkpt lat="52.731642" lon="-1.340746"><ele>163.4</ele><time>2025-10-20T12:20:55.000Z</time></trkpt>
      <trkpt lat="52.731649" lon="-1.340764"><ele>163.4</ele><time>2025-10-20T12:20:56.000Z</time></trkpt>
      <trkpt lat="52.731654" lon="-1.340783"><ele>163.4</ele><time>2025-10-20T12:20:57.000Z</time></trkpt>
      <trkpt lat="52.731660" lon="-1.340802"><ele>163.4</ele><time>2025-10-20T12:20:58.000Z</time></trkpt>
      <trkpt lat="52.731667" lon="-1.340822"><ele>163.4</ele><time>2025-10-20T12:20:59.000Z</time></trkpt>
      <trkpt lat="52.731674" lon="-1.340842"><ele>163.4</ele><time>2025-10-20T12:21:00.000Z</time></trkpt>
      <trkpt lat="52.731682" lon="-1.340861"><ele>163.4</ele><time>2025-10-20T12:21:01.000Z</time></trkpt>
      <trkpt lat="52.731689" lon="-1.340879"><ele>163.4</ele><time>2025-10-20T12:21:02.000Z</time></trkpt>
      <trkpt lat="52.731697" lon="-1.340897"><ele>163.3</ele><time>2025-10-20T12:21:03.000Z</time></trkpt>
      <trkpt lat="52.731705" lon="-1.340914"><ele>163.3</ele><time>2025-10-20T12:21:04.000Z</time></trkpt>
      <trkpt lat="52.731714" lon="-1.340931"><ele>163.3</ele><time>2025-10-20T12:21:05.000Z</time></trkpt>
      <trkpt lat="52.731722" lon="-1.340948"><ele>163.3</ele><time>2025-10-20T12:21:06.000Z</time></trkpt>
      <trkpt lat="52.731730" lon="-1.340964"><ele>163.2</ele><time>2025-10-20T12:21:07.000Z</time></trkpt>
      <trkpt lat="52.731738" lon="-1.340981"><ele>163.2</ele><time>2025-10-20T12:21:08.000Z</time></trkpt>
      <trkpt lat="52.731746" lon="-1.340998"><ele>163.2</ele><time>2025-10-20T12:21:09.000Z</time></trkpt>
      <trkpt lat="52.731755" lon="-1.341014"><ele>163.2</ele><time>2025-10-20T12:21:10.000Z</time></trkpt>
      <trkpt lat="52.731764" lon="-1.341028"><ele>163.2</ele><time>2025-10-20T12:21:11.000Z</time></trkpt>
      <trkpt lat="52.731773" lon="-1.341043"><ele>163.2</ele><time>2025-10-20T12:21:12.000Z</time></trkpt>
      <trkpt lat="52.731783" lon="-1.341058"><ele>163.2</ele><time>2025-10-20T12:21:13.000Z</time></trkpt>
      <trkpt lat="52.731792" lon="-1.341074"><ele>163.2</ele><time>2025-10-20T12:21:14.000Z</time></trkpt>
      <trkpt lat="52.731802" lon="-1.341090"><ele>163.2</ele><time>2025-10-20T12:21:15.000Z</time></trkpt>
      <trkpt lat="52.731812" lon="-1.341105"><ele>163.2</ele><time>2025-10-20T12:21:16.000Z</time></trkpt>
      <trkpt lat="52.731822" lon="-1.341119"><ele>163.2</ele><time>2025-10-20T12:21:17.000Z</time></trkpt>
      <trkpt lat="52.731833" lon="-1.341133"><ele>163.1</ele><time>2025-10-20T12:21:18.000Z</time></trkpt>
      <trkpt lat="52.731843" lon="-1.341147"><ele>163.1</ele><time>2025-10-20T12:21:19.000Z</time></trkpt>
      <trkpt lat="52.731853" lon="-1.341161"><ele>163.1</ele><time>2025-10-20T12:21:20.000Z</time></trkpt>
      <trkpt lat="52.731863" lon="-1.341175"><ele>163.1</ele><time>2025-10-20T12:21:21.000Z</time></trkpt>
      <trkpt lat="52.731873" lon="-1.341190"><ele>163.1</ele><time>2025-10-20T12:21:22.000Z</time></trkpt>
      <trkpt lat="52.731882" lon="-1.341204"><ele>163.1</ele><time>2025-10-20T12:21:23.000Z</time></trkpt>
      <trkpt lat="52.731891" lon="-1.341218"><ele>163.1</ele><time>2025-10-20T12:21:24.000Z</time></trkpt>
      <trkpt lat="52.731901" lon="-1.341233"><ele>163.0</ele><time>2025-10-20T12:21:25.000Z</time></trkpt>
      <trkpt lat="52.731911" lon="-1.341247"><ele>163.0</ele><time>2025-10-20T12:21:26.000Z</time></trkpt>
      <trkpt lat="52.731921" lon="-1.341262"><ele>163.0</ele><time>2025-10-20T12:21:27.000Z</time></trkpt>
      <trkpt lat="52.731932" lon="-1.341277"><ele>162.9</ele><time>2025-10-20T12:21:28.000Z</time></trkpt>
      <trkpt lat="52.731942" lon="-1.341292"><ele>162.9</ele><time>2025-10-20T12:21:29.000Z</time></trkpt>
      <trkpt lat="52.731953" lon="-1.341304"><ele>162.9</ele><time>2025-10-20T12:21:30.000Z</time></trkpt>
      <trkpt lat="52.731964" lon="-1.341315"><ele>162.9</ele><time>2025-10-20T12:21:31.000Z</time></trkpt>
      <trkpt lat="52.731975" lon="-1.341326"><ele>162.9</ele><time>2025-10-20T12:21:32.000Z</time></trkpt>
      <trkpt lat="52.731987" lon="-1.341338"><ele>162.8</ele><time>2025-10-20T12:21:33.000Z</time></trkpt>
      <trkpt lat="52.731997" lon="-1.341350"><ele>162.8</ele><time>2025-10-20T12:21:34.000Z</time></trkpt>
      <trkpt lat="52.732007" lon="-1.341361"><ele>162.8</ele><time>2025-10-20T12:21:35.000Z</time></trkpt>
      <trkpt lat="52.732017" lon="-1.341372"><ele>162.8</ele><time>2025-10-20T12:21:36.000Z</time></trkpt>
      <trkpt lat="52.732027" lon="-1.341383"><ele>162.8</ele><time>2025-10-20T12:21:37.000Z</time></trkpt>
      <trkpt lat="52.732038" lon="-1.341395"><ele>162.8</ele><time>2025-10-20T12:21:38.000Z</time></trkpt>
      <trkpt lat="52.732048" lon="-1.341406"><ele>162.8</ele><time>2025-10-20T12:21:39.000Z</time></trkpt>
      <trkpt lat="52.732059" lon="-1.341417"><ele>162.8</ele><time>2025-10-20T12:21:40.000Z</time></trkpt>
      <trkpt lat="52.732069" lon="-1.341429"><ele>162.8</ele><time>2025-10-20T12:21:41.000Z</time></trkpt>
      <trkpt lat="52.732079" lon="-1.341442"><ele>162.7</ele><time>2025-10-20T12:21:42.000Z</time></trkpt>
      <trkpt lat="52.732089" lon="-1.341456"><ele>162.7</ele><time>2025-10-20T12:21:43.000Z</time></trkpt>
      <trkpt lat="52.732099" lon="-1.341470"><ele>162.7</ele><time>2025-10-20T12:21:44.000Z</time></trkpt>
      <trkpt lat="52.732108" lon="-1.341483"><ele>162.6</ele><time>2025-10-20T12:21:45.000Z</time></trkpt>
      <trkpt lat="52.732115" lon="-1.341497"><ele>162.5</ele><time>2025-10-20T12:21:46.000Z</time></trkpt>
      <trkpt lat="52.732122" lon="-1.341512"><ele>162.5</ele><time>2025-10-20T12:21:47.000Z</time></trkpt>
      <trkpt lat="52.732128" lon="-1.341527"><ele>162.4</ele><time>2025-10-20T12:21:48.000Z</time></trkpt>
      <trkpt lat="52.732136" lon="-1.341540"><ele>162.4</ele><time>2025-10-20T12:21:49.000Z</time></trkpt>
      <trkpt lat="52.732145" lon="-1.341555"><ele>162.4</ele><time>2025-10-20T12:21:50.000Z</time></trkpt>
      <trkpt lat="52.732155" lon="-1.341569"><ele>162.4</ele><time>2025-10-20T12:21:51.000Z</time></trkpt>
      <trkpt lat="52.732165" lon="-1.341583"><ele>162.3</ele><time>2025-10-20T12:21:52.000Z</time></trkpt>
      <trkpt lat="52.732174" lon="-1.341597"><ele>162.3</ele><time>2025-10-20T12:21:53.000Z</time></trkpt>
      <trkpt lat="52.732183" lon="-1.341612"><ele>162.3</ele><time>2025-10-20T12:21:54.000Z</time></trkpt>
      <trkpt lat="52.732192" lon="-1.341626"><ele>162.2</ele><time>2025-10-20T12:21:55.000Z</time></trkpt>
      <trkpt lat="52.732200" lon="-1.341639"><ele>162.2</ele><time>2025-10-20T12:21:56.000Z</time></trkpt>
      <trkpt lat="52.732208" lon="-1.341652"><ele>162.2</ele><time>2025-10-20T12:21:57.000Z</time></trkpt>
      <trkpt lat="52.732215" lon="-1.341665"><ele>162.2</ele><time>2025-10-20T12:21:58.000Z</time></trkpt>
      <trkpt lat="52.732220" lon="-1.341672"><ele>162.2</ele><time>2025-10-20T12:21:59.000Z</time></trkpt>
      <trkpt lat="52.732224" lon="-1.341674"><ele>162.1</ele><time>2025-10-20T12:22:00.000Z</time></trkpt>
      <trkpt lat="52.732230" lon="-1.341678"><ele>162.1</ele><time>2025-10-20T12:22:01.000Z</time></trkpt>
      <trkpt lat="52.732239" lon="-1.341687"><ele>162.1</ele><time>2025-10-20T12:22:02.000Z</time></trkpt>
      <trkpt lat="52.732250" lon="-1.341699"><ele>162.1</ele><time>2025-10-20T12:22:03.000Z</time></trkpt>
      <trkpt lat="52.732261" lon="-1.341712"><ele>162.1</ele><time>2025-10-20T12:22:04.000Z</time></trkpt>
      <trkpt lat="52.732273" lon="-1.341726"><ele>162.1</ele><time>2025-10-20T12:22:05.000Z</time></trkpt>
      <trkpt lat="52.732284" lon="-1.341739"><ele>162.0</ele><time>2025-10-20T12:22:06.000Z</time></trkpt>
      <trkpt lat="52.732295" lon="-1.341751"><ele>162.0</ele><time>2025-10-20T12:22:07.000Z</time></trkpt>
      <trkpt lat="52.732305" lon="-1.341763"><ele>162.0</ele><time>2025-10-20T12:22:08.000Z</time></trkpt>
      <trkpt lat="52.732316" lon="-1.341775"><ele>161.9</ele><time>2025-10-20T12:22:09.000Z</time></trkpt>
      <trkpt lat="52.732326" lon="-1.341787"><ele>161.9</ele><time>2025-10-20T12:22:10.000Z</time></trkpt>
      <trkpt lat="52.732337" lon="-1.341797"><ele>161.9</ele><time>2025-10-20T12:22:11.000Z</time></trkpt>
      <trkpt lat="52.732347" lon="-1.341807"><ele>161.9</ele><time>2025-10-20T12:22:12.000Z</time></trkpt>
      <trkpt lat="52.732357" lon="-1.341816"><ele>161.9</ele><time>2025-10-20T12:22:13.000Z</time></trkpt>
      <trkpt lat="52.732368" lon="-1.341824"><ele>161.9</ele><time>2025-10-20T12:22:14.000Z</time></trkpt>
      <trkpt lat="52.732379" lon="-1.341829"><ele>161.9</ele><time>2025-10-20T12:22:15.000Z</time></trkpt>
      <trkpt lat="52.732387" lon="-1.341832"><ele>161.9</ele><time>2025-10-20T12:22:16.000Z</time></trkpt>
      <trkpt lat="52.732393" lon="-1.341835"><ele>161.9</ele><time>2025-10-20T12:22:17.000Z</time></trkpt>
      <trkpt lat="52.732399" lon="-1.341841"><ele>161.9</ele><time>2025-10-20T12:22:18.000Z</time></trkpt>
      <trkpt lat="52.732407" lon="-1.341850"><ele>161.9</ele><time>2025-10-20T12:22:19.000Z</time></trkpt>
      <trkpt lat="52.732417" lon="-1.341861"><ele>161.9</ele><time>2025-10-20T12:22:20.000Z</time></trkpt>
      <trkpt lat="52.732428" lon="-1.341871"><ele>161.8</ele><time>2025-10-20T12:22:21.000Z</time></trkpt>
      <trkpt lat="52.732439" lon="-1.341879"><ele>161.8</ele><time>2025-10-20T12:22:22.000Z</time></trkpt>
      <trkpt lat="52.732448" lon="-1.341886"><ele>161.8</ele><time>2025-10-20T12:22:23.000Z</time></trkpt>
      <trkpt lat="52.732456" lon="-1.341894"><ele>161.8</ele><time>2025-10-20T12:22:24.000Z</time></trkpt>
      <trkpt lat="52.732461" lon="-1.341900"><ele>161.8</ele><time>2025-10-20T12:22:25.000Z</time></trkpt>
      <trkpt lat="52.732463" lon="-1.341907"><ele>161.8</ele><time>2025-10-20T12:22:26.000Z</time></trkpt>
      <trkpt lat="52.732468" lon="-1.341917"><ele>161.8</ele><time>2025-10-20T12:22:27.000Z</time></trkpt>
      <trkpt lat="52.732475" lon="-1.341931"><ele>161.8</ele><time>2025-10-20T12:22:28.000Z</time></trkpt>
      <trkpt lat="52.732485" lon="-1.341946"><ele>161.7</ele><time>2025-10-20T12:22:29.000Z</time></trkpt>
      <trkpt lat="52.732494" lon="-1.341960"><ele>161.7</ele><time>2025-10-20T12:22:30.000Z</time></trkpt>
      <trkpt lat="52.732503" lon="-1.341975"><ele>161.7</ele><time>2025-10-20T12:22:31.000Z</time></trkpt>
      <trkpt lat="52.732512" lon="-1.341989"><ele>161.6</ele><time>2025-10-20T12:22:32.000Z</time></trkpt>
      <trkpt lat="52.732520" lon="-1.342005"><ele>161.6</ele><time>2025-10-20T12:22:33.000Z</time></trkpt>
      <trkpt lat="52.732527" lon="-1.342022"><ele>161.6</ele><time>2025-10-20T12:22:34.000Z</time></trkpt>
      <trkpt lat="52.732533" lon="-1.342041"><ele>161.6</ele><time>2025-10-20T12:22:35.000Z</time></trkpt>
      <trkpt lat="52.732539" lon="-1.342059"><ele>161.5</ele><time>2025-10-20T12:22:36.000Z</time></trkpt>
      <trkpt lat="52.732546" lon="-1.342077"><ele>161.5</ele><time>2025-10-20T12:22:37.000Z</time></trkpt>
      <trkpt lat="52.732553" lon="-1.342092"><ele>161.5</ele><time>2025-10-20T12:22:38.000Z</time></trkpt>
      <trkpt lat="52.732560" lon="-1.342106"><ele>161.5</ele><time>2025-10-20T12:22:39.000Z</time></trkpt>
      <trkpt lat="52.732567" lon="-1.342122"><ele>161.5</ele><time>2025-10-20T12:22:40.000Z</time></trkpt>
      <trkpt lat="52.732572" lon="-1.342140"><ele>161.5</ele><time>2025-10-20T12:22:41.000Z</time></trkpt>
      <trkpt lat="52.732577" lon="-1.342159"><ele>161.5</ele><time>2025-10-20T12:22:42.000Z</time></trkpt>
      <trkpt lat="52.732582" lon="-1.342177"><ele>161.5</ele><time>2025-10-20T12:22:43.000Z</time></trkpt>
      <trkpt lat="52.732588" lon="-1.342195"><ele>161.5</ele><time>2025-10-20T12:22:44.000Z</time></trkpt>
      <trkpt lat="52.732594" lon="-1.342212"><ele>161.5</ele><time>2025-10-20T12:22:45.000Z</time></trkpt>
      <trkpt lat="52.732599" lon="-1.342227"><ele>161.5</ele><time>2025-10-20T12:22:46.000Z</time></trkpt>
      <trkpt lat="52.732603" lon="-1.342243"><ele>161.4</ele><time>2025-10-20T12:22:47.000Z</time></trkpt>
      <trkpt lat="52.732606" lon="-1.342259"><ele>161.4</ele><time>2025-10-20T12:22:48.000Z</time></trkpt>
      <trkpt lat="52.732608" lon="-1.342277"><ele>161.3</ele><time>2025-10-20T12:22:49.000Z</time></trkpt>
      <trkpt lat="52.732611" lon="-1.342294"><ele>161.3</ele><time>2025-10-20T12:22:50.000Z</time></trkpt>
      <trkpt lat="52.732613" lon="-1.342309"><ele>161.3</ele><time>2025-10-20T12:22:51.000Z</time></trkpt>
      <trkpt lat="52.732615" lon="-1.342322"><ele>161.2</ele><time>2025-10-20T12:22:52.000Z</time></trkpt>
      <trkpt lat="52.732617" lon="-1.342334"><ele>161.2</ele><time>2025-10-20T12:22:53.000Z</time></trkpt>
      <trkpt lat="52.732618" lon="-1.342345"><ele>161.2</ele><time>2025-10-20T12:22:54.000Z</time></trkpt>
      <trkpt lat="52.732618" lon="-1.342355"><ele>161.2</ele><time>2025-10-20T12:22:55.000Z</time></trkpt>
      <trkpt lat="52.732618" lon="-1.342368"><ele>161.2</ele><time>2025-10-20T12:22:56.000Z</time></trkpt>
      <trkpt lat="52.732618" lon="-1.342382"><ele>161.2</ele><time>2025-10-20T12:22:57.000Z</time></trkpt>
      <trkpt lat="52.732618" lon="-1.342397"><ele>161.1</ele><time>2025-10-20T12:22:58.000Z</time></trkpt>
      <trkpt lat="52.732617" lon="-1.342409"><ele>161.1</ele><time>2025-10-20T12:22:59.000Z</time></trkpt>
      <trkpt lat="52.732618" lon="-1.342418"><ele>161.0</ele><time>2025-10-20T12:23:00.000Z</time></trkpt>
      <trkpt lat="52.732620" lon="-1.342424"><ele>160.9</ele><time>2025-10-20T12:23:01.000Z</time></trkpt>
      <trkpt lat="52.732621" lon="-1.342428"><ele>160.8</ele><time>2025-10-20T12:23:02.000Z</time></trkpt>
      <trkpt lat="52.732621" lon="-1.342431"><ele>160.8</ele><time>2025-10-20T12:23:03.000Z</time></trkpt>
      <trkpt lat="52.732621" lon="-1.342433"><ele>160.7</ele><time>2025-10-20T12:23:04.000Z</time></trkpt>
      <trkpt lat="52.732620" lon="-1.342435"><ele>160.7</ele><time>2025-10-20T12:23:05.000Z</time></trkpt>
      <trkpt lat="52.732619" lon="-1.342437"><ele>160.7</ele><time>2025-10-20T12:23:06.000Z</time></trkpt>
      <trkpt lat="52.732619" lon="-1.342439"><ele>160.7</ele><time>2025-10-20T12:23:07.000Z</time></trkpt>
      <trkpt lat="52.732618" lon="-1.342440"><ele>160.7</ele><time>2025-10-20T12:23:08.000Z</time></trkpt>
      <trkpt lat="52.732618" lon="-1.342442"><ele>160.7</ele><time>2025-10-20T12:23:09.000Z</time></trkpt>
      <trkpt lat="52.732619" lon="-1.342445"><ele>160.7</ele><time>2025-10-20T12:23:10.000Z</time></trkpt>
      <trkpt lat="52.732620" lon="-1.342449"><ele>160.7</ele><time>2025-10-20T12:23:11.000Z</time></trkpt>
      <trkpt lat="52.732622" lon="-1.342456"><ele>160.7</ele><time>2025-10-20T12:23:12.000Z</time></trkpt>
      <trkpt lat="52.732624" lon="-1.342464"><ele>160.7</ele><time>2025-10-20T12:23:13.000Z</time></trkpt>
      <trkpt lat="52.732626" lon="-1.342473"><ele>160.7</ele><time>2025-10-20T12:23:14.000Z</time></trkpt>
      <trkpt lat="52.732628" lon="-1.342483"><ele>160.7</ele><time>2025-10-20T12:23:15.000Z</time></trkpt>
      <trkpt lat="52.732632" lon="-1.342496"><ele>160.7</ele><time>2025-10-20T12:23:16.000Z</time></trkpt>
      <trkpt lat="52.732638" lon="-1.342511"><ele>160.7</ele><time>2025-10-20T12:23:17.000Z</time></trkpt>
      <trkpt lat="52.732645" lon="-1.342526"><ele>160.8</ele><time>2025-10-20T12:23:18.000Z</time></trkpt>
      <trkpt lat="52.732651" lon="-1.342539"><ele>160.8</ele><time>2025-10-20T12:23:19.000Z</time></trkpt>
      <trkpt lat="52.732658" lon="-1.342551"><ele>160.9</ele><time>2025-10-20T12:23:20.000Z</time></trkpt>
      <trkpt lat="52.732665" lon="-1.342561"><ele>161.0</ele><time>2025-10-20T12:23:21.000Z</time></trkpt>
      <trkpt lat="52.732672" lon="-1.342569"><ele>161.1</ele><time>2025-10-20T12:23:22.000Z</time></trkpt>
      <trkpt lat="52.732679" lon="-1.342576"><ele>161.2</ele><time>2025-10-20T12:23:23.000Z</time></trkpt>
      <trkpt lat="52.732687" lon="-1.342583"><ele>161.3</ele><time>2025-10-20T12:23:24.000Z</time></trkpt>
      <trkpt lat="52.732695" lon="-1.342592"><ele>161.4</ele><time>2025-10-20T12:23:25.000Z</time></trkpt>
      <trkpt lat="52.732703" lon="-1.342603"><ele>161.4</ele><time>2025-10-20T12:23:26.000Z</time></trkpt>
      <trkpt lat="52.732711" lon="-1.342618"><ele>161.4</ele><time>2025-10-20T12:23:27.000Z</time></trkpt>
      <trkpt lat="52.732719" lon="-1.342634"><ele>161.4</ele><time>2025-10-20T12:23:28.000Z</time></trkpt>
      <trkpt lat="52.732726" lon="-1.342651"><ele>161.4</ele><time>2025-10-20T12:23:29.000Z</time></trkpt>
      <trkpt lat="52.732734" lon="-1.342668"><ele>161.3</ele><time>2025-10-20T12:23:30.000Z</time></trkpt>
      <trkpt lat="52.732743" lon="-1.342685"><ele>161.3</ele><time>2025-10-20T12:23:31.000Z</time></trkpt>
      <trkpt lat="52.732753" lon="-1.342702"><ele>161.2</ele><time>2025-10-20T12:23:32.000Z</time></trkpt>
      <trkpt lat="52.732762" lon="-1.342719"><ele>161.2</ele><time>2025-10-20T12:23:33.000Z</time></trkpt>
      <trkpt lat="52.732770" lon="-1.342737"><ele>161.1</ele><time>2025-10-20T12:23:34.000Z</time></trkpt>
      <trkpt lat="52.732778" lon="-1.342756"><ele>161.1</ele><time>2025-10-20T12:23:35.000Z</time></trkpt>
      <trkpt lat="52.732787" lon="-1.342776"><ele>161.0</ele><time>2025-10-20T12:23:36.000Z</time></trkpt>
      <trkpt lat="52.732796" lon="-1.342795"><ele>161.0</ele><time>2025-10-20T12:23:37.000Z</time></trkpt>
      <trkpt lat="52.732804" lon="-1.342813"><ele>161.0</ele><time>2025-10-20T12:23:38.000Z</time></trkpt>
      <trkpt lat="52.732813" lon="-1.342829"><ele>160.9</ele><time>2025-10-20T12:23:39.000Z</time></trkpt>
      <trkpt lat="52.732821" lon="-1.342842"><ele>160.9</ele><time>2025-10-20T12:23:40.000Z</time></trkpt>
      <trkpt lat="52.732830" lon="-1.342855"><ele>160.9</ele><time>2025-10-20T12:23:41.000Z</time></trkpt>
      <trkpt lat="52.732838" lon="-1.342869"><ele>160.9</ele><time>2025-10-20T12:23:42.000Z</time></trkpt>
      <trkpt lat="52.732848" lon="-1.342885"><ele>160.9</ele><time>2025-10-20T12:23:43.000Z</time></trkpt>
      <trkpt lat="52.732858" lon="-1.342903"><ele>160.9</ele><time>2025-10-20T12:23:44.000Z</time></trkpt>
      <trkpt lat="52.732867" lon="-1.342919"><ele>160.8</ele><time>2025-10-20T12:23:45.000Z</time></trkpt>
      <trkpt lat="52.732876" lon="-1.342933"><ele>160.8</ele><time>2025-10-20T12:23:46.000Z</time></trkpt>
      <trkpt lat="52.732884" lon="-1.342947"><ele>160.8</ele><time>2025-10-20T12:23:47.000Z</time></trkpt>
      <trkpt lat="52.732891" lon="-1.342961"><ele>160.8</ele><time>2025-10-20T12:23:48.000Z</time></trkpt>
      <trkpt lat="52.732898" lon="-1.342977"><ele>160.9</ele><time>2025-10-20T12:23:49.000Z</time></trkpt>
      <trkpt lat="52.732904" lon="-1.342994"><ele>160.9</ele><time>2025-10-20T12:23:50.000Z</time></trkpt>
      <trkpt lat="52.732911" lon="-1.343011"><ele>160.9</ele><time>2025-10-20T12:23:51.000Z</time></trkpt>
      <trkpt lat="52.732918" lon="-1.343025"><ele>160.9</ele><time>2025-10-20T12:23:52.000Z</time></trkpt>
      <trkpt lat="52.732924" lon="-1.343037"><ele>160.9</ele><time>2025-10-20T12:23:53.000Z</time></trkpt>
      <trkpt lat="52.732930" lon="-1.343050"><ele>160.9</ele><time>2025-10-20T12:23:54.000Z</time></trkpt>
      <trkpt lat="52.732938" lon="-1.343064"><ele>160.9</ele><time>2025-10-20T12:23:55.000Z</time></trkpt>
      <trkpt lat="52.732947" lon="-1.343080"><ele>160.9</ele><time>2025-10-20T12:23:56.000Z</time></trkpt>
      <trkpt lat="52.732957" lon="-1.343095"><ele>160.9</ele><time>2025-10-20T12:23:57.000Z</time></trkpt>
      <trkpt lat="52.732966" lon="-1.343110"><ele>160.9</ele><time>2025-10-20T12:23:58.000Z</time></trkpt>
      <trkpt lat="52.732973" lon="-1.343125"><ele>160.9</ele><time>2025-10-20T12:23:59.000Z</time></trkpt>
      <trkpt lat="52.732980" lon="-1.343141"><ele>160.9</ele><time>2025-10-20T12:24:00.000Z</time></trkpt>
      <trkpt lat="52.732989" lon="-1.343160"><ele>160.9</ele><time>2025-10-20T12:24:01.000Z</time></trkpt>
      <trkpt lat="52.732998" lon="-1.343182"><ele>160.9</ele><time>2025-10-20T12:24:02.000Z</time></trkpt>
      <trkpt lat="52.733006" lon="-1.343204"><ele>160.9</ele><time>2025-10-20T12:24:03.000Z</time></trkpt>
      <trkpt lat="52.733013" lon="-1.343222"><ele>160.9</ele><time>2025-10-20T12:24:04.000Z</time></trkpt>
      <trkpt lat="52.733019" lon="-1.343239"><ele>160.9</ele><time>2025-10-20T12:24:05.000Z</time></trkpt>
      <trkpt lat="52.733026" lon="-1.343254"><ele>160.9</ele><time>2025-10-20T12:24:06.000Z</time></trkpt>
      <trkpt lat="52.733032" lon="-1.343271"><ele>160.9</ele><time>2025-10-20T12:24:07.000Z</time></trkpt>
      <trkpt lat="52.733038" lon="-1.343289"><ele>160.9</ele><time>2025-10-20T12:24:08.000Z</time></trkpt>
      <trkpt lat="52.733044" lon="-1.343308"><ele>160.9</ele><time>2025-10-20T12:24:09.000Z</time></trkpt>
      <trkpt lat="52.733050" lon="-1.343327"><ele>160.9</ele><time>2025-10-20T12:24:10.000Z</time></trkpt>
      <trkpt lat="52.733055" lon="-1.343343"><ele>160.9</ele><time>2025-10-20T12:24:11.000Z</time></trkpt>
      <trkpt lat="52.733060" lon="-1.343356"><ele>160.9</ele><time>2025-10-20T12:24:12.000Z</time></trkpt>
      <trkpt lat="52.733066" lon="-1.343371"><ele>160.9</ele><time>2025-10-20T12:24:13.000Z</time></trkpt>
      <trkpt lat="52.733073" lon="-1.343387"><ele>160.9</ele><time>2025-10-20T12:24:14.000Z</time></trkpt>
      <trkpt lat="52.733080" lon="-1.343401"><ele>160.9</ele><time>2025-10-20T12:24:15.000Z</time></trkpt>
      <trkpt lat="52.733087" lon="-1.343411"><ele>160.9</ele><time>2025-10-20T12:24:16.000Z</time></trkpt>
      <trkpt lat="52.733095" lon="-1.343420"><ele>160.9</ele><time>2025-10-20T12:24:17.000Z</time></trkpt>
      <trkpt lat="52.733103" lon="-1.343430"><ele>160.9</ele><time>2025-10-20T12:24:18.000Z</time></trkpt>
      <trkpt lat="52.733112" lon="-1.343439"><ele>160.9</ele><time>2025-10-20T12:24:19.000Z</time></trkpt>
      <trkpt lat="52.733119" lon="-1.343446"><ele>160.9</ele><time>2025-10-20T12:24:20.000Z</time></trkpt>
      <trkpt lat="52.733126" lon="-1.343452"><ele>160.9</ele><time>2025-10-20T12:24:21.000Z</time></trkpt>
      <trkpt lat="52.733133" lon="-1.343457"><ele>160.9</ele><time>2025-10-20T12:24:22.000Z</time></trkpt>
      <trkpt lat="52.733139" lon="-1.343462"><ele>160.9</ele><time>2025-10-20T12:24:23.000Z</time></trkpt>
      <trkpt lat="52.733143" lon="-1.343464"><ele>160.9</ele><time>2025-10-20T12:24:24.000Z</time></trkpt>
      <trkpt lat="52.733144" lon="-1.343464"><ele>160.9</ele><time>2025-10-20T12:24:25.000Z</time></trkpt>
      <trkpt lat="52.733145" lon="-1.343463"><ele>160.9</ele><time>2025-10-20T12:24:26.000Z</time></trkpt>
      <trkpt lat="52.733145" lon="-1.343462"><ele>160.9</ele><time>2025-10-20T12:24:27.000Z</time></trkpt>
      <trkpt lat="52.733146" lon="-1.343462"><ele>160.9</ele><time>2025-10-20T12:24:28.000Z</time></trkpt>
      <trkpt lat="52.733146" lon="-1.343462"><ele>161.0</ele><time>2025-10-20T12:24:29.000Z</time></trkpt>
      <trkpt lat="52.733147" lon="-1.343462"><ele>161.0</ele><time>2025-10-20T12:24:30.000Z</time></trkpt>
      <trkpt lat="52.733147" lon="-1.343463"><ele>161.0</ele><time>2025-10-20T12:24:31.000Z</time></trkpt>
      <trkpt lat="52.733148" lon="-1.343464"><ele>161.0</ele><time>2025-10-20T12:24:32.000Z</time></trkpt>
      <trkpt lat="52.733149" lon="-1.343465"><ele>161.0</ele><time>2025-10-20T12:24:33.000Z</time></trkpt>
      <trkpt lat="52.733150" lon="-1.343466"><ele>160.9</ele><time>2025-10-20T12:24:34.000Z</time></trkpt>
      <trkpt lat="52.733153" lon="-1.343468"><ele>160.9</ele><time>2025-10-20T12:24:35.000Z</time></trkpt>
      <trkpt lat="52.733158" lon="-1.343470"><ele>160.9</ele><time>2025-10-20T12:24:36.000Z</time></trkpt>
      <trkpt lat="52.733166" lon="-1.343472"><ele>160.9</ele><time>2025-10-20T12:24:37.000Z</time></trkpt>
      <trkpt lat="52.733176" lon="-1.343472"><ele>160.9</ele><time>2025-10-20T12:24:38.000Z</time></trkpt>
      <trkpt lat="52.733186" lon="-1.343470"><ele>160.9</ele><time>2025-10-20T12:24:39.000Z</time></trkpt>
      <trkpt lat="52.733196" lon="-1.343466"><ele>160.9</ele><time>2025-10-20T12:24:40.000Z</time></trkpt>
      <trkpt lat="52.733205" lon="-1.343459"><ele>160.9</ele><time>2025-10-20T12:24:41.000Z</time></trkpt>
      <trkpt lat="52.733212" lon="-1.343452"><ele>160.8</ele><time>2025-10-20T12:24:42.000Z</time></trkpt>
      <trkpt lat="52.733219" lon="-1.343446"><ele>160.8</ele><time>2025-10-20T12:24:43.000Z</time></trkpt>
      <trkpt lat="52.733227" lon="-1.343440"><ele>160.8</ele><time>2025-10-20T12:24:44.000Z</time></trkpt>
      <trkpt lat="52.733235" lon="-1.343434"><ele>160.8</ele><time>2025-10-20T12:24:45.000Z</time></trkpt>
      <trkpt lat="52.733244" lon="-1.343428"><ele>160.8</ele><time>2025-10-20T12:24:46.000Z</time></trkpt>
      <trkpt lat="52.733252" lon="-1.343422"><ele>160.8</ele><time>2025-10-20T12:24:47.000Z</time></trkpt>
      <trkpt lat="52.733260" lon="-1.343414"><ele>160.8</ele><time>2025-10-20T12:24:48.000Z</time></trkpt>
      <trkpt lat="52.733269" lon="-1.343405"><ele>160.7</ele><time>2025-10-20T12:24:49.000Z</time></trkpt>
      <trkpt lat="52.733278" lon="-1.343395"><ele>160.7</ele><time>2025-10-20T12:24:50.000Z</time></trkpt>
      <trkpt lat="52.733288" lon="-1.343386"><ele>160.7</ele><time>2025-10-20T12:24:51.000Z</time></trkpt>
      <trkpt lat="52.733297" lon="-1.343376"><ele>160.6</ele><time>2025-10-20T12:24:52.000Z</time></trkpt>
      <trkpt lat="52.733307" lon="-1.343368"><ele>160.6</ele><time>2025-10-20T12:24:53.000Z</time></trkpt>
      <trkpt lat="52.733317" lon="-1.343359"><ele>160.5</ele><time>2025-10-20T12:24:54.000Z</time></trkpt>
      <trkpt lat="52.733327" lon="-1.343352"><ele>160.4</ele><time>2025-10-20T12:24:55.000Z</time></trkpt>
      <trkpt lat="52.733337" lon="-1.343345"><ele>160.4</ele><time>2025-10-20T12:24:56.000Z</time></trkpt>
      <trkpt lat="52.733346" lon="-1.343338"><ele>160.3</ele><time>2025-10-20T12:24:57.000Z</time></trkpt>
      <trkpt lat="52.733356" lon="-1.343331"><ele>160.2</ele><time>2025-10-20T12:24:58.000Z</time></trkpt>
      <trkpt lat="52.733365" lon="-1.343325"><ele>160.1</ele><time>2025-10-20T12:24:59.000Z</time></trkpt>
      <trkpt lat="52.733374" lon="-1.343319"><ele>160.0</ele><time>2025-10-20T12:25:00.000Z</time></trkpt>
      <trkpt lat="52.733381" lon="-1.343313"><ele>159.9</ele><time>2025-10-20T12:25:01.000Z</time></trkpt>
      <trkpt lat="52.733387" lon="-1.343307"><ele>159.8</ele><time>2025-10-20T12:25:02.000Z</time></trkpt>
      <trkpt lat="52.733394" lon="-1.343299"><ele>159.7</ele><time>2025-10-20T12:25:03.000Z</time></trkpt>
      <trkpt lat="52.733402" lon="-1.343289"><ele>159.6</ele><time>2025-10-20T12:25:04.000Z</time></trkpt>
      <trkpt lat="52.733410" lon="-1.343277"><ele>159.5</ele><time>2025-10-20T12:25:05.000Z</time></trkpt>
      <trkpt lat="52.733417" lon="-1.343264"><ele>159.4</ele><time>2025-10-20T12:25:06.000Z</time></trkpt>
      <trkpt lat="52.733423" lon="-1.343252"><ele>159.3</ele><time>2025-10-20T12:25:07.000Z</time></trkpt>
      <trkpt lat="52.733427" lon="-1.343242"><ele>159.2</ele><time>2025-10-20T12:25:08.000Z</time></trkpt>
      <trkpt lat="52.733430" lon="-1.343233"><ele>159.1</ele><time>2025-10-20T12:25:09.000Z</time></trkpt>
      <trkpt lat="52.733432" lon="-1.343226"><ele>159.1</ele><time>2025-10-20T12:25:10.000Z</time></trkpt>
      <trkpt lat="52.733436" lon="-1.343220"><ele>159.0</ele><time>2025-10-20T12:25:11.000Z</time></trkpt>
      <trkpt lat="52.733440" lon="-1.343215"><ele>159.0</ele><time>2025-10-20T12:25:12.000Z</time></trkpt>
      <trkpt lat="52.733444" lon="-1.343211"><ele>159.1</ele><time>2025-10-20T12:25:13.000Z</time></trkpt>
      <trkpt lat="52.733449" lon="-1.343209"><ele>159.2</ele><time>2025-10-20T12:25:14.000Z</time></trkpt>
      <trkpt lat="52.733454" lon="-1.343210"><ele>159.4</ele><time>2025-10-20T12:25:15.000Z</time></trkpt>
      <trkpt lat="52.733459" lon="-1.343215"><ele>159.6</ele><time>2025-10-20T12:25:16.000Z</time></trkpt>
      <trkpt lat="52.733466" lon="-1.343223"><ele>159.8</ele><time>2025-10-20T12:25:17.000Z</time></trkpt>
      <trkpt lat="52.733476" lon="-1.343234"><ele>160.1</ele><time>2025-10-20T12:25:18.000Z</time></trkpt>
      <trkpt lat="52.733486" lon="-1.343247"><ele>160.3</ele><time>2025-10-20T12:25:19.000Z</time></trkpt>
      <trkpt lat="52.733496" lon="-1.343259"><ele>160.5</ele><time>2025-10-20T12:25:20.000Z</time></trkpt>
      <trkpt lat="52.733504" lon="-1.343272"><ele>160.6</ele><time>2025-10-20T12:25:21.000Z</time></trkpt>
      <trkpt lat="52.733513" lon="-1.343285"><ele>160.6</ele><time>2025-10-20T12:25:22.000Z</time></trkpt>
      <trkpt lat="52.733520" lon="-1.343298"><ele>160.6</ele><time>2025-10-20T12:25:23.000Z</time></trkpt>
      <trkpt lat="52.733527" lon="-1.343312"><ele>160.6</ele><time>2025-10-20T12:25:24.000Z</time></trkpt>
      <trkpt lat="52.733536" lon="-1.343327"><ele>160.5</ele><time>2025-10-20T12:25:25.000Z</time></trkpt>
      <trkpt lat="52.733545" lon="-1.343343"><ele>160.5</ele><time>2025-10-20T12:25:26.000Z</time></trkpt>
      <trkpt lat="52.733555" lon="-1.343361"><ele>160.4</ele><time>2025-10-20T12:25:27.000Z</time></trkpt>
      <trkpt lat="52.733564" lon="-1.343378"><ele>160.4</ele><time>2025-10-20T12:25:28.000Z</time></trkpt>
      <trkpt lat="52.733573" lon="-1.343396"><ele>160.4</ele><time>2025-10-20T12:25:29.000Z</time></trkpt>
      <trkpt lat="52.733582" lon="-1.343412"><ele>160.3</ele><time>2025-10-20T12:25:30.000Z</time></trkpt>
      <trkpt lat="52.733591" lon="-1.343428"><ele>160.3</ele><time>2025-10-20T12:25:31.000Z</time></trkpt>
      <trkpt lat="52.733599" lon="-1.343444"><ele>160.3</ele><time>2025-10-20T12:25:32.000Z</time></trkpt>
      <trkpt lat="52.733608" lon="-1.343458"><ele>160.3</ele><time>2025-10-20T12:25:33.000Z</time></trkpt>
      <trkpt lat="52.733617" lon="-1.343472"><ele>160.3</ele><time>2025-10-20T12:25:34.000Z</time></trkpt>
      <trkpt lat="52.733628" lon="-1.343487"><ele>160.3</ele><time>2025-10-20T12:25:35.000Z</time></trkpt>
      <trkpt lat="52.733637" lon="-1.343502"><ele>160.3</ele><time>2025-10-20T12:25:36.000Z</time></trkpt>
      <trkpt lat="52.733646" lon="-1.343518"><ele>160.3</ele><time>2025-10-20T12:25:37.000Z</time></trkpt>
      <trkpt lat="52.733655" lon="-1.343534"><ele>160.3</ele><time>2025-10-20T12:25:38.000Z</time></trkpt>
      <trkpt lat="52.733662" lon="-1.343551"><ele>160.3</ele><time>2025-10-20T12:25:39.000Z</time></trkpt>
      <trkpt lat="52.733670" lon="-1.343568"><ele>160.3</ele><time>2025-10-20T12:25:40.000Z</time></trkpt>
      <trkpt lat="52.733677" lon="-1.343586"><ele>160.3</ele><time>2025-10-20T12:25:41.000Z</time></trkpt>
      <trkpt lat="52.733683" lon="-1.343603"><ele>160.3</ele><time>2025-10-20T12:25:42.000Z</time></trkpt>
      <trkpt lat="52.733689" lon="-1.343621"><ele>160.3</ele><time>2025-10-20T12:25:43.000Z</time></trkpt>
      <trkpt lat="52.733695" lon="-1.343637"><ele>160.3</ele><time>2025-10-20T12:25:44.000Z</time></trkpt>
      <trkpt lat="52.733700" lon="-1.343653"><ele>160.3</ele><time>2025-10-20T12:25:45.000Z</time></trkpt>
      <trkpt lat="52.733704" lon="-1.343668"><ele>160.3</ele><time>2025-10-20T12:25:46.000Z</time></trkpt>
      <trkpt lat="52.733709" lon="-1.343685"><ele>160.3</ele><time>2025-10-20T12:25:47.000Z</time></trkpt>
      <trkpt lat="52.733715" lon="-1.343701"><ele>160.3</ele><time>2025-10-20T12:25:48.000Z</time></trkpt>
      <trkpt lat="52.733721" lon="-1.343714"><ele>160.3</ele><time>2025-10-20T12:25:49.000Z</time></trkpt>
      <trkpt lat="52.733728" lon="-1.343725"><ele>160.3</ele><time>2025-10-20T12:25:50.000Z</time></trkpt>
      <trkpt lat="52.733735" lon="-1.343736"><ele>160.3</ele><time>2025-10-20T12:25:51.000Z</time></trkpt>
      <trkpt lat="52.733741" lon="-1.343746"><ele>160.3</ele><time>2025-10-20T12:25:52.000Z</time></trkpt>
      <trkpt lat="52.733746" lon="-1.343755"><ele>160.3</ele><time>2025-10-20T12:25:53.000Z</time></trkpt>
      <trkpt lat="52.733751" lon="-1.343767"><ele>160.3</ele><time>2025-10-20T12:25:54.000Z</time></trkpt>
      <trkpt lat="52.733757" lon="-1.343782"><ele>160.3</ele><time>2025-10-20T12:25:55.000Z</time></trkpt>
      <trkpt lat="52.733764" lon="-1.343798"><ele>160.3</ele><time>2025-10-20T12:25:56.000Z</time></trkpt>
      <trkpt lat="52.733772" lon="-1.343813"><ele>160.2</ele><time>2025-10-20T12:25:57.000Z</time></trkpt>
      <trkpt lat="52.733778" lon="-1.343828"><ele>160.2</ele><time>2025-10-20T12:25:58.000Z</time></trkpt>
      <trkpt lat="52.733785" lon="-1.343842"><ele>160.2</ele><time>2025-10-20T12:25:59.000Z</time></trkpt>
      <trkpt lat="52.733792" lon="-1.343856"><ele>160.2</ele><time>2025-10-20T12:26:00.000Z</time></trkpt>
      <trkpt lat="52.733799" lon="-1.343871"><ele>160.2</ele><time>2025-10-20T12:26:01.000Z</time></trkpt>
      <trkpt lat="52.733805" lon="-1.343886"><ele>160.2</ele><time>2025-10-20T12:26:02.000Z</time></trkpt>
      <trkpt lat="52.733812" lon="-1.343903"><ele>160.2</ele><time>2025-10-20T12:26:03.000Z</time></trkpt>
      <trkpt lat="52.733820" lon="-1.343919"><ele>160.2</ele><time>2025-10-20T12:26:04.000Z</time></trkpt>
      <trkpt lat="52.733828" lon="-1.343936"><ele>160.2</ele><time>2025-10-20T12:26:05.000Z</time></trkpt>
      <trkpt lat="52.733836" lon="-1.343952"><ele>160.2</ele><time>2025-10-20T12:26:06.000Z</time></trkpt>
      <trkpt lat="52.733845" lon="-1.343968"><ele>160.2</ele><time>2025-10-20T12:26:07.000Z</time></trkpt>
      <trkpt lat="52.733851" lon="-1.343982"><ele>160.2</ele><time>2025-10-20T12:26:08.000Z</time></trkpt>
      <trkpt lat="52.733856" lon="-1.343997"><ele>160.2</ele><time>2025-10-20T12:26:09.000Z</time></trkpt>
      <trkpt lat="52.733858" lon="-1.344011"><ele>160.3</ele><time>2025-10-20T12:26:10.000Z</time></trkpt>
      <trkpt lat="52.733860" lon="-1.344028"><ele>160.3</ele><time>2025-10-20T12:26:11.000Z</time></trkpt>
      <trkpt lat="52.733861" lon="-1.344047"><ele>160.3</ele><time>2025-10-20T12:26:12.000Z</time></trkpt>
      <trkpt lat="52.733862" lon="-1.344067"><ele>160.3</ele><time>2025-10-20T12:26:13.000Z</time></trkpt>
      <trkpt lat="52.733861" lon="-1.344087"><ele>160.3</ele><time>2025-10-20T12:26:14.000Z</time></trkpt>
      <trkpt lat="52.733859" lon="-1.344108"><ele>160.3</ele><time>2025-10-20T12:26:15.000Z</time></trkpt>
      <trkpt lat="52.733858" lon="-1.344129"><ele>160.2</ele><time>2025-10-20T12:26:16.000Z</time></trkpt>
      <trkpt lat="52.733856" lon="-1.344149"><ele>160.2</ele><time>2025-10-20T12:26:17.000Z</time></trkpt>
      <trkpt lat="52.733856" lon="-1.344167"><ele>160.2</ele><time>2025-10-20T12:26:18.000Z</time></trkpt>
      <trkpt lat="52.733855" lon="-1.344183"><ele>160.1</ele><time>2025-10-20T12:26:19.000Z</time></trkpt>
      <trkpt lat="52.733855" lon="-1.344200"><ele>160.1</ele><time>2025-10-20T12:26:20.000Z</time></trkpt>
      <trkpt lat="52.733855" lon="-1.344219"><ele>160.1</ele><time>2025-10-20T12:26:21.000Z</time></trkpt>
      <trkpt lat="52.733854" lon="-1.344238"><ele>160.0</ele><time>2025-10-20T12:26:22.000Z</time></trkpt>
      <trkpt lat="52.733854" lon="-1.344258"><ele>160.0</ele><time>2025-10-20T12:26:23.000Z</time></trkpt>
      <trkpt lat="52.733852" lon="-1.344277"><ele>160.0</ele><time>2025-10-20T12:26:24.000Z</time></trkpt>
      <trkpt lat="52.733849" lon="-1.344297"><ele>160.0</ele><time>2025-10-20T12:26:25.000Z</time></trkpt>
      <trkpt lat="52.733845" lon="-1.344318"><ele>159.9</ele><time>2025-10-20T12:26:26.000Z</time></trkpt>
      <trkpt lat="52.733840" lon="-1.344339"><ele>159.9</ele><time>2025-10-20T12:26:27.000Z</time></trkpt>
      <trkpt lat="52.733835" lon="-1.344362"><ele>159.8</ele><time>2025-10-20T12:26:28.000Z</time></trkpt>
      <trkpt lat="52.733830" lon="-1.344384"><ele>159.8</ele><time>2025-10-20T12:26:29.000Z</time></trkpt>
      <trkpt lat="52.733826" lon="-1.344405"><ele>159.7</ele><time>2025-10-20T12:26:30.000Z</time></trkpt>
      <trkpt lat="52.733822" lon="-1.344426"><ele>159.7</ele><time>2025-10-20T12:26:31.000Z</time></trkpt>
      <trkpt lat="52.733819" lon="-1.344448"><ele>159.6</ele><time>2025-10-20T12:26:32.000Z</time></trkpt>
      <trkpt lat="52.733816" lon="-1.344472"><ele>159.6</ele><time>2025-10-20T12:26:33.000Z</time></trkpt>
      <trkpt lat="52.733815" lon="-1.344495"><ele>159.5</ele><time>2025-10-20T12:26:34.000Z</time></trkpt>
      <trkpt lat="52.733815" lon="-1.344516"><ele>159.5</ele><time>2025-10-20T12:26:35.000Z</time></trkpt>
      <trkpt lat="52.733815" lon="-1.344534"><ele>159.5</ele><time>2025-10-20T12:26:36.000Z</time></trkpt>
      <trkpt lat="52.733816" lon="-1.344552"><ele>159.4</ele><time>2025-10-20T12:26:37.000Z</time></trkpt>
      <trkpt lat="52.733817" lon="-1.344574"><ele>159.4</ele><time>2025-10-20T12:26:38.000Z</time></trkpt>
      <trkpt lat="52.733820" lon="-1.344598"><ele>159.3</ele><time>2025-10-20T12:26:39.000Z</time></trkpt>
      <trkpt lat="52.733823" lon="-1.344622"><ele>159.3</ele><time>2025-10-20T12:26:40.000Z</time></trkpt>
      <trkpt lat="52.733827" lon="-1.344645"><ele>159.2</ele><time>2025-10-20T12:26:41.000Z</time></trkpt>
      <trkpt lat="52.733831" lon="-1.344668"><ele>159.2</ele><time>2025-10-20T12:26:42.000Z</time></trkpt>
      <trkpt lat="52.733835" lon="-1.344691"><ele>159.1</ele><time>2025-10-20T12:26:43.000Z</time></trkpt>
      <trkpt lat="52.733838" lon="-1.344713"><ele>159.1</ele><time>2025-10-20T12:26:44.000Z</time></trkpt>
      <trkpt lat="52.733840" lon="-1.344734"><ele>159.0</ele><time>2025-10-20T12:26:45.000Z</time></trkpt>
      <trkpt lat="52.733842" lon="-1.344753"><ele>159.0</ele><time>2025-10-20T12:26:46.000Z</time></trkpt>
      <trkpt lat="52.733844" lon="-1.344774"><ele>158.9</ele><time>2025-10-20T12:26:47.000Z</time></trkpt>
      <trkpt lat="52.733847" lon="-1.344794"><ele>158.9</ele><time>2025-10-20T12:26:48.000Z</time></trkpt>
      <trkpt lat="52.733851" lon="-1.344814"><ele>158.8</ele><time>2025-10-20T12:26:49.000Z</time></trkpt>
      <trkpt lat="52.733856" lon="-1.344833"><ele>158.8</ele><time>2025-10-20T12:26:50.000Z</time></trkpt>
      <trkpt lat="52.733861" lon="-1.344851"><ele>158.7</ele><time>2025-10-20T12:26:51.000Z</time></trkpt>
      <trkpt lat="52.733868" lon="-1.344867"><ele>158.7</ele><time>2025-10-20T12:26:52.000Z</time></trkpt>
      <trkpt lat="52.733877" lon="-1.344881"><ele>158.7</ele><time>2025-10-20T12:26:53.000Z</time></trkpt>
      <trkpt lat="52.733887" lon="-1.344891"><ele>158.6</ele><time>2025-10-20T12:26:54.000Z</time></trkpt>
      <trkpt lat="52.733897" lon="-1.344899"><ele>158.6</ele><time>2025-10-20T12:26:55.000Z</time></trkpt>
      <trkpt lat="52.733908" lon="-1.344904"><ele>158.6</ele><time>2025-10-20T12:26:56.000Z</time></trkpt>
      <trkpt lat="52.733919" lon="-1.344907"><ele>158.6</ele><time>2025-10-20T12:26:57.000Z</time></trkpt>
      <trkpt lat="52.733929" lon="-1.344910"><ele>158.6</ele><time>2025-10-20T12:26:58.000Z</time></trkpt>
      <trkpt lat="52.733940" lon="-1.344915"><ele>158.6</ele><time>2025-10-20T12:26:59.000Z</time></trkpt>
      <trkpt lat="52.733950" lon="-1.344921"><ele>158.6</ele><time>2025-10-20T12:27:00.000Z</time></trkpt>
      <trkpt lat="52.733960" lon="-1.344928"><ele>158.7</ele><time>2025-10-20T12:27:01.000Z</time></trkpt>
      <trkpt lat="52.733969" lon="-1.344936"><ele>158.7</ele><time>2025-10-20T12:27:02.000Z</time></trkpt>
      <trkpt lat="52.733979" lon="-1.344947"><ele>158.7</ele><time>2025-10-20T12:27:03.000Z</time></trkpt>
      <trkpt lat="52.733990" lon="-1.344961"><ele>158.7</ele><time>2025-10-20T12:27:04.000Z</time></trkpt>
      <trkpt lat="52.734000" lon="-1.344977"><ele>158.7</ele><time>2025-10-20T12:27:05.000Z</time></trkpt>
      <trkpt lat="52.734009" lon="-1.344993"><ele>158.7</ele><time>2025-10-20T12:27:06.000Z</time></trkpt>
      <trkpt lat="52.734017" lon="-1.345011"><ele>158.7</ele><time>2025-10-20T12:27:07.000Z</time></trkpt>
      <trkpt lat="52.734024" lon="-1.345029"><ele>158.7</ele><time>2025-10-20T12:27:08.000Z</time></trkpt>
      <trkpt lat="52.734031" lon="-1.345050"><ele>158.6</ele><time>2025-10-20T12:27:09.000Z</time></trkpt>
      <trkpt lat="52.734038" lon="-1.345073"><ele>158.6</ele><time>2025-10-20T12:27:10.000Z</time></trkpt>
      <trkpt lat="52.734044" lon="-1.345095"><ele>158.6</ele><time>2025-10-20T12:27:11.000Z</time></trkpt>
      <trkpt lat="52.734050" lon="-1.345116"><ele>158.6</ele><time>2025-10-20T12:27:12.000Z</time></trkpt>
      <trkpt lat="52.734055" lon="-1.345135"><ele>158.6</ele><time>2025-10-20T12:27:13.000Z</time></trkpt>
      <trkpt lat="52.734059" lon="-1.345151"><ele>158.6</ele><time>2025-10-20T12:27:14.000Z</time></trkpt>
      <trkpt lat="52.734063" lon="-1.345167"><ele>158.6</ele><time>2025-10-20T12:27:15.000Z</time></trkpt>
      <trkpt lat="52.734067" lon="-1.345184"><ele>158.6</ele><time>2025-10-20T12:27:16.000Z</time></trkpt>
      <trkpt lat="52.734072" lon="-1.345201"><ele>158.6</ele><time>2025-10-20T12:27:17.000Z</time></trkpt>
      <trkpt lat="52.734078" lon="-1.345217"><ele>158.5</ele><time>2025-10-20T12:27:18.000Z</time></trkpt>
      <trkpt lat="52.734084" lon="-1.345233"><ele>158.5</ele><time>2025-10-20T12:27:19.000Z</time></trkpt>
      <trkpt lat="52.734092" lon="-1.345251"><ele>158.4</ele><time>2025-10-20T12:27:20.000Z</time></trkpt>
      <trkpt lat="52.734101" lon="-1.345271"><ele>158.4</ele><time>2025-10-20T12:27:21.000Z</time></trkpt>
      <trkpt lat="52.734110" lon="-1.345289"><ele>158.3</ele><time>2025-10-20T12:27:22.000Z</time></trkpt>
      <trkpt lat="52.734120" lon="-1.345307"><ele>158.3</ele><time>2025-10-20T12:27:23.000Z</time></trkpt>
      <trkpt lat="52.734129" lon="-1.345325"><ele>158.3</ele><time>2025-10-20T12:27:24.000Z</time></trkpt>
      <trkpt lat="52.734136" lon="-1.345342"><ele>158.3</ele><time>2025-10-20T12:27:25.000Z</time></trkpt>
      <trkpt lat="52.734143" lon="-1.345359"><ele>158.2</ele><time>2025-10-20T12:27:26.000Z</time></trkpt>
      <trkpt lat="52.734150" lon="-1.345375"><ele>158.2</ele><time>2025-10-20T12:27:27.000Z</time></trkpt>
      <trkpt lat="52.734157" lon="-1.345393"><ele>158.2</ele><time>2025-10-20T12:27:28.000Z</time></trkpt>
      <trkpt lat="52.734165" lon="-1.345411"><ele>158.2</ele><time>2025-10-20T12:27:29.000Z</time></trkpt>
      <trkpt lat="52.734174" lon="-1.345429"><ele>158.2</ele><time>2025-10-20T12:27:30.000Z</time></trkpt>
      <trkpt lat="52.734184" lon="-1.345447"><ele>158.2</ele><time>2025-10-20T12:27:31.000Z</time></trkpt>
      <trkpt lat="52.734193" lon="-1.345464"><ele>158.2</ele><time>2025-10-20T12:27:32.000Z</time></trkpt>
      <trkpt lat="52.734201" lon="-1.345481"><ele>158.2</ele><time>2025-10-20T12:27:33.000Z</time></trkpt>
      <trkpt lat="52.734208" lon="-1.345499"><ele>158.2</ele><time>2025-10-20T12:27:34.000Z</time></trkpt>
      <trkpt lat="52.734215" lon="-1.345517"><ele>158.2</ele><time>2025-10-20T12:27:35.000Z</time></trkpt>
      <trkpt lat="52.734222" lon="-1.345536"><ele>158.2</ele><time>2025-10-20T12:27:36.000Z</time></trkpt>
      <trkpt lat="52.734230" lon="-1.345555"><ele>158.2</ele><time>2025-10-20T12:27:37.000Z</time></trkpt>
      <trkpt lat="52.734238" lon="-1.345574"><ele>158.2</ele><time>2025-10-20T12:27:38.000Z</time></trkpt>
      <trkpt lat="52.734246" lon="-1.345592"><ele>158.2</ele><time>2025-10-20T12:27:39.000Z</time></trkpt>
      <trkpt lat="52.734255" lon="-1.345610"><ele>158.2</ele><time>2025-10-20T12:27:40.000Z</time></trkpt>
      <trkpt lat="52.734264" lon="-1.345626"><ele>158.2</ele><time>2025-10-20T12:27:41.000Z</time></trkpt>
      <trkpt lat="52.734272" lon="-1.345639"><ele>158.2</ele><time>2025-10-20T12:27:42.000Z</time></trkpt>
      <trkpt lat="52.734278" lon="-1.345651"><ele>158.1</ele><time>2025-10-20T12:27:43.000Z</time></trkpt>
      <trkpt lat="52.734285" lon="-1.345664"><ele>158.1</ele><time>2025-10-20T12:27:44.000Z</time></trkpt>
      <trkpt lat="52.734292" lon="-1.345680"><ele>158.1</ele><time>2025-10-20T12:27:45.000Z</time></trkpt>
      <trkpt lat="52.734300" lon="-1.345697"><ele>158.1</ele><time>2025-10-20T12:27:46.000Z</time></trkpt>
      <trkpt lat="52.734309" lon="-1.345717"><ele>158.0</ele><time>2025-10-20T12:27:47.000Z</time></trkpt>
      <trkpt lat="52.734317" lon="-1.345739"><ele>158.0</ele><time>2025-10-20T12:27:48.000Z</time></trkpt>
      <trkpt lat="52.734325" lon="-1.345762"><ele>158.0</ele><time>2025-10-20T12:27:49.000Z</time></trkpt>
      <trkpt lat="52.734331" lon="-1.345783"><ele>158.0</ele><time>2025-10-20T12:27:50.000Z</time></trkpt>
      <trkpt lat="52.734337" lon="-1.345803"><ele>157.9</ele><time>2025-10-20T12:27:51.000Z</time></trkpt>
      <trkpt lat="52.734341" lon="-1.345822"><ele>157.9</ele><time>2025-10-20T12:27:52.000Z</time></trkpt>
      <trkpt lat="52.734346" lon="-1.345843"><ele>157.8</ele><time>2025-10-20T12:27:53.000Z</time></trkpt>
      <trkpt lat="52.734350" lon="-1.345866"><ele>157.8</ele><time>2025-10-20T12:27:54.000Z</time></trkpt>
      <trkpt lat="52.734353" lon="-1.345888"><ele>157.7</ele><time>2025-10-20T12:27:55.000Z</time></trkpt>
      <trkpt lat="52.734357" lon="-1.345911"><ele>157.7</ele><time>2025-10-20T12:27:56.000Z</time></trkpt>
      <trkpt lat="52.734361" lon="-1.345934"><ele>157.6</ele><time>2025-10-20T12:27:57.000Z</time></trkpt>
      <trkpt lat="52.734365" lon="-1.345954"><ele>157.6</ele><time>2025-10-20T12:27:58.000Z</time></trkpt>
      <trkpt lat="52.734369" lon="-1.345973"><ele>157.5</ele><time>2025-10-20T12:27:59.000Z</time></trkpt>
      <trkpt lat="52.734374" lon="-1.345992"><ele>157.5</ele><time>2025-10-20T12:28:00.000Z</time></trkpt>
      <trkpt lat="52.734379" lon="-1.346014"><ele>157.4</ele><time>2025-10-20T12:28:01.000Z</time></trkpt>
      <trkpt lat="52.734385" lon="-1.346036"><ele>157.4</ele><time>2025-10-20T12:28:02.000Z</time></trkpt>
      <trkpt lat="52.734389" lon="-1.346059"><ele>157.3</ele><time>2025-10-20T12:28:03.000Z</time></trkpt>
      <trkpt lat="52.734394" lon="-1.346080"><ele>157.3</ele><time>2025-10-20T12:28:04.000Z</time></trkpt>
      <trkpt lat="52.734397" lon="-1.346097"><ele>157.3</ele><time>2025-10-20T12:28:05.000Z</time></trkpt>
      <trkpt lat="52.734401" lon="-1.346112"><ele>157.2</ele><time>2025-10-20T12:28:06.000Z</time></trkpt>
      <trkpt lat="52.734406" lon="-1.346125"><ele>157.2</ele><time>2025-10-20T12:28:07.000Z</time></trkpt>
      <trkpt lat="52.734411" lon="-1.346139"><ele>157.1</ele><time>2025-10-20T12:28:08.000Z</time></trkpt>
      <trkpt lat="52.734417" lon="-1.346154"><ele>157.0</ele><time>2025-10-20T12:28:09.000Z</time></trkpt>
      <trkpt lat="52.734424" lon="-1.346167"><ele>157.0</ele><time>2025-10-20T12:28:10.000Z</time></trkpt>
      <trkpt lat="52.734431" lon="-1.346181"><ele>156.9</ele><time>2025-10-20T12:28:11.000Z</time></trkpt>
      <trkpt lat="52.734440" lon="-1.346197"><ele>156.8</ele><time>2025-10-20T12:28:12.000Z</time></trkpt>
      <trkpt lat="52.734450" lon="-1.346215"><ele>156.8</ele><time>2025-10-20T12:28:13.000Z</time></trkpt>
      <trkpt lat="52.734459" lon="-1.346235"><ele>156.8</ele><time>2025-10-20T12:28:14.000Z</time></trkpt>
      <trkpt lat="52.734468" lon="-1.346252"><ele>156.8</ele><time>2025-10-20T12:28:14.000Z</time></trkpt>
      <trkpt lat="52.734477" lon="-1.346268"><ele>156.9</ele><time>2025-10-20T12:28:15.000Z</time></trkpt>
      <trkpt lat="52.734487" lon="-1.346283"><ele>156.9</ele><time>2025-10-20T12:28:16.000Z</time></trkpt>
      <trkpt lat="52.734496" lon="-1.346298"><ele>156.9</ele><time>2025-10-20T12:28:17.000Z</time></trkpt>
      <trkpt lat="52.734506" lon="-1.346313"><ele>156.9</ele><time>2025-10-20T12:28:18.000Z</time></trkpt>
      <trkpt lat="52.734514" lon="-1.346329"><ele>156.8</ele><time>2025-10-20T12:28:19.000Z</time></trkpt>
      <trkpt lat="52.734523" lon="-1.346344"><ele>156.8</ele><time>2025-10-20T12:28:20.000Z</time></trkpt>
      <trkpt lat="52.734530" lon="-1.346357"><ele>156.8</ele><time>2025-10-20T12:28:21.000Z</time></trkpt>
      <trkpt lat="52.734537" lon="-1.346370"><ele>156.8</ele><time>2025-10-20T12:28:22.000Z</time></trkpt>
      <trkpt lat="52.734544" lon="-1.346385"><ele>156.8</ele><time>2025-10-20T12:28:23.000Z</time></trkpt>
      <trkpt lat="52.734551" lon="-1.346401"><ele>156.8</ele><time>2025-10-20T12:28:24.000Z</time></trkpt>
      <trkpt lat="52.734557" lon="-1.346416"><ele>156.8</ele><time>2025-10-20T12:28:25.000Z</time></trkpt>
      <trkpt lat="52.734563" lon="-1.346430"><ele>156.8</ele><time>2025-10-20T12:28:26.000Z</time></trkpt>
      <trkpt lat="52.734569" lon="-1.346444"><ele>156.7</ele><time>2025-10-20T12:28:27.000Z</time></trkpt>
      <trkpt lat="52.734575" lon="-1.346458"><ele>156.7</ele><time>2025-10-20T12:28:28.000Z</time></trkpt>
      <trkpt lat="52.734580" lon="-1.346471"><ele>156.7</ele><time>2025-10-20T12:28:29.000Z</time></trkpt>
      <trkpt lat="52.734585" lon="-1.346482"><ele>156.7</ele><time>2025-10-20T12:28:30.000Z</time></trkpt>
      <trkpt lat="52.734589" lon="-1.346494"><ele>156.7</ele><time>2025-10-20T12:28:31.000Z</time></trkpt>
      <trkpt lat="52.734596" lon="-1.346510"><ele>156.7</ele><time>2025-10-20T12:28:32.000Z</time></trkpt>
      <trkpt lat="52.734603" lon="-1.346527"><ele>156.7</ele><time>2025-10-20T12:28:33.000Z</time></trkpt>
      <trkpt lat="52.734612" lon="-1.346541"><ele>156.8</ele><time>2025-10-20T12:28:34.000Z</time></trkpt>
      <trkpt lat="52.734620" lon="-1.346551"><ele>156.8</ele><time>2025-10-20T12:28:35.000Z</time></trkpt>
      <trkpt lat="52.734629" lon="-1.346558"><ele>156.7</ele><time>2025-10-20T12:28:36.000Z</time></trkpt>
      <trkpt lat="52.734639" lon="-1.346566"><ele>156.7</ele><time>2025-10-20T12:28:37.000Z</time></trkpt>
      <trkpt lat="52.734650" lon="-1.346575"><ele>156.7</ele><time>2025-10-20T12:28:38.000Z</time></trkpt>
      <trkpt lat="52.734662" lon="-1.346585"><ele>156.6</ele><time>2025-10-20T12:28:39.000Z</time></trkpt>
      <trkpt lat="52.734674" lon="-1.346595"><ele>156.6</ele><time>2025-10-20T12:28:40.000Z</time></trkpt>
      <trkpt lat="52.734686" lon="-1.346604"><ele>156.6</ele><time>2025-10-20T12:28:41.000Z</time></trkpt>
      <trkpt lat="52.734698" lon="-1.346613"><ele>156.6</ele><time>2025-10-20T12:28:42.000Z</time></trkpt>
      <trkpt lat="52.734709" lon="-1.346624"><ele>156.6</ele><time>2025-10-20T12:28:43.000Z</time></trkpt>
      <trkpt lat="52.734720" lon="-1.346638"><ele>156.7</ele><time>2025-10-20T12:28:44.000Z</time></trkpt>
      <trkpt lat="52.734730" lon="-1.346653"><ele>156.7</ele><time>2025-10-20T12:28:45.000Z</time></trkpt>
      <trkpt lat="52.734740" lon="-1.346669"><ele>156.7</ele><time>2025-10-20T12:28:46.000Z</time></trkpt>
      <trkpt lat="52.734750" lon="-1.346684"><ele>156.7</ele><time>2025-10-20T12:28:47.000Z</time></trkpt>
      <trkpt lat="52.734759" lon="-1.346696"><ele>156.7</ele><time>2025-10-20T12:28:48.000Z</time></trkpt>
      <trkpt lat="52.734768" lon="-1.346708"><ele>156.7</ele><time>2025-10-20T12:28:49.000Z</time></trkpt>
      <trkpt lat="52.734775" lon="-1.346721"><ele>156.6</ele><time>2025-10-20T12:28:50.000Z</time></trkpt>
      <trkpt lat="52.734781" lon="-1.346732"><ele>156.6</ele><time>2025-10-20T12:28:51.000Z</time></trkpt>
      <trkpt lat="52.734786" lon="-1.346742"><ele>156.6</ele><time>2025-10-20T12:28:52.000Z</time></trkpt>
      <trkpt lat="52.734792" lon="-1.346752"><ele>156.5</ele><time>2025-10-20T12:28:53.000Z</time></trkpt>
      <trkpt lat="52.734798" lon="-1.346762"><ele>156.5</ele><time>2025-10-20T12:28:54.000Z</time></trkpt>
      <trkpt lat="52.734807" lon="-1.346772"><ele>156.4</ele><time>2025-10-20T12:28:55.000Z</time></trkpt>
      <trkpt lat="52.734817" lon="-1.346780"><ele>156.4</ele><time>2025-10-20T12:28:56.000Z</time></trkpt>
      <trkpt lat="52.734827" lon="-1.346790"><ele>156.4</ele><time>2025-10-20T12:28:57.000Z</time></trkpt>
      <trkpt lat="52.734835" lon="-1.346800"><ele>156.4</ele><time>2025-10-20T12:28:58.000Z</time></trkpt>
      <trkpt lat="52.734842" lon="-1.346809"><ele>156.4</ele><time>2025-10-20T12:28:59.000Z</time></trkpt>
      <trkpt lat="52.734848" lon="-1.346819"><ele>156.4</ele><time>2025-10-20T12:29:00.000Z</time></trkpt>
      <trkpt lat="52.734855" lon="-1.346830"><ele>156.4</ele><time>2025-10-20T12:29:01.000Z</time></trkpt>
      <trkpt lat="52.734864" lon="-1.346843"><ele>156.4</ele><time>2025-10-20T12:29:02.000Z</time></trkpt>
      <trkpt lat="52.734873" lon="-1.346857"><ele>156.3</ele><time>2025-10-20T12:29:03.000Z</time></trkpt>
      <trkpt lat="52.734881" lon="-1.346870"><ele>156.3</ele><time>2025-10-20T12:29:04.000Z</time></trkpt>
      <trkpt lat="52.734888" lon="-1.346883"><ele>156.3</ele><time>2025-10-20T12:29:05.000Z</time></trkpt>
      <trkpt lat="52.734895" lon="-1.346895"><ele>156.3</ele><time>2025-10-20T12:29:06.000Z</time></trkpt>
      <trkpt lat="52.734902" lon="-1.346905"><ele>156.3</ele><time>2025-10-20T12:29:07.000Z</time></trkpt>
      <trkpt lat="52.734910" lon="-1.346914"><ele>156.3</ele><time>2025-10-20T12:29:08.000Z</time></trkpt>
      <trkpt lat="52.734919" lon="-1.346923"><ele>156.3</ele><time>2025-10-20T12:29:09.000Z</time></trkpt>
      <trkpt lat="52.734929" lon="-1.346933"><ele>156.3</ele><time>2025-10-20T12:29:10.000Z</time></trkpt>
      <trkpt lat="52.734939" lon="-1.346944"><ele>156.3</ele><time>2025-10-20T12:29:11.000Z</time></trkpt>
      <trkpt lat="52.734949" lon="-1.346955"><ele>156.3</ele><time>2025-10-20T12:29:12.000Z</time></trkpt>
      <trkpt lat="52.734959" lon="-1.346965"><ele>156.2</ele><time>2025-10-20T12:29:13.000Z</time></trkpt>
      <trkpt lat="52.734969" lon="-1.346977"><ele>156.2</ele><time>2025-10-20T12:29:14.000Z</time></trkpt>
      <trkpt lat="52.734978" lon="-1.346988"><ele>156.1</ele><time>2025-10-20T12:29:15.000Z</time></trkpt>
      <trkpt lat="52.734987" lon="-1.347000"><ele>156.0</ele><time>2025-10-20T12:29:16.000Z</time></trkpt>
      <trkpt lat="52.734995" lon="-1.347012"><ele>156.0</ele><time>2025-10-20T12:29:17.000Z</time></trkpt>
      <trkpt lat="52.735004" lon="-1.347025"><ele>155.9</ele><time>2025-10-20T12:29:18.000Z</time></trkpt>
      <trkpt lat="52.735014" lon="-1.347039"><ele>155.8</ele><time>2025-10-20T12:29:19.000Z</time></trkpt>
      <trkpt lat="52.735025" lon="-1.347052"><ele>155.8</ele><time>2025-10-20T12:29:20.000Z</time></trkpt>
      <trkpt lat="52.735035" lon="-1.347064"><ele>155.7</ele><time>2025-10-20T12:29:21.000Z</time></trkpt>
      <trkpt lat="52.735044" lon="-1.347074"><ele>155.6</ele><time>2025-10-20T12:29:22.000Z</time></trkpt>
      <trkpt lat="52.735053" lon="-1.347083"><ele>155.6</ele><time>2025-10-20T12:29:23.000Z</time></trkpt>
      <trkpt lat="52.735061" lon="-1.347091"><ele>155.6</ele><time>2025-10-20T12:29:24.000Z</time></trkpt>
      <trkpt lat="52.735070" lon="-1.347099"><ele>155.6</ele><time>2025-10-20T12:29:25.000Z</time></trkpt>
      <trkpt lat="52.735079" lon="-1.347106"><ele>155.6</ele><time>2025-10-20T12:29:26.000Z</time></trkpt>
      <trkpt lat="52.735087" lon="-1.347114"><ele>155.7</ele><time>2025-10-20T12:29:27.000Z</time></trkpt>
      <trkpt lat="52.735096" lon="-1.347122"><ele>155.7</ele><time>2025-10-20T12:29:28.000Z</time></trkpt>
      <trkpt lat="52.735105" lon="-1.347132"><ele>155.8</ele><time>2025-10-20T12:29:29.000Z</time></trkpt>
      <trkpt lat="52.735115" lon="-1.347144"><ele>155.9</ele><time>2025-10-20T12:29:30.000Z</time></trkpt>
      <trkpt lat="52.735124" lon="-1.347158"><ele>156.0</ele><time>2025-10-20T12:29:31.000Z</time></trkpt>
      <trkpt lat="52.735134" lon="-1.347173"><ele>156.0</ele><time>2025-10-20T12:29:32.000Z</time></trkpt>
      <trkpt lat="52.735143" lon="-1.347188"><ele>156.0</ele><time>2025-10-20T12:29:33.000Z</time></trkpt>
      <trkpt lat="52.735152" lon="-1.347203"><ele>156.1</ele><time>2025-10-20T12:29:34.000Z</time></trkpt>
      <trkpt lat="52.735161" lon="-1.347218"><ele>156.1</ele><time>2025-10-20T12:29:35.000Z</time></trkpt>
      <trkpt lat="52.735170" lon="-1.347233"><ele>156.0</ele><time>2025-10-20T12:29:36.000Z</time></trkpt>
      <trkpt lat="52.735179" lon="-1.347249"><ele>156.0</ele><time>2025-10-20T12:29:37.000Z</time></trkpt>
      <trkpt lat="52.735187" lon="-1.347266"><ele>156.0</ele><time>2025-10-20T12:29:38.000Z</time></trkpt>
      <trkpt lat="52.735197" lon="-1.347284"><ele>156.0</ele><time>2025-10-20T12:29:39.000Z</time></trkpt>
      <trkpt lat="52.735206" lon="-1.347302"><ele>156.0</ele><time>2025-10-20T12:29:40.000Z</time></trkpt>
      <trkpt lat="52.735216" lon="-1.347320"><ele>155.9</ele><time>2025-10-20T12:29:41.000Z</time></trkpt>
      <trkpt lat="52.735225" lon="-1.347338"><ele>155.9</ele><time>2025-10-20T12:29:42.000Z</time></trkpt>
      <trkpt lat="52.735235" lon="-1.347354"><ele>155.9</ele><time>2025-10-20T12:29:43.000Z</time></trkpt>
      <trkpt lat="52.735243" lon="-1.347369"><ele>155.8</ele><time>2025-10-20T12:29:44.000Z</time></trkpt>
      <trkpt lat="52.735252" lon="-1.347383"><ele>155.8</ele><time>2025-10-20T12:29:45.000Z</time></trkpt>
      <trkpt lat="52.735261" lon="-1.347400"><ele>155.7</ele><time>2025-10-20T12:29:46.000Z</time></trkpt>
      <trkpt lat="52.735271" lon="-1.347419"><ele>155.7</ele><time>2025-10-20T12:29:47.000Z</time></trkpt>
      <trkpt lat="52.735280" lon="-1.347437"><ele>155.6</ele><time>2025-10-20T12:29:48.000Z</time></trkpt>
      <trkpt lat="52.735289" lon="-1.347454"><ele>155.6</ele><time>2025-10-20T12:29:49.000Z</time></trkpt>
      <trkpt lat="52.735297" lon="-1.347472"><ele>155.5</ele><time>2025-10-20T12:29:50.000Z</time></trkpt>
      <trkpt lat="52.735305" lon="-1.347488"><ele>155.4</ele><time>2025-10-20T12:29:51.000Z</time></trkpt>
      <trkpt lat="52.735312" lon="-1.347503"><ele>155.4</ele><time>2025-10-20T12:29:52.000Z</time></trkpt>
      <trkpt lat="52.735320" lon="-1.347518"><ele>155.3</ele><time>2025-10-20T12:29:53.000Z</time></trkpt>
      <trkpt lat="52.735328" lon="-1.347530"><ele>155.2</ele><time>2025-10-20T12:29:54.000Z</time></trkpt>
      <trkpt lat="52.735337" lon="-1.347542"><ele>155.1</ele><time>2025-10-20T12:29:55.000Z</time></trkpt>
      <trkpt lat="52.735347" lon="-1.347555"><ele>155.0</ele><time>2025-10-20T12:29:56.000Z</time></trkpt>
      <trkpt lat="52.735355" lon="-1.347567"><ele>154.9</ele><time>2025-10-20T12:29:57.000Z</time></trkpt>
      <trkpt lat="52.735362" lon="-1.347583"><ele>154.8</ele><time>2025-10-20T12:29:58.000Z</time></trkpt>
      <trkpt lat="52.735368" lon="-1.347602"><ele>154.8</ele><time>2025-10-20T12:29:59.000Z</time></trkpt>
      <trkpt lat="52.735373" lon="-1.347624"><ele>154.7</ele><time>2025-10-20T12:30:00.000Z</time></trkpt>
      <trkpt lat="52.735376" lon="-1.347647"><ele>154.7</ele><time>2025-10-20T12:30:01.000Z</time></trkpt>
      <trkpt lat="52.735379" lon="-1.347670"><ele>154.6</ele><time>2025-10-20T12:30:02.000Z</time></trkpt>
      <trkpt lat="52.735381" lon="-1.347692"><ele>154.5</ele><time>2025-10-20T12:30:03.000Z</time></trkpt>
      <trkpt lat="52.735384" lon="-1.347712"><ele>154.4</ele><time>2025-10-20T12:30:04.000Z</time></trkpt>
      <trkpt lat="52.735388" lon="-1.347731"><ele>154.4</ele><time>2025-10-20T12:30:05.000Z</time></trkpt>
      <trkpt lat="52.735393" lon="-1.347749"><ele>154.3</ele><time>2025-10-20T12:30:06.000Z</time></trkpt>
      <trkpt lat="52.735397" lon="-1.347767"><ele>154.3</ele><time>2025-10-20T12:30:07.000Z</time></trkpt>
      <trkpt lat="52.735402" lon="-1.347786"><ele>154.2</ele><time>2025-10-20T12:30:08.000Z</time></trkpt>
      <trkpt lat="52.735406" lon="-1.347804"><ele>154.2</ele><time>2025-10-20T12:30:09.000Z</time></trkpt>
      <trkpt lat="52.735410" lon="-1.347823"><ele>154.2</ele><time>2025-10-20T12:30:10.000Z</time></trkpt>
      <trkpt lat="52.735415" lon="-1.347841"><ele>154.1</ele><time>2025-10-20T12:30:11.000Z</time></trkpt>
      <trkpt lat="52.735422" lon="-1.347857"><ele>154.1</ele><time>2025-10-20T12:30:12.000Z</time></trkpt>
      <trkpt lat="52.735430" lon="-1.347872"><ele>154.0</ele><time>2025-10-20T12:30:13.000Z</time></trkpt>
      <trkpt lat="52.735436" lon="-1.347887"><ele>153.9</ele><time>2025-10-20T12:30:14.000Z</time></trkpt>
      <trkpt lat="52.735442" lon="-1.347903"><ele>153.8</ele><time>2025-10-20T12:30:15.000Z</time></trkpt>
      <trkpt lat="52.735446" lon="-1.347918"><ele>153.7</ele><time>2025-10-20T12:30:16.000Z</time></trkpt>
      <trkpt lat="52.735450" lon="-1.347933"><ele>153.6</ele><time>2025-10-20T12:30:17.000Z</time></trkpt>
      <trkpt lat="52.735454" lon="-1.347950"><ele>153.6</ele><time>2025-10-20T12:30:18.000Z</time></trkpt>
      <trkpt lat="52.735458" lon="-1.347967"><ele>153.5</ele><time>2025-10-20T12:30:19.000Z</time></trkpt>
      <trkpt lat="52.735462" lon="-1.347983"><ele>153.4</ele><time>2025-10-20T12:30:20.000Z</time></trkpt>
      <trkpt lat="52.735466" lon="-1.347998"><ele>153.3</ele><time>2025-10-20T12:30:21.000Z</time></trkpt>
      <trkpt lat="52.735470" lon="-1.348012"><ele>153.3</ele><time>2025-10-20T12:30:22.000Z</time></trkpt>
      <trkpt lat="52.735475" lon="-1.348027"><ele>153.2</ele><time>2025-10-20T12:30:23.000Z</time></trkpt>
      <trkpt lat="52.735482" lon="-1.348042"><ele>153.2</ele><time>2025-10-20T12:30:24.000Z</time></trkpt>
      <trkpt lat="52.735489" lon="-1.348059"><ele>153.2</ele><time>2025-10-20T12:30:25.000Z</time></trkpt>
      <trkpt lat="52.735497" lon="-1.348076"><ele>153.2</ele><time>2025-10-20T12:30:26.000Z</time></trkpt>
      <trkpt lat="52.735506" lon="-1.348091"><ele>153.3</ele><time>2025-10-20T12:30:27.000Z</time></trkpt>
      <trkpt lat="52.735514" lon="-1.348103"><ele>153.3</ele><time>2025-10-20T12:30:28.000Z</time></trkpt>
      <trkpt lat="52.735523" lon="-1.348116"><ele>153.4</ele><time>2025-10-20T12:30:29.000Z</time></trkpt>
      <trkpt lat="52.735531" lon="-1.348130"><ele>153.4</ele><time>2025-10-20T12:30:30.000Z</time></trkpt>
      <trkpt lat="52.735540" lon="-1.348147"><ele>153.5</ele><time>2025-10-20T12:30:31.000Z</time></trkpt>
      <trkpt lat="52.735549" lon="-1.348166"><ele>153.5</ele><time>2025-10-20T12:30:32.000Z</time></trkpt>
      <trkpt lat="52.735558" lon="-1.348184"><ele>153.6</ele><time>2025-10-20T12:30:33.000Z</time></trkpt>
      <trkpt lat="52.735566" lon="-1.348201"><ele>153.8</ele><time>2025-10-20T12:30:34.000Z</time></trkpt>
      <trkpt lat="52.735574" lon="-1.348219"><ele>153.9</ele><time>2025-10-20T12:30:35.000Z</time></trkpt>
      <trkpt lat="52.735580" lon="-1.348237"><ele>154.0</ele><time>2025-10-20T12:30:36.000Z</time></trkpt>
      <trkpt lat="52.735586" lon="-1.348258"><ele>154.1</ele><time>2025-10-20T12:30:37.000Z</time></trkpt>
      <trkpt lat="52.735591" lon="-1.348279"><ele>154.1</ele><time>2025-10-20T12:30:38.000Z</time></trkpt>
      <trkpt lat="52.735596" lon="-1.348300"><ele>154.2</ele><time>2025-10-20T12:30:40.000Z</time></trkpt>
      <trkpt lat="52.735601" lon="-1.348319"><ele>154.1</ele><time>2025-10-20T12:30:41.000Z</time></trkpt>
      <trkpt lat="52.735605" lon="-1.348339"><ele>154.1</ele><time>2025-10-20T12:30:42.000Z</time></trkpt>
      <trkpt lat="52.735609" lon="-1.348360"><ele>154.1</ele><time>2025-10-20T12:30:43.000Z</time></trkpt>
      <trkpt lat="52.735613" lon="-1.348381"><ele>154.0</ele><time>2025-10-20T12:30:44.000Z</time></trkpt>
      <trkpt lat="52.735618" lon="-1.348403"><ele>153.9</ele><time>2025-10-20T12:30:45.000Z</time></trkpt>
      <trkpt lat="52.735624" lon="-1.348422"><ele>153.9</ele><time>2025-10-20T12:30:46.000Z</time></trkpt>
      <trkpt lat="52.735631" lon="-1.348437"><ele>153.8</ele><time>2025-10-20T12:30:47.000Z</time></trkpt>
      <trkpt lat="52.735639" lon="-1.348452"><ele>153.7</ele><time>2025-10-20T12:30:48.000Z</time></trkpt>
      <trkpt lat="52.735648" lon="-1.348466"><ele>153.6</ele><time>2025-10-20T12:30:49.000Z</time></trkpt>
      <trkpt lat="52.735657" lon="-1.348481"><ele>153.6</ele><time>2025-10-20T12:30:50.000Z</time></trkpt>
      <trkpt lat="52.735667" lon="-1.348497"><ele>153.5</ele><time>2025-10-20T12:30:51.000Z</time></trkpt>
      <trkpt lat="52.735676" lon="-1.348512"><ele>153.4</ele><time>2025-10-20T12:30:52.000Z</time></trkpt>
      <trkpt lat="52.735685" lon="-1.348526"><ele>153.4</ele><time>2025-10-20T12:30:53.000Z</time></trkpt>
      <trkpt lat="52.735692" lon="-1.348539"><ele>153.3</ele><time>2025-10-20T12:30:54.000Z</time></trkpt>
      <trkpt lat="52.735699" lon="-1.348553"><ele>153.3</ele><time>2025-10-20T12:30:55.000Z</time></trkpt>
      <trkpt lat="52.735706" lon="-1.348568"><ele>153.2</ele><time>2025-10-20T12:30:56.000Z</time></trkpt>
      <trkpt lat="52.735714" lon="-1.348585"><ele>153.2</ele><time>2025-10-20T12:30:57.000Z</time></trkpt>
      <trkpt lat="52.735721" lon="-1.348602"><ele>153.1</ele><time>2025-10-20T12:30:58.000Z</time></trkpt>
      <trkpt lat="52.735728" lon="-1.348620"><ele>153.1</ele><time>2025-10-20T12:30:59.000Z</time></trkpt>
      <trkpt lat="52.735736" lon="-1.348639"><ele>153.0</ele><time>2025-10-20T12:31:00.000Z</time></trkpt>
      <trkpt lat="52.735743" lon="-1.348656"><ele>152.9</ele><time>2025-10-20T12:31:01.000Z</time></trkpt>
      <trkpt lat="52.735751" lon="-1.348673"><ele>152.8</ele><time>2025-10-20T12:31:02.000Z</time></trkpt>
      <trkpt lat="52.735759" lon="-1.348691"><ele>152.7</ele><time>2025-10-20T12:31:03.000Z</time></trkpt>
      <trkpt lat="52.735768" lon="-1.348711"><ele>152.5</ele><time>2025-10-20T12:31:04.000Z</time></trkpt>
      <trkpt lat="52.735777" lon="-1.348730"><ele>152.4</ele><time>2025-10-20T12:31:05.000Z</time></trkpt>
      <trkpt lat="52.735785" lon="-1.348750"><ele>152.3</ele><time>2025-10-20T12:31:06.000Z</time></trkpt>
      <trkpt lat="52.735793" lon="-1.348769"><ele>152.1</ele><time>2025-10-20T12:31:07.000Z</time></trkpt>
      <trkpt lat="52.735801" lon="-1.348787"><ele>152.0</ele><time>2025-10-20T12:31:08.000Z</time></trkpt>
      <trkpt lat="52.735810" lon="-1.348804"><ele>151.9</ele><time>2025-10-20T12:31:09.000Z</time></trkpt>
      <trkpt lat="52.735818" lon="-1.348820"><ele>151.8</ele><time>2025-10-20T12:31:10.000Z</time></trkpt>
      <trkpt lat="52.735826" lon="-1.348835"><ele>151.7</ele><time>2025-10-20T12:31:11.000Z</time></trkpt>
      <trkpt lat="52.735835" lon="-1.348850"><ele>151.6</ele><time>2025-10-20T12:31:12.000Z</time></trkpt>
      <trkpt lat="52.735843" lon="-1.348865"><ele>151.6</ele><time>2025-10-20T12:31:13.000Z</time></trkpt>
      <trkpt lat="52.735853" lon="-1.348879"><ele>151.5</ele><time>2025-10-20T12:31:14.000Z</time></trkpt>
      <trkpt lat="52.735863" lon="-1.348893"><ele>151.4</ele><time>2025-10-20T12:31:15.000Z</time></trkpt>
      <trkpt lat="52.735873" lon="-1.348907"><ele>151.4</ele><time>2025-10-20T12:31:16.000Z</time></trkpt>
      <trkpt lat="52.735883" lon="-1.348921"><ele>151.3</ele><time>2025-10-20T12:31:17.000Z</time></trkpt>
      <trkpt lat="52.735892" lon="-1.348935"><ele>151.3</ele><time>2025-10-20T12:31:18.000Z</time></trkpt>
      <trkpt lat="52.735900" lon="-1.348953"><ele>151.3</ele><time>2025-10-20T12:31:19.000Z</time></trkpt>
      <trkpt lat="52.735908" lon="-1.348974"><ele>151.2</ele><time>2025-10-20T12:31:20.000Z</time></trkpt>
      <trkpt lat="52.735916" lon="-1.348995"><ele>151.2</ele><time>2025-10-20T12:31:21.000Z</time></trkpt>
      <trkpt lat="52.735924" lon="-1.349015"><ele>151.2</ele><time>2025-10-20T12:31:22.000Z</time></trkpt>
      <trkpt lat="52.735931" lon="-1.349035"><ele>151.1</ele><time>2025-10-20T12:31:23.000Z</time></trkpt>
      <trkpt lat="52.735939" lon="-1.349054"><ele>151.1</ele><time>2025-10-20T12:31:24.000Z</time></trkpt>
      <trkpt lat="52.735947" lon="-1.349073"><ele>151.0</ele><time>2025-10-20T12:31:25.000Z</time></trkpt>
      <trkpt lat="52.735956" lon="-1.349092"><ele>151.0</ele><time>2025-10-20T12:31:26.000Z</time></trkpt>
      <trkpt lat="52.735963" lon="-1.349111"><ele>150.9</ele><time>2025-10-20T12:31:27.000Z</time></trkpt>
      <trkpt lat="52.735970" lon="-1.349130"><ele>150.9</ele><time>2025-10-20T12:31:28.000Z</time></trkpt>
      <trkpt lat="52.735978" lon="-1.349149"><ele>150.8</ele><time>2025-10-20T12:31:29.000Z</time></trkpt>
      <trkpt lat="52.735985" lon="-1.349168"><ele>150.8</ele><time>2025-10-20T12:31:30.000Z</time></trkpt>
      <trkpt lat="52.735992" lon="-1.349186"><ele>150.7</ele><time>2025-10-20T12:31:31.000Z</time></trkpt>
      <trkpt lat="52.735999" lon="-1.349203"><ele>150.7</ele><time>2025-10-20T12:31:32.000Z</time></trkpt>
      <trkpt lat="52.736005" lon="-1.349222"><ele>150.7</ele><time>2025-10-20T12:31:33.000Z</time></trkpt>
      <trkpt lat="52.736011" lon="-1.349241"><ele>150.7</ele><time>2025-10-20T12:31:34.000Z</time></trkpt>
      <trkpt lat="52.736016" lon="-1.349261"><ele>150.7</ele><time>2025-10-20T12:31:35.000Z</time></trkpt>
      <trkpt lat="52.736021" lon="-1.349278"><ele>150.8</ele><time>2025-10-20T12:31:36.000Z</time></trkpt>
      <trkpt lat="52.736026" lon="-1.349295"><ele>150.8</ele><time>2025-10-20T12:31:37.000Z</time></trkpt>
      <trkpt lat="52.736032" lon="-1.349313"><ele>150.9</ele><time>2025-10-20T12:31:38.000Z</time></trkpt>
      <trkpt lat="52.736038" lon="-1.349333"><ele>150.9</ele><time>2025-10-20T12:31:39.000Z</time></trkpt>
      <trkpt lat="52.736044" lon="-1.349353"><ele>151.0</ele><time>2025-10-20T12:31:40.000Z</time></trkpt>
      <trkpt lat="52.736050" lon="-1.349372"><ele>151.0</ele><time>2025-10-20T12:31:41.000Z</time></trkpt>
      <trkpt lat="52.736054" lon="-1.349389"><ele>150.9</ele><time>2025-10-20T12:31:42.000Z</time></trkpt>
      <trkpt lat="52.736058" lon="-1.349406"><ele>150.9</ele><time>2025-10-20T12:31:43.000Z</time></trkpt>
      <trkpt lat="52.736062" lon="-1.349424"><ele>150.9</ele><time>2025-10-20T12:31:44.000Z</time></trkpt>
      <trkpt lat="52.736067" lon="-1.349440"><ele>150.8</ele><time>2025-10-20T12:31:45.000Z</time></trkpt>
      <trkpt lat="52.736072" lon="-1.349456"><ele>150.8</ele><time>2025-10-20T12:31:46.000Z</time></trkpt>
      <trkpt lat="52.736078" lon="-1.349473"><ele>150.8</ele><time>2025-10-20T12:31:47.000Z</time></trkpt>
      <trkpt lat="52.736085" lon="-1.349490"><ele>150.8</ele><time>2025-10-20T12:31:48.000Z</time></trkpt>
      <trkpt lat="52.736092" lon="-1.349508"><ele>150.8</ele><time>2025-10-20T12:31:49.000Z</time></trkpt>
      <trkpt lat="52.736099" lon="-1.349524"><ele>150.8</ele><time>2025-10-20T12:31:50.000Z</time></trkpt>
      <trkpt lat="52.736105" lon="-1.349539"><ele>150.7</ele><time>2025-10-20T12:31:51.000Z</time></trkpt>
      <trkpt lat="52.736111" lon="-1.349555"><ele>150.7</ele><time>2025-10-20T12:31:52.000Z</time></trkpt>
      <trkpt lat="52.736117" lon="-1.349570"><ele>150.7</ele><time>2025-10-20T12:31:53.000Z</time></trkpt>
      <trkpt lat="52.736122" lon="-1.349585"><ele>150.7</ele><time>2025-10-20T12:31:54.000Z</time></trkpt>
      <trkpt lat="52.736126" lon="-1.349600"><ele>150.7</ele><time>2025-10-20T12:31:55.000Z</time></trkpt>
      <trkpt lat="52.736129" lon="-1.349616"><ele>150.7</ele><time>2025-10-20T12:31:56.000Z</time></trkpt>
      <trkpt lat="52.736133" lon="-1.349633"><ele>150.7</ele><time>2025-10-20T12:31:57.000Z</time></trkpt>
      <trkpt lat="52.736138" lon="-1.349652"><ele>150.7</ele><time>2025-10-20T12:31:58.000Z</time></trkpt>
      <trkpt lat="52.736144" lon="-1.349669"><ele>150.7</ele><time>2025-10-20T12:31:59.000Z</time></trkpt>
      <trkpt lat="52.736153" lon="-1.349685"><ele>150.7</ele><time>2025-10-20T12:32:00.000Z</time></trkpt>
      <trkpt lat="52.736163" lon="-1.349698"><ele>150.7</ele><time>2025-10-20T12:32:01.000Z</time></trkpt>
      <trkpt lat="52.736172" lon="-1.349712"><ele>150.8</ele><time>2025-10-20T12:32:02.000Z</time></trkpt>
      <trkpt lat="52.736182" lon="-1.349724"><ele>150.8</ele><time>2025-10-20T12:32:03.000Z</time></trkpt>
      <trkpt lat="52.736192" lon="-1.349735"><ele>150.9</ele><time>2025-10-20T12:32:04.000Z</time></trkpt>
      <trkpt lat="52.736204" lon="-1.349746"><ele>151.0</ele><time>2025-10-20T12:32:05.000Z</time></trkpt>
      <trkpt lat="52.736218" lon="-1.349754"><ele>151.1</ele><time>2025-10-20T12:32:06.000Z</time></trkpt>
      <trkpt lat="52.736232" lon="-1.349760"><ele>151.1</ele><time>2025-10-20T12:32:07.000Z</time></trkpt>
      <trkpt lat="52.736246" lon="-1.349764"><ele>151.2</ele><time>2025-10-20T12:32:08.000Z</time></trkpt>
      <trkpt lat="52.736259" lon="-1.349766"><ele>151.3</ele><time>2025-10-20T12:32:09.000Z</time></trkpt>
      <trkpt lat="52.736271" lon="-1.349769"><ele>151.3</ele><time>2025-10-20T12:32:10.000Z</time></trkpt>
      <trkpt lat="52.736281" lon="-1.349772"><ele>151.4</ele><time>2025-10-20T12:32:11.000Z</time></trkpt>
      <trkpt lat="52.736292" lon="-1.349777"><ele>151.4</ele><time>2025-10-20T12:32:12.000Z</time></trkpt>
      <trkpt lat="52.736304" lon="-1.349782"><ele>151.4</ele><time>2025-10-20T12:32:13.000Z</time></trkpt>
      <trkpt lat="52.736318" lon="-1.349788"><ele>151.4</ele><time>2025-10-20T12:32:14.000Z</time></trkpt>
      <trkpt lat="52.736331" lon="-1.349794"><ele>151.4</ele><time>2025-10-20T12:32:15.000Z</time></trkpt>
      <trkpt lat="52.736344" lon="-1.349799"><ele>151.4</ele><time>2025-10-20T12:32:16.000Z</time></trkpt>
      <trkpt lat="52.736357" lon="-1.349804"><ele>151.4</ele><time>2025-10-20T12:32:17.000Z</time></trkpt>
      <trkpt lat="52.736370" lon="-1.349808"><ele>151.4</ele><time>2025-10-20T12:32:18.000Z</time></trkpt>
      <trkpt lat="52.736384" lon="-1.349813"><ele>151.4</ele><time>2025-10-20T12:32:19.000Z</time></trkpt>
      <trkpt lat="52.736399" lon="-1.349818"><ele>151.5</ele><time>2025-10-20T12:32:20.000Z</time></trkpt>
      <trkpt lat="52.736413" lon="-1.349821"><ele>151.5</ele><time>2025-10-20T12:32:21.000Z</time></trkpt>
      <trkpt lat="52.736427" lon="-1.349822"><ele>151.5</ele><time>2025-10-20T12:32:22.000Z</time></trkpt>
      <trkpt lat="52.736442" lon="-1.349820"><ele>151.5</ele><time>2025-10-20T12:32:23.000Z</time></trkpt>
      <trkpt lat="52.736457" lon="-1.349818"><ele>151.5</ele><time>2025-10-20T12:32:24.000Z</time></trkpt>
      <trkpt lat="52.736471" lon="-1.349815"><ele>151.5</ele><time>2025-10-20T12:32:25.000Z</time></trkpt>
      <trkpt lat="52.736485" lon="-1.349813"><ele>151.5</ele><time>2025-10-20T12:32:26.000Z</time></trkpt>
      <trkpt lat="52.736498" lon="-1.349812"><ele>151.5</ele><time>2025-10-20T12:32:27.000Z</time></trkpt>
      <trkpt lat="52.736511" lon="-1.349814"><ele>151.5</ele><time>2025-10-20T12:32:28.000Z</time></trkpt>
      <trkpt lat="52.736524" lon="-1.349819"><ele>151.5</ele><time>2025-10-20T12:32:29.000Z</time></trkpt>
      <trkpt lat="52.736537" lon="-1.349827"><ele>151.5</ele><time>2025-10-20T12:32:30.000Z</time></trkpt>
      <trkpt lat="52.736551" lon="-1.349835"><ele>151.5</ele><time>2025-10-20T12:32:31.000Z</time></trkpt>
      <trkpt lat="52.736564" lon="-1.349844"><ele>151.4</ele><time>2025-10-20T12:32:32.000Z</time></trkpt>
      <trkpt lat="52.736577" lon="-1.349853"><ele>151.4</ele><time>2025-10-20T12:32:33.000Z</time></trkpt>
      <trkpt lat="52.736590" lon="-1.349861"><ele>151.4</ele><time>2025-10-20T12:32:34.000Z</time></trkpt>
      <trkpt lat="52.736603" lon="-1.349869"><ele>151.4</ele><time>2025-10-20T12:32:35.000Z</time></trkpt>
      <trkpt lat="52.736615" lon="-1.349877"><ele>151.4</ele><time>2025-10-20T12:32:36.000Z</time></trkpt>
      <trkpt lat="52.736628" lon="-1.349885"><ele>151.4</ele><time>2025-10-20T12:32:37.000Z</time></trkpt>
      <trkpt lat="52.736640" lon="-1.349891"><ele>151.3</ele><time>2025-10-20T12:32:38.000Z</time></trkpt>
      <trkpt lat="52.736653" lon="-1.349896"><ele>151.3</ele><time>2025-10-20T12:32:39.000Z</time></trkpt>
      <trkpt lat="52.736667" lon="-1.349900"><ele>151.3</ele><time>2025-10-20T12:32:40.000Z</time></trkpt>
      <trkpt lat="52.736681" lon="-1.349905"><ele>151.2</ele><time>2025-10-20T12:32:41.000Z</time></trkpt>
      <trkpt lat="52.736694" lon="-1.349910"><ele>151.2</ele><time>2025-10-20T12:32:42.000Z</time></trkpt>
      <trkpt lat="52.736708" lon="-1.349914"><ele>151.2</ele><time>2025-10-20T12:32:43.000Z</time></trkpt>
      <trkpt lat="52.736720" lon="-1.349918"><ele>151.2</ele><time>2025-10-20T12:32:44.000Z</time></trkpt>
      <trkpt lat="52.736732" lon="-1.349920"><ele>151.2</ele><time>2025-10-20T12:32:45.000Z</time></trkpt>
      <trkpt lat="52.736743" lon="-1.349922"><ele>151.3</ele><time>2025-10-20T12:32:46.000Z</time></trkpt>
      <trkpt lat="52.736754" lon="-1.349923"><ele>151.3</ele><time>2025-10-20T12:32:47.000Z</time></trkpt>
      <trkpt lat="52.736763" lon="-1.349922"><ele>151.3</ele><time>2025-10-20T12:32:48.000Z</time></trkpt>
      <trkpt lat="52.736772" lon="-1.349922"><ele>151.3</ele><time>2025-10-20T12:32:49.000Z</time></trkpt>
      <trkpt lat="52.736781" lon="-1.349922"><ele>151.2</ele><time>2025-10-20T12:32:50.000Z</time></trkpt>
      <trkpt lat="52.736786" lon="-1.349924"><ele>151.1</ele><time>2025-10-20T12:32:51.000Z</time></trkpt>
      <trkpt lat="52.736789" lon="-1.349926"><ele>150.9</ele><time>2025-10-20T12:32:52.000Z</time></trkpt>
      <trkpt lat="52.736789" lon="-1.349925"><ele>150.6</ele><time>2025-10-20T12:32:53.000Z</time></trkpt>
      <trkpt lat="52.736788" lon="-1.349922"><ele>150.2</ele><time>2025-10-20T12:32:54.000Z</time></trkpt>
      <trkpt lat="52.736786" lon="-1.349918"><ele>149.9</ele><time>2025-10-20T12:32:55.000Z</time></trkpt>
      <trkpt lat="52.736783" lon="-1.349915"><ele>149.5</ele><time>2025-10-20T12:32:56.000Z</time></trkpt>
      <trkpt lat="52.736780" lon="-1.349912"><ele>149.1</ele><time>2025-10-20T12:32:57.000Z</time></trkpt>
      <trkpt lat="52.736778" lon="-1.349910"><ele>148.7</ele><time>2025-10-20T12:32:58.000Z</time></trkpt>
      <trkpt lat="52.736778" lon="-1.349909"><ele>148.2</ele><time>2025-10-20T12:32:59.000Z</time></trkpt>
    </trkseg>
  </trk>
</gpx>
