<?xml version="1.0" encoding="UTF-8"?>
<gpx version="1.1" creator="walkingwithember" xmlns="http://www.topografix.com/GPX/1/1">
  <metadata>
    <name>Walk 2025-01-15</name>
    <time>2025-01-15T12:32:42.000Z</time>
  </metadata>
  <trk>
    <name>Walk 2025-01-15</name>
    <trkseg>
      <trkpt lat="52.736951" lon="-1.349891"><ele>147.3</ele><time>2025-01-15T12:32:42.000Z</time></trkpt>
      <trkpt lat="52.736949" lon="-1.349890"><ele>147.3</ele><time>2025-01-15T12:32:44.000Z</time></trkpt>
      <trkpt lat="52.736948" lon="-1.349891"><ele>147.3</ele><time>2025-01-15T12:32:45.000Z</time></trkpt>
      <trkpt lat="52.736947" lon="-1.349891"><ele>147.4</ele><time>2025-01-15T12:32:46.000Z</time></trkpt>
      <trkpt lat="52.736945" lon="-1.349891"><ele>147.4</ele><time>2025-01-15T12:32:47.000Z</time></trkpt>
      <trkpt lat="52.736942" lon="-1.349891"><ele>147.4</ele><time>2025-01-15T12:32:48.000Z</time></trkpt>
      <trkpt lat="52.736938" lon="-1.349892"><ele>147.4</ele><time>2025-01-15T12:32:49.000Z</time></trkpt>
      <trkpt lat="52.736931" lon="-1.349895"><ele>147.4</ele><time>2025-01-15T12:32:50.000Z</time></trkpt>
      <trkpt lat="52.736921" lon="-1.349899"><ele>147.4</ele><time>2025-01-15T12:32:51.000Z</time></trkpt>
      <trkpt lat="52.736903" lon="-1.349904"><ele>147.4</ele><time>2025-01-15T12:32:53.000Z</time></trkpt>
      <trkpt lat="52.736893" lon="-1.349907"><ele>147.4</ele><time>2025-01-15T12:32:54.000Z</time></trkpt>
      <trkpt lat="52.736883" lon="-1.349910"><ele>147.5</ele><time>2025-01-15T12:32:55.000Z</time></trkpt>
      <trkpt lat="52.736872" lon="-1.349915"><ele>147.5</ele><time>2025-01-15T12:32:56.000Z</time></trkpt>
      <trkpt lat="52.736862" lon="-1.349917"><ele>147.5</ele><time>2025-01-15T12:32:57.000Z</time></trkpt>
      <trkpt lat="52.736851" lon="-1.349918"><ele>147.5</ele><time>2025-01-15T12:32:58.000Z</time></trkpt>
      <trkpt lat="52.736839" lon="-1.349919"><ele>147.5</ele><time>2025-01-15T12:32:59.000Z</time></trkpt>
      <trkpt lat="52.736827" lon="-1.349921"><ele>147.5</ele><time>2025-01-15T12:33:00.000Z</time></trkpt>
      <trkpt lat="52.736816" lon="-1.349925"><ele>147.5</ele><time>2025-01-15T12:33:01.000Z</time></trkpt>
      <trkpt lat="52.736805" lon="-1.349931"><ele>147.5</ele><time>2025-01-15T12:33:02.000Z</time></trkpt>
      <trkpt lat="52.736795" lon="-1.349938"><ele>147.5</ele><time>2025-01-15T12:33:03.000Z</time></trkpt>
      <trkpt lat="52.736785" lon="-1.349945"><ele>147.5</ele><time>2025-01-15T12:33:04.000Z</time></trkpt>
      <trkpt lat="52.736776" lon="-1.349956"><ele>147.5</ele><time>2025-01-15T12:33:05.000Z</time></trkpt>
      <trkpt lat="52.736769" lon="-1.349972"><ele>147.4</ele><time>2025-01-15T12:33:06.000Z</time></trkpt>
      <trkpt lat="52.736766" lon="-1.349992"><ele>147.4</ele><time>2025-01-15T12:33:07.000Z</time></trkpt>
      <trkpt lat="52.736766" lon="-1.350013"><ele>147.3</ele><time>2025-01-15T12:33:08.000Z</time></trkpt>
      <trkpt lat="52.736768" lon="-1.350035"><ele>147.3</ele><time>2025-01-15T12:33:09.000Z</time></trkpt>
      <trkpt lat="52.736772" lon="-1.350057"><ele>147.3</ele><time>2025-01-15T12:33:10.000Z</time></trkpt>
      <trkpt lat="52.736780" lon="-1.350079"><ele>147.2</ele><time>2025-01-15T12:33:11.000Z</time></trkpt>
      <trkpt lat="52.736790" lon="-1.350098"><ele>147.2</ele><time>2025-01-15T12:33:12.000Z</time></trkpt>
      <trkpt lat="52.736801" lon="-1.350115"><ele>147.2</ele><time>2025-01-15T12:33:13.000Z</time></trkpt>
      <trkpt lat="52.736812" lon="-1.350131"><ele>147.2</ele><time>2025-01-15T12:33:14.000Z</time></trkpt>
      <trkpt lat="52.736824" lon="-1.350146"><ele>147.1</ele><time>2025-01-15T12:33:15.000Z</time></trkpt>
      <trkpt lat="52.736834" lon="-1.350159"><ele>147.1</ele><time>2025-01-15T12:33:16.000Z</time></trkpt>
      <trkpt lat="52.736844" lon="-1.350168"><ele>147.1</ele><time>2025-01-15T12:33:17.000Z</time></trkpt>
      <trkpt lat="52.736854" lon="-1.350178"><ele>147.1</ele><time>2025-01-15T12:33:18.000Z</time></trkpt>
      <trkpt lat="52.736866" lon="-1.350187"><ele>147.1</ele><time>2025-01-15T12:33:19.000Z</time></trkpt>
      <trkpt lat="52.736878" lon="-1.350196"><ele>147.1</ele><time>2025-01-15T12:33:20.000Z</time></trkpt>
      <trkpt lat="52.736890" lon="-1.350206"><ele>147.2</ele><time>2025-01-15T12:33:21.000Z</time></trkpt>
      <trkpt lat="52.736900" lon="-1.350217"><ele>147.2</ele><time>2025-01-15T12:33:22.000Z</time></trkpt>
      <trkpt lat="52.736911" lon="-1.350229"><ele>147.2</ele><time>2025-01-15T12:33:23.000Z</time></trkpt>
      <trkpt lat="52.736922" lon="-1.350242"><ele>147.2</ele><time>2025-01-15T12:33:24.000Z</time></trkpt>
      <trkpt lat="52.736933" lon="-1.350254"><ele>147.2</ele><time>2025-01-15T12:33:25.000Z</time></trkpt>
      <trkpt lat="52.736944" lon="-1.350266"><ele>147.3</ele><time>2025-01-15T12:33:26.000Z</time></trkpt>
      <trkpt lat="52.736955" lon="-1.350278"><ele>147.3</ele><time>2025-01-15T12:33:27.000Z</time></trkpt>
      <trkpt lat="52.736966" lon="-1.350291"><ele>147.3</ele><time>2025-01-15T12:33:28.000Z</time></trkpt>
      <trkpt lat="52.736977" lon="-1.350305"><ele>147.3</ele><time>2025-01-15T12:33:29.000Z</time></trkpt>
      <trkpt lat="52.736989" lon="-1.350317"><ele>147.3</ele><time>2025-01-15T12:33:30.000Z</time></trkpt>
      <trkpt lat="52.737000" lon="-1.350330"><ele>147.3</ele><time>2025-01-15T12:33:31.000Z</time></trkpt>
      <trkpt lat="52.737012" lon="-1.350342"><ele>147.3</ele><time>2025-01-15T12:33:32.000Z</time></trkpt>
      <trkpt lat="52.737023" lon="-1.350355"><ele>147.3</ele><time>2025-01-15T12:33:33.000Z</time></trkpt>
      <trkpt lat="52.737036" lon="-1.350366"><ele>147.3</ele><time>2025-01-15T12:33:34.000Z</time></trkpt>
      <trkpt lat="52.737048" lon="-1.350378"><ele>147.3</ele><time>2025-01-15T12:33:35.000Z</time></trkpt>
      <trkpt lat="52.737061" lon="-1.350389"><ele>147.3</ele><time>2025-01-15T12:33:36.000Z</time></trkpt>
      <trkpt lat="52.737073" lon="-1.350401"><ele>147.3</ele><time>2025-01-15T12:33:37.000Z</time></trkpt>
      <trkpt lat="52.737086" lon="-1.350414"><ele>147.3</ele><time>2025-01-15T12:33:38.000Z</time></trkpt>
      <trkpt lat="52.737098" lon="-1.350428"><ele>147.3</ele><time>2025-01-15T12:33:39.000Z</time></trkpt>
      <trkpt lat="52.737109" lon="-1.350442"><ele>147.3</ele><time>2025-01-15T12:33:40.000Z</time></trkpt>
      <trkpt lat="52.737122" lon="-1.350455"><ele>147.3</ele><time>2025-01-15T12:33:41.000Z</time></trkpt>
      <trkpt lat="52.737134" lon="-1.350467"><ele>147.2</ele><time>2025-01-15T12:33:42.000Z</time></trkpt>
      <trkpt lat="52.737146" lon="-1.350479"><ele>147.2</ele><time>2025-01-15T12:33:43.000Z</time></trkpt>
      <trkpt lat="52.737159" lon="-1.350490"><ele>147.1</ele><time>2025-01-15T12:33:44.000Z</time></trkpt>
      <trkpt lat="52.737171" lon="-1.350500"><ele>147.1</ele><time>2025-01-15T12:33:45.000Z</time></trkpt>
      <trkpt lat="52.737183" lon="-1.350510"><ele>147.0</ele><time>2025-01-15T12:33:46.000Z</time></trkpt>
      <trkpt lat="52.737196" lon="-1.350519"><ele>146.9</ele><time>2025-01-15T12:33:47.000Z</time></trkpt>
      <trkpt lat="52.737208" lon="-1.350528"><ele>146.9</ele><time>2025-01-15T12:33:48.000Z</time></trkpt>
      <trkpt lat="52.737221" lon="-1.350537"><ele>146.8</ele><time>2025-01-15T12:33:49.000Z</time></trkpt>
      <trkpt lat="52.737233" lon="-1.350546"><ele>146.8</ele><time>2025-01-15T12:33:50.000Z</time></trkpt>
      <trkpt lat="52.737246" lon="-1.350555"><ele>146.7</ele><time>2025-01-15T12:33:51.000Z</time></trkpt>
      <trkpt lat="52.737259" lon="-1.350564"><ele>146.7</ele><time>2025-01-15T12:33:52.000Z</time></trkpt>
      <trkpt lat="52.737271" lon="-1.350573"><ele>146.6</ele><time>2025-01-15T12:33:53.000Z</time></trkpt>
      <trkpt lat="52.737283" lon="-1.350581"><ele>146.5</ele><time>2025-01-15T12:33:54.000Z</time></trkpt>
      <trkpt lat="52.737296" lon="-1.350590"><ele>146.5</ele><time>2025-01-15T12:33:55.000Z</time></trkpt>
      <trkpt lat="52.737308" lon="-1.350598"><ele>146.4</ele><time>2025-01-15T12:33:56.000Z</time></trkpt>
      <trkpt lat="52.737321" lon="-1.350607"><ele>146.3</ele><time>2025-01-15T12:33:57.000Z</time></trkpt>
      <trkpt lat="52.737333" lon="-1.350616"><ele>146.2</ele><time>2025-01-15T12:33:58.000Z</time></trkpt>
      <trkpt lat="52.737346" lon="-1.350625"><ele>146.2</ele><time>2025-01-15T12:33:59.000Z</time></trkpt>
      <trkpt lat="52.737359" lon="-1.350633"><ele>146.1</ele><time>2025-01-15T12:34:00.000Z</time></trkpt>
      <trkpt lat="52.737371" lon="-1.350641"><ele>146.0</ele><time>2025-01-15T12:34:01.000Z</time></trkpt>
      <trkpt lat="52.737384" lon="-1.350648"><ele>145.9</ele><time>2025-01-15T12:34:02.000Z</time></trkpt>
      <trkpt lat="52.737397" lon="-1.350655"><ele>145.9</ele><time>2025-01-15T12:34:03.000Z</time></trkpt>
      <trkpt lat="52.737410" lon="-1.350662"><ele>145.8</ele><time>2025-01-15T12:34:04.000Z</time></trkpt>
      <trkpt lat="52.737423" lon="-1.350669"><ele>145.8</ele><time>2025-01-15T12:34:05.000Z</time></trkpt>
      <trkpt lat="52.737436" lon="-1.350677"><ele>145.7</ele><time>2025-01-15T12:34:06.000Z</time></trkpt>
      <trkpt lat="52.737449" lon="-1.350685"><ele>145.7</ele><time>2025-01-15T12:34:07.000Z</time></trkpt>
      <trkpt lat="52.737462" lon="-1.350694"><ele>145.6</ele><time>2025-01-15T12:34:08.000Z</time></trkpt>
      <trkpt lat="52.737475" lon="-1.350704"><ele>145.6</ele><time>2025-01-15T12:34:09.000Z</time></trkpt>
      <trkpt lat="52.737488" lon="-1.350713"><ele>145.6</ele><time>2025-01-15T12:34:10.000Z</time></trkpt>
      <trkpt lat="52.737500" lon="-1.350723"><ele>145.5</ele><time>2025-01-15T12:34:11.000Z</time></trkpt>
      <trkpt lat="52.737514" lon="-1.350731"><ele>145.5</ele><time>2025-01-15T12:34:12.000Z</time></trkpt>
      <trkpt lat="52.737527" lon="-1.350739"><ele>145.5</ele><time>2025-01-15T12:34:13.000Z</time></trkpt>
      <trkpt lat="52.737540" lon="-1.350748"><ele>145.5</ele><time>2025-01-15T12:34:14.000Z</time></trkpt>
      <trkpt lat="52.737552" lon="-1.350757"><ele>145.4</ele><time>2025-01-15T12:34:15.000Z</time></trkpt>
      <trkpt lat="52.737565" lon="-1.350766"><ele>145.4</ele><time>2025-01-15T12:34:16.000Z</time></trkpt>
      <trkpt lat="52.737578" lon="-1.350774"><ele>145.4</ele><time>2025-01-15T12:34:17.000Z</time></trkpt>
      <trkpt lat="52.737591" lon="-1.350781"><ele>145.4</ele><time>2025-01-15T12:34:18.000Z</time></trkpt>
      <trkpt lat="52.737604" lon="-1.350789"><ele>145.4</ele><time>2025-01-15T12:34:19.000Z</time></trkpt>
      <trkpt lat="52.737617" lon="-1.350797"><ele>145.3</ele><time>2025-01-15T12:34:20.000Z</time></trkpt>
      <trkpt lat="52.737630" lon="-1.350805"><ele>145.3</ele><time>2025-01-15T12:34:21.000Z</time></trkpt>
      <trkpt lat="52.737643" lon="-1.350813"><ele>145.3</ele><time>2025-01-15T12:34:22.000Z</time></trkpt>
      <trkpt lat="52.737656" lon="-1.350821"><ele>145.3</ele><time>2025-01-15T12:34:23.000Z</time></trkpt>
      <trkpt lat="52.737669" lon="-1.350829"><ele>145.2</ele><time>2025-01-15T12:34:24.000Z</time></trkpt>
      <trkpt lat="52.737682" lon="-1.350836"><ele>145.2</ele><time>2025-01-15T12:34:25.000Z</time></trkpt>
      <trkpt lat="52.737696" lon="-1.350844"><ele>145.2</ele><time>2025-01-15T12:34:26.000Z</time></trkpt>
      <trkpt lat="52.737709" lon="-1.350852"><ele>145.1</ele><time>2025-01-15T12:34:27.000Z</time></trkpt>
      <trkpt lat="52.737721" lon="-1.350862"><ele>145.1</ele><time>2025-01-15T12:34:28.000Z</time></trkpt>
      <trkpt lat="52.737734" lon="-1.350872"><ele>145.0</ele><time>2025-01-15T12:34:29.000Z</time></trkpt>
      <trkpt lat="52.737746" lon="-1.350881"><ele>145.0</ele><time>2025-01-15T12:34:30.000Z</time></trkpt>
      <trkpt lat="52.737759" lon="-1.350891"><ele>145.0</ele><time>2025-01-15T12:34:31.000Z</time></trkpt>
      <trkpt lat="52.737772" lon="-1.350899"><ele>144.9</ele><time>2025-01-15T12:34:32.000Z</time></trkpt>
      <trkpt lat="52.737785" lon="-1.350907"><ele>144.9</ele><time>2025-01-15T12:34:33.000Z</time></trkpt>
      <trkpt lat="52.737799" lon="-1.350915"><ele>144.9</ele><time>2025-01-15T12:34:34.000Z</time></trkpt>
      <trkpt lat="52.737812" lon="-1.350923"><ele>144.8</ele><time>2025-01-15T12:34:35.000Z</time></trkpt>
      <trkpt lat="52.737826" lon="-1.350931"><ele>144.8</ele><time>2025-01-15T12:34:36.000Z</time></trkpt>
      <trkpt lat="52.737839" lon="-1.350939"><ele>144.8</ele><time>2025-01-15T12:34:37.000Z</time></trkpt>
      <trkpt lat="52.737853" lon="-1.350947"><ele>144.8</ele><time>2025-01-15T12:34:38.000Z</time></trkpt>
      <trkpt lat="52.737866" lon="-1.350956"><ele>144.8</ele><time>2025-01-15T12:34:39.000Z</time></trkpt>
      <trkpt lat="52.737879" lon="-1.350965"><ele>144.8</ele><time>2025-01-15T12:34:40.000Z</time></trkpt>
      <trkpt lat="52.737892" lon="-1.350976"><ele>144.8</ele><time>2025-01-15T12:34:41.000Z</time></trkpt>
      <trkpt lat="52.737905" lon="-1.350985"><ele>144.7</ele><time>2025-01-15T12:34:42.000Z</time></trkpt>
      <trkpt lat="52.737918" lon="-1.350994"><ele>144.7</ele><time>2025-01-15T12:34:43.000Z</time></trkpt>
      <trkpt lat="52.737931" lon="-1.351002"><ele>144.7</ele><time>2025-01-15T12:34:44.000Z</time></trkpt>
      <trkpt lat="52.737945" lon="-1.351009"><ele>144.7</ele><time>2025-01-15T12:34:45.000Z</time></trkpt>
      <trkpt lat="52.737958" lon="-1.351017"><ele>144.7</ele><time>2025-01-15T12:34:46.000Z</time></trkpt>
      <trkpt lat="52.737971" lon="-1.351024"><ele>144.6</ele><time>2025-01-15T12:34:47.000Z</time></trkpt>
      <trkpt lat="52.737984" lon="-1.351033"><ele>144.6</ele><time>2025-01-15T12:34:48.000Z</time></trkpt>
      <trkpt lat="52.737997" lon="-1.351043"><ele>144.6</ele><time>2025-01-15T12:34:49.000Z</time></trkpt>
      <trkpt lat="52.738009" lon="-1.351053"><ele>144.5</ele><time>2025-01-15T12:34:50.000Z</time></trkpt>
      <trkpt lat="52.738022" lon="-1.351063"><ele>144.5</ele><time>2025-01-15T12:34:51.000Z</time></trkpt>
      <trkpt lat="52.738034" lon="-1.351072"><ele>144.4</ele><time>2025-01-15T12:34:52.000Z</time></trkpt>
      <trkpt lat="52.738047" lon="-1.351081"><ele>144.4</ele><time>2025-01-15T12:34:53.000Z</time></trkpt>
      <trkpt lat="52.738059" lon="-1.351091"><ele>144.4</ele><time>2025-01-15T12:34:54.000Z</time></trkpt>
      <trkpt lat="52.738071" lon="-1.351102"><ele>144.3</ele><time>2025-01-15T12:34:55.000Z</time></trkpt>
      <trkpt lat="52.738083" lon="-1.351113"><ele>144.3</ele><time>2025-01-15T12:34:56.000Z</time></trkpt>
      <trkpt lat="52.738096" lon="-1.351124"><ele>144.3</ele><time>2025-01-15T12:34:57.000Z</time></trkpt>
      <trkpt lat="52.738108" lon="-1.351136"><ele>144.2</ele><time>2025-01-15T12:34:58.000Z</time></trkpt>
      <trkpt lat="52.738120" lon="-1.351147"><ele>144.2</ele><time>2025-01-15T12:34:59.000Z</time></trkpt>
      <trkpt lat="52.738133" lon="-1.351158"><ele>144.2</ele><time>2025-01-15T12:35:00.000Z</time></trkpt>
      <trkpt lat="52.738145" lon="-1.351170"><ele>144.2</ele><time>2025-01-15T12:35:01.000Z</time></trkpt>
      <trkpt lat="52.738158" lon="-1.351181"><ele>144.1</ele><time>2025-01-15T12:35:02.000Z</time></trkpt>
      <trkpt lat="52.738170" lon="-1.351192"><ele>144.1</ele><time>2025-01-15T12:35:03.000Z</time></trkpt>
      <trkpt lat="52.738183" lon="-1.351201"><ele>144.1</ele><time>2025-01-15T12:35:04.000Z</time></trkpt>
      <trkpt lat="52.738196" lon="-1.351211"><ele>144.1</ele><time>2025-01-15T12:35:05.000Z</time></trkpt>
      <trkpt lat="52.738209" lon="-1.351220"><ele>144.1</ele><time>2025-01-15T12:35:06.000Z</time></trkpt>
      <trkpt lat="52.738222" lon="-1.351230"><ele>144.0</ele><time>2025-01-15T12:35:07.000Z</time></trkpt>
      <trkpt lat="52.738235" lon="-1.351240"><ele>144.0</ele><time>2025-01-15T12:35:08.000Z</time></trkpt>
      <trkpt lat="52.738247" lon="-1.351251"><ele>144.0</ele><time>2025-01-15T12:35:09.000Z</time></trkpt>
      <trkpt lat="52.738260" lon="-1.351261"><ele>143.9</ele><time>2025-01-15T12:35:10.000Z</time></trkpt>
      <trkpt lat="52.738273" lon="-1.351270"><ele>143.9</ele><time>2025-01-15T12:35:11.000Z</time></trkpt>
      <trkpt lat="52.738285" lon="-1.351279"><ele>143.9</ele><time>2025-01-15T12:35:12.000Z</time></trkpt>
      <trkpt lat="52.738298" lon="-1.351288"><ele>143.8</ele><time>2025-01-15T12:35:13.000Z</time></trkpt>
      <trkpt lat="52.738309" lon="-1.351299"><ele>143.8</ele><time>2025-01-15T12:35:14.000Z</time></trkpt>
      <trkpt lat="52.738321" lon="-1.351311"><ele>143.7</ele><time>2025-01-15T12:35:15.000Z</time></trkpt>
      <trkpt lat="52.738333" lon="-1.351322"><ele>143.7</ele><time>2025-01-15T12:35:16.000Z</time></trkpt>
      <trkpt lat="52.738345" lon="-1.351334"><ele>143.6</ele><time>2025-01-15T12:35:17.000Z</time></trkpt>
      <trkpt lat="52.738356" lon="-1.351347"><ele>143.6</ele><time>2025-01-15T12:35:18.000Z</time></trkpt>
      <trkpt lat="52.738368" lon="-1.351359"><ele>143.6</ele><time>2025-01-15T12:35:19.000Z</time></trkpt>
      <trkpt lat="52.738380" lon="-1.351369"><ele>143.5</ele><time>2025-01-15T12:35:20.000Z</time></trkpt>
      <trkpt lat="52.738393" lon="-1.351379"><ele>143.5</ele><time>2025-01-15T12:35:21.000Z</time></trkpt>
      <trkpt lat="52.738405" lon="-1.351390"><ele>143.5</ele><time>2025-01-15T12:35:22.000Z</time></trkpt>
      <trkpt lat="52.738417" lon="-1.351401"><ele>143.4</ele><time>2025-01-15T12:35:23.000Z</time></trkpt>
      <trkpt lat="52.738429" lon="-1.351413"><ele>143.4</ele><time>2025-01-15T12:35:24.000Z</time></trkpt>
      <trkpt lat="52.738440" lon="-1.351425"><ele>143.4</ele><time>2025-01-15T12:35:25.000Z</time></trkpt>
      <trkpt lat="52.738451" lon="-1.351437"><ele>143.4</ele><time>2025-01-15T12:35:26.000Z</time></trkpt>
      <trkpt lat="52.738462" lon="-1.351450"><ele>143.4</ele><time>2025-01-15T12:35:27.000Z</time></trkpt>
      <trkpt lat="52.738473" lon="-1.351464"><ele>143.4</ele><time>2025-01-15T12:35:28.000Z</time></trkpt>
      <trkpt lat="52.738482" lon="-1.351479"><ele>143.4</ele><time>2025-01-15T12:35:29.000Z</time></trkpt>
      <trkpt lat="52.738492" lon="-1.351495"><ele>143.5</ele><time>2025-01-15T12:35:30.000Z</time></trkpt>
      <trkpt lat="52.738499" lon="-1.351513"><ele>143.5</ele><time>2025-01-15T12:35:31.000Z</time></trkpt>
      <trkpt lat="52.738504" lon="-1.351535"><ele>143.5</ele><time>2025-01-15T12:35:32.000Z</time></trkpt>
      <trkpt lat="52.738508" lon="-1.351557"><ele>143.5</ele><time>2025-01-15T12:35:33.000Z</time></trkpt>
      <trkpt lat="52.738512" lon="-1.351580"><ele>143.6</ele><time>2025-01-15T12:35:34.000Z</time></trkpt>
      <trkpt lat="52.738517" lon="-1.351602"><ele>143.6</ele><time>2025-01-15T12:35:35.000Z</time></trkpt>
      <trkpt lat="52.738524" lon="-1.351622"><ele>143.7</ele><time>2025-01-15T12:35:36.000Z</time></trkpt>
      <trkpt lat="52.738532" lon="-1.351642"><ele>143.7</ele><time>2025-01-15T12:35:37.000Z</time></trkpt>
      <trkpt lat="52.738540" lon="-1.351661"><ele>143.7</ele><time>2025-01-15T12:35:38.000Z</time></trkpt>
      <trkpt lat="52.738548" lon="-1.351680"><ele>143.7</ele><time>2025-01-15T12:35:39.000Z</time></trkpt>
      <trkpt lat="52.738556" lon="-1.351700"><ele>143.7</ele><time>2025-01-15T12:35:40.000Z</time></trkpt>
      <trkpt lat="52.738564" lon="-1.351720"><ele>143.7</ele><time>2025-01-15T12:35:41.000Z</time></trkpt>
      <trkpt lat="52.738571" lon="-1.351739"><ele>143.7</ele><time>2025-01-15T12:35:42.000Z</time></trkpt>
      <trkpt lat="52.738579" lon="-1.351758"><ele>143.7</ele><time>2025-01-15T12:35:43.000Z</time></trkpt>
      <trkpt lat="52.738586" lon="-1.351778"><ele>143.6</ele><time>2025-01-15T12:35:44.000Z</time></trkpt>
      <trkpt lat="52.738593" lon="-1.351797"><ele>143.6</ele><time>2025-01-15T12:35:45.000Z</time></trkpt>
      <trkpt lat="52.738600" lon="-1.351816"><ele>143.5</ele><time>2025-01-15T12:35:46.000Z</time></trkpt>
      <trkpt lat="52.738608" lon="-1.351833"><ele>143.4</ele><time>2025-01-15T12:35:47.000Z</time></trkpt>
      <trkpt lat="52.738616" lon="-1.351850"><ele>143.3</ele><time>2025-01-15T12:35:48.000Z</time></trkpt>
      <trkpt lat="52.738625" lon="-1.351866"><ele>143.2</ele><time>2025-01-15T12:35:49.000Z</time></trkpt>
      <trkpt lat="52.738634" lon="-1.351881"><ele>143.1</ele><time>2025-01-15T12:35:50.000Z</time></trkpt>
      <trkpt lat="52.738642" lon="-1.351895"><ele>143.0</ele><time>2025-01-15T12:35:51.000Z</time></trkpt>
      <trkpt lat="52.738651" lon="-1.351908"><ele>142.9</ele><time>2025-01-15T12:35:52.000Z</time></trkpt>
      <trkpt lat="52.738659" lon="-1.351921"><ele>142.8</ele><time>2025-01-15T12:35:53.000Z</time></trkpt>
      <trkpt lat="52.738667" lon="-1.351935"><ele>142.8</ele><time>2025-01-15T12:35:54.000Z</time></trkpt>
      <trkpt lat="52.738675" lon="-1.351950"><ele>142.7</ele><time>2025-01-15T12:35:55.000Z</time></trkpt>
      <trkpt lat="52.738684" lon="-1.351965"><ele>142.6</ele><time>2025-01-15T12:35:56.000Z</time></trkpt>
      <trkpt lat="52.738694" lon="-1.351980"><ele>142.5</ele><time>2025-01-15T12:35:57.000Z</time></trkpt>
      <trkpt lat="52.738706" lon="-1.351996"><ele>142.5</ele><time>2025-01-15T12:35:58.000Z</time></trkpt>
      <trkpt lat="52.738717" lon="-1.352012"><ele>142.4</ele><time>2025-01-15T12:35:59.000Z</time></trkpt>
      <trkpt lat="52.738729" lon="-1.352027"><ele>142.4</ele><time>2025-01-15T12:36:00.000Z</time></trkpt>
      <trkpt lat="52.738740" lon="-1.352041"><ele>142.3</ele><time>2025-01-15T12:36:01.000Z</time></trkpt>
      <trkpt lat="52.738752" lon="-1.352053"><ele>142.3</ele><time>2025-01-15T12:36:02.000Z</time></trkpt>
      <trkpt lat="52.738764" lon="-1.352065"><ele>142.2</ele><time>2025-01-15T12:36:03.000Z</time></trkpt>
      <trkpt lat="52.738776" lon="-1.352076"><ele>142.2</ele><time>2025-01-15T12:36:04.000Z</time></trkpt>
      <trkpt lat="52.738788" lon="-1.352087"><ele>142.2</ele><time>2025-01-15T12:36:05.000Z</time></trkpt>
      <trkpt lat="52.738800" lon="-1.352098"><ele>142.2</ele><time>2025-01-15T12:36:06.000Z</time></trkpt>
      <trkpt lat="52.738811" lon="-1.352109"><ele>142.1</ele><time>2025-01-15T12:36:07.000Z</time></trkpt>
      <trkpt lat="52.738822" lon="-1.352123"><ele>142.1</ele><time>2025-01-15T12:36:08.000Z</time></trkpt>
      <trkpt lat="52.738832" lon="-1.352137"><ele>142.1</ele><time>2025-01-15T12:36:09.000Z</time></trkpt>
      <trkpt lat="52.738843" lon="-1.352151"><ele>142.1</ele><time>2025-01-15T12:36:10.000Z</time></trkpt>
      <trkpt lat="52.738854" lon="-1.352165"><ele>142.1</ele><time>2025-01-15T12:36:11.000Z</time></trkpt>
      <trkpt lat="52.738865" lon="-1.352178"><ele>142.1</ele><time>2025-01-15T12:36:12.000Z</time></trkpt>
      <trkpt lat="52.738876" lon="-1.352190"><ele>142.1</ele><time>2025-01-15T12:36:13.000Z</time></trkpt>
      <trkpt lat="52.738888" lon="-1.352203"><ele>142.1</ele><time>2025-01-15T12:36:14.000Z</time></trkpt>
      <trkpt lat="52.738898" lon="-1.352216"><ele>142.1</ele><time>2025-01-15T12:36:15.000Z</time></trkpt>
      <trkpt lat="52.738909" lon="-1.352228"><ele>142.1</ele><time>2025-01-15T12:36:16.000Z</time></trkpt>
      <trkpt lat="52.738918" lon="-1.352240"><ele>142.1</ele><time>2025-01-15T12:36:17.000Z</time></trkpt>
      <trkpt lat="52.738928" lon="-1.352252"><ele>142.0</ele><time>2025-01-15T12:36:18.000Z</time></trkpt>
      <trkpt lat="52.738938" lon="-1.352264"><ele>142.0</ele><time>2025-01-15T12:36:19.000Z</time></trkpt>
      <trkpt lat="52.738948" lon="-1.352276"><ele>142.0</ele><time>2025-01-15T12:36:20.000Z</time></trkpt>
      <trkpt lat="52.738958" lon="-1.352287"><ele>141.9</ele><time>2025-01-15T12:36:21.000Z</time></trkpt>
      <trkpt lat="52.738969" lon="-1.352298"><ele>141.9</ele><time>2025-01-15T12:36:22.000Z</time></trkpt>
      <trkpt lat="52.738979" lon="-1.352309"><ele>141.8</ele><time>2025-01-15T12:36:23.000Z</time></trkpt>
      <trkpt lat="52.738989" lon="-1.352319"><ele>141.8</ele><time>2025-01-15T12:36:24.000Z</time></trkpt>
      <trkpt lat="52.738999" lon="-1.352331"><ele>141.7</ele><time>2025-01-15T12:36:25.000Z</time></trkpt>
      <trkpt lat="52.739010" lon="-1.352343"><ele>141.6</ele><time>2025-01-15T12:36:26.000Z</time></trkpt>
      <trkpt lat="52.739021" lon="-1.352356"><ele>141.6</ele><time>2025-01-15T12:36:27.000Z</time></trkpt>
      <trkpt lat="52.739032" lon="-1.352368"><ele>141.5</ele><time>2025-01-15T12:36:28.000Z</time></trkpt>
      <trkpt lat="52.739044" lon="-1.352382"><ele>141.4</ele><time>2025-01-15T12:36:29.000Z</time></trkpt>
      <trkpt lat="52.739055" lon="-1.352396"><ele>141.4</ele><time>2025-01-15T12:36:30.000Z</time></trkpt>
      <trkpt lat="52.739065" lon="-1.352411"><ele>141.3</ele><time>2025-01-15T12:36:31.000Z</time></trkpt>
      <trkpt lat="52.739076" lon="-1.352426"><ele>141.3</ele><time>2025-01-15T12:36:32.000Z</time></trkpt>
      <trkpt lat="52.739086" lon="-1.352441"><ele>141.2</ele><time>2025-01-15T12:36:33.000Z</time></trkpt>
      <trkpt lat="52.739097" lon="-1.352458"><ele>141.1</ele><time>2025-01-15T12:36:34.000Z</time></trkpt>
      <trkpt lat="52.739107" lon="-1.352474"><ele>141.1</ele><time>2025-01-15T12:36:35.000Z</time></trkpt>
      <trkpt lat="52.739118" lon="-1.352490"><ele>141.0</ele><time>2025-01-15T12:36:36.000Z</time></trkpt>
      <trkpt lat="52.739128" lon="-1.352507"><ele>141.0</ele><time>2025-01-15T12:36:37.000Z</time></trkpt>
      <trkpt lat="52.739139" lon="-1.352525"><ele>140.9</ele><time>2025-01-15T12:36:38.000Z</time></trkpt>
      <trkpt lat="52.739150" lon="-1.352542"><ele>140.9</ele><time>2025-01-15T12:36:39.000Z</time></trkpt>
      <trkpt lat="52.739161" lon="-1.352558"><ele>140.8</ele><time>2025-01-15T12:36:40.000Z</time></trkpt>
      <trkpt lat="52.739172" lon="-1.352574"><ele>140.8</ele><time>2025-01-15T12:36:41.000Z</time></trkpt>
      <trkpt lat="52.739182" lon="-1.352589"><ele>140.7</ele><time>2025-01-15T12:36:42.000Z</time></trkpt>
      <trkpt lat="52.739193" lon="-1.352605"><ele>140.7</ele><time>2025-01-15T12:36:43.000Z</time></trkpt>
      <trkpt lat="52.739203" lon="-1.352620"><ele>140.6</ele><time>2025-01-15T12:36:44.000Z</time></trkpt>
      <trkpt lat="52.739214" lon="-1.352636"><ele>140.6</ele><time>2025-01-15T12:36:45.000Z</time></trkpt>
      <trkpt lat="52.739224" lon="-1.352652"><ele>140.6</ele><time>2025-01-15T12:36:46.000Z</time></trkpt>
      <trkpt lat="52.739234" lon="-1.352667"><ele>140.5</ele><time>2025-01-15T12:36:47.000Z</time></trkpt>
      <trkpt lat="52.739245" lon="-1.352683"><ele>140.5</ele><time>2025-01-15T12:36:48.000Z</time></trkpt>
      <trkpt lat="52.739255" lon="-1.352698"><ele>140.4</ele><time>2025-01-15T12:36:49.000Z</time></trkpt>
      <trkpt lat="52.739265" lon="-1.352713"><ele>140.3</ele><time>2025-01-15T12:36:50.000Z</time></trkpt>
      <trkpt lat="52.739275" lon="-1.352728"><ele>140.3</ele><time>2025-01-15T12:36:51.000Z</time></trkpt>
      <trkpt lat="52.739285" lon="-1.352742"><ele>140.2</ele><time>2025-01-15T12:36:52.000Z</time></trkpt>
      <trkpt lat="52.739296" lon="-1.352754"><ele>140.1</ele><time>2025-01-15T12:36:53.000Z</time></trkpt>
      <trkpt lat="52.739307" lon="-1.352765"><ele>140.0</ele><time>2025-01-15T12:36:54.000Z</time></trkpt>
      <trkpt lat="52.739318" lon="-1.352776"><ele>140.0</ele><time>2025-01-15T12:36:55.000Z</time></trkpt>
      <trkpt lat="52.739330" lon="-1.352786"><ele>139.8</ele><time>2025-01-15T12:36:56.000Z</time></trkpt>
      <trkpt lat="52.739341" lon="-1.352795"><ele>139.7</ele><time>2025-01-15T12:36:57.000Z</time></trkpt>
      <trkpt lat="52.739353" lon="-1.352804"><ele>139.6</ele><time>2025-01-15T12:36:58.000Z</time></trkpt>
      <trkpt lat="52.739364" lon="-1.352815"><ele>139.6</ele><time>2025-01-15T12:36:59.000Z</time></trkpt>
      <trkpt lat="52.739374" lon="-1.352830"><ele>139.5</ele><time>2025-01-15T12:37:00.000Z</time></trkpt>
      <trkpt lat="52.739385" lon="-1.352847"><ele>139.4</ele><time>2025-01-15T12:37:01.000Z</time></trkpt>
      <trkpt lat="52.739395" lon="-1.352863"><ele>139.4</ele><time>2025-01-15T12:37:02.000Z</time></trkpt>
      <trkpt lat="52.739406" lon="-1.352877"><ele>139.4</ele><time>2025-01-15T12:37:03.000Z</time></trkpt>
      <trkpt lat="52.739417" lon="-1.352890"><ele>139.4</ele><time>2025-01-15T12:37:04.000Z</time></trkpt>
      <trkpt lat="52.739429" lon="-1.352903"><ele>139.4</ele><time>2025-01-15T12:37:05.000Z</time></trkpt>
      <trkpt lat="52.739441" lon="-1.352916"><ele>139.4</ele><time>2025-01-15T12:37:06.000Z</time></trkpt>
      <trkpt lat="52.739453" lon="-1.352927"><ele>139.5</ele><time>2025-01-15T12:37:07.000Z</time></trkpt>
      <trkpt lat="52.739465" lon="-1.352936"><ele>139.5</ele><time>2025-01-15T12:37:08.000Z</time></trkpt>
      <trkpt lat="52.739478" lon="-1.352942"><ele>139.6</ele><time>2025-01-15T12:37:09.000Z</time></trkpt>
      <trkpt lat="52.739492" lon="-1.352942"><ele>139.7</ele><time>2025-01-15T12:37:10.000Z</time></trkpt>
      <trkpt lat="52.739506" lon="-1.352938"><ele>139.7</ele><time>2025-01-15T12:37:11.000Z</time></trkpt>
      <trkpt lat="52.739520" lon="-1.352933"><ele>139.8</ele><time>2025-01-15T12:37:12.000Z</time></trkpt>
      <trkpt lat="52.739533" lon="-1.352926"><ele>139.9</ele><time>2025-01-15T12:37:13.000Z</time></trkpt>
      <trkpt lat="52.739547" lon="-1.352918"><ele>139.9</ele><time>2025-01-15T12:37:14.000Z</time></trkpt>
      <trkpt lat="52.739559" lon="-1.352906"><ele>140.0</ele><time>2025-01-15T12:37:15.000Z</time></trkpt>
      <trkpt lat="52.739571" lon="-1.352893"><ele>140.0</ele><time>2025-01-15T12:37:16.000Z</time></trkpt>
      <trkpt lat="52.739582" lon="-1.352878"><ele>140.1</ele><time>2025-01-15T12:37:17.000Z</time></trkpt>
      <trkpt lat="52.739593" lon="-1.352862"><ele>140.1</ele><time>2025-01-15T12:37:18.000Z</time></trkpt>
      <trkpt lat="52.739603" lon="-1.352846"><ele>140.1</ele><time>2025-01-15T12:37:19.000Z</time></trkpt>
      <trkpt lat="52.739614" lon="-1.352829"><ele>140.1</ele><time>2025-01-15T12:37:20.000Z</time></trkpt>
      <trkpt lat="52.739623" lon="-1.352811"><ele>140.1</ele><time>2025-01-15T12:37:21.000Z</time></trkpt>
      <trkpt lat="52.739632" lon="-1.352792"><ele>140.1</ele><time>2025-01-15T12:37:22.000Z</time></trkpt>
      <trkpt lat="52.739641" lon="-1.352773"><ele>140.1</ele><time>2025-01-15T12:37:23.000Z</time></trkpt>
      <trkpt lat="52.739650" lon="-1.352755"><ele>140.1</ele><time>2025-01-15T12:37:24.000Z</time></trkpt>
      <trkpt lat="52.739659" lon="-1.352737"><ele>140.0</ele><time>2025-01-15T12:37:25.000Z</time></trkpt>
      <trkpt lat="52.739669" lon="-1.352720"><ele>140.0</ele><time>2025-01-15T12:37:26.000Z</time></trkpt>
      <trkpt lat="52.739678" lon="-1.352703"><ele>140.0</ele><time>2025-01-15T12:37:27.000Z</time></trkpt>
      <trkpt lat="52.739688" lon="-1.352687"><ele>140.0</ele><time>2025-01-15T12:37:28.000Z</time></trkpt>
      <trkpt lat="52.739697" lon="-1.352670"><ele>140.0</ele><time>2025-01-15T12:37:29.000Z</time></trkpt>
      <trkpt lat="52.739706" lon="-1.352652"><ele>140.1</ele><time>2025-01-15T12:37:30.000Z</time></trkpt>
      <trkpt lat="52.739714" lon="-1.352634"><ele>140.1</ele><time>2025-01-15T12:37:31.000Z</time></trkpt>
      <trkpt lat="52.739723" lon="-1.352616"><ele>140.1</ele><time>2025-01-15T12:37:32.000Z</time></trkpt>
      <trkpt lat="52.739732" lon="-1.352599"><ele>140.2</ele><time>2025-01-15T12:37:33.000Z</time></trkpt>
      <trkpt lat="52.739741" lon="-1.352583"><ele>140.2</ele><time>2025-01-15T12:37:34.000Z</time></trkpt>
      <trkpt lat="52.739751" lon="-1.352568"><ele>140.3</ele><time>2025-01-15T12:37:35.000Z</time></trkpt>
      <trkpt lat="52.739762" lon="-1.352553"><ele>140.3</ele><time>2025-01-15T12:37:36.000Z</time></trkpt>
      <trkpt lat="52.739772" lon="-1.352537"><ele>140.3</ele><time>2025-01-15T12:37:37.000Z</time></trkpt>
      <trkpt lat="52.739782" lon="-1.352521"><ele>140.4</ele><time>2025-01-15T12:37:38.000Z</time></trkpt>
      <trkpt lat="52.739791" lon="-1.352504"><ele>140.4</ele><time>2025-01-15T12:37:39.000Z</time></trkpt>
      <trkpt lat="52.739799" lon="-1.352485"><ele>140.5</ele><time>2025-01-15T12:37:40.000Z</time></trkpt>
      <trkpt lat="52.739806" lon="-1.352466"><ele>140.5</ele><time>2025-01-15T12:37:41.000Z</time></trkpt>
      <trkpt lat="52.739811" lon="-1.352445"><ele>140.5</ele><time>2025-01-15T12:37:42.000Z</time></trkpt>
      <trkpt lat="52.739814" lon="-1.352422"><ele>140.5</ele><time>2025-01-15T12:37:43.000Z</time></trkpt>
      <trkpt lat="52.739815" lon="-1.352399"><ele>140.5</ele><time>2025-01-15T12:37:44.000Z</time></trkpt>
      <trkpt lat="52.739814" lon="-1.352375"><ele>140.6</ele><time>2025-01-15T12:37:45.000Z</time></trkpt>
      <trkpt lat="52.739811" lon="-1.352352"><ele>140.6</ele><time>2025-01-15T12:37:46.000Z</time></trkpt>
      <trkpt lat="52.739808" lon="-1.352328"><ele>140.6</ele><time>2025-01-15T12:37:47.000Z</time></trkpt>
      <trkpt lat="52.739804" lon="-1.352305"><ele>140.6</ele><time>2025-01-15T12:37:48.000Z</time></trkpt>
      <trkpt lat="52.739801" lon="-1.352282"><ele>140.6</ele><time>2025-01-15T12:37:49.000Z</time></trkpt>
      <trkpt lat="52.739798" lon="-1.352259"><ele>140.6</ele><time>2025-01-15T12:37:50.000Z</time></trkpt>
      <trkpt lat="52.739795" lon="-1.352237"><ele>140.7</ele><time>2025-01-15T12:37:51.000Z</time></trkpt>
      <trkpt lat="52.739790" lon="-1.352215"><ele>140.7</ele><time>2025-01-15T12:37:52.000Z</time></trkpt>
      <trkpt lat="52.739785" lon="-1.352193"><ele>140.7</ele><time>2025-01-15T12:37:53.000Z</time></trkpt>
      <trkpt lat="52.739780" lon="-1.352172"><ele>140.8</ele><time>2025-01-15T12:37:54.000Z</time></trkpt>
      <trkpt lat="52.739776" lon="-1.352150"><ele>140.8</ele><time>2025-01-15T12:37:55.000Z</time></trkpt>
      <trkpt lat="52.739772" lon="-1.352128"><ele>140.8</ele><time>2025-01-15T12:37:56.000Z</time></trkpt>
      <trkpt lat="52.739768" lon="-1.352106"><ele>140.9</ele><time>2025-01-15T12:37:57.000Z</time></trkpt>
      <trkpt lat="52.739764" lon="-1.352084"><ele>140.9</ele><time>2025-01-15T12:37:58.000Z</time></trkpt>
      <trkpt lat="52.739760" lon="-1.352063"><ele>141.0</ele><time>2025-01-15T12:37:59.000Z</time></trkpt>
      <trkpt lat="52.739756" lon="-1.352042"><ele>141.0</ele><time>2025-01-15T12:38:00.000Z</time></trkpt>
      <trkpt lat="52.739752" lon="-1.352021"><ele>141.1</ele><time>2025-01-15T12:38:01.000Z</time></trkpt>
      <trkpt lat="52.739747" lon="-1.351999"><ele>141.1</ele><time>2025-01-15T12:38:02.000Z</time></trkpt>
      <trkpt lat="52.739743" lon="-1.351978"><ele>141.2</ele><time>2025-01-15T12:38:03.000Z</time></trkpt>
      <trkpt lat="52.739739" lon="-1.351957"><ele>141.2</ele><time>2025-01-15T12:38:04.000Z</time></trkpt>
      <trkpt lat="52.739736" lon="-1.351936"><ele>141.3</ele><time>2025-01-15T12:38:05.000Z</time></trkpt>
      <trkpt lat="52.739734" lon="-1.351914"><ele>141.4</ele><time>2025-01-15T12:38:06.000Z</time></trkpt>
      <trkpt lat="52.739731" lon="-1.351892"><ele>141.4</ele><time>2025-01-15T12:38:07.000Z</time></trkpt>
      <trkpt lat="52.739729" lon="-1.351870"><ele>141.5</ele><time>2025-01-15T12:38:08.000Z</time></trkpt>
      <trkpt lat="52.739725" lon="-1.351848"><ele>141.5</ele><time>2025-01-15T12:38:09.000Z</time></trkpt>
      <trkpt lat="52.739722" lon="-1.351827"><ele>141.6</ele><time>2025-01-15T12:38:10.000Z</time></trkpt>
      <trkpt lat="52.739718" lon="-1.351805"><ele>141.6</ele><time>2025-01-15T12:38:11.000Z</time></trkpt>
      <trkpt lat="52.739714" lon="-1.351784"><ele>141.7</ele><time>2025-01-15T12:38:12.000Z</time></trkpt>
      <trkpt lat="52.739710" lon="-1.351763"><ele>141.8</ele><time>2025-01-15T12:38:13.000Z</time></trkpt>
      <trkpt lat="52.739706" lon="-1.351741"><ele>141.8</ele><time>2025-01-15T12:38:14.000Z</time></trkpt>
      <trkpt lat="52.739703" lon="-1.351720"><ele>141.9</ele><time>2025-01-15T12:38:15.000Z</time></trkpt>
      <trkpt lat="52.739700" lon="-1.351698"><ele>141.9</ele><time>2025-01-15T12:38:16.000Z</time></trkpt>
      <trkpt lat="52.739697" lon="-1.351677"><ele>142.0</ele><time>2025-01-15T12:38:17.000Z</time></trkpt>
      <trkpt lat="52.739695" lon="-1.351655"><ele>142.0</ele><time>2025-01-15T12:38:18.000Z</time></trkpt>
      <trkpt lat="52.739693" lon="-1.351632"><ele>142.1</ele><time>2025-01-15T12:38:19.000Z</time></trkpt>
      <trkpt lat="52.739691" lon="-1.351610"><ele>142.2</ele><time>2025-01-15T12:38:20.000Z</time></trkpt>
      <trkpt lat="52.739691" lon="-1.351587"><ele>142.2</ele><time>2025-01-15T12:38:21.000Z</time></trkpt>
      <trkpt lat="52.739691" lon="-1.351565"><ele>142.3</ele><time>2025-01-15T12:38:22.000Z</time></trkpt>
      <trkpt lat="52.739689" lon="-1.351543"><ele>142.3</ele><time>2025-01-15T12:38:23.000Z</time></trkpt>
      <trkpt lat="52.739687" lon="-1.351522"><ele>142.4</ele><time>2025-01-15T12:38:24.000Z</time></trkpt>
      <trkpt lat="52.739684" lon="-1.351501"><ele>142.5</ele><time>2025-01-15T12:38:25.000Z</time></trkpt>
      <trkpt lat="52.739680" lon="-1.351480"><ele>142.5</ele><time>2025-01-15T12:38:26.000Z</time></trkpt>
      <trkpt lat="52.739676" lon="-1.351459"><ele>142.6</ele><time>2025-01-15T12:38:27.000Z</time></trkpt>
      <trkpt lat="52.739671" lon="-1.351439"><ele>142.7</ele><time>2025-01-15T12:38:28.000Z</time></trkpt>
      <trkpt lat="52.739667" lon="-1.351418"><ele>142.8</ele><time>2025-01-15T12:38:29.000Z</time></trkpt>
      <trkpt lat="52.739663" lon="-1.351397"><ele>142.8</ele><time>2025-01-15T12:38:30.000Z</time></trkpt>
      <trkpt lat="52.739659" lon="-1.351377"><ele>142.9</ele><time>2025-01-15T12:38:31.000Z</time></trkpt>
      <trkpt lat="52.739655" lon="-1.351357"><ele>143.0</ele><time>2025-01-15T12:38:32.000Z</time></trkpt>
      <trkpt lat="52.739652" lon="-1.351336"><ele>143.1</ele><time>2025-01-15T12:38:33.000Z</time></trkpt>
      <trkpt lat="52.739651" lon="-1.351315"><ele>143.2</ele><time>2025-01-15T12:38:34.000Z</time></trkpt>
      <trkpt lat="52.739649" lon="-1.351294"><ele>143.3</ele><time>2025-01-15T12:38:35.000Z</time></trkpt>
      <trkpt lat="52.739647" lon="-1.351272"><ele>143.4</ele><time>2025-01-15T12:38:36.000Z</time></trkpt>
      <trkpt lat="52.739645" lon="-1.351250"><ele>143.5</ele><time>2025-01-15T12:38:37.000Z</time></trkpt>
      <trkpt lat="52.739643" lon="-1.351228"><ele>143.7</ele><time>2025-01-15T12:38:38.000Z</time></trkpt>
      <trkpt lat="52.739641" lon="-1.351207"><ele>143.8</ele><time>2025-01-15T12:38:39.000Z</time></trkpt>
      <trkpt lat="52.739638" lon="-1.351186"><ele>143.9</ele><time>2025-01-15T12:38:40.000Z</time></trkpt>
      <trkpt lat="52.739635" lon="-1.351165"><ele>144.1</ele><time>2025-01-15T12:38:41.000Z</time></trkpt>
      <trkpt lat="52.739632" lon="-1.351144"><ele>144.2</ele><time>2025-01-15T12:38:42.000Z</time></trkpt>
      <trkpt lat="52.739630" lon="-1.351123"><ele>144.4</ele><time>2025-01-15T12:38:43.000Z</time></trkpt>
      <trkpt lat="52.739628" lon="-1.351102"><ele>144.6</ele><time>2025-01-15T12:38:44.000Z</time></trkpt>
      <trkpt lat="52.739626" lon="-1.351082"><ele>144.7</ele><time>2025-01-15T12:38:45.000Z</time></trkpt>
      <trkpt lat="52.739623" lon="-1.351060"><ele>144.9</ele><time>2025-01-15T12:38:46.000Z</time></trkpt>
      <trkpt lat="52.739621" lon="-1.351039"><ele>145.1</ele><time>2025-01-15T12:38:47.000Z</time></trkpt>
      <trkpt lat="52.739619" lon="-1.351018"><ele>145.3</ele><time>2025-01-15T12:38:48.000Z</time></trkpt>
      <trkpt lat="52.739617" lon="-1.350997"><ele>145.4</ele><time>2025-01-15T12:38:49.000Z</time></trkpt>
      <trkpt lat="52.739613" lon="-1.350977"><ele>145.6</ele><time>2025-01-15T12:38:50.000Z</time></trkpt>
      <trkpt lat="52.739609" lon="-1.350956"><ele>145.8</ele><time>2025-01-15T12:38:51.000Z</time></trkpt>
      <trkpt lat="52.739606" lon="-1.350935"><ele>146.0</ele><time>2025-01-15T12:38:52.000Z</time></trkpt>
      <trkpt lat="52.739603" lon="-1.350914"><ele>146.1</ele><time>2025-01-15T12:38:53.000Z</time></trkpt>
      <trkpt lat="52.739600" lon="-1.350893"><ele>146.3</ele><time>2025-01-15T12:38:54.000Z</time></trkpt>
      <trkpt lat="52.739598" lon="-1.350871"><ele>146.4</ele><time>2025-01-15T12:38:54.000Z</time></trkpt>
      <trkpt lat="52.739595" lon="-1.350850"><ele>146.6</ele><time>2025-01-15T12:38:56.000Z</time></trkpt>
      <trkpt lat="52.739593" lon="-1.350829"><ele>146.7</ele><time>2025-01-15T12:38:56.000Z</time></trkpt>
      <trkpt lat="52.739589" lon="-1.350808"><ele>146.9</ele><time>2025-01-15T12:38:57.000Z</time></trkpt>
      <trkpt lat="52.739585" lon="-1.350789"><ele>147.0</ele><time>2025-01-15T12:38:58.000Z</time></trkpt>
      <trkpt lat="52.739580" lon="-1.350770"><ele>147.1</ele><time>2025-01-15T12:38:59.000Z</time></trkpt>
      <trkpt lat="52.739576" lon="-1.350750"><ele>147.3</ele><time>2025-01-15T12:39:00.000Z</time></trkpt>
      <trkpt lat="52.739573" lon="-1.350730"><ele>147.4</ele><time>2025-01-15T12:39:01.000Z</time></trkpt>
      <trkpt lat="52.739570" lon="-1.350710"><ele>147.6</ele><time>2025-01-15T12:39:02.000Z</time></trkpt>
      <trkpt lat="52.739567" lon="-1.350690"><ele>147.7</ele><time>2025-01-15T12:39:03.000Z</time></trkpt>
      <trkpt lat="52.739564" lon="-1.350669"><ele>147.8</ele><time>2025-01-15T12:39:05.000Z</time></trkpt>
      <trkpt lat="52.739561" lon="-1.350649"><ele>148.0</ele><time>2025-01-15T12:39:06.000Z</time></trkpt>
      <trkpt lat="52.739559" lon="-1.350628"><ele>148.1</ele><time>2025-01-15T12:39:07.000Z</time></trkpt>
      <trkpt lat="52.739557" lon="-1.350607"><ele>148.3</ele><time>2025-01-15T12:39:07.000Z</time></trkpt>
      <trkpt lat="52.739554" lon="-1.350585"><ele>148.4</ele><time>2025-01-15T12:39:08.000Z</time></trkpt>
      <trkpt lat="52.739551" lon="-1.350564"><ele>148.6</ele><time>2025-01-15T12:39:09.000Z</time></trkpt>
      <trkpt lat="52.739549" lon="-1.350543"><ele>148.7</ele><time>2025-01-15T12:39:10.000Z</time></trkpt>
      <trkpt lat="52.739547" lon="-1.350522"><ele>148.9</ele><time>2025-01-15T12:39:11.000Z</time></trkpt>
      <trkpt lat="52.739546" lon="-1.350501"><ele>149.0</ele><time>2025-01-15T12:39:12.000Z</time></trkpt>
      <trkpt lat="52.739544" lon="-1.350480"><ele>149.1</ele><time>2025-01-15T12:39:13.000Z</time></trkpt>
      <trkpt lat="52.739542" lon="-1.350458"><ele>149.3</ele><time>2025-01-15T12:39:15.000Z</time></trkpt>
      <trkpt lat="52.739540" lon="-1.350437"><ele>149.4</ele><time>2025-01-15T12:39:16.000Z</time></trkpt>
      <trkpt lat="52.739537" lon="-1.350417"><ele>149.5</ele><time>2025-01-15T12:39:17.000Z</time></trkpt>
      <trkpt lat="52.739534" lon="-1.350396"><ele>149.6</ele><time>2025-01-15T12:39:18.000Z</time></trkpt>
      <trkpt lat="52.739530" lon="-1.350375"><ele>149.7</ele><time>2025-01-15T12:39:19.000Z</time></trkpt>
      <trkpt lat="52.739526" lon="-1.350355"><ele>149.8</ele><time>2025-01-15T12:39:20.000Z</time></trkpt>
      <trkpt lat="52.739522" lon="-1.350335"><ele>149.9</ele><time>2025-01-15T12:39:21.000Z</time></trkpt>
      <trkpt lat="52.739518" lon="-1.350314"><ele>150.0</ele><time>2025-01-15T12:39:22.000Z</time></trkpt>
      <trkpt lat="52.739515" lon="-1.350294"><ele>150.1</ele><time>2025-01-15T12:39:23.000Z</time></trkpt>
      <trkpt lat="52.739513" lon="-1.350274"><ele>150.3</ele><time>2025-01-15T12:39:24.000Z</time></trkpt>
      <trkpt lat="52.739511" lon="-1.350254"><ele>150.4</ele><time>2025-01-15T12:39:25.000Z</time></trkpt>
      <trkpt lat="52.739509" lon="-1.350233"><ele>150.5</ele><time>2025-01-15T12:39:26.000Z</time></trkpt>
      <trkpt lat="52.739507" lon="-1.350213"><ele>150.6</ele><time>2025-01-15T12:39:27.000Z</time></trkpt>
      <trkpt lat="52.739504" lon="-1.350192"><ele>150.7</ele><time>2025-01-15T12:39:28.000Z</time></trkpt>
      <trkpt lat="52.739500" lon="-1.350172"><ele>150.8</ele><time>2025-01-15T12:39:29.000Z</time></trkpt>
      <trkpt lat="52.739495" lon="-1.350153"><ele>150.9</ele><time>2025-01-15T12:39:30.000Z</time></trkpt>
      <trkpt lat="52.739488" lon="-1.350134"><ele>150.9</ele><time>2025-01-15T12:39:31.000Z</time></trkpt>
      <trkpt lat="52.739480" lon="-1.350117"><ele>151.0</ele><time>2025-01-15T12:39:32.000Z</time></trkpt>
      <trkpt lat="52.739472" lon="-1.350101"><ele>151.1</ele><time>2025-01-15T12:39:33.000Z</time></trkpt>
      <trkpt lat="52.739463" lon="-1.350085"><ele>151.2</ele><time>2025-01-15T12:39:34.000Z</time></trkpt>
      <trkpt lat="52.739457" lon="-1.350069"><ele>151.4</ele><time>2025-01-15T12:39:35.000Z</time></trkpt>
      <trkpt lat="52.739452" lon="-1.350051"><ele>151.5</ele><time>2025-01-15T12:39:36.000Z</time></trkpt>
      <trkpt lat="52.739449" lon="-1.350031"><ele>151.6</ele><time>2025-01-15T12:39:37.000Z</time></trkpt>
      <trkpt lat="52.739447" lon="-1.350010"><ele>151.7</ele><time>2025-01-15T12:39:38.000Z</time></trkpt>
      <trkpt lat="52.739445" lon="-1.349989"><ele>151.8</ele><time>2025-01-15T12:39:39.000Z</time></trkpt>
      <trkpt lat="52.739444" lon="-1.349968"><ele>151.9</ele><time>2025-01-15T12:39:40.000Z</time></trkpt>
      <trkpt lat="52.739443" lon="-1.349948"><ele>152.0</ele><time>2025-01-15T12:39:41.000Z</time></trkpt>
      <trkpt lat="52.739442" lon="-1.349928"><ele>152.1</ele><time>2025-01-15T12:39:42.000Z</time></trkpt>
      <trkpt lat="52.739442" lon="-1.349908"><ele>152.3</ele><time>2025-01-15T12:39:43.000Z</time></trkpt>
      <trkpt lat="52.739444" lon="-1.349889"><ele>152.4</ele><time>2025-01-15T12:39:44.000Z</time></trkpt>
      <trkpt lat="52.739447" lon="-1.349868"><ele>152.5</ele><time>2025-01-15T12:39:45.000Z</time></trkpt>
      <trkpt lat="52.739448" lon="-1.349847"><ele>152.6</ele><time>2025-01-15T12:39:46.000Z</time></trkpt>
      <trkpt lat="52.739449" lon="-1.349826"><ele>152.8</ele><time>2025-01-15T12:39:47.000Z</time></trkpt>
      <trkpt lat="52.739449" lon="-1.349805"><ele>152.9</ele><time>2025-01-15T12:39:48.000Z</time></trkpt>
      <trkpt lat="52.739448" lon="-1.349784"><ele>153.0</ele><time>2025-01-15T12:39:49.000Z</time></trkpt>
      <trkpt lat="52.739447" lon="-1.349764"><ele>153.1</ele><time>2025-01-15T12:39:50.000Z</time></trkpt>
      <trkpt lat="52.739444" lon="-1.349744"><ele>153.3</ele><time>2025-01-15T12:39:51.000Z</time></trkpt>
      <trkpt lat="52.739440" lon="-1.349725"><ele>153.4</ele><time>2025-01-15T12:39:52.000Z</time></trkpt>
      <trkpt lat="52.739436" lon="-1.349705"><ele>153.5</ele><time>2025-01-15T12:39:53.000Z</time></trkpt>
      <trkpt lat="52.739432" lon="-1.349685"><ele>153.7</ele><time>2025-01-15T12:39:54.000Z</time></trkpt>
      <trkpt lat="52.739429" lon="-1.349665"><ele>153.8</ele><time>2025-01-15T12:39:55.000Z</time></trkpt>
      <trkpt lat="52.739427" lon="-1.349645"><ele>153.9</ele><time>2025-01-15T12:39:56.000Z</time></trkpt>
      <trkpt lat="52.739424" lon="-1.349625"><ele>154.1</ele><time>2025-01-15T12:39:57.000Z</time></trkpt>
      <trkpt lat="52.739420" lon="-1.349605"><ele>154.2</ele><time>2025-01-15T12:39:58.000Z</time></trkpt>
      <trkpt lat="52.739416" lon="-1.349585"><ele>154.3</ele><time>2025-01-15T12:39:59.000Z</time></trkpt>
      <trkpt lat="52.739413" lon="-1.349566"><ele>154.5</ele><time>2025-01-15T12:40:00.000Z</time></trkpt>
      <trkpt lat="52.739410" lon="-1.349546"><ele>154.6</ele><time>2025-01-15T12:40:01.000Z</time></trkpt>
      <trkpt lat="52.739406" lon="-1.349526"><ele>154.7</ele><time>2025-01-15T12:40:02.000Z</time></trkpt>
      <trkpt lat="52.739403" lon="-1.349506"><ele>154.8</ele><time>2025-01-15T12:40:03.000Z</time></trkpt>
      <trkpt lat="52.739401" lon="-1.349486"><ele>154.9</ele><time>2025-01-15T12:40:04.000Z</time></trkpt>
      <trkpt lat="52.739398" lon="-1.349466"><ele>155.0</ele><time>2025-01-15T12:40:05.000Z</time></trkpt>
      <trkpt lat="52.739395" lon="-1.349445"><ele>155.1</ele><time>2025-01-15T12:40:06.000Z</time></trkpt>
      <trkpt lat="52.739392" lon="-1.349426"><ele>155.2</ele><time>2025-01-15T12:40:07.000Z</time></trkpt>
      <trkpt lat="52.739389" lon="-1.349406"><ele>155.3</ele><time>2025-01-15T12:40:08.000Z</time></trkpt>
      <trkpt lat="52.739386" lon="-1.349386"><ele>155.4</ele><time>2025-01-15T12:40:09.000Z</time></trkpt>
      <trkpt lat="52.739384" lon="-1.349366"><ele>155.5</ele><time>2025-01-15T12:40:10.000Z</time></trkpt>
      <trkpt lat="52.739381" lon="-1.349345"><ele>155.5</ele><time>2025-01-15T12:40:11.000Z</time></trkpt>
      <trkpt lat="52.739378" lon="-1.349325"><ele>155.6</ele><time>2025-01-15T12:40:12.000Z</time></trkpt>
      <trkpt lat="52.739376" lon="-1.349304"><ele>155.7</ele><time>2025-01-15T12:40:13.000Z</time></trkpt>
      <trkpt lat="52.739373" lon="-1.349283"><ele>155.7</ele><time>2025-01-15T12:40:14.000Z</time></trkpt>
      <trkpt lat="52.739370" lon="-1.349262"><ele>155.8</ele><time>2025-01-15T12:40:15.000Z</time></trkpt>
      <trkpt lat="52.739367" lon="-1.349242"><ele>155.8</ele><time>2025-01-15T12:40:16.000Z</time></trkpt>
      <trkpt lat="52.739364" lon="-1.349221"><ele>155.9</ele><time>2025-01-15T12:40:17.000Z</time></trkpt>
      <trkpt lat="52.739360" lon="-1.349201"><ele>156.0</ele><time>2025-01-15T12:40:18.000Z</time></trkpt>
      <trkpt lat="52.739357" lon="-1.349181"><ele>156.0</ele><time>2025-01-15T12:40:19.000Z</time></trkpt>
      <trkpt lat="52.739354" lon="-1.349160"><ele>156.1</ele><time>2025-01-15T12:40:20.000Z</time></trkpt>
      <trkpt lat="52.739351" lon="-1.349140"><ele>156.1</ele><time>2025-01-15T12:40:21.000Z</time></trkpt>
      <trkpt lat="52.739346" lon="-1.349120"><ele>156.2</ele><time>2025-01-15T12:40:22.000Z</time></trkpt>
      <trkpt lat="52.739341" lon="-1.349100"><ele>156.2</ele><time>2025-01-15T12:40:23.000Z</time></trkpt>
      <trkpt lat="52.739337" lon="-1.349081"><ele>156.3</ele><time>2025-01-15T12:40:24.000Z</time></trkpt>
      <trkpt lat="52.739332" lon="-1.349061"><ele>156.3</ele><time>2025-01-15T12:40:25.000Z</time></trkpt>
      <trkpt lat="52.739328" lon="-1.349042"><ele>156.4</ele><time>2025-01-15T12:40:26.000Z</time></trkpt>
      <trkpt lat="52.739323" lon="-1.349021"><ele>156.5</ele><time>2025-01-15T12:40:27.000Z</time></trkpt>
      <trkpt lat="52.739318" lon="-1.349001"><ele>156.6</ele><time>2025-01-15T12:40:28.000Z</time></trkpt>
      <trkpt lat="52.739313" lon="-1.348982"><ele>156.7</ele><time>2025-01-15T12:40:29.000Z</time></trkpt>
      <trkpt lat="52.739309" lon="-1.348962"><ele>156.7</ele><time>2025-01-15T12:40:30.000Z</time></trkpt>
      <trkpt lat="52.739305" lon="-1.348941"><ele>156.8</ele><time>2025-01-15T12:40:31.000Z</time></trkpt>
      <trkpt lat="52.739301" lon="-1.348920"><ele>156.9</ele><time>2025-01-15T12:40:32.000Z</time></trkpt>
      <trkpt lat="52.739298" lon="-1.348899"><ele>157.0</ele><time>2025-01-15T12:40:33.000Z</time></trkpt>
      <trkpt lat="52.739295" lon="-1.348878"><ele>157.1</ele><time>2025-01-15T12:40:34.000Z</time></trkpt>
      <trkpt lat="52.739292" lon="-1.348858"><ele>157.3</ele><time>2025-01-15T12:40:35.000Z</time></trkpt>
      <trkpt lat="52.739290" lon="-1.348839"><ele>157.4</ele><time>2025-01-15T12:40:36.000Z</time></trkpt>
      <trkpt lat="52.739290" lon="-1.348820"><ele>157.5</ele><time>2025-01-15T12:40:37.000Z</time></trkpt>
      <trkpt lat="52.739291" lon="-1.348799"><ele>157.6</ele><time>2025-01-15T12:40:38.000Z</time></trkpt>
      <trkpt lat="52.739294" lon="-1.348778"><ele>157.7</ele><time>2025-01-15T12:40:39.000Z</time></trkpt>
      <trkpt lat="52.739298" lon="-1.348756"><ele>157.8</ele><time>2025-01-15T12:40:40.000Z</time></trkpt>
      <trkpt lat="52.739304" lon="-1.348735"><ele>158.0</ele><time>2025-01-15T12:40:41.000Z</time></trkpt>
      <trkpt lat="52.739310" lon="-1.348713"><ele>158.1</ele><time>2025-01-15T12:40:42.000Z</time></trkpt>
      <trkpt lat="52.739315" lon="-1.348692"><ele>158.2</ele><time>2025-01-15T12:40:43.000Z</time></trkpt>
      <trkpt lat="52.739319" lon="-1.348671"><ele>158.3</ele><time>2025-01-15T12:40:44.000Z</time></trkpt>
      <trkpt lat="52.739322" lon="-1.348649"><ele>158.5</ele><time>2025-01-15T12:40:45.000Z</time></trkpt>
      <trkpt lat="52.739323" lon="-1.348626"><ele>158.6</ele><time>2025-01-15T12:40:46.000Z</time></trkpt>
      <trkpt lat="52.739323" lon="-1.348604"><ele>158.7</ele><time>2025-01-15T12:40:47.000Z</time></trkpt>
      <trkpt lat="52.739322" lon="-1.348582"><ele>158.9</ele><time>2025-01-15T12:40:48.000Z</time></trkpt>
      <trkpt lat="52.739321" lon="-1.348561"><ele>159.0</ele><time>2025-01-15T12:40:49.000Z</time></trkpt>
      <trkpt lat="52.739319" lon="-1.348540"><ele>159.1</ele><time>2025-01-15T12:40:50.000Z</time></trkpt>
      <trkpt lat="52.739316" lon="-1.348518"><ele>159.2</ele><time>2025-01-15T12:40:51.000Z</time></trkpt>
      <trkpt lat="52.739313" lon="-1.348496"><ele>159.3</ele><time>2025-01-15T12:40:52.000Z</time></trkpt>
      <trkpt lat="52.739310" lon="-1.348475"><ele>159.4</ele><time>2025-01-15T12:40:53.000Z</time></trkpt>
      <trkpt lat="52.739305" lon="-1.348454"><ele>159.5</ele><time>2025-01-15T12:40:54.000Z</time></trkpt>
      <trkpt lat="52.739300" lon="-1.348433"><ele>159.6</ele><time>2025-01-15T12:40:55.000Z</time></trkpt>
      <trkpt lat="52.739295" lon="-1.348413"><ele>159.7</ele><time>2025-01-15T12:40:56.000Z</time></trkpt>
      <trkpt lat="52.739291" lon="-1.348393"><ele>159.8</ele><time>2025-01-15T12:40:57.000Z</time></trkpt>
      <trkpt lat="52.739288" lon="-1.348371"><ele>159.9</ele><time>2025-01-15T12:40:58.000Z</time></trkpt>
      <trkpt lat="52.739284" lon="-1.348350"><ele>160.0</ele><time>2025-01-15T12:40:59.000Z</time></trkpt>
      <trkpt lat="52.739280" lon="-1.348330"><ele>160.1</ele><time>2025-01-15T12:41:00.000Z</time></trkpt>
      <trkpt lat="52.739276" lon="-1.348309"><ele>160.2</ele><time>2025-01-15T12:41:01.000Z</time></trkpt>
      <trkpt lat="52.739272" lon="-1.348288"><ele>160.3</ele><time>2025-01-15T12:41:02.000Z</time></trkpt>
      <trkpt lat="52.739268" lon="-1.348266"><ele>160.4</ele><time>2025-01-15T12:41:03.000Z</time></trkpt>
      <trkpt lat="52.739265" lon="-1.348244"><ele>160.5</ele><time>2025-01-15T12:41:04.000Z</time></trkpt>
      <trkpt lat="52.739261" lon="-1.348222"><ele>160.6</ele><time>2025-01-15T12:41:05.000Z</time></trkpt>
      <trkpt lat="52.739258" lon="-1.348200"><ele>160.7</ele><time>2025-01-15T12:41:06.000Z</time></trkpt>
      <trkpt lat="52.739255" lon="-1.348179"><ele>160.8</ele><time>2025-01-15T12:41:07.000Z</time></trkpt>
      <trkpt lat="52.739252" lon="-1.348158"><ele>160.8</ele><time>2025-01-15T12:41:08.000Z</time></trkpt>
      <trkpt lat="52.739248" lon="-1.348136"><ele>160.9</ele><time>2025-01-15T12:41:09.000Z</time></trkpt>
      <trkpt lat="52.739245" lon="-1.348115"><ele>161.0</ele><time>2025-01-15T12:41:10.000Z</time></trkpt>
      <trkpt lat="52.739241" lon="-1.348093"><ele>161.1</ele><time>2025-01-15T12:41:11.000Z</time></trkpt>
      <trkpt lat="52.739238" lon="-1.348072"><ele>161.2</ele><time>2025-01-15T12:41:12.000Z</time></trkpt>
      <trkpt lat="52.739234" lon="-1.348050"><ele>161.3</ele><time>2025-01-15T12:41:13.000Z</time></trkpt>
      <trkpt lat="52.739231" lon="-1.348029"><ele>161.4</ele><time>2025-01-15T12:41:14.000Z</time></trkpt>
      <trkpt lat="52.739227" lon="-1.348008"><ele>161.5</ele><time>2025-01-15T12:41:15.000Z</time></trkpt>
      <trkpt lat="52.739224" lon="-1.347987"><ele>161.6</ele><time>2025-01-15T12:41:16.000Z</time></trkpt>
      <trkpt lat="52.739220" lon="-1.347966"><ele>161.7</ele><time>2025-01-15T12:41:17.000Z</time></trkpt>
      <trkpt lat="52.739215" lon="-1.347946"><ele>161.8</ele><time>2025-01-15T12:41:18.000Z</time></trkpt>
      <trkpt lat="52.739211" lon="-1.347926"><ele>161.9</ele><time>2025-01-15T12:41:19.000Z</time></trkpt>
      <trkpt lat="52.739208" lon="-1.347907"><ele>162.0</ele><time>2025-01-15T12:41:20.000Z</time></trkpt>
      <trkpt lat="52.739205" lon="-1.347888"><ele>162.1</ele><time>2025-01-15T12:41:21.000Z</time></trkpt>
      <trkpt lat="52.739201" lon="-1.347867"><ele>162.1</ele><time>2025-01-15T12:41:22.000Z</time></trkpt>
      <trkpt lat="52.739198" lon="-1.347845"><ele>162.2</ele><time>2025-01-15T12:41:23.000Z</time></trkpt>
      <trkpt lat="52.739195" lon="-1.347824"><ele>162.3</ele><time>2025-01-15T12:41:24.000Z</time></trkpt>
      <trkpt lat="52.739192" lon="-1.347803"><ele>162.4</ele><time>2025-01-15T12:41:25.000Z</time></trkpt>
      <trkpt lat="52.739189" lon="-1.347782"><ele>162.5</ele><time>2025-01-15T12:41:26.000Z</time></trkpt>
      <trkpt lat="52.739186" lon="-1.347760"><ele>162.5</ele><time>2025-01-15T12:41:27.000Z</time></trkpt>
      <trkpt lat="52.739183" lon="-1.347738"><ele>162.6</ele><time>2025-01-15T12:41:28.000Z</time></trkpt>
      <trkpt lat="52.739180" lon="-1.347718"><ele>162.7</ele><time>2025-01-15T12:41:29.000Z</time></trkpt>
      <trkpt lat="52.739176" lon="-1.347697"><ele>162.8</ele><time>2025-01-15T12:41:30.000Z</time></trkpt>
      <trkpt lat="52.739172" lon="-1.347677"><ele>162.9</ele><time>2025-01-15T12:41:31.000Z</time></trkpt>
      <trkpt lat="52.739169" lon="-1.347658"><ele>162.9</ele><time>2025-01-15T12:41:32.000Z</time></trkpt>
      <trkpt lat="52.739168" lon="-1.347639"><ele>163.0</ele><time>2025-01-15T12:41:33.000Z</time></trkpt>
      <trkpt lat="52.739169" lon="-1.347624"><ele>163.1</ele><time>2025-01-15T12:41:34.000Z</time></trkpt>
      <trkpt lat="52.739174" lon="-1.347611"><ele>163.2</ele><time>2025-01-15T12:41:35.000Z</time></trkpt>
      <trkpt lat="52.739183" lon="-1.347602"><ele>163.3</ele><time>2025-01-15T12:41:36.000Z</time></trkpt>
      <trkpt lat="52.739193" lon="-1.347594"><ele>163.4</ele><time>2025-01-15T12:41:37.000Z</time></trkpt>
      <trkpt lat="52.739205" lon="-1.347588"><ele>163.4</ele><time>2025-01-15T12:41:38.000Z</time></trkpt>
      <trkpt lat="52.739218" lon="-1.347584"><ele>163.5</ele><time>2025-01-15T12:41:39.000Z</time></trkpt>
      <trkpt lat="52.739232" lon="-1.347581"><ele>163.6</ele><time>2025-01-15T12:41:40.000Z</time></trkpt>
      <trkpt lat="52.739246" lon="-1.347579"><ele>163.7</ele><time>2025-01-15T12:41:41.000Z</time></trkpt>
      <trkpt lat="52.739260" lon="-1.347576"><ele>163.7</ele><time>2025-01-15T12:41:42.000Z</time></trkpt>
      <trkpt lat="52.739272" lon="-1.347572"><ele>163.8</ele><time>2025-01-15T12:41:43.000Z</time></trkpt>
      <trkpt lat="52.739285" lon="-1.347568"><ele>163.8</ele><time>2025-01-15T12:41:44.000Z</time></trkpt>
      <trkpt lat="52.739297" lon="-1.347564"><ele>163.9</ele><time>2025-01-15T12:41:45.000Z</time></trkpt>
      <trkpt lat="52.739310" lon="-1.347558"><ele>164.0</ele><time>2025-01-15T12:41:46.000Z</time></trkpt>
      <trkpt lat="52.739322" lon="-1.347552"><ele>164.0</ele><time>2025-01-15T12:41:47.000Z</time></trkpt>
      <trkpt lat="52.739334" lon="-1.347546"><ele>164.0</ele><time>2025-01-15T12:41:48.000Z</time></trkpt>
      <trkpt lat="52.739346" lon="-1.347540"><ele>164.1</ele><time>2025-01-15T12:41:49.000Z</time></trkpt>
      <trkpt lat="52.739358" lon="-1.347534"><ele>164.1</ele><time>2025-01-15T12:41:50.000Z</time></trkpt>
      <trkpt lat="52.739370" lon="-1.347528"><ele>164.2</ele><time>2025-01-15T12:41:51.000Z</time></trkpt>
      <trkpt lat="52.739382" lon="-1.347521"><ele>164.3</ele><time>2025-01-15T12:41:52.000Z</time></trkpt>
      <trkpt lat="52.739394" lon="-1.347514"><ele>164.3</ele><time>2025-01-15T12:41:53.000Z</time></trkpt>
      <trkpt lat="52.739407" lon="-1.347507"><ele>164.4</ele><time>2025-01-15T12:41:54.000Z</time></trkpt>
      <trkpt lat="52.739419" lon="-1.347499"><ele>164.5</ele><time>2025-01-15T12:41:55.000Z</time></trkpt>
      <trkpt lat="52.739432" lon="-1.347490"><ele>164.6</ele><time>2025-01-15T12:41:56.000Z</time></trkpt>
      <trkpt lat="52.739444" lon="-1.347482"><ele>164.6</ele><time>2025-01-15T12:41:57.000Z</time></trkpt>
      <trkpt lat="52.739456" lon="-1.347474"><ele>164.7</ele><time>2025-01-15T12:41:58.000Z</time></trkpt>
      <trkpt lat="52.739469" lon="-1.347466"><ele>164.8</ele><time>2025-01-15T12:41:59.000Z</time></trkpt>
      <trkpt lat="52.739481" lon="-1.347458"><ele>164.9</ele><time>2025-01-15T12:42:00.000Z</time></trkpt>
      <trkpt lat="52.739494" lon="-1.347451"><ele>165.0</ele><time>2025-01-15T12:42:01.000Z</time></trkpt>
      <trkpt lat="52.739506" lon="-1.347443"><ele>165.1</ele><time>2025-01-15T12:42:02.000Z</time></trkpt>
      <trkpt lat="52.739518" lon="-1.347436"><ele>165.2</ele><time>2025-01-15T12:42:03.000Z</time></trkpt>
      <trkpt lat="52.739531" lon="-1.347431"><ele>165.3</ele><time>2025-01-15T12:42:04.000Z</time></trkpt>
      <trkpt lat="52.739542" lon="-1.347425"><ele>165.4</ele><time>2025-01-15T12:42:05.000Z</time></trkpt>
      <trkpt lat="52.739554" lon="-1.347418"><ele>165.5</ele><time>2025-01-15T12:42:06.000Z</time></trkpt>
      <trkpt lat="52.739566" lon="-1.347411"><ele>165.6</ele><time>2025-01-15T12:42:07.000Z</time></trkpt>
      <trkpt lat="52.739579" lon="-1.347403"><ele>165.7</ele><time>2025-01-15T12:42:08.000Z</time></trkpt>
      <trkpt lat="52.739591" lon="-1.347395"><ele>165.8</ele><time>2025-01-15T12:42:09.000Z</time></trkpt>
      <trkpt lat="52.739602" lon="-1.347385"><ele>165.9</ele><time>2025-01-15T12:42:10.000Z</time></trkpt>
      <trkpt lat="52.739612" lon="-1.347376"><ele>165.9</ele><time>2025-01-15T12:42:11.000Z</time></trkpt>
      <trkpt lat="52.739623" lon="-1.347369"><ele>166.0</ele><time>2025-01-15T12:42:12.000Z</time></trkpt>
      <trkpt lat="52.739634" lon="-1.347363"><ele>166.0</ele><time>2025-01-15T12:42:13.000Z</time></trkpt>
      <trkpt lat="52.739646" lon="-1.347357"><ele>166.0</ele><time>2025-01-15T12:42:14.000Z</time></trkpt>
      <trkpt lat="52.739657" lon="-1.347350"><ele>166.1</ele><time>2025-01-15T12:42:15.000Z</time></trkpt>
      <trkpt lat="52.739667" lon="-1.347341"><ele>166.1</ele><time>2025-01-15T12:42:16.000Z</time></trkpt>
      <trkpt lat="52.739675" lon="-1.347331"><ele>166.2</ele><time>2025-01-15T12:42:17.000Z</time></trkpt>
      <trkpt lat="52.739681" lon="-1.347320"><ele>166.2</ele><time>2025-01-15T12:42:18.000Z</time></trkpt>
      <trkpt lat="52.739687" lon="-1.347308"><ele>166.3</ele><time>2025-01-15T12:42:19.000Z</time></trkpt>
      <trkpt lat="52.739692" lon="-1.347296"><ele>166.3</ele><time>2025-01-15T12:42:20.000Z</time></trkpt>
      <trkpt lat="52.739697" lon="-1.347285"><ele>166.4</ele><time>2025-01-15T12:42:21.000Z</time></trkpt>
      <trkpt lat="52.739703" lon="-1.347273"><ele>166.4</ele><time>2025-01-15T12:42:22.000Z</time></trkpt>
      <trkpt lat="52.739712" lon="-1.347260"><ele>166.5</ele><time>2025-01-15T12:42:23.000Z</time></trkpt>
      <trkpt lat="52.739722" lon="-1.347247"><ele>166.6</ele><time>2025-01-15T12:42:24.000Z</time></trkpt>
      <trkpt lat="52.739734" lon="-1.347235"><ele>166.7</ele><time>2025-01-15T12:42:25.000Z</time></trkpt>
      <trkpt lat="52.739744" lon="-1.347225"><ele>166.8</ele><time>2025-01-15T12:42:26.000Z</time></trkpt>
      <trkpt lat="52.739755" lon="-1.347215"><ele>166.9</ele><time>2025-01-15T12:42:27.000Z</time></trkpt>
      <trkpt lat="52.739765" lon="-1.347206"><ele>167.0</ele><time>2025-01-15T12:42:28.000Z</time></trkpt>
      <trkpt lat="52.739776" lon="-1.347197"><ele>167.1</ele><time>2025-01-15T12:42:29.000Z</time></trkpt>
      <trkpt lat="52.739786" lon="-1.347188"><ele>167.2</ele><time>2025-01-15T12:42:30.000Z</time></trkpt>
      <trkpt lat="52.739796" lon="-1.347180"><ele>167.4</ele><time>2025-01-15T12:42:31.000Z</time></trkpt>
      <trkpt lat="52.739805" lon="-1.347171"><ele>167.5</ele><time>2025-01-15T12:42:32.000Z</time></trkpt>
      <trkpt lat="52.739815" lon="-1.347162"><ele>167.6</ele><time>2025-01-15T12:42:33.000Z</time></trkpt>
      <trkpt lat="52.739826" lon="-1.347152"><ele>167.8</ele><time>2025-01-15T12:42:34.000Z</time></trkpt>
      <trkpt lat="52.739837" lon="-1.347141"><ele>167.9</ele><time>2025-01-15T12:42:35.000Z</time></trkpt>
      <trkpt lat="52.739848" lon="-1.347131"><ele>168.0</ele><time>2025-01-15T12:42:36.000Z</time></trkpt>
      <trkpt lat="52.739857" lon="-1.347122"><ele>168.2</ele><time>2025-01-15T12:42:37.000Z</time></trkpt>
      <trkpt lat="52.739865" lon="-1.347113"><ele>168.3</ele><time>2025-01-15T12:42:38.000Z</time></trkpt>
      <trkpt lat="52.739873" lon="-1.347103"><ele>168.4</ele><time>2025-01-15T12:42:39.000Z</time></trkpt>
      <trkpt lat="52.739883" lon="-1.347091"><ele>168.5</ele><time>2025-01-15T12:42:40.000Z</time></trkpt>
      <trkpt lat="52.739894" lon="-1.347078"><ele>168.6</ele><time>2025-01-15T12:42:41.000Z</time></trkpt>
      <trkpt lat="52.739904" lon="-1.347066"><ele>168.7</ele><time>2025-01-15T12:42:42.000Z</time></trkpt>
      <trkpt lat="52.739913" lon="-1.347054"><ele>168.8</ele><time>2025-01-15T12:42:42.000Z</time></trkpt>
      <trkpt lat="52.739921" lon="-1.347041"><ele>168.9</ele><time>2025-01-15T12:42:43.000Z</time></trkpt>
      <trkpt lat="52.739929" lon="-1.347026"><ele>169.1</ele><time>2025-01-15T12:42:45.000Z</time></trkpt>
      <trkpt lat="52.739937" lon="-1.347010"><ele>169.2</ele><time>2025-01-15T12:42:45.000Z</time></trkpt>
      <trkpt lat="52.739945" lon="-1.346994"><ele>169.3</ele><time>2025-01-15T12:42:46.000Z</time></trkpt>
      <trkpt lat="52.739952" lon="-1.346981"><ele>169.4</ele><time>2025-01-15T12:42:47.000Z</time></trkpt>
      <trkpt lat="52.739960" lon="-1.346970"><ele>169.5</ele><time>2025-01-15T12:42:48.000Z</time></trkpt>
      <trkpt lat="52.739968" lon="-1.346960"><ele>169.7</ele><time>2025-01-15T12:42:49.000Z</time></trkpt>
      <trkpt lat="52.739977" lon="-1.346950"><ele>169.8</ele><time>2025-01-15T12:42:50.000Z</time></trkpt>
      <trkpt lat="52.739986" lon="-1.346942"><ele>170.0</ele><time>2025-01-15T12:42:51.000Z</time></trkpt>
      <trkpt lat="52.739994" lon="-1.346933"><ele>170.1</ele><time>2025-01-15T12:42:52.000Z</time></trkpt>
      <trkpt lat="52.740000" lon="-1.346923"><ele>170.3</ele><time>2025-01-15T12:42:53.000Z</time></trkpt>
      <trkpt lat="52.740005" lon="-1.346914"><ele>170.4</ele><time>2025-01-15T12:42:55.000Z</time></trkpt>
      <trkpt lat="52.740010" lon="-1.346903"><ele>170.6</ele><time>2025-01-15T12:42:55.000Z</time></trkpt>
      <trkpt lat="52.740016" lon="-1.346893"><ele>170.7</ele><time>2025-01-15T12:42:56.000Z</time></trkpt>
      <trkpt lat="52.740023" lon="-1.346881"><ele>170.8</ele><time>2025-01-15T12:42:57.000Z</time></trkpt>
      <trkpt lat="52.740030" lon="-1.346869"><ele>170.9</ele><time>2025-01-15T12:42:58.000Z</time></trkpt>
      <trkpt lat="52.740038" lon="-1.346857"><ele>171.1</ele><time>2025-01-15T12:42:59.000Z</time></trkpt>
      <trkpt lat="52.740047" lon="-1.346844"><ele>171.2</ele><time>2025-01-15T12:43:00.000Z</time></trkpt>
      <trkpt lat="52.740056" lon="-1.346831"><ele>171.3</ele><time>2025-01-15T12:43:01.000Z</time></trkpt>
      <trkpt lat="52.740063" lon="-1.346818"><ele>171.4</ele><time>2025-01-15T12:43:02.000Z</time></trkpt>
      <trkpt lat="52.740070" lon="-1.346807"><ele>171.5</ele><time>2025-01-15T12:43:03.000Z</time></trkpt>
      <trkpt lat="52.740078" lon="-1.346796"><ele>171.5</ele><time>2025-01-15T12:43:04.000Z</time></trkpt>
      <trkpt lat="52.740086" lon="-1.346783"><ele>171.6</ele><time>2025-01-15T12:43:05.000Z</time></trkpt>
      <trkpt lat="52.740096" lon="-1.346769"><ele>171.7</ele><time>2025-01-15T12:43:06.000Z</time></trkpt>
      <trkpt lat="52.740104" lon="-1.346754"><ele>171.8</ele><time>2025-01-15T12:43:07.000Z</time></trkpt>
      <trkpt lat="52.740111" lon="-1.346740"><ele>171.8</ele><time>2025-01-15T12:43:08.000Z</time></trkpt>
      <trkpt lat="52.740117" lon="-1.346728"><ele>171.9</ele><time>2025-01-15T12:43:09.000Z</time></trkpt>
      <trkpt lat="52.740124" lon="-1.346715"><ele>172.0</ele><time>2025-01-15T12:43:10.000Z</time></trkpt>
      <trkpt lat="52.740132" lon="-1.346701"><ele>172.0</ele><time>2025-01-15T12:43:11.000Z</time></trkpt>
      <trkpt lat="52.740140" lon="-1.346687"><ele>172.1</ele><time>2025-01-15T12:43:12.000Z</time></trkpt>
      <trkpt lat="52.740147" lon="-1.346674"><ele>172.2</ele><time>2025-01-15T12:43:13.000Z</time></trkpt>
      <trkpt lat="52.740154" lon="-1.346663"><ele>172.2</ele><time>2025-01-15T12:43:14.000Z</time></trkpt>
      <trkpt lat="52.740161" lon="-1.346650"><ele>172.3</ele><time>2025-01-15T12:43:15.000Z</time></trkpt>
      <trkpt lat="52.740169" lon="-1.346636"><ele>172.4</ele><time>2025-01-15T12:43:16.000Z</time></trkpt>
      <trkpt lat="52.740177" lon="-1.346622"><ele>172.5</ele><time>2025-01-15T12:43:17.000Z</time></trkpt>
      <trkpt lat="52.740186" lon="-1.346608"><ele>172.6</ele><time>2025-01-15T12:43:18.000Z</time></trkpt>
      <trkpt lat="52.740195" lon="-1.346595"><ele>172.7</ele><time>2025-01-15T12:43:20.000Z</time></trkpt>
      <trkpt lat="52.740204" lon="-1.346583"><ele>172.7</ele><time>2025-01-15T12:43:21.000Z</time></trkpt>
      <trkpt lat="52.740214" lon="-1.346570"><ele>172.8</ele><time>2025-01-15T12:43:22.000Z</time></trkpt>
      <trkpt lat="52.740224" lon="-1.346558"><ele>172.9</ele><time>2025-01-15T12:43:23.000Z</time></trkpt>
      <trkpt lat="52.740234" lon="-1.346546"><ele>173.0</ele><time>2025-01-15T12:43:24.000Z</time></trkpt>
      <trkpt lat="52.740243" lon="-1.346535"><ele>173.1</ele><time>2025-01-15T12:43:25.000Z</time></trkpt>
      <trkpt lat="52.740252" lon="-1.346523"><ele>173.1</ele><time>2025-01-15T12:43:26.000Z</time></trkpt>
      <trkpt lat="52.740260" lon="-1.346511"><ele>173.2</ele><time>2025-01-15T12:43:27.000Z</time></trkpt>
      <trkpt lat="52.740268" lon="-1.346497"><ele>173.2</ele><time>2025-01-15T12:43:28.000Z</time></trkpt>
      <trkpt lat="52.740275" lon="-1.346484"><ele>173.3</ele><time>2025-01-15T12:43:29.000Z</time></trkpt>
      <trkpt lat="52.740282" lon="-1.346471"><ele>173.3</ele><time>2025-01-15T12:43:30.000Z</time></trkpt>
      <trkpt lat="52.740290" lon="-1.346459"><ele>173.4</ele><time>2025-01-15T12:43:31.000Z</time></trkpt>
      <trkpt lat="52.740299" lon="-1.346445"><ele>173.4</ele><time>2025-01-15T12:43:32.000Z</time></trkpt>
      <trkpt lat="52.740307" lon="-1.346431"><ele>173.5</ele><time>2025-01-15T12:43:33.000Z</time></trkpt>
      <trkpt lat="52.740314" lon="-1.346418"><ele>173.5</ele><time>2025-01-15T12:43:34.000Z</time></trkpt>
      <trkpt lat="52.740321" lon="-1.346406"><ele>173.5</ele><time>2025-01-15T12:43:35.000Z</time></trkpt>
      <trkpt lat="52.740329" lon="-1.346394"><ele>173.5</ele><time>2025-01-15T12:43:36.000Z</time></trkpt>
      <trkpt lat="52.740337" lon="-1.346382"><ele>173.6</ele><time>2025-01-15T12:43:37.000Z</time></trkpt>
      <trkpt lat="52.740345" lon="-1.346370"><ele>173.6</ele><time>2025-01-15T12:43:38.000Z</time></trkpt>
      <trkpt lat="52.740352" lon="-1.346358"><ele>173.7</ele><time>2025-01-15T12:43:39.000Z</time></trkpt>
      <trkpt lat="52.740359" lon="-1.346346"><ele>173.7</ele><time>2025-01-15T12:43:40.000Z</time></trkpt>
      <trkpt lat="52.740367" lon="-1.346334"><ele>173.7</ele><time>2025-01-15T12:43:41.000Z</time></trkpt>
      <trkpt lat="52.740374" lon="-1.346323"><ele>173.8</ele><time>2025-01-15T12:43:42.000Z</time></trkpt>
      <trkpt lat="52.740380" lon="-1.346312"><ele>173.8</ele><time>2025-01-15T12:43:43.000Z</time></trkpt>
      <trkpt lat="52.740386" lon="-1.346299"><ele>173.9</ele><time>2025-01-15T12:43:44.000Z</time></trkpt>
      <trkpt lat="52.740392" lon="-1.346287"><ele>174.0</ele><time>2025-01-15T12:43:45.000Z</time></trkpt>
      <trkpt lat="52.740398" lon="-1.346275"><ele>174.0</ele><time>2025-01-15T12:43:46.000Z</time></trkpt>
      <trkpt lat="52.740404" lon="-1.346263"><ele>174.1</ele><time>2025-01-15T12:43:47.000Z</time></trkpt>
      <trkpt lat="52.740409" lon="-1.346251"><ele>174.2</ele><time>2025-01-15T12:43:48.000Z</time></trkpt>
      <trkpt lat="52.740414" lon="-1.346240"><ele>174.3</ele><time>2025-01-15T12:43:49.000Z</time></trkpt>
      <trkpt lat="52.740419" lon="-1.346228"><ele>174.3</ele><time>2025-01-15T12:43:50.000Z</time></trkpt>
      <trkpt lat="52.740425" lon="-1.346216"><ele>174.4</ele><time>2025-01-15T12:43:51.000Z</time></trkpt>
      <trkpt lat="52.740431" lon="-1.346204"><ele>174.5</ele><time>2025-01-15T12:43:52.000Z</time></trkpt>
      <trkpt lat="52.740438" lon="-1.346193"><ele>174.6</ele><time>2025-01-15T12:43:53.000Z</time></trkpt>
      <trkpt lat="52.740444" lon="-1.346184"><ele>174.6</ele><time>2025-01-15T12:43:54.000Z</time></trkpt>
      <trkpt lat="52.740451" lon="-1.346174"><ele>174.7</ele><time>2025-01-15T12:43:55.000Z</time></trkpt>
      <trkpt lat="52.740458" lon="-1.346165"><ele>174.8</ele><time>2025-01-15T12:43:56.000Z</time></trkpt>
      <trkpt lat="52.740465" lon="-1.346155"><ele>174.8</ele><time>2025-01-15T12:43:57.000Z</time></trkpt>
      <trkpt lat="52.740473" lon="-1.346145"><ele>174.9</ele><time>2025-01-15T12:43:58.000Z</time></trkpt>
      <trkpt lat="52.740480" lon="-1.346136"><ele>174.9</ele><time>2025-01-15T12:43:59.000Z</time></trkpt>
      <trkpt lat="52.740488" lon="-1.346128"><ele>175.0</ele><time>2025-01-15T12:44:00.000Z</time></trkpt>
      <trkpt lat="52.740495" lon="-1.346119"><ele>175.0</ele><time>2025-01-15T12:44:01.000Z</time></trkpt>
      <trkpt lat="52.740503" lon="-1.346108"><ele>175.1</ele><time>2025-01-15T12:44:02.000Z</time></trkpt>
      <trkpt lat="52.740511" lon="-1.346096"><ele>175.1</ele><time>2025-01-15T12:44:03.000Z</time></trkpt>
      <trkpt lat="52.740519" lon="-1.346083"><ele>175.2</ele><time>2025-01-15T12:44:04.000Z</time></trkpt>
      <trkpt lat="52.740527" lon="-1.346069"><ele>175.2</ele><time>2025-01-15T12:44:05.000Z</time></trkpt>
      <trkpt lat="52.740535" lon="-1.346055"><ele>175.3</ele><time>2025-01-15T12:44:06.000Z</time></trkpt>
      <trkpt lat="52.740543" lon="-1.346040"><ele>175.4</ele><time>2025-01-15T12:44:07.000Z</time></trkpt>
      <trkpt lat="52.740552" lon="-1.346026"><ele>175.5</ele><time>2025-01-15T12:44:08.000Z</time></trkpt>
      <trkpt lat="52.740561" lon="-1.346013"><ele>175.6</ele><time>2025-01-15T12:44:09.000Z</time></trkpt>
      <trkpt lat="52.740569" lon="-1.346001"><ele>175.7</ele><time>2025-01-15T12:44:10.000Z</time></trkpt>
      <trkpt lat="52.740576" lon="-1.345990"><ele>175.8</ele><time>2025-01-15T12:44:11.000Z</time></trkpt>
      <trkpt lat="52.740583" lon="-1.345978"><ele>175.9</ele><time>2025-01-15T12:44:12.000Z</time></trkpt>
      <trkpt lat="52.740590" lon="-1.345966"><ele>176.1</ele><time>2025-01-15T12:44:13.000Z</time></trkpt>
      <trkpt lat="52.740596" lon="-1.345954"><ele>176.2</ele><time>2025-01-15T12:44:14.000Z</time></trkpt>
      <trkpt lat="52.740602" lon="-1.345941"><ele>176.4</ele><time>2025-01-15T12:44:15.000Z</time></trkpt>
      <trkpt lat="52.740608" lon="-1.345927"><ele>176.5</ele><time>2025-01-15T12:44:16.000Z</time></trkpt>
      <trkpt lat="52.740614" lon="-1.345913"><ele>176.7</ele><time>2025-01-15T12:44:17.000Z</time></trkpt>
      <trkpt lat="52.740620" lon="-1.345900"><ele>176.9</ele><time>2025-01-15T12:44:18.000Z</time></trkpt>
      <trkpt lat="52.740626" lon="-1.345887"><ele>177.1</ele><time>2025-01-15T12:44:19.000Z</time></trkpt>
      <trkpt lat="52.740633" lon="-1.345874"><ele>177.2</ele><time>2025-01-15T12:44:20.000Z</time></trkpt>
      <trkpt lat="52.740641" lon="-1.345860"><ele>177.4</ele><time>2025-01-15T12:44:21.000Z</time></trkpt>
      <trkpt lat="52.740651" lon="-1.345846"><ele>177.6</ele><time>2025-01-15T12:44:22.000Z</time></trkpt>
      <trkpt lat="52.740660" lon="-1.345833"><ele>177.7</ele><time>2025-01-15T12:44:23.000Z</time></trkpt>
      <trkpt lat="52.740669" lon="-1.345822"><ele>177.9</ele><time>2025-01-15T12:44:24.000Z</time></trkpt>
      <trkpt lat="52.740677" lon="-1.345810"><ele>178.0</ele><time>2025-01-15T12:44:25.000Z</time></trkpt>
      <trkpt lat="52.740687" lon="-1.345797"><ele>178.2</ele><time>2025-01-15T12:44:26.000Z</time></trkpt>
      <trkpt lat="52.740696" lon="-1.345784"><ele>178.3</ele><time>2025-01-15T12:44:27.000Z</time></trkpt>
      <trkpt lat="52.740706" lon="-1.345771"><ele>178.5</ele><time>2025-01-15T12:44:28.000Z</time></trkpt>
      <trkpt lat="52.740714" lon="-1.345758"><ele>178.6</ele><time>2025-01-15T12:44:29.000Z</time></trkpt>
      <trkpt lat="52.740723" lon="-1.345744"><ele>178.8</ele><time>2025-01-15T12:44:30.000Z</time></trkpt>
      <trkpt lat="52.740731" lon="-1.345728"><ele>178.9</ele><time>2025-01-15T12:44:31.000Z</time></trkpt>
      <trkpt lat="52.740739" lon="-1.345711"><ele>179.0</ele><time>2025-01-15T12:44:32.000Z</time></trkpt>
      <trkpt lat="52.740747" lon="-1.345696"><ele>179.2</ele><time>2025-01-15T12:44:33.000Z</time></trkpt>
      <trkpt lat="52.740755" lon="-1.345682"><ele>179.3</ele><time>2025-01-15T12:44:34.000Z</time></trkpt>
      <trkpt lat="52.740763" lon="-1.345670"><ele>179.5</ele><time>2025-01-15T12:44:35.000Z</time></trkpt>
      <trkpt lat="52.740772" lon="-1.345657"><ele>179.6</ele><time>2025-01-15T12:44:36.000Z</time></trkpt>
      <trkpt lat="52.740782" lon="-1.345645"><ele>179.7</ele><time>2025-01-15T12:44:37.000Z</time></trkpt>
      <trkpt lat="52.740792" lon="-1.345634"><ele>179.8</ele><time>2025-01-15T12:44:38.000Z</time></trkpt>
      <trkpt lat="52.740801" lon="-1.345624"><ele>180.0</ele><time>2025-01-15T12:44:39.000Z</time></trkpt>
      <trkpt lat="52.740811" lon="-1.345616"><ele>180.1</ele><time>2025-01-15T12:44:40.000Z</time></trkpt>
      <trkpt lat="52.740821" lon="-1.345610"><ele>180.2</ele><time>2025-01-15T12:44:41.000Z</time></trkpt>
      <trkpt lat="52.740832" lon="-1.345604"><ele>180.3</ele><time>2025-01-15T12:44:42.000Z</time></trkpt>
      <trkpt lat="52.740844" lon="-1.345601"><ele>180.4</ele><time>2025-01-15T12:44:43.000Z</time></trkpt>
      <trkpt lat="52.740856" lon="-1.345600"><ele>180.5</ele><time>2025-01-15T12:44:44.000Z</time></trkpt>
      <trkpt lat="52.740869" lon="-1.345600"><ele>180.5</ele><time>2025-01-15T12:44:45.000Z</time></trkpt>
      <trkpt lat="52.740882" lon="-1.345601"><ele>180.6</ele><time>2025-01-15T12:44:46.000Z</time></trkpt>
      <trkpt lat="52.740895" lon="-1.345602"><ele>180.7</ele><time>2025-01-15T12:44:47.000Z</time></trkpt>
      <trkpt lat="52.740907" lon="-1.345603"><ele>180.7</ele><time>2025-01-15T12:44:48.000Z</time></trkpt>
      <trkpt lat="52.740919" lon="-1.345604"><ele>180.7</ele><time>2025-01-15T12:44:49.000Z</time></trkpt>
      <trkpt lat="52.740930" lon="-1.345604"><ele>180.8</ele><time>2025-01-15T12:44:50.000Z</time></trkpt>
      <trkpt lat="52.740941" lon="-1.345603"><ele>180.8</ele><time>2025-01-15T12:44:51.000Z</time></trkpt>
      <trkpt lat="52.740951" lon="-1.345602"><ele>180.8</ele><time>2025-01-15T12:44:52.000Z</time></trkpt>
      <trkpt lat="52.740963" lon="-1.345602"><ele>180.8</ele><time>2025-01-15T12:44:53.000Z</time></trkpt>
      <trkpt lat="52.740976" lon="-1.345602"><ele>180.8</ele><time>2025-01-15T12:44:54.000Z</time></trkpt>
      <trkpt lat="52.740991" lon="-1.345602"><ele>180.7</ele><time>2025-01-15T12:44:55.000Z</time></trkpt>
      <trkpt lat="52.741005" lon="-1.345602"><ele>180.7</ele><time>2025-01-15T12:44:56.000Z</time></trkpt>
      <trkpt lat="52.741017" lon="-1.345601"><ele>180.7</ele><time>2025-01-15T12:44:57.000Z</time></trkpt>
      <trkpt lat="52.741028" lon="-1.345600"><ele>180.6</ele><time>2025-01-15T12:44:58.000Z</time></trkpt>
      <trkpt lat="52.741039" lon="-1.345599"><ele>180.6</ele><time>2025-01-15T12:44:59.000Z</time></trkpt>
      <trkpt lat="52.741051" lon="-1.345599"><ele>180.5</ele><time>2025-01-15T12:45:00.000Z</time></trkpt>
      <trkpt lat="52.741063" lon="-1.345599"><ele>180.5</ele><time>2025-01-15T12:45:01.000Z</time></trkpt>
      <trkpt lat="52.741077" lon="-1.345600"><ele>180.4</ele><time>2025-01-15T12:45:02.000Z</time></trkpt>
      <trkpt lat="52.741090" lon="-1.345600"><ele>180.3</ele><time>2025-01-15T12:45:03.000Z</time></trkpt>
      <trkpt lat="52.741102" lon="-1.345599"><ele>180.3</ele><time>2025-01-15T12:45:04.000Z</time></trkpt>
      <trkpt lat="52.741115" lon="-1.345596"><ele>180.2</ele><time>2025-01-15T12:45:05.000Z</time></trkpt>
      <trkpt lat="52.741128" lon="-1.345594"><ele>180.2</ele><time>2025-01-15T12:45:06.000Z</time></trkpt>
      <trkpt lat="52.741141" lon="-1.345592"><ele>180.1</ele><time>2025-01-15T12:45:07.000Z</time></trkpt>
      <trkpt lat="52.741155" lon="-1.345590"><ele>180.0</ele><time>2025-01-15T12:45:08.000Z</time></trkpt>
      <trkpt lat="52.741167" lon="-1.345587"><ele>180.0</ele><time>2025-01-15T12:45:09.000Z</time></trkpt>
      <trkpt lat="52.741179" lon="-1.345584"><ele>180.0</ele><time>2025-01-15T12:45:10.000Z</time></trkpt>
      <trkpt lat="52.741190" lon="-1.345580"><ele>179.9</ele><time>2025-01-15T12:45:11.000Z</time></trkpt>
      <trkpt lat="52.741201" lon="-1.345576"><ele>179.9</ele><time>2025-01-15T12:45:12.000Z</time></trkpt>
      <trkpt lat="52.741212" lon="-1.345572"><ele>179.8</ele><time>2025-01-15T12:45:13.000Z</time></trkpt>
      <trkpt lat="52.741225" lon="-1.345569"><ele>179.8</ele><time>2025-01-15T12:45:14.000Z</time></trkpt>
      <trkpt lat="52.741238" lon="-1.345567"><ele>179.8</ele><time>2025-01-15T12:45:15.000Z</time></trkpt>
      <trkpt lat="52.741250" lon="-1.345564"><ele>179.8</ele><time>2025-01-15T12:45:16.000Z</time></trkpt>
      <trkpt lat="52.741262" lon="-1.345560"><ele>179.7</ele><time>2025-01-15T12:45:17.000Z</time></trkpt>
      <trkpt lat="52.741274" lon="-1.345558"><ele>179.7</ele><time>2025-01-15T12:45:18.000Z</time></trkpt>
      <trkpt lat="52.741287" lon="-1.345558"><ele>179.7</ele><time>2025-01-15T12:45:19.000Z</time></trkpt>
      <trkpt lat="52.741299" lon="-1.345560"><ele>179.8</ele><time>2025-01-15T12:45:20.000Z</time></trkpt>
      <trkpt lat="52.741311" lon="-1.345563"><ele>179.8</ele><time>2025-01-15T12:45:21.000Z</time></trkpt>
      <trkpt lat="52.741324" lon="-1.345567"><ele>179.8</ele><time>2025-01-15T12:45:22.000Z</time></trkpt>
      <trkpt lat="52.741337" lon="-1.345569"><ele>179.9</ele><time>2025-01-15T12:45:23.000Z</time></trkpt>
      <trkpt lat="52.741349" lon="-1.345568"><ele>179.9</ele><time>2025-01-15T12:45:24.000Z</time></trkpt>
      <trkpt lat="52.741362" lon="-1.345567"><ele>180.0</ele><time>2025-01-15T12:45:25.000Z</time></trkpt>
      <trkpt lat="52.741375" lon="-1.345566"><ele>180.1</ele><time>2025-01-15T12:45:26.000Z</time></trkpt>
      <trkpt lat="52.741387" lon="-1.345565"><ele>180.1</ele><time>2025-01-15T12:45:27.000Z</time></trkpt>
      <trkpt lat="52.741397" lon="-1.345564"><ele>180.2</ele><time>2025-01-15T12:45:28.000Z</time></trkpt>
      <trkpt lat="52.741408" lon="-1.345563"><ele>180.3</ele><time>2025-01-15T12:45:29.000Z</time></trkpt>
      <trkpt lat="52.741420" lon="-1.345560"><ele>180.4</ele><time>2025-01-15T12:45:30.000Z</time></trkpt>
      <trkpt lat="52.741432" lon="-1.345558"><ele>180.5</ele><time>2025-01-15T12:45:31.000Z</time></trkpt>
      <trkpt lat="52.741444" lon="-1.345555"><ele>180.6</ele><time>2025-01-15T12:45:32.000Z</time></trkpt>
      <trkpt lat="52.741457" lon="-1.345554"><ele>180.7</ele><time>2025-01-15T12:45:33.000Z</time></trkpt>
      <trkpt lat="52.741469" lon="-1.345553"><ele>180.7</ele><time>2025-01-15T12:45:34.000Z</time></trkpt>
      <trkpt lat="52.741481" lon="-1.345552"><ele>180.8</ele><time>2025-01-15T12:45:35.000Z</time></trkpt>
      <trkpt lat="52.741493" lon="-1.345551"><ele>180.9</ele><time>2025-01-15T12:45:36.000Z</time></trkpt>
      <trkpt lat="52.741505" lon="-1.345550"><ele>180.9</ele><time>2025-01-15T12:45:37.000Z</time></trkpt>
      <trkpt lat="52.741517" lon="-1.345549"><ele>181.0</ele><time>2025-01-15T12:45:38.000Z</time></trkpt>
      <trkpt lat="52.741530" lon="-1.345550"><ele>181.0</ele><time>2025-01-15T12:45:39.000Z</time></trkpt>
      <trkpt lat="52.741541" lon="-1.345550"><ele>181.0</ele><time>2025-01-15T12:45:40.000Z</time></trkpt>
      <trkpt lat="52.741551" lon="-1.345550"><ele>181.0</ele><time>2025-01-15T12:45:41.000Z</time></trkpt>
      <trkpt lat="52.741561" lon="-1.345550"><ele>181.0</ele><time>2025-01-15T12:45:42.000Z</time></trkpt>
      <trkpt lat="52.741571" lon="-1.345549"><ele>181.0</ele><time>2025-01-15T12:45:43.000Z</time></trkpt>
      <trkpt lat="52.741583" lon="-1.345548"><ele>181.0</ele><time>2025-01-15T12:45:44.000Z</time></trkpt>
      <trkpt lat="52.741593" lon="-1.345545"><ele>181.0</ele><time>2025-01-15T12:45:45.000Z</time></trkpt>
      <trkpt lat="52.741603" lon="-1.345542"><ele>181.1</ele><time>2025-01-15T12:45:46.000Z</time></trkpt>
      <trkpt lat="52.741615" lon="-1.345541"><ele>181.1</ele><time>2025-01-15T12:45:47.000Z</time></trkpt>
      <trkpt lat="52.741627" lon="-1.345540"><ele>181.1</ele><time>2025-01-15T12:45:48.000Z</time></trkpt>
      <trkpt lat="52.741640" lon="-1.345539"><ele>181.1</ele><time>2025-01-15T12:45:49.000Z</time></trkpt>
      <trkpt lat="52.741653" lon="-1.345539"><ele>181.1</ele><time>2025-01-15T12:45:50.000Z</time></trkpt>
      <trkpt lat="52.741667" lon="-1.345540"><ele>181.1</ele><time>2025-01-15T12:45:51.000Z</time></trkpt>
      <trkpt lat="52.741679" lon="-1.345540"><ele>181.1</ele><time>2025-01-15T12:45:52.000Z</time></trkpt>
      <trkpt lat="52.741691" lon="-1.345541"><ele>181.1</ele><time>2025-01-15T12:45:53.000Z</time></trkpt>
      <trkpt lat="52.741702" lon="-1.345541"><ele>181.1</ele><time>2025-01-15T12:45:54.000Z</time></trkpt>
      <trkpt lat="52.741713" lon="-1.345541"><ele>181.1</ele><time>2025-01-15T12:45:55.000Z</time></trkpt>
      <trkpt lat="52.741725" lon="-1.345539"><ele>181.1</ele><time>2025-01-15T12:45:56.000Z</time></trkpt>
      <trkpt lat="52.741737" lon="-1.345537"><ele>181.1</ele><time>2025-01-15T12:45:57.000Z</time></trkpt>
      <trkpt lat="52.741750" lon="-1.345532"><ele>181.1</ele><time>2025-01-15T12:45:58.000Z</time></trkpt>
      <trkpt lat="52.741764" lon="-1.345526"><ele>181.2</ele><time>2025-01-15T12:45:59.000Z</time></trkpt>
      <trkpt lat="52.741777" lon="-1.345520"><ele>181.2</ele><time>2025-01-15T12:46:00.000Z</time></trkpt>
      <trkpt lat="52.741789" lon="-1.345514"><ele>181.2</ele><time>2025-01-15T12:46:01.000Z</time></trkpt>
      <trkpt lat="52.741801" lon="-1.345509"><ele>181.2</ele><time>2025-01-15T12:46:02.000Z</time></trkpt>
      <trkpt lat="52.741811" lon="-1.345505"><ele>181.2</ele><time>2025-01-15T12:46:03.000Z</time></trkpt>
      <trkpt lat="52.741822" lon="-1.345502"><ele>181.2</ele><time>2025-01-15T12:46:04.000Z</time></trkpt>
      <trkpt lat="52.741833" lon="-1.345501"><ele>181.2</ele><time>2025-01-15T12:46:05.000Z</time></trkpt>
      <trkpt lat="52.741845" lon="-1.345501"><ele>181.3</ele><time>2025-01-15T12:46:06.000Z</time></trkpt>
      <trkpt lat="52.741859" lon="-1.345501"><ele>181.3</ele><time>2025-01-15T12:46:07.000Z</time></trkpt>
      <trkpt lat="52.741873" lon="-1.345501"><ele>181.3</ele><time>2025-01-15T12:46:08.000Z</time></trkpt>
      <trkpt lat="52.741887" lon="-1.345502"><ele>181.4</ele><time>2025-01-15T12:46:09.000Z</time></trkpt>
      <trkpt lat="52.741901" lon="-1.345502"><ele>181.4</ele><time>2025-01-15T12:46:10.000Z</time></trkpt>
      <trkpt lat="52.741914" lon="-1.345502"><ele>181.4</ele><time>2025-01-15T12:46:11.000Z</time></trkpt>
      <trkpt lat="52.741928" lon="-1.345501"><ele>181.5</ele><time>2025-01-15T12:46:12.000Z</time></trkpt>
      <trkpt lat="52.741942" lon="-1.345501"><ele>181.5</ele><time>2025-01-15T12:46:13.000Z</time></trkpt>
      <trkpt lat="52.741958" lon="-1.345500"><ele>181.5</ele><time>2025-01-15T12:46:14.000Z</time></trkpt>
      <trkpt lat="52.741973" lon="-1.345500"><ele>181.5</ele><time>2025-01-15T12:46:15.000Z</time></trkpt>
      <trkpt lat="52.741988" lon="-1.345499"><ele>181.5</ele><time>2025-01-15T12:46:16.000Z</time></trkpt>
      <trkpt lat="52.742001" lon="-1.345498"><ele>181.5</ele><time>2025-01-15T12:46:17.000Z</time></trkpt>
      <trkpt lat="52.742013" lon="-1.345496"><ele>181.5</ele><time>2025-01-15T12:46:18.000Z</time></trkpt>
      <trkpt lat="52.742024" lon="-1.345493"><ele>181.5</ele><time>2025-01-15T12:46:19.000Z</time></trkpt>
      <trkpt lat="52.742036" lon="-1.345490"><ele>181.5</ele><time>2025-01-15T12:46:20.000Z</time></trkpt>
      <trkpt lat="52.742048" lon="-1.345486"><ele>181.5</ele><time>2025-01-15T12:46:21.000Z</time></trkpt>
      <trkpt lat="52.742060" lon="-1.345481"><ele>181.5</ele><time>2025-01-15T12:46:22.000Z</time></trkpt>
      <trkpt lat="52.742071" lon="-1.345474"><ele>181.4</ele><time>2025-01-15T12:46:23.000Z</time></trkpt>
      <trkpt lat="52.742081" lon="-1.345464"><ele>181.4</ele><time>2025-01-15T12:46:24.000Z</time></trkpt>
      <trkpt lat="52.742091" lon="-1.345451"><ele>181.3</ele><time>2025-01-15T12:46:25.000Z</time></trkpt>
      <trkpt lat="52.742101" lon="-1.345435"><ele>181.3</ele><time>2025-01-15T12:46:26.000Z</time></trkpt>
      <trkpt lat="52.742107" lon="-1.345416"><ele>181.3</ele><time>2025-01-15T12:46:27.000Z</time></trkpt>
      <trkpt lat="52.742112" lon="-1.345395"><ele>181.3</ele><time>2025-01-15T12:46:28.000Z</time></trkpt>
      <trkpt lat="52.742114" lon="-1.345372"><ele>181.2</ele><time>2025-01-15T12:46:29.000Z</time></trkpt>
      <trkpt lat="52.742115" lon="-1.345348"><ele>181.2</ele><time>2025-01-15T12:46:30.000Z</time></trkpt>
      <trkpt lat="52.742116" lon="-1.345326"><ele>181.2</ele><time>2025-01-15T12:46:31.000Z</time></trkpt>
      <trkpt lat="52.742116" lon="-1.345306"><ele>181.2</ele><time>2025-01-15T12:46:32.000Z</time></trkpt>
      <trkpt lat="52.742117" lon="-1.345286"><ele>181.2</ele><time>2025-01-15T12:46:33.000Z</time></trkpt>
      <trkpt lat="52.742117" lon="-1.345265"><ele>181.2</ele><time>2025-01-15T12:46:34.000Z</time></trkpt>
      <trkpt lat="52.742118" lon="-1.345243"><ele>181.2</ele><time>2025-01-15T12:46:35.000Z</time></trkpt>
      <trkpt lat="52.742119" lon="-1.345220"><ele>181.3</ele><time>2025-01-15T12:46:36.000Z</time></trkpt>
      <trkpt lat="52.742120" lon="-1.345198"><ele>181.3</ele><time>2025-01-15T12:46:37.000Z</time></trkpt>
      <trkpt lat="52.742120" lon="-1.345179"><ele>181.4</ele><time>2025-01-15T12:46:38.000Z</time></trkpt>
      <trkpt lat="52.742119" lon="-1.345162"><ele>181.5</ele><time>2025-01-15T12:46:39.000Z</time></trkpt>
      <trkpt lat="52.742119" lon="-1.345146"><ele>181.5</ele><time>2025-01-15T12:46:40.000Z</time></trkpt>
      <trkpt lat="52.742118" lon="-1.345131"><ele>181.6</ele><time>2025-01-15T12:46:41.000Z</time></trkpt>
      <trkpt lat="52.742118" lon="-1.345113"><ele>181.7</ele><time>2025-01-15T12:46:42.000Z</time></trkpt>
      <trkpt lat="52.742118" lon="-1.345094"><ele>181.8</ele><time>2025-01-15T12:46:43.000Z</time></trkpt>
      <trkpt lat="52.742118" lon="-1.345074"><ele>181.9</ele><time>2025-01-15T12:46:44.000Z</time></trkpt>
      <trkpt lat="52.742119" lon="-1.345056"><ele>182.0</ele><time>2025-01-15T12:46:45.000Z</time></trkpt>
      <trkpt lat="52.742120" lon="-1.345039"><ele>182.1</ele><time>2025-01-15T12:46:46.000Z</time></trkpt>
      <trkpt lat="52.742121" lon="-1.345024"><ele>182.2</ele><time>2025-01-15T12:46:47.000Z</time></trkpt>
      <trkpt lat="52.742121" lon="-1.345007"><ele>182.3</ele><time>2025-01-15T12:46:48.000Z</time></trkpt>
      <trkpt lat="52.742122" lon="-1.344989"><ele>182.4</ele><time>2025-01-15T12:46:49.000Z</time></trkpt>
      <trkpt lat="52.742122" lon="-1.344971"><ele>182.5</ele><time>2025-01-15T12:46:50.000Z</time></trkpt>
      <trkpt lat="52.742121" lon="-1.344954"><ele>182.5</ele><time>2025-01-15T12:46:51.000Z</time></trkpt>
      <trkpt lat="52.742121" lon="-1.344938"><ele>182.6</ele><time>2025-01-15T12:46:52.000Z</time></trkpt>
      <trkpt lat="52.742120" lon="-1.344922"><ele>182.7</ele><time>2025-01-15T12:46:53.000Z</time></trkpt>
      <trkpt lat="52.742118" lon="-1.344905"><ele>182.7</ele><time>2025-01-15T12:46:54.000Z</time></trkpt>
      <trkpt lat="52.742117" lon="-1.344885"><ele>182.8</ele><time>2025-01-15T12:46:55.000Z</time></trkpt>
      <trkpt lat="52.742115" lon="-1.344862"><ele>182.8</ele><time>2025-01-15T12:46:56.000Z</time></trkpt>
      <trkpt lat="52.742114" lon="-1.344839"><ele>182.9</ele><time>2025-01-15T12:46:57.000Z</time></trkpt>
      <trkpt lat="52.742115" lon="-1.344817"><ele>182.9</ele><time>2025-01-15T12:46:58.000Z</time></trkpt>
      <trkpt lat="52.742116" lon="-1.344798"><ele>183.0</ele><time>2025-01-15T12:46:59.000Z</time></trkpt>
      <trkpt lat="52.742116" lon="-1.344780"><ele>183.1</ele><time>2025-01-15T12:47:00.000Z</time></trkpt>
      <trkpt lat="52.742117" lon="-1.344762"><ele>183.2</ele><time>2025-01-15T12:47:01.000Z</time></trkpt>
      <trkpt lat="52.742118" lon="-1.344742"><ele>183.2</ele><time>2025-01-15T12:47:02.000Z</time></trkpt>
      <trkpt lat="52.742118" lon="-1.344722"><ele>183.3</ele><time>2025-01-15T12:47:03.000Z</time></trkpt>
      <trkpt lat="52.742118" lon="-1.344703"><ele>183.4</ele><time>2025-01-15T12:47:04.000Z</time></trkpt>
      <trkpt lat="52.742118" lon="-1.344685"><ele>183.5</ele><time>2025-01-15T12:47:05.000Z</time></trkpt>
      <trkpt lat="52.742116" lon="-1.344665"><ele>183.7</ele><time>2025-01-15T12:47:06.000Z</time></trkpt>
      <trkpt lat="52.742114" lon="-1.344645"><ele>183.8</ele><time>2025-01-15T12:47:07.000Z</time></trkpt>
      <trkpt lat="52.742113" lon="-1.344623"><ele>183.9</ele><time>2025-01-15T12:47:08.000Z</time></trkpt>
      <trkpt lat="52.742113" lon="-1.344602"><ele>184.1</ele><time>2025-01-15T12:47:09.000Z</time></trkpt>
      <trkpt lat="52.742113" lon="-1.344583"><ele>184.2</ele><time>2025-01-15T12:47:10.000Z</time></trkpt>
      <trkpt lat="52.742113" lon="-1.344566"><ele>184.4</ele><time>2025-01-15T12:47:11.000Z</time></trkpt>
      <trkpt lat="52.742113" lon="-1.344548"><ele>184.6</ele><time>2025-01-15T12:47:12.000Z</time></trkpt>
      <trkpt lat="52.742113" lon="-1.344527"><ele>184.8</ele><time>2025-01-15T12:47:13.000Z</time></trkpt>
      <trkpt lat="52.742112" lon="-1.344508"><ele>185.0</ele><time>2025-01-15T12:47:14.000Z</time></trkpt>
      <trkpt lat="52.742111" lon="-1.344490"><ele>185.3</ele><time>2025-01-15T12:47:15.000Z</time></trkpt>
      <trkpt lat="52.742109" lon="-1.344474"><ele>185.5</ele><time>2025-01-15T12:47:16.000Z</time></trkpt>
      <trkpt lat="52.742107" lon="-1.344460"><ele>185.7</ele><time>2025-01-15T12:47:17.000Z</time></trkpt>
      <trkpt lat="52.742102" lon="-1.344446"><ele>185.9</ele><time>2025-01-15T12:47:18.000Z</time></trkpt>
      <trkpt lat="52.742094" lon="-1.344434"><ele>186.2</ele><time>2025-01-15T12:47:19.000Z</time></trkpt>
      <trkpt lat="52.742085" lon="-1.344427"><ele>186.4</ele><time>2025-01-15T12:47:20.000Z</time></trkpt>
      <trkpt lat="52.742075" lon="-1.344423"><ele>186.6</ele><time>2025-01-15T12:47:21.000Z</time></trkpt>
      <trkpt lat="52.742063" lon="-1.344420"><ele>186.8</ele><time>2025-01-15T12:47:22.000Z</time></trkpt>
      <trkpt lat="52.742050" lon="-1.344418"><ele>187.0</ele><time>2025-01-15T12:47:23.000Z</time></trkpt>
      <trkpt lat="52.742038" lon="-1.344418"><ele>187.2</ele><time>2025-01-15T12:47:24.000Z</time></trkpt>
      <trkpt lat="52.742028" lon="-1.344421"><ele>187.4</ele><time>2025-01-15T12:47:25.000Z</time></trkpt>
      <trkpt lat="52.742017" lon="-1.344424"><ele>187.6</ele><time>2025-01-15T12:47:26.000Z</time></trkpt>
      <trkpt lat="52.742006" lon="-1.344426"><ele>187.7</ele><time>2025-01-15T12:47:27.000Z</time></trkpt>
      <trkpt lat="52.741994" lon="-1.344427"><ele>187.8</ele><time>2025-01-15T12:47:28.000Z</time></trkpt>
      <trkpt lat="52.741982" lon="-1.344426"><ele>188.0</ele><time>2025-01-15T12:47:29.000Z</time></trkpt>
      <trkpt lat="52.741970" lon="-1.344424"><ele>188.1</ele><time>2025-01-15T12:47:30.000Z</time></trkpt>
      <trkpt lat="52.741957" lon="-1.344422"><ele>188.2</ele><time>2025-01-15T12:47:31.000Z</time></trkpt>
      <trkpt lat="52.741944" lon="-1.344420"><ele>188.3</ele><time>2025-01-15T12:47:32.000Z</time></trkpt>
      <trkpt lat="52.741933" lon="-1.344418"><ele>188.5</ele><time>2025-01-15T12:47:33.000Z</time></trkpt>
      <trkpt lat="52.741922" lon="-1.344417"><ele>188.6</ele><time>2025-01-15T12:47:34.000Z</time></trkpt>
      <trkpt lat="52.741913" lon="-1.344416"><ele>188.7</ele><time>2025-01-15T12:47:35.000Z</time></trkpt>
      <trkpt lat="52.741905" lon="-1.344415"><ele>188.8</ele><time>2025-01-15T12:47:36.000Z</time></trkpt>
      <trkpt lat="52.741896" lon="-1.344413"><ele>188.9</ele><time>2025-01-15T12:47:37.000Z</time></trkpt>
      <trkpt lat="52.741886" lon="-1.344410"><ele>189.0</ele><time>2025-01-15T12:47:38.000Z</time></trkpt>
      <trkpt lat="52.741875" lon="-1.344407"><ele>189.1</ele><time>2025-01-15T12:47:39.000Z</time></trkpt>
      <trkpt lat="52.741863" lon="-1.344405"><ele>189.3</ele><time>2025-01-15T12:47:40.000Z</time></trkpt>
      <trkpt lat="52.741853" lon="-1.344404"><ele>189.4</ele><time>2025-01-15T12:47:41.000Z</time></trkpt>
      <trkpt lat="52.741844" lon="-1.344404"><ele>189.5</ele><time>2025-01-15T12:47:42.000Z</time></trkpt>
      <trkpt lat="52.741834" lon="-1.344404"><ele>189.6</ele><time>2025-01-15T12:47:43.000Z</time></trkpt>
      <trkpt lat="52.741824" lon="-1.344403"><ele>189.7</ele><time>2025-01-15T12:47:44.000Z</time></trkpt>
      <trkpt lat="52.741814" lon="-1.344403"><ele>189.8</ele><time>2025-01-15T12:47:45.000Z</time></trkpt>
      <trkpt lat="52.741805" lon="-1.344403"><ele>189.9</ele><time>2025-01-15T12:47:46.000Z</time></trkpt>
      <trkpt lat="52.741794" lon="-1.344402"><ele>190.0</ele><time>2025-01-15T12:47:47.000Z</time></trkpt>
      <trkpt lat="52.741783" lon="-1.344401"><ele>190.1</ele><time>2025-01-15T12:47:48.000Z</time></trkpt>
      <trkpt lat="52.741773" lon="-1.344400"><ele>190.2</ele><time>2025-01-15T12:47:49.000Z</time></trkpt>
      <trkpt lat="52.741765" lon="-1.344398"><ele>190.3</ele><time>2025-01-15T12:47:50.000Z</time></trkpt>
      <trkpt lat="52.741758" lon="-1.344396"><ele>190.4</ele><time>2025-01-15T12:47:51.000Z</time></trkpt>
      <trkpt lat="52.741750" lon="-1.344391"><ele>190.5</ele><time>2025-01-15T12:47:52.000Z</time></trkpt>
      <trkpt lat="52.741741" lon="-1.344386"><ele>190.6</ele><time>2025-01-15T12:47:53.000Z</time></trkpt>
      <trkpt lat="52.741733" lon="-1.344380"><ele>190.7</ele><time>2025-01-15T12:47:54.000Z</time></trkpt>
      <trkpt lat="52.741725" lon="-1.344373"><ele>190.8</ele><time>2025-01-15T12:47:55.000Z</time></trkpt>
      <trkpt lat="52.741717" lon="-1.344366"><ele>190.9</ele><time>2025-01-15T12:47:56.000Z</time></trkpt>
      <trkpt lat="52.741710" lon="-1.344359"><ele>191.0</ele><time>2025-01-15T12:47:57.000Z</time></trkpt>
      <trkpt lat="52.741703" lon="-1.344352"><ele>191.1</ele><time>2025-01-15T12:47:58.000Z</time></trkpt>
      <trkpt lat="52.741696" lon="-1.344346"><ele>191.1</ele><time>2025-01-15T12:47:59.000Z</time></trkpt>
      <trkpt lat="52.741689" lon="-1.344340"><ele>191.2</ele><time>2025-01-15T12:48:00.000Z</time></trkpt>
      <trkpt lat="52.741679" lon="-1.344337"><ele>191.3</ele><time>2025-01-15T12:48:01.000Z</time></trkpt>
      <trkpt lat="52.741671" lon="-1.344335"><ele>191.4</ele><time>2025-01-15T12:48:02.000Z</time></trkpt>
      <trkpt lat="52.741663" lon="-1.344334"><ele>191.5</ele><time>2025-01-15T12:48:03.000Z</time></trkpt>
      <trkpt lat="52.741655" lon="-1.344329"><ele>191.5</ele><time>2025-01-15T12:48:04.000Z</time></trkpt>
      <trkpt lat="52.741648" lon="-1.344321"><ele>191.6</ele><time>2025-01-15T12:48:05.000Z</time></trkpt>
      <trkpt lat="52.741639" lon="-1.344310"><ele>191.7</ele><time>2025-01-15T12:48:06.000Z</time></trkpt>
      <trkpt lat="52.741630" lon="-1.344298"><ele>191.8</ele><time>2025-01-15T12:48:07.000Z</time></trkpt>
      <trkpt lat="52.741623" lon="-1.344289"><ele>191.9</ele><time>2025-01-15T12:48:08.000Z</time></trkpt>
      <trkpt lat="52.741617" lon="-1.344279"><ele>192.0</ele><time>2025-01-15T12:48:09.000Z</time></trkpt>
      <trkpt lat="52.741610" lon="-1.344267"><ele>192.1</ele><time>2025-01-15T12:48:10.000Z</time></trkpt>
      <trkpt lat="52.741602" lon="-1.344252"><ele>192.2</ele><time>2025-01-15T12:48:11.000Z</time></trkpt>
      <trkpt lat="52.741594" lon="-1.344239"><ele>192.3</ele><time>2025-01-15T12:48:12.000Z</time></trkpt>
      <trkpt lat="52.741586" lon="-1.344228"><ele>192.4</ele><time>2025-01-15T12:48:13.000Z</time></trkpt>
      <trkpt lat="52.741579" lon="-1.344217"><ele>192.5</ele><time>2025-01-15T12:48:14.000Z</time></trkpt>
      <trkpt lat="52.741572" lon="-1.344205"><ele>192.6</ele><time>2025-01-15T12:48:15.000Z</time></trkpt>
      <trkpt lat="52.741565" lon="-1.344190"><ele>192.7</ele><time>2025-01-15T12:48:16.000Z</time></trkpt>
      <trkpt lat="52.741559" lon="-1.344176"><ele>192.8</ele><time>2025-01-15T12:48:17.000Z</time></trkpt>
      <trkpt lat="52.741554" lon="-1.344164"><ele>192.9</ele><time>2025-01-15T12:48:18.000Z</time></trkpt>
      <trkpt lat="52.741549" lon="-1.344153"><ele>193.0</ele><time>2025-01-15T12:48:19.000Z</time></trkpt>
      <trkpt lat="52.741545" lon="-1.344143"><ele>193.1</ele><time>2025-01-15T12:48:20.000Z</time></trkpt>
      <trkpt lat="52.741539" lon="-1.344132"><ele>193.2</ele><time>2025-01-15T12:48:21.000Z</time></trkpt>
      <trkpt lat="52.741534" lon="-1.344123"><ele>193.3</ele><time>2025-01-15T12:48:22.000Z</time></trkpt>
      <trkpt lat="52.741529" lon="-1.344115"><ele>193.4</ele><time>2025-01-15T12:48:23.000Z</time></trkpt>
      <trkpt lat="52.741522" lon="-1.344105"><ele>193.5</ele><time>2025-01-15T12:48:23.000Z</time></trkpt>
      <trkpt lat="52.741514" lon="-1.344092"><ele>193.7</ele><time>2025-01-15T12:48:24.000Z</time></trkpt>
      <trkpt lat="52.741505" lon="-1.344079"><ele>193.8</ele><time>2025-01-15T12:48:25.000Z</time></trkpt>
      <trkpt lat="52.741496" lon="-1.344067"><ele>193.9</ele><time>2025-01-15T12:48:26.000Z</time></trkpt>
      <trkpt lat="52.741488" lon="-1.344057"><ele>194.1</ele><time>2025-01-15T12:48:27.000Z</time></trkpt>
      <trkpt lat="52.741481" lon="-1.344047"><ele>194.2</ele><time>2025-01-15T12:48:28.000Z</time></trkpt>
      <trkpt lat="52.741475" lon="-1.344037"><ele>194.4</ele><time>2025-01-15T12:48:29.000Z</time></trkpt>
      <trkpt lat="52.741471" lon="-1.344026"><ele>194.5</ele><time>2025-01-15T12:48:30.000Z</time></trkpt>
      <trkpt lat="52.741466" lon="-1.344014"><ele>194.7</ele><time>2025-01-15T12:48:31.000Z</time></trkpt>
      <trkpt lat="52.741461" lon="-1.344002"><ele>194.8</ele><time>2025-01-15T12:48:32.000Z</time></trkpt>
      <trkpt lat="52.741457" lon="-1.343989"><ele>195.0</ele><time>2025-01-15T12:48:33.000Z</time></trkpt>
      <trkpt lat="52.741452" lon="-1.343975"><ele>195.1</ele><time>2025-01-15T12:48:34.000Z</time></trkpt>
      <trkpt lat="52.741447" lon="-1.343960"><ele>195.3</ele><time>2025-01-15T12:48:35.000Z</time></trkpt>
      <trkpt lat="52.741441" lon="-1.343943"><ele>195.5</ele><time>2025-01-15T12:48:36.000Z</time></trkpt>
      <trkpt lat="52.741436" lon="-1.343926"><ele>195.6</ele><time>2025-01-15T12:48:37.000Z</time></trkpt>
      <trkpt lat="52.741431" lon="-1.343909"><ele>195.8</ele><time>2025-01-15T12:48:38.000Z</time></trkpt>
      <trkpt lat="52.741427" lon="-1.343893"><ele>195.9</ele><time>2025-01-15T12:48:39.000Z</time></trkpt>
      <trkpt lat="52.741422" lon="-1.343878"><ele>196.0</ele><time>2025-01-15T12:48:40.000Z</time></trkpt>
      <trkpt lat="52.741417" lon="-1.343862"><ele>196.2</ele><time>2025-01-15T12:48:41.000Z</time></trkpt>
      <trkpt lat="52.741412" lon="-1.343846"><ele>196.3</ele><time>2025-01-15T12:48:42.000Z</time></trkpt>
      <trkpt lat="52.741407" lon="-1.343830"><ele>196.4</ele><time>2025-01-15T12:48:43.000Z</time></trkpt>
      <trkpt lat="52.741402" lon="-1.343815"><ele>196.5</ele><time>2025-01-15T12:48:44.000Z</time></trkpt>
      <trkpt lat="52.741396" lon="-1.343798"><ele>196.6</ele><time>2025-01-15T12:48:45.000Z</time></trkpt>
      <trkpt lat="52.741389" lon="-1.343781"><ele>196.7</ele><time>2025-01-15T12:48:46.000Z</time></trkpt>
      <trkpt lat="52.741382" lon="-1.343766"><ele>196.7</ele><time>2025-01-15T12:48:47.000Z</time></trkpt>
      <trkpt lat="52.741375" lon="-1.343752"><ele>196.8</ele><time>2025-01-15T12:48:48.000Z</time></trkpt>
      <trkpt lat="52.741368" lon="-1.343739"><ele>196.8</ele><time>2025-01-15T12:48:49.000Z</time></trkpt>
      <trkpt lat="52.741361" lon="-1.343726"><ele>196.9</ele><time>2025-01-15T12:48:50.000Z</time></trkpt>
      <trkpt lat="52.741354" lon="-1.343713"><ele>196.9</ele><time>2025-01-15T12:48:51.000Z</time></trkpt>
      <trkpt lat="52.741346" lon="-1.343700"><ele>197.0</ele><time>2025-01-15T12:48:52.000Z</time></trkpt>
      <trkpt lat="52.741339" lon="-1.343686"><ele>197.0</ele><time>2025-01-15T12:48:53.000Z</time></trkpt>
      <trkpt lat="52.741332" lon="-1.343672"><ele>197.0</ele><time>2025-01-15T12:48:54.000Z</time></trkpt>
      <trkpt lat="52.741326" lon="-1.343658"><ele>197.0</ele><time>2025-01-15T12:48:55.000Z</time></trkpt>
      <trkpt lat="52.741321" lon="-1.343644"><ele>196.9</ele><time>2025-01-15T12:48:56.000Z</time></trkpt>
      <trkpt lat="52.741316" lon="-1.343630"><ele>196.9</ele><time>2025-01-15T12:48:57.000Z</time></trkpt>
      <trkpt lat="52.741311" lon="-1.343613"><ele>196.9</ele><time>2025-01-15T12:48:58.000Z</time></trkpt>
      <trkpt lat="52.741306" lon="-1.343594"><ele>196.8</ele><time>2025-01-15T12:48:59.000Z</time></trkpt>
      <trkpt lat="52.741300" lon="-1.343576"><ele>196.8</ele><time>2025-01-15T12:49:00.000Z</time></trkpt>
      <trkpt lat="52.741295" lon="-1.343559"><ele>196.7</ele><time>2025-01-15T12:49:01.000Z</time></trkpt>
      <trkpt lat="52.741289" lon="-1.343544"><ele>196.7</ele><time>2025-01-15T12:49:02.000Z</time></trkpt>
      <trkpt lat="52.741282" lon="-1.343530"><ele>196.6</ele><time>2025-01-15T12:49:03.000Z</time></trkpt>
      <trkpt lat="52.741274" lon="-1.343515"><ele>196.6</ele><time>2025-01-15T12:49:04.000Z</time></trkpt>
      <trkpt lat="52.741266" lon="-1.343501"><ele>196.6</ele><time>2025-01-15T12:49:05.000Z</time></trkpt>
      <trkpt lat="52.741257" lon="-1.343489"><ele>196.5</ele><time>2025-01-15T12:49:06.000Z</time></trkpt>
      <trkpt lat="52.741248" lon="-1.343475"><ele>196.6</ele><time>2025-01-15T12:49:07.000Z</time></trkpt>
      <trkpt lat="52.741239" lon="-1.343461"><ele>196.6</ele><time>2025-01-15T12:49:08.000Z</time></trkpt>
      <trkpt lat="52.741230" lon="-1.343449"><ele>196.6</ele><time>2025-01-15T12:49:09.000Z</time></trkpt>
      <trkpt lat="52.741222" lon="-1.343437"><ele>196.6</ele><time>2025-01-15T12:49:10.000Z</time></trkpt>
      <trkpt lat="52.741213" lon="-1.343423"><ele>196.6</ele><time>2025-01-15T12:49:11.000Z</time></trkpt>
      <trkpt lat="52.741204" lon="-1.343406"><ele>196.7</ele><time>2025-01-15T12:49:12.000Z</time></trkpt>
      <trkpt lat="52.741195" lon="-1.343389"><ele>196.7</ele><time>2025-01-15T12:49:13.000Z</time></trkpt>
      <trkpt lat="52.741187" lon="-1.343373"><ele>196.8</ele><time>2025-01-15T12:49:14.000Z</time></trkpt>
      <trkpt lat="52.741179" lon="-1.343357"><ele>196.8</ele><time>2025-01-15T12:49:15.000Z</time></trkpt>
      <trkpt lat="52.741172" lon="-1.343343"><ele>196.8</ele><time>2025-01-15T12:49:16.000Z</time></trkpt>
      <trkpt lat="52.741164" lon="-1.343329"><ele>196.8</ele><time>2025-01-15T12:49:17.000Z</time></trkpt>
      <trkpt lat="52.741155" lon="-1.343316"><ele>196.8</ele><time>2025-01-15T12:49:18.000Z</time></trkpt>
      <trkpt lat="52.741146" lon="-1.343304"><ele>196.8</ele><time>2025-01-15T12:49:19.000Z</time></trkpt>
      <trkpt lat="52.741136" lon="-1.343294"><ele>196.8</ele><time>2025-01-15T12:49:20.000Z</time></trkpt>
      <trkpt lat="52.741128" lon="-1.343287"><ele>196.7</ele><time>2025-01-15T12:49:21.000Z</time></trkpt>
      <trkpt lat="52.741121" lon="-1.343281"><ele>196.7</ele><time>2025-01-15T12:49:22.000Z</time></trkpt>
      <trkpt lat="52.741116" lon="-1.343275"><ele>196.7</ele><time>2025-01-15T12:49:23.000Z</time></trkpt>
      <trkpt lat="52.741110" lon="-1.343265"><ele>196.6</ele><time>2025-01-15T12:49:24.000Z</time></trkpt>
      <trkpt lat="52.741104" lon="-1.343252"><ele>196.6</ele><time>2025-01-15T12:49:25.000Z</time></trkpt>
      <trkpt lat="52.741096" lon="-1.343237"><ele>196.5</ele><time>2025-01-15T12:49:26.000Z</time></trkpt>
      <trkpt lat="52.741088" lon="-1.343222"><ele>196.5</ele><time>2025-01-15T12:49:27.000Z</time></trkpt>
      <trkpt lat="52.741080" lon="-1.343210"><ele>196.5</ele><time>2025-01-15T12:49:28.000Z</time></trkpt>
      <trkpt lat="52.741071" lon="-1.343201"><ele>196.5</ele><time>2025-01-15T12:49:29.000Z</time></trkpt>
      <trkpt lat="52.741062" lon="-1.343196"><ele>196.5</ele><time>2025-01-15T12:49:30.000Z</time></trkpt>
      <trkpt lat="52.741052" lon="-1.343193"><ele>196.5</ele><time>2025-01-15T12:49:31.000Z</time></trkpt>
      <trkpt lat="52.741041" lon="-1.343189"><ele>196.5</ele><time>2025-01-15T12:49:32.000Z</time></trkpt>
      <trkpt lat="52.741030" lon="-1.343186"><ele>196.5</ele><time>2025-01-15T12:49:33.000Z</time></trkpt>
      <trkpt lat="52.741020" lon="-1.343185"><ele>196.6</ele><time>2025-01-15T12:49:34.000Z</time></trkpt>
      <trkpt lat="52.741011" lon="-1.343186"><ele>196.6</ele><time>2025-01-15T12:49:35.000Z</time></trkpt>
      <trkpt lat="52.741000" lon="-1.343190"><ele>196.7</ele><time>2025-01-15T12:49:37.000Z</time></trkpt>
      <trkpt lat="52.740989" lon="-1.343194"><ele>196.8</ele><time>2025-01-15T12:49:38.000Z</time></trkpt>
      <trkpt lat="52.740979" lon="-1.343198"><ele>196.9</ele><time>2025-01-15T12:49:39.000Z</time></trkpt>
      <trkpt lat="52.740968" lon="-1.343202"><ele>197.0</ele><time>2025-01-15T12:49:40.000Z</time></trkpt>
      <trkpt lat="52.740958" lon="-1.343208"><ele>197.2</ele><time>2025-01-15T12:49:41.000Z</time></trkpt>
      <trkpt lat="52.740947" lon="-1.343215"><ele>197.3</ele><time>2025-01-15T12:49:42.000Z</time></trkpt>
      <trkpt lat="52.740936" lon="-1.343220"><ele>197.5</ele><time>2025-01-15T12:49:43.000Z</time></trkpt>
      <trkpt lat="52.740926" lon="-1.343226"><ele>197.7</ele><time>2025-01-15T12:49:44.000Z</time></trkpt>
      <trkpt lat="52.740916" lon="-1.343231"><ele>197.9</ele><time>2025-01-15T12:49:45.000Z</time></trkpt>
      <trkpt lat="52.740905" lon="-1.343236"><ele>198.1</ele><time>2025-01-15T12:49:46.000Z</time></trkpt>
      <trkpt lat="52.740895" lon="-1.343240"><ele>198.3</ele><time>2025-01-15T12:49:47.000Z</time></trkpt>
      <trkpt lat="52.740884" lon="-1.343244"><ele>198.6</ele><time>2025-01-15T12:49:48.000Z</time></trkpt>
      <trkpt lat="52.740874" lon="-1.343247"><ele>198.8</ele><time>2025-01-15T12:49:49.000Z</time></trkpt>
      <trkpt lat="52.740864" lon="-1.343250"><ele>199.1</ele><time>2025-01-15T12:49:50.000Z</time></trkpt>
      <trkpt lat="52.740854" lon="-1.343254"><ele>199.3</ele><time>2025-01-15T12:49:51.000Z</time></trkpt>
      <trkpt lat="52.740845" lon="-1.343259"><ele>199.6</ele><time>2025-01-15T12:49:52.000Z</time></trkpt>
      <trkpt lat="52.740836" lon="-1.343263"><ele>199.8</ele><time>2025-01-15T12:49:53.000Z</time></trkpt>
      <trkpt lat="52.740827" lon="-1.343268"><ele>200.0</ele><time>2025-01-15T12:49:54.000Z</time></trkpt>
      <trkpt lat="52.740817" lon="-1.343274"><ele>200.3</ele><time>2025-01-15T12:49:55.000Z</time></trkpt>
      <trkpt lat="52.740808" lon="-1.343280"><ele>200.5</ele><time>2025-01-15T12:49:56.000Z</time></trkpt>
      <trkpt lat="52.740800" lon="-1.343286"><ele>200.7</ele><time>2025-01-15T12:49:57.000Z</time></trkpt>
      <trkpt lat="52.740791" lon="-1.343291"><ele>200.9</ele><time>2025-01-15T12:49:58.000Z</time></trkpt>
      <trkpt lat="52.740782" lon="-1.343296"><ele>201.2</ele><time>2025-01-15T12:49:59.000Z</time></trkpt>
      <trkpt lat="52.740773" lon="-1.343300"><ele>201.4</ele><time>2025-01-15T12:50:00.000Z</time></trkpt>
      <trkpt lat="52.740764" lon="-1.343304"><ele>201.5</ele><time>2025-01-15T12:50:01.000Z</time></trkpt>
      <trkpt lat="52.740755" lon="-1.343307"><ele>201.7</ele><time>2025-01-15T12:50:02.000Z</time></trkpt>
      <trkpt lat="52.740744" lon="-1.343310"><ele>201.9</ele><time>2025-01-15T12:50:03.000Z</time></trkpt>
      <trkpt lat="52.740734" lon="-1.343313"><ele>202.1</ele><time>2025-01-15T12:50:04.000Z</time></trkpt>
      <trkpt lat="52.740723" lon="-1.343314"><ele>202.2</ele><time>2025-01-15T12:50:05.000Z</time></trkpt>
      <trkpt lat="52.740713" lon="-1.343314"><ele>202.4</ele><time>2025-01-15T12:50:06.000Z</time></trkpt>
      <trkpt lat="52.740702" lon="-1.343313"><ele>202.5</ele><time>2025-01-15T12:50:07.000Z</time></trkpt>
      <trkpt lat="52.740691" lon="-1.343312"><ele>202.6</ele><time>2025-01-15T12:50:08.000Z</time></trkpt>
      <trkpt lat="52.740681" lon="-1.343310"><ele>202.7</ele><time>2025-01-15T12:50:09.000Z</time></trkpt>
      <trkpt lat="52.740671" lon="-1.343308"><ele>202.8</ele><time>2025-01-15T12:50:10.000Z</time></trkpt>
      <trkpt lat="52.740661" lon="-1.343305"><ele>202.9</ele><time>2025-01-15T12:50:11.000Z</time></trkpt>
      <trkpt lat="52.740650" lon="-1.343301"><ele>203.0</ele><time>2025-01-15T12:50:12.000Z</time></trkpt>
      <trkpt lat="52.740640" lon="-1.343297"><ele>203.1</ele><time>2025-01-15T12:50:13.000Z</time></trkpt>
      <trkpt lat="52.740631" lon="-1.343295"><ele>203.2</ele><time>2025-01-15T12:50:14.000Z</time></trkpt>
      <trkpt lat="52.740621" lon="-1.343291"><ele>203.2</ele><time>2025-01-15T12:50:15.000Z</time></trkpt>
      <trkpt lat="52.740612" lon="-1.343287"><ele>203.3</ele><time>2025-01-15T12:50:16.000Z</time></trkpt>
      <trkpt lat="52.740602" lon="-1.343283"><ele>203.4</ele><time>2025-01-15T12:50:17.000Z</time></trkpt>
      <trkpt lat="52.740592" lon="-1.343278"><ele>203.4</ele><time>2025-01-15T12:50:18.000Z</time></trkpt>
      <trkpt lat="52.740582" lon="-1.343273"><ele>203.5</ele><time>2025-01-15T12:50:19.000Z</time></trkpt>
      <trkpt lat="52.740570" lon="-1.343268"><ele>203.5</ele><time>2025-01-15T12:50:20.000Z</time></trkpt>
      <trkpt lat="52.740558" lon="-1.343262"><ele>203.6</ele><time>2025-01-15T12:50:21.000Z</time></trkpt>
      <trkpt lat="52.740546" lon="-1.343255"><ele>203.6</ele><time>2025-01-15T12:50:22.000Z</time></trkpt>
      <trkpt lat="52.740535" lon="-1.343249"><ele>203.7</ele><time>2025-01-15T12:50:23.000Z</time></trkpt>
      <trkpt lat="52.740525" lon="-1.343244"><ele>203.7</ele><time>2025-01-15T12:50:24.000Z</time></trkpt>
      <trkpt lat="52.740513" lon="-1.343240"><ele>203.8</ele><time>2025-01-15T12:50:25.000Z</time></trkpt>
      <trkpt lat="52.740500" lon="-1.343236"><ele>203.8</ele><time>2025-01-15T12:50:26.000Z</time></trkpt>
      <trkpt lat="52.740486" lon="-1.343234"><ele>203.9</ele><time>2025-01-15T12:50:27.000Z</time></trkpt>
      <trkpt lat="52.740473" lon="-1.343232"><ele>203.9</ele><time>2025-01-15T12:50:28.000Z</time></trkpt>
      <trkpt lat="52.740460" lon="-1.343230"><ele>203.9</ele><time>2025-01-15T12:50:29.000Z</time></trkpt>
      <trkpt lat="52.740447" lon="-1.343229"><ele>203.9</ele><time>2025-01-15T12:50:30.000Z</time></trkpt>
      <trkpt lat="52.740433" lon="-1.343229"><ele>203.9</ele><time>2025-01-15T12:50:31.000Z</time></trkpt>
      <trkpt lat="52.740419" lon="-1.343229"><ele>203.9</ele><time>2025-01-15T12:50:32.000Z</time></trkpt>
      <trkpt lat="52.740405" lon="-1.343229"><ele>203.9</ele><time>2025-01-15T12:50:33.000Z</time></trkpt>
      <trkpt lat="52.740392" lon="-1.343231"><ele>203.9</ele><time>2025-01-15T12:50:34.000Z</time></trkpt>
      <trkpt lat="52.740380" lon="-1.343233"><ele>203.9</ele><time>2025-01-15T12:50:35.000Z</time></trkpt>
      <trkpt lat="52.740368" lon="-1.343236"><ele>203.9</ele><time>2025-01-15T12:50:36.000Z</time></trkpt>
      <trkpt lat="52.740356" lon="-1.343240"><ele>203.8</ele><time>2025-01-15T12:50:37.000Z</time></trkpt>
      <trkpt lat="52.740343" lon="-1.343246"><ele>203.8</ele><time>2025-01-15T12:50:38.000Z</time></trkpt>
      <trkpt lat="52.740330" lon="-1.343252"><ele>203.8</ele><time>2025-01-15T12:50:39.000Z</time></trkpt>
      <trkpt lat="52.740318" lon="-1.343260"><ele>203.7</ele><time>2025-01-15T12:50:40.000Z</time></trkpt>
      <trkpt lat="52.740307" lon="-1.343269"><ele>203.7</ele><time>2025-01-15T12:50:41.000Z</time></trkpt>
      <trkpt lat="52.740296" lon="-1.343278"><ele>203.6</ele><time>2025-01-15T12:50:42.000Z</time></trkpt>
      <trkpt lat="52.740285" lon="-1.343288"><ele>203.6</ele><time>2025-01-15T12:50:43.000Z</time></trkpt>
      <trkpt lat="52.740274" lon="-1.343298"><ele>203.6</ele><time>2025-01-15T12:50:44.000Z</time></trkpt>
      <trkpt lat="52.740263" lon="-1.343308"><ele>203.5</ele><time>2025-01-15T12:50:45.000Z</time></trkpt>
      <trkpt lat="52.740253" lon="-1.343316"><ele>203.5</ele><time>2025-01-15T12:50:46.000Z</time></trkpt>
      <trkpt lat="52.740244" lon="-1.343323"><ele>203.5</ele><time>2025-01-15T12:50:47.000Z</time></trkpt>
      <trkpt lat="52.740236" lon="-1.343329"><ele>203.5</ele><time>2025-01-15T12:50:48.000Z</time></trkpt>
      <trkpt lat="52.740229" lon="-1.343332"><ele>203.5</ele><time>2025-01-15T12:50:49.000Z</time></trkpt>
      <trkpt lat="52.740225" lon="-1.343334"><ele>203.5</ele><time>2025-01-15T12:50:50.000Z</time></trkpt>
      <trkpt lat="52.740223" lon="-1.343335"><ele>203.5</ele><time>2025-01-15T12:50:51.000Z</time></trkpt>
      <trkpt lat="52.740223" lon="-1.343336"><ele>203.5</ele><time>2025-01-15T12:50:52.000Z</time></trkpt>
      <trkpt lat="52.740224" lon="-1.343336"><ele>203.5</ele><time>2025-01-15T12:50:53.000Z</time></trkpt>
      <trkpt lat="52.740225" lon="-1.343337"><ele>203.5</ele><time>2025-01-15T12:50:54.000Z</time></trkpt>
      <trkpt lat="52.740226" lon="-1.343338"><ele>203.5</ele><time>2025-01-15T12:50:55.000Z</time></trkpt>
      <trkpt lat="52.740227" lon="-1.343339"><ele>203.5</ele><time>2025-01-15T12:50:56.000Z</time></trkpt>
      <trkpt lat="52.740227" lon="-1.343340"><ele>203.5</ele><time>2025-01-15T12:50:57.000Z</time></trkpt>
      <trkpt lat="52.740227" lon="-1.343341"><ele>203.5</ele><time>2025-01-15T12:50:58.000Z</time></trkpt>
      <trkpt lat="52.740227" lon="-1.343341"><ele>203.5</ele><time>2025-01-15T12:50:59.000Z</time></trkpt>
      <trkpt lat="52.740227" lon="-1.343341"><ele>203.5</ele><time>2025-01-15T12:51:00.000Z</time></trkpt>
      <trkpt lat="52.740227" lon="-1.343341"><ele>203.5</ele><time>2025-01-15T12:51:01.000Z</time></trkpt>
      <trkpt lat="52.740226" lon="-1.343341"><ele>203.5</ele><time>2025-01-15T12:51:02.000Z</time></trkpt>
      <trkpt lat="52.740226" lon="-1.343342"><ele>203.5</ele><time>2025-01-15T12:51:03.000Z</time></trkpt>
      <trkpt lat="52.740226" lon="-1.343344"><ele>203.5</ele><time>2025-01-15T12:51:04.000Z</time></trkpt>
      <trkpt lat="52.740226" lon="-1.343346"><ele>203.5</ele><time>2025-01-15T12:51:05.000Z</time></trkpt>
      <trkpt lat="52.740227" lon="-1.343347"><ele>203.5</ele><time>2025-01-15T12:51:06.000Z</time></trkpt>
      <trkpt lat="52.740227" lon="-1.343348"><ele>203.4</ele><time>2025-01-15T12:51:07.000Z</time></trkpt>
      <trkpt lat="52.740227" lon="-1.343349"><ele>203.4</ele><time>2025-01-15T12:51:08.000Z</time></trkpt>
      <trkpt lat="52.740228" lon="-1.343349"><ele>203.4</ele><time>2025-01-15T12:51:09.000Z</time></trkpt>
      <trkpt lat="52.740228" lon="-1.343349"><ele>203.4</ele><time>2025-01-15T12:51:10.000Z</time></trkpt>
      <trkpt lat="52.740228" lon="-1.343349"><ele>203.4</ele><time>2025-01-15T12:51:11.000Z</time></trkpt>
      <trkpt lat="52.740228" lon="-1.343349"><ele>203.4</ele><time>2025-01-15T12:51:12.000Z</time></trkpt>
      <trkpt lat="52.740228" lon="-1.343349"><ele>203.3</ele><time>2025-01-15T12:51:13.000Z</time></trkpt>
      <trkpt lat="52.740229" lon="-1.343349"><ele>203.3</ele><time>2025-01-15T12:51:14.000Z</time></trkpt>
      <trkpt lat="52.740229" lon="-1.343349"><ele>203.3</ele><time>2025-01-15T12:51:15.000Z</time></trkpt>
      <trkpt lat="52.740229" lon="-1.343349"><ele>203.3</ele><time>2025-01-15T12:51:16.000Z</time></trkpt>
      <trkpt lat="52.740230" lon="-1.343349"><ele>203.3</ele><time>2025-01-15T12:51:17.000Z</time></trkpt>
      <trkpt lat="52.740230" lon="-1.343350"><ele>203.3</ele><time>2025-01-15T12:51:18.000Z</time></trkpt>
      <trkpt lat="52.740230" lon="-1.343350"><ele>203.3</ele><time>2025-01-15T12:51:19.000Z</time></trkpt>
      <trkpt lat="52.740230" lon="-1.343351"><ele>203.3</ele><time>2025-01-15T12:51:20.000Z</time></trkpt>
      <trkpt lat="52.740230" lon="-1.343352"><ele>203.3</ele><time>2025-01-15T12:51:21.000Z</time></trkpt>
      <trkpt lat="52.740231" lon="-1.343353"><ele>203.3</ele><time>2025-01-15T12:51:22.000Z</time></trkpt>
      <trkpt lat="52.740231" lon="-1.343353"><ele>203.3</ele><time>2025-01-15T12:51:23.000Z</time></trkpt>
      <trkpt lat="52.740230" lon="-1.343354"><ele>203.3</ele><time>2025-01-15T12:51:24.000Z</time></trkpt>
      <trkpt lat="52.740230" lon="-1.343354"><ele>203.3</ele><time>2025-01-15T12:51:25.000Z</time></trkpt>
      <trkpt lat="52.740230" lon="-1.343354"><ele>203.3</ele><time>2025-01-15T12:51:26.000Z</time></trkpt>
      <trkpt lat="52.740230" lon="-1.343353"><ele>203.3</ele><time>2025-01-15T12:51:27.000Z</time></trkpt>
      <trkpt lat="52.740230" lon="-1.343353"><ele>203.3</ele><time>2025-01-15T12:51:28.000Z</time></trkpt>
      <trkpt lat="52.740229" lon="-1.343353"><ele>203.3</ele><time>2025-01-15T12:51:29.000Z</time></trkpt>
      <trkpt lat="52.740229" lon="-1.343353"><ele>203.4</ele><time>2025-01-15T12:51:30.000Z</time></trkpt>
      <trkpt lat="52.740228" lon="-1.343353"><ele>203.4</ele><time>2025-01-15T12:51:31.000Z</time></trkpt>
      <trkpt lat="52.740228" lon="-1.343353"><ele>203.4</ele><time>2025-01-15T12:51:32.000Z</time></trkpt>
      <trkpt lat="52.740228" lon="-1.343354"><ele>203.4</ele><time>2025-01-15T12:51:33.000Z</time></trkpt>
      <trkpt lat="52.740227" lon="-1.343354"><ele>203.5</ele><time>2025-01-15T12:51:34.000Z</time></trkpt>
      <trkpt lat="52.740227" lon="-1.343354"><ele>203.5</ele><time>2025-01-15T12:51:35.000Z</time></trkpt>
      <trkpt lat="52.740227" lon="-1.343354"><ele>203.5</ele><time>2025-01-15T12:51:36.000Z</time></trkpt>
      <trkpt lat="52.740228" lon="-1.343354"><ele>203.6</ele><time>2025-01-15T12:51:37.000Z</time></trkpt>
      <trkpt lat="52.740228" lon="-1.343354"><ele>203.6</ele><time>2025-01-15T12:51:38.000Z</time></trkpt>
      <trkpt lat="52.740228" lon="-1.343355"><ele>203.6</ele><time>2025-01-15T12:51:39.000Z</time></trkpt>
      <trkpt lat="52.740228" lon="-1.343355"><ele>203.7</ele><time>2025-01-15T12:51:40.000Z</time></trkpt>
      <trkpt lat="52.740228" lon="-1.343355"><ele>203.7</ele><time>2025-01-15T12:51:41.000Z</time></trkpt>
      <trkpt lat="52.740228" lon="-1.343356"><ele>203.7</ele><time>2025-01-15T12:51:42.000Z</time></trkpt>
      <trkpt lat="52.740228" lon="-1.343358"><ele>203.7</ele><time>2025-01-15T12:51:43.000Z</time></trkpt>
      <trkpt lat="52.740228" lon="-1.343359"><ele>203.8</ele><time>2025-01-15T12:51:44.000Z</time></trkpt>
      <trkpt lat="52.740229" lon="-1.343360"><ele>203.7</ele><time>2025-01-15T12:51:45.000Z</time></trkpt>
      <trkpt lat="52.740229" lon="-1.343361"><ele>203.7</ele><time>2025-01-15T12:51:46.000Z</time></trkpt>
      <trkpt lat="52.740230" lon="-1.343361"><ele>203.7</ele><time>2025-01-15T12:51:47.000Z</time></trkpt>
      <trkpt lat="52.740230" lon="-1.343361"><ele>203.7</ele><time>2025-01-15T12:51:48.000Z</time></trkpt>
      <trkpt lat="52.740231" lon="-1.343361"><ele>203.7</ele><time>2025-01-15T12:51:49.000Z</time></trkpt>
      <trkpt lat="52.740231" lon="-1.343363"><ele>203.6</ele><time>2025-01-15T12:51:50.000Z</time></trkpt>
      <trkpt lat="52.740231" lon="-1.343364"><ele>203.6</ele><time>2025-01-15T12:51:51.000Z</time></trkpt>
      <trkpt lat="52.740232" lon="-1.343364"><ele>203.5</ele><time>2025-01-15T12:51:52.000Z</time></trkpt>
      <trkpt lat="52.740232" lon="-1.343364"><ele>203.5</ele><time>2025-01-15T12:51:53.000Z</time></trkpt>
      <trkpt lat="52.740232" lon="-1.343364"><ele>203.4</ele><time>2025-01-15T12:51:54.000Z</time></trkpt>
      <trkpt lat="52.740232" lon="-1.343364"><ele>203.4</ele><time>2025-01-15T12:51:55.000Z</time></trkpt>
      <trkpt lat="52.740232" lon="-1.343365"><ele>203.3</ele><time>2025-01-15T12:51:56.000Z</time></trkpt>
      <trkpt lat="52.740232" lon="-1.343365"><ele>203.3</ele><time>2025-01-15T12:51:57.000Z</time></trkpt>
      <trkpt lat="52.740232" lon="-1.343365"><ele>203.2</ele><time>2025-01-15T12:51:58.000Z</time></trkpt>
      <trkpt lat="52.740232" lon="-1.343365"><ele>203.2</ele><time>2025-01-15T12:51:59.000Z</time></trkpt>
      <trkpt lat="52.740231" lon="-1.343367"><ele>203.2</ele><time>2025-01-15T12:52:00.000Z</time></trkpt>
      <trkpt lat="52.740229" lon="-1.343372"><ele>203.2</ele><time>2025-01-15T12:52:01.000Z</time></trkpt>
      <trkpt lat="52.740226" lon="-1.343380"><ele>203.1</ele><time>2025-01-15T12:52:02.000Z</time></trkpt>
      <trkpt lat="52.740222" lon="-1.343390"><ele>203.1</ele><time>2025-01-15T12:52:03.000Z</time></trkpt>
      <trkpt lat="52.740217" lon="-1.343403"><ele>203.1</ele><time>2025-01-15T12:52:04.000Z</time></trkpt>
      <trkpt lat="52.740211" lon="-1.343416"><ele>203.1</ele><time>2025-01-15T12:52:05.000Z</time></trkpt>
      <trkpt lat="52.740205" lon="-1.343426"><ele>203.2</ele><time>2025-01-15T12:52:06.000Z</time></trkpt>
      <trkpt lat="52.740200" lon="-1.343434"><ele>203.2</ele><time>2025-01-15T12:52:07.000Z</time></trkpt>
      <trkpt lat="52.740196" lon="-1.343437"><ele>203.2</ele><time>2025-01-15T12:52:08.000Z</time></trkpt>
      <trkpt lat="52.740194" lon="-1.343438"><ele>203.2</ele><time>2025-01-15T12:52:09.000Z</time></trkpt>
      <trkpt lat="52.740193" lon="-1.343438"><ele>203.2</ele><time>2025-01-15T12:52:10.000Z</time></trkpt>
      <trkpt lat="52.740190" lon="-1.343441"><ele>203.3</ele><time>2025-01-15T12:52:11.000Z</time></trkpt>
      <trkpt lat="52.740185" lon="-1.343446"><ele>203.3</ele><time>2025-01-15T12:52:12.000Z</time></trkpt>
      <trkpt lat="52.740178" lon="-1.343455"><ele>203.3</ele><time>2025-01-15T12:52:13.000Z</time></trkpt>
      <trkpt lat="52.740169" lon="-1.343466"><ele>203.4</ele><time>2025-01-15T12:52:14.000Z</time></trkpt>
      <trkpt lat="52.740160" lon="-1.343477"><ele>203.4</ele><time>2025-01-15T12:52:15.000Z</time></trkpt>
      <trkpt lat="52.740152" lon="-1.343488"><ele>203.4</ele><time>2025-01-15T12:52:16.000Z</time></trkpt>
      <trkpt lat="52.740145" lon="-1.343500"><ele>203.4</ele><time>2025-01-15T12:52:17.000Z</time></trkpt>
      <trkpt lat="52.740139" lon="-1.343513"><ele>203.5</ele><time>2025-01-15T12:52:18.000Z</time></trkpt>
      <trkpt lat="52.740135" lon="-1.343523"><ele>203.5</ele><time>2025-01-15T12:52:19.000Z</time></trkpt>
      <trkpt lat="52.740132" lon="-1.343529"><ele>203.5</ele><time>2025-01-15T12:52:20.000Z</time></trkpt>
      <trkpt lat="52.740130" lon="-1.343532"><ele>203.5</ele><time>2025-01-15T12:52:21.000Z</time></trkpt>
      <trkpt lat="52.740130" lon="-1.343531"><ele>203.5</ele><time>2025-01-15T12:52:22.000Z</time></trkpt>
      <trkpt lat="52.740131" lon="-1.343530"><ele>203.6</ele><time>2025-01-15T12:52:23.000Z</time></trkpt>
      <trkpt lat="52.740131" lon="-1.343528"><ele>203.6</ele><time>2025-01-15T12:52:24.000Z</time></trkpt>
      <trkpt lat="52.740132" lon="-1.343527"><ele>203.6</ele><time>2025-01-15T12:52:25.000Z</time></trkpt>
      <trkpt lat="52.740133" lon="-1.343526"><ele>203.6</ele><time>2025-01-15T12:52:26.000Z</time></trkpt>
      <trkpt lat="52.740133" lon="-1.343524"><ele>203.6</ele><time>2025-01-15T12:52:27.000Z</time></trkpt>
      <trkpt lat="52.740134" lon="-1.343523"><ele>203.6</ele><time>2025-01-15T12:52:28.000Z</time></trkpt>
      <trkpt lat="52.740134" lon="-1.343521"><ele>203.7</ele><time>2025-01-15T12:52:29.000Z</time></trkpt>
      <trkpt lat="52.740134" lon="-1.343519"><ele>203.7</ele><time>2025-01-15T12:52:30.000Z</time></trkpt>
      <trkpt lat="52.740134" lon="-1.343518"><ele>203.7</ele><time>2025-01-15T12:52:31.000Z</time></trkpt>
      <trkpt lat="52.740135" lon="-1.343516"><ele>203.7</ele><time>2025-01-15T12:52:32.000Z</time></trkpt>
      <trkpt lat="52.740135" lon="-1.343515"><ele>203.8</ele><time>2025-01-15T12:52:33.000Z</time></trkpt>
      <trkpt lat="52.740135" lon="-1.343513"><ele>203.8</ele><time>2025-01-15T12:52:34.000Z</time></trkpt>
      <trkpt lat="52.740136" lon="-1.343513"><ele>203.8</ele><time>2025-01-15T12:52:35.000Z</time></trkpt>
      <trkpt lat="52.740137" lon="-1.343512"><ele>203.9</ele><time>2025-01-15T12:52:36.000Z</time></trkpt>
      <trkpt lat="52.740138" lon="-1.343512"><ele>203.9</ele><time>2025-01-15T12:52:37.000Z</time></trkpt>
      <trkpt lat="52.740139" lon="-1.343513"><ele>203.9</ele><time>2025-01-15T12:52:38.000Z</time></trkpt>
      <trkpt lat="52.740140" lon="-1.343514"><ele>203.9</ele><time>2025-01-15T12:52:39.000Z</time></trkpt>
      <trkpt lat="52.740141" lon="-1.343515"><ele>204.0</ele><time>2025-01-15T12:52:40.000Z</time></trkpt>
      <trkpt lat="52.740142" lon="-1.343515"><ele>204.0</ele><time>2025-01-15T12:52:41.000Z</time></trkpt>
      <trkpt lat="52.740143" lon="-1.343514"><ele>204.0</ele><time>2025-01-15T12:52:42.000Z</time></trkpt>
      <trkpt lat="52.740144" lon="-1.343514"><ele>204.1</ele><time>2025-01-15T12:52:43.000Z</time></trkpt>
      <trkpt lat="52.740145" lon="-1.343513"><ele>204.1</ele><time>2025-01-15T12:52:44.000Z</time></trkpt>
      <trkpt lat="52.740146" lon="-1.343513"><ele>204.1</ele><time>2025-01-15T12:52:45.000Z</time></trkpt>
      <trkpt lat="52.740146" lon="-1.343512"><ele>204.1</ele><time>2025-01-15T12:52:46.000Z</time></trkpt>
      <trkpt lat="52.740147" lon="-1.343512"><ele>204.2</ele><time>2025-01-15T12:52:47.000Z</time></trkpt>
      <trkpt lat="52.740147" lon="-1.343512"><ele>204.2</ele><time>2025-01-15T12:52:48.000Z</time></trkpt>
      <trkpt lat="52.740147" lon="-1.343512"><ele>204.2</ele><time>2025-01-15T12:52:49.000Z</time></trkpt>
      <trkpt lat="52.740147" lon="-1.343512"><ele>204.3</ele><time>2025-01-15T12:52:50.000Z</time></trkpt>
      <trkpt lat="52.740148" lon="-1.343512"><ele>204.3</ele><time>2025-01-15T12:52:51.000Z</time></trkpt>
      <trkpt lat="52.740148" lon="-1.343512"><ele>204.3</ele><time>2025-01-15T12:52:52.000Z</time></trkpt>
      <trkpt lat="52.740149" lon="-1.343513"><ele>204.4</ele><time>2025-01-15T12:52:53.000Z</time></trkpt>
      <trkpt lat="52.740149" lon="-1.343513"><ele>204.4</ele><time>2025-01-15T12:52:54.000Z</time></trkpt>
      <trkpt lat="52.740150" lon="-1.343513"><ele>204.4</ele><time>2025-01-15T12:52:55.000Z</time></trkpt>
      <trkpt lat="52.740150" lon="-1.343513"><ele>204.4</ele><time>2025-01-15T12:52:56.000Z</time></trkpt>
      <trkpt lat="52.740150" lon="-1.343513"><ele>204.5</ele><time>2025-01-15T12:52:57.000Z</time></trkpt>
      <trkpt lat="52.740150" lon="-1.343514"><ele>204.5</ele><time>2025-01-15T12:52:58.000Z</time></trkpt>
      <trkpt lat="52.740151" lon="-1.343516"><ele>204.5</ele><time>2025-01-15T12:52:59.000Z</time></trkpt>
      <trkpt lat="52.740151" lon="-1.343517"><ele>204.5</ele><time>2025-01-15T12:53:00.000Z</time></trkpt>
      <trkpt lat="52.740151" lon="-1.343517"><ele>204.5</ele><time>2025-01-15T12:53:01.000Z</time></trkpt>
      <trkpt lat="52.740152" lon="-1.343517"><ele>204.5</ele><time>2025-01-15T12:53:02.000Z</time></trkpt>
      <trkpt lat="52.740152" lon="-1.343517"><ele>204.5</ele><time>2025-01-15T12:53:03.000Z</time></trkpt>
      <trkpt lat="52.740152" lon="-1.343517"><ele>204.5</ele><time>2025-01-15T12:53:04.000Z</time></trkpt>
      <trkpt lat="52.740152" lon="-1.343517"><ele>204.4</ele><time>2025-01-15T12:53:05.000Z</time></trkpt>
      <trkpt lat="52.740152" lon="-1.343518"><ele>204.4</ele><time>2025-01-15T12:53:06.000Z</time></trkpt>
      <trkpt lat="52.740152" lon="-1.343518"><ele>204.4</ele><time>2025-01-15T12:53:07.000Z</time></trkpt>
      <trkpt lat="52.740152" lon="-1.343519"><ele>204.3</ele><time>2025-01-15T12:53:08.000Z</time></trkpt>
      <trkpt lat="52.740152" lon="-1.343519"><ele>204.3</ele><time>2025-01-15T12:53:09.000Z</time></trkpt>
      <trkpt lat="52.740152" lon="-1.343520"><ele>204.3</ele><time>2025-01-15T12:53:10.000Z</time></trkpt>
      <trkpt lat="52.740152" lon="-1.343520"><ele>204.2</ele><time>2025-01-15T12:53:11.000Z</time></trkpt>
      <trkpt lat="52.740152" lon="-1.343519"><ele>204.2</ele><time>2025-01-15T12:53:12.000Z</time></trkpt>
      <trkpt lat="52.740152" lon="-1.343519"><ele>204.2</ele><time>2025-01-15T12:53:13.000Z</time></trkpt>
      <trkpt lat="52.740152" lon="-1.343518"><ele>204.1</ele><time>2025-01-15T12:53:14.000Z</time></trkpt>
      <trkpt lat="52.740152" lon="-1.343518"><ele>204.1</ele><time>2025-01-15T12:53:15.000Z</time></trkpt>
      <trkpt lat="52.740152" lon="-1.343518"><ele>204.1</ele><time>2025-01-15T12:53:16.000Z</time></trkpt>
      <trkpt lat="52.740152" lon="-1.343517"><ele>204.1</ele><time>2025-01-15T12:53:17.000Z</time></trkpt>
      <trkpt lat="52.740152" lon="-1.343517"><ele>204.0</ele><time>2025-01-15T12:53:18.000Z</time></trkpt>
      <trkpt lat="52.740152" lon="-1.343517"><ele>204.0</ele><time>2025-01-15T12:53:19.000Z</time></trkpt>
      <trkpt lat="52.740152" lon="-1.343517"><ele>204.0</ele><time>2025-01-15T12:53:20.000Z</time></trkpt>
      <trkpt lat="52.740152" lon="-1.343517"><ele>204.0</ele><time>2025-01-15T12:53:21.000Z</time></trkpt>
      <trkpt lat="52.740152" lon="-1.343518"><ele>204.0</ele><time>2025-01-15T12:53:22.000Z</time></trkpt>
      <trkpt lat="52.740152" lon="-1.343519"><ele>204.0</ele><time>2025-01-15T12:53:23.000Z</time></trkpt>
      <trkpt lat="52.740152" lon="-1.343521"><ele>204.0</ele><time>2025-01-15T12:53:24.000Z</time></trkpt>
      <trkpt lat="52.740152" lon="-1.343523"><ele>204.1</ele><time>2025-01-15T12:53:25.000Z</time></trkpt>
      <trkpt lat="52.740152" lon="-1.343526"><ele>204.1</ele><time>2025-01-15T12:53:26.000Z</time></trkpt>
      <trkpt lat="52.740152" lon="-1.343528"><ele>204.1</ele><time>2025-01-15T12:53:27.000Z</time></trkpt>
      <trkpt lat="52.740152" lon="-1.343530"><ele>204.1</ele><time>2025-01-15T12:53:28.000Z</time></trkpt>
      <trkpt lat="52.740153" lon="-1.343531"><ele>204.1</ele><time>2025-01-15T12:53:29.000Z</time></trkpt>
      <trkpt lat="52.740153" lon="-1.343532"><ele>204.1</ele><time>2025-01-15T12:53:30.000Z</time></trkpt>
      <trkpt lat="52.740154" lon="-1.343533"><ele>204.1</ele><time>2025-01-15T12:53:31.000Z</time></trkpt>
      <trkpt lat="52.740153" lon="-1.343534"><ele>204.1</ele><time>2025-01-15T12:53:32.000Z</time></trkpt>
      <trkpt lat="52.740153" lon="-1.343535"><ele>204.1</ele><time>2025-01-15T12:53:33.000Z</time></trkpt>
      <trkpt lat="52.740153" lon="-1.343536"><ele>204.1</ele><time>2025-01-15T12:53:34.000Z</time></trkpt>
      <trkpt lat="52.740152" lon="-1.343537"><ele>204.1</ele><time>2025-01-15T12:53:35.000Z</time></trkpt>
      <trkpt lat="52.740151" lon="-1.343537"><ele>204.0</ele><time>2025-01-15T12:53:36.000Z</time></trkpt>
      <trkpt lat="52.740150" lon="-1.343538"><ele>204.0</ele><time>2025-01-15T12:53:37.000Z</time></trkpt>
      <trkpt lat="52.740149" lon="-1.343539"><ele>204.0</ele><time>2025-01-15T12:53:38.000Z</time></trkpt>
      <trkpt lat="52.740148" lon="-1.343540"><ele>204.0</ele><time>2025-01-15T12:53:39.000Z</time></trkpt>
      <trkpt lat="52.740147" lon="-1.343541"><ele>204.0</ele><time>2025-01-15T12:53:40.000Z</time></trkpt>
      <trkpt lat="52.740147" lon="-1.343541"><ele>204.0</ele><time>2025-01-15T12:53:41.000Z</time></trkpt>
      <trkpt lat="52.740146" lon="-1.343541"><ele>204.0</ele><time>2025-01-15T12:53:42.000Z</time></trkpt>
      <trkpt lat="52.740146" lon="-1.343541"><ele>204.0</ele><time>2025-01-15T12:53:43.000Z</time></trkpt>
      <trkpt lat="52.740146" lon="-1.343540"><ele>203.9</ele><time>2025-01-15T12:53:44.000Z</time></trkpt>
      <trkpt lat="52.740146" lon="-1.343540"><ele>203.9</ele><time>2025-01-15T12:53:45.000Z</time></trkpt>
      <trkpt lat="52.740146" lon="-1.343540"><ele>203.9</ele><time>2025-01-15T12:53:46.000Z</time></trkpt>
      <trkpt lat="52.740146" lon="-1.343539"><ele>203.9</ele><time>2025-01-15T12:53:47.000Z</time></trkpt>
      <trkpt lat="52.740146" lon="-1.343539"><ele>203.9</ele><time>2025-01-15T12:53:48.000Z</time></trkpt>
      <trkpt lat="52.740146" lon="-1.343539"><ele>203.9</ele><time>2025-01-15T12:53:49.000Z</time></trkpt>
      <trkpt lat="52.740146" lon="-1.343539"><ele>203.8</ele><time>2025-01-15T12:53:50.000Z</time></trkpt>
      <trkpt lat="52.740146" lon="-1.343539"><ele>203.8</ele><time>2025-01-15T12:53:51.000Z</time></trkpt>
      <trkpt lat="52.740146" lon="-1.343538"><ele>203.8</ele><time>2025-01-15T12:53:52.000Z</time></trkpt>
      <trkpt lat="52.740146" lon="-1.343538"><ele>203.8</ele><time>2025-01-15T12:53:53.000Z</time></trkpt>
      <trkpt lat="52.740146" lon="-1.343538"><ele>203.8</ele><time>2025-01-15T12:53:54.000Z</time></trkpt>
      <trkpt lat="52.740146" lon="-1.343538"><ele>203.8</ele><time>2025-01-15T12:53:55.000Z</time></trkpt>
      <trkpt lat="52.740146" lon="-1.343538"><ele>203.7</ele><time>2025-01-15T12:53:56.000Z</time></trkpt>
      <trkpt lat="52.740146" lon="-1.343538"><ele>203.7</ele><time>2025-01-15T12:53:57.000Z</time></trkpt>
      <trkpt lat="52.740146" lon="-1.343538"><ele>203.7</ele><time>2025-01-15T12:53:58.000Z</time></trkpt>
      <trkpt lat="52.740146" lon="-1.343538"><ele>203.7</ele><time>2025-01-15T12:53:59.000Z</time></trkpt>
      <trkpt lat="52.740146" lon="-1.343538"><ele>203.7</ele><time>2025-01-15T12:54:00.000Z</time></trkpt>
      <trkpt lat="52.740146" lon="-1.343538"><ele>203.6</ele><time>2025-01-15T12:54:01.000Z</time></trkpt>
      <trkpt lat="52.740146" lon="-1.343538"><ele>203.6</ele><time>2025-01-15T12:54:02.000Z</time></trkpt>
      <trkpt lat="52.740147" lon="-1.343538"><ele>203.6</ele><time>2025-01-15T12:54:03.000Z</time></trkpt>
      <trkpt lat="52.740148" lon="-1.343537"><ele>203.6</ele><time>2025-01-15T12:54:04.000Z</time></trkpt>
      <trkpt lat="52.740148" lon="-1.343536"><ele>203.6</ele><time>2025-01-15T12:54:05.000Z</time></trkpt>
      <trkpt lat="52.740149" lon="-1.343535"><ele>203.5</ele><time>2025-01-15T12:54:06.000Z</time></trkpt>
      <trkpt lat="52.740149" lon="-1.343534"><ele>203.5</ele><time>2025-01-15T12:54:07.000Z</time></trkpt>
      <trkpt lat="52.740148" lon="-1.343533"><ele>203.5</ele><time>2025-01-15T12:54:08.000Z</time></trkpt>
      <trkpt lat="52.740148" lon="-1.343533"><ele>203.5</ele><time>2025-01-15T12:54:09.000Z</time></trkpt>
      <trkpt lat="52.740147" lon="-1.343532"><ele>203.5</ele><time>2025-01-15T12:54:10.000Z</time></trkpt>
      <trkpt lat="52.740147" lon="-1.343532"><ele>203.5</ele><time>2025-01-15T12:54:11.000Z</time></trkpt>
      <trkpt lat="52.740147" lon="-1.343532"><ele>203.5</ele><time>2025-01-15T12:54:12.000Z</time></trkpt>
      <trkpt lat="52.740147" lon="-1.343532"><ele>203.5</ele><time>2025-01-15T12:54:13.000Z</time></trkpt>
      <trkpt lat="52.740147" lon="-1.343532"><ele>203.5</ele><time>2025-01-15T12:54:14.000Z</time></trkpt>
      <trkpt lat="52.740147" lon="-1.343532"><ele>203.5</ele><time>2025-01-15T12:54:15.000Z</time></trkpt>
      <trkpt lat="52.740147" lon="-1.343532"><ele>203.6</ele><time>2025-01-15T12:54:16.000Z</time></trkpt>
      <trkpt lat="52.740147" lon="-1.343532"><ele>203.6</ele><time>2025-01-15T12:54:17.000Z</time></trkpt>
      <trkpt lat="52.740148" lon="-1.343533"><ele>203.6</ele><time>2025-01-15T12:54:18.000Z</time></trkpt>
      <trkpt lat="52.740148" lon="-1.343533"><ele>203.6</ele><time>2025-01-15T12:54:19.000Z</time></trkpt>
      <trkpt lat="52.740147" lon="-1.343534"><ele>203.6</ele><time>2025-01-15T12:54:20.000Z</time></trkpt>
      <trkpt lat="52.740146" lon="-1.343535"><ele>203.6</ele><time>2025-01-15T12:54:21.000Z</time></trkpt>
      <trkpt lat="52.740146" lon="-1.343536"><ele>203.6</ele><time>2025-01-15T12:54:22.000Z</time></trkpt>
      <trkpt lat="52.740145" lon="-1.343536"><ele>203.6</ele><time>2025-01-15T12:54:23.000Z</time></trkpt>
      <trkpt lat="52.740146" lon="-1.343535"><ele>203.7</ele><time>2025-01-15T12:54:24.000Z</time></trkpt>
      <trkpt lat="52.740146" lon="-1.343533"><ele>203.7</ele><time>2025-01-15T12:54:25.000Z</time></trkpt>
      <trkpt lat="52.740146" lon="-1.343531"><ele>203.7</ele><time>2025-01-15T12:54:26.000Z</time></trkpt>
      <trkpt lat="52.740146" lon="-1.343529"><ele>203.7</ele><time>2025-01-15T12:54:27.000Z</time></trkpt>
      <trkpt lat="52.740146" lon="-1.343527"><ele>203.8</ele><time>2025-01-15T12:54:28.000Z</time></trkpt>
      <trkpt lat="52.740146" lon="-1.343525"><ele>203.8</ele><time>2025-01-15T12:54:29.000Z</time></trkpt>
      <trkpt lat="52.740146" lon="-1.343524"><ele>203.8</ele><time>2025-01-15T12:54:30.000Z</time></trkpt>
      <trkpt lat="52.740146" lon="-1.343522"><ele>203.9</ele><time>2025-01-15T12:54:31.000Z</time></trkpt>
      <trkpt lat="52.740147" lon="-1.343520"><ele>203.9</ele><time>2025-01-15T12:54:32.000Z</time></trkpt>
      <trkpt lat="52.740147" lon="-1.343519"><ele>203.9</ele><time>2025-01-15T12:54:33.000Z</time></trkpt>
      <trkpt lat="52.740147" lon="-1.343519"><ele>204.0</ele><time>2025-01-15T12:54:34.000Z</time></trkpt>
      <trkpt lat="52.740147" lon="-1.343518"><ele>204.0</ele><time>2025-01-15T12:54:35.000Z</time></trkpt>
      <trkpt lat="52.740147" lon="-1.343517"><ele>204.0</ele><time>2025-01-15T12:54:36.000Z</time></trkpt>
      <trkpt lat="52.740147" lon="-1.343515"><ele>204.0</ele><time>2025-01-15T12:54:37.000Z</time></trkpt>
      <trkpt lat="52.740148" lon="-1.343514"><ele>204.0</ele><time>2025-01-15T12:54:38.000Z</time></trkpt>
      <trkpt lat="52.740149" lon="-1.343513"><ele>204.0</ele><time>2025-01-15T12:54:39.000Z</time></trkpt>
      <trkpt lat="52.740149" lon="-1.343512"><ele>204.0</ele><time>2025-01-15T12:54:40.000Z</time></trkpt>
      <trkpt lat="52.740149" lon="-1.343511"><ele>203.9</ele><time>2025-01-15T12:54:41.000Z</time></trkpt>
      <trkpt lat="52.740150" lon="-1.343510"><ele>203.9</ele><time>2025-01-15T12:54:42.000Z</time></trkpt>
      <trkpt lat="52.740150" lon="-1.343509"><ele>203.9</ele><time>2025-01-15T12:54:43.000Z</time></trkpt>
      <trkpt lat="52.740150" lon="-1.343509"><ele>203.9</ele><time>2025-01-15T12:54:44.000Z</time></trkpt>
      <trkpt lat="52.740150" lon="-1.343509"><ele>203.8</ele><time>2025-01-15T12:54:45.000Z</time></trkpt>
      <trkpt lat="52.740151" lon="-1.343509"><ele>203.8</ele><time>2025-01-15T12:54:46.000Z</time></trkpt>
      <trkpt lat="52.740151" lon="-1.343509"><ele>203.8</ele><time>2025-01-15T12:54:47.000Z</time></trkpt>
      <trkpt lat="52.740151" lon="-1.343510"><ele>203.8</ele><time>2025-01-15T12:54:48.000Z</time></trkpt>
      <trkpt lat="52.740151" lon="-1.343510"><ele>203.7</ele><time>2025-01-15T12:54:49.000Z</time></trkpt>
      <trkpt lat="52.740150" lon="-1.343511"><ele>203.7</ele><time>2025-01-15T12:54:50.000Z</time></trkpt>
      <trkpt lat="52.740150" lon="-1.343511"><ele>203.7</ele><time>2025-01-15T12:54:51.000Z</time></trkpt>
      <trkpt lat="52.740150" lon="-1.343511"><ele>203.7</ele><time>2025-01-15T12:54:52.000Z</time></trkpt>
      <trkpt lat="52.740150" lon="-1.343511"><ele>203.7</ele><time>2025-01-15T12:54:53.000Z</time></trkpt>
      <trkpt lat="52.740149" lon="-1.343510"><ele>203.7</ele><time>2025-01-15T12:54:54.000Z</time></trkpt>
      <trkpt lat="52.740150" lon="-1.343510"><ele>203.7</ele><time>2025-01-15T12:54:55.000Z</time></trkpt>
      <trkpt lat="52.740150" lon="-1.343510"><ele>203.7</ele><time>2025-01-15T12:54:56.000Z</time></trkpt>
      <trkpt lat="52.740150" lon="-1.343510"><ele>203.7</ele><time>2025-01-15T12:54:57.000Z</time></trkpt>
      <trkpt lat="52.740149" lon="-1.343510"><ele>203.7</ele><time>2025-01-15T12:54:58.000Z</time></trkpt>
      <trkpt lat="52.740149" lon="-1.343509"><ele>203.8</ele><time>2025-01-15T12:54:59.000Z</time></trkpt>
      <trkpt lat="52.740149" lon="-1.343509"><ele>203.8</ele><time>2025-01-15T12:55:00.000Z</time></trkpt>
      <trkpt lat="52.740148" lon="-1.343509"><ele>203.8</ele><time>2025-01-15T12:55:01.000Z</time></trkpt>
      <trkpt lat="52.740148" lon="-1.343509"><ele>203.8</ele><time>2025-01-15T12:55:02.000Z</time></trkpt>
      <trkpt lat="52.740149" lon="-1.343509"><ele>203.8</ele><time>2025-01-15T12:55:03.000Z</time></trkpt>
      <trkpt lat="52.740150" lon="-1.343509"><ele>203.8</ele><time>2025-01-15T12:55:04.000Z</time></trkpt>
      <trkpt lat="52.740152" lon="-1.343508"><ele>203.8</ele><time>2025-01-15T12:55:05.000Z</time></trkpt>
      <trkpt lat="52.740154" lon="-1.343507"><ele>203.8</ele><time>2025-01-15T12:55:06.000Z</time></trkpt>
      <trkpt lat="52.740156" lon="-1.343505"><ele>203.8</ele><time>2025-01-15T12:55:07.000Z</time></trkpt>
      <trkpt lat="52.740158" lon="-1.343502"><ele>203.9</ele><time>2025-01-15T12:55:08.000Z</time></trkpt>
      <trkpt lat="52.740160" lon="-1.343498"><ele>203.9</ele><time>2025-01-15T12:55:09.000Z</time></trkpt>
      <trkpt lat="52.740161" lon="-1.343495"><ele>203.9</ele><time>2025-01-15T12:55:10.000Z</time></trkpt>
      <trkpt lat="52.740162" lon="-1.343493"><ele>204.0</ele><time>2025-01-15T12:55:11.000Z</time></trkpt>
      <trkpt lat="52.740163" lon="-1.343493"><ele>204.0</ele><time>2025-01-15T12:55:12.000Z</time></trkpt>
      <trkpt lat="52.740163" lon="-1.343492"><ele>204.1</ele><time>2025-01-15T12:55:13.000Z</time></trkpt>
      <trkpt lat="52.740162" lon="-1.343491"><ele>204.1</ele><time>2025-01-15T12:55:14.000Z</time></trkpt>
      <trkpt lat="52.740160" lon="-1.343490"><ele>204.2</ele><time>2025-01-15T12:55:15.000Z</time></trkpt>
      <trkpt lat="52.740157" lon="-1.343488"><ele>204.2</ele><time>2025-01-15T12:55:16.000Z</time></trkpt>
      <trkpt lat="52.740155" lon="-1.343487"><ele>204.3</ele><time>2025-01-15T12:55:17.000Z</time></trkpt>
      <trkpt lat="52.740155" lon="-1.343486"><ele>204.3</ele><time>2025-01-15T12:55:18.000Z</time></trkpt>
      <trkpt lat="52.740157" lon="-1.343486"><ele>204.3</ele><time>2025-01-15T12:55:19.000Z</time></trkpt>
      <trkpt lat="52.740158" lon="-1.343486"><ele>204.3</ele><time>2025-01-15T12:55:20.000Z</time></trkpt>
      <trkpt lat="52.740159" lon="-1.343486"><ele>204.3</ele><time>2025-01-15T12:55:21.000Z</time></trkpt>
      <trkpt lat="52.740160" lon="-1.343485"><ele>204.3</ele><time>2025-01-15T12:55:22.000Z</time></trkpt>
      <trkpt lat="52.740162" lon="-1.343483"><ele>204.2</ele><time>2025-01-15T12:55:23.000Z</time></trkpt>
      <trkpt lat="52.740164" lon="-1.343478"><ele>204.2</ele><time>2025-01-15T12:55:24.000Z</time></trkpt>
      <trkpt lat="52.740167" lon="-1.343470"><ele>204.1</ele><time>2025-01-15T12:55:25.000Z</time></trkpt>
      <trkpt lat="52.740172" lon="-1.343461"><ele>204.0</ele><time>2025-01-15T12:55:26.000Z</time></trkpt>
      <trkpt lat="52.740179" lon="-1.343452"><ele>203.9</ele><time>2025-01-15T12:55:27.000Z</time></trkpt>
      <trkpt lat="52.740189" lon="-1.343442"><ele>203.9</ele><time>2025-01-15T12:55:28.000Z</time></trkpt>
      <trkpt lat="52.740199" lon="-1.343430"><ele>203.8</ele><time>2025-01-15T12:55:29.000Z</time></trkpt>
      <trkpt lat="52.740209" lon="-1.343417"><ele>203.7</ele><time>2025-01-15T12:55:30.000Z</time></trkpt>
      <trkpt lat="52.740219" lon="-1.343402"><ele>203.6</ele><time>2025-01-15T12:55:31.000Z</time></trkpt>
      <trkpt lat="52.740227" lon="-1.343387"><ele>203.6</ele><time>2025-01-15T12:55:32.000Z</time></trkpt>
      <trkpt lat="52.740234" lon="-1.343373"><ele>203.5</ele><time>2025-01-15T12:55:33.000Z</time></trkpt>
      <trkpt lat="52.740239" lon="-1.343360"><ele>203.5</ele><time>2025-01-15T12:55:34.000Z</time></trkpt>
      <trkpt lat="52.740246" lon="-1.343346"><ele>203.5</ele><time>2025-01-15T12:55:35.000Z</time></trkpt>
      <trkpt lat="52.740255" lon="-1.343329"><ele>203.5</ele><time>2025-01-15T12:55:36.000Z</time></trkpt>
      <trkpt lat="52.740265" lon="-1.343309"><ele>203.5</ele><time>2025-01-15T12:55:37.000Z</time></trkpt>
      <trkpt lat="52.740273" lon="-1.343287"><ele>203.5</ele><time>2025-01-15T12:55:38.000Z</time></trkpt>
      <trkpt lat="52.740276" lon="-1.343265"><ele>203.5</ele><time>2025-01-15T12:55:39.000Z</time></trkpt>
      <trkpt lat="52.740276" lon="-1.343244"><ele>203.5</ele><time>2025-01-15T12:55:40.000Z</time></trkpt>
      <trkpt lat="52.740274" lon="-1.343223"><ele>203.5</ele><time>2025-01-15T12:55:41.000Z</time></trkpt>
      <trkpt lat="52.740272" lon="-1.343202"><ele>203.5</ele><time>2025-01-15T12:55:42.000Z</time></trkpt>
      <trkpt lat="52.740270" lon="-1.343179"><ele>203.6</ele><time>2025-01-15T12:55:43.000Z</time></trkpt>
      <trkpt lat="52.740267" lon="-1.343157"><ele>203.6</ele><time>2025-01-15T12:55:44.000Z</time></trkpt>
      <trkpt lat="52.740264" lon="-1.343136"><ele>203.7</ele><time>2025-01-15T12:55:45.000Z</time></trkpt>
      <trkpt lat="52.740262" lon="-1.343114"><ele>203.7</ele><time>2025-01-15T12:55:46.000Z</time></trkpt>
      <trkpt lat="52.740260" lon="-1.343092"><ele>203.8</ele><time>2025-01-15T12:55:47.000Z</time></trkpt>
      <trkpt lat="52.740258" lon="-1.343069"><ele>203.9</ele><time>2025-01-15T12:55:48.000Z</time></trkpt>
      <trkpt lat="52.740256" lon="-1.343047"><ele>203.9</ele><time>2025-01-15T12:55:49.000Z</time></trkpt>
      <trkpt lat="52.740252" lon="-1.343026"><ele>204.0</ele><time>2025-01-15T12:55:50.000Z</time></trkpt>
      <trkpt lat="52.740247" lon="-1.343005"><ele>204.1</ele><time>2025-01-15T12:55:51.000Z</time></trkpt>
      <trkpt lat="52.740240" lon="-1.342985"><ele>204.2</ele><time>2025-01-15T12:55:52.000Z</time></trkpt>
      <trkpt lat="52.740232" lon="-1.342966"><ele>204.3</ele><time>2025-01-15T12:55:53.000Z</time></trkpt>
      <trkpt lat="52.740222" lon="-1.342949"><ele>204.4</ele><time>2025-01-15T12:55:54.000Z</time></trkpt>
      <trkpt lat="52.740211" lon="-1.342934"><ele>204.5</ele><time>2025-01-15T12:55:55.000Z</time></trkpt>
      <trkpt lat="52.740200" lon="-1.342922"><ele>204.6</ele><time>2025-01-15T12:55:56.000Z</time></trkpt>
      <trkpt lat="52.740189" lon="-1.342911"><ele>204.7</ele><time>2025-01-15T12:55:57.000Z</time></trkpt>
      <trkpt lat="52.740180" lon="-1.342900"><ele>204.8</ele><time>2025-01-15T12:55:58.000Z</time></trkpt>
      <trkpt lat="52.740172" lon="-1.342889"><ele>204.9</ele><time>2025-01-15T12:55:59.000Z</time></trkpt>
      <trkpt lat="52.740164" lon="-1.342875"><ele>205.0</ele><time>2025-01-15T12:56:00.000Z</time></trkpt>
      <trkpt lat="52.740155" lon="-1.342859"><ele>205.1</ele><time>2025-01-15T12:56:01.000Z</time></trkpt>
      <trkpt lat="52.740145" lon="-1.342843"><ele>205.2</ele><time>2025-01-15T12:56:02.000Z</time></trkpt>
      <trkpt lat="52.740135" lon="-1.342829"><ele>205.3</ele><time>2025-01-15T12:56:03.000Z</time></trkpt>
      <trkpt lat="52.740126" lon="-1.342817"><ele>205.4</ele><time>2025-01-15T12:56:04.000Z</time></trkpt>
      <trkpt lat="52.740118" lon="-1.342806"><ele>205.5</ele><time>2025-01-15T12:56:05.000Z</time></trkpt>
      <trkpt lat="52.740109" lon="-1.342795"><ele>205.6</ele><time>2025-01-15T12:56:06.000Z</time></trkpt>
      <trkpt lat="52.740100" lon="-1.342784"><ele>205.6</ele><time>2025-01-15T12:56:07.000Z</time></trkpt>
      <trkpt lat="52.740091" lon="-1.342773"><ele>205.7</ele><time>2025-01-15T12:56:08.000Z</time></trkpt>
      <trkpt lat="52.740082" lon="-1.342763"><ele>205.7</ele><time>2025-01-15T12:56:09.000Z</time></trkpt>
      <trkpt lat="52.740074" lon="-1.342753"><ele>205.7</ele><time>2025-01-15T12:56:10.000Z</time></trkpt>
      <trkpt lat="52.740066" lon="-1.342742"><ele>205.8</ele><time>2025-01-15T12:56:11.000Z</time></trkpt>
      <trkpt lat="52.740058" lon="-1.342731"><ele>205.8</ele><time>2025-01-15T12:56:12.000Z</time></trkpt>
      <trkpt lat="52.740050" lon="-1.342718"><ele>205.8</ele><time>2025-01-15T12:56:13.000Z</time></trkpt>
      <trkpt lat="52.740044" lon="-1.342705"><ele>205.8</ele><time>2025-01-15T12:56:14.000Z</time></trkpt>
      <trkpt lat="52.740037" lon="-1.342691"><ele>205.7</ele><time>2025-01-15T12:56:15.000Z</time></trkpt>
      <trkpt lat="52.740031" lon="-1.342676"><ele>205.7</ele><time>2025-01-15T12:56:16.000Z</time></trkpt>
      <trkpt lat="52.740024" lon="-1.342661"><ele>205.7</ele><time>2025-01-15T12:56:17.000Z</time></trkpt>
      <trkpt lat="52.740017" lon="-1.342647"><ele>205.7</ele><time>2025-01-15T12:56:18.000Z</time></trkpt>
      <trkpt lat="52.740010" lon="-1.342635"><ele>205.6</ele><time>2025-01-15T12:56:19.000Z</time></trkpt>
      <trkpt lat="52.740003" lon="-1.342625"><ele>205.6</ele><time>2025-01-15T12:56:20.000Z</time></trkpt>
      <trkpt lat="52.739994" lon="-1.342616"><ele>205.6</ele><time>2025-01-15T12:56:21.000Z</time></trkpt>
      <trkpt lat="52.739983" lon="-1.342604"><ele>205.6</ele><time>2025-01-15T12:56:22.000Z</time></trkpt>
      <trkpt lat="52.739971" lon="-1.342592"><ele>205.6</ele><time>2025-01-15T12:56:23.000Z</time></trkpt>
      <trkpt lat="52.739959" lon="-1.342581"><ele>205.5</ele><time>2025-01-15T12:56:24.000Z</time></trkpt>
      <trkpt lat="52.739947" lon="-1.342573"><ele>205.5</ele><time>2025-01-15T12:56:25.000Z</time></trkpt>
      <trkpt lat="52.739935" lon="-1.342568"><ele>205.5</ele><time>2025-01-15T12:56:26.000Z</time></trkpt>
      <trkpt lat="52.739923" lon="-1.342566"><ele>205.5</ele><time>2025-01-15T12:56:27.000Z</time></trkpt>
      <trkpt lat="52.739911" lon="-1.342565"><ele>205.5</ele><time>2025-01-15T12:56:28.000Z</time></trkpt>
      <trkpt lat="52.739898" lon="-1.342564"><ele>205.6</ele><time>2025-01-15T12:56:29.000Z</time></trkpt>
      <trkpt lat="52.739887" lon="-1.342563"><ele>205.6</ele><time>2025-01-15T12:56:30.000Z</time></trkpt>
      <trkpt lat="52.739876" lon="-1.342562"><ele>205.6</ele><time>2025-01-15T12:56:31.000Z</time></trkpt>
      <trkpt lat="52.739865" lon="-1.342560"><ele>205.7</ele><time>2025-01-15T12:56:32.000Z</time></trkpt>
      <trkpt lat="52.739852" lon="-1.342558"><ele>205.7</ele><time>2025-01-15T12:56:33.000Z</time></trkpt>
      <trkpt lat="52.739839" lon="-1.342554"><ele>205.7</ele><time>2025-01-15T12:56:34.000Z</time></trkpt>
      <trkpt lat="52.739827" lon="-1.342551"><ele>205.8</ele><time>2025-01-15T12:56:35.000Z</time></trkpt>
      <trkpt lat="52.739815" lon="-1.342547"><ele>205.8</ele><time>2025-01-15T12:56:36.000Z</time></trkpt>
      <trkpt lat="52.739803" lon="-1.342544"><ele>205.9</ele><time>2025-01-15T12:56:37.000Z</time></trkpt>
      <trkpt lat="52.739791" lon="-1.342540"><ele>205.9</ele><time>2025-01-15T12:56:38.000Z</time></trkpt>
      <trkpt lat="52.739780" lon="-1.342535"><ele>206.0</ele><time>2025-01-15T12:56:39.000Z</time></trkpt>
      <trkpt lat="52.739768" lon="-1.342530"><ele>206.0</ele><time>2025-01-15T12:56:40.000Z</time></trkpt>
      <trkpt lat="52.739758" lon="-1.342524"><ele>206.1</ele><time>2025-01-15T12:56:41.000Z</time></trkpt>
      <trkpt lat="52.739748" lon="-1.342518"><ele>206.2</ele><time>2025-01-15T12:56:42.000Z</time></trkpt>
      <trkpt lat="52.739738" lon="-1.342510"><ele>206.2</ele><time>2025-01-15T12:56:43.000Z</time></trkpt>
      <trkpt lat="52.739727" lon="-1.342500"><ele>206.3</ele><time>2025-01-15T12:56:44.000Z</time></trkpt>
      <trkpt lat="52.739716" lon="-1.342488"><ele>206.4</ele><time>2025-01-15T12:56:45.000Z</time></trkpt>
      <trkpt lat="52.739704" lon="-1.342475"><ele>206.4</ele><time>2025-01-15T12:56:46.000Z</time></trkpt>
      <trkpt lat="52.739694" lon="-1.342460"><ele>206.5</ele><time>2025-01-15T12:56:47.000Z</time></trkpt>
      <trkpt lat="52.739684" lon="-1.342447"><ele>206.5</ele><time>2025-01-15T12:56:48.000Z</time></trkpt>
      <trkpt lat="52.739675" lon="-1.342436"><ele>206.5</ele><time>2025-01-15T12:56:49.000Z</time></trkpt>
      <trkpt lat="52.739665" lon="-1.342427"><ele>206.6</ele><time>2025-01-15T12:56:50.000Z</time></trkpt>
      <trkpt lat="52.739655" lon="-1.342420"><ele>206.6</ele><time>2025-01-15T12:56:51.000Z</time></trkpt>
      <trkpt lat="52.739643" lon="-1.342413"><ele>206.6</ele><time>2025-01-15T12:56:52.000Z</time></trkpt>
      <trkpt lat="52.739631" lon="-1.342407"><ele>206.6</ele><time>2025-01-15T12:56:53.000Z</time></trkpt>
      <trkpt lat="52.739620" lon="-1.342402"><ele>206.6</ele><time>2025-01-15T12:56:54.000Z</time></trkpt>
      <trkpt lat="52.739608" lon="-1.342398"><ele>206.6</ele><time>2025-01-15T12:56:55.000Z</time></trkpt>
      <trkpt lat="52.739596" lon="-1.342393"><ele>206.6</ele><time>2025-01-15T12:56:56.000Z</time></trkpt>
      <trkpt lat="52.739585" lon="-1.342390"><ele>206.6</ele><time>2025-01-15T12:56:57.000Z</time></trkpt>
      <trkpt lat="52.739573" lon="-1.342387"><ele>206.5</ele><time>2025-01-15T12:56:58.000Z</time></trkpt>
      <trkpt lat="52.739563" lon="-1.342383"><ele>206.5</ele><time>2025-01-15T12:56:59.000Z</time></trkpt>
      <trkpt lat="52.739552" lon="-1.342379"><ele>206.5</ele><time>2025-01-15T12:57:00.000Z</time></trkpt>
      <trkpt lat="52.739543" lon="-1.342374"><ele>206.4</ele><time>2025-01-15T12:57:01.000Z</time></trkpt>
      <trkpt lat="52.739534" lon="-1.342368"><ele>206.4</ele><time>2025-01-15T12:57:02.000Z</time></trkpt>
      <trkpt lat="52.739525" lon="-1.342361"><ele>206.4</ele><time>2025-01-15T12:57:03.000Z</time></trkpt>
      <trkpt lat="52.739516" lon="-1.342355"><ele>206.3</ele><time>2025-01-15T12:57:04.000Z</time></trkpt>
      <trkpt lat="52.739507" lon="-1.342350"><ele>206.2</ele><time>2025-01-15T12:57:05.000Z</time></trkpt>
      <trkpt lat="52.739498" lon="-1.342346"><ele>206.2</ele><time>2025-01-15T12:57:06.000Z</time></trkpt>
      <trkpt lat="52.739489" lon="-1.342343"><ele>206.1</ele><time>2025-01-15T12:57:07.000Z</time></trkpt>
      <trkpt lat="52.739480" lon="-1.342341"><ele>206.0</ele><time>2025-01-15T12:57:08.000Z</time></trkpt>
      <trkpt lat="52.739472" lon="-1.342340"><ele>205.8</ele><time>2025-01-15T12:57:09.000Z</time></trkpt>
      <trkpt lat="52.739463" lon="-1.342342"><ele>205.7</ele><time>2025-01-15T12:57:10.000Z</time></trkpt>
      <trkpt lat="52.739453" lon="-1.342346"><ele>205.5</ele><time>2025-01-15T12:57:11.000Z</time></trkpt>
      <trkpt lat="52.739442" lon="-1.342354"><ele>205.4</ele><time>2025-01-15T12:57:12.000Z</time></trkpt>
      <trkpt lat="52.739433" lon="-1.342362"><ele>205.2</ele><time>2025-01-15T12:57:13.000Z</time></trkpt>
      <trkpt lat="52.739426" lon="-1.342371"><ele>205.0</ele><time>2025-01-15T12:57:14.000Z</time></trkpt>
      <trkpt lat="52.739420" lon="-1.342379"><ele>204.9</ele><time>2025-01-15T12:57:15.000Z</time></trkpt>
      <trkpt lat="52.739415" lon="-1.342388"><ele>204.7</ele><time>2025-01-15T12:57:16.000Z</time></trkpt>
      <trkpt lat="52.739408" lon="-1.342397"><ele>204.5</ele><time>2025-01-15T12:57:17.000Z</time></trkpt>
      <trkpt lat="52.739400" lon="-1.342406"><ele>204.4</ele><time>2025-01-15T12:57:18.000Z</time></trkpt>
      <trkpt lat="52.739392" lon="-1.342414"><ele>204.2</ele><time>2025-01-15T12:57:19.000Z</time></trkpt>
      <trkpt lat="52.739384" lon="-1.342421"><ele>204.0</ele><time>2025-01-15T12:57:20.000Z</time></trkpt>
      <trkpt lat="52.739375" lon="-1.342426"><ele>203.9</ele><time>2025-01-15T12:57:21.000Z</time></trkpt>
      <trkpt lat="52.739367" lon="-1.342432"><ele>203.8</ele><time>2025-01-15T12:57:22.000Z</time></trkpt>
      <trkpt lat="52.739360" lon="-1.342437"><ele>203.6</ele><time>2025-01-15T12:57:23.000Z</time></trkpt>
      <trkpt lat="52.739352" lon="-1.342443"><ele>203.5</ele><time>2025-01-15T12:57:24.000Z</time></trkpt>
      <trkpt lat="52.739345" lon="-1.342449"><ele>203.4</ele><time>2025-01-15T12:57:25.000Z</time></trkpt>
      <trkpt lat="52.739337" lon="-1.342454"><ele>203.2</ele><time>2025-01-15T12:57:26.000Z</time></trkpt>
      <trkpt lat="52.739329" lon="-1.342460"><ele>203.1</ele><time>2025-01-15T12:57:27.000Z</time></trkpt>
      <trkpt lat="52.739319" lon="-1.342467"><ele>203.0</ele><time>2025-01-15T12:57:28.000Z</time></trkpt>
      <trkpt lat="52.739309" lon="-1.342474"><ele>202.9</ele><time>2025-01-15T12:57:29.000Z</time></trkpt>
      <trkpt lat="52.739299" lon="-1.342481"><ele>202.8</ele><time>2025-01-15T12:57:30.000Z</time></trkpt>
      <trkpt lat="52.739288" lon="-1.342488"><ele>202.7</ele><time>2025-01-15T12:57:31.000Z</time></trkpt>
      <trkpt lat="52.739276" lon="-1.342496"><ele>202.6</ele><time>2025-01-15T12:57:32.000Z</time></trkpt>
      <trkpt lat="52.739264" lon="-1.342503"><ele>202.5</ele><time>2025-01-15T12:57:33.000Z</time></trkpt>
      <trkpt lat="52.739253" lon="-1.342510"><ele>202.5</ele><time>2025-01-15T12:57:34.000Z</time></trkpt>
      <trkpt lat="52.739242" lon="-1.342517"><ele>202.4</ele><time>2025-01-15T12:57:35.000Z</time></trkpt>
      <trkpt lat="52.739232" lon="-1.342524"><ele>202.3</ele><time>2025-01-15T12:57:36.000Z</time></trkpt>
      <trkpt lat="52.739222" lon="-1.342532"><ele>202.2</ele><time>2025-01-15T12:57:37.000Z</time></trkpt>
      <trkpt lat="52.739213" lon="-1.342540"><ele>202.1</ele><time>2025-01-15T12:57:38.000Z</time></trkpt>
      <trkpt lat="52.739203" lon="-1.342549"><ele>202.1</ele><time>2025-01-15T12:57:39.000Z</time></trkpt>
      <trkpt lat="52.739192" lon="-1.342560"><ele>202.0</ele><time>2025-01-15T12:57:40.000Z</time></trkpt>
      <trkpt lat="52.739182" lon="-1.342572"><ele>202.0</ele><time>2025-01-15T12:57:41.000Z</time></trkpt>
      <trkpt lat="52.739173" lon="-1.342585"><ele>202.0</ele><time>2025-01-15T12:57:42.000Z</time></trkpt>
      <trkpt lat="52.739164" lon="-1.342597"><ele>201.9</ele><time>2025-01-15T12:57:43.000Z</time></trkpt>
      <trkpt lat="52.739155" lon="-1.342609"><ele>201.9</ele><time>2025-01-15T12:57:44.000Z</time></trkpt>
      <trkpt lat="52.739148" lon="-1.342620"><ele>201.8</ele><time>2025-01-15T12:57:45.000Z</time></trkpt>
      <trkpt lat="52.739142" lon="-1.342629"><ele>201.8</ele><time>2025-01-15T12:57:46.000Z</time></trkpt>
      <trkpt lat="52.739138" lon="-1.342635"><ele>201.7</ele><time>2025-01-15T12:57:47.000Z</time></trkpt>
      <trkpt lat="52.739136" lon="-1.342638"><ele>201.6</ele><time>2025-01-15T12:57:48.000Z</time></trkpt>
      <trkpt lat="52.739134" lon="-1.342640"><ele>201.5</ele><time>2025-01-15T12:57:49.000Z</time></trkpt>
      <trkpt lat="52.739132" lon="-1.342643"><ele>201.4</ele><time>2025-01-15T12:57:50.000Z</time></trkpt>
      <trkpt lat="52.739129" lon="-1.342648"><ele>201.2</ele><time>2025-01-15T12:57:51.000Z</time></trkpt>
      <trkpt lat="52.739124" lon="-1.342656"><ele>201.1</ele><time>2025-01-15T12:57:52.000Z</time></trkpt>
      <trkpt lat="52.739117" lon="-1.342667"><ele>200.9</ele><time>2025-01-15T12:57:53.000Z</time></trkpt>
      <trkpt lat="52.739110" lon="-1.342681"><ele>200.7</ele><time>2025-01-15T12:57:54.000Z</time></trkpt>
      <trkpt lat="52.739104" lon="-1.342697"><ele>200.6</ele><time>2025-01-15T12:57:55.000Z</time></trkpt>
      <trkpt lat="52.739099" lon="-1.342712"><ele>200.4</ele><time>2025-01-15T12:57:56.000Z</time></trkpt>
      <trkpt lat="52.739094" lon="-1.342728"><ele>200.2</ele><time>2025-01-15T12:57:57.000Z</time></trkpt>
      <trkpt lat="52.739088" lon="-1.342745"><ele>200.0</ele><time>2025-01-15T12:57:58.000Z</time></trkpt>
      <trkpt lat="52.739083" lon="-1.342761"><ele>199.9</ele><time>2025-01-15T12:57:59.000Z</time></trkpt>
      <trkpt lat="52.739078" lon="-1.342777"><ele>199.7</ele><time>2025-01-15T12:58:00.000Z</time></trkpt>
      <trkpt lat="52.739073" lon="-1.342793"><ele>199.6</ele><time>2025-01-15T12:58:01.000Z</time></trkpt>
      <trkpt lat="52.739067" lon="-1.342811"><ele>199.4</ele><time>2025-01-15T12:58:02.000Z</time></trkpt>
      <trkpt lat="52.739061" lon="-1.342832"><ele>199.3</ele><time>2025-01-15T12:58:03.000Z</time></trkpt>
      <trkpt lat="52.739055" lon="-1.342853"><ele>199.2</ele><time>2025-01-15T12:58:04.000Z</time></trkpt>
      <trkpt lat="52.739049" lon="-1.342874"><ele>199.1</ele><time>2025-01-15T12:58:05.000Z</time></trkpt>
      <trkpt lat="52.739043" lon="-1.342894"><ele>199.0</ele><time>2025-01-15T12:58:06.000Z</time></trkpt>
      <trkpt lat="52.739038" lon="-1.342912"><ele>198.9</ele><time>2025-01-15T12:58:07.000Z</time></trkpt>
      <trkpt lat="52.739034" lon="-1.342928"><ele>198.9</ele><time>2025-01-15T12:58:08.000Z</time></trkpt>
      <trkpt lat="52.739031" lon="-1.342943"><ele>198.8</ele><time>2025-01-15T12:58:09.000Z</time></trkpt>
      <trkpt lat="52.739029" lon="-1.342958"><ele>198.8</ele><time>2025-01-15T12:58:10.000Z</time></trkpt>
      <trkpt lat="52.739027" lon="-1.342973"><ele>198.8</ele><time>2025-01-15T12:58:11.000Z</time></trkpt>
      <trkpt lat="52.739025" lon="-1.342988"><ele>198.8</ele><time>2025-01-15T12:58:12.000Z</time></trkpt>
      <trkpt lat="52.739024" lon="-1.343001"><ele>198.8</ele><time>2025-01-15T12:58:13.000Z</time></trkpt>
      <trkpt lat="52.739024" lon="-1.343011"><ele>198.8</ele><time>2025-01-15T12:58:14.000Z</time></trkpt>
      <trkpt lat="52.739023" lon="-1.343019"><ele>198.7</ele><time>2025-01-15T12:58:15.000Z</time></trkpt>
      <trkpt lat="52.739022" lon="-1.343025"><ele>198.7</ele><time>2025-01-15T12:58:16.000Z</time></trkpt>
      <trkpt lat="52.739022" lon="-1.343030"><ele>198.7</ele><time>2025-01-15T12:58:17.000Z</time></trkpt>
      <trkpt lat="52.739023" lon="-1.343034"><ele>198.6</ele><time>2025-01-15T12:58:18.000Z</time></trkpt>
      <trkpt lat="52.739023" lon="-1.343037"><ele>198.6</ele><time>2025-01-15T12:58:19.000Z</time></trkpt>
      <trkpt lat="52.739024" lon="-1.343041"><ele>198.5</ele><time>2025-01-15T12:58:20.000Z</time></trkpt>
      <trkpt lat="52.739025" lon="-1.343046"><ele>198.4</ele><time>2025-01-15T12:58:21.000Z</time></trkpt>
      <trkpt lat="52.739027" lon="-1.343053"><ele>198.3</ele><time>2025-01-15T12:58:22.000Z</time></trkpt>
      <trkpt lat="52.739029" lon="-1.343061"><ele>198.1</ele><time>2025-01-15T12:58:23.000Z</time></trkpt>
      <trkpt lat="52.739031" lon="-1.343072"><ele>198.0</ele><time>2025-01-15T12:58:24.000Z</time></trkpt>
      <trkpt lat="52.739034" lon="-1.343084"><ele>197.8</ele><time>2025-01-15T12:58:25.000Z</time></trkpt>
      <trkpt lat="52.739037" lon="-1.343095"><ele>197.7</ele><time>2025-01-15T12:58:26.000Z</time></trkpt>
      <trkpt lat="52.739040" lon="-1.343105"><ele>197.5</ele><time>2025-01-15T12:58:27.000Z</time></trkpt>
      <trkpt lat="52.739044" lon="-1.343118"><ele>197.3</ele><time>2025-01-15T12:58:28.000Z</time></trkpt>
      <trkpt lat="52.739047" lon="-1.343131"><ele>197.2</ele><time>2025-01-15T12:58:29.000Z</time></trkpt>
      <trkpt lat="52.739050" lon="-1.343146"><ele>197.0</ele><time>2025-01-15T12:58:30.000Z</time></trkpt>
      <trkpt lat="52.739053" lon="-1.343161"><ele>196.9</ele><time>2025-01-15T12:58:31.000Z</time></trkpt>
      <trkpt lat="52.739055" lon="-1.343176"><ele>196.7</ele><time>2025-01-15T12:58:32.000Z</time></trkpt>
      <trkpt lat="52.739057" lon="-1.343193"><ele>196.6</ele><time>2025-01-15T12:58:33.000Z</time></trkpt>
      <trkpt lat="52.739060" lon="-1.343212"><ele>196.4</ele><time>2025-01-15T12:58:34.000Z</time></trkpt>
      <trkpt lat="52.739062" lon="-1.343232"><ele>196.3</ele><time>2025-01-15T12:58:35.000Z</time></trkpt>
      <trkpt lat="52.739065" lon="-1.343252"><ele>196.2</ele><time>2025-01-15T12:58:36.000Z</time></trkpt>
      <trkpt lat="52.739067" lon="-1.343269"><ele>196.1</ele><time>2025-01-15T12:58:37.000Z</time></trkpt>
      <trkpt lat="52.739069" lon="-1.343286"><ele>196.0</ele><time>2025-01-15T12:58:38.000Z</time></trkpt>
      <trkpt lat="52.739072" lon="-1.343303"><ele>195.9</ele><time>2025-01-15T12:58:39.000Z</time></trkpt>
      <trkpt lat="52.739074" lon="-1.343322"><ele>195.8</ele><time>2025-01-15T12:58:40.000Z</time></trkpt>
      <trkpt lat="52.739077" lon="-1.343341"><ele>195.7</ele><time>2025-01-15T12:58:41.000Z</time></trkpt>
      <trkpt lat="52.739080" lon="-1.343359"><ele>195.7</ele><time>2025-01-15T12:58:42.000Z</time></trkpt>
      <trkpt lat="52.739083" lon="-1.343374"><ele>195.6</ele><time>2025-01-15T12:58:43.000Z</time></trkpt>
      <trkpt lat="52.739087" lon="-1.343389"><ele>195.5</ele><time>2025-01-15T12:58:44.000Z</time></trkpt>
      <trkpt lat="52.739091" lon="-1.343403"><ele>195.5</ele><time>2025-01-15T12:58:45.000Z</time></trkpt>
      <trkpt lat="52.739095" lon="-1.343419"><ele>195.4</ele><time>2025-01-15T12:58:46.000Z</time></trkpt>
      <trkpt lat="52.739098" lon="-1.343434"><ele>195.4</ele><time>2025-01-15T12:58:47.000Z</time></trkpt>
      <trkpt lat="52.739101" lon="-1.343450"><ele>195.3</ele><time>2025-01-15T12:58:48.000Z</time></trkpt>
      <trkpt lat="52.739103" lon="-1.343465"><ele>195.3</ele><time>2025-01-15T12:58:49.000Z</time></trkpt>
      <trkpt lat="52.739106" lon="-1.343481"><ele>195.2</ele><time>2025-01-15T12:58:50.000Z</time></trkpt>
      <trkpt lat="52.739109" lon="-1.343498"><ele>195.1</ele><time>2025-01-15T12:58:51.000Z</time></trkpt>
      <trkpt lat="52.739112" lon="-1.343512"><ele>195.1</ele><time>2025-01-15T12:58:52.000Z</time></trkpt>
      <trkpt lat="52.739115" lon="-1.343527"><ele>195.0</ele><time>2025-01-15T12:58:53.000Z</time></trkpt>
      <trkpt lat="52.739118" lon="-1.343541"><ele>194.9</ele><time>2025-01-15T12:58:54.000Z</time></trkpt>
      <trkpt lat="52.739122" lon="-1.343556"><ele>194.8</ele><time>2025-01-15T12:58:55.000Z</time></trkpt>
      <trkpt lat="52.739126" lon="-1.343573"><ele>194.7</ele><time>2025-01-15T12:58:56.000Z</time></trkpt>
      <trkpt lat="52.739132" lon="-1.343590"><ele>194.6</ele><time>2025-01-15T12:58:57.000Z</time></trkpt>
      <trkpt lat="52.739137" lon="-1.343605"><ele>194.5</ele><time>2025-01-15T12:58:58.000Z</time></trkpt>
      <trkpt lat="52.739142" lon="-1.343620"><ele>194.3</ele><time>2025-01-15T12:58:59.000Z</time></trkpt>
      <trkpt lat="52.739148" lon="-1.343636"><ele>194.2</ele><time>2025-01-15T12:59:00.000Z</time></trkpt>
      <trkpt lat="52.739153" lon="-1.343652"><ele>194.1</ele><time>2025-01-15T12:59:01.000Z</time></trkpt>
      <trkpt lat="52.739159" lon="-1.343667"><ele>194.0</ele><time>2025-01-15T12:59:02.000Z</time></trkpt>
      <trkpt lat="52.739163" lon="-1.343681"><ele>193.9</ele><time>2025-01-15T12:59:03.000Z</time></trkpt>
      <trkpt lat="52.739167" lon="-1.343696"><ele>193.7</ele><time>2025-01-15T12:59:04.000Z</time></trkpt>
      <trkpt lat="52.739172" lon="-1.343711"><ele>193.6</ele><time>2025-01-15T12:59:05.000Z</time></trkpt>
      <trkpt lat="52.739177" lon="-1.343730"><ele>193.5</ele><time>2025-01-15T12:59:06.000Z</time></trkpt>
      <trkpt lat="52.739182" lon="-1.343749"><ele>193.4</ele><time>2025-01-15T12:59:07.000Z</time></trkpt>
      <trkpt lat="52.739187" lon="-1.343767"><ele>193.3</ele><time>2025-01-15T12:59:08.000Z</time></trkpt>
      <trkpt lat="52.739190" lon="-1.343783"><ele>193.2</ele><time>2025-01-15T12:59:09.000Z</time></trkpt>
      <trkpt lat="52.739194" lon="-1.343798"><ele>193.1</ele><time>2025-01-15T12:59:10.000Z</time></trkpt>
      <trkpt lat="52.739198" lon="-1.343812"><ele>193.0</ele><time>2025-01-15T12:59:11.000Z</time></trkpt>
      <trkpt lat="52.739202" lon="-1.343827"><ele>192.8</ele><time>2025-01-15T12:59:12.000Z</time></trkpt>
      <trkpt lat="52.739206" lon="-1.343841"><ele>192.7</ele><time>2025-01-15T12:59:13.000Z</time></trkpt>
      <trkpt lat="52.739210" lon="-1.343854"><ele>192.7</ele><time>2025-01-15T12:59:14.000Z</time></trkpt>
      <trkpt lat="52.739213" lon="-1.343865"><ele>192.6</ele><time>2025-01-15T12:59:15.000Z</time></trkpt>
      <trkpt lat="52.739216" lon="-1.343876"><ele>192.5</ele><time>2025-01-15T12:59:16.000Z</time></trkpt>
      <trkpt lat="52.739221" lon="-1.343889"><ele>192.4</ele><time>2025-01-15T12:59:17.000Z</time></trkpt>
      <trkpt lat="52.739226" lon="-1.343902"><ele>192.3</ele><time>2025-01-15T12:59:18.000Z</time></trkpt>
      <trkpt lat="52.739231" lon="-1.343915"><ele>192.2</ele><time>2025-01-15T12:59:19.000Z</time></trkpt>
      <trkpt lat="52.739237" lon="-1.343929"><ele>192.1</ele><time>2025-01-15T12:59:20.000Z</time></trkpt>
      <trkpt lat="52.739244" lon="-1.343945"><ele>192.0</ele><time>2025-01-15T12:59:21.000Z</time></trkpt>
      <trkpt lat="52.739251" lon="-1.343961"><ele>192.0</ele><time>2025-01-15T12:59:22.000Z</time></trkpt>
      <trkpt lat="52.739260" lon="-1.343978"><ele>191.9</ele><time>2025-01-15T12:59:23.000Z</time></trkpt>
      <trkpt lat="52.739268" lon="-1.343994"><ele>191.9</ele><time>2025-01-15T12:59:24.000Z</time></trkpt>
      <trkpt lat="52.739276" lon="-1.344010"><ele>191.8</ele><time>2025-01-15T12:59:25.000Z</time></trkpt>
      <trkpt lat="52.739284" lon="-1.344025"><ele>191.8</ele><time>2025-01-15T12:59:26.000Z</time></trkpt>
      <trkpt lat="52.739291" lon="-1.344041"><ele>191.7</ele><time>2025-01-15T12:59:27.000Z</time></trkpt>
      <trkpt lat="52.739298" lon="-1.344056"><ele>191.7</ele><time>2025-01-15T12:59:28.000Z</time></trkpt>
      <trkpt lat="52.739305" lon="-1.344072"><ele>191.7</ele><time>2025-01-15T12:59:29.000Z</time></trkpt>
      <trkpt lat="52.739313" lon="-1.344088"><ele>191.7</ele><time>2025-01-15T12:59:30.000Z</time></trkpt>
      <trkpt lat="52.739321" lon="-1.344104"><ele>191.7</ele><time>2025-01-15T12:59:31.000Z</time></trkpt>
      <trkpt lat="52.739330" lon="-1.344121"><ele>191.7</ele><time>2025-01-15T12:59:32.000Z</time></trkpt>
      <trkpt lat="52.739339" lon="-1.344138"><ele>191.7</ele><time>2025-01-15T12:59:33.000Z</time></trkpt>
      <trkpt lat="52.739347" lon="-1.344154"><ele>191.7</ele><time>2025-01-15T12:59:34.000Z</time></trkpt>
      <trkpt lat="52.739355" lon="-1.344170"><ele>191.7</ele><time>2025-01-15T12:59:35.000Z</time></trkpt>
      <trkpt lat="52.739362" lon="-1.344185"><ele>191.7</ele><time>2025-01-15T12:59:36.000Z</time></trkpt>
      <trkpt lat="52.739370" lon="-1.344200"><ele>191.7</ele><time>2025-01-15T12:59:37.000Z</time></trkpt>
      <trkpt lat="52.739378" lon="-1.344216"><ele>191.7</ele><time>2025-01-15T12:59:38.000Z</time></trkpt>
      <trkpt lat="52.739387" lon="-1.344233"><ele>191.7</ele><time>2025-01-15T12:59:39.000Z</time></trkpt>
      <trkpt lat="52.739397" lon="-1.344251"><ele>191.7</ele><time>2025-01-15T12:59:40.000Z</time></trkpt>
      <trkpt lat="52.739407" lon="-1.344269"><ele>191.7</ele><time>2025-01-15T12:59:41.000Z</time></trkpt>
      <trkpt lat="52.739416" lon="-1.344287"><ele>191.7</ele><time>2025-01-15T12:59:42.000Z</time></trkpt>
      <trkpt lat="52.739424" lon="-1.344304"><ele>191.7</ele><time>2025-01-15T12:59:43.000Z</time></trkpt>
      <trkpt lat="52.739433" lon="-1.344320"><ele>191.7</ele><time>2025-01-15T12:59:44.000Z</time></trkpt>
      <trkpt lat="52.739442" lon="-1.344336"><ele>191.6</ele><time>2025-01-15T12:59:45.000Z</time></trkpt>
      <trkpt lat="52.739451" lon="-1.344351"><ele>191.6</ele><time>2025-01-15T12:59:46.000Z</time></trkpt>
      <trkpt lat="52.739460" lon="-1.344367"><ele>191.6</ele><time>2025-01-15T12:59:47.000Z</time></trkpt>
      <trkpt lat="52.739469" lon="-1.344384"><ele>191.6</ele><time>2025-01-15T12:59:48.000Z</time></trkpt>
      <trkpt lat="52.739478" lon="-1.344401"><ele>191.6</ele><time>2025-01-15T12:59:49.000Z</time></trkpt>
      <trkpt lat="52.739488" lon="-1.344419"><ele>191.5</ele><time>2025-01-15T12:59:50.000Z</time></trkpt>
      <trkpt lat="52.739497" lon="-1.344437"><ele>191.5</ele><time>2025-01-15T12:59:51.000Z</time></trkpt>
      <trkpt lat="52.739506" lon="-1.344454"><ele>191.5</ele><time>2025-01-15T12:59:52.000Z</time></trkpt>
      <trkpt lat="52.739513" lon="-1.344470"><ele>191.5</ele><time>2025-01-15T12:59:53.000Z</time></trkpt>
      <trkpt lat="52.739520" lon="-1.344486"><ele>191.5</ele><time>2025-01-15T12:59:54.000Z</time></trkpt>
      <trkpt lat="52.739526" lon="-1.344504"><ele>191.4</ele><time>2025-01-15T12:59:55.000Z</time></trkpt>
      <trkpt lat="52.739532" lon="-1.344523"><ele>191.4</ele><time>2025-01-15T12:59:56.000Z</time></trkpt>
      <trkpt lat="52.739538" lon="-1.344543"><ele>191.4</ele><time>2025-01-15T12:59:57.000Z</time></trkpt>
      <trkpt lat="52.739545" lon="-1.344564"><ele>191.4</ele><time>2025-01-15T12:59:58.000Z</time></trkpt>
      <trkpt lat="52.739551" lon="-1.344584"><ele>191.4</ele><time>2025-01-15T12:59:59.000Z</time></trkpt>
      <trkpt lat="52.739558" lon="-1.344603"><ele>191.4</ele><time>2025-01-15T13:00:00.000Z</time></trkpt>
      <trkpt lat="52.739565" lon="-1.344620"><ele>191.3</ele><time>2025-01-15T13:00:01.000Z</time></trkpt>
      <trkpt lat="52.739571" lon="-1.344636"><ele>191.3</ele><time>2025-01-15T13:00:02.000Z</time></trkpt>
      <trkpt lat="52.739578" lon="-1.344652"><ele>191.3</ele><time>2025-01-15T13:00:03.000Z</time></trkpt>
      <trkpt lat="52.739586" lon="-1.344669"><ele>191.3</ele><time>2025-01-15T13:00:04.000Z</time></trkpt>
      <trkpt lat="52.739595" lon="-1.344686"><ele>191.3</ele><time>2025-01-15T13:00:05.000Z</time></trkpt>
      <trkpt lat="52.739604" lon="-1.344701"><ele>191.3</ele><time>2025-01-15T13:00:06.000Z</time></trkpt>
      <trkpt lat="52.739612" lon="-1.344715"><ele>191.3</ele><time>2025-01-15T13:00:07.000Z</time></trkpt>
      <trkpt lat="52.739617" lon="-1.344729"><ele>191.3</ele><time>2025-01-15T13:00:08.000Z</time></trkpt>
      <trkpt lat="52.739622" lon="-1.344746"><ele>191.3</ele><time>2025-01-15T13:00:09.000Z</time></trkpt>
      <trkpt lat="52.739628" lon="-1.344765"><ele>191.3</ele><time>2025-01-15T13:00:10.000Z</time></trkpt>
      <trkpt lat="52.739634" lon="-1.344788"><ele>191.2</ele><time>2025-01-15T13:00:11.000Z</time></trkpt>
      <trkpt lat="52.739641" lon="-1.344811"><ele>191.2</ele><time>2025-01-15T13:00:12.000Z</time></trkpt>
      <trkpt lat="52.739647" lon="-1.344832"><ele>191.2</ele><time>2025-01-15T13:00:13.000Z</time></trkpt>
      <trkpt lat="52.739653" lon="-1.344853"><ele>191.2</ele><time>2025-01-15T13:00:14.000Z</time></trkpt>
      <trkpt lat="52.739658" lon="-1.344874"><ele>191.2</ele><time>2025-01-15T13:00:15.000Z</time></trkpt>
      <trkpt lat="52.739662" lon="-1.344894"><ele>191.1</ele><time>2025-01-15T13:00:16.000Z</time></trkpt>
      <trkpt lat="52.739667" lon="-1.344912"><ele>191.1</ele><time>2025-01-15T13:00:17.000Z</time></trkpt>
      <trkpt lat="52.739672" lon="-1.344931"><ele>191.1</ele><time>2025-01-15T13:00:18.000Z</time></trkpt>
      <trkpt lat="52.739677" lon="-1.344951"><ele>191.0</ele><time>2025-01-15T13:00:19.000Z</time></trkpt>
      <trkpt lat="52.739682" lon="-1.344972"><ele>191.0</ele><time>2025-01-15T13:00:20.000Z</time></trkpt>
      <trkpt lat="52.739687" lon="-1.344993"><ele>191.0</ele><time>2025-01-15T13:00:21.000Z</time></trkpt>
      <trkpt lat="52.739691" lon="-1.345013"><ele>190.9</ele><time>2025-01-15T13:00:22.000Z</time></trkpt>
      <trkpt lat="52.739693" lon="-1.345031"><ele>190.9</ele><time>2025-01-15T13:00:23.000Z</time></trkpt>
      <trkpt lat="52.739693" lon="-1.345046"><ele>190.8</ele><time>2025-01-15T13:00:24.000Z</time></trkpt>
      <trkpt lat="52.739689" lon="-1.345059"><ele>190.7</ele><time>2025-01-15T13:00:25.000Z</time></trkpt>
      <trkpt lat="52.739683" lon="-1.345074"><ele>190.7</ele><time>2025-01-15T13:00:26.000Z</time></trkpt>
      <trkpt lat="52.739674" lon="-1.345089"><ele>190.6</ele><time>2025-01-15T13:00:27.000Z</time></trkpt>
      <trkpt lat="52.739664" lon="-1.345105"><ele>190.5</ele><time>2025-01-15T13:00:28.000Z</time></trkpt>
      <trkpt lat="52.739651" lon="-1.345120"><ele>190.5</ele><time>2025-01-15T13:00:29.000Z</time></trkpt>
      <trkpt lat="52.739638" lon="-1.345133"><ele>190.4</ele><time>2025-01-15T13:00:30.000Z</time></trkpt>
      <trkpt lat="52.739625" lon="-1.345144"><ele>190.3</ele><time>2025-01-15T13:00:31.000Z</time></trkpt>
      <trkpt lat="52.739612" lon="-1.345150"><ele>190.2</ele><time>2025-01-15T13:00:32.000Z</time></trkpt>
      <trkpt lat="52.739600" lon="-1.345152"><ele>190.2</ele><time>2025-01-15T13:00:33.000Z</time></trkpt>
      <trkpt lat="52.739588" lon="-1.345151"><ele>190.1</ele><time>2025-01-15T13:00:34.000Z</time></trkpt>
      <trkpt lat="52.739577" lon="-1.345148"><ele>190.0</ele><time>2025-01-15T13:00:35.000Z</time></trkpt>
      <trkpt lat="52.739566" lon="-1.345144"><ele>189.9</ele><time>2025-01-15T13:00:36.000Z</time></trkpt>
      <trkpt lat="52.739555" lon="-1.345138"><ele>189.9</ele><time>2025-01-15T13:00:37.000Z</time></trkpt>
      <trkpt lat="52.739543" lon="-1.345131"><ele>189.8</ele><time>2025-01-15T13:00:38.000Z</time></trkpt>
      <trkpt lat="52.739530" lon="-1.345124"><ele>189.7</ele><time>2025-01-15T13:00:39.000Z</time></trkpt>
      <trkpt lat="52.739517" lon="-1.345117"><ele>189.5</ele><time>2025-01-15T13:00:40.000Z</time></trkpt>
      <trkpt lat="52.739504" lon="-1.345108"><ele>189.4</ele><time>2025-01-15T13:00:41.000Z</time></trkpt>
      <trkpt lat="52.739490" lon="-1.345098"><ele>189.3</ele><time>2025-01-15T13:00:42.000Z</time></trkpt>
      <trkpt lat="52.739477" lon="-1.345089"><ele>189.1</ele><time>2025-01-15T13:00:43.000Z</time></trkpt>
      <trkpt lat="52.739465" lon="-1.345081"><ele>189.0</ele><time>2025-01-15T13:00:44.000Z</time></trkpt>
      <trkpt lat="52.739453" lon="-1.345072"><ele>188.8</ele><time>2025-01-15T13:00:45.000Z</time></trkpt>
      <trkpt lat="52.739441" lon="-1.345062"><ele>188.7</ele><time>2025-01-15T13:00:46.000Z</time></trkpt>
      <trkpt lat="52.739430" lon="-1.345051"><ele>188.5</ele><time>2025-01-15T13:00:47.000Z</time></trkpt>
      <trkpt lat="52.739417" lon="-1.345037"><ele>188.3</ele><time>2025-01-15T13:00:48.000Z</time></trkpt>
      <trkpt lat="52.739405" lon="-1.345024"><ele>188.1</ele><time>2025-01-15T13:00:49.000Z</time></trkpt>
      <trkpt lat="52.739393" lon="-1.345010"><ele>188.0</ele><time>2025-01-15T13:00:50.000Z</time></trkpt>
      <trkpt lat="52.739381" lon="-1.344996"><ele>187.8</ele><time>2025-01-15T13:00:51.000Z</time></trkpt>
      <trkpt lat="52.739370" lon="-1.344981"><ele>187.6</ele><time>2025-01-15T13:00:52.000Z</time></trkpt>
      <trkpt lat="52.739359" lon="-1.344967"><ele>187.5</ele><time>2025-01-15T13:00:53.000Z</time></trkpt>
      <trkpt lat="52.739348" lon="-1.344955"><ele>187.3</ele><time>2025-01-15T13:00:54.000Z</time></trkpt>
      <trkpt lat="52.739338" lon="-1.344945"><ele>187.2</ele><time>2025-01-15T13:00:55.000Z</time></trkpt>
      <trkpt lat="52.739328" lon="-1.344935"><ele>187.1</ele><time>2025-01-15T13:00:56.000Z</time></trkpt>
      <trkpt lat="52.739320" lon="-1.344926"><ele>186.9</ele><time>2025-01-15T13:00:57.000Z</time></trkpt>
      <trkpt lat="52.739311" lon="-1.344915"><ele>186.8</ele><time>2025-01-15T13:00:58.000Z</time></trkpt>
      <trkpt lat="52.739302" lon="-1.344901"><ele>186.6</ele><time>2025-01-15T13:00:59.000Z</time></trkpt>
      <trkpt lat="52.739292" lon="-1.344885"><ele>186.5</ele><time>2025-01-15T13:01:00.000Z</time></trkpt>
      <trkpt lat="52.739282" lon="-1.344869"><ele>186.3</ele><time>2025-01-15T13:01:01.000Z</time></trkpt>
      <trkpt lat="52.739272" lon="-1.344854"><ele>186.2</ele><time>2025-01-15T13:01:02.000Z</time></trkpt>
      <trkpt lat="52.739262" lon="-1.344840"><ele>186.0</ele><time>2025-01-15T13:01:03.000Z</time></trkpt>
      <trkpt lat="52.739251" lon="-1.344827"><ele>185.9</ele><time>2025-01-15T13:01:04.000Z</time></trkpt>
      <trkpt lat="52.739239" lon="-1.344814"><ele>185.7</ele><time>2025-01-15T13:01:05.000Z</time></trkpt>
      <trkpt lat="52.739227" lon="-1.344802"><ele>185.5</ele><time>2025-01-15T13:01:06.000Z</time></trkpt>
      <trkpt lat="52.739216" lon="-1.344790"><ele>185.4</ele><time>2025-01-15T13:01:07.000Z</time></trkpt>
      <trkpt lat="52.739207" lon="-1.344778"><ele>185.2</ele><time>2025-01-15T13:01:08.000Z</time></trkpt>
      <trkpt lat="52.739197" lon="-1.344766"><ele>185.0</ele><time>2025-01-15T13:01:09.000Z</time></trkpt>
      <trkpt lat="52.739188" lon="-1.344754"><ele>184.9</ele><time>2025-01-15T13:01:10.000Z</time></trkpt>
      <trkpt lat="52.739178" lon="-1.344741"><ele>184.7</ele><time>2025-01-15T13:01:11.000Z</time></trkpt>
      <trkpt lat="52.739168" lon="-1.344728"><ele>184.5</ele><time>2025-01-15T13:01:12.000Z</time></trkpt>
      <trkpt lat="52.739157" lon="-1.344717"><ele>184.4</ele><time>2025-01-15T13:01:13.000Z</time></trkpt>
      <trkpt lat="52.739145" lon="-1.344707"><ele>184.2</ele><time>2025-01-15T13:01:14.000Z</time></trkpt>
      <trkpt lat="52.739133" lon="-1.344697"><ele>184.0</ele><time>2025-01-15T13:01:15.000Z</time></trkpt>
      <trkpt lat="52.739120" lon="-1.344687"><ele>183.9</ele><time>2025-01-15T13:01:16.000Z</time></trkpt>
      <trkpt lat="52.739107" lon="-1.344678"><ele>183.7</ele><time>2025-01-15T13:01:17.000Z</time></trkpt>
      <trkpt lat="52.739095" lon="-1.344669"><ele>183.5</ele><time>2025-01-15T13:01:18.000Z</time></trkpt>
      <trkpt lat="52.739084" lon="-1.344660"><ele>183.3</ele><time>2025-01-15T13:01:19.000Z</time></trkpt>
      <trkpt lat="52.739072" lon="-1.344652"><ele>183.2</ele><time>2025-01-15T13:01:20.000Z</time></trkpt>
      <trkpt lat="52.739060" lon="-1.344645"><ele>183.0</ele><time>2025-01-15T13:01:21.000Z</time></trkpt>
      <trkpt lat="52.739047" lon="-1.344638"><ele>182.8</ele><time>2025-01-15T13:01:22.000Z</time></trkpt>
      <trkpt lat="52.739033" lon="-1.344632"><ele>182.6</ele><time>2025-01-15T13:01:23.000Z</time></trkpt>
      <trkpt lat="52.739019" lon="-1.344626"><ele>182.5</ele><time>2025-01-15T13:01:24.000Z</time></trkpt>
      <trkpt lat="52.739004" lon="-1.344620"><ele>182.3</ele><time>2025-01-15T13:01:25.000Z</time></trkpt>
      <trkpt lat="52.738990" lon="-1.344614"><ele>182.1</ele><time>2025-01-15T13:01:26.000Z</time></trkpt>
      <trkpt lat="52.738975" lon="-1.344609"><ele>181.9</ele><time>2025-01-15T13:01:27.000Z</time></trkpt>
      <trkpt lat="52.738960" lon="-1.344605"><ele>181.7</ele><time>2025-01-15T13:01:28.000Z</time></trkpt>
      <trkpt lat="52.738944" lon="-1.344602"><ele>181.5</ele><time>2025-01-15T13:01:29.000Z</time></trkpt>
      <trkpt lat="52.738929" lon="-1.344600"><ele>181.3</ele><time>2025-01-15T13:01:30.000Z</time></trkpt>
      <trkpt lat="52.738914" lon="-1.344599"><ele>181.1</ele><time>2025-01-15T13:01:31.000Z</time></trkpt>
      <trkpt lat="52.738899" lon="-1.344598"><ele>180.8</ele><time>2025-01-15T13:01:32.000Z</time></trkpt>
      <trkpt lat="52.738885" lon="-1.344597"><ele>180.6</ele><time>2025-01-15T13:01:33.000Z</time></trkpt>
      <trkpt lat="52.738870" lon="-1.344598"><ele>180.4</ele><time>2025-01-15T13:01:34.000Z</time></trkpt>
      <trkpt lat="52.738856" lon="-1.344600"><ele>180.2</ele><time>2025-01-15T13:01:35.000Z</time></trkpt>
      <trkpt lat="52.738843" lon="-1.344603"><ele>180.0</ele><time>2025-01-15T13:01:36.000Z</time></trkpt>
      <trkpt lat="52.738830" lon="-1.344607"><ele>179.8</ele><time>2025-01-15T13:01:37.000Z</time></trkpt>
      <trkpt lat="52.738819" lon="-1.344611"><ele>179.6</ele><time>2025-01-15T13:01:38.000Z</time></trkpt>
      <trkpt lat="52.738808" lon="-1.344616"><ele>179.4</ele><time>2025-01-15T13:01:39.000Z</time></trkpt>
      <trkpt lat="52.738796" lon="-1.344621"><ele>179.1</ele><time>2025-01-15T13:01:40.000Z</time></trkpt>
      <trkpt lat="52.738784" lon="-1.344625"><ele>178.9</ele><time>2025-01-15T13:01:41.000Z</time></trkpt>
      <trkpt lat="52.738772" lon="-1.344627"><ele>178.7</ele><time>2025-01-15T13:01:42.000Z</time></trkpt>
      <trkpt lat="52.738757" lon="-1.344630"><ele>178.5</ele><time>2025-01-15T13:01:43.000Z</time></trkpt>
      <trkpt lat="52.738742" lon="-1.344633"><ele>178.2</ele><time>2025-01-15T13:01:44.000Z</time></trkpt>
      <trkpt lat="52.738728" lon="-1.344635"><ele>178.0</ele><time>2025-01-15T13:01:45.000Z</time></trkpt>
      <trkpt lat="52.738714" lon="-1.344639"><ele>177.8</ele><time>2025-01-15T13:01:46.000Z</time></trkpt>
      <trkpt lat="52.738700" lon="-1.344646"><ele>177.5</ele><time>2025-01-15T13:01:47.000Z</time></trkpt>
      <trkpt lat="52.738688" lon="-1.344655"><ele>177.3</ele><time>2025-01-15T13:01:48.000Z</time></trkpt>
      <trkpt lat="52.738676" lon="-1.344666"><ele>177.1</ele><time>2025-01-15T13:01:49.000Z</time></trkpt>
      <trkpt lat="52.738665" lon="-1.344678"><ele>176.8</ele><time>2025-01-15T13:01:50.000Z</time></trkpt>
      <trkpt lat="52.738654" lon="-1.344687"><ele>176.6</ele><time>2025-01-15T13:01:51.000Z</time></trkpt>
      <trkpt lat="52.738641" lon="-1.344694"><ele>176.4</ele><time>2025-01-15T13:01:52.000Z</time></trkpt>
      <trkpt lat="52.738629" lon="-1.344699"><ele>176.2</ele><time>2025-01-15T13:01:53.000Z</time></trkpt>
      <trkpt lat="52.738615" lon="-1.344702"><ele>176.0</ele><time>2025-01-15T13:01:54.000Z</time></trkpt>
      <trkpt lat="52.738602" lon="-1.344703"><ele>175.7</ele><time>2025-01-15T13:01:55.000Z</time></trkpt>
      <trkpt lat="52.738589" lon="-1.344704"><ele>175.5</ele><time>2025-01-15T13:01:56.000Z</time></trkpt>
      <trkpt lat="52.738577" lon="-1.344705"><ele>175.3</ele><time>2025-01-15T13:01:57.000Z</time></trkpt>
      <trkpt lat="52.738566" lon="-1.344710"><ele>175.2</ele><time>2025-01-15T13:01:58.000Z</time></trkpt>
      <trkpt lat="52.738557" lon="-1.344717"><ele>175.0</ele><time>2025-01-15T13:01:59.000Z</time></trkpt>
      <trkpt lat="52.738551" lon="-1.344719"><ele>174.8</ele><time>2025-01-15T13:02:00.000Z</time></trkpt>
      <trkpt lat="52.738545" lon="-1.344711"><ele>174.7</ele><time>2025-01-15T13:02:01.000Z</time></trkpt>
      <trkpt lat="52.738535" lon="-1.344699"><ele>174.6</ele><time>2025-01-15T13:02:02.000Z</time></trkpt>
      <trkpt lat="52.738524" lon="-1.344687"><ele>174.5</ele><time>2025-01-15T13:02:03.000Z</time></trkpt>
      <trkpt lat="52.738513" lon="-1.344676"><ele>174.4</ele><time>2025-01-15T13:02:04.000Z</time></trkpt>
      <trkpt lat="52.738505" lon="-1.344662"><ele>174.4</ele><time>2025-01-15T13:02:05.000Z</time></trkpt>
      <trkpt lat="52.738500" lon="-1.344642"><ele>174.3</ele><time>2025-01-15T13:02:06.000Z</time></trkpt>
      <trkpt lat="52.738497" lon="-1.344617"><ele>174.3</ele><time>2025-01-15T13:02:07.000Z</time></trkpt>
      <trkpt lat="52.738494" lon="-1.344594"><ele>174.3</ele><time>2025-01-15T13:02:08.000Z</time></trkpt>
      <trkpt lat="52.738490" lon="-1.344572"><ele>174.3</ele><time>2025-01-15T13:02:09.000Z</time></trkpt>
      <trkpt lat="52.738485" lon="-1.344550"><ele>174.3</ele><time>2025-01-15T13:02:10.000Z</time></trkpt>
      <trkpt lat="52.738479" lon="-1.344528"><ele>174.3</ele><time>2025-01-15T13:02:11.000Z</time></trkpt>
      <trkpt lat="52.738473" lon="-1.344507"><ele>174.4</ele><time>2025-01-15T13:02:12.000Z</time></trkpt>
      <trkpt lat="52.738465" lon="-1.344487"><ele>174.4</ele><time>2025-01-15T13:02:13.000Z</time></trkpt>
      <trkpt lat="52.738457" lon="-1.344469"><ele>174.5</ele><time>2025-01-15T13:02:14.000Z</time></trkpt>
      <trkpt lat="52.738449" lon="-1.344450"><ele>174.5</ele><time>2025-01-15T13:02:15.000Z</time></trkpt>
      <trkpt lat="52.738442" lon="-1.344431"><ele>174.6</ele><time>2025-01-15T13:02:16.000Z</time></trkpt>
      <trkpt lat="52.738435" lon="-1.344413"><ele>174.6</ele><time>2025-01-15T13:02:17.000Z</time></trkpt>
      <trkpt lat="52.738427" lon="-1.344395"><ele>174.7</ele><time>2025-01-15T13:02:18.000Z</time></trkpt>
      <trkpt lat="52.738420" lon="-1.344377"><ele>174.8</ele><time>2025-01-15T13:02:19.000Z</time></trkpt>
      <trkpt lat="52.738412" lon="-1.344360"><ele>174.8</ele><time>2025-01-15T13:02:20.000Z</time></trkpt>
      <trkpt lat="52.738404" lon="-1.344343"><ele>174.9</ele><time>2025-01-15T13:02:21.000Z</time></trkpt>
      <trkpt lat="52.738397" lon="-1.344326"><ele>174.9</ele><time>2025-01-15T13:02:22.000Z</time></trkpt>
      <trkpt lat="52.738390" lon="-1.344309"><ele>175.0</ele><time>2025-01-15T13:02:23.000Z</time></trkpt>
      <trkpt lat="52.738384" lon="-1.344292"><ele>175.0</ele><time>2025-01-15T13:02:24.000Z</time></trkpt>
      <trkpt lat="52.738378" lon="-1.344274"><ele>175.1</ele><time>2025-01-15T13:02:25.000Z</time></trkpt>
      <trkpt lat="52.738371" lon="-1.344256"><ele>175.1</ele><time>2025-01-15T13:02:26.000Z</time></trkpt>
      <trkpt lat="52.738364" lon="-1.344237"><ele>175.1</ele><time>2025-01-15T13:02:27.000Z</time></trkpt>
      <trkpt lat="52.738357" lon="-1.344219"><ele>175.2</ele><time>2025-01-15T13:02:28.000Z</time></trkpt>
      <trkpt lat="52.738349" lon="-1.344201"><ele>175.2</ele><time>2025-01-15T13:02:29.000Z</time></trkpt>
      <trkpt lat="52.738342" lon="-1.344183"><ele>175.2</ele><time>2025-01-15T13:02:30.000Z</time></trkpt>
      <trkpt lat="52.738334" lon="-1.344166"><ele>175.3</ele><time>2025-01-15T13:02:31.000Z</time></trkpt>
      <trkpt lat="52.738327" lon="-1.344149"><ele>175.3</ele><time>2025-01-15T13:02:32.000Z</time></trkpt>
      <trkpt lat="52.738320" lon="-1.344132"><ele>175.4</ele><time>2025-01-15T13:02:33.000Z</time></trkpt>
      <trkpt lat="52.738312" lon="-1.344114"><ele>175.4</ele><time>2025-01-15T13:02:34.000Z</time></trkpt>
      <trkpt lat="52.738305" lon="-1.344096"><ele>175.5</ele><time>2025-01-15T13:02:35.000Z</time></trkpt>
      <trkpt lat="52.738297" lon="-1.344078"><ele>175.5</ele><time>2025-01-15T13:02:36.000Z</time></trkpt>
      <trkpt lat="52.738290" lon="-1.344060"><ele>175.6</ele><time>2025-01-15T13:02:37.000Z</time></trkpt>
      <trkpt lat="52.738283" lon="-1.344042"><ele>175.7</ele><time>2025-01-15T13:02:38.000Z</time></trkpt>
      <trkpt lat="52.738275" lon="-1.344024"><ele>175.7</ele><time>2025-01-15T13:02:39.000Z</time></trkpt>
      <trkpt lat="52.738268" lon="-1.344006"><ele>175.8</ele><time>2025-01-15T13:02:40.000Z</time></trkpt>
      <trkpt lat="52.738261" lon="-1.343988"><ele>175.8</ele><time>2025-01-15T13:02:41.000Z</time></trkpt>
      <trkpt lat="52.738255" lon="-1.343970"><ele>175.9</ele><time>2025-01-15T13:02:42.000Z</time></trkpt>
      <trkpt lat="52.738249" lon="-1.343952"><ele>175.9</ele><time>2025-01-15T13:02:43.000Z</time></trkpt>
      <trkpt lat="52.738243" lon="-1.343934"><ele>175.9</ele><time>2025-01-15T13:02:44.000Z</time></trkpt>
      <trkpt lat="52.738237" lon="-1.343915"><ele>176.0</ele><time>2025-01-15T13:02:45.000Z</time></trkpt>
      <trkpt lat="52.738231" lon="-1.343897"><ele>176.0</ele><time>2025-01-15T13:02:46.000Z</time></trkpt>
      <trkpt lat="52.738225" lon="-1.343879"><ele>176.0</ele><time>2025-01-15T13:02:47.000Z</time></trkpt>
      <trkpt lat="52.738219" lon="-1.343861"><ele>176.1</ele><time>2025-01-15T13:02:48.000Z</time></trkpt>
      <trkpt lat="52.738214" lon="-1.343843"><ele>176.1</ele><time>2025-01-15T13:02:49.000Z</time></trkpt>
      <trkpt lat="52.738208" lon="-1.343824"><ele>176.1</ele><time>2025-01-15T13:02:50.000Z</time></trkpt>
      <trkpt lat="52.738203" lon="-1.343806"><ele>176.2</ele><time>2025-01-15T13:02:51.000Z</time></trkpt>
      <trkpt lat="52.738199" lon="-1.343787"><ele>176.2</ele><time>2025-01-15T13:02:52.000Z</time></trkpt>
      <trkpt lat="52.738194" lon="-1.343768"><ele>176.2</ele><time>2025-01-15T13:02:53.000Z</time></trkpt>
      <trkpt lat="52.738190" lon="-1.343749"><ele>176.3</ele><time>2025-01-15T13:02:54.000Z</time></trkpt>
      <trkpt lat="52.738184" lon="-1.343730"><ele>176.3</ele><time>2025-01-15T13:02:55.000Z</time></trkpt>
      <trkpt lat="52.738178" lon="-1.343713"><ele>176.4</ele><time>2025-01-15T13:02:56.000Z</time></trkpt>
      <trkpt lat="52.738172" lon="-1.343693"><ele>176.4</ele><time>2025-01-15T13:02:57.000Z</time></trkpt>
      <trkpt lat="52.738167" lon="-1.343673"><ele>176.4</ele><time>2025-01-15T13:02:58.000Z</time></trkpt>
      <trkpt lat="52.738162" lon="-1.343653"><ele>176.5</ele><time>2025-01-15T13:02:59.000Z</time></trkpt>
      <trkpt lat="52.738157" lon="-1.343634"><ele>176.5</ele><time>2025-01-15T13:03:00.000Z</time></trkpt>
      <trkpt lat="52.738152" lon="-1.343617"><ele>176.6</ele><time>2025-01-15T13:03:01.000Z</time></trkpt>
      <trkpt lat="52.738145" lon="-1.343599"><ele>176.7</ele><time>2025-01-15T13:03:02.000Z</time></trkpt>
      <trkpt lat="52.738139" lon="-1.343581"><ele>176.7</ele><time>2025-01-15T13:03:03.000Z</time></trkpt>
      <trkpt lat="52.738134" lon="-1.343560"><ele>176.7</ele><time>2025-01-15T13:03:04.000Z</time></trkpt>
      <trkpt lat="52.738128" lon="-1.343539"><ele>176.8</ele><time>2025-01-15T13:03:05.000Z</time></trkpt>
      <trkpt lat="52.738122" lon="-1.343520"><ele>176.8</ele><time>2025-01-15T13:03:06.000Z</time></trkpt>
      <trkpt lat="52.738117" lon="-1.343502"><ele>176.8</ele><time>2025-01-15T13:03:07.000Z</time></trkpt>
      <trkpt lat="52.738112" lon="-1.343484"><ele>176.9</ele><time>2025-01-15T13:03:08.000Z</time></trkpt>
      <trkpt lat="52.738105" lon="-1.343466"><ele>176.9</ele><time>2025-01-15T13:03:09.000Z</time></trkpt>
      <trkpt lat="52.738098" lon="-1.343450"><ele>176.9</ele><time>2025-01-15T13:03:10.000Z</time></trkpt>
      <trkpt lat="52.738089" lon="-1.343436"><ele>177.0</ele><time>2025-01-15T13:03:11.000Z</time></trkpt>
      <trkpt lat="52.738078" lon="-1.343422"><ele>177.0</ele><time>2025-01-15T13:03:12.000Z</time></trkpt>
      <trkpt lat="52.738067" lon="-1.343409"><ele>177.1</ele><time>2025-01-15T13:03:13.000Z</time></trkpt>
      <trkpt lat="52.738052" lon="-1.343395"><ele>177.1</ele><time>2025-01-15T13:03:14.000Z</time></trkpt>
      <trkpt lat="52.738039" lon="-1.343382"><ele>177.2</ele><time>2025-01-15T13:03:15.000Z</time></trkpt>
      <trkpt lat="52.738027" lon="-1.343369"><ele>177.2</ele><time>2025-01-15T13:03:16.000Z</time></trkpt>
      <trkpt lat="52.738017" lon="-1.343355"><ele>177.3</ele><time>2025-01-15T13:03:17.000Z</time></trkpt>
      <trkpt lat="52.738008" lon="-1.343339"><ele>177.3</ele><time>2025-01-15T13:03:18.000Z</time></trkpt>
      <trkpt lat="52.737999" lon="-1.343324"><ele>177.4</ele><time>2025-01-15T13:03:19.000Z</time></trkpt>
      <trkpt lat="52.737992" lon="-1.343308"><ele>177.4</ele><time>2025-01-15T13:03:20.000Z</time></trkpt>
      <trkpt lat="52.737987" lon="-1.343293"><ele>177.5</ele><time>2025-01-15T13:03:21.000Z</time></trkpt>
      <trkpt lat="52.737983" lon="-1.343275"><ele>177.5</ele><time>2025-01-15T13:03:22.000Z</time></trkpt>
      <trkpt lat="52.737979" lon="-1.343253"><ele>177.6</ele><time>2025-01-15T13:03:23.000Z</time></trkpt>
      <trkpt lat="52.737976" lon="-1.343229"><ele>177.6</ele><time>2025-01-15T13:03:24.000Z</time></trkpt>
      <trkpt lat="52.737975" lon="-1.343206"><ele>177.6</ele><time>2025-01-15T13:03:25.000Z</time></trkpt>
      <trkpt lat="52.737973" lon="-1.343184"><ele>177.6</ele><time>2025-01-15T13:03:26.000Z</time></trkpt>
      <trkpt lat="52.737971" lon="-1.343161"><ele>177.6</ele><time>2025-01-15T13:03:27.000Z</time></trkpt>
      <trkpt lat="52.737968" lon="-1.343138"><ele>177.7</ele><time>2025-01-15T13:03:28.000Z</time></trkpt>
      <trkpt lat="52.737965" lon="-1.343116"><ele>177.7</ele><time>2025-01-15T13:03:29.000Z</time></trkpt>
      <trkpt lat="52.737962" lon="-1.343093"><ele>177.7</ele><time>2025-01-15T13:03:30.000Z</time></trkpt>
      <trkpt lat="52.737958" lon="-1.343070"><ele>177.7</ele><time>2025-01-15T13:03:31.000Z</time></trkpt>
      <trkpt lat="52.737955" lon="-1.343046"><ele>177.7</ele><time>2025-01-15T13:03:32.000Z</time></trkpt>
      <trkpt lat="52.737951" lon="-1.343023"><ele>177.7</ele><time>2025-01-15T13:03:33.000Z</time></trkpt>
      <trkpt lat="52.737948" lon="-1.343000"><ele>177.8</ele><time>2025-01-15T13:03:34.000Z</time></trkpt>
      <trkpt lat="52.737944" lon="-1.342977"><ele>177.8</ele><time>2025-01-15T13:03:35.000Z</time></trkpt>
      <trkpt lat="52.737941" lon="-1.342955"><ele>177.8</ele><time>2025-01-15T13:03:36.000Z</time></trkpt>
      <trkpt lat="52.737938" lon="-1.342934"><ele>177.8</ele><time>2025-01-15T13:03:37.000Z</time></trkpt>
      <trkpt lat="52.737935" lon="-1.342912"><ele>177.9</ele><time>2025-01-15T13:03:38.000Z</time></trkpt>
      <trkpt lat="52.737931" lon="-1.342890"><ele>177.9</ele><time>2025-01-15T13:03:39.000Z</time></trkpt>
      <trkpt lat="52.737929" lon="-1.342868"><ele>177.9</ele><time>2025-01-15T13:03:40.000Z</time></trkpt>
      <trkpt lat="52.737926" lon="-1.342845"><ele>178.0</ele><time>2025-01-15T13:03:41.000Z</time></trkpt>
      <trkpt lat="52.737924" lon="-1.342823"><ele>178.0</ele><time>2025-01-15T13:03:42.000Z</time></trkpt>
      <trkpt lat="52.737921" lon="-1.342801"><ele>178.1</ele><time>2025-01-15T13:03:43.000Z</time></trkpt>
      <trkpt lat="52.737919" lon="-1.342779"><ele>178.1</ele><time>2025-01-15T13:03:44.000Z</time></trkpt>
      <trkpt lat="52.737916" lon="-1.342757"><ele>178.1</ele><time>2025-01-15T13:03:45.000Z</time></trkpt>
      <trkpt lat="52.737913" lon="-1.342736"><ele>178.2</ele><time>2025-01-15T13:03:46.000Z</time></trkpt>
      <trkpt lat="52.737910" lon="-1.342714"><ele>178.2</ele><time>2025-01-15T13:03:47.000Z</time></trkpt>
      <trkpt lat="52.737907" lon="-1.342691"><ele>178.3</ele><time>2025-01-15T13:03:48.000Z</time></trkpt>
      <trkpt lat="52.737904" lon="-1.342669"><ele>178.3</ele><time>2025-01-15T13:03:49.000Z</time></trkpt>
      <trkpt lat="52.737901" lon="-1.342646"><ele>178.4</ele><time>2025-01-15T13:03:50.000Z</time></trkpt>
      <trkpt lat="52.737898" lon="-1.342624"><ele>178.4</ele><time>2025-01-15T13:03:51.000Z</time></trkpt>
      <trkpt lat="52.737895" lon="-1.342601"><ele>178.5</ele><time>2025-01-15T13:03:52.000Z</time></trkpt>
      <trkpt lat="52.737891" lon="-1.342579"><ele>178.6</ele><time>2025-01-15T13:03:53.000Z</time></trkpt>
      <trkpt lat="52.737889" lon="-1.342558"><ele>178.6</ele><time>2025-01-15T13:03:54.000Z</time></trkpt>
      <trkpt lat="52.737886" lon="-1.342536"><ele>178.7</ele><time>2025-01-15T13:03:55.000Z</time></trkpt>
      <trkpt lat="52.737885" lon="-1.342513"><ele>178.8</ele><time>2025-01-15T13:03:56.000Z</time></trkpt>
      <trkpt lat="52.737885" lon="-1.342490"><ele>178.9</ele><time>2025-01-15T13:03:57.000Z</time></trkpt>
      <trkpt lat="52.737885" lon="-1.342467"><ele>179.0</ele><time>2025-01-15T13:03:58.000Z</time></trkpt>
      <trkpt lat="52.737884" lon="-1.342444"><ele>179.0</ele><time>2025-01-15T13:03:59.000Z</time></trkpt>
      <trkpt lat="52.737883" lon="-1.342420"><ele>179.1</ele><time>2025-01-15T13:04:00.000Z</time></trkpt>
      <trkpt lat="52.737880" lon="-1.342398"><ele>179.2</ele><time>2025-01-15T13:04:01.000Z</time></trkpt>
      <trkpt lat="52.737877" lon="-1.342376"><ele>179.3</ele><time>2025-01-15T13:04:02.000Z</time></trkpt>
      <trkpt lat="52.737873" lon="-1.342354"><ele>179.4</ele><time>2025-01-15T13:04:03.000Z</time></trkpt>
      <trkpt lat="52.737868" lon="-1.342334"><ele>179.5</ele><time>2025-01-15T13:04:04.000Z</time></trkpt>
      <trkpt lat="52.737864" lon="-1.342313"><ele>179.6</ele><time>2025-01-15T13:04:05.000Z</time></trkpt>
      <trkpt lat="52.737860" lon="-1.342292"><ele>179.7</ele><time>2025-01-15T13:04:06.000Z</time></trkpt>
      <trkpt lat="52.737858" lon="-1.342270"><ele>179.8</ele><time>2025-01-15T13:04:07.000Z</time></trkpt>
      <trkpt lat="52.737856" lon="-1.342248"><ele>179.9</ele><time>2025-01-15T13:04:08.000Z</time></trkpt>
      <trkpt lat="52.737854" lon="-1.342226"><ele>180.0</ele><time>2025-01-15T13:04:09.000Z</time></trkpt>
      <trkpt lat="52.737853" lon="-1.342203"><ele>180.0</ele><time>2025-01-15T13:04:10.000Z</time></trkpt>
      <trkpt lat="52.737852" lon="-1.342181"><ele>180.1</ele><time>2025-01-15T13:04:11.000Z</time></trkpt>
      <trkpt lat="52.737850" lon="-1.342159"><ele>180.2</ele><time>2025-01-15T13:04:12.000Z</time></trkpt>
      <trkpt lat="52.737849" lon="-1.342138"><ele>180.3</ele><time>2025-01-15T13:04:13.000Z</time></trkpt>
      <trkpt lat="52.737847" lon="-1.342117"><ele>180.3</ele><time>2025-01-15T13:04:14.000Z</time></trkpt>
      <trkpt lat="52.737846" lon="-1.342096"><ele>180.4</ele><time>2025-01-15T13:04:15.000Z</time></trkpt>
      <trkpt lat="52.737843" lon="-1.342074"><ele>180.5</ele><time>2025-01-15T13:04:16.000Z</time></trkpt>
      <trkpt lat="52.737840" lon="-1.342051"><ele>180.6</ele><time>2025-01-15T13:04:17.000Z</time></trkpt>
      <trkpt lat="52.737837" lon="-1.342029"><ele>180.6</ele><time>2025-01-15T13:04:18.000Z</time></trkpt>
      <trkpt lat="52.737834" lon="-1.342007"><ele>180.7</ele><time>2025-01-15T13:04:19.000Z</time></trkpt>
      <trkpt lat="52.737831" lon="-1.341985"><ele>180.8</ele><time>2025-01-15T13:04:20.000Z</time></trkpt>
      <trkpt lat="52.737829" lon="-1.341963"><ele>180.8</ele><time>2025-01-15T13:04:21.000Z</time></trkpt>
      <trkpt lat="52.737826" lon="-1.341942"><ele>180.8</ele><time>2025-01-15T13:04:22.000Z</time></trkpt>
      <trkpt lat="52.737824" lon="-1.341920"><ele>180.9</ele><time>2025-01-15T13:04:23.000Z</time></trkpt>
      <trkpt lat="52.737822" lon="-1.341898"><ele>180.9</ele><time>2025-01-15T13:04:24.000Z</time></trkpt>
      <trkpt lat="52.737820" lon="-1.341875"><ele>180.9</ele><time>2025-01-15T13:04:25.000Z</time></trkpt>
      <trkpt lat="52.737818" lon="-1.341852"><ele>180.9</ele><time>2025-01-15T13:04:26.000Z</time></trkpt>
      <trkpt lat="52.737817" lon="-1.341828"><ele>180.9</ele><time>2025-01-15T13:04:27.000Z</time></trkpt>
      <trkpt lat="52.737814" lon="-1.341805"><ele>181.0</ele><time>2025-01-15T13:04:28.000Z</time></trkpt>
      <trkpt lat="52.737810" lon="-1.341782"><ele>181.0</ele><time>2025-01-15T13:04:29.000Z</time></trkpt>
      <trkpt lat="52.737806" lon="-1.341760"><ele>181.0</ele><time>2025-01-15T13:04:30.000Z</time></trkpt>
      <trkpt lat="52.737802" lon="-1.341739"><ele>181.0</ele><time>2025-01-15T13:04:31.000Z</time></trkpt>
      <trkpt lat="52.737800" lon="-1.341716"><ele>181.0</ele><time>2025-01-15T13:04:32.000Z</time></trkpt>
      <trkpt lat="52.737798" lon="-1.341694"><ele>181.0</ele><time>2025-01-15T13:04:33.000Z</time></trkpt>
      <trkpt lat="52.737796" lon="-1.341671"><ele>181.0</ele><time>2025-01-15T13:04:34.000Z</time></trkpt>
      <trkpt lat="52.737793" lon="-1.341649"><ele>181.1</ele><time>2025-01-15T13:04:35.000Z</time></trkpt>
      <trkpt lat="52.737789" lon="-1.341627"><ele>181.1</ele><time>2025-01-15T13:04:36.000Z</time></trkpt>
      <trkpt lat="52.737785" lon="-1.341606"><ele>181.2</ele><time>2025-01-15T13:04:37.000Z</time></trkpt>
      <trkpt lat="52.737781" lon="-1.341585"><ele>181.2</ele><time>2025-01-15T13:04:38.000Z</time></trkpt>
      <trkpt lat="52.737776" lon="-1.341566"><ele>181.3</ele><time>2025-01-15T13:04:39.000Z</time></trkpt>
      <trkpt lat="52.737771" lon="-1.341547"><ele>181.4</ele><time>2025-01-15T13:04:40.000Z</time></trkpt>
      <trkpt lat="52.737766" lon="-1.341527"><ele>181.4</ele><time>2025-01-15T13:04:41.000Z</time></trkpt>
      <trkpt lat="52.737760" lon="-1.341505"><ele>181.5</ele><time>2025-01-15T13:04:42.000Z</time></trkpt>
      <trkpt lat="52.737755" lon="-1.341483"><ele>181.6</ele><time>2025-01-15T13:04:43.000Z</time></trkpt>
      <trkpt lat="52.737751" lon="-1.341461"><ele>181.7</ele><time>2025-01-15T13:04:44.000Z</time></trkpt>
      <trkpt lat="52.737746" lon="-1.341440"><ele>181.8</ele><time>2025-01-15T13:04:45.000Z</time></trkpt>
      <trkpt lat="52.737740" lon="-1.341418"><ele>181.9</ele><time>2025-01-15T13:04:46.000Z</time></trkpt>
      <trkpt lat="52.737735" lon="-1.341398"><ele>181.9</ele><time>2025-01-15T13:04:47.000Z</time></trkpt>
      <trkpt lat="52.737729" lon="-1.341378"><ele>182.0</ele><time>2025-01-15T13:04:48.000Z</time></trkpt>
      <trkpt lat="52.737723" lon="-1.341358"><ele>182.1</ele><time>2025-01-15T13:04:49.000Z</time></trkpt>
      <trkpt lat="52.737718" lon="-1.341337"><ele>182.1</ele><time>2025-01-15T13:04:50.000Z</time></trkpt>
      <trkpt lat="52.737712" lon="-1.341317"><ele>182.2</ele><time>2025-01-15T13:04:51.000Z</time></trkpt>
      <trkpt lat="52.737705" lon="-1.341297"><ele>182.2</ele><time>2025-01-15T13:04:52.000Z</time></trkpt>
      <trkpt lat="52.737698" lon="-1.341277"><ele>182.3</ele><time>2025-01-15T13:04:53.000Z</time></trkpt>
      <trkpt lat="52.737691" lon="-1.341257"><ele>182.4</ele><time>2025-01-15T13:04:54.000Z</time></trkpt>
      <trkpt lat="52.737684" lon="-1.341237"><ele>182.4</ele><time>2025-01-15T13:04:55.000Z</time></trkpt>
      <trkpt lat="52.737677" lon="-1.341216"><ele>182.5</ele><time>2025-01-15T13:04:56.000Z</time></trkpt>
      <trkpt lat="52.737671" lon="-1.341196"><ele>182.6</ele><time>2025-01-15T13:04:57.000Z</time></trkpt>
      <trkpt lat="52.737665" lon="-1.341176"><ele>182.6</ele><time>2025-01-15T13:04:58.000Z</time></trkpt>
      <trkpt lat="52.737660" lon="-1.341155"><ele>182.7</ele><time>2025-01-15T13:04:59.000Z</time></trkpt>
      <trkpt lat="52.737655" lon="-1.341134"><ele>182.8</ele><time>2025-01-15T13:05:00.000Z</time></trkpt>
      <trkpt lat="52.737651" lon="-1.341112"><ele>182.9</ele><time>2025-01-15T13:05:01.000Z</time></trkpt>
      <trkpt lat="52.737645" lon="-1.341090"><ele>183.0</ele><time>2025-01-15T13:05:02.000Z</time></trkpt>
      <trkpt lat="52.737640" lon="-1.341069"><ele>183.2</ele><time>2025-01-15T13:05:03.000Z</time></trkpt>
      <trkpt lat="52.737634" lon="-1.341048"><ele>183.3</ele><time>2025-01-15T13:05:04.000Z</time></trkpt>
      <trkpt lat="52.737629" lon="-1.341026"><ele>183.5</ele><time>2025-01-15T13:05:05.000Z</time></trkpt>
      <trkpt lat="52.737623" lon="-1.341006"><ele>183.6</ele><time>2025-01-15T13:05:06.000Z</time></trkpt>
      <trkpt lat="52.737618" lon="-1.340986"><ele>183.8</ele><time>2025-01-15T13:05:07.000Z</time></trkpt>
      <trkpt lat="52.737612" lon="-1.340966"><ele>184.0</ele><time>2025-01-15T13:05:08.000Z</time></trkpt>
      <trkpt lat="52.737606" lon="-1.340947"><ele>184.2</ele><time>2025-01-15T13:05:09.000Z</time></trkpt>
      <trkpt lat="52.737600" lon="-1.340928"><ele>184.4</ele><time>2025-01-15T13:05:10.000Z</time></trkpt>
      <trkpt lat="52.737593" lon="-1.340909"><ele>184.6</ele><time>2025-01-15T13:05:11.000Z</time></trkpt>
      <trkpt lat="52.737586" lon="-1.340889"><ele>184.8</ele><time>2025-01-15T13:05:12.000Z</time></trkpt>
      <trkpt lat="52.737578" lon="-1.340868"><ele>185.0</ele><time>2025-01-15T13:05:13.000Z</time></trkpt>
      <trkpt lat="52.737570" lon="-1.340848"><ele>185.2</ele><time>2025-01-15T13:05:14.000Z</time></trkpt>
      <trkpt lat="52.737563" lon="-1.340827"><ele>185.4</ele><time>2025-01-15T13:05:15.000Z</time></trkpt>
      <trkpt lat="52.737555" lon="-1.340808"><ele>185.7</ele><time>2025-01-15T13:05:16.000Z</time></trkpt>
      <trkpt lat="52.737548" lon="-1.340790"><ele>185.9</ele><time>2025-01-15T13:05:17.000Z</time></trkpt>
      <trkpt lat="52.737543" lon="-1.340772"><ele>186.1</ele><time>2025-01-15T13:05:18.000Z</time></trkpt>
      <trkpt lat="52.737540" lon="-1.340753"><ele>186.3</ele><time>2025-01-15T13:05:19.000Z</time></trkpt>
      <trkpt lat="52.737536" lon="-1.340731"><ele>186.6</ele><time>2025-01-15T13:05:20.000Z</time></trkpt>
      <trkpt lat="52.737532" lon="-1.340708"><ele>186.8</ele><time>2025-01-15T13:05:21.000Z</time></trkpt>
      <trkpt lat="52.737527" lon="-1.340686"><ele>187.0</ele><time>2025-01-15T13:05:22.000Z</time></trkpt>
      <trkpt lat="52.737521" lon="-1.340664"><ele>187.2</ele><time>2025-01-15T13:05:23.000Z</time></trkpt>
      <trkpt lat="52.737515" lon="-1.340642"><ele>187.5</ele><time>2025-01-15T13:05:24.000Z</time></trkpt>
      <trkpt lat="52.737510" lon="-1.340621"><ele>187.7</ele><time>2025-01-15T13:05:25.000Z</time></trkpt>
      <trkpt lat="52.737506" lon="-1.340600"><ele>187.9</ele><time>2025-01-15T13:05:26.000Z</time></trkpt>
      <trkpt lat="52.737502" lon="-1.340580"><ele>188.1</ele><time>2025-01-15T13:05:27.000Z</time></trkpt>
      <trkpt lat="52.737497" lon="-1.340562"><ele>188.2</ele><time>2025-01-15T13:05:28.000Z</time></trkpt>
      <trkpt lat="52.737491" lon="-1.340544"><ele>188.4</ele><time>2025-01-15T13:05:29.000Z</time></trkpt>
      <trkpt lat="52.737485" lon="-1.340526"><ele>188.5</ele><time>2025-01-15T13:05:30.000Z</time></trkpt>
      <trkpt lat="52.737477" lon="-1.340508"><ele>188.6</ele><time>2025-01-15T13:05:31.000Z</time></trkpt>
      <trkpt lat="52.737468" lon="-1.340491"><ele>188.6</ele><time>2025-01-15T13:05:32.000Z</time></trkpt>
      <trkpt lat="52.737457" lon="-1.340475"><ele>188.6</ele><time>2025-01-15T13:05:33.000Z</time></trkpt>
      <trkpt lat="52.737445" lon="-1.340464"><ele>188.7</ele><time>2025-01-15T13:05:34.000Z</time></trkpt>
      <trkpt lat="52.737431" lon="-1.340461"><ele>188.7</ele><time>2025-01-15T13:05:35.000Z</time></trkpt>
      <trkpt lat="52.737417" lon="-1.340466"><ele>188.6</ele><time>2025-01-15T13:05:36.000Z</time></trkpt>
      <trkpt lat="52.737403" lon="-1.340476"><ele>188.6</ele><time>2025-01-15T13:05:37.000Z</time></trkpt>
      <trkpt lat="52.737391" lon="-1.340487"><ele>188.5</ele><time>2025-01-15T13:05:38.000Z</time></trkpt>
      <trkpt lat="52.737379" lon="-1.340497"><ele>188.5</ele><time>2025-01-15T13:05:39.000Z</time></trkpt>
      <trkpt lat="52.737367" lon="-1.340506"><ele>188.4</ele><time>2025-01-15T13:05:40.000Z</time></trkpt>
      <trkpt lat="52.737356" lon="-1.340516"><ele>188.3</ele><time>2025-01-15T13:05:41.000Z</time></trkpt>
      <trkpt lat="52.737344" lon="-1.340525"><ele>188.2</ele><time>2025-01-15T13:05:42.000Z</time></trkpt>
      <trkpt lat="52.737331" lon="-1.340535"><ele>188.1</ele><time>2025-01-15T13:05:43.000Z</time></trkpt>
      <trkpt lat="52.737317" lon="-1.340546"><ele>188.0</ele><time>2025-01-15T13:05:44.000Z</time></trkpt>
      <trkpt lat="52.737305" lon="-1.340556"><ele>187.9</ele><time>2025-01-15T13:05:45.000Z</time></trkpt>
      <trkpt lat="52.737293" lon="-1.340566"><ele>187.9</ele><time>2025-01-15T13:05:46.000Z</time></trkpt>
      <trkpt lat="52.737282" lon="-1.340575"><ele>187.8</ele><time>2025-01-15T13:05:47.000Z</time></trkpt>
      <trkpt lat="52.737271" lon="-1.340582"><ele>187.7</ele><time>2025-01-15T13:05:48.000Z</time></trkpt>
      <trkpt lat="52.737261" lon="-1.340589"><ele>187.6</ele><time>2025-01-15T13:05:49.000Z</time></trkpt>
      <trkpt lat="52.737251" lon="-1.340598"><ele>187.5</ele><time>2025-01-15T13:05:50.000Z</time></trkpt>
      <trkpt lat="52.737240" lon="-1.340608"><ele>187.5</ele><time>2025-01-15T13:05:51.000Z</time></trkpt>
      <trkpt lat="52.737229" lon="-1.340618"><ele>187.4</ele><time>2025-01-15T13:05:52.000Z</time></trkpt>
      <trkpt lat="52.737219" lon="-1.340629"><ele>187.3</ele><time>2025-01-15T13:05:53.000Z</time></trkpt>
      <trkpt lat="52.737209" lon="-1.340639"><ele>187.2</ele><time>2025-01-15T13:05:54.000Z</time></trkpt>
      <trkpt lat="52.737199" lon="-1.340648"><ele>187.1</ele><time>2025-01-15T13:05:55.000Z</time></trkpt>
      <trkpt lat="52.737188" lon="-1.340657"><ele>187.0</ele><time>2025-01-15T13:05:56.000Z</time></trkpt>
      <trkpt lat="52.737178" lon="-1.340667"><ele>187.0</ele><time>2025-01-15T13:05:57.000Z</time></trkpt>
      <trkpt lat="52.737168" lon="-1.340676"><ele>186.9</ele><time>2025-01-15T13:05:58.000Z</time></trkpt>
      <trkpt lat="52.737158" lon="-1.340686"><ele>186.8</ele><time>2025-01-15T13:05:59.000Z</time></trkpt>
      <trkpt lat="52.737149" lon="-1.340697"><ele>186.7</ele><time>2025-01-15T13:06:00.000Z</time></trkpt>
      <trkpt lat="52.737141" lon="-1.340707"><ele>186.6</ele><time>2025-01-15T13:06:01.000Z</time></trkpt>
      <trkpt lat="52.737133" lon="-1.340719"><ele>186.5</ele><time>2025-01-15T13:06:02.000Z</time></trkpt>
      <trkpt lat="52.737124" lon="-1.340733"><ele>186.4</ele><time>2025-01-15T13:06:03.000Z</time></trkpt>
      <trkpt lat="52.737114" lon="-1.340748"><ele>186.3</ele><time>2025-01-15T13:06:04.000Z</time></trkpt>
      <trkpt lat="52.737103" lon="-1.340763"><ele>186.2</ele><time>2025-01-15T13:06:05.000Z</time></trkpt>
      <trkpt lat="52.737092" lon="-1.340776"><ele>186.0</ele><time>2025-01-15T13:06:06.000Z</time></trkpt>
      <trkpt lat="52.737083" lon="-1.340787"><ele>185.9</ele><time>2025-01-15T13:06:07.000Z</time></trkpt>
      <trkpt lat="52.737075" lon="-1.340796"><ele>185.7</ele><time>2025-01-15T13:06:08.000Z</time></trkpt>
      <trkpt lat="52.737066" lon="-1.340805"><ele>185.6</ele><time>2025-01-15T13:06:09.000Z</time></trkpt>
      <trkpt lat="52.737057" lon="-1.340816"><ele>185.4</ele><time>2025-01-15T13:06:10.000Z</time></trkpt>
      <trkpt lat="52.737047" lon="-1.340828"><ele>185.2</ele><time>2025-01-15T13:06:11.000Z</time></trkpt>
      <trkpt lat="52.737037" lon="-1.340842"><ele>185.0</ele><time>2025-01-15T13:06:12.000Z</time></trkpt>
      <trkpt lat="52.737026" lon="-1.340856"><ele>184.9</ele><time>2025-01-15T13:06:13.000Z</time></trkpt>
      <trkpt lat="52.737015" lon="-1.340869"><ele>184.7</ele><time>2025-01-15T13:06:14.000Z</time></trkpt>
      <trkpt lat="52.737004" lon="-1.340881"><ele>184.5</ele><time>2025-01-15T13:06:15.000Z</time></trkpt>
      <trkpt lat="52.736993" lon="-1.340892"><ele>184.3</ele><time>2025-01-15T13:06:16.000Z</time></trkpt>
      <trkpt lat="52.736983" lon="-1.340902"><ele>184.1</ele><time>2025-01-15T13:06:17.000Z</time></trkpt>
      <trkpt lat="52.736971" lon="-1.340914"><ele>184.0</ele><time>2025-01-15T13:06:18.000Z</time></trkpt>
      <trkpt lat="52.736959" lon="-1.340927"><ele>183.8</ele><time>2025-01-15T13:06:19.000Z</time></trkpt>
      <trkpt lat="52.736947" lon="-1.340941"><ele>183.6</ele><time>2025-01-15T13:06:20.000Z</time></trkpt>
      <trkpt lat="52.736936" lon="-1.340955"><ele>183.5</ele><time>2025-01-15T13:06:21.000Z</time></trkpt>
      <trkpt lat="52.736925" lon="-1.340969"><ele>183.3</ele><time>2025-01-15T13:06:22.000Z</time></trkpt>
      <trkpt lat="52.736916" lon="-1.340984"><ele>183.2</ele><time>2025-01-15T13:06:23.000Z</time></trkpt>
      <trkpt lat="52.736907" lon="-1.340998"><ele>183.1</ele><time>2025-01-15T13:06:24.000Z</time></trkpt>
      <trkpt lat="52.736899" lon="-1.341012"><ele>183.1</ele><time>2025-01-15T13:06:25.000Z</time></trkpt>
      <trkpt lat="52.736892" lon="-1.341025"><ele>183.0</ele><time>2025-01-15T13:06:26.000Z</time></trkpt>
      <trkpt lat="52.736884" lon="-1.341038"><ele>182.9</ele><time>2025-01-15T13:06:26.000Z</time></trkpt>
      <trkpt lat="52.736876" lon="-1.341051"><ele>182.9</ele><time>2025-01-15T13:06:27.000Z</time></trkpt>
      <trkpt lat="52.736867" lon="-1.341063"><ele>182.8</ele><time>2025-01-15T13:06:28.000Z</time></trkpt>
      <trkpt lat="52.736855" lon="-1.341076"><ele>182.8</ele><time>2025-01-15T13:06:29.000Z</time></trkpt>
      <trkpt lat="52.736843" lon="-1.341086"><ele>182.7</ele><time>2025-01-15T13:06:30.000Z</time></trkpt>
      <trkpt lat="52.736830" lon="-1.341096"><ele>182.7</ele><time>2025-01-15T13:06:31.000Z</time></trkpt>
      <trkpt lat="52.736817" lon="-1.341105"><ele>182.7</ele><time>2025-01-15T13:06:32.000Z</time></trkpt>
      <trkpt lat="52.736805" lon="-1.341115"><ele>182.7</ele><time>2025-01-15T13:06:33.000Z</time></trkpt>
      <trkpt lat="52.736795" lon="-1.341125"><ele>182.6</ele><time>2025-01-15T13:06:34.000Z</time></trkpt>
      <trkpt lat="52.736786" lon="-1.341135"><ele>182.6</ele><time>2025-01-15T13:06:35.000Z</time></trkpt>
      <trkpt lat="52.736777" lon="-1.341147"><ele>182.5</ele><time>2025-01-15T13:06:36.000Z</time></trkpt>
      <trkpt lat="52.736767" lon="-1.341160"><ele>182.4</ele><time>2025-01-15T13:06:37.000Z</time></trkpt>
      <trkpt lat="52.736757" lon="-1.341176"><ele>182.3</ele><time>2025-01-15T13:06:38.000Z</time></trkpt>
      <trkpt lat="52.736746" lon="-1.341193"><ele>182.2</ele><time>2025-01-15T13:06:39.000Z</time></trkpt>
      <trkpt lat="52.736735" lon="-1.341211"><ele>182.1</ele><time>2025-01-15T13:06:40.000Z</time></trkpt>
      <trkpt lat="52.736724" lon="-1.341230"><ele>182.0</ele><time>2025-01-15T13:06:41.000Z</time></trkpt>
      <trkpt lat="52.736713" lon="-1.341247"><ele>181.8</ele><time>2025-01-15T13:06:42.000Z</time></trkpt>
      <trkpt lat="52.736702" lon="-1.341264"><ele>181.6</ele><time>2025-01-15T13:06:43.000Z</time></trkpt>
      <trkpt lat="52.736692" lon="-1.341278"><ele>181.4</ele><time>2025-01-15T13:06:44.000Z</time></trkpt>
      <trkpt lat="52.736683" lon="-1.341293"><ele>181.3</ele><time>2025-01-15T13:06:45.000Z</time></trkpt>
      <trkpt lat="52.736675" lon="-1.341306"><ele>181.1</ele><time>2025-01-15T13:06:46.000Z</time></trkpt>
      <trkpt lat="52.736668" lon="-1.341320"><ele>180.9</ele><time>2025-01-15T13:06:47.000Z</time></trkpt>
      <trkpt lat="52.736659" lon="-1.341335"><ele>180.7</ele><time>2025-01-15T13:06:48.000Z</time></trkpt>
      <trkpt lat="52.736650" lon="-1.341351"><ele>180.5</ele><time>2025-01-15T13:06:49.000Z</time></trkpt>
      <trkpt lat="52.736641" lon="-1.341368"><ele>180.4</ele><time>2025-01-15T13:06:50.000Z</time></trkpt>
      <trkpt lat="52.736630" lon="-1.341387"><ele>180.2</ele><time>2025-01-15T13:06:51.000Z</time></trkpt>
      <trkpt lat="52.736620" lon="-1.341405"><ele>180.0</ele><time>2025-01-15T13:06:52.000Z</time></trkpt>
      <trkpt lat="52.736610" lon="-1.341421"><ele>179.9</ele><time>2025-01-15T13:06:53.000Z</time></trkpt>
      <trkpt lat="52.736599" lon="-1.341435"><ele>179.7</ele><time>2025-01-15T13:06:54.000Z</time></trkpt>
      <trkpt lat="52.736588" lon="-1.341448"><ele>179.5</ele><time>2025-01-15T13:06:55.000Z</time></trkpt>
      <trkpt lat="52.736577" lon="-1.341459"><ele>179.4</ele><time>2025-01-15T13:06:56.000Z</time></trkpt>
      <trkpt lat="52.736565" lon="-1.341470"><ele>179.3</ele><time>2025-01-15T13:06:57.000Z</time></trkpt>
      <trkpt lat="52.736553" lon="-1.341482"><ele>179.1</ele><time>2025-01-15T13:06:58.000Z</time></trkpt>
      <trkpt lat="52.736541" lon="-1.341495"><ele>179.0</ele><time>2025-01-15T13:06:59.000Z</time></trkpt>
      <trkpt lat="52.736528" lon="-1.341508"><ele>178.9</ele><time>2025-01-15T13:07:00.000Z</time></trkpt>
      <trkpt lat="52.736515" lon="-1.341521"><ele>178.7</ele><time>2025-01-15T13:07:01.000Z</time></trkpt>
      <trkpt lat="52.736504" lon="-1.341533"><ele>178.6</ele><time>2025-01-15T13:07:02.000Z</time></trkpt>
      <trkpt lat="52.736494" lon="-1.341544"><ele>178.4</ele><time>2025-01-15T13:07:03.000Z</time></trkpt>
      <trkpt lat="52.736485" lon="-1.341555"><ele>178.3</ele><time>2025-01-15T13:07:04.000Z</time></trkpt>
      <trkpt lat="52.736476" lon="-1.341567"><ele>178.1</ele><time>2025-01-15T13:07:05.000Z</time></trkpt>
      <trkpt lat="52.736466" lon="-1.341579"><ele>177.9</ele><time>2025-01-15T13:07:06.000Z</time></trkpt>
      <trkpt lat="52.736455" lon="-1.341591"><ele>177.8</ele><time>2025-01-15T13:07:07.000Z</time></trkpt>
      <trkpt lat="52.736443" lon="-1.341604"><ele>177.6</ele><time>2025-01-15T13:07:08.000Z</time></trkpt>
      <trkpt lat="52.736431" lon="-1.341616"><ele>177.5</ele><time>2025-01-15T13:07:09.000Z</time></trkpt>
      <trkpt lat="52.736418" lon="-1.341629"><ele>177.4</ele><time>2025-01-15T13:07:10.000Z</time></trkpt>
      <trkpt lat="52.736405" lon="-1.341641"><ele>177.3</ele><time>2025-01-15T13:07:11.000Z</time></trkpt>
      <trkpt lat="52.736392" lon="-1.341652"><ele>177.1</ele><time>2025-01-15T13:07:12.000Z</time></trkpt>
      <trkpt lat="52.736380" lon="-1.341662"><ele>177.0</ele><time>2025-01-15T13:07:13.000Z</time></trkpt>
      <trkpt lat="52.736368" lon="-1.341673"><ele>177.0</ele><time>2025-01-15T13:07:14.000Z</time></trkpt>
      <trkpt lat="52.736358" lon="-1.341682"><ele>176.9</ele><time>2025-01-15T13:07:15.000Z</time></trkpt>
      <trkpt lat="52.736347" lon="-1.341690"><ele>176.8</ele><time>2025-01-15T13:07:16.000Z</time></trkpt>
      <trkpt lat="52.736337" lon="-1.341697"><ele>176.8</ele><time>2025-01-15T13:07:17.000Z</time></trkpt>
      <trkpt lat="52.736327" lon="-1.341704"><ele>176.7</ele><time>2025-01-15T13:07:18.000Z</time></trkpt>
      <trkpt lat="52.736317" lon="-1.341709"><ele>176.7</ele><time>2025-01-15T13:07:19.000Z</time></trkpt>
      <trkpt lat="52.736307" lon="-1.341712"><ele>176.7</ele><time>2025-01-15T13:07:20.000Z</time></trkpt>
      <trkpt lat="52.736297" lon="-1.341713"><ele>176.7</ele><time>2025-01-15T13:07:21.000Z</time></trkpt>
      <trkpt lat="52.736287" lon="-1.341711"><ele>176.6</ele><time>2025-01-15T13:07:22.000Z</time></trkpt>
      <trkpt lat="52.736277" lon="-1.341707"><ele>176.6</ele><time>2025-01-15T13:07:23.000Z</time></trkpt>
      <trkpt lat="52.736267" lon="-1.341703"><ele>176.6</ele><time>2025-01-15T13:07:24.000Z</time></trkpt>
      <trkpt lat="52.736257" lon="-1.341700"><ele>176.6</ele><time>2025-01-15T13:07:25.000Z</time></trkpt>
      <trkpt lat="52.736248" lon="-1.341696"><ele>176.6</ele><time>2025-01-15T13:07:26.000Z</time></trkpt>
      <trkpt lat="52.736238" lon="-1.341694"><ele>176.6</ele><time>2025-01-15T13:07:27.000Z</time></trkpt>
      <trkpt lat="52.736230" lon="-1.341693"><ele>176.7</ele><time>2025-01-15T13:07:28.000Z</time></trkpt>
      <trkpt lat="52.736221" lon="-1.341695"><ele>176.7</ele><time>2025-01-15T13:07:29.000Z</time></trkpt>
      <trkpt lat="52.736212" lon="-1.341700"><ele>176.7</ele><time>2025-01-15T13:07:30.000Z</time></trkpt>
      <trkpt lat="52.736203" lon="-1.341708"><ele>176.7</ele><time>2025-01-15T13:07:31.000Z</time></trkpt>
      <trkpt lat="52.736196" lon="-1.341719"><ele>176.7</ele><time>2025-01-15T13:07:32.000Z</time></trkpt>
      <trkpt lat="52.736191" lon="-1.341731"><ele>176.7</ele><time>2025-01-15T13:07:33.000Z</time></trkpt>
      <trkpt lat="52.736188" lon="-1.341744"><ele>176.6</ele><time>2025-01-15T13:07:34.000Z</time></trkpt>
      <trkpt lat="52.736186" lon="-1.341757"><ele>176.6</ele><time>2025-01-15T13:07:35.000Z</time></trkpt>
      <trkpt lat="52.736183" lon="-1.341769"><ele>176.6</ele><time>2025-01-15T13:07:36.000Z</time></trkpt>
      <trkpt lat="52.736175" lon="-1.341781"><ele>176.5</ele><time>2025-01-15T13:07:37.000Z</time></trkpt>
      <trkpt lat="52.736166" lon="-1.341792"><ele>176.4</ele><time>2025-01-15T13:07:38.000Z</time></trkpt>
      <trkpt lat="52.736155" lon="-1.341804"><ele>176.4</ele><time>2025-01-15T13:07:39.000Z</time></trkpt>
      <trkpt lat="52.736145" lon="-1.341816"><ele>176.3</ele><time>2025-01-15T13:07:40.000Z</time></trkpt>
      <trkpt lat="52.736136" lon="-1.341829"><ele>176.2</ele><time>2025-01-15T13:07:41.000Z</time></trkpt>
      <trkpt lat="52.736128" lon="-1.341844"><ele>176.1</ele><time>2025-01-15T13:07:42.000Z</time></trkpt>
      <trkpt lat="52.736120" lon="-1.341861"><ele>176.0</ele><time>2025-01-15T13:07:43.000Z</time></trkpt>
      <trkpt lat="52.736112" lon="-1.341880"><ele>175.9</ele><time>2025-01-15T13:07:44.000Z</time></trkpt>
      <trkpt lat="52.736104" lon="-1.341899"><ele>175.8</ele><time>2025-01-15T13:07:45.000Z</time></trkpt>
      <trkpt lat="52.736097" lon="-1.341914"><ele>175.7</ele><time>2025-01-15T13:07:46.000Z</time></trkpt>
      <trkpt lat="52.736090" lon="-1.341926"><ele>175.6</ele><time>2025-01-15T13:07:47.000Z</time></trkpt>
      <trkpt lat="52.736082" lon="-1.341936"><ele>175.5</ele><time>2025-01-15T13:07:48.000Z</time></trkpt>
      <trkpt lat="52.736074" lon="-1.341945"><ele>175.4</ele><time>2025-01-15T13:07:49.000Z</time></trkpt>
      <trkpt lat="52.736066" lon="-1.341955"><ele>175.3</ele><time>2025-01-15T13:07:50.000Z</time></trkpt>
      <trkpt lat="52.736056" lon="-1.341966"><ele>175.2</ele><time>2025-01-15T13:07:51.000Z</time></trkpt>
      <trkpt lat="52.736045" lon="-1.341978"><ele>175.1</ele><time>2025-01-15T13:07:52.000Z</time></trkpt>
      <trkpt lat="52.736033" lon="-1.341990"><ele>175.1</ele><time>2025-01-15T13:07:53.000Z</time></trkpt>
      <trkpt lat="52.736022" lon="-1.342002"><ele>175.0</ele><time>2025-01-15T13:07:54.000Z</time></trkpt>
      <trkpt lat="52.736013" lon="-1.342013"><ele>174.9</ele><time>2025-01-15T13:07:55.000Z</time></trkpt>
      <trkpt lat="52.736004" lon="-1.342023"><ele>174.8</ele><time>2025-01-15T13:07:56.000Z</time></trkpt>
      <trkpt lat="52.735995" lon="-1.342033"><ele>174.7</ele><time>2025-01-15T13:07:57.000Z</time></trkpt>
      <trkpt lat="52.735986" lon="-1.342043"><ele>174.6</ele><time>2025-01-15T13:07:58.000Z</time></trkpt>
      <trkpt lat="52.735977" lon="-1.342054"><ele>174.5</ele><time>2025-01-15T13:07:59.000Z</time></trkpt>
      <trkpt lat="52.735967" lon="-1.342066"><ele>174.5</ele><time>2025-01-15T13:08:00.000Z</time></trkpt>
      <trkpt lat="52.735956" lon="-1.342079"><ele>174.4</ele><time>2025-01-15T13:08:01.000Z</time></trkpt>
      <trkpt lat="52.735944" lon="-1.342089"><ele>174.3</ele><time>2025-01-15T13:08:02.000Z</time></trkpt>
      <trkpt lat="52.735932" lon="-1.342097"><ele>174.3</ele><time>2025-01-15T13:08:03.000Z</time></trkpt>
      <trkpt lat="52.735920" lon="-1.342101"><ele>174.2</ele><time>2025-01-15T13:08:04.000Z</time></trkpt>
      <trkpt lat="52.735908" lon="-1.342105"><ele>174.2</ele><time>2025-01-15T13:08:05.000Z</time></trkpt>
      <trkpt lat="52.735895" lon="-1.342111"><ele>174.1</ele><time>2025-01-15T13:08:06.000Z</time></trkpt>
      <trkpt lat="52.735881" lon="-1.342118"><ele>174.1</ele><time>2025-01-15T13:08:07.000Z</time></trkpt>
      <trkpt lat="52.735868" lon="-1.342127"><ele>174.1</ele><time>2025-01-15T13:08:08.000Z</time></trkpt>
      <trkpt lat="52.735855" lon="-1.342138"><ele>174.0</ele><time>2025-01-15T13:08:09.000Z</time></trkpt>
      <trkpt lat="52.735844" lon="-1.342149"><ele>174.0</ele><time>2025-01-15T13:08:10.000Z</time></trkpt>
      <trkpt lat="52.735833" lon="-1.342159"><ele>173.9</ele><time>2025-01-15T13:08:11.000Z</time></trkpt>
      <trkpt lat="52.735823" lon="-1.342168"><ele>173.9</ele><time>2025-01-15T13:08:12.000Z</time></trkpt>
      <trkpt lat="52.735812" lon="-1.342177"><ele>173.8</ele><time>2025-01-15T13:08:13.000Z</time></trkpt>
      <trkpt lat="52.735801" lon="-1.342184"><ele>173.7</ele><time>2025-01-15T13:08:14.000Z</time></trkpt>
      <trkpt lat="52.735788" lon="-1.342192"><ele>173.7</ele><time>2025-01-15T13:08:15.000Z</time></trkpt>
      <trkpt lat="52.735775" lon="-1.342201"><ele>173.6</ele><time>2025-01-15T13:08:16.000Z</time></trkpt>
      <trkpt lat="52.735763" lon="-1.342212"><ele>173.6</ele><time>2025-01-15T13:08:17.000Z</time></trkpt>
      <trkpt lat="52.735752" lon="-1.342223"><ele>173.5</ele><time>2025-01-15T13:08:18.000Z</time></trkpt>
      <trkpt lat="52.735741" lon="-1.342236"><ele>173.5</ele><time>2025-01-15T13:08:19.000Z</time></trkpt>
      <trkpt lat="52.735730" lon="-1.342250"><ele>173.4</ele><time>2025-01-15T13:08:20.000Z</time></trkpt>
      <trkpt lat="52.735719" lon="-1.342264"><ele>173.4</ele><time>2025-01-15T13:08:21.000Z</time></trkpt>
      <trkpt lat="52.735708" lon="-1.342278"><ele>173.3</ele><time>2025-01-15T13:08:22.000Z</time></trkpt>
      <trkpt lat="52.735696" lon="-1.342292"><ele>173.3</ele><time>2025-01-15T13:08:23.000Z</time></trkpt>
      <trkpt lat="52.735684" lon="-1.342307"><ele>173.2</ele><time>2025-01-15T13:08:24.000Z</time></trkpt>
      <trkpt lat="52.735673" lon="-1.342322"><ele>173.2</ele><time>2025-01-15T13:08:25.000Z</time></trkpt>
      <trkpt lat="52.735662" lon="-1.342336"><ele>173.1</ele><time>2025-01-15T13:08:26.000Z</time></trkpt>
      <trkpt lat="52.735653" lon="-1.342350"><ele>173.0</ele><time>2025-01-15T13:08:27.000Z</time></trkpt>
      <trkpt lat="52.735645" lon="-1.342364"><ele>173.0</ele><time>2025-01-15T13:08:28.000Z</time></trkpt>
      <trkpt lat="52.735638" lon="-1.342379"><ele>172.9</ele><time>2025-01-15T13:08:29.000Z</time></trkpt>
      <trkpt lat="52.735630" lon="-1.342395"><ele>172.8</ele><time>2025-01-15T13:08:30.000Z</time></trkpt>
      <trkpt lat="52.735623" lon="-1.342412"><ele>172.6</ele><time>2025-01-15T13:08:31.000Z</time></trkpt>
      <trkpt lat="52.735615" lon="-1.342431"><ele>172.5</ele><time>2025-01-15T13:08:32.000Z</time></trkpt>
      <trkpt lat="52.735607" lon="-1.342449"><ele>172.4</ele><time>2025-01-15T13:08:33.000Z</time></trkpt>
      <trkpt lat="52.735599" lon="-1.342466"><ele>172.3</ele><time>2025-01-15T13:08:34.000Z</time></trkpt>
      <trkpt lat="52.735590" lon="-1.342482"><ele>172.1</ele><time>2025-01-15T13:08:35.000Z</time></trkpt>
      <trkpt lat="52.735582" lon="-1.342499"><ele>172.0</ele><time>2025-01-15T13:08:36.000Z</time></trkpt>
      <trkpt lat="52.735575" lon="-1.342514"><ele>171.9</ele><time>2025-01-15T13:08:37.000Z</time></trkpt>
      <trkpt lat="52.735567" lon="-1.342530"><ele>171.8</ele><time>2025-01-15T13:08:38.000Z</time></trkpt>
      <trkpt lat="52.735559" lon="-1.342546"><ele>171.6</ele><time>2025-01-15T13:08:39.000Z</time></trkpt>
      <trkpt lat="52.735549" lon="-1.342562"><ele>171.5</ele><time>2025-01-15T13:08:40.000Z</time></trkpt>
      <trkpt lat="52.735538" lon="-1.342579"><ele>171.4</ele><time>2025-01-15T13:08:41.000Z</time></trkpt>
      <trkpt lat="52.735527" lon="-1.342594"><ele>171.4</ele><time>2025-01-15T13:08:42.000Z</time></trkpt>
      <trkpt lat="52.735515" lon="-1.342608"><ele>171.3</ele><time>2025-01-15T13:08:43.000Z</time></trkpt>
      <trkpt lat="52.735503" lon="-1.342622"><ele>171.2</ele><time>2025-01-15T13:08:44.000Z</time></trkpt>
      <trkpt lat="52.735492" lon="-1.342636"><ele>171.1</ele><time>2025-01-15T13:08:45.000Z</time></trkpt>
      <trkpt lat="52.735483" lon="-1.342648"><ele>171.1</ele><time>2025-01-15T13:08:46.000Z</time></trkpt>
      <trkpt lat="52.735475" lon="-1.342660"><ele>171.1</ele><time>2025-01-15T13:08:47.000Z</time></trkpt>
      <trkpt lat="52.735467" lon="-1.342673"><ele>171.0</ele><time>2025-01-15T13:08:48.000Z</time></trkpt>
      <trkpt lat="52.735458" lon="-1.342688"><ele>171.0</ele><time>2025-01-15T13:08:49.000Z</time></trkpt>
      <trkpt lat="52.735450" lon="-1.342705"><ele>171.0</ele><time>2025-01-15T13:08:50.000Z</time></trkpt>
      <trkpt lat="52.735442" lon="-1.342725"><ele>171.0</ele><time>2025-01-15T13:08:51.000Z</time></trkpt>
      <trkpt lat="52.735437" lon="-1.342747"><ele>171.0</ele><time>2025-01-15T13:08:52.000Z</time></trkpt>
      <trkpt lat="52.735436" lon="-1.342770"><ele>171.0</ele><time>2025-01-15T13:08:53.000Z</time></trkpt>
      <trkpt lat="52.735440" lon="-1.342794"><ele>171.0</ele><time>2025-01-15T13:08:54.000Z</time></trkpt>
      <trkpt lat="52.735449" lon="-1.342816"><ele>171.0</ele><time>2025-01-15T13:08:55.000Z</time></trkpt>
      <trkpt lat="52.735460" lon="-1.342836"><ele>171.0</ele><time>2025-01-15T13:08:56.000Z</time></trkpt>
      <trkpt lat="52.735471" lon="-1.342855"><ele>171.0</ele><time>2025-01-15T13:08:57.000Z</time></trkpt>
      <trkpt lat="52.735484" lon="-1.342874"><ele>171.0</ele><time>2025-01-15T13:08:58.000Z</time></trkpt>
      <trkpt lat="52.735496" lon="-1.342893"><ele>171.1</ele><time>2025-01-15T13:08:59.000Z</time></trkpt>
      <trkpt lat="52.735509" lon="-1.342911"><ele>171.1</ele><time>2025-01-15T13:09:00.000Z</time></trkpt>
      <trkpt lat="52.735521" lon="-1.342930"><ele>171.1</ele><time>2025-01-15T13:09:01.000Z</time></trkpt>
      <trkpt lat="52.735532" lon="-1.342948"><ele>171.2</ele><time>2025-01-15T13:09:02.000Z</time></trkpt>
      <trkpt lat="52.735543" lon="-1.342966"><ele>171.2</ele><time>2025-01-15T13:09:03.000Z</time></trkpt>
      <trkpt lat="52.735553" lon="-1.342983"><ele>171.3</ele><time>2025-01-15T13:09:04.000Z</time></trkpt>
      <trkpt lat="52.735562" lon="-1.343000"><ele>171.3</ele><time>2025-01-15T13:09:05.000Z</time></trkpt>
      <trkpt lat="52.735571" lon="-1.343017"><ele>171.4</ele><time>2025-01-15T13:09:06.000Z</time></trkpt>
      <trkpt lat="52.735580" lon="-1.343033"><ele>171.4</ele><time>2025-01-15T13:09:07.000Z</time></trkpt>
      <trkpt lat="52.735588" lon="-1.343050"><ele>171.4</ele><time>2025-01-15T13:09:08.000Z</time></trkpt>
      <trkpt lat="52.735597" lon="-1.343067"><ele>171.4</ele><time>2025-01-15T13:09:09.000Z</time></trkpt>
      <trkpt lat="52.735606" lon="-1.343083"><ele>171.4</ele><time>2025-01-15T13:09:10.000Z</time></trkpt>
      <trkpt lat="52.735615" lon="-1.343099"><ele>171.4</ele><time>2025-01-15T13:09:11.000Z</time></trkpt>
      <trkpt lat="52.735623" lon="-1.343116"><ele>171.4</ele><time>2025-01-15T13:09:12.000Z</time></trkpt>
      <trkpt lat="52.735631" lon="-1.343133"><ele>171.3</ele><time>2025-01-15T13:09:13.000Z</time></trkpt>
      <trkpt lat="52.735639" lon="-1.343150"><ele>171.3</ele><time>2025-01-15T13:09:14.000Z</time></trkpt>
      <trkpt lat="52.735647" lon="-1.343166"><ele>171.2</ele><time>2025-01-15T13:09:15.000Z</time></trkpt>
      <trkpt lat="52.735655" lon="-1.343181"><ele>171.1</ele><time>2025-01-15T13:09:16.000Z</time></trkpt>
      <trkpt lat="52.735664" lon="-1.343195"><ele>171.0</ele><time>2025-01-15T13:09:17.000Z</time></trkpt>
      <trkpt lat="52.735673" lon="-1.343210"><ele>170.9</ele><time>2025-01-15T13:09:18.000Z</time></trkpt>
      <trkpt lat="52.735684" lon="-1.343224"><ele>170.7</ele><time>2025-01-15T13:09:19.000Z</time></trkpt>
      <trkpt lat="52.735695" lon="-1.343239"><ele>170.6</ele><time>2025-01-15T13:09:20.000Z</time></trkpt>
      <trkpt lat="52.735708" lon="-1.343253"><ele>170.4</ele><time>2025-01-15T13:09:21.000Z</time></trkpt>
      <trkpt lat="52.735721" lon="-1.343267"><ele>170.3</ele><time>2025-01-15T13:09:22.000Z</time></trkpt>
      <trkpt lat="52.735734" lon="-1.343279"><ele>170.1</ele><time>2025-01-15T13:09:23.000Z</time></trkpt>
      <trkpt lat="52.735747" lon="-1.343290"><ele>170.0</ele><time>2025-01-15T13:09:24.000Z</time></trkpt>
      <trkpt lat="52.735759" lon="-1.343302"><ele>169.9</ele><time>2025-01-15T13:09:25.000Z</time></trkpt>
      <trkpt lat="52.735770" lon="-1.343314"><ele>169.8</ele><time>2025-01-15T13:09:26.000Z</time></trkpt>
      <trkpt lat="52.735781" lon="-1.343326"><ele>169.7</ele><time>2025-01-15T13:09:27.000Z</time></trkpt>
      <trkpt lat="52.735791" lon="-1.343338"><ele>169.6</ele><time>2025-01-15T13:09:28.000Z</time></trkpt>
      <trkpt lat="52.735801" lon="-1.343352"><ele>169.5</ele><time>2025-01-15T13:09:29.000Z</time></trkpt>
      <trkpt lat="52.735812" lon="-1.343367"><ele>169.4</ele><time>2025-01-15T13:09:30.000Z</time></trkpt>
      <trkpt lat="52.735824" lon="-1.343384"><ele>169.4</ele><time>2025-01-15T13:09:31.000Z</time></trkpt>
      <trkpt lat="52.735835" lon="-1.343401"><ele>169.3</ele><time>2025-01-15T13:09:32.000Z</time></trkpt>
      <trkpt lat="52.735846" lon="-1.343416"><ele>169.3</ele><time>2025-01-15T13:09:33.000Z</time></trkpt>
      <trkpt lat="52.735857" lon="-1.343431"><ele>169.2</ele><time>2025-01-15T13:09:34.000Z</time></trkpt>
      <trkpt lat="52.735868" lon="-1.343445"><ele>169.2</ele><time>2025-01-15T13:09:35.000Z</time></trkpt>
      <trkpt lat="52.735879" lon="-1.343459"><ele>169.2</ele><time>2025-01-15T13:09:36.000Z</time></trkpt>
      <trkpt lat="52.735890" lon="-1.343474"><ele>169.2</ele><time>2025-01-15T13:09:37.000Z</time></trkpt>
      <trkpt lat="52.735900" lon="-1.343488"><ele>169.2</ele><time>2025-01-15T13:09:38.000Z</time></trkpt>
      <trkpt lat="52.735911" lon="-1.343504"><ele>169.2</ele><time>2025-01-15T13:09:39.000Z</time></trkpt>
      <trkpt lat="52.735922" lon="-1.343520"><ele>169.2</ele><time>2025-01-15T13:09:40.000Z</time></trkpt>
      <trkpt lat="52.735933" lon="-1.343535"><ele>169.2</ele><time>2025-01-15T13:09:41.000Z</time></trkpt>
      <trkpt lat="52.735944" lon="-1.343550"><ele>169.2</ele><time>2025-01-15T13:09:42.000Z</time></trkpt>
      <trkpt lat="52.735955" lon="-1.343564"><ele>169.2</ele><time>2025-01-15T13:09:43.000Z</time></trkpt>
      <trkpt lat="52.735966" lon="-1.343578"><ele>169.3</ele><time>2025-01-15T13:09:44.000Z</time></trkpt>
      <trkpt lat="52.735976" lon="-1.343592"><ele>169.3</ele><time>2025-01-15T13:09:45.000Z</time></trkpt>
      <trkpt lat="52.735987" lon="-1.343607"><ele>169.3</ele><time>2025-01-15T13:09:46.000Z</time></trkpt>
      <trkpt lat="52.735997" lon="-1.343621"><ele>169.3</ele><time>2025-01-15T13:09:47.000Z</time></trkpt>
      <trkpt lat="52.736007" lon="-1.343636"><ele>169.4</ele><time>2025-01-15T13:09:48.000Z</time></trkpt>
      <trkpt lat="52.736018" lon="-1.343652"><ele>169.4</ele><time>2025-01-15T13:09:49.000Z</time></trkpt>
      <trkpt lat="52.736029" lon="-1.343667"><ele>169.4</ele><time>2025-01-15T13:09:50.000Z</time></trkpt>
      <trkpt lat="52.736040" lon="-1.343682"><ele>169.4</ele><time>2025-01-15T13:09:51.000Z</time></trkpt>
      <trkpt lat="52.736051" lon="-1.343697"><ele>169.4</ele><time>2025-01-15T13:09:52.000Z</time></trkpt>
      <trkpt lat="52.736062" lon="-1.343713"><ele>169.3</ele><time>2025-01-15T13:09:53.000Z</time></trkpt>
      <trkpt lat="52.736071" lon="-1.343728"><ele>169.3</ele><time>2025-01-15T13:09:54.000Z</time></trkpt>
      <trkpt lat="52.736079" lon="-1.343743"><ele>169.2</ele><time>2025-01-15T13:09:55.000Z</time></trkpt>
      <trkpt lat="52.736086" lon="-1.343758"><ele>169.2</ele><time>2025-01-15T13:09:56.000Z</time></trkpt>
      <trkpt lat="52.736095" lon="-1.343774"><ele>169.1</ele><time>2025-01-15T13:09:57.000Z</time></trkpt>
      <trkpt lat="52.736105" lon="-1.343792"><ele>169.0</ele><time>2025-01-15T13:09:58.000Z</time></trkpt>
      <trkpt lat="52.736114" lon="-1.343810"><ele>169.0</ele><time>2025-01-15T13:09:59.000Z</time></trkpt>
      <trkpt lat="52.736124" lon="-1.343828"><ele>168.9</ele><time>2025-01-15T13:10:00.000Z</time></trkpt>
      <trkpt lat="52.736133" lon="-1.343844"><ele>168.8</ele><time>2025-01-15T13:10:01.000Z</time></trkpt>
      <trkpt lat="52.736143" lon="-1.343859"><ele>168.7</ele><time>2025-01-15T13:10:02.000Z</time></trkpt>
      <trkpt lat="52.736153" lon="-1.343873"><ele>168.7</ele><time>2025-01-15T13:10:03.000Z</time></trkpt>
      <trkpt lat="52.736162" lon="-1.343886"><ele>168.6</ele><time>2025-01-15T13:10:04.000Z</time></trkpt>
      <trkpt lat="52.736171" lon="-1.343899"><ele>168.5</ele><time>2025-01-15T13:10:05.000Z</time></trkpt>
      <trkpt lat="52.736180" lon="-1.343913"><ele>168.5</ele><time>2025-01-15T13:10:06.000Z</time></trkpt>
      <trkpt lat="52.736189" lon="-1.343928"><ele>168.4</ele><time>2025-01-15T13:10:07.000Z</time></trkpt>
      <trkpt lat="52.736198" lon="-1.343943"><ele>168.4</ele><time>2025-01-15T13:10:08.000Z</time></trkpt>
      <trkpt lat="52.736206" lon="-1.343958"><ele>168.3</ele><time>2025-01-15T13:10:09.000Z</time></trkpt>
      <trkpt lat="52.736214" lon="-1.343974"><ele>168.3</ele><time>2025-01-15T13:10:10.000Z</time></trkpt>
      <trkpt lat="52.736222" lon="-1.343990"><ele>168.2</ele><time>2025-01-15T13:10:12.000Z</time></trkpt>
      <trkpt lat="52.736230" lon="-1.344005"><ele>168.2</ele><time>2025-01-15T13:10:13.000Z</time></trkpt>
      <trkpt lat="52.736237" lon="-1.344020"><ele>168.1</ele><time>2025-01-15T13:10:14.000Z</time></trkpt>
      <trkpt lat="52.736243" lon="-1.344036"><ele>168.1</ele><time>2025-01-15T13:10:15.000Z</time></trkpt>
      <trkpt lat="52.736250" lon="-1.344053"><ele>168.0</ele><time>2025-01-15T13:10:16.000Z</time></trkpt>
      <trkpt lat="52.736257" lon="-1.344071"><ele>168.0</ele><time>2025-01-15T13:10:17.000Z</time></trkpt>
      <trkpt lat="52.736267" lon="-1.344090"><ele>167.9</ele><time>2025-01-15T13:10:18.000Z</time></trkpt>
      <trkpt lat="52.736278" lon="-1.344109"><ele>167.9</ele><time>2025-01-15T13:10:19.000Z</time></trkpt>
      <trkpt lat="52.736289" lon="-1.344127"><ele>167.9</ele><time>2025-01-15T13:10:20.000Z</time></trkpt>
      <trkpt lat="52.736301" lon="-1.344145"><ele>167.9</ele><time>2025-01-15T13:10:21.000Z</time></trkpt>
      <trkpt lat="52.736313" lon="-1.344163"><ele>167.8</ele><time>2025-01-15T13:10:22.000Z</time></trkpt>
      <trkpt lat="52.736324" lon="-1.344182"><ele>167.8</ele><time>2025-01-15T13:10:23.000Z</time></trkpt>
      <trkpt lat="52.736334" lon="-1.344200"><ele>167.8</ele><time>2025-01-15T13:10:24.000Z</time></trkpt>
      <trkpt lat="52.736344" lon="-1.344218"><ele>167.8</ele><time>2025-01-15T13:10:25.000Z</time></trkpt>
      <trkpt lat="52.736352" lon="-1.344236"><ele>167.9</ele><time>2025-01-15T13:10:26.000Z</time></trkpt>
      <trkpt lat="52.736361" lon="-1.344253"><ele>167.9</ele><time>2025-01-15T13:10:27.000Z</time></trkpt>
      <trkpt lat="52.736369" lon="-1.344271"><ele>167.9</ele><time>2025-01-15T13:10:28.000Z</time></trkpt>
      <trkpt lat="52.736378" lon="-1.344289"><ele>167.9</ele><time>2025-01-15T13:10:29.000Z</time></trkpt>
      <trkpt lat="52.736388" lon="-1.344307"><ele>167.9</ele><time>2025-01-15T13:10:30.000Z</time></trkpt>
      <trkpt lat="52.736400" lon="-1.344326"><ele>168.0</ele><time>2025-01-15T13:10:31.000Z</time></trkpt>
      <trkpt lat="52.736411" lon="-1.344344"><ele>168.0</ele><time>2025-01-15T13:10:32.000Z</time></trkpt>
      <trkpt lat="52.736422" lon="-1.344362"><ele>168.0</ele><time>2025-01-15T13:10:33.000Z</time></trkpt>
      <trkpt lat="52.736432" lon="-1.344379"><ele>168.0</ele><time>2025-01-15T13:10:34.000Z</time></trkpt>
      <trkpt lat="52.736443" lon="-1.344396"><ele>168.1</ele><time>2025-01-15T13:10:35.000Z</time></trkpt>
      <trkpt lat="52.736453" lon="-1.344411"><ele>168.1</ele><time>2025-01-15T13:10:36.000Z</time></trkpt>
      <trkpt lat="52.736464" lon="-1.344425"><ele>168.1</ele><time>2025-01-15T13:10:37.000Z</time></trkpt>
      <trkpt lat="52.736477" lon="-1.344439"><ele>168.1</ele><time>2025-01-15T13:10:38.000Z</time></trkpt>
      <trkpt lat="52.736489" lon="-1.344453"><ele>168.1</ele><time>2025-01-15T13:10:39.000Z</time></trkpt>
      <trkpt lat="52.736502" lon="-1.344467"><ele>168.1</ele><time>2025-01-15T13:10:40.000Z</time></trkpt>
      <trkpt lat="52.736514" lon="-1.344481"><ele>168.1</ele><time>2025-01-15T13:10:41.000Z</time></trkpt>
      <trkpt lat="52.736526" lon="-1.344496"><ele>168.1</ele><time>2025-01-15T13:10:42.000Z</time></trkpt>
      <trkpt lat="52.736538" lon="-1.344511"><ele>168.1</ele><time>2025-01-15T13:10:43.000Z</time></trkpt>
      <trkpt lat="52.736551" lon="-1.344526"><ele>168.1</ele><time>2025-01-15T13:10:44.000Z</time></trkpt>
      <trkpt lat="52.736563" lon="-1.344540"><ele>168.1</ele><time>2025-01-15T13:10:45.000Z</time></trkpt>
      <trkpt lat="52.736575" lon="-1.344555"><ele>168.0</ele><time>2025-01-15T13:10:46.000Z</time></trkpt>
      <trkpt lat="52.736586" lon="-1.344569"><ele>168.0</ele><time>2025-01-15T13:10:47.000Z</time></trkpt>
      <trkpt lat="52.736597" lon="-1.344583"><ele>168.0</ele><time>2025-01-15T13:10:48.000Z</time></trkpt>
      <trkpt lat="52.736609" lon="-1.344597"><ele>168.0</ele><time>2025-01-15T13:10:49.000Z</time></trkpt>
      <trkpt lat="52.736620" lon="-1.344611"><ele>168.0</ele><time>2025-01-15T13:10:50.000Z</time></trkpt>
      <trkpt lat="52.736631" lon="-1.344625"><ele>167.9</ele><time>2025-01-15T13:10:51.000Z</time></trkpt>
      <trkpt lat="52.736642" lon="-1.344639"><ele>167.9</ele><time>2025-01-15T13:10:52.000Z</time></trkpt>
      <trkpt lat="52.736653" lon="-1.344652"><ele>167.9</ele><time>2025-01-15T13:10:53.000Z</time></trkpt>
      <trkpt lat="52.736664" lon="-1.344666"><ele>167.8</ele><time>2025-01-15T13:10:54.000Z</time></trkpt>
      <trkpt lat="52.736674" lon="-1.344679"><ele>167.8</ele><time>2025-01-15T13:10:55.000Z</time></trkpt>
      <trkpt lat="52.736683" lon="-1.344691"><ele>167.8</ele><time>2025-01-15T13:10:56.000Z</time></trkpt>
      <trkpt lat="52.736691" lon="-1.344703"><ele>167.8</ele><time>2025-01-15T13:10:57.000Z</time></trkpt>
      <trkpt lat="52.736700" lon="-1.344717"><ele>167.7</ele><time>2025-01-15T13:10:58.000Z</time></trkpt>
      <trkpt lat="52.736710" lon="-1.344732"><ele>167.7</ele><time>2025-01-15T13:10:59.000Z</time></trkpt>
      <trkpt lat="52.736720" lon="-1.344747"><ele>167.6</ele><time>2025-01-15T13:11:00.000Z</time></trkpt>
      <trkpt lat="52.736730" lon="-1.344762"><ele>167.6</ele><time>2025-01-15T13:11:01.000Z</time></trkpt>
      <trkpt lat="52.736740" lon="-1.344777"><ele>167.5</ele><time>2025-01-15T13:11:02.000Z</time></trkpt>
      <trkpt lat="52.736750" lon="-1.344791"><ele>167.5</ele><time>2025-01-15T13:11:03.000Z</time></trkpt>
      <trkpt lat="52.736760" lon="-1.344804"><ele>167.4</ele><time>2025-01-15T13:11:04.000Z</time></trkpt>
      <trkpt lat="52.736770" lon="-1.344817"><ele>167.3</ele><time>2025-01-15T13:11:05.000Z</time></trkpt>
      <trkpt lat="52.736780" lon="-1.344831"><ele>167.3</ele><time>2025-01-15T13:11:06.000Z</time></trkpt>
      <trkpt lat="52.736790" lon="-1.344845"><ele>167.2</ele><time>2025-01-15T13:11:07.000Z</time></trkpt>
      <trkpt lat="52.736799" lon="-1.344859"><ele>167.1</ele><time>2025-01-15T13:11:08.000Z</time></trkpt>
      <trkpt lat="52.736808" lon="-1.344873"><ele>167.0</ele><time>2025-01-15T13:11:09.000Z</time></trkpt>
      <trkpt lat="52.736816" lon="-1.344885"><ele>166.9</ele><time>2025-01-15T13:11:10.000Z</time></trkpt>
      <trkpt lat="52.736825" lon="-1.344898"><ele>166.8</ele><time>2025-01-15T13:11:11.000Z</time></trkpt>
      <trkpt lat="52.736835" lon="-1.344911"><ele>166.7</ele><time>2025-01-15T13:11:12.000Z</time></trkpt>
      <trkpt lat="52.736846" lon="-1.344924"><ele>166.6</ele><time>2025-01-15T13:11:13.000Z</time></trkpt>
      <trkpt lat="52.736857" lon="-1.344939"><ele>166.5</ele><time>2025-01-15T13:11:14.000Z</time></trkpt>
      <trkpt lat="52.736868" lon="-1.344953"><ele>166.5</ele><time>2025-01-15T13:11:15.000Z</time></trkpt>
      <trkpt lat="52.736879" lon="-1.344967"><ele>166.4</ele><time>2025-01-15T13:11:16.000Z</time></trkpt>
      <trkpt lat="52.736890" lon="-1.344982"><ele>166.3</ele><time>2025-01-15T13:11:17.000Z</time></trkpt>
      <trkpt lat="52.736901" lon="-1.344997"><ele>166.2</ele><time>2025-01-15T13:11:18.000Z</time></trkpt>
      <trkpt lat="52.736911" lon="-1.345010"><ele>166.1</ele><time>2025-01-15T13:11:19.000Z</time></trkpt>
      <trkpt lat="52.736920" lon="-1.345021"><ele>166.0</ele><time>2025-01-15T13:11:20.000Z</time></trkpt>
      <trkpt lat="52.736929" lon="-1.345030"><ele>166.0</ele><time>2025-01-15T13:11:21.000Z</time></trkpt>
      <trkpt lat="52.736938" lon="-1.345037"><ele>165.9</ele><time>2025-01-15T13:11:22.000Z</time></trkpt>
      <trkpt lat="52.736947" lon="-1.345045"><ele>165.9</ele><time>2025-01-15T13:11:23.000Z</time></trkpt>
      <trkpt lat="52.736955" lon="-1.345052"><ele>165.9</ele><time>2025-01-15T13:11:24.000Z</time></trkpt>
      <trkpt lat="52.736962" lon="-1.345056"><ele>165.8</ele><time>2025-01-15T13:11:25.000Z</time></trkpt>
      <trkpt lat="52.736966" lon="-1.345057"><ele>165.8</ele><time>2025-01-15T13:11:26.000Z</time></trkpt>
      <trkpt lat="52.736970" lon="-1.345059"><ele>165.7</ele><time>2025-01-15T13:11:27.000Z</time></trkpt>
      <trkpt lat="52.736975" lon="-1.345065"><ele>165.7</ele><time>2025-01-15T13:11:28.000Z</time></trkpt>
      <trkpt lat="52.736983" lon="-1.345075"><ele>165.7</ele><time>2025-01-15T13:11:29.000Z</time></trkpt>
      <trkpt lat="52.736994" lon="-1.345087"><ele>165.7</ele><time>2025-01-15T13:11:30.000Z</time></trkpt>
      <trkpt lat="52.737007" lon="-1.345098"><ele>165.7</ele><time>2025-01-15T13:11:31.000Z</time></trkpt>
      <trkpt lat="52.737020" lon="-1.345110"><ele>165.7</ele><time>2025-01-15T13:11:32.000Z</time></trkpt>
      <trkpt lat="52.737032" lon="-1.345124"><ele>165.7</ele><time>2025-01-15T13:11:33.000Z</time></trkpt>
      <trkpt lat="52.737043" lon="-1.345137"><ele>165.6</ele><time>2025-01-15T13:11:34.000Z</time></trkpt>
      <trkpt lat="52.737054" lon="-1.345150"><ele>165.6</ele><time>2025-01-15T13:11:35.000Z</time></trkpt>
      <trkpt lat="52.737065" lon="-1.345163"><ele>165.7</ele><time>2025-01-15T13:11:36.000Z</time></trkpt>
      <trkpt lat="52.737076" lon="-1.345175"><ele>165.7</ele><time>2025-01-15T13:11:37.000Z</time></trkpt>
      <trkpt lat="52.737086" lon="-1.345185"><ele>165.7</ele><time>2025-01-15T13:11:38.000Z</time></trkpt>
      <trkpt lat="52.737095" lon="-1.345195"><ele>165.7</ele><time>2025-01-15T13:11:39.000Z</time></trkpt>
      <trkpt lat="52.737105" lon="-1.345207"><ele>165.8</ele><time>2025-01-15T13:11:40.000Z</time></trkpt>
      <trkpt lat="52.737116" lon="-1.345221"><ele>165.8</ele><time>2025-01-15T13:11:41.000Z</time></trkpt>
      <trkpt lat="52.737126" lon="-1.345236"><ele>165.8</ele><time>2025-01-15T13:11:42.000Z</time></trkpt>
      <trkpt lat="52.737137" lon="-1.345251"><ele>165.8</ele><time>2025-01-15T13:11:43.000Z</time></trkpt>
      <trkpt lat="52.737147" lon="-1.345265"><ele>165.8</ele><time>2025-01-15T13:11:44.000Z</time></trkpt>
      <trkpt lat="52.737156" lon="-1.345277"><ele>165.7</ele><time>2025-01-15T13:11:45.000Z</time></trkpt>
      <trkpt lat="52.737166" lon="-1.345290"><ele>165.7</ele><time>2025-01-15T13:11:46.000Z</time></trkpt>
      <trkpt lat="52.737176" lon="-1.345304"><ele>165.7</ele><time>2025-01-15T13:11:47.000Z</time></trkpt>
      <trkpt lat="52.737186" lon="-1.345318"><ele>165.6</ele><time>2025-01-15T13:11:48.000Z</time></trkpt>
      <trkpt lat="52.737195" lon="-1.345332"><ele>165.6</ele><time>2025-01-15T13:11:49.000Z</time></trkpt>
      <trkpt lat="52.737204" lon="-1.345348"><ele>165.5</ele><time>2025-01-15T13:11:50.000Z</time></trkpt>
      <trkpt lat="52.737210" lon="-1.345363"><ele>165.4</ele><time>2025-01-15T13:11:51.000Z</time></trkpt>
      <trkpt lat="52.737213" lon="-1.345379"><ele>165.3</ele><time>2025-01-15T13:11:52.000Z</time></trkpt>
      <trkpt lat="52.737211" lon="-1.345396"><ele>165.3</ele><time>2025-01-15T13:11:53.000Z</time></trkpt>
      <trkpt lat="52.737206" lon="-1.345416"><ele>165.2</ele><time>2025-01-15T13:11:54.000Z</time></trkpt>
      <trkpt lat="52.737201" lon="-1.345440"><ele>165.1</ele><time>2025-01-15T13:11:55.000Z</time></trkpt>
      <trkpt lat="52.737199" lon="-1.345463"><ele>165.0</ele><time>2025-01-15T13:11:56.000Z</time></trkpt>
      <trkpt lat="52.737199" lon="-1.345487"><ele>164.9</ele><time>2025-01-15T13:11:57.000Z</time></trkpt>
      <trkpt lat="52.737199" lon="-1.345510"><ele>164.8</ele><time>2025-01-15T13:11:58.000Z</time></trkpt>
      <trkpt lat="52.737198" lon="-1.345533"><ele>164.7</ele><time>2025-01-15T13:11:59.000Z</time></trkpt>
      <trkpt lat="52.737196" lon="-1.345554"><ele>164.6</ele><time>2025-01-15T13:12:00.000Z</time></trkpt>
      <trkpt lat="52.737192" lon="-1.345575"><ele>164.5</ele><time>2025-01-15T13:12:01.000Z</time></trkpt>
      <trkpt lat="52.737186" lon="-1.345595"><ele>164.3</ele><time>2025-01-15T13:12:02.000Z</time></trkpt>
      <trkpt lat="52.737178" lon="-1.345614"><ele>164.2</ele><time>2025-01-15T13:12:03.000Z</time></trkpt>
      <trkpt lat="52.737169" lon="-1.345631"><ele>164.1</ele><time>2025-01-15T13:12:04.000Z</time></trkpt>
      <trkpt lat="52.737159" lon="-1.345647"><ele>164.0</ele><time>2025-01-15T13:12:05.000Z</time></trkpt>
      <trkpt lat="52.737150" lon="-1.345663"><ele>163.9</ele><time>2025-01-15T13:12:06.000Z</time></trkpt>
      <trkpt lat="52.737142" lon="-1.345679"><ele>163.8</ele><time>2025-01-15T13:12:07.000Z</time></trkpt>
      <trkpt lat="52.737135" lon="-1.345695"><ele>163.6</ele><time>2025-01-15T13:12:08.000Z</time></trkpt>
      <trkpt lat="52.737127" lon="-1.345712"><ele>163.5</ele><time>2025-01-15T13:12:09.000Z</time></trkpt>
      <trkpt lat="52.737120" lon="-1.345730"><ele>163.4</ele><time>2025-01-15T13:12:10.000Z</time></trkpt>
      <trkpt lat="52.737114" lon="-1.345750"><ele>163.2</ele><time>2025-01-15T13:12:11.000Z</time></trkpt>
      <trkpt lat="52.737108" lon="-1.345772"><ele>163.0</ele><time>2025-01-15T13:12:12.000Z</time></trkpt>
      <trkpt lat="52.737105" lon="-1.345796"><ele>162.9</ele><time>2025-01-15T13:12:13.000Z</time></trkpt>
      <trkpt lat="52.737104" lon="-1.345821"><ele>162.7</ele><time>2025-01-15T13:12:14.000Z</time></trkpt>
      <trkpt lat="52.737106" lon="-1.345846"><ele>162.6</ele><time>2025-01-15T13:12:15.000Z</time></trkpt>
      <trkpt lat="52.737109" lon="-1.345871"><ele>162.4</ele><time>2025-01-15T13:12:16.000Z</time></trkpt>
      <trkpt lat="52.737114" lon="-1.345896"><ele>162.3</ele><time>2025-01-15T13:12:17.000Z</time></trkpt>
      <trkpt lat="52.737120" lon="-1.345919"><ele>162.1</ele><time>2025-01-15T13:12:18.000Z</time></trkpt>
      <trkpt lat="52.737127" lon="-1.345942"><ele>162.0</ele><time>2025-01-15T13:12:19.000Z</time></trkpt>
      <trkpt lat="52.737136" lon="-1.345961"><ele>161.9</ele><time>2025-01-15T13:12:20.000Z</time></trkpt>
      <trkpt lat="52.737146" lon="-1.345979"><ele>161.8</ele><time>2025-01-15T13:12:21.000Z</time></trkpt>
      <trkpt lat="52.737157" lon="-1.345996"><ele>161.6</ele><time>2025-01-15T13:12:22.000Z</time></trkpt>
      <trkpt lat="52.737166" lon="-1.346013"><ele>161.6</ele><time>2025-01-15T13:12:23.000Z</time></trkpt>
      <trkpt lat="52.737176" lon="-1.346029"><ele>161.5</ele><time>2025-01-15T13:12:24.000Z</time></trkpt>
      <trkpt lat="52.737187" lon="-1.346046"><ele>161.4</ele><time>2025-01-15T13:12:25.000Z</time></trkpt>
      <trkpt lat="52.737198" lon="-1.346062"><ele>161.3</ele><time>2025-01-15T13:12:26.000Z</time></trkpt>
      <trkpt lat="52.737210" lon="-1.346079"><ele>161.2</ele><time>2025-01-15T13:12:27.000Z</time></trkpt>
      <trkpt lat="52.737221" lon="-1.346095"><ele>161.1</ele><time>2025-01-15T13:12:28.000Z</time></trkpt>
      <trkpt lat="52.737231" lon="-1.346113"><ele>161.1</ele><time>2025-01-15T13:12:29.000Z</time></trkpt>
      <trkpt lat="52.737241" lon="-1.346130"><ele>161.0</ele><time>2025-01-15T13:12:30.000Z</time></trkpt>
      <trkpt lat="52.737251" lon="-1.346148"><ele>160.9</ele><time>2025-01-15T13:12:31.000Z</time></trkpt>
      <trkpt lat="52.737260" lon="-1.346164"><ele>160.9</ele><time>2025-01-15T13:12:32.000Z</time></trkpt>
      <trkpt lat="52.737270" lon="-1.346181"><ele>160.8</ele><time>2025-01-15T13:12:33.000Z</time></trkpt>
      <trkpt lat="52.737279" lon="-1.346197"><ele>160.7</ele><time>2025-01-15T13:12:34.000Z</time></trkpt>
      <trkpt lat="52.737289" lon="-1.346214"><ele>160.7</ele><time>2025-01-15T13:12:35.000Z</time></trkpt>
      <trkpt lat="52.737299" lon="-1.346230"><ele>160.6</ele><time>2025-01-15T13:12:36.000Z</time></trkpt>
      <trkpt lat="52.737310" lon="-1.346246"><ele>160.6</ele><time>2025-01-15T13:12:37.000Z</time></trkpt>
      <trkpt lat="52.737322" lon="-1.346262"><ele>160.5</ele><time>2025-01-15T13:12:38.000Z</time></trkpt>
      <trkpt lat="52.737332" lon="-1.346279"><ele>160.5</ele><time>2025-01-15T13:12:39.000Z</time></trkpt>
      <trkpt lat="52.737342" lon="-1.346295"><ele>160.4</ele><time>2025-01-15T13:12:40.000Z</time></trkpt>
      <trkpt lat="52.737352" lon="-1.346311"><ele>160.4</ele><time>2025-01-15T13:12:41.000Z</time></trkpt>
      <trkpt lat="52.737362" lon="-1.346328"><ele>160.3</ele><time>2025-01-15T13:12:42.000Z</time></trkpt>
      <trkpt lat="52.737371" lon="-1.346345"><ele>160.3</ele><time>2025-01-15T13:12:43.000Z</time></trkpt>
      <trkpt lat="52.737380" lon="-1.346360"><ele>160.2</ele><time>2025-01-15T13:12:44.000Z</time></trkpt>
      <trkpt lat="52.737390" lon="-1.346375"><ele>160.2</ele><time>2025-01-15T13:12:45.000Z</time></trkpt>
      <trkpt lat="52.737399" lon="-1.346391"><ele>160.2</ele><time>2025-01-15T13:12:46.000Z</time></trkpt>
      <trkpt lat="52.737408" lon="-1.346407"><ele>160.2</ele><time>2025-01-15T13:12:47.000Z</time></trkpt>
      <trkpt lat="52.737417" lon="-1.346424"><ele>160.1</ele><time>2025-01-15T13:12:48.000Z</time></trkpt>
      <trkpt lat="52.737427" lon="-1.346441"><ele>160.1</ele><time>2025-01-15T13:12:49.000Z</time></trkpt>
      <trkpt lat="52.737436" lon="-1.346458"><ele>160.1</ele><time>2025-01-15T13:12:50.000Z</time></trkpt>
      <trkpt lat="52.737446" lon="-1.346475"><ele>160.1</ele><time>2025-01-15T13:12:51.000Z</time></trkpt>
      <trkpt lat="52.737455" lon="-1.346492"><ele>160.1</ele><time>2025-01-15T13:12:52.000Z</time></trkpt>
      <trkpt lat="52.737465" lon="-1.346509"><ele>160.0</ele><time>2025-01-15T13:12:53.000Z</time></trkpt>
      <trkpt lat="52.737474" lon="-1.346525"><ele>160.0</ele><time>2025-01-15T13:12:54.000Z</time></trkpt>
      <trkpt lat="52.737484" lon="-1.346541"><ele>160.0</ele><time>2025-01-15T13:12:55.000Z</time></trkpt>
      <trkpt lat="52.737494" lon="-1.346556"><ele>160.0</ele><time>2025-01-15T13:12:56.000Z</time></trkpt>
      <trkpt lat="52.737504" lon="-1.346571"><ele>159.9</ele><time>2025-01-15T13:12:57.000Z</time></trkpt>
      <trkpt lat="52.737516" lon="-1.346585"><ele>159.9</ele><time>2025-01-15T13:12:58.000Z</time></trkpt>
      <trkpt lat="52.737528" lon="-1.346599"><ele>159.9</ele><time>2025-01-15T13:12:59.000Z</time></trkpt>
      <trkpt lat="52.737539" lon="-1.346613"><ele>159.9</ele><time>2025-01-15T13:13:00.000Z</time></trkpt>
      <trkpt lat="52.737549" lon="-1.346630"><ele>159.8</ele><time>2025-01-15T13:13:01.000Z</time></trkpt>
      <trkpt lat="52.737558" lon="-1.346647"><ele>159.8</ele><time>2025-01-15T13:13:02.000Z</time></trkpt>
      <trkpt lat="52.737567" lon="-1.346663"><ele>159.8</ele><time>2025-01-15T13:13:03.000Z</time></trkpt>
      <trkpt lat="52.737576" lon="-1.346679"><ele>159.7</ele><time>2025-01-15T13:13:04.000Z</time></trkpt>
      <trkpt lat="52.737585" lon="-1.346694"><ele>159.7</ele><time>2025-01-15T13:13:05.000Z</time></trkpt>
      <trkpt lat="52.737594" lon="-1.346710"><ele>159.7</ele><time>2025-01-15T13:13:06.000Z</time></trkpt>
      <trkpt lat="52.737603" lon="-1.346727"><ele>159.6</ele><time>2025-01-15T13:13:07.000Z</time></trkpt>
      <trkpt lat="52.737611" lon="-1.346747"><ele>159.6</ele><time>2025-01-15T13:13:08.000Z</time></trkpt>
      <trkpt lat="52.737620" lon="-1.346766"><ele>159.6</ele><time>2025-01-15T13:13:09.000Z</time></trkpt>
      <trkpt lat="52.737629" lon="-1.346783"><ele>159.6</ele><time>2025-01-15T13:13:10.000Z</time></trkpt>
      <trkpt lat="52.737640" lon="-1.346799"><ele>159.5</ele><time>2025-01-15T13:13:11.000Z</time></trkpt>
      <trkpt lat="52.737650" lon="-1.346816"><ele>159.5</ele><time>2025-01-15T13:13:12.000Z</time></trkpt>
      <trkpt lat="52.737660" lon="-1.346833"><ele>159.4</ele><time>2025-01-15T13:13:13.000Z</time></trkpt>
      <trkpt lat="52.737669" lon="-1.346851"><ele>159.4</ele><time>2025-01-15T13:13:14.000Z</time></trkpt>
      <trkpt lat="52.737677" lon="-1.346869"><ele>159.4</ele><time>2025-01-15T13:13:15.000Z</time></trkpt>
      <trkpt lat="52.737685" lon="-1.346887"><ele>159.3</ele><time>2025-01-15T13:13:16.000Z</time></trkpt>
      <trkpt lat="52.737692" lon="-1.346905"><ele>159.2</ele><time>2025-01-15T13:13:17.000Z</time></trkpt>
      <trkpt lat="52.737701" lon="-1.346923"><ele>159.2</ele><time>2025-01-15T13:13:18.000Z</time></trkpt>
      <trkpt lat="52.737710" lon="-1.346939"><ele>159.1</ele><time>2025-01-15T13:13:19.000Z</time></trkpt>
      <trkpt lat="52.737719" lon="-1.346955"><ele>159.0</ele><time>2025-01-15T13:13:20.000Z</time></trkpt>
      <trkpt lat="52.737729" lon="-1.346971"><ele>159.0</ele><time>2025-01-15T13:13:21.000Z</time></trkpt>
      <trkpt lat="52.737739" lon="-1.346987"><ele>158.9</ele><time>2025-01-15T13:13:22.000Z</time></trkpt>
      <trkpt lat="52.737749" lon="-1.347003"><ele>158.8</ele><time>2025-01-15T13:13:23.000Z</time></trkpt>
      <trkpt lat="52.737759" lon="-1.347021"><ele>158.7</ele><time>2025-01-15T13:13:24.000Z</time></trkpt>
      <trkpt lat="52.737768" lon="-1.347038"><ele>158.7</ele><time>2025-01-15T13:13:25.000Z</time></trkpt>
      <trkpt lat="52.737778" lon="-1.347055"><ele>158.6</ele><time>2025-01-15T13:13:26.000Z</time></trkpt>
      <trkpt lat="52.737787" lon="-1.347072"><ele>158.5</ele><time>2025-01-15T13:13:27.000Z</time></trkpt>
      <trkpt lat="52.737796" lon="-1.347089"><ele>158.5</ele><time>2025-01-15T13:13:28.000Z</time></trkpt>
      <trkpt lat="52.737803" lon="-1.347107"><ele>158.4</ele><time>2025-01-15T13:13:29.000Z</time></trkpt>
      <trkpt lat="52.737811" lon="-1.347125"><ele>158.4</ele><time>2025-01-15T13:13:30.000Z</time></trkpt>
      <trkpt lat="52.737819" lon="-1.347142"><ele>158.3</ele><time>2025-01-15T13:13:31.000Z</time></trkpt>
      <trkpt lat="52.737828" lon="-1.347160"><ele>158.3</ele><time>2025-01-15T13:13:32.000Z</time></trkpt>
      <trkpt lat="52.737838" lon="-1.347177"><ele>158.2</ele><time>2025-01-15T13:13:33.000Z</time></trkpt>
      <trkpt lat="52.737848" lon="-1.347193"><ele>158.1</ele><time>2025-01-15T13:13:34.000Z</time></trkpt>
      <trkpt lat="52.737858" lon="-1.347209"><ele>158.1</ele><time>2025-01-15T13:13:35.000Z</time></trkpt>
      <trkpt lat="52.737868" lon="-1.347225"><ele>158.0</ele><time>2025-01-15T13:13:36.000Z</time></trkpt>
      <trkpt lat="52.737878" lon="-1.347242"><ele>158.0</ele><time>2025-01-15T13:13:37.000Z</time></trkpt>
      <trkpt lat="52.737887" lon="-1.347260"><ele>158.0</ele><time>2025-01-15T13:13:38.000Z</time></trkpt>
      <trkpt lat="52.737896" lon="-1.347278"><ele>157.9</ele><time>2025-01-15T13:13:39.000Z</time></trkpt>
      <trkpt lat="52.737905" lon="-1.347295"><ele>157.9</ele><time>2025-01-15T13:13:40.000Z</time></trkpt>
      <trkpt lat="52.737915" lon="-1.347312"><ele>157.9</ele><time>2025-01-15T13:13:41.000Z</time></trkpt>
      <trkpt lat="52.737924" lon="-1.347329"><ele>157.9</ele><time>2025-01-15T13:13:42.000Z</time></trkpt>
      <trkpt lat="52.737934" lon="-1.347346"><ele>157.9</ele><time>2025-01-15T13:13:43.000Z</time></trkpt>
      <trkpt lat="52.737944" lon="-1.347363"><ele>157.9</ele><time>2025-01-15T13:13:44.000Z</time></trkpt>
      <trkpt lat="52.737953" lon="-1.347381"><ele>157.9</ele><time>2025-01-15T13:13:45.000Z</time></trkpt>
      <trkpt lat="52.737962" lon="-1.347399"><ele>157.9</ele><time>2025-01-15T13:13:46.000Z</time></trkpt>
      <trkpt lat="52.737972" lon="-1.347416"><ele>158.0</ele><time>2025-01-15T13:13:47.000Z</time></trkpt>
      <trkpt lat="52.737981" lon="-1.347433"><ele>158.0</ele><time>2025-01-15T13:13:48.000Z</time></trkpt>
      <trkpt lat="52.737990" lon="-1.347450"><ele>158.0</ele><time>2025-01-15T13:13:49.000Z</time></trkpt>
      <trkpt lat="52.737999" lon="-1.347465"><ele>158.0</ele><time>2025-01-15T13:13:50.000Z</time></trkpt>
      <trkpt lat="52.738007" lon="-1.347479"><ele>158.0</ele><time>2025-01-15T13:13:51.000Z</time></trkpt>
      <trkpt lat="52.738015" lon="-1.347493"><ele>158.0</ele><time>2025-01-15T13:13:52.000Z</time></trkpt>
      <trkpt lat="52.738022" lon="-1.347509"><ele>158.0</ele><time>2025-01-15T13:13:53.000Z</time></trkpt>
      <trkpt lat="52.738029" lon="-1.347528"><ele>158.0</ele><time>2025-01-15T13:13:54.000Z</time></trkpt>
      <trkpt lat="52.738036" lon="-1.347548"><ele>158.0</ele><time>2025-01-15T13:13:55.000Z</time></trkpt>
      <trkpt lat="52.738044" lon="-1.347569"><ele>158.0</ele><time>2025-01-15T13:13:56.000Z</time></trkpt>
      <trkpt lat="52.738052" lon="-1.347588"><ele>157.9</ele><time>2025-01-15T13:13:57.000Z</time></trkpt>
      <trkpt lat="52.738061" lon="-1.347608"><ele>157.9</ele><time>2025-01-15T13:13:58.000Z</time></trkpt>
      <trkpt lat="52.738070" lon="-1.347627"><ele>157.8</ele><time>2025-01-15T13:13:59.000Z</time></trkpt>
      <trkpt lat="52.738079" lon="-1.347645"><ele>157.7</ele><time>2025-01-15T13:14:00.000Z</time></trkpt>
      <trkpt lat="52.738088" lon="-1.347662"><ele>157.7</ele><time>2025-01-15T13:14:01.000Z</time></trkpt>
      <trkpt lat="52.738098" lon="-1.347680"><ele>157.6</ele><time>2025-01-15T13:14:02.000Z</time></trkpt>
      <trkpt lat="52.738108" lon="-1.347697"><ele>157.5</ele><time>2025-01-15T13:14:03.000Z</time></trkpt>
      <trkpt lat="52.738117" lon="-1.347715"><ele>157.4</ele><time>2025-01-15T13:14:04.000Z</time></trkpt>
      <trkpt lat="52.738127" lon="-1.347734"><ele>157.3</ele><time>2025-01-15T13:14:05.000Z</time></trkpt>
      <trkpt lat="52.738136" lon="-1.347753"><ele>157.2</ele><time>2025-01-15T13:14:06.000Z</time></trkpt>
      <trkpt lat="52.738145" lon="-1.347773"><ele>157.1</ele><time>2025-01-15T13:14:07.000Z</time></trkpt>
      <trkpt lat="52.738154" lon="-1.347793"><ele>157.0</ele><time>2025-01-15T13:14:08.000Z</time></trkpt>
      <trkpt lat="52.738163" lon="-1.347813"><ele>156.9</ele><time>2025-01-15T13:14:09.000Z</time></trkpt>
      <trkpt lat="52.738172" lon="-1.347832"><ele>156.8</ele><time>2025-01-15T13:14:10.000Z</time></trkpt>
      <trkpt lat="52.738182" lon="-1.347851"><ele>156.8</ele><time>2025-01-15T13:14:11.000Z</time></trkpt>
      <trkpt lat="52.738192" lon="-1.347869"><ele>156.7</ele><time>2025-01-15T13:14:12.000Z</time></trkpt>
      <trkpt lat="52.738203" lon="-1.347886"><ele>156.6</ele><time>2025-01-15T13:14:13.000Z</time></trkpt>
      <trkpt lat="52.738214" lon="-1.347901"><ele>156.6</ele><time>2025-01-15T13:14:14.000Z</time></trkpt>
      <trkpt lat="52.738225" lon="-1.347916"><ele>156.5</ele><time>2025-01-15T13:14:15.000Z</time></trkpt>
      <trkpt lat="52.738236" lon="-1.347931"><ele>156.4</ele><time>2025-01-15T13:14:16.000Z</time></trkpt>
      <trkpt lat="52.738246" lon="-1.347947"><ele>156.4</ele><time>2025-01-15T13:14:17.000Z</time></trkpt>
      <trkpt lat="52.738255" lon="-1.347962"><ele>156.3</ele><time>2025-01-15T13:14:18.000Z</time></trkpt>
      <trkpt lat="52.738264" lon="-1.347980"><ele>156.2</ele><time>2025-01-15T13:14:19.000Z</time></trkpt>
      <trkpt lat="52.738272" lon="-1.347999"><ele>156.2</ele><time>2025-01-15T13:14:20.000Z</time></trkpt>
      <trkpt lat="52.738279" lon="-1.348020"><ele>156.1</ele><time>2025-01-15T13:14:21.000Z</time></trkpt>
      <trkpt lat="52.738287" lon="-1.348041"><ele>156.0</ele><time>2025-01-15T13:14:22.000Z</time></trkpt>
      <trkpt lat="52.738295" lon="-1.348061"><ele>155.9</ele><time>2025-01-15T13:14:23.000Z</time></trkpt>
      <trkpt lat="52.738303" lon="-1.348080"><ele>155.9</ele><time>2025-01-15T13:14:24.000Z</time></trkpt>
      <trkpt lat="52.738312" lon="-1.348099"><ele>155.8</ele><time>2025-01-15T13:14:25.000Z</time></trkpt>
      <trkpt lat="52.738320" lon="-1.348117"><ele>155.7</ele><time>2025-01-15T13:14:26.000Z</time></trkpt>
      <trkpt lat="52.738329" lon="-1.348134"><ele>155.7</ele><time>2025-01-15T13:14:27.000Z</time></trkpt>
      <trkpt lat="52.738338" lon="-1.348152"><ele>155.6</ele><time>2025-01-15T13:14:28.000Z</time></trkpt>
      <trkpt lat="52.738348" lon="-1.348169"><ele>155.6</ele><time>2025-01-15T13:14:29.000Z</time></trkpt>
      <trkpt lat="52.738359" lon="-1.348185"><ele>155.5</ele><time>2025-01-15T13:14:30.000Z</time></trkpt>
      <trkpt lat="52.738369" lon="-1.348203"><ele>155.5</ele><time>2025-01-15T13:14:31.000Z</time></trkpt>
      <trkpt lat="52.738379" lon="-1.348221"><ele>155.5</ele><time>2025-01-15T13:14:32.000Z</time></trkpt>
      <trkpt lat="52.738389" lon="-1.348240"><ele>155.4</ele><time>2025-01-15T13:14:33.000Z</time></trkpt>
      <trkpt lat="52.738398" lon="-1.348260"><ele>155.4</ele><time>2025-01-15T13:14:34.000Z</time></trkpt>
      <trkpt lat="52.738407" lon="-1.348280"><ele>155.3</ele><time>2025-01-15T13:14:35.000Z</time></trkpt>
      <trkpt lat="52.738415" lon="-1.348300"><ele>155.3</ele><time>2025-01-15T13:14:36.000Z</time></trkpt>
      <trkpt lat="52.738423" lon="-1.348320"><ele>155.3</ele><time>2025-01-15T13:14:37.000Z</time></trkpt>
      <trkpt lat="52.738431" lon="-1.348338"><ele>155.3</ele><time>2025-01-15T13:14:38.000Z</time></trkpt>
      <trkpt lat="52.738440" lon="-1.348357"><ele>155.2</ele><time>2025-01-15T13:14:39.000Z</time></trkpt>
      <trkpt lat="52.738449" lon="-1.348374"><ele>155.2</ele><time>2025-01-15T13:14:40.000Z</time></trkpt>
      <trkpt lat="52.738459" lon="-1.348392"><ele>155.1</ele><time>2025-01-15T13:14:41.000Z</time></trkpt>
      <trkpt lat="52.738468" lon="-1.348410"><ele>155.1</ele><time>2025-01-15T13:14:42.000Z</time></trkpt>
      <trkpt lat="52.738477" lon="-1.348428"><ele>155.0</ele><time>2025-01-15T13:14:43.000Z</time></trkpt>
      <trkpt lat="52.738487" lon="-1.348446"><ele>155.0</ele><time>2025-01-15T13:14:44.000Z</time></trkpt>
      <trkpt lat="52.738496" lon="-1.348464"><ele>154.9</ele><time>2025-01-15T13:14:45.000Z</time></trkpt>
      <trkpt lat="52.738505" lon="-1.348482"><ele>154.9</ele><time>2025-01-15T13:14:46.000Z</time></trkpt>
      <trkpt lat="52.738513" lon="-1.348501"><ele>154.8</ele><time>2025-01-15T13:14:47.000Z</time></trkpt>
      <trkpt lat="52.738521" lon="-1.348521"><ele>154.8</ele><time>2025-01-15T13:14:48.000Z</time></trkpt>
      <trkpt lat="52.738528" lon="-1.348539"><ele>154.7</ele><time>2025-01-15T13:14:49.000Z</time></trkpt>
      <trkpt lat="52.738536" lon="-1.348558"><ele>154.7</ele><time>2025-01-15T13:14:50.000Z</time></trkpt>
      <trkpt lat="52.738543" lon="-1.348578"><ele>154.6</ele><time>2025-01-15T13:14:51.000Z</time></trkpt>
      <trkpt lat="52.738550" lon="-1.348597"><ele>154.5</ele><time>2025-01-15T13:14:52.000Z</time></trkpt>
      <trkpt lat="52.738557" lon="-1.348617"><ele>154.5</ele><time>2025-01-15T13:14:53.000Z</time></trkpt>
      <trkpt lat="52.738565" lon="-1.348636"><ele>154.4</ele><time>2025-01-15T13:14:54.000Z</time></trkpt>
      <trkpt lat="52.738573" lon="-1.348655"><ele>154.3</ele><time>2025-01-15T13:14:55.000Z</time></trkpt>
      <trkpt lat="52.738579" lon="-1.348676"><ele>154.3</ele><time>2025-01-15T13:14:56.000Z</time></trkpt>
      <trkpt lat="52.738586" lon="-1.348697"><ele>154.2</ele><time>2025-01-15T13:14:57.000Z</time></trkpt>
      <trkpt lat="52.738591" lon="-1.348719"><ele>154.1</ele><time>2025-01-15T13:14:58.000Z</time></trkpt>
      <trkpt lat="52.738597" lon="-1.348740"><ele>154.1</ele><time>2025-01-15T13:14:59.000Z</time></trkpt>
      <trkpt lat="52.738602" lon="-1.348761"><ele>154.0</ele><time>2025-01-15T13:15:00.000Z</time></trkpt>
      <trkpt lat="52.738606" lon="-1.348782"><ele>154.0</ele><time>2025-01-15T13:15:01.000Z</time></trkpt>
      <trkpt lat="52.738610" lon="-1.348802"><ele>153.9</ele><time>2025-01-15T13:15:02.000Z</time></trkpt>
      <trkpt lat="52.738612" lon="-1.348823"><ele>153.9</ele><time>2025-01-15T13:15:03.000Z</time></trkpt>
      <trkpt lat="52.738614" lon="-1.348844"><ele>153.8</ele><time>2025-01-15T13:15:04.000Z</time></trkpt>
      <trkpt lat="52.738616" lon="-1.348866"><ele>153.8</ele><time>2025-01-15T13:15:05.000Z</time></trkpt>
      <trkpt lat="52.738618" lon="-1.348888"><ele>153.7</ele><time>2025-01-15T13:15:06.000Z</time></trkpt>
      <trkpt lat="52.738619" lon="-1.348911"><ele>153.7</ele><time>2025-01-15T13:15:07.000Z</time></trkpt>
      <trkpt lat="52.738620" lon="-1.348934"><ele>153.6</ele><time>2025-01-15T13:15:08.000Z</time></trkpt>
      <trkpt lat="52.738621" lon="-1.348958"><ele>153.6</ele><time>2025-01-15T13:15:09.000Z</time></trkpt>
      <trkpt lat="52.738621" lon="-1.348982"><ele>153.5</ele><time>2025-01-15T13:15:10.000Z</time></trkpt>
      <trkpt lat="52.738621" lon="-1.349005"><ele>153.5</ele><time>2025-01-15T13:15:11.000Z</time></trkpt>
      <trkpt lat="52.738620" lon="-1.349028"><ele>153.4</ele><time>2025-01-15T13:15:12.000Z</time></trkpt>
      <trkpt lat="52.738619" lon="-1.349051"><ele>153.4</ele><time>2025-01-15T13:15:13.000Z</time></trkpt>
      <trkpt lat="52.738618" lon="-1.349074"><ele>153.3</ele><time>2025-01-15T13:15:14.000Z</time></trkpt>
      <trkpt lat="52.738616" lon="-1.349096"><ele>153.2</ele><time>2025-01-15T13:15:15.000Z</time></trkpt>
      <trkpt lat="52.738615" lon="-1.349118"><ele>153.2</ele><time>2025-01-15T13:15:16.000Z</time></trkpt>
      <trkpt lat="52.738613" lon="-1.349141"><ele>153.1</ele><time>2025-01-15T13:15:17.000Z</time></trkpt>
      <trkpt lat="52.738612" lon="-1.349163"><ele>153.0</ele><time>2025-01-15T13:15:18.000Z</time></trkpt>
      <trkpt lat="52.738611" lon="-1.349186"><ele>152.9</ele><time>2025-01-15T13:15:19.000Z</time></trkpt>
      <trkpt lat="52.738609" lon="-1.349209"><ele>152.8</ele><time>2025-01-15T13:15:20.000Z</time></trkpt>
      <trkpt lat="52.738607" lon="-1.349232"><ele>152.7</ele><time>2025-01-15T13:15:21.000Z</time></trkpt>
      <trkpt lat="52.738605" lon="-1.349256"><ele>152.6</ele><time>2025-01-15T13:15:22.000Z</time></trkpt>
      <trkpt lat="52.738604" lon="-1.349280"><ele>152.5</ele><time>2025-01-15T13:15:23.000Z</time></trkpt>
      <trkpt lat="52.738603" lon="-1.349303"><ele>152.4</ele><time>2025-01-15T13:15:24.000Z</time></trkpt>
      <trkpt lat="52.738604" lon="-1.349327"><ele>152.3</ele><time>2025-01-15T13:15:25.000Z</time></trkpt>
      <trkpt lat="52.738604" lon="-1.349351"><ele>152.2</ele><time>2025-01-15T13:15:26.000Z</time></trkpt>
      <trkpt lat="52.738605" lon="-1.349373"><ele>152.1</ele><time>2025-01-15T13:15:27.000Z</time></trkpt>
      <trkpt lat="52.738605" lon="-1.349396"><ele>152.0</ele><time>2025-01-15T13:15:28.000Z</time></trkpt>
      <trkpt lat="52.738606" lon="-1.349419"><ele>151.9</ele><time>2025-01-15T13:15:29.000Z</time></trkpt>
      <trkpt lat="52.738606" lon="-1.349441"><ele>151.8</ele><time>2025-01-15T13:15:30.000Z</time></trkpt>
      <trkpt lat="52.738606" lon="-1.349464"><ele>151.6</ele><time>2025-01-15T13:15:31.000Z</time></trkpt>
      <trkpt lat="52.738605" lon="-1.349487"><ele>151.5</ele><time>2025-01-15T13:15:32.000Z</time></trkpt>
      <trkpt lat="52.738605" lon="-1.349510"><ele>151.4</ele><time>2025-01-15T13:15:33.000Z</time></trkpt>
      <trkpt lat="52.738604" lon="-1.349533"><ele>151.3</ele><time>2025-01-15T13:15:34.000Z</time></trkpt>
      <trkpt lat="52.738603" lon="-1.349556"><ele>151.2</ele><time>2025-01-15T13:15:35.000Z</time></trkpt>
      <trkpt lat="52.738602" lon="-1.349579"><ele>151.1</ele><time>2025-01-15T13:15:36.000Z</time></trkpt>
      <trkpt lat="52.738601" lon="-1.349603"><ele>151.0</ele><time>2025-01-15T13:15:37.000Z</time></trkpt>
      <trkpt lat="52.738600" lon="-1.349627"><ele>150.9</ele><time>2025-01-15T13:15:38.000Z</time></trkpt>
      <trkpt lat="52.738598" lon="-1.349651"><ele>150.8</ele><time>2025-01-15T13:15:39.000Z</time></trkpt>
      <trkpt lat="52.738595" lon="-1.349675"><ele>150.7</ele><time>2025-01-15T13:15:40.000Z</time></trkpt>
      <trkpt lat="52.738593" lon="-1.349699"><ele>150.6</ele><time>2025-01-15T13:15:41.000Z</time></trkpt>
      <trkpt lat="52.738590" lon="-1.349722"><ele>150.5</ele><time>2025-01-15T13:15:42.000Z</time></trkpt>
      <trkpt lat="52.738586" lon="-1.349745"><ele>150.4</ele><time>2025-01-15T13:15:43.000Z</time></trkpt>
      <trkpt lat="52.738582" lon="-1.349767"><ele>150.3</ele><time>2025-01-15T13:15:44.000Z</time></trkpt>
      <trkpt lat="52.738578" lon="-1.349789"><ele>150.2</ele><time>2025-01-15T13:15:45.000Z</time></trkpt>
      <trkpt lat="52.738575" lon="-1.349811"><ele>150.1</ele><time>2025-01-15T13:15:46.000Z</time></trkpt>
      <trkpt lat="52.738571" lon="-1.349833"><ele>150.0</ele><time>2025-01-15T13:15:47.000Z</time></trkpt>
      <trkpt lat="52.738567" lon="-1.349855"><ele>149.9</ele><time>2025-01-15T13:15:48.000Z</time></trkpt>
      <trkpt lat="52.738563" lon="-1.349877"><ele>149.8</ele><time>2025-01-15T13:15:49.000Z</time></trkpt>
      <trkpt lat="52.738559" lon="-1.349899"><ele>149.8</ele><time>2025-01-15T13:15:50.000Z</time></trkpt>
      <trkpt lat="52.738555" lon="-1.349921"><ele>149.7</ele><time>2025-01-15T13:15:51.000Z</time></trkpt>
      <trkpt lat="52.738550" lon="-1.349943"><ele>149.6</ele><time>2025-01-15T13:15:52.000Z</time></trkpt>
      <trkpt lat="52.738545" lon="-1.349965"><ele>149.5</ele><time>2025-01-15T13:15:53.000Z</time></trkpt>
      <trkpt lat="52.738540" lon="-1.349987"><ele>149.5</ele><time>2025-01-15T13:15:54.000Z</time></trkpt>
      <trkpt lat="52.738537" lon="-1.350010"><ele>149.5</ele><time>2025-01-15T13:15:55.000Z</time></trkpt>
      <trkpt lat="52.738536" lon="-1.350034"><ele>149.4</ele><time>2025-01-15T13:15:56.000Z</time></trkpt>
      <trkpt lat="52.738539" lon="-1.350058"><ele>149.4</ele><time>2025-01-15T13:15:57.000Z</time></trkpt>
      <trkpt lat="52.738543" lon="-1.350081"><ele>149.4</ele><time>2025-01-15T13:15:58.000Z</time></trkpt>
      <trkpt lat="52.738550" lon="-1.350103"><ele>149.4</ele><time>2025-01-15T13:15:59.000Z</time></trkpt>
      <trkpt lat="52.738558" lon="-1.350122"><ele>149.4</ele><time>2025-01-15T13:16:00.000Z</time></trkpt>
      <trkpt lat="52.738569" lon="-1.350139"><ele>149.5</ele><time>2025-01-15T13:16:01.000Z</time></trkpt>
      <trkpt lat="52.738581" lon="-1.350153"><ele>149.5</ele><time>2025-01-15T13:16:02.000Z</time></trkpt>
      <trkpt lat="52.738594" lon="-1.350167"><ele>149.5</ele><time>2025-01-15T13:16:03.000Z</time></trkpt>
      <trkpt lat="52.738607" lon="-1.350178"><ele>149.6</ele><time>2025-01-15T13:16:04.000Z</time></trkpt>
      <trkpt lat="52.738621" lon="-1.350188"><ele>149.6</ele><time>2025-01-15T13:16:05.000Z</time></trkpt>
      <trkpt lat="52.738636" lon="-1.350195"><ele>149.7</ele><time>2025-01-15T13:16:06.000Z</time></trkpt>
      <trkpt lat="52.738651" lon="-1.350201"><ele>149.7</ele><time>2025-01-15T13:16:07.000Z</time></trkpt>
      <trkpt lat="52.738666" lon="-1.350207"><ele>149.7</ele><time>2025-01-15T13:16:08.000Z</time></trkpt>
      <trkpt lat="52.738681" lon="-1.350211"><ele>149.7</ele><time>2025-01-15T13:16:09.000Z</time></trkpt>
      <trkpt lat="52.738695" lon="-1.350215"><ele>149.7</ele><time>2025-01-15T13:16:10.000Z</time></trkpt>
      <trkpt lat="52.738710" lon="-1.350218"><ele>149.7</ele><time>2025-01-15T13:16:11.000Z</time></trkpt>
      <trkpt lat="52.738724" lon="-1.350221"><ele>149.7</ele><time>2025-01-15T13:16:12.000Z</time></trkpt>
      <trkpt lat="52.738737" lon="-1.350225"><ele>149.7</ele><time>2025-01-15T13:16:13.000Z</time></trkpt>
      <trkpt lat="52.738749" lon="-1.350233"><ele>149.7</ele><time>2025-01-15T13:16:14.000Z</time></trkpt>
      <trkpt lat="52.738760" lon="-1.350245"><ele>149.7</ele><time>2025-01-15T13:16:15.000Z</time></trkpt>
      <trkpt lat="52.738769" lon="-1.350261"><ele>149.6</ele><time>2025-01-15T13:16:16.000Z</time></trkpt>
      <trkpt lat="52.738779" lon="-1.350278"><ele>149.6</ele><time>2025-01-15T13:16:17.000Z</time></trkpt>
      <trkpt lat="52.738790" lon="-1.350293"><ele>149.5</ele><time>2025-01-15T13:16:18.000Z</time></trkpt>
      <trkpt lat="52.738802" lon="-1.350306"><ele>149.5</ele><time>2025-01-15T13:16:19.000Z</time></trkpt>
      <trkpt lat="52.738815" lon="-1.350315"><ele>149.4</ele><time>2025-01-15T13:16:20.000Z</time></trkpt>
      <trkpt lat="52.738829" lon="-1.350323"><ele>149.4</ele><time>2025-01-15T13:16:21.000Z</time></trkpt>
      <trkpt lat="52.738842" lon="-1.350329"><ele>149.4</ele><time>2025-01-15T13:16:22.000Z</time></trkpt>
      <trkpt lat="52.738856" lon="-1.350333"><ele>149.3</ele><time>2025-01-15T13:16:23.000Z</time></trkpt>
      <trkpt lat="52.738870" lon="-1.350333"><ele>149.3</ele><time>2025-01-15T13:16:24.000Z</time></trkpt>
      <trkpt lat="52.738885" lon="-1.350330"><ele>149.3</ele><time>2025-01-15T13:16:25.000Z</time></trkpt>
      <trkpt lat="52.738899" lon="-1.350327"><ele>149.4</ele><time>2025-01-15T13:16:26.000Z</time></trkpt>
      <trkpt lat="52.738913" lon="-1.350323"><ele>149.4</ele><time>2025-01-15T13:16:27.000Z</time></trkpt>
      <trkpt lat="52.738927" lon="-1.350320"><ele>149.4</ele><time>2025-01-15T13:16:28.000Z</time></trkpt>
      <trkpt lat="52.738941" lon="-1.350315"><ele>149.5</ele><time>2025-01-15T13:16:29.000Z</time></trkpt>
      <trkpt lat="52.738955" lon="-1.350310"><ele>149.5</ele><time>2025-01-15T13:16:30.000Z</time></trkpt>
      <trkpt lat="52.738968" lon="-1.350304"><ele>149.6</ele><time>2025-01-15T13:16:31.000Z</time></trkpt>
      <trkpt lat="52.738982" lon="-1.350298"><ele>149.7</ele><time>2025-01-15T13:16:32.000Z</time></trkpt>
      <trkpt lat="52.738996" lon="-1.350295"><ele>149.8</ele><time>2025-01-15T13:16:33.000Z</time></trkpt>
      <trkpt lat="52.739010" lon="-1.350294"><ele>149.9</ele><time>2025-01-15T13:16:34.000Z</time></trkpt>
      <trkpt lat="52.739024" lon="-1.350291"><ele>150.0</ele><time>2025-01-15T13:16:35.000Z</time></trkpt>
      <trkpt lat="52.739038" lon="-1.350287"><ele>150.1</ele><time>2025-01-15T13:16:36.000Z</time></trkpt>
      <trkpt lat="52.739051" lon="-1.350282"><ele>150.2</ele><time>2025-01-15T13:16:37.000Z</time></trkpt>
      <trkpt lat="52.739065" lon="-1.350275"><ele>150.4</ele><time>2025-01-15T13:16:38.000Z</time></trkpt>
      <trkpt lat="52.739079" lon="-1.350269"><ele>150.5</ele><time>2025-01-15T13:16:39.000Z</time></trkpt>
      <trkpt lat="52.739092" lon="-1.350262"><ele>150.6</ele><time>2025-01-15T13:16:40.000Z</time></trkpt>
      <trkpt lat="52.739106" lon="-1.350257"><ele>150.7</ele><time>2025-01-15T13:16:41.000Z</time></trkpt>
      <trkpt lat="52.739120" lon="-1.350253"><ele>150.8</ele><time>2025-01-15T13:16:42.000Z</time></trkpt>
      <trkpt lat="52.739133" lon="-1.350250"><ele>150.8</ele><time>2025-01-15T13:16:43.000Z</time></trkpt>
      <trkpt lat="52.739146" lon="-1.350246"><ele>150.9</ele><time>2025-01-15T13:16:44.000Z</time></trkpt>
      <trkpt lat="52.739158" lon="-1.350241"><ele>151.0</ele><time>2025-01-15T13:16:45.000Z</time></trkpt>
      <trkpt lat="52.739171" lon="-1.350236"><ele>151.1</ele><time>2025-01-15T13:16:46.000Z</time></trkpt>
      <trkpt lat="52.739183" lon="-1.350230"><ele>151.1</ele><time>2025-01-15T13:16:47.000Z</time></trkpt>
      <trkpt lat="52.739195" lon="-1.350223"><ele>151.2</ele><time>2025-01-15T13:16:48.000Z</time></trkpt>
      <trkpt lat="52.739207" lon="-1.350216"><ele>151.3</ele><time>2025-01-15T13:16:49.000Z</time></trkpt>
      <trkpt lat="52.739220" lon="-1.350210"><ele>151.3</ele><time>2025-01-15T13:16:50.000Z</time></trkpt>
      <trkpt lat="52.739233" lon="-1.350205"><ele>151.4</ele><time>2025-01-15T13:16:51.000Z</time></trkpt>
      <trkpt lat="52.739246" lon="-1.350201"><ele>151.4</ele><time>2025-01-15T13:16:52.000Z</time></trkpt>
      <trkpt lat="52.739260" lon="-1.350197"><ele>151.5</ele><time>2025-01-15T13:16:53.000Z</time></trkpt>
      <trkpt lat="52.739273" lon="-1.350192"><ele>151.5</ele><time>2025-01-15T13:16:54.000Z</time></trkpt>
      <trkpt lat="52.739286" lon="-1.350185"><ele>151.6</ele><time>2025-01-15T13:16:55.000Z</time></trkpt>
      <trkpt lat="52.739300" lon="-1.350178"><ele>151.6</ele><time>2025-01-15T13:16:56.000Z</time></trkpt>
      <trkpt lat="52.739313" lon="-1.350171"><ele>151.6</ele><time>2025-01-15T13:16:57.000Z</time></trkpt>
      <trkpt lat="52.739326" lon="-1.350164"><ele>151.7</ele><time>2025-01-15T13:16:58.000Z</time></trkpt>
      <trkpt lat="52.739339" lon="-1.350156"><ele>151.7</ele><time>2025-01-15T13:16:59.000Z</time></trkpt>
      <trkpt lat="52.739352" lon="-1.350149"><ele>151.7</ele><time>2025-01-15T13:17:00.000Z</time></trkpt>
      <trkpt lat="52.739364" lon="-1.350142"><ele>151.7</ele><time>2025-01-15T13:17:01.000Z</time></trkpt>
      <trkpt lat="52.739377" lon="-1.350137"><ele>151.8</ele><time>2025-01-15T13:17:02.000Z</time></trkpt>
      <trkpt lat="52.739389" lon="-1.350137"><ele>151.8</ele><time>2025-01-15T13:17:03.000Z</time></trkpt>
      <trkpt lat="52.739402" lon="-1.350140"><ele>151.8</ele><time>2025-01-15T13:17:04.000Z</time></trkpt>
      <trkpt lat="52.739415" lon="-1.350144"><ele>151.8</ele><time>2025-01-15T13:17:05.000Z</time></trkpt>
      <trkpt lat="52.739428" lon="-1.350149"><ele>151.8</ele><time>2025-01-15T13:17:06.000Z</time></trkpt>
      <trkpt lat="52.739441" lon="-1.350155"><ele>151.8</ele><time>2025-01-15T13:17:07.000Z</time></trkpt>
      <trkpt lat="52.739453" lon="-1.350162"><ele>151.7</ele><time>2025-01-15T13:17:08.000Z</time></trkpt>
      <trkpt lat="52.739464" lon="-1.350173"><ele>151.7</ele><time>2025-01-15T13:17:09.000Z</time></trkpt>
      <trkpt lat="52.739474" lon="-1.350186"><ele>151.6</ele><time>2025-01-15T13:17:10.000Z</time></trkpt>
      <trkpt lat="52.739482" lon="-1.350202"><ele>151.5</ele><time>2025-01-15T13:17:11.000Z</time></trkpt>
      <trkpt lat="52.739487" lon="-1.350222"><ele>151.4</ele><time>2025-01-15T13:17:12.000Z</time></trkpt>
      <trkpt lat="52.739489" lon="-1.350245"><ele>151.3</ele><time>2025-01-15T13:17:13.000Z</time></trkpt>
      <trkpt lat="52.739489" lon="-1.350269"><ele>151.2</ele><time>2025-01-15T13:17:14.000Z</time></trkpt>
      <trkpt lat="52.739489" lon="-1.350292"><ele>151.1</ele><time>2025-01-15T13:17:15.000Z</time></trkpt>
      <trkpt lat="52.739488" lon="-1.350314"><ele>151.0</ele><time>2025-01-15T13:17:16.000Z</time></trkpt>
      <trkpt lat="52.739487" lon="-1.350337"><ele>150.8</ele><time>2025-01-15T13:17:17.000Z</time></trkpt>
      <trkpt lat="52.739487" lon="-1.350361"><ele>150.7</ele><time>2025-01-15T13:17:18.000Z</time></trkpt>
      <trkpt lat="52.739488" lon="-1.350385"><ele>150.5</ele><time>2025-01-15T13:17:19.000Z</time></trkpt>
      <trkpt lat="52.739489" lon="-1.350409"><ele>150.4</ele><time>2025-01-15T13:17:20.000Z</time></trkpt>
      <trkpt lat="52.739492" lon="-1.350432"><ele>150.2</ele><time>2025-01-15T13:17:21.000Z</time></trkpt>
      <trkpt lat="52.739495" lon="-1.350455"><ele>150.1</ele><time>2025-01-15T13:17:22.000Z</time></trkpt>
      <trkpt lat="52.739501" lon="-1.350477"><ele>149.9</ele><time>2025-01-15T13:17:23.000Z</time></trkpt>
      <trkpt lat="52.739506" lon="-1.350498"><ele>149.8</ele><time>2025-01-15T13:17:24.000Z</time></trkpt>
      <trkpt lat="52.739512" lon="-1.350518"><ele>149.6</ele><time>2025-01-15T13:17:25.000Z</time></trkpt>
      <trkpt lat="52.739517" lon="-1.350538"><ele>149.5</ele><time>2025-01-15T13:17:26.000Z</time></trkpt>
      <trkpt lat="52.739521" lon="-1.350557"><ele>149.4</ele><time>2025-01-15T13:17:27.000Z</time></trkpt>
      <trkpt lat="52.739525" lon="-1.350577"><ele>149.3</ele><time>2025-01-15T13:17:28.000Z</time></trkpt>
      <trkpt lat="52.739528" lon="-1.350597"><ele>149.1</ele><time>2025-01-15T13:17:29.000Z</time></trkpt>
      <trkpt lat="52.739531" lon="-1.350615"><ele>149.0</ele><time>2025-01-15T13:17:30.000Z</time></trkpt>
      <trkpt lat="52.739534" lon="-1.350635"><ele>148.9</ele><time>2025-01-15T13:17:31.000Z</time></trkpt>
      <trkpt lat="52.739538" lon="-1.350655"><ele>148.8</ele><time>2025-01-15T13:17:32.000Z</time></trkpt>
      <trkpt lat="52.739543" lon="-1.350676"><ele>148.7</ele><time>2025-01-15T13:17:33.000Z</time></trkpt>
      <trkpt lat="52.739546" lon="-1.350696"><ele>148.6</ele><time>2025-01-15T13:17:34.000Z</time></trkpt>
      <trkpt lat="52.739548" lon="-1.350717"><ele>148.5</ele><time>2025-01-15T13:17:35.000Z</time></trkpt>
      <trkpt lat="52.739550" lon="-1.350736"><ele>148.4</ele><time>2025-01-15T13:17:36.000Z</time></trkpt>
      <trkpt lat="52.739551" lon="-1.350753"><ele>148.3</ele><time>2025-01-15T13:17:37.000Z</time></trkpt>
      <trkpt lat="52.739553" lon="-1.350771"><ele>148.2</ele><time>2025-01-15T13:17:38.000Z</time></trkpt>
      <trkpt lat="52.739555" lon="-1.350791"><ele>148.1</ele><time>2025-01-15T13:17:39.000Z</time></trkpt>
      <trkpt lat="52.739558" lon="-1.350814"><ele>148.0</ele><time>2025-01-15T13:17:40.000Z</time></trkpt>
      <trkpt lat="52.739561" lon="-1.350836"><ele>147.9</ele><time>2025-01-15T13:17:41.000Z</time></trkpt>
      <trkpt lat="52.739564" lon="-1.350858"><ele>147.7</ele><time>2025-01-15T13:17:42.000Z</time></trkpt>
      <trkpt lat="52.739566" lon="-1.350879"><ele>147.6</ele><time>2025-01-15T13:17:43.000Z</time></trkpt>
      <trkpt lat="52.739568" lon="-1.350900"><ele>147.4</ele><time>2025-01-15T13:17:44.000Z</time></trkpt>
      <trkpt lat="52.739569" lon="-1.350921"><ele>147.2</ele><time>2025-01-15T13:17:45.000Z</time></trkpt>
      <trkpt lat="52.739571" lon="-1.350941"><ele>147.1</ele><time>2025-01-15T13:17:46.000Z</time></trkpt>
      <trkpt lat="52.739575" lon="-1.350960"><ele>146.9</ele><time>2025-01-15T13:17:47.000Z</time></trkpt>
      <trkpt lat="52.739578" lon="-1.350978"><ele>146.7</ele><time>2025-01-15T13:17:48.000Z</time></trkpt>
      <trkpt lat="52.739581" lon="-1.350995"><ele>146.4</ele><time>2025-01-15T13:17:49.000Z</time></trkpt>
      <trkpt lat="52.739585" lon="-1.351014"><ele>146.2</ele><time>2025-01-15T13:17:50.000Z</time></trkpt>
      <trkpt lat="52.739589" lon="-1.351035"><ele>146.0</ele><time>2025-01-15T13:17:51.000Z</time></trkpt>
      <trkpt lat="52.739593" lon="-1.351057"><ele>145.9</ele><time>2025-01-15T13:17:52.000Z</time></trkpt>
      <trkpt lat="52.739597" lon="-1.351080"><ele>145.7</ele><time>2025-01-15T13:17:53.000Z</time></trkpt>
      <trkpt lat="52.739600" lon="-1.351102"><ele>145.5</ele><time>2025-01-15T13:17:54.000Z</time></trkpt>
      <trkpt lat="52.739603" lon="-1.351123"><ele>145.3</ele><time>2025-01-15T13:17:55.000Z</time></trkpt>
      <trkpt lat="52.739606" lon="-1.351144"><ele>145.1</ele><time>2025-01-15T13:17:56.000Z</time></trkpt>
      <trkpt lat="52.739609" lon="-1.351165"><ele>145.0</ele><time>2025-01-15T13:17:57.000Z</time></trkpt>
      <trkpt lat="52.739612" lon="-1.351186"><ele>144.8</ele><time>2025-01-15T13:17:58.000Z</time></trkpt>
      <trkpt lat="52.739614" lon="-1.351206"><ele>144.7</ele><time>2025-01-15T13:17:59.000Z</time></trkpt>
      <trkpt lat="52.739618" lon="-1.351226"><ele>144.5</ele><time>2025-01-15T13:18:00.000Z</time></trkpt>
      <trkpt lat="52.739622" lon="-1.351249"><ele>144.3</ele><time>2025-01-15T13:18:01.000Z</time></trkpt>
      <trkpt lat="52.739626" lon="-1.351273"><ele>144.2</ele><time>2025-01-15T13:18:02.000Z</time></trkpt>
      <trkpt lat="52.739630" lon="-1.351297"><ele>144.0</ele><time>2025-01-15T13:18:03.000Z</time></trkpt>
      <trkpt lat="52.739633" lon="-1.351321"><ele>143.8</ele><time>2025-01-15T13:18:04.000Z</time></trkpt>
      <trkpt lat="52.739635" lon="-1.351344"><ele>143.7</ele><time>2025-01-15T13:18:05.000Z</time></trkpt>
      <trkpt lat="52.739637" lon="-1.351367"><ele>143.5</ele><time>2025-01-15T13:18:06.000Z</time></trkpt>
      <trkpt lat="52.739640" lon="-1.351390"><ele>143.4</ele><time>2025-01-15T13:18:07.000Z</time></trkpt>
      <trkpt lat="52.739644" lon="-1.351412"><ele>143.2</ele><time>2025-01-15T13:18:08.000Z</time></trkpt>
      <trkpt lat="52.739646" lon="-1.351434"><ele>143.0</ele><time>2025-01-15T13:18:09.000Z</time></trkpt>
      <trkpt lat="52.739647" lon="-1.351455"><ele>142.9</ele><time>2025-01-15T13:18:10.000Z</time></trkpt>
      <trkpt lat="52.739646" lon="-1.351476"><ele>142.7</ele><time>2025-01-15T13:18:11.000Z</time></trkpt>
      <trkpt lat="52.739647" lon="-1.351497"><ele>142.6</ele><time>2025-01-15T13:18:12.000Z</time></trkpt>
      <trkpt lat="52.739648" lon="-1.351520"><ele>142.5</ele><time>2025-01-15T13:18:13.000Z</time></trkpt>
      <trkpt lat="52.739649" lon="-1.351542"><ele>142.3</ele><time>2025-01-15T13:18:14.000Z</time></trkpt>
      <trkpt lat="52.739651" lon="-1.351564"><ele>142.2</ele><time>2025-01-15T13:18:15.000Z</time></trkpt>
      <trkpt lat="52.739654" lon="-1.351587"><ele>142.1</ele><time>2025-01-15T13:18:16.000Z</time></trkpt>
      <trkpt lat="52.739657" lon="-1.351609"><ele>142.0</ele><time>2025-01-15T13:18:17.000Z</time></trkpt>
      <trkpt lat="52.739661" lon="-1.351631"><ele>141.9</ele><time>2025-01-15T13:18:18.000Z</time></trkpt>
      <trkpt lat="52.739664" lon="-1.351652"><ele>141.9</ele><time>2025-01-15T13:18:19.000Z</time></trkpt>
      <trkpt lat="52.739668" lon="-1.351673"><ele>141.8</ele><time>2025-01-15T13:18:20.000Z</time></trkpt>
      <trkpt lat="52.739672" lon="-1.351694"><ele>141.7</ele><time>2025-01-15T13:18:21.000Z</time></trkpt>
      <trkpt lat="52.739675" lon="-1.351715"><ele>141.7</ele><time>2025-01-15T13:18:22.000Z</time></trkpt>
      <trkpt lat="52.739678" lon="-1.351737"><ele>141.6</ele><time>2025-01-15T13:18:23.000Z</time></trkpt>
      <trkpt lat="52.739681" lon="-1.351758"><ele>141.6</ele><time>2025-01-15T13:18:24.000Z</time></trkpt>
      <trkpt lat="52.739684" lon="-1.351779"><ele>141.5</ele><time>2025-01-15T13:18:25.000Z</time></trkpt>
      <trkpt lat="52.739687" lon="-1.351801"><ele>141.5</ele><time>2025-01-15T13:18:26.000Z</time></trkpt>
      <trkpt lat="52.739691" lon="-1.351823"><ele>141.4</ele><time>2025-01-15T13:18:27.000Z</time></trkpt>
      <trkpt lat="52.739696" lon="-1.351846"><ele>141.3</ele><time>2025-01-15T13:18:28.000Z</time></trkpt>
      <trkpt lat="52.739700" lon="-1.351868"><ele>141.2</ele><time>2025-01-15T13:18:29.000Z</time></trkpt>
      <trkpt lat="52.739704" lon="-1.351891"><ele>141.2</ele><time>2025-01-15T13:18:30.000Z</time></trkpt>
      <trkpt lat="52.739708" lon="-1.351914"><ele>141.1</ele><time>2025-01-15T13:18:31.000Z</time></trkpt>
      <trkpt lat="52.739712" lon="-1.351936"><ele>141.0</ele><time>2025-01-15T13:18:32.000Z</time></trkpt>
      <trkpt lat="52.739716" lon="-1.351958"><ele>140.9</ele><time>2025-01-15T13:18:33.000Z</time></trkpt>
      <trkpt lat="52.739719" lon="-1.351981"><ele>140.8</ele><time>2025-01-15T13:18:34.000Z</time></trkpt>
      <trkpt lat="52.739721" lon="-1.352003"><ele>140.8</ele><time>2025-01-15T13:18:35.000Z</time></trkpt>
      <trkpt lat="52.739722" lon="-1.352026"><ele>140.7</ele><time>2025-01-15T13:18:36.000Z</time></trkpt>
      <trkpt lat="52.739724" lon="-1.352048"><ele>140.6</ele><time>2025-01-15T13:18:37.000Z</time></trkpt>
      <trkpt lat="52.739726" lon="-1.352071"><ele>140.5</ele><time>2025-01-15T13:18:38.000Z</time></trkpt>
      <trkpt lat="52.739728" lon="-1.352093"><ele>140.4</ele><time>2025-01-15T13:18:39.000Z</time></trkpt>
      <trkpt lat="52.739731" lon="-1.352116"><ele>140.3</ele><time>2025-01-15T13:18:40.000Z</time></trkpt>
      <trkpt lat="52.739735" lon="-1.352138"><ele>140.2</ele><time>2025-01-15T13:18:41.000Z</time></trkpt>
      <trkpt lat="52.739740" lon="-1.352161"><ele>140.2</ele><time>2025-01-15T13:18:42.000Z</time></trkpt>
      <trkpt lat="52.739745" lon="-1.352183"><ele>140.1</ele><time>2025-01-15T13:18:43.000Z</time></trkpt>
      <trkpt lat="52.739749" lon="-1.352205"><ele>140.0</ele><time>2025-01-15T13:18:44.000Z</time></trkpt>
      <trkpt lat="52.739753" lon="-1.352228"><ele>139.9</ele><time>2025-01-15T13:18:45.000Z</time></trkpt>
      <trkpt lat="52.739756" lon="-1.352250"><ele>139.9</ele><time>2025-01-15T13:18:46.000Z</time></trkpt>
      <trkpt lat="52.739759" lon="-1.352273"><ele>139.8</ele><time>2025-01-15T13:18:47.000Z</time></trkpt>
      <trkpt lat="52.739761" lon="-1.352296"><ele>139.7</ele><time>2025-01-15T13:18:48.000Z</time></trkpt>
      <trkpt lat="52.739763" lon="-1.352319"><ele>139.7</ele><time>2025-01-15T13:18:49.000Z</time></trkpt>
      <trkpt lat="52.739767" lon="-1.352341"><ele>139.6</ele><time>2025-01-15T13:18:50.000Z</time></trkpt>
      <trkpt lat="52.739770" lon="-1.352363"><ele>139.6</ele><time>2025-01-15T13:18:51.000Z</time></trkpt>
      <trkpt lat="52.739775" lon="-1.352385"><ele>139.6</ele><time>2025-01-15T13:18:52.000Z</time></trkpt>
      <trkpt lat="52.739781" lon="-1.352407"><ele>139.6</ele><time>2025-01-15T13:18:53.000Z</time></trkpt>
      <trkpt lat="52.739787" lon="-1.352429"><ele>139.5</ele><time>2025-01-15T13:18:54.000Z</time></trkpt>
      <trkpt lat="52.739792" lon="-1.352451"><ele>139.5</ele><time>2025-01-15T13:18:55.000Z</time></trkpt>
      <trkpt lat="52.739796" lon="-1.352475"><ele>139.5</ele><time>2025-01-15T13:18:56.000Z</time></trkpt>
      <trkpt lat="52.739799" lon="-1.352499"><ele>139.4</ele><time>2025-01-15T13:18:57.000Z</time></trkpt>
      <trkpt lat="52.739801" lon="-1.352523"><ele>139.4</ele><time>2025-01-15T13:18:58.000Z</time></trkpt>
      <trkpt lat="52.739803" lon="-1.352547"><ele>139.4</ele><time>2025-01-15T13:18:59.000Z</time></trkpt>
      <trkpt lat="52.739803" lon="-1.352570"><ele>139.3</ele><time>2025-01-15T13:19:00.000Z</time></trkpt>
      <trkpt lat="52.739802" lon="-1.352593"><ele>139.2</ele><time>2025-01-15T13:19:01.000Z</time></trkpt>
      <trkpt lat="52.739799" lon="-1.352616"><ele>139.2</ele><time>2025-01-15T13:19:02.000Z</time></trkpt>
      <trkpt lat="52.739795" lon="-1.352639"><ele>139.1</ele><time>2025-01-15T13:19:03.000Z</time></trkpt>
      <trkpt lat="52.739792" lon="-1.352662"><ele>139.0</ele><time>2025-01-15T13:19:04.000Z</time></trkpt>
      <trkpt lat="52.739788" lon="-1.352685"><ele>138.9</ele><time>2025-01-15T13:19:05.000Z</time></trkpt>
      <trkpt lat="52.739784" lon="-1.352708"><ele>138.8</ele><time>2025-01-15T13:19:06.000Z</time></trkpt>
      <trkpt lat="52.739779" lon="-1.352732"><ele>138.7</ele><time>2025-01-15T13:19:07.000Z</time></trkpt>
      <trkpt lat="52.739775" lon="-1.352756"><ele>138.6</ele><time>2025-01-15T13:19:08.000Z</time></trkpt>
      <trkpt lat="52.739771" lon="-1.352780"><ele>138.5</ele><time>2025-01-15T13:19:09.000Z</time></trkpt>
      <trkpt lat="52.739766" lon="-1.352804"><ele>138.4</ele><time>2025-01-15T13:19:10.000Z</time></trkpt>
      <trkpt lat="52.739762" lon="-1.352828"><ele>138.3</ele><time>2025-01-15T13:19:11.000Z</time></trkpt>
      <trkpt lat="52.739757" lon="-1.352851"><ele>138.2</ele><time>2025-01-15T13:19:12.000Z</time></trkpt>
      <trkpt lat="52.739754" lon="-1.352874"><ele>138.0</ele><time>2025-01-15T13:19:13.000Z</time></trkpt>
      <trkpt lat="52.739750" lon="-1.352897"><ele>137.9</ele><time>2025-01-15T13:19:14.000Z</time></trkpt>
      <trkpt lat="52.739746" lon="-1.352919"><ele>137.8</ele><time>2025-01-15T13:19:15.000Z</time></trkpt>
      <trkpt lat="52.739742" lon="-1.352941"><ele>137.6</ele><time>2025-01-15T13:19:16.000Z</time></trkpt>
      <trkpt lat="52.739738" lon="-1.352963"><ele>137.5</ele><time>2025-01-15T13:19:17.000Z</time></trkpt>
      <trkpt lat="52.739734" lon="-1.352985"><ele>137.4</ele><time>2025-01-15T13:19:18.000Z</time></trkpt>
      <trkpt lat="52.739731" lon="-1.353007"><ele>137.3</ele><time>2025-01-15T13:19:19.000Z</time></trkpt>
      <trkpt lat="52.739726" lon="-1.353029"><ele>137.2</ele><time>2025-01-15T13:19:20.000Z</time></trkpt>
      <trkpt lat="52.739722" lon="-1.353052"><ele>137.1</ele><time>2025-01-15T13:19:21.000Z</time></trkpt>
      <trkpt lat="52.739718" lon="-1.353074"><ele>137.0</ele><time>2025-01-15T13:19:22.000Z</time></trkpt>
      <trkpt lat="52.739714" lon="-1.353097"><ele>136.9</ele><time>2025-01-15T13:19:23.000Z</time></trkpt>
      <trkpt lat="52.739710" lon="-1.353120"><ele>136.9</ele><time>2025-01-15T13:19:24.000Z</time></trkpt>
      <trkpt lat="52.739706" lon="-1.353143"><ele>136.8</ele><time>2025-01-15T13:19:25.000Z</time></trkpt>
      <trkpt lat="52.739702" lon="-1.353165"><ele>136.8</ele><time>2025-01-15T13:19:26.000Z</time></trkpt>
      <trkpt lat="52.739698" lon="-1.353187"><ele>136.8</ele><time>2025-01-15T13:19:27.000Z</time></trkpt>
      <trkpt lat="52.739693" lon="-1.353208"><ele>136.8</ele><time>2025-01-15T13:19:28.000Z</time></trkpt>
      <trkpt lat="52.739689" lon="-1.353230"><ele>136.8</ele><time>2025-01-15T13:19:29.000Z</time></trkpt>
      <trkpt lat="52.739687" lon="-1.353252"><ele>136.8</ele><time>2025-01-15T13:19:30.000Z</time></trkpt>
      <trkpt lat="52.739684" lon="-1.353274"><ele>136.8</ele><time>2025-01-15T13:19:31.000Z</time></trkpt>
      <trkpt lat="52.739682" lon="-1.353297"><ele>136.9</ele><time>2025-01-15T13:19:32.000Z</time></trkpt>
      <trkpt lat="52.739679" lon="-1.353319"><ele>136.9</ele><time>2025-01-15T13:19:33.000Z</time></trkpt>
      <trkpt lat="52.739676" lon="-1.353342"><ele>137.0</ele><time>2025-01-15T13:19:34.000Z</time></trkpt>
      <trkpt lat="52.739673" lon="-1.353365"><ele>137.0</ele><time>2025-01-15T13:19:35.000Z</time></trkpt>
      <trkpt lat="52.739671" lon="-1.353389"><ele>137.1</ele><time>2025-01-15T13:19:36.000Z</time></trkpt>
      <trkpt lat="52.739670" lon="-1.353412"><ele>137.2</ele><time>2025-01-15T13:19:37.000Z</time></trkpt>
      <trkpt lat="52.739671" lon="-1.353435"><ele>137.2</ele><time>2025-01-15T13:19:38.000Z</time></trkpt>
      <trkpt lat="52.739675" lon="-1.353456"><ele>137.2</ele><time>2025-01-15T13:19:39.000Z</time></trkpt>
      <trkpt lat="52.739683" lon="-1.353477"><ele>137.3</ele><time>2025-01-15T13:19:40.000Z</time></trkpt>
      <trkpt lat="52.739692" lon="-1.353495"><ele>137.3</ele><time>2025-01-15T13:19:41.000Z</time></trkpt>
      <trkpt lat="52.739703" lon="-1.353511"><ele>137.3</ele><time>2025-01-15T13:19:42.000Z</time></trkpt>
      <trkpt lat="52.739715" lon="-1.353526"><ele>137.3</ele><time>2025-01-15T13:19:43.000Z</time></trkpt>
      <trkpt lat="52.739728" lon="-1.353538"><ele>137.4</ele><time>2025-01-15T13:19:44.000Z</time></trkpt>
      <trkpt lat="52.739741" lon="-1.353551"><ele>137.4</ele><time>2025-01-15T13:19:45.000Z</time></trkpt>
      <trkpt lat="52.739752" lon="-1.353565"><ele>137.4</ele><time>2025-01-15T13:19:46.000Z</time></trkpt>
      <trkpt lat="52.739762" lon="-1.353581"><ele>137.4</ele><time>2025-01-15T13:19:47.000Z</time></trkpt>
      <trkpt lat="52.739770" lon="-1.353600"><ele>137.4</ele><time>2025-01-15T13:19:48.000Z</time></trkpt>
      <trkpt lat="52.739775" lon="-1.353621"><ele>137.4</ele><time>2025-01-15T13:19:49.000Z</time></trkpt>
      <trkpt lat="52.739779" lon="-1.353643"><ele>137.4</ele><time>2025-01-15T13:19:50.000Z</time></trkpt>
      <trkpt lat="52.739780" lon="-1.353665"><ele>137.4</ele><time>2025-01-15T13:19:51.000Z</time></trkpt>
      <trkpt lat="52.739779" lon="-1.353688"><ele>137.4</ele><time>2025-01-15T13:19:52.000Z</time></trkpt>
      <trkpt lat="52.739775" lon="-1.353712"><ele>137.4</ele><time>2025-01-15T13:19:53.000Z</time></trkpt>
      <trkpt lat="52.739771" lon="-1.353735"><ele>137.4</ele><time>2025-01-15T13:19:54.000Z</time></trkpt>
      <trkpt lat="52.739766" lon="-1.353758"><ele>137.4</ele><time>2025-01-15T13:19:55.000Z</time></trkpt>
      <trkpt lat="52.739763" lon="-1.353781"><ele>137.5</ele><time>2025-01-15T13:19:56.000Z</time></trkpt>
      <trkpt lat="52.739760" lon="-1.353804"><ele>137.5</ele><time>2025-01-15T13:19:57.000Z</time></trkpt>
      <trkpt lat="52.739757" lon="-1.353828"><ele>137.6</ele><time>2025-01-15T13:19:58.000Z</time></trkpt>
      <trkpt lat="52.739754" lon="-1.353850"><ele>137.7</ele><time>2025-01-15T13:19:59.000Z</time></trkpt>
      <trkpt lat="52.739750" lon="-1.353873"><ele>137.7</ele><time>2025-01-15T13:20:00.000Z</time></trkpt>
      <trkpt lat="52.739746" lon="-1.353895"><ele>137.8</ele><time>2025-01-15T13:20:01.000Z</time></trkpt>
      <trkpt lat="52.739742" lon="-1.353917"><ele>137.9</ele><time>2025-01-15T13:20:02.000Z</time></trkpt>
      <trkpt lat="52.739738" lon="-1.353940"><ele>138.0</ele><time>2025-01-15T13:20:03.000Z</time></trkpt>
      <trkpt lat="52.739736" lon="-1.353962"><ele>138.1</ele><time>2025-01-15T13:20:04.000Z</time></trkpt>
      <trkpt lat="52.739733" lon="-1.353985"><ele>138.2</ele><time>2025-01-15T13:20:05.000Z</time></trkpt>
      <trkpt lat="52.739729" lon="-1.354007"><ele>138.3</ele><time>2025-01-15T13:20:06.000Z</time></trkpt>
      <trkpt lat="52.739725" lon="-1.354029"><ele>138.4</ele><time>2025-01-15T13:20:07.000Z</time></trkpt>
      <trkpt lat="52.739721" lon="-1.354050"><ele>138.5</ele><time>2025-01-15T13:20:08.000Z</time></trkpt>
      <trkpt lat="52.739717" lon="-1.354070"><ele>138.7</ele><time>2025-01-15T13:20:09.000Z</time></trkpt>
      <trkpt lat="52.739714" lon="-1.354091"><ele>138.8</ele><time>2025-01-15T13:20:10.000Z</time></trkpt>
      <trkpt lat="52.739712" lon="-1.354113"><ele>138.9</ele><time>2025-01-15T13:20:11.000Z</time></trkpt>
      <trkpt lat="52.739709" lon="-1.354135"><ele>139.0</ele><time>2025-01-15T13:20:12.000Z</time></trkpt>
      <trkpt lat="52.739706" lon="-1.354156"><ele>139.1</ele><time>2025-01-15T13:20:13.000Z</time></trkpt>
      <trkpt lat="52.739703" lon="-1.354178"><ele>139.1</ele><time>2025-01-15T13:20:14.000Z</time></trkpt>
      <trkpt lat="52.739700" lon="-1.354200"><ele>139.2</ele><time>2025-01-15T13:20:15.000Z</time></trkpt>
      <trkpt lat="52.739697" lon="-1.354221"><ele>139.3</ele><time>2025-01-15T13:20:16.000Z</time></trkpt>
      <trkpt lat="52.739695" lon="-1.354243"><ele>139.4</ele><time>2025-01-15T13:20:17.000Z</time></trkpt>
      <trkpt lat="52.739695" lon="-1.354264"><ele>139.5</ele><time>2025-01-15T13:20:18.000Z</time></trkpt>
      <trkpt lat="52.739694" lon="-1.354286"><ele>139.6</ele><time>2025-01-15T13:20:19.000Z</time></trkpt>
      <trkpt lat="52.739694" lon="-1.354308"><ele>139.7</ele><time>2025-01-15T13:20:20.000Z</time></trkpt>
      <trkpt lat="52.739693" lon="-1.354331"><ele>139.8</ele><time>2025-01-15T13:20:21.000Z</time></trkpt>
      <trkpt lat="52.739692" lon="-1.354354"><ele>139.8</ele><time>2025-01-15T13:20:22.000Z</time></trkpt>
      <trkpt lat="52.739691" lon="-1.354376"><ele>139.9</ele><time>2025-01-15T13:20:23.000Z</time></trkpt>
      <trkpt lat="52.739691" lon="-1.354399"><ele>140.0</ele><time>2025-01-15T13:20:24.000Z</time></trkpt>
      <trkpt lat="52.739691" lon="-1.354421"><ele>140.1</ele><time>2025-01-15T13:20:25.000Z</time></trkpt>
      <trkpt lat="52.739692" lon="-1.354444"><ele>140.1</ele><time>2025-01-15T13:20:26.000Z</time></trkpt>
      <trkpt lat="52.739694" lon="-1.354466"><ele>140.2</ele><time>2025-01-15T13:20:27.000Z</time></trkpt>
      <trkpt lat="52.739696" lon="-1.354488"><ele>140.2</ele><time>2025-01-15T13:20:28.000Z</time></trkpt>
      <trkpt lat="52.739700" lon="-1.354511"><ele>140.3</ele><time>2025-01-15T13:20:29.000Z</time></trkpt>
      <trkpt lat="52.739705" lon="-1.354533"><ele>140.3</ele><time>2025-01-15T13:20:30.000Z</time></trkpt>
      <trkpt lat="52.739711" lon="-1.354554"><ele>140.3</ele><time>2025-01-15T13:20:31.000Z</time></trkpt>
      <trkpt lat="52.739716" lon="-1.354575"><ele>140.3</ele><time>2025-01-15T13:20:32.000Z</time></trkpt>
      <trkpt lat="52.739721" lon="-1.354595"><ele>140.3</ele><time>2025-01-15T13:20:33.000Z</time></trkpt>
      <trkpt lat="52.739726" lon="-1.354615"><ele>140.3</ele><time>2025-01-15T13:20:34.000Z</time></trkpt>
      <trkpt lat="52.739731" lon="-1.354636"><ele>140.3</ele><time>2025-01-15T13:20:35.000Z</time></trkpt>
      <trkpt lat="52.739737" lon="-1.354656"><ele>140.3</ele><time>2025-01-15T13:20:36.000Z</time></trkpt>
      <trkpt lat="52.739745" lon="-1.354676"><ele>140.2</ele><time>2025-01-15T13:20:37.000Z</time></trkpt>
      <trkpt lat="52.739753" lon="-1.354697"><ele>140.2</ele><time>2025-01-15T13:20:38.000Z</time></trkpt>
      <trkpt lat="52.739761" lon="-1.354716"><ele>140.1</ele><time>2025-01-15T13:20:39.000Z</time></trkpt>
      <trkpt lat="52.739770" lon="-1.354734"><ele>140.1</ele><time>2025-01-15T13:20:40.000Z</time></trkpt>
      <trkpt lat="52.739780" lon="-1.354752"><ele>140.1</ele><time>2025-01-15T13:20:41.000Z</time></trkpt>
      <trkpt lat="52.739789" lon="-1.354770"><ele>140.0</ele><time>2025-01-15T13:20:42.000Z</time></trkpt>
      <trkpt lat="52.739796" lon="-1.354789"><ele>140.0</ele><time>2025-01-15T13:20:43.000Z</time></trkpt>
      <trkpt lat="52.739804" lon="-1.354809"><ele>139.9</ele><time>2025-01-15T13:20:44.000Z</time></trkpt>
      <trkpt lat="52.739811" lon="-1.354829"><ele>139.9</ele><time>2025-01-15T13:20:45.000Z</time></trkpt>
      <trkpt lat="52.739820" lon="-1.354847"><ele>139.9</ele><time>2025-01-15T13:20:46.000Z</time></trkpt>
      <trkpt lat="52.739829" lon="-1.354864"><ele>139.8</ele><time>2025-01-15T13:20:47.000Z</time></trkpt>
      <trkpt lat="52.739839" lon="-1.354879"><ele>139.8</ele><time>2025-01-15T13:20:48.000Z</time></trkpt>
      <trkpt lat="52.739849" lon="-1.354893"><ele>139.8</ele><time>2025-01-15T13:20:49.000Z</time></trkpt>
      <trkpt lat="52.739860" lon="-1.354908"><ele>139.8</ele><time>2025-01-15T13:20:50.000Z</time></trkpt>
      <trkpt lat="52.739871" lon="-1.354923"><ele>139.7</ele><time>2025-01-15T13:20:51.000Z</time></trkpt>
      <trkpt lat="52.739883" lon="-1.354939"><ele>139.7</ele><time>2025-01-15T13:20:52.000Z</time></trkpt>
      <trkpt lat="52.739894" lon="-1.354954"><ele>139.7</ele><time>2025-01-15T13:20:53.000Z</time></trkpt>
      <trkpt lat="52.739905" lon="-1.354969"><ele>139.6</ele><time>2025-01-15T13:20:54.000Z</time></trkpt>
      <trkpt lat="52.739916" lon="-1.354983"><ele>139.6</ele><time>2025-01-15T13:20:55.000Z</time></trkpt>
      <trkpt lat="52.739927" lon="-1.354996"><ele>139.6</ele><time>2025-01-15T13:20:56.000Z</time></trkpt>
      <trkpt lat="52.739938" lon="-1.355008"><ele>139.6</ele><time>2025-01-15T13:20:57.000Z</time></trkpt>
      <trkpt lat="52.739949" lon="-1.355019"><ele>139.5</ele><time>2025-01-15T13:20:58.000Z</time></trkpt>
      <trkpt lat="52.739960" lon="-1.355031"><ele>139.5</ele><time>2025-01-15T13:20:59.000Z</time></trkpt>
      <trkpt lat="52.739970" lon="-1.355044"><ele>139.5</ele><time>2025-01-15T13:21:00.000Z</time></trkpt>
      <trkpt lat="52.739981" lon="-1.355058"><ele>139.4</ele><time>2025-01-15T13:21:01.000Z</time></trkpt>
      <trkpt lat="52.739993" lon="-1.355072"><ele>139.4</ele><time>2025-01-15T13:21:02.000Z</time></trkpt>
      <trkpt lat="52.740004" lon="-1.355085"><ele>139.3</ele><time>2025-01-15T13:21:03.000Z</time></trkpt>
      <trkpt lat="52.740016" lon="-1.355099"><ele>139.3</ele><time>2025-01-15T13:21:04.000Z</time></trkpt>
      <trkpt lat="52.740028" lon="-1.355112"><ele>139.3</ele><time>2025-01-15T13:21:05.000Z</time></trkpt>
      <trkpt lat="52.740040" lon="-1.355125"><ele>139.3</ele><time>2025-01-15T13:21:06.000Z</time></trkpt>
      <trkpt lat="52.740052" lon="-1.355137"><ele>139.2</ele><time>2025-01-15T13:21:07.000Z</time></trkpt>
      <trkpt lat="52.740064" lon="-1.355148"><ele>139.2</ele><time>2025-01-15T13:21:08.000Z</time></trkpt>
      <trkpt lat="52.740077" lon="-1.355159"><ele>139.2</ele><time>2025-01-15T13:21:09.000Z</time></trkpt>
      <trkpt lat="52.740088" lon="-1.355170"><ele>139.2</ele><time>2025-01-15T13:21:10.000Z</time></trkpt>
      <trkpt lat="52.740099" lon="-1.355185"><ele>139.2</ele><time>2025-01-15T13:21:11.000Z</time></trkpt>
      <trkpt lat="52.740111" lon="-1.355200"><ele>139.2</ele><time>2025-01-15T13:21:12.000Z</time></trkpt>
      <trkpt lat="52.740122" lon="-1.355215"><ele>139.3</ele><time>2025-01-15T13:21:13.000Z</time></trkpt>
      <trkpt lat="52.740133" lon="-1.355230"><ele>139.3</ele><time>2025-01-15T13:21:14.000Z</time></trkpt>
      <trkpt lat="52.740145" lon="-1.355243"><ele>139.3</ele><time>2025-01-15T13:21:15.000Z</time></trkpt>
      <trkpt lat="52.740156" lon="-1.355257"><ele>139.4</ele><time>2025-01-15T13:21:16.000Z</time></trkpt>
      <trkpt lat="52.740168" lon="-1.355270"><ele>139.4</ele><time>2025-01-15T13:21:17.000Z</time></trkpt>
      <trkpt lat="52.740179" lon="-1.355284"><ele>139.5</ele><time>2025-01-15T13:21:18.000Z</time></trkpt>
      <trkpt lat="52.740191" lon="-1.355297"><ele>139.5</ele><time>2025-01-15T13:21:19.000Z</time></trkpt>
      <trkpt lat="52.740202" lon="-1.355311"><ele>139.6</ele><time>2025-01-15T13:21:20.000Z</time></trkpt>
      <trkpt lat="52.740214" lon="-1.355325"><ele>139.7</ele><time>2025-01-15T13:21:21.000Z</time></trkpt>
      <trkpt lat="52.740226" lon="-1.355340"><ele>139.7</ele><time>2025-01-15T13:21:22.000Z</time></trkpt>
      <trkpt lat="52.740237" lon="-1.355355"><ele>139.8</ele><time>2025-01-15T13:21:23.000Z</time></trkpt>
      <trkpt lat="52.740248" lon="-1.355372"><ele>139.8</ele><time>2025-01-15T13:21:24.000Z</time></trkpt>
      <trkpt lat="52.740259" lon="-1.355389"><ele>139.9</ele><time>2025-01-15T13:21:25.000Z</time></trkpt>
      <trkpt lat="52.740269" lon="-1.355408"><ele>139.9</ele><time>2025-01-15T13:21:26.000Z</time></trkpt>
      <trkpt lat="52.740279" lon="-1.355426"><ele>139.9</ele><time>2025-01-15T13:21:27.000Z</time></trkpt>
      <trkpt lat="52.740288" lon="-1.355444"><ele>140.0</ele><time>2025-01-15T13:21:28.000Z</time></trkpt>
      <trkpt lat="52.740298" lon="-1.355462"><ele>140.0</ele><time>2025-01-15T13:21:29.000Z</time></trkpt>
      <trkpt lat="52.740308" lon="-1.355477"><ele>140.0</ele><time>2025-01-15T13:21:30.000Z</time></trkpt>
      <trkpt lat="52.740319" lon="-1.355492"><ele>140.0</ele><time>2025-01-15T13:21:31.000Z</time></trkpt>
      <trkpt lat="52.740330" lon="-1.355507"><ele>140.0</ele><time>2025-01-15T13:21:32.000Z</time></trkpt>
      <trkpt lat="52.740342" lon="-1.355521"><ele>140.0</ele><time>2025-01-15T13:21:33.000Z</time></trkpt>
      <trkpt lat="52.740353" lon="-1.355534"><ele>140.0</ele><time>2025-01-15T13:21:34.000Z</time></trkpt>
      <trkpt lat="52.740366" lon="-1.355547"><ele>140.0</ele><time>2025-01-15T13:21:35.000Z</time></trkpt>
      <trkpt lat="52.740378" lon="-1.355559"><ele>140.0</ele><time>2025-01-15T13:21:36.000Z</time></trkpt>
      <trkpt lat="52.740390" lon="-1.355572"><ele>140.0</ele><time>2025-01-15T13:21:37.000Z</time></trkpt>
      <trkpt lat="52.740402" lon="-1.355584"><ele>140.0</ele><time>2025-01-15T13:21:38.000Z</time></trkpt>
      <trkpt lat="52.740414" lon="-1.355596"><ele>140.0</ele><time>2025-01-15T13:21:39.000Z</time></trkpt>
      <trkpt lat="52.740425" lon="-1.355608"><ele>140.0</ele><time>2025-01-15T13:21:40.000Z</time></trkpt>
      <trkpt lat="52.740437" lon="-1.355621"><ele>140.0</ele><time>2025-01-15T13:21:41.000Z</time></trkpt>
      <trkpt lat="52.740448" lon="-1.355633"><ele>140.0</ele><time>2025-01-15T13:21:42.000Z</time></trkpt>
      <trkpt lat="52.740459" lon="-1.355647"><ele>140.0</ele><time>2025-01-15T13:21:43.000Z</time></trkpt>
      <trkpt lat="52.740469" lon="-1.355661"><ele>140.1</ele><time>2025-01-15T13:21:44.000Z</time></trkpt>
      <trkpt lat="52.740479" lon="-1.355677"><ele>140.1</ele><time>2025-01-15T13:21:45.000Z</time></trkpt>
      <trkpt lat="52.740489" lon="-1.355694"><ele>140.1</ele><time>2025-01-15T13:21:46.000Z</time></trkpt>
      <trkpt lat="52.740499" lon="-1.355710"><ele>140.2</ele><time>2025-01-15T13:21:47.000Z</time></trkpt>
      <trkpt lat="52.740508" lon="-1.355726"><ele>140.2</ele><time>2025-01-15T13:21:48.000Z</time></trkpt>
      <trkpt lat="52.740517" lon="-1.355742"><ele>140.2</ele><time>2025-01-15T13:21:49.000Z</time></trkpt>
      <trkpt lat="52.740527" lon="-1.355757"><ele>140.3</ele><time>2025-01-15T13:21:50.000Z</time></trkpt>
      <trkpt lat="52.740537" lon="-1.355768"><ele>140.3</ele><time>2025-01-15T13:21:51.000Z</time></trkpt>
      <trkpt lat="52.740550" lon="-1.355771"><ele>140.3</ele><time>2025-01-15T13:21:52.000Z</time></trkpt>
      <trkpt lat="52.740563" lon="-1.355763"><ele>140.3</ele><time>2025-01-15T13:21:53.000Z</time></trkpt>
      <trkpt lat="52.740574" lon="-1.355746"><ele>140.2</ele><time>2025-01-15T13:21:54.000Z</time></trkpt>
      <trkpt lat="52.740584" lon="-1.355725"><ele>140.2</ele><time>2025-01-15T13:21:55.000Z</time></trkpt>
      <trkpt lat="52.740593" lon="-1.355707"><ele>140.1</ele><time>2025-01-15T13:21:56.000Z</time></trkpt>
      <trkpt lat="52.740602" lon="-1.355691"><ele>140.1</ele><time>2025-01-15T13:21:57.000Z</time></trkpt>
      <trkpt lat="52.740609" lon="-1.355677"><ele>140.0</ele><time>2025-01-15T13:21:58.000Z</time></trkpt>
      <trkpt lat="52.740615" lon="-1.355667"><ele>139.9</ele><time>2025-01-15T13:21:59.000Z</time></trkpt>
      <trkpt lat="52.740621" lon="-1.355655"><ele>139.8</ele><time>2025-01-15T13:22:00.000Z</time></trkpt>
      <trkpt lat="52.740627" lon="-1.355640"><ele>139.6</ele><time>2025-01-15T13:22:01.000Z</time></trkpt>
      <trkpt lat="52.740634" lon="-1.355624"><ele>139.5</ele><time>2025-01-15T13:22:02.000Z</time></trkpt>
      <trkpt lat="52.740642" lon="-1.355610"><ele>139.4</ele><time>2025-01-15T13:22:03.000Z</time></trkpt>
      <trkpt lat="52.740648" lon="-1.355598"><ele>139.3</ele><time>2025-01-15T13:22:04.000Z</time></trkpt>
      <trkpt lat="52.740654" lon="-1.355588"><ele>139.1</ele><time>2025-01-15T13:22:05.000Z</time></trkpt>
      <trkpt lat="52.740660" lon="-1.355577"><ele>139.0</ele><time>2025-01-15T13:22:06.000Z</time></trkpt>
      <trkpt lat="52.740665" lon="-1.355564"><ele>138.9</ele><time>2025-01-15T13:22:07.000Z</time></trkpt>
      <trkpt lat="52.740671" lon="-1.355551"><ele>138.7</ele><time>2025-01-15T13:22:08.000Z</time></trkpt>
      <trkpt lat="52.740677" lon="-1.355537"><ele>138.6</ele><time>2025-01-15T13:22:09.000Z</time></trkpt>
      <trkpt lat="52.740683" lon="-1.355521"><ele>138.5</ele><time>2025-01-15T13:22:10.000Z</time></trkpt>
      <trkpt lat="52.740689" lon="-1.355505"><ele>138.4</ele><time>2025-01-15T13:22:11.000Z</time></trkpt>
      <trkpt lat="52.740694" lon="-1.355487"><ele>138.3</ele><time>2025-01-15T13:22:12.000Z</time></trkpt>
      <trkpt lat="52.740699" lon="-1.355469"><ele>138.2</ele><time>2025-01-15T13:22:13.000Z</time></trkpt>
      <trkpt lat="52.740702" lon="-1.355454"><ele>138.1</ele><time>2025-01-15T13:22:14.000Z</time></trkpt>
      <trkpt lat="52.740704" lon="-1.355441"><ele>138.0</ele><time>2025-01-15T13:22:15.000Z</time></trkpt>
      <trkpt lat="52.740707" lon="-1.355431"><ele>137.9</ele><time>2025-01-15T13:22:16.000Z</time></trkpt>
      <trkpt lat="52.740710" lon="-1.355419"><ele>137.7</ele><time>2025-01-15T13:22:17.000Z</time></trkpt>
      <trkpt lat="52.740595" lon="-1.355764"><ele>137.5</ele><time>2025-01-15T13:25:07.000Z</time></trkpt>
      <trkpt lat="52.740589" lon="-1.355758"><ele>137.7</ele><time>2025-01-15T13:25:08.000Z</time></trkpt>
      <trkpt lat="52.740584" lon="-1.355753"><ele>137.9</ele><time>2025-01-15T13:25:09.000Z</time></trkpt>
      <trkpt lat="52.740577" lon="-1.355750"><ele>138.0</ele><time>2025-01-15T13:25:10.000Z</time></trkpt>
      <trkpt lat="52.740571" lon="-1.355747"><ele>138.2</ele><time>2025-01-15T13:25:11.000Z</time></trkpt>
      <trkpt lat="52.740565" lon="-1.355745"><ele>138.3</ele><time>2025-01-15T13:25:12.000Z</time></trkpt>
      <trkpt lat="52.740559" lon="-1.355746"><ele>138.4</ele><time>2025-01-15T13:25:13.000Z</time></trkpt>
      <trkpt lat="52.740552" lon="-1.355750"><ele>138.5</ele><time>2025-01-15T13:25:14.000Z</time></trkpt>
      <trkpt lat="52.740546" lon="-1.355758"><ele>138.7</ele><time>2025-01-15T13:25:15.000Z</time></trkpt>
      <trkpt lat="52.740539" lon="-1.355768"><ele>138.8</ele><time>2025-01-15T13:25:16.000Z</time></trkpt>
      <trkpt lat="52.740531" lon="-1.355777"><ele>138.9</ele><time>2025-01-15T13:25:17.000Z</time></trkpt>
      <trkpt lat="52.740523" lon="-1.355784"><ele>139.0</ele><time>2025-01-15T13:25:18.000Z</time></trkpt>
      <trkpt lat="52.740516" lon="-1.355788"><ele>139.1</ele><time>2025-01-15T13:25:19.000Z</time></trkpt>
      <trkpt lat="52.740508" lon="-1.355793"><ele>139.2</ele><time>2025-01-15T13:25:20.000Z</time></trkpt>
      <trkpt lat="52.740499" lon="-1.355799"><ele>139.3</ele><time>2025-01-15T13:25:21.000Z</time></trkpt>
      <trkpt lat="52.740488" lon="-1.355807"><ele>139.3</ele><time>2025-01-15T13:25:22.000Z</time></trkpt>
      <trkpt lat="52.740476" lon="-1.355815"><ele>139.4</ele><time>2025-01-15T13:25:23.000Z</time></trkpt>
      <trkpt lat="52.740464" lon="-1.355818"><ele>139.5</ele><time>2025-01-15T13:25:24.000Z</time></trkpt>
      <trkpt lat="52.740453" lon="-1.355814"><ele>139.6</ele><time>2025-01-15T13:25:25.000Z</time></trkpt>
      <trkpt lat="52.740441" lon="-1.355804"><ele>139.6</ele><time>2025-01-15T13:25:26.000Z</time></trkpt>
      <trkpt lat="52.740429" lon="-1.355789"><ele>139.7</ele><time>2025-01-15T13:25:27.000Z</time></trkpt>
      <trkpt lat="52.740419" lon="-1.355772"><ele>139.7</ele><time>2025-01-15T13:25:28.000Z</time></trkpt>
      <trkpt lat="52.740410" lon="-1.355754"><ele>139.8</ele><time>2025-01-15T13:25:29.000Z</time></trkpt>
      <trkpt lat="52.740400" lon="-1.355734"><ele>139.9</ele><time>2025-01-15T13:25:30.000Z</time></trkpt>
      <trkpt lat="52.740391" lon="-1.355716"><ele>139.9</ele><time>2025-01-15T13:25:31.000Z</time></trkpt>
      <trkpt lat="52.740381" lon="-1.355699"><ele>139.9</ele><time>2025-01-15T13:25:32.000Z</time></trkpt>
      <trkpt lat="52.740371" lon="-1.355683"><ele>140.0</ele><time>2025-01-15T13:25:33.000Z</time></trkpt>
      <trkpt lat="52.740361" lon="-1.355667"><ele>140.0</ele><time>2025-01-15T13:25:34.000Z</time></trkpt>
      <trkpt lat="52.740350" lon="-1.355652"><ele>140.0</ele><time>2025-01-15T13:25:35.000Z</time></trkpt>
      <trkpt lat="52.740339" lon="-1.355638"><ele>140.1</ele><time>2025-01-15T13:25:36.000Z</time></trkpt>
      <trkpt lat="52.740328" lon="-1.355623"><ele>140.1</ele><time>2025-01-15T13:25:37.000Z</time></trkpt>
      <trkpt lat="52.740318" lon="-1.355607"><ele>140.2</ele><time>2025-01-15T13:25:38.000Z</time></trkpt>
      <trkpt lat="52.740307" lon="-1.355591"><ele>140.2</ele><time>2025-01-15T13:25:39.000Z</time></trkpt>
      <trkpt lat="52.740297" lon="-1.355574"><ele>140.2</ele><time>2025-01-15T13:25:40.000Z</time></trkpt>
      <trkpt lat="52.740287" lon="-1.355558"><ele>140.3</ele><time>2025-01-15T13:25:41.000Z</time></trkpt>
      <trkpt lat="52.740278" lon="-1.355541"><ele>140.4</ele><time>2025-01-15T13:25:42.000Z</time></trkpt>
      <trkpt lat="52.740268" lon="-1.355524"><ele>140.4</ele><time>2025-01-15T13:25:43.000Z</time></trkpt>
      <trkpt lat="52.740257" lon="-1.355507"><ele>140.5</ele><time>2025-01-15T13:25:44.000Z</time></trkpt>
      <trkpt lat="52.740246" lon="-1.355490"><ele>140.6</ele><time>2025-01-15T13:25:45.000Z</time></trkpt>
      <trkpt lat="52.740234" lon="-1.355474"><ele>140.6</ele><time>2025-01-15T13:25:46.000Z</time></trkpt>
      <trkpt lat="52.740222" lon="-1.355458"><ele>140.7</ele><time>2025-01-15T13:25:47.000Z</time></trkpt>
      <trkpt lat="52.740210" lon="-1.355443"><ele>140.8</ele><time>2025-01-15T13:25:48.000Z</time></trkpt>
      <trkpt lat="52.740198" lon="-1.355429"><ele>140.8</ele><time>2025-01-15T13:25:49.000Z</time></trkpt>
      <trkpt lat="52.740186" lon="-1.355416"><ele>140.9</ele><time>2025-01-15T13:25:50.000Z</time></trkpt>
      <trkpt lat="52.740174" lon="-1.355402"><ele>140.9</ele><time>2025-01-15T13:25:51.000Z</time></trkpt>
      <trkpt lat="52.740162" lon="-1.355389"><ele>140.9</ele><time>2025-01-15T13:25:52.000Z</time></trkpt>
      <trkpt lat="52.740150" lon="-1.355377"><ele>140.9</ele><time>2025-01-15T13:25:53.000Z</time></trkpt>
      <trkpt lat="52.740137" lon="-1.355368"><ele>140.9</ele><time>2025-01-15T13:25:54.000Z</time></trkpt>
      <trkpt lat="52.740124" lon="-1.355363"><ele>140.8</ele><time>2025-01-15T13:25:55.000Z</time></trkpt>
      <trkpt lat="52.740110" lon="-1.355361"><ele>140.8</ele><time>2025-01-15T13:25:56.000Z</time></trkpt>
      <trkpt lat="52.740095" lon="-1.355360"><ele>140.8</ele><time>2025-01-15T13:25:57.000Z</time></trkpt>
      <trkpt lat="52.740081" lon="-1.355360"><ele>140.7</ele><time>2025-01-15T13:25:58.000Z</time></trkpt>
      <trkpt lat="52.740067" lon="-1.355361"><ele>140.7</ele><time>2025-01-15T13:25:59.000Z</time></trkpt>
      <trkpt lat="52.740053" lon="-1.355366"><ele>140.6</ele><time>2025-01-15T13:26:00.000Z</time></trkpt>
      <trkpt lat="52.740039" lon="-1.355373"><ele>140.6</ele><time>2025-01-15T13:26:01.000Z</time></trkpt>
      <trkpt lat="52.740026" lon="-1.355379"><ele>140.5</ele><time>2025-01-15T13:26:02.000Z</time></trkpt>
      <trkpt lat="52.740012" lon="-1.355383"><ele>140.5</ele><time>2025-01-15T13:26:03.000Z</time></trkpt>
      <trkpt lat="52.739999" lon="-1.355381"><ele>140.5</ele><time>2025-01-15T13:26:04.000Z</time></trkpt>
      <trkpt lat="52.739986" lon="-1.355371"><ele>140.5</ele><time>2025-01-15T13:26:05.000Z</time></trkpt>
      <trkpt lat="52.739975" lon="-1.355356"><ele>140.5</ele><time>2025-01-15T13:26:06.000Z</time></trkpt>
      <trkpt lat="52.739966" lon="-1.355337"><ele>140.5</ele><time>2025-01-15T13:26:07.000Z</time></trkpt>
      <trkpt lat="52.739958" lon="-1.355317"><ele>140.5</ele><time>2025-01-15T13:26:08.000Z</time></trkpt>
      <trkpt lat="52.739952" lon="-1.355296"><ele>140.5</ele><time>2025-01-15T13:26:09.000Z</time></trkpt>
      <trkpt lat="52.739946" lon="-1.355274"><ele>140.5</ele><time>2025-01-15T13:26:10.000Z</time></trkpt>
      <trkpt lat="52.739941" lon="-1.355252"><ele>140.6</ele><time>2025-01-15T13:26:11.000Z</time></trkpt>
      <trkpt lat="52.739935" lon="-1.355231"><ele>140.6</ele><time>2025-01-15T13:26:12.000Z</time></trkpt>
      <trkpt lat="52.739927" lon="-1.355211"><ele>140.7</ele><time>2025-01-15T13:26:13.000Z</time></trkpt>
      <trkpt lat="52.739918" lon="-1.355193"><ele>140.7</ele><time>2025-01-15T13:26:14.000Z</time></trkpt>
      <trkpt lat="52.739908" lon="-1.355175"><ele>140.8</ele><time>2025-01-15T13:26:15.000Z</time></trkpt>
      <trkpt lat="52.739898" lon="-1.355157"><ele>140.8</ele><time>2025-01-15T13:26:16.000Z</time></trkpt>
      <trkpt lat="52.739888" lon="-1.355141"><ele>140.9</ele><time>2025-01-15T13:26:17.000Z</time></trkpt>
      <trkpt lat="52.739876" lon="-1.355127"><ele>140.9</ele><time>2025-01-15T13:26:18.000Z</time></trkpt>
      <trkpt lat="52.739864" lon="-1.355114"><ele>141.0</ele><time>2025-01-15T13:26:19.000Z</time></trkpt>
      <trkpt lat="52.739853" lon="-1.355101"><ele>141.1</ele><time>2025-01-15T13:26:20.000Z</time></trkpt>
      <trkpt lat="52.739841" lon="-1.355088"><ele>141.1</ele><time>2025-01-15T13:26:21.000Z</time></trkpt>
      <trkpt lat="52.739829" lon="-1.355076"><ele>141.1</ele><time>2025-01-15T13:26:22.000Z</time></trkpt>
      <trkpt lat="52.739816" lon="-1.355065"><ele>141.2</ele><time>2025-01-15T13:26:23.000Z</time></trkpt>
      <trkpt lat="52.739803" lon="-1.355053"><ele>141.2</ele><time>2025-01-15T13:26:24.000Z</time></trkpt>
      <trkpt lat="52.739790" lon="-1.355042"><ele>141.2</ele><time>2025-01-15T13:26:25.000Z</time></trkpt>
      <trkpt lat="52.739777" lon="-1.355031"><ele>141.2</ele><time>2025-01-15T13:26:26.000Z</time></trkpt>
      <trkpt lat="52.739765" lon="-1.355018"><ele>141.2</ele><time>2025-01-15T13:26:27.000Z</time></trkpt>
      <trkpt lat="52.739753" lon="-1.355004"><ele>141.2</ele><time>2025-01-15T13:26:28.000Z</time></trkpt>
      <trkpt lat="52.739742" lon="-1.354990"><ele>141.3</ele><time>2025-01-15T13:26:29.000Z</time></trkpt>
      <trkpt lat="52.739731" lon="-1.354977"><ele>141.3</ele><time>2025-01-15T13:26:30.000Z</time></trkpt>
      <trkpt lat="52.739719" lon="-1.354966"><ele>141.3</ele><time>2025-01-15T13:26:31.000Z</time></trkpt>
      <trkpt lat="52.739708" lon="-1.354954"><ele>141.3</ele><time>2025-01-15T13:26:32.000Z</time></trkpt>
      <trkpt lat="52.739697" lon="-1.354940"><ele>141.3</ele><time>2025-01-15T13:26:33.000Z</time></trkpt>
      <trkpt lat="52.739685" lon="-1.354926"><ele>141.3</ele><time>2025-01-15T13:26:34.000Z</time></trkpt>
      <trkpt lat="52.739673" lon="-1.354914"><ele>141.4</ele><time>2025-01-15T13:26:35.000Z</time></trkpt>
      <trkpt lat="52.739660" lon="-1.354902"><ele>141.4</ele><time>2025-01-15T13:26:36.000Z</time></trkpt>
      <trkpt lat="52.739648" lon="-1.354889"><ele>141.4</ele><time>2025-01-15T13:26:37.000Z</time></trkpt>
      <trkpt lat="52.739638" lon="-1.354874"><ele>141.5</ele><time>2025-01-15T13:26:38.000Z</time></trkpt>
      <trkpt lat="52.739629" lon="-1.354856"><ele>141.6</ele><time>2025-01-15T13:26:39.000Z</time></trkpt>
      <trkpt lat="52.739623" lon="-1.354835"><ele>141.6</ele><time>2025-01-15T13:26:40.000Z</time></trkpt>
      <trkpt lat="52.739620" lon="-1.354813"><ele>141.7</ele><time>2025-01-15T13:26:41.000Z</time></trkpt>
      <trkpt lat="52.739619" lon="-1.354790"><ele>141.7</ele><time>2025-01-15T13:26:42.000Z</time></trkpt>
      <trkpt lat="52.739618" lon="-1.354767"><ele>141.8</ele><time>2025-01-15T13:26:43.000Z</time></trkpt>
      <trkpt lat="52.739615" lon="-1.354745"><ele>141.8</ele><time>2025-01-15T13:26:44.000Z</time></trkpt>
      <trkpt lat="52.739609" lon="-1.354724"><ele>141.8</ele><time>2025-01-15T13:26:45.000Z</time></trkpt>
      <trkpt lat="52.739604" lon="-1.354703"><ele>141.9</ele><time>2025-01-15T13:26:46.000Z</time></trkpt>
      <trkpt lat="52.739600" lon="-1.354682"><ele>141.9</ele><time>2025-01-15T13:26:47.000Z</time></trkpt>
      <trkpt lat="52.739598" lon="-1.354661"><ele>141.9</ele><time>2025-01-15T13:26:48.000Z</time></trkpt>
      <trkpt lat="52.739596" lon="-1.354640"><ele>141.9</ele><time>2025-01-15T13:26:49.000Z</time></trkpt>
      <trkpt lat="52.739594" lon="-1.354617"><ele>141.8</ele><time>2025-01-15T13:26:50.000Z</time></trkpt>
      <trkpt lat="52.739590" lon="-1.354595"><ele>141.7</ele><time>2025-01-15T13:26:51.000Z</time></trkpt>
      <trkpt lat="52.739585" lon="-1.354573"><ele>141.7</ele><time>2025-01-15T13:26:52.000Z</time></trkpt>
      <trkpt lat="52.739579" lon="-1.354550"><ele>141.6</ele><time>2025-01-15T13:26:53.000Z</time></trkpt>
      <trkpt lat="52.739576" lon="-1.354528"><ele>141.5</ele><time>2025-01-15T13:26:54.000Z</time></trkpt>
      <trkpt lat="52.739574" lon="-1.354505"><ele>141.3</ele><time>2025-01-15T13:26:55.000Z</time></trkpt>
      <trkpt lat="52.739574" lon="-1.354482"><ele>141.2</ele><time>2025-01-15T13:26:56.000Z</time></trkpt>
      <trkpt lat="52.739575" lon="-1.354460"><ele>141.1</ele><time>2025-01-15T13:26:57.000Z</time></trkpt>
      <trkpt lat="52.739576" lon="-1.354439"><ele>141.0</ele><time>2025-01-15T13:26:58.000Z</time></trkpt>
      <trkpt lat="52.739577" lon="-1.354417"><ele>140.9</ele><time>2025-01-15T13:26:59.000Z</time></trkpt>
      <trkpt lat="52.739577" lon="-1.354395"><ele>140.8</ele><time>2025-01-15T13:27:00.000Z</time></trkpt>
      <trkpt lat="52.739576" lon="-1.354374"><ele>140.6</ele><time>2025-01-15T13:27:01.000Z</time></trkpt>
      <trkpt lat="52.739574" lon="-1.354351"><ele>140.5</ele><time>2025-01-15T13:27:02.000Z</time></trkpt>
      <trkpt lat="52.739573" lon="-1.354328"><ele>140.5</ele><time>2025-01-15T13:27:03.000Z</time></trkpt>
      <trkpt lat="52.739572" lon="-1.354305"><ele>140.4</ele><time>2025-01-15T13:27:04.000Z</time></trkpt>
      <trkpt lat="52.739571" lon="-1.354282"><ele>140.3</ele><time>2025-01-15T13:27:05.000Z</time></trkpt>
      <trkpt lat="52.739572" lon="-1.354259"><ele>140.2</ele><time>2025-01-15T13:27:06.000Z</time></trkpt>
      <trkpt lat="52.739574" lon="-1.354237"><ele>140.2</ele><time>2025-01-15T13:27:07.000Z</time></trkpt>
      <trkpt lat="52.739576" lon="-1.354215"><ele>140.1</ele><time>2025-01-15T13:27:08.000Z</time></trkpt>
      <trkpt lat="52.739578" lon="-1.354193"><ele>140.1</ele><time>2025-01-15T13:27:09.000Z</time></trkpt>
      <trkpt lat="52.739581" lon="-1.354173"><ele>140.0</ele><time>2025-01-15T13:27:10.000Z</time></trkpt>
      <trkpt lat="52.739584" lon="-1.354152"><ele>140.0</ele><time>2025-01-15T13:27:11.000Z</time></trkpt>
      <trkpt lat="52.739588" lon="-1.354132"><ele>139.9</ele><time>2025-01-15T13:27:12.000Z</time></trkpt>
      <trkpt lat="52.739591" lon="-1.354111"><ele>139.9</ele><time>2025-01-15T13:27:13.000Z</time></trkpt>
      <trkpt lat="52.739594" lon="-1.354090"><ele>139.8</ele><time>2025-01-15T13:27:14.000Z</time></trkpt>
      <trkpt lat="52.739596" lon="-1.354068"><ele>139.8</ele><time>2025-01-15T13:27:15.000Z</time></trkpt>
      <trkpt lat="52.739598" lon="-1.354045"><ele>139.7</ele><time>2025-01-15T13:27:16.000Z</time></trkpt>
      <trkpt lat="52.739601" lon="-1.354022"><ele>139.7</ele><time>2025-01-15T13:27:17.000Z</time></trkpt>
      <trkpt lat="52.739603" lon="-1.353999"><ele>139.6</ele><time>2025-01-15T13:27:18.000Z</time></trkpt>
      <trkpt lat="52.739605" lon="-1.353975"><ele>139.5</ele><time>2025-01-15T13:27:19.000Z</time></trkpt>
      <trkpt lat="52.739606" lon="-1.353952"><ele>139.5</ele><time>2025-01-15T13:27:20.000Z</time></trkpt>
      <trkpt lat="52.739607" lon="-1.353928"><ele>139.4</ele><time>2025-01-15T13:27:21.000Z</time></trkpt>
      <trkpt lat="52.739608" lon="-1.353906"><ele>139.3</ele><time>2025-01-15T13:27:22.000Z</time></trkpt>
      <trkpt lat="52.739611" lon="-1.353884"><ele>139.2</ele><time>2025-01-15T13:27:23.000Z</time></trkpt>
      <trkpt lat="52.739614" lon="-1.353863"><ele>139.1</ele><time>2025-01-15T13:27:24.000Z</time></trkpt>
      <trkpt lat="52.739617" lon="-1.353841"><ele>139.0</ele><time>2025-01-15T13:27:25.000Z</time></trkpt>
      <trkpt lat="52.739620" lon="-1.353820"><ele>138.9</ele><time>2025-01-15T13:27:26.000Z</time></trkpt>
      <trkpt lat="52.739623" lon="-1.353798"><ele>138.8</ele><time>2025-01-15T13:27:27.000Z</time></trkpt>
      <trkpt lat="52.739626" lon="-1.353776"><ele>138.7</ele><time>2025-01-15T13:27:28.000Z</time></trkpt>
      <trkpt lat="52.739628" lon="-1.353754"><ele>138.6</ele><time>2025-01-15T13:27:29.000Z</time></trkpt>
      <trkpt lat="52.739629" lon="-1.353731"><ele>138.4</ele><time>2025-01-15T13:27:30.000Z</time></trkpt>
      <trkpt lat="52.739629" lon="-1.353707"><ele>138.3</ele><time>2025-01-15T13:27:31.000Z</time></trkpt>
      <trkpt lat="52.739629" lon="-1.353683"><ele>138.3</ele><time>2025-01-15T13:27:32.000Z</time></trkpt>
      <trkpt lat="52.739627" lon="-1.353659"><ele>138.2</ele><time>2025-01-15T13:27:33.000Z</time></trkpt>
      <trkpt lat="52.739622" lon="-1.353635"><ele>138.1</ele><time>2025-01-15T13:27:34.000Z</time></trkpt>
      <trkpt lat="52.739615" lon="-1.353612"><ele>138.1</ele><time>2025-01-15T13:27:35.000Z</time></trkpt>
      <trkpt lat="52.739606" lon="-1.353591"><ele>138.0</ele><time>2025-01-15T13:27:36.000Z</time></trkpt>
      <trkpt lat="52.739596" lon="-1.353572"><ele>138.0</ele><time>2025-01-15T13:27:37.000Z</time></trkpt>
      <trkpt lat="52.739585" lon="-1.353553"><ele>138.0</ele><time>2025-01-15T13:27:38.000Z</time></trkpt>
      <trkpt lat="52.739575" lon="-1.353536"><ele>137.9</ele><time>2025-01-15T13:27:39.000Z</time></trkpt>
      <trkpt lat="52.739566" lon="-1.353517"><ele>137.9</ele><time>2025-01-15T13:27:40.000Z</time></trkpt>
      <trkpt lat="52.739558" lon="-1.353499"><ele>137.9</ele><time>2025-01-15T13:27:41.000Z</time></trkpt>
      <trkpt lat="52.739551" lon="-1.353479"><ele>138.0</ele><time>2025-01-15T13:27:42.000Z</time></trkpt>
      <trkpt lat="52.739544" lon="-1.353459"><ele>138.0</ele><time>2025-01-15T13:27:43.000Z</time></trkpt>
      <trkpt lat="52.739538" lon="-1.353439"><ele>138.0</ele><time>2025-01-15T13:27:44.000Z</time></trkpt>
      <trkpt lat="52.739531" lon="-1.353418"><ele>138.0</ele><time>2025-01-15T13:27:45.000Z</time></trkpt>
      <trkpt lat="52.739525" lon="-1.353397"><ele>138.0</ele><time>2025-01-15T13:27:46.000Z</time></trkpt>
      <trkpt lat="52.739520" lon="-1.353376"><ele>138.1</ele><time>2025-01-15T13:27:47.000Z</time></trkpt>
      <trkpt lat="52.739516" lon="-1.353354"><ele>138.1</ele><time>2025-01-15T13:27:48.000Z</time></trkpt>
      <trkpt lat="52.739512" lon="-1.353332"><ele>138.1</ele><time>2025-01-15T13:27:49.000Z</time></trkpt>
      <trkpt lat="52.739509" lon="-1.353311"><ele>138.1</ele><time>2025-01-15T13:27:50.000Z</time></trkpt>
      <trkpt lat="52.739505" lon="-1.353290"><ele>138.1</ele><time>2025-01-15T13:27:51.000Z</time></trkpt>
      <trkpt lat="52.739501" lon="-1.353269"><ele>138.1</ele><time>2025-01-15T13:27:52.000Z</time></trkpt>
      <trkpt lat="52.739497" lon="-1.353249"><ele>138.1</ele><time>2025-01-15T13:27:53.000Z</time></trkpt>
      <trkpt lat="52.739492" lon="-1.353228"><ele>138.2</ele><time>2025-01-15T13:27:54.000Z</time></trkpt>
      <trkpt lat="52.739488" lon="-1.353207"><ele>138.2</ele><time>2025-01-15T13:27:55.000Z</time></trkpt>
      <trkpt lat="52.739486" lon="-1.353186"><ele>138.2</ele><time>2025-01-15T13:27:56.000Z</time></trkpt>
      <trkpt lat="52.739485" lon="-1.353163"><ele>138.2</ele><time>2025-01-15T13:27:57.000Z</time></trkpt>
      <trkpt lat="52.739485" lon="-1.353141"><ele>138.2</ele><time>2025-01-15T13:27:58.000Z</time></trkpt>
      <trkpt lat="52.739484" lon="-1.353118"><ele>138.2</ele><time>2025-01-15T13:27:59.000Z</time></trkpt>
      <trkpt lat="52.739483" lon="-1.353096"><ele>138.2</ele><time>2025-01-15T13:28:00.000Z</time></trkpt>
      <trkpt lat="52.739481" lon="-1.353076"><ele>138.3</ele><time>2025-01-15T13:28:01.000Z</time></trkpt>
      <trkpt lat="52.739479" lon="-1.353056"><ele>138.3</ele><time>2025-01-15T13:28:02.000Z</time></trkpt>
      <trkpt lat="52.739477" lon="-1.353035"><ele>138.3</ele><time>2025-01-15T13:28:03.000Z</time></trkpt>
      <trkpt lat="52.739474" lon="-1.353013"><ele>138.3</ele><time>2025-01-15T13:28:04.000Z</time></trkpt>
      <trkpt lat="52.739471" lon="-1.352992"><ele>138.4</ele><time>2025-01-15T13:28:05.000Z</time></trkpt>
      <trkpt lat="52.739466" lon="-1.352972"><ele>138.4</ele><time>2025-01-15T13:28:06.000Z</time></trkpt>
      <trkpt lat="52.739460" lon="-1.352952"><ele>138.5</ele><time>2025-01-15T13:28:07.000Z</time></trkpt>
      <trkpt lat="52.739452" lon="-1.352933"><ele>138.6</ele><time>2025-01-15T13:28:08.000Z</time></trkpt>
      <trkpt lat="52.739443" lon="-1.352915"><ele>138.7</ele><time>2025-01-15T13:28:09.000Z</time></trkpt>
      <trkpt lat="52.739432" lon="-1.352898"><ele>138.7</ele><time>2025-01-15T13:28:10.000Z</time></trkpt>
      <trkpt lat="52.739421" lon="-1.352883"><ele>138.8</ele><time>2025-01-15T13:28:11.000Z</time></trkpt>
      <trkpt lat="52.739409" lon="-1.352868"><ele>138.9</ele><time>2025-01-15T13:28:12.000Z</time></trkpt>
      <trkpt lat="52.739398" lon="-1.352855"><ele>138.9</ele><time>2025-01-15T13:28:13.000Z</time></trkpt>
      <trkpt lat="52.739386" lon="-1.352842"><ele>139.0</ele><time>2025-01-15T13:28:14.000Z</time></trkpt>
      <trkpt lat="52.739375" lon="-1.352830"><ele>139.0</ele><time>2025-01-15T13:28:15.000Z</time></trkpt>
      <trkpt lat="52.739366" lon="-1.352817"><ele>139.1</ele><time>2025-01-15T13:28:16.000Z</time></trkpt>
      <trkpt lat="52.739357" lon="-1.352803"><ele>139.2</ele><time>2025-01-15T13:28:17.000Z</time></trkpt>
      <trkpt lat="52.739348" lon="-1.352788"><ele>139.2</ele><time>2025-01-15T13:28:18.000Z</time></trkpt>
      <trkpt lat="52.739337" lon="-1.352771"><ele>139.3</ele><time>2025-01-15T13:28:19.000Z</time></trkpt>
      <trkpt lat="52.739326" lon="-1.352756"><ele>139.4</ele><time>2025-01-15T13:28:20.000Z</time></trkpt>
      <trkpt lat="52.739314" lon="-1.352742"><ele>139.5</ele><time>2025-01-15T13:28:21.000Z</time></trkpt>
      <trkpt lat="52.739301" lon="-1.352730"><ele>139.5</ele><time>2025-01-15T13:28:22.000Z</time></trkpt>
      <trkpt lat="52.739289" lon="-1.352719"><ele>139.6</ele><time>2025-01-15T13:28:23.000Z</time></trkpt>
      <trkpt lat="52.739276" lon="-1.352709"><ele>139.7</ele><time>2025-01-15T13:28:24.000Z</time></trkpt>
      <trkpt lat="52.739265" lon="-1.352700"><ele>139.8</ele><time>2025-01-15T13:28:25.000Z</time></trkpt>
      <trkpt lat="52.739255" lon="-1.352691"><ele>139.9</ele><time>2025-01-15T13:28:26.000Z</time></trkpt>
      <trkpt lat="52.739245" lon="-1.352681"><ele>140.0</ele><time>2025-01-15T13:28:27.000Z</time></trkpt>
      <trkpt lat="52.739234" lon="-1.352670"><ele>140.2</ele><time>2025-01-15T13:28:28.000Z</time></trkpt>
      <trkpt lat="52.739223" lon="-1.352657"><ele>140.3</ele><time>2025-01-15T13:28:29.000Z</time></trkpt>
      <trkpt lat="52.739212" lon="-1.352643"><ele>140.4</ele><time>2025-01-15T13:28:30.000Z</time></trkpt>
      <trkpt lat="52.739202" lon="-1.352628"><ele>140.5</ele><time>2025-01-15T13:28:31.000Z</time></trkpt>
      <trkpt lat="52.739192" lon="-1.352615"><ele>140.6</ele><time>2025-01-15T13:28:32.000Z</time></trkpt>
      <trkpt lat="52.739182" lon="-1.352601"><ele>140.7</ele><time>2025-01-15T13:28:33.000Z</time></trkpt>
      <trkpt lat="52.739172" lon="-1.352587"><ele>140.8</ele><time>2025-01-15T13:28:34.000Z</time></trkpt>
      <trkpt lat="52.739163" lon="-1.352573"><ele>140.9</ele><time>2025-01-15T13:28:35.000Z</time></trkpt>
      <trkpt lat="52.739154" lon="-1.352559"><ele>141.0</ele><time>2025-01-15T13:28:36.000Z</time></trkpt>
      <trkpt lat="52.739145" lon="-1.352545"><ele>141.0</ele><time>2025-01-15T13:28:37.000Z</time></trkpt>
      <trkpt lat="52.739136" lon="-1.352532"><ele>141.1</ele><time>2025-01-15T13:28:38.000Z</time></trkpt>
      <trkpt lat="52.739127" lon="-1.352518"><ele>141.1</ele><time>2025-01-15T13:28:39.000Z</time></trkpt>
      <trkpt lat="52.739118" lon="-1.352504"><ele>141.2</ele><time>2025-01-15T13:28:40.000Z</time></trkpt>
      <trkpt lat="52.739109" lon="-1.352488"><ele>141.2</ele><time>2025-01-15T13:28:41.000Z</time></trkpt>
      <trkpt lat="52.739100" lon="-1.352472"><ele>141.2</ele><time>2025-01-15T13:28:42.000Z</time></trkpt>
      <trkpt lat="52.739091" lon="-1.352456"><ele>141.3</ele><time>2025-01-15T13:28:43.000Z</time></trkpt>
      <trkpt lat="52.739083" lon="-1.352438"><ele>141.3</ele><time>2025-01-15T13:28:44.000Z</time></trkpt>
      <trkpt lat="52.739076" lon="-1.352420"><ele>141.3</ele><time>2025-01-15T13:28:45.000Z</time></trkpt>
      <trkpt lat="52.739069" lon="-1.352402"><ele>141.3</ele><time>2025-01-15T13:28:46.000Z</time></trkpt>
      <trkpt lat="52.739061" lon="-1.352385"><ele>141.3</ele><time>2025-01-15T13:28:47.000Z</time></trkpt>
      <trkpt lat="52.739053" lon="-1.352368"><ele>141.4</ele><time>2025-01-15T13:28:48.000Z</time></trkpt>
      <trkpt lat="52.739044" lon="-1.352351"><ele>141.4</ele><time>2025-01-15T13:28:49.000Z</time></trkpt>
      <trkpt lat="52.739034" lon="-1.352336"><ele>141.4</ele><time>2025-01-15T13:28:50.000Z</time></trkpt>
      <trkpt lat="52.739024" lon="-1.352321"><ele>141.5</ele><time>2025-01-15T13:28:51.000Z</time></trkpt>
      <trkpt lat="52.739014" lon="-1.352306"><ele>141.5</ele><time>2025-01-15T13:28:52.000Z</time></trkpt>
      <trkpt lat="52.739003" lon="-1.352292"><ele>141.5</ele><time>2025-01-15T13:28:53.000Z</time></trkpt>
      <trkpt lat="52.738991" lon="-1.352277"><ele>141.6</ele><time>2025-01-15T13:28:54.000Z</time></trkpt>
      <trkpt lat="52.738980" lon="-1.352261"><ele>141.6</ele><time>2025-01-15T13:28:55.000Z</time></trkpt>
      <trkpt lat="52.738968" lon="-1.352246"><ele>141.6</ele><time>2025-01-15T13:28:56.000Z</time></trkpt>
      <trkpt lat="52.738957" lon="-1.352231"><ele>141.7</ele><time>2025-01-15T13:28:57.000Z</time></trkpt>
      <trkpt lat="52.738946" lon="-1.352216"><ele>141.7</ele><time>2025-01-15T13:28:58.000Z</time></trkpt>
      <trkpt lat="52.738936" lon="-1.352201"><ele>141.7</ele><time>2025-01-15T13:28:59.000Z</time></trkpt>
      <trkpt lat="52.738925" lon="-1.352187"><ele>141.7</ele><time>2025-01-15T13:29:00.000Z</time></trkpt>
      <trkpt lat="52.738914" lon="-1.352174"><ele>141.7</ele><time>2025-01-15T13:29:01.000Z</time></trkpt>
      <trkpt lat="52.738902" lon="-1.352162"><ele>141.7</ele><time>2025-01-15T13:29:02.000Z</time></trkpt>
      <trkpt lat="52.738891" lon="-1.352150"><ele>141.7</ele><time>2025-01-15T13:29:03.000Z</time></trkpt>
      <trkpt lat="52.738880" lon="-1.352139"><ele>141.7</ele><time>2025-01-15T13:29:04.000Z</time></trkpt>
      <trkpt lat="52.738870" lon="-1.352129"><ele>141.6</ele><time>2025-01-15T13:29:05.000Z</time></trkpt>
      <trkpt lat="52.738859" lon="-1.352120"><ele>141.6</ele><time>2025-01-15T13:29:06.000Z</time></trkpt>
      <trkpt lat="52.738849" lon="-1.352109"><ele>141.6</ele><time>2025-01-15T13:29:07.000Z</time></trkpt>
      <trkpt lat="52.738837" lon="-1.352098"><ele>141.6</ele><time>2025-01-15T13:29:08.000Z</time></trkpt>
      <trkpt lat="52.738826" lon="-1.352088"><ele>141.6</ele><time>2025-01-15T13:29:09.000Z</time></trkpt>
      <trkpt lat="52.738814" lon="-1.352078"><ele>141.6</ele><time>2025-01-15T13:29:10.000Z</time></trkpt>
      <trkpt lat="52.738802" lon="-1.352068"><ele>141.6</ele><time>2025-01-15T13:29:11.000Z</time></trkpt>
      <trkpt lat="52.738790" lon="-1.352059"><ele>141.6</ele><time>2025-01-15T13:29:12.000Z</time></trkpt>
      <trkpt lat="52.738779" lon="-1.352049"><ele>141.6</ele><time>2025-01-15T13:29:13.000Z</time></trkpt>
      <trkpt lat="52.738768" lon="-1.352041"><ele>141.6</ele><time>2025-01-15T13:29:14.000Z</time></trkpt>
      <trkpt lat="52.738758" lon="-1.352032"><ele>141.6</ele><time>2025-01-15T13:29:15.000Z</time></trkpt>
      <trkpt lat="52.738747" lon="-1.352022"><ele>141.7</ele><time>2025-01-15T13:29:16.000Z</time></trkpt>
      <trkpt lat="52.738737" lon="-1.352011"><ele>141.7</ele><time>2025-01-15T13:29:17.000Z</time></trkpt>
      <trkpt lat="52.738726" lon="-1.351999"><ele>141.7</ele><time>2025-01-15T13:29:18.000Z</time></trkpt>
      <trkpt lat="52.738716" lon="-1.351986"><ele>141.8</ele><time>2025-01-15T13:29:19.000Z</time></trkpt>
      <trkpt lat="52.738705" lon="-1.351973"><ele>141.8</ele><time>2025-01-15T13:29:20.000Z</time></trkpt>
      <trkpt lat="52.738695" lon="-1.351959"><ele>141.9</ele><time>2025-01-15T13:29:21.000Z</time></trkpt>
      <trkpt lat="52.738685" lon="-1.351944"><ele>142.0</ele><time>2025-01-15T13:29:22.000Z</time></trkpt>
      <trkpt lat="52.738675" lon="-1.351929"><ele>142.0</ele><time>2025-01-15T13:29:23.000Z</time></trkpt>
      <trkpt lat="52.738666" lon="-1.351914"><ele>142.1</ele><time>2025-01-15T13:29:24.000Z</time></trkpt>
      <trkpt lat="52.738658" lon="-1.351898"><ele>142.2</ele><time>2025-01-15T13:29:25.000Z</time></trkpt>
      <trkpt lat="52.738650" lon="-1.351881"><ele>142.2</ele><time>2025-01-15T13:29:26.000Z</time></trkpt>
      <trkpt lat="52.738643" lon="-1.351864"><ele>142.3</ele><time>2025-01-15T13:29:27.000Z</time></trkpt>
      <trkpt lat="52.738636" lon="-1.351847"><ele>142.4</ele><time>2025-01-15T13:29:28.000Z</time></trkpt>
      <trkpt lat="52.738630" lon="-1.351832"><ele>142.4</ele><time>2025-01-15T13:29:29.000Z</time></trkpt>
      <trkpt lat="52.738624" lon="-1.351817"><ele>142.4</ele><time>2025-01-15T13:29:30.000Z</time></trkpt>
      <trkpt lat="52.738617" lon="-1.351803"><ele>142.5</ele><time>2025-01-15T13:29:31.000Z</time></trkpt>
      <trkpt lat="52.738611" lon="-1.351788"><ele>142.5</ele><time>2025-01-15T13:29:32.000Z</time></trkpt>
      <trkpt lat="52.738604" lon="-1.351773"><ele>142.5</ele><time>2025-01-15T13:29:33.000Z</time></trkpt>
      <trkpt lat="52.738598" lon="-1.351758"><ele>142.6</ele><time>2025-01-15T13:29:34.000Z</time></trkpt>
      <trkpt lat="52.738593" lon="-1.351742"><ele>142.6</ele><time>2025-01-15T13:29:35.000Z</time></trkpt>
      <trkpt lat="52.738588" lon="-1.351725"><ele>142.6</ele><time>2025-01-15T13:29:36.000Z</time></trkpt>
      <trkpt lat="52.738586" lon="-1.351706"><ele>142.6</ele><time>2025-01-15T13:29:37.000Z</time></trkpt>
      <trkpt lat="52.738585" lon="-1.351687"><ele>142.6</ele><time>2025-01-15T13:29:38.000Z</time></trkpt>
      <trkpt lat="52.738586" lon="-1.351669"><ele>142.6</ele><time>2025-01-15T13:29:39.000Z</time></trkpt>
      <trkpt lat="52.738588" lon="-1.351649"><ele>142.6</ele><time>2025-01-15T13:29:40.000Z</time></trkpt>
      <trkpt lat="52.738590" lon="-1.351629"><ele>142.5</ele><time>2025-01-15T13:29:41.000Z</time></trkpt>
      <trkpt lat="52.738589" lon="-1.351608"><ele>142.5</ele><time>2025-01-15T13:29:42.000Z</time></trkpt>
      <trkpt lat="52.738586" lon="-1.351589"><ele>142.5</ele><time>2025-01-15T13:29:43.000Z</time></trkpt>
      <trkpt lat="52.738581" lon="-1.351569"><ele>142.6</ele><time>2025-01-15T13:29:44.000Z</time></trkpt>
      <trkpt lat="52.738574" lon="-1.351553"><ele>142.6</ele><time>2025-01-15T13:29:45.000Z</time></trkpt>
      <trkpt lat="52.738565" lon="-1.351538"><ele>142.6</ele><time>2025-01-15T13:29:46.000Z</time></trkpt>
      <trkpt lat="52.738554" lon="-1.351524"><ele>142.6</ele><time>2025-01-15T13:29:47.000Z</time></trkpt>
      <trkpt lat="52.738544" lon="-1.351511"><ele>142.7</ele><time>2025-01-15T13:29:48.000Z</time></trkpt>
      <trkpt lat="52.738534" lon="-1.351498"><ele>142.7</ele><time>2025-01-15T13:29:49.000Z</time></trkpt>
      <trkpt lat="52.738524" lon="-1.351486"><ele>142.8</ele><time>2025-01-15T13:29:50.000Z</time></trkpt>
      <trkpt lat="52.738513" lon="-1.351473"><ele>142.8</ele><time>2025-01-15T13:29:51.000Z</time></trkpt>
      <trkpt lat="52.738502" lon="-1.351461"><ele>142.9</ele><time>2025-01-15T13:29:52.000Z</time></trkpt>
      <trkpt lat="52.738490" lon="-1.351451"><ele>142.9</ele><time>2025-01-15T13:29:53.000Z</time></trkpt>
      <trkpt lat="52.738479" lon="-1.351440"><ele>143.0</ele><time>2025-01-15T13:29:54.000Z</time></trkpt>
      <trkpt lat="52.738468" lon="-1.351429"><ele>143.0</ele><time>2025-01-15T13:29:55.000Z</time></trkpt>
      <trkpt lat="52.738457" lon="-1.351417"><ele>143.1</ele><time>2025-01-15T13:29:56.000Z</time></trkpt>
      <trkpt lat="52.738447" lon="-1.351404"><ele>143.1</ele><time>2025-01-15T13:29:57.000Z</time></trkpt>
      <trkpt lat="52.738436" lon="-1.351392"><ele>143.2</ele><time>2025-01-15T13:29:58.000Z</time></trkpt>
      <trkpt lat="52.738425" lon="-1.351380"><ele>143.2</ele><time>2025-01-15T13:29:59.000Z</time></trkpt>
      <trkpt lat="52.738414" lon="-1.351368"><ele>143.3</ele><time>2025-01-15T13:30:00.000Z</time></trkpt>
      <trkpt lat="52.738403" lon="-1.351357"><ele>143.3</ele><time>2025-01-15T13:30:01.000Z</time></trkpt>
      <trkpt lat="52.738392" lon="-1.351345"><ele>143.3</ele><time>2025-01-15T13:30:02.000Z</time></trkpt>
      <trkpt lat="52.738381" lon="-1.351333"><ele>143.4</ele><time>2025-01-15T13:30:03.000Z</time></trkpt>
      <trkpt lat="52.738369" lon="-1.351322"><ele>143.4</ele><time>2025-01-15T13:30:04.000Z</time></trkpt>
      <trkpt lat="52.738358" lon="-1.351310"><ele>143.5</ele><time>2025-01-15T13:30:05.000Z</time></trkpt>
      <trkpt lat="52.738347" lon="-1.351299"><ele>143.5</ele><time>2025-01-15T13:30:06.000Z</time></trkpt>
      <trkpt lat="52.738335" lon="-1.351288"><ele>143.5</ele><time>2025-01-15T13:30:07.000Z</time></trkpt>
      <trkpt lat="52.738323" lon="-1.351278"><ele>143.5</ele><time>2025-01-15T13:30:08.000Z</time></trkpt>
      <trkpt lat="52.738311" lon="-1.351268"><ele>143.5</ele><time>2025-01-15T13:30:09.000Z</time></trkpt>
      <trkpt lat="52.738299" lon="-1.351258"><ele>143.6</ele><time>2025-01-15T13:30:10.000Z</time></trkpt>
      <trkpt lat="52.738286" lon="-1.351250"><ele>143.6</ele><time>2025-01-15T13:30:11.000Z</time></trkpt>
      <trkpt lat="52.738274" lon="-1.351242"><ele>143.6</ele><time>2025-01-15T13:30:12.000Z</time></trkpt>
      <trkpt lat="52.738261" lon="-1.351233"><ele>143.6</ele><time>2025-01-15T13:30:13.000Z</time></trkpt>
      <trkpt lat="52.738248" lon="-1.351223"><ele>143.7</ele><time>2025-01-15T13:30:14.000Z</time></trkpt>
      <trkpt lat="52.738236" lon="-1.351212"><ele>143.7</ele><time>2025-01-15T13:30:15.000Z</time></trkpt>
      <trkpt lat="52.738225" lon="-1.351201"><ele>143.7</ele><time>2025-01-15T13:30:16.000Z</time></trkpt>
      <trkpt lat="52.738213" lon="-1.351189"><ele>143.8</ele><time>2025-01-15T13:30:17.000Z</time></trkpt>
      <trkpt lat="52.738200" lon="-1.351179"><ele>143.8</ele><time>2025-01-15T13:30:18.000Z</time></trkpt>
      <trkpt lat="52.738187" lon="-1.351168"><ele>143.9</ele><time>2025-01-15T13:30:19.000Z</time></trkpt>
      <trkpt lat="52.738174" lon="-1.351158"><ele>143.9</ele><time>2025-01-15T13:30:20.000Z</time></trkpt>
      <trkpt lat="52.738162" lon="-1.351148"><ele>143.9</ele><time>2025-01-15T13:30:21.000Z</time></trkpt>
      <trkpt lat="52.738149" lon="-1.351136"><ele>144.0</ele><time>2025-01-15T13:30:22.000Z</time></trkpt>
      <trkpt lat="52.738136" lon="-1.351124"><ele>144.1</ele><time>2025-01-15T13:30:23.000Z</time></trkpt>
      <trkpt lat="52.738122" lon="-1.351111"><ele>144.1</ele><time>2025-01-15T13:30:24.000Z</time></trkpt>
      <trkpt lat="52.738109" lon="-1.351100"><ele>144.2</ele><time>2025-01-15T13:30:25.000Z</time></trkpt>
      <trkpt lat="52.738096" lon="-1.351090"><ele>144.2</ele><time>2025-01-15T13:30:26.000Z</time></trkpt>
      <trkpt lat="52.738083" lon="-1.351079"><ele>144.2</ele><time>2025-01-15T13:30:27.000Z</time></trkpt>
      <trkpt lat="52.738070" lon="-1.351069"><ele>144.3</ele><time>2025-01-15T13:30:28.000Z</time></trkpt>
      <trkpt lat="52.738057" lon="-1.351061"><ele>144.3</ele><time>2025-01-15T13:30:29.000Z</time></trkpt>
      <trkpt lat="52.738044" lon="-1.351054"><ele>144.3</ele><time>2025-01-15T13:30:30.000Z</time></trkpt>
      <trkpt lat="52.738030" lon="-1.351048"><ele>144.4</ele><time>2025-01-15T13:30:31.000Z</time></trkpt>
      <trkpt lat="52.738016" lon="-1.351041"><ele>144.4</ele><time>2025-01-15T13:30:32.000Z</time></trkpt>
      <trkpt lat="52.738001" lon="-1.351033"><ele>144.5</ele><time>2025-01-15T13:30:33.000Z</time></trkpt>
      <trkpt lat="52.737987" lon="-1.351025"><ele>144.5</ele><time>2025-01-15T13:30:34.000Z</time></trkpt>
      <trkpt lat="52.737973" lon="-1.351017"><ele>144.6</ele><time>2025-01-15T13:30:35.000Z</time></trkpt>
      <trkpt lat="52.737960" lon="-1.351008"><ele>144.6</ele><time>2025-01-15T13:30:36.000Z</time></trkpt>
      <trkpt lat="52.737947" lon="-1.350998"><ele>144.6</ele><time>2025-01-15T13:30:37.000Z</time></trkpt>
      <trkpt lat="52.737934" lon="-1.350988"><ele>144.7</ele><time>2025-01-15T13:30:38.000Z</time></trkpt>
      <trkpt lat="52.737922" lon="-1.350977"><ele>144.7</ele><time>2025-01-15T13:30:39.000Z</time></trkpt>
      <trkpt lat="52.737909" lon="-1.350968"><ele>144.7</ele><time>2025-01-15T13:30:40.000Z</time></trkpt>
      <trkpt lat="52.737897" lon="-1.350959"><ele>144.8</ele><time>2025-01-15T13:30:41.000Z</time></trkpt>
      <trkpt lat="52.737885" lon="-1.350950"><ele>144.8</ele><time>2025-01-15T13:30:42.000Z</time></trkpt>
      <trkpt lat="52.737872" lon="-1.350941"><ele>144.8</ele><time>2025-01-15T13:30:43.000Z</time></trkpt>
      <trkpt lat="52.737858" lon="-1.350931"><ele>144.8</ele><time>2025-01-15T13:30:44.000Z</time></trkpt>
      <trkpt lat="52.737843" lon="-1.350923"><ele>144.8</ele><time>2025-01-15T13:30:45.000Z</time></trkpt>
      <trkpt lat="52.737829" lon="-1.350917"><ele>144.8</ele><time>2025-01-15T13:30:46.000Z</time></trkpt>
      <trkpt lat="52.737814" lon="-1.350910"><ele>144.8</ele><time>2025-01-15T13:30:47.000Z</time></trkpt>
      <trkpt lat="52.737800" lon="-1.350904"><ele>144.8</ele><time>2025-01-15T13:30:48.000Z</time></trkpt>
      <trkpt lat="52.737786" lon="-1.350896"><ele>144.8</ele><time>2025-01-15T13:30:49.000Z</time></trkpt>
      <trkpt lat="52.737773" lon="-1.350888"><ele>144.7</ele><time>2025-01-15T13:30:50.000Z</time></trkpt>
      <trkpt lat="52.737760" lon="-1.350880"><ele>144.7</ele><time>2025-01-15T13:30:51.000Z</time></trkpt>
      <trkpt lat="52.737748" lon="-1.350871"><ele>144.7</ele><time>2025-01-15T13:30:52.000Z</time></trkpt>
      <trkpt lat="52.737734" lon="-1.350862"><ele>144.7</ele><time>2025-01-15T13:30:53.000Z</time></trkpt>
      <trkpt lat="52.737720" lon="-1.350853"><ele>144.7</ele><time>2025-01-15T13:30:54.000Z</time></trkpt>
      <trkpt lat="52.737706" lon="-1.350843"><ele>144.7</ele><time>2025-01-15T13:30:55.000Z</time></trkpt>
      <trkpt lat="52.737691" lon="-1.350834"><ele>144.7</ele><time>2025-01-15T13:30:56.000Z</time></trkpt>
      <trkpt lat="52.737677" lon="-1.350825"><ele>144.7</ele><time>2025-01-15T13:30:57.000Z</time></trkpt>
      <trkpt lat="52.737663" lon="-1.350817"><ele>144.7</ele><time>2025-01-15T13:30:58.000Z</time></trkpt>
      <trkpt lat="52.737650" lon="-1.350809"><ele>144.7</ele><time>2025-01-15T13:30:59.000Z</time></trkpt>
      <trkpt lat="52.737637" lon="-1.350801"><ele>144.7</ele><time>2025-01-15T13:31:00.000Z</time></trkpt>
      <trkpt lat="52.737625" lon="-1.350794"><ele>144.8</ele><time>2025-01-15T13:31:01.000Z</time></trkpt>
      <trkpt lat="52.737612" lon="-1.350786"><ele>144.8</ele><time>2025-01-15T13:31:02.000Z</time></trkpt>
      <trkpt lat="52.737599" lon="-1.350778"><ele>144.8</ele><time>2025-01-15T13:31:03.000Z</time></trkpt>
      <trkpt lat="52.737586" lon="-1.350770"><ele>144.9</ele><time>2025-01-15T13:31:04.000Z</time></trkpt>
      <trkpt lat="52.737572" lon="-1.350762"><ele>145.0</ele><time>2025-01-15T13:31:05.000Z</time></trkpt>
      <trkpt lat="52.737559" lon="-1.350755"><ele>145.0</ele><time>2025-01-15T13:31:06.000Z</time></trkpt>
      <trkpt lat="52.737545" lon="-1.350747"><ele>145.1</ele><time>2025-01-15T13:31:07.000Z</time></trkpt>
      <trkpt lat="52.737532" lon="-1.350740"><ele>145.2</ele><time>2025-01-15T13:31:08.000Z</time></trkpt>
      <trkpt lat="52.737519" lon="-1.350733"><ele>145.3</ele><time>2025-01-15T13:31:09.000Z</time></trkpt>
      <trkpt lat="52.737505" lon="-1.350725"><ele>145.4</ele><time>2025-01-15T13:31:10.000Z</time></trkpt>
      <trkpt lat="52.737493" lon="-1.350718"><ele>145.5</ele><time>2025-01-15T13:31:11.000Z</time></trkpt>
      <trkpt lat="52.737480" lon="-1.350711"><ele>145.6</ele><time>2025-01-15T13:31:12.000Z</time></trkpt>
      <trkpt lat="52.737467" lon="-1.350704"><ele>145.6</ele><time>2025-01-15T13:31:13.000Z</time></trkpt>
      <trkpt lat="52.737454" lon="-1.350696"><ele>145.7</ele><time>2025-01-15T13:31:14.000Z</time></trkpt>
      <trkpt lat="52.737441" lon="-1.350688"><ele>145.8</ele><time>2025-01-15T13:31:15.000Z</time></trkpt>
      <trkpt lat="52.737428" lon="-1.350679"><ele>145.8</ele><time>2025-01-15T13:31:16.000Z</time></trkpt>
      <trkpt lat="52.737415" lon="-1.350670"><ele>145.9</ele><time>2025-01-15T13:31:17.000Z</time></trkpt>
      <trkpt lat="52.737402" lon="-1.350660"><ele>145.9</ele><time>2025-01-15T13:31:18.000Z</time></trkpt>
      <trkpt lat="52.737389" lon="-1.350651"><ele>146.0</ele><time>2025-01-15T13:31:19.000Z</time></trkpt>
      <trkpt lat="52.737376" lon="-1.350643"><ele>146.0</ele><time>2025-01-15T13:31:20.000Z</time></trkpt>
      <trkpt lat="52.737362" lon="-1.350636"><ele>146.1</ele><time>2025-01-15T13:31:21.000Z</time></trkpt>
      <trkpt lat="52.737349" lon="-1.350629"><ele>146.1</ele><time>2025-01-15T13:31:22.000Z</time></trkpt>
      <trkpt lat="52.737336" lon="-1.350623"><ele>146.1</ele><time>2025-01-15T13:31:23.000Z</time></trkpt>
      <trkpt lat="52.737324" lon="-1.350614"><ele>146.1</ele><time>2025-01-15T13:31:24.000Z</time></trkpt>
      <trkpt lat="52.737312" lon="-1.350603"><ele>146.1</ele><time>2025-01-15T13:31:25.000Z</time></trkpt>
      <trkpt lat="52.737301" lon="-1.350591"><ele>146.1</ele><time>2025-01-15T13:31:26.000Z</time></trkpt>
      <trkpt lat="52.737289" lon="-1.350579"><ele>146.2</ele><time>2025-01-15T13:31:27.000Z</time></trkpt>
      <trkpt lat="52.737278" lon="-1.350568"><ele>146.2</ele><time>2025-01-15T13:31:28.000Z</time></trkpt>
      <trkpt lat="52.737266" lon="-1.350557"><ele>146.3</ele><time>2025-01-15T13:31:29.000Z</time></trkpt>
      <trkpt lat="52.737253" lon="-1.350547"><ele>146.3</ele><time>2025-01-15T13:31:30.000Z</time></trkpt>
      <trkpt lat="52.737239" lon="-1.350537"><ele>146.3</ele><time>2025-01-15T13:31:31.000Z</time></trkpt>
      <trkpt lat="52.737226" lon="-1.350525"><ele>146.4</ele><time>2025-01-15T13:31:32.000Z</time></trkpt>
      <trkpt lat="52.737214" lon="-1.350513"><ele>146.5</ele><time>2025-01-15T13:31:33.000Z</time></trkpt>
      <trkpt lat="52.737202" lon="-1.350498"><ele>146.5</ele><time>2025-01-15T13:31:34.000Z</time></trkpt>
      <trkpt lat="52.737191" lon="-1.350483"><ele>146.6</ele><time>2025-01-15T13:31:35.000Z</time></trkpt>
      <trkpt lat="52.737180" lon="-1.350469"><ele>146.6</ele><time>2025-01-15T13:31:36.000Z</time></trkpt>
      <trkpt lat="52.737168" lon="-1.350457"><ele>146.7</ele><time>2025-01-15T13:31:37.000Z</time></trkpt>
      <trkpt lat="52.737157" lon="-1.350445"><ele>146.8</ele><time>2025-01-15T13:31:38.000Z</time></trkpt>
      <trkpt lat="52.737146" lon="-1.350433"><ele>146.8</ele><time>2025-01-15T13:31:39.000Z</time></trkpt>
      <trkpt lat="52.737134" lon="-1.350421"><ele>146.9</ele><time>2025-01-15T13:31:40.000Z</time></trkpt>
      <trkpt lat="52.737122" lon="-1.350411"><ele>147.0</ele><time>2025-01-15T13:31:41.000Z</time></trkpt>
      <trkpt lat="52.737110" lon="-1.350400"><ele>147.0</ele><time>2025-01-15T13:31:42.000Z</time></trkpt>
      <trkpt lat="52.737097" lon="-1.350389"><ele>147.0</ele><time>2025-01-15T13:31:43.000Z</time></trkpt>
      <trkpt lat="52.737085" lon="-1.350377"><ele>147.1</ele><time>2025-01-15T13:31:44.000Z</time></trkpt>
      <trkpt lat="52.737072" lon="-1.350366"><ele>147.1</ele><time>2025-01-15T13:31:45.000Z</time></trkpt>
      <trkpt lat="52.737060" lon="-1.350355"><ele>147.1</ele><time>2025-01-15T13:31:46.000Z</time></trkpt>
      <trkpt lat="52.737048" lon="-1.350343"><ele>147.2</ele><time>2025-01-15T13:31:47.000Z</time></trkpt>
      <trkpt lat="52.737037" lon="-1.350331"><ele>147.2</ele><time>2025-01-15T13:31:48.000Z</time></trkpt>
      <trkpt lat="52.737027" lon="-1.350321"><ele>147.2</ele><time>2025-01-15T13:31:49.000Z</time></trkpt>
      <trkpt lat="52.737015" lon="-1.350311"><ele>147.2</ele><time>2025-01-15T13:31:50.000Z</time></trkpt>
      <trkpt lat="52.737003" lon="-1.350301"><ele>147.2</ele><time>2025-01-15T13:31:51.000Z</time></trkpt>
      <trkpt lat="52.736990" lon="-1.350291"><ele>147.2</ele><time>2025-01-15T13:31:52.000Z</time></trkpt>
      <trkpt lat="52.736976" lon="-1.350282"><ele>147.2</ele><time>2025-01-15T13:31:53.000Z</time></trkpt>
      <trkpt lat="52.736962" lon="-1.350273"><ele>147.2</ele><time>2025-01-15T13:31:54.000Z</time></trkpt>
      <trkpt lat="52.736949" lon="-1.350264"><ele>147.1</ele><time>2025-01-15T13:31:55.000Z</time></trkpt>
      <trkpt lat="52.736936" lon="-1.350253"><ele>147.1</ele><time>2025-01-15T13:31:56.000Z</time></trkpt>
      <trkpt lat="52.736924" lon="-1.350241"><ele>147.1</ele><time>2025-01-15T13:31:57.000Z</time></trkpt>
      <trkpt lat="52.736913" lon="-1.350228"><ele>147.1</ele><time>2025-01-15T13:31:58.000Z</time></trkpt>
      <trkpt lat="52.736901" lon="-1.350216"><ele>147.1</ele><time>2025-01-15T13:31:59.000Z</time></trkpt>
      <trkpt lat="52.736890" lon="-1.350205"><ele>147.1</ele><time>2025-01-15T13:32:00.000Z</time></trkpt>
      <trkpt lat="52.736879" lon="-1.350192"><ele>147.1</ele><time>2025-01-15T13:32:01.000Z</time></trkpt>
      <trkpt lat="52.736869" lon="-1.350178"><ele>147.1</ele><time>2025-01-15T13:32:02.000Z</time></trkpt>
      <trkpt lat="52.736859" lon="-1.350163"><ele>147.1</ele><time>2025-01-15T13:32:03.000Z</time></trkpt>
      <trkpt lat="52.736849" lon="-1.350148"><ele>147.1</ele><time>2025-01-15T13:32:04.000Z</time></trkpt>
      <trkpt lat="52.736838" lon="-1.350134"><ele>147.2</ele><time>2025-01-15T13:32:05.000Z</time></trkpt>
      <trkpt lat="52.736827" lon="-1.350119"><ele>147.2</ele><time>2025-01-15T13:32:06.000Z</time></trkpt>
      <trkpt lat="52.736816" lon="-1.350105"><ele>147.2</ele><time>2025-01-15T13:32:07.000Z</time></trkpt>
      <trkpt lat="52.736805" lon="-1.350092"><ele>147.2</ele><time>2025-01-15T13:32:08.000Z</time></trkpt>
      <trkpt lat="52.736794" lon="-1.350079"><ele>147.2</ele><time>2025-01-15T13:32:09.000Z</time></trkpt>
      <trkpt lat="52.736783" lon="-1.350067"><ele>147.2</ele><time>2025-01-15T13:32:10.000Z</time></trkpt>
      <trkpt lat="52.736772" lon="-1.350056"><ele>147.2</ele><time>2025-01-15T13:32:11.000Z</time></trkpt>
      <trkpt lat="52.736762" lon="-1.350043"><ele>147.3</ele><time>2025-01-15T13:32:12.000Z</time></trkpt>
      <trkpt lat="52.736754" lon="-1.350029"><ele>147.3</ele><time>2025-01-15T13:32:13.000Z</time></trkpt>
      <trkpt lat="52.736746" lon="-1.350012"><ele>147.3</ele><time>2025-01-15T13:32:14.000Z</time></trkpt>
      <trkpt lat="52.736741" lon="-1.349992"><ele>147.3</ele><time>2025-01-15T13:32:15.000Z</time></trkpt>
      <trkpt lat="52.736737" lon="-1.349971"><ele>147.3</ele><time>2025-01-15T13:32:16.000Z</time></trkpt>
      <trkpt lat="52.736736" lon="-1.349949"><ele>147.3</ele><time>2025-01-15T13:32:17.000Z</time></trkpt>
      <trkpt lat="52.736739" lon="-1.349928"><ele>147.3</ele><time>2025-01-15T13:32:18.000Z</time></trkpt>
      <trkpt lat="52.736746" lon="-1.349911"><ele>147.3</ele><time>2025-01-15T13:32:19.000Z</time></trkpt>
      <trkpt lat="52.736757" lon="-1.349900"><ele>147.3</ele><time>2025-01-15T13:32:20.000Z</time></trkpt>
      <trkpt lat="52.736769" lon="-1.349894"><ele>147.3</ele><time>2025-01-15T13:32:21.000Z</time></trkpt>
      <trkpt lat="52.736780" lon="-1.349896"><ele>147.3</ele><time>2025-01-15T13:32:22.000Z</time></trkpt>
      <trkpt lat="52.736792" lon="-1.349902"><ele>147.3</ele><time>2025-01-15T13:32:23.000Z</time></trkpt>
      <trkpt lat="52.736805" lon="-1.349908"><ele>147.3</ele><time>2025-01-15T13:32:24.000Z</time></trkpt>
      <trkpt lat="52.736818" lon="-1.349910"><ele>147.2</ele><time>2025-01-15T13:32:25.000Z</time></trkpt>
      <trkpt lat="52.736830" lon="-1.349909"><ele>147.2</ele><time>2025-01-15T13:32:26.000Z</time></trkpt>
      <trkpt lat="52.736842" lon="-1.349907"><ele>147.1</ele><time>2025-01-15T13:32:27.000Z</time></trkpt>
      <trkpt lat="52.736854" lon="-1.349906"><ele>147.0</ele><time>2025-01-15T13:32:28.000Z</time></trkpt>
      <trkpt lat="52.736866" lon="-1.349903"><ele>147.0</ele><time>2025-01-15T13:32:29.000Z</time></trkpt>
      <trkpt lat="52.736878" lon="-1.349901"><ele>146.9</ele><time>2025-01-15T13:32:30.000Z</time></trkpt>
      <trkpt lat="52.736891" lon="-1.349898"><ele>146.8</ele><time>2025-01-15T13:32:31.000Z</time></trkpt>
      <trkpt lat="52.736906" lon="-1.349896"><ele>146.6</ele><time>2025-01-15T13:32:32.000Z</time></trkpt>
      <trkpt lat="52.736921" lon="-1.349892"><ele>146.5</ele><time>2025-01-15T13:32:33.000Z</time></trkpt>
      <trkpt lat="52.736935" lon="-1.349885"><ele>146.3</ele><time>2025-01-15T13:32:34.000Z</time></trkpt>
      <trkpt lat="52.736947" lon="-1.349871"><ele>146.2</ele><time>2025-01-15T13:32:35.000Z</time></trkpt>
      <trkpt lat="52.736956" lon="-1.349855"><ele>146.1</ele><time>2025-01-15T13:32:36.000Z</time></trkpt>
      <trkpt lat="52.736962" lon="-1.349839"><ele>146.0</ele><time>2025-01-15T13:32:37.000Z</time></trkpt>
      <trkpt lat="52.736966" lon="-1.349830"><ele>145.9</ele><time>2025-01-15T13:32:38.000Z</time></trkpt>
      <trkpt lat="52.736969" lon="-1.349827"><ele>145.7</ele><time>2025-01-15T13:32:39.000Z</time></trkpt>
      <trkpt lat="52.736974" lon="-1.349825"><ele>145.6</ele><time>2025-01-15T13:32:40.000Z</time></trkpt>
      <trkpt lat="52.736979" lon="-1.349823"><ele>145.6</ele><time>2025-01-15T13:32:41.000Z</time></trkpt>
      <trkpt lat="52.736984" lon="-1.349821"><ele>145.5</ele><time>2025-01-15T13:32:42.000Z</time></trkpt>
      <trkpt lat="52.736987" lon="-1.349821"><ele>145.5</ele><time>2025-01-15T13:32:43.000Z</time></trkpt>
      <trkpt lat="52.736988" lon="-1.349823"><ele>145.4</ele><time>2025-01-15T13:32:44.000Z</time></trkpt>
      <trkpt lat="52.736988" lon="-1.349825"><ele>145.4</ele><time>2025-01-15T13:32:45.000Z</time></trkpt>
      <trkpt lat="52.736989" lon="-1.349828"><ele>145.4</ele><time>2025-01-15T13:32:46.000Z</time></trkpt>
      <trkpt lat="52.736990" lon="-1.349833"><ele>145.5</ele><time>2025-01-15T13:32:47.000Z</time></trkpt>
      <trkpt lat="52.736992" lon="-1.349838"><ele>145.5</ele><time>2025-01-15T13:32:48.000Z</time></trkpt>
      <trkpt lat="52.736995" lon="-1.349844"><ele>145.6</ele><time>2025-01-15T13:32:49.000Z</time></trkpt>
      <trkpt lat="52.736997" lon="-1.349850"><ele>145.7</ele><time>2025-01-15T13:32:50.000Z</time></trkpt>
      <trkpt lat="52.737000" lon="-1.349856"><ele>145.7</ele><time>2025-01-15T13:32:51.000Z</time></trkpt>
      <trkpt lat="52.737002" lon="-1.349862"><ele>145.8</ele><time>2025-01-15T13:32:52.000Z</time></trkpt>
      <trkpt lat="52.737003" lon="-1.349867"><ele>145.9</ele><time>2025-01-15T13:32:53.000Z</time></trkpt>
      <trkpt lat="52.737003" lon="-1.349871"><ele>146.0</ele><time>2025-01-15T13:32:54.000Z</time></trkpt>
      <trkpt lat="52.737002" lon="-1.349874"><ele>146.1</ele><time>2025-01-15T13:32:55.000Z</time></trkpt>
      <trkpt lat="52.737000" lon="-1.349875"><ele>146.2</ele><time>2025-01-15T13:32:56.000Z</time></trkpt>
      <trkpt lat="52.736997" lon="-1.349875"><ele>146.3</ele><time>2025-01-15T13:32:57.000Z</time></trkpt>
      <trkpt lat="52.736994" lon="-1.349878"><ele>146.4</ele><time>2025-01-15T13:32:58.000Z</time></trkpt>
      <trkpt lat="52.736990" lon="-1.349884"><ele>146.5</ele><time>2025-01-15T13:32:59.000Z</time></trkpt>
    </trkseg>
  </trk>
</gpx>
