<?xml version="1.0" encoding="UTF-8"?>
<gpx version="1.1" creator="walkingwithember" xmlns="http://www.topografix.com/GPX/1/1">
  <metadata>
    <name>Derby / Belper</name>
    <time>2025-01-31T13:18:14.000Z</time>
  </metadata>
  <trk>
    <name>Derby / Belper</name>
    <trkseg>
      <trkpt lat="52.964141" lon="-1.462690"><ele>53.0</ele><time>2025-01-31T13:18:14.000Z</time></trkpt>
      <trkpt lat="52.964136" lon="-1.462689"><ele>53.0</ele><time>2025-01-31T13:18:15.000Z</time></trkpt>
      <trkpt lat="52.964130" lon="-1.462687"><ele>53.0</ele><time>2025-01-31T13:18:16.000Z</time></trkpt>
      <trkpt lat="52.964122" lon="-1.462685"><ele>53.0</ele><time>2025-01-31T13:18:17.000Z</time></trkpt>
      <trkpt lat="52.964110" lon="-1.462683"><ele>53.0</ele><time>2025-01-31T13:18:18.000Z</time></trkpt>
      <trkpt lat="52.964099" lon="-1.462681"><ele>53.0</ele><time>2025-01-31T13:18:19.000Z</time></trkpt>
      <trkpt lat="52.964090" lon="-1.462681"><ele>53.0</ele><time>2025-01-31T13:18:20.000Z</time></trkpt>
      <trkpt lat="52.964082" lon="-1.462683"><ele>53.0</ele><time>2025-01-31T13:18:21.000Z</time></trkpt>
      <trkpt lat="52.964065" lon="-1.462680"><ele>53.0</ele><time>2025-01-31T13:18:23.000Z</time></trkpt>
      <trkpt lat="52.964055" lon="-1.462674"><ele>53.0</ele><time>2025-01-31T13:18:24.000Z</time></trkpt>
      <trkpt lat="52.964047" lon="-1.462663"><ele>52.8</ele><time>2025-01-31T13:18:25.000Z</time></trkpt>
      <trkpt lat="52.964040" lon="-1.462649"><ele>52.8</ele><time>2025-01-31T13:18:26.000Z</time></trkpt>
      <trkpt lat="52.964034" lon="-1.462632"><ele>52.8</ele><time>2025-01-31T13:18:27.000Z</time></trkpt>
      <trkpt lat="52.964029" lon="-1.462614"><ele>52.8</ele><time>2025-01-31T13:18:28.000Z</time></trkpt>
      <trkpt lat="52.964024" lon="-1.462594"><ele>52.8</ele><time>2025-01-31T13:18:29.000Z</time></trkpt>
      <trkpt lat="52.964021" lon="-1.462572"><ele>52.8</ele><time>2025-01-31T13:18:30.000Z</time></trkpt>
      <trkpt lat="52.964018" lon="-1.462550"><ele>52.8</ele><time>2025-01-31T13:18:31.000Z</time></trkpt>
      <trkpt lat="52.964015" lon="-1.462527"><ele>52.6</ele><time>2025-01-31T13:18:32.000Z</time></trkpt>
      <trkpt lat="52.964011" lon="-1.462505"><ele>52.6</ele><time>2025-01-31T13:18:33.000Z</time></trkpt>
      <trkpt lat="52.964007" lon="-1.462484"><ele>52.6</ele><time>2025-01-31T13:18:34.000Z</time></trkpt>
      <trkpt lat="52.964002" lon="-1.462463"><ele>52.6</ele><time>2025-01-31T13:18:35.000Z</time></trkpt>
      <trkpt lat="52.963995" lon="-1.462442"><ele>52.6</ele><time>2025-01-31T13:18:36.000Z</time></trkpt>
      <trkpt lat="52.963989" lon="-1.462421"><ele>52.6</ele><time>2025-01-31T13:18:37.000Z</time></trkpt>
      <trkpt lat="52.963981" lon="-1.462397"><ele>52.6</ele><time>2025-01-31T13:18:38.000Z</time></trkpt>
      <trkpt lat="52.963974" lon="-1.462374"><ele>52.6</ele><time>2025-01-31T13:18:39.000Z</time></trkpt>
      <trkpt lat="52.963968" lon="-1.462351"><ele>52.6</ele><time>2025-01-31T13:18:40.000Z</time></trkpt>
      <trkpt lat="52.963961" lon="-1.462329"><ele>52.6</ele><time>2025-01-31T13:18:41.000Z</time></trkpt>
      <trkpt lat="52.963954" lon="-1.462307"><ele>52.6</ele><time>2025-01-31T13:18:42.000Z</time></trkpt>
      <trkpt lat="52.963946" lon="-1.462287"><ele>52.6</ele><time>2025-01-31T13:18:43.000Z</time></trkpt>
      <trkpt lat="52.963938" lon="-1.462267"><ele>52.6</ele><time>2025-01-31T13:18:44.000Z</time></trkpt>
      <trkpt lat="52.963930" lon="-1.462248"><ele>52.6</ele><time>2025-01-31T13:18:45.000Z</time></trkpt>
      <trkpt lat="52.963923" lon="-1.462228"><ele>52.6</ele><time>2025-01-31T13:18:46.000Z</time></trkpt>
      <trkpt lat="52.963915" lon="-1.462208"><ele>52.6</ele><time>2025-01-31T13:18:47.000Z</time></trkpt>
      <trkpt lat="52.963907" lon="-1.462187"><ele>52.8</ele><time>2025-01-31T13:18:48.000Z</time></trkpt>
      <trkpt lat="52.963898" lon="-1.462165"><ele>52.8</ele><time>2025-01-31T13:18:49.000Z</time></trkpt>
      <trkpt lat="52.963887" lon="-1.462146"><ele>52.8</ele><time>2025-01-31T13:18:50.000Z</time></trkpt>
      <trkpt lat="52.963875" lon="-1.462130"><ele>52.8</ele><time>2025-01-31T13:18:51.000Z</time></trkpt>
      <trkpt lat="52.963863" lon="-1.462116"><ele>52.8</ele><time>2025-01-31T13:18:52.000Z</time></trkpt>
      <trkpt lat="52.963851" lon="-1.462103"><ele>52.8</ele><time>2025-01-31T13:18:53.000Z</time></trkpt>
      <trkpt lat="52.963839" lon="-1.462089"><ele>52.8</ele><time>2025-01-31T13:18:54.000Z</time></trkpt>
      <trkpt lat="52.963827" lon="-1.462077"><ele>52.8</ele><time>2025-01-31T13:18:55.000Z</time></trkpt>
      <trkpt lat="52.963815" lon="-1.462064"><ele>52.8</ele><time>2025-01-31T13:18:56.000Z</time></trkpt>
      <trkpt lat="52.963803" lon="-1.462051"><ele>52.8</ele><time>2025-01-31T13:18:57.000Z</time></trkpt>
      <trkpt lat="52.963790" lon="-1.462040"><ele>52.8</ele><time>2025-01-31T13:18:58.000Z</time></trkpt>
      <trkpt lat="52.963777" lon="-1.462028"><ele>52.8</ele><time>2025-01-31T13:18:59.000Z</time></trkpt>
      <trkpt lat="52.963765" lon="-1.462016"><ele>52.8</ele><time>2025-01-31T13:19:00.000Z</time></trkpt>
      <trkpt lat="52.963753" lon="-1.462003"><ele>52.8</ele><time>2025-01-31T13:19:01.000Z</time></trkpt>
      <trkpt lat="52.963741" lon="-1.461989"><ele>52.8</ele><time>2025-01-31T13:19:02.000Z</time></trkpt>
      <trkpt lat="52.963729" lon="-1.461976"><ele>52.8</ele><time>2025-01-31T13:19:03.000Z</time></trkpt>
      <trkpt lat="52.963717" lon="-1.461964"><ele>52.8</ele><time>2025-01-31T13:19:04.000Z</time></trkpt>
      <trkpt lat="52.963705" lon="-1.461953"><ele>52.8</ele><time>2025-01-31T13:19:05.000Z</time></trkpt>
      <trkpt lat="52.963692" lon="-1.461942"><ele>52.8</ele><time>2025-01-31T13:19:06.000Z</time></trkpt>
      <trkpt lat="52.963680" lon="-1.461930"><ele>52.8</ele><time>2025-01-31T13:19:07.000Z</time></trkpt>
      <trkpt lat="52.963669" lon="-1.461917"><ele>52.8</ele><time>2025-01-31T13:19:08.000Z</time></trkpt>
      <trkpt lat="52.963658" lon="-1.461904"><ele>52.8</ele><time>2025-01-31T13:19:09.000Z</time></trkpt>
      <trkpt lat="52.963647" lon="-1.461892"><ele>52.8</ele><time>2025-01-31T13:19:10.000Z</time></trkpt>
      <trkpt lat="52.963635" lon="-1.461879"><ele>52.6</ele><time>2025-01-31T13:19:11.000Z</time></trkpt>
      <trkpt lat="52.963623" lon="-1.461869"><ele>52.6</ele><time>2025-01-31T13:19:12.000Z</time></trkpt>
      <trkpt lat="52.963612" lon="-1.461859"><ele>52.6</ele><time>2025-01-31T13:19:13.000Z</time></trkpt>
      <trkpt lat="52.963600" lon="-1.461847"><ele>52.6</ele><time>2025-01-31T13:19:14.000Z</time></trkpt>
      <trkpt lat="52.963590" lon="-1.461834"><ele>52.6</ele><time>2025-01-31T13:19:15.000Z</time></trkpt>
      <trkpt lat="52.963580" lon="-1.461819"><ele>52.4</ele><time>2025-01-31T13:19:16.000Z</time></trkpt>
      <trkpt lat="52.963571" lon="-1.461804"><ele>52.4</ele><time>2025-01-31T13:19:17.000Z</time></trkpt>
      <trkpt lat="52.963560" lon="-1.461789"><ele>52.4</ele><time>2025-01-31T13:19:18.000Z</time></trkpt>
      <trkpt lat="52.963550" lon="-1.461774"><ele>52.4</ele><time>2025-01-31T13:19:19.000Z</time></trkpt>
      <trkpt lat="52.963540" lon="-1.461758"><ele>52.4</ele><time>2025-01-31T13:19:20.000Z</time></trkpt>
      <trkpt lat="52.963530" lon="-1.461742"><ele>52.4</ele><time>2025-01-31T13:19:21.000Z</time></trkpt>
      <trkpt lat="52.963520" lon="-1.461725"><ele>52.4</ele><time>2025-01-31T13:19:22.000Z</time></trkpt>
      <trkpt lat="52.963511" lon="-1.461706"><ele>52.4</ele><time>2025-01-31T13:19:23.000Z</time></trkpt>
      <trkpt lat="52.963503" lon="-1.461687"><ele>52.4</ele><time>2025-01-31T13:19:24.000Z</time></trkpt>
      <trkpt lat="52.963494" lon="-1.461667"><ele>52.4</ele><time>2025-01-31T13:19:25.000Z</time></trkpt>
      <trkpt lat="52.963486" lon="-1.461647"><ele>52.4</ele><time>2025-01-31T13:19:26.000Z</time></trkpt>
      <trkpt lat="52.963479" lon="-1.461626"><ele>52.6</ele><time>2025-01-31T13:19:27.000Z</time></trkpt>
      <trkpt lat="52.963471" lon="-1.461605"><ele>52.6</ele><time>2025-01-31T13:19:28.000Z</time></trkpt>
      <trkpt lat="52.963465" lon="-1.461584"><ele>52.6</ele><time>2025-01-31T13:19:29.000Z</time></trkpt>
      <trkpt lat="52.963459" lon="-1.461561"><ele>52.6</ele><time>2025-01-31T13:19:30.000Z</time></trkpt>
      <trkpt lat="52.963454" lon="-1.461538"><ele>52.8</ele><time>2025-01-31T13:19:31.000Z</time></trkpt>
      <trkpt lat="52.963450" lon="-1.461516"><ele>52.8</ele><time>2025-01-31T13:19:32.000Z</time></trkpt>
      <trkpt lat="52.963447" lon="-1.461493"><ele>52.8</ele><time>2025-01-31T13:19:33.000Z</time></trkpt>
      <trkpt lat="52.963443" lon="-1.461470"><ele>52.8</ele><time>2025-01-31T13:19:34.000Z</time></trkpt>
      <trkpt lat="52.963440" lon="-1.461448"><ele>53.0</ele><time>2025-01-31T13:19:35.000Z</time></trkpt>
      <trkpt lat="52.963436" lon="-1.461427"><ele>53.0</ele><time>2025-01-31T13:19:36.000Z</time></trkpt>
      <trkpt lat="52.963432" lon="-1.461406"><ele>53.0</ele><time>2025-01-31T13:19:37.000Z</time></trkpt>
      <trkpt lat="52.963429" lon="-1.461384"><ele>53.0</ele><time>2025-01-31T13:19:38.000Z</time></trkpt>
      <trkpt lat="52.963425" lon="-1.461363"><ele>53.0</ele><time>2025-01-31T13:19:39.000Z</time></trkpt>
      <trkpt lat="52.963422" lon="-1.461342"><ele>53.2</ele><time>2025-01-31T13:19:40.000Z</time></trkpt>
      <trkpt lat="52.963419" lon="-1.461322"><ele>53.2</ele><time>2025-01-31T13:19:41.000Z</time></trkpt>
      <trkpt lat="52.963417" lon="-1.461300"><ele>53.2</ele><time>2025-01-31T13:19:42.000Z</time></trkpt>
      <trkpt lat="52.963416" lon="-1.461279"><ele>53.2</ele><time>2025-01-31T13:19:43.000Z</time></trkpt>
      <trkpt lat="52.963416" lon="-1.461257"><ele>53.2</ele><time>2025-01-31T13:19:44.000Z</time></trkpt>
      <trkpt lat="52.963416" lon="-1.461236"><ele>53.4</ele><time>2025-01-31T13:19:45.000Z</time></trkpt>
      <trkpt lat="52.963417" lon="-1.461214"><ele>53.4</ele><time>2025-01-31T13:19:46.000Z</time></trkpt>
      <trkpt lat="52.963419" lon="-1.461192"><ele>53.4</ele><time>2025-01-31T13:19:47.000Z</time></trkpt>
      <trkpt lat="52.963421" lon="-1.461170"><ele>53.4</ele><time>2025-01-31T13:19:48.000Z</time></trkpt>
      <trkpt lat="52.963422" lon="-1.461148"><ele>53.4</ele><time>2025-01-31T13:19:49.000Z</time></trkpt>
      <trkpt lat="52.963424" lon="-1.461126"><ele>53.6</ele><time>2025-01-31T13:19:50.000Z</time></trkpt>
      <trkpt lat="52.963425" lon="-1.461103"><ele>53.6</ele><time>2025-01-31T13:19:51.000Z</time></trkpt>
      <trkpt lat="52.963427" lon="-1.461081"><ele>53.6</ele><time>2025-01-31T13:19:52.000Z</time></trkpt>
      <trkpt lat="52.963429" lon="-1.461059"><ele>53.6</ele><time>2025-01-31T13:19:53.000Z</time></trkpt>
      <trkpt lat="52.963432" lon="-1.461036"><ele>53.6</ele><time>2025-01-31T13:19:54.000Z</time></trkpt>
      <trkpt lat="52.963436" lon="-1.461014"><ele>53.6</ele><time>2025-01-31T13:19:55.000Z</time></trkpt>
      <trkpt lat="52.963439" lon="-1.460992"><ele>53.6</ele><time>2025-01-31T13:19:56.000Z</time></trkpt>
      <trkpt lat="52.963441" lon="-1.460969"><ele>53.6</ele><time>2025-01-31T13:19:57.000Z</time></trkpt>
      <trkpt lat="52.963442" lon="-1.460947"><ele>53.6</ele><time>2025-01-31T13:19:58.000Z</time></trkpt>
      <trkpt lat="52.963444" lon="-1.460924"><ele>53.6</ele><time>2025-01-31T13:19:59.000Z</time></trkpt>
      <trkpt lat="52.963446" lon="-1.460902"><ele>53.6</ele><time>2025-01-31T13:20:00.000Z</time></trkpt>
      <trkpt lat="52.963449" lon="-1.460880"><ele>53.6</ele><time>2025-01-31T13:20:01.000Z</time></trkpt>
      <trkpt lat="52.963451" lon="-1.460858"><ele>53.6</ele><time>2025-01-31T13:20:02.000Z</time></trkpt>
      <trkpt lat="52.963455" lon="-1.460836"><ele>53.6</ele><time>2025-01-31T13:20:03.000Z</time></trkpt>
      <trkpt lat="52.963460" lon="-1.460817"><ele>53.4</ele><time>2025-01-31T13:20:04.000Z</time></trkpt>
      <trkpt lat="52.963468" lon="-1.460800"><ele>53.4</ele><time>2025-01-31T13:20:05.000Z</time></trkpt>
      <trkpt lat="52.963480" lon="-1.460792"><ele>53.4</ele><time>2025-01-31T13:20:06.000Z</time></trkpt>
      <trkpt lat="52.963495" lon="-1.460792"><ele>53.6</ele><time>2025-01-31T13:20:07.000Z</time></trkpt>
      <trkpt lat="52.963510" lon="-1.460799"><ele>53.6</ele><time>2025-01-31T13:20:08.000Z</time></trkpt>
      <trkpt lat="52.963525" lon="-1.460808"><ele>53.6</ele><time>2025-01-31T13:20:09.000Z</time></trkpt>
      <trkpt lat="52.963539" lon="-1.460816"><ele>53.6</ele><time>2025-01-31T13:20:10.000Z</time></trkpt>
      <trkpt lat="52.963553" lon="-1.460823"><ele>53.6</ele><time>2025-01-31T13:20:11.000Z</time></trkpt>
      <trkpt lat="52.963567" lon="-1.460831"><ele>53.6</ele><time>2025-01-31T13:20:12.000Z</time></trkpt>
      <trkpt lat="52.963580" lon="-1.460838"><ele>53.6</ele><time>2025-01-31T13:20:13.000Z</time></trkpt>
      <trkpt lat="52.963594" lon="-1.460843"><ele>53.8</ele><time>2025-01-31T13:20:14.000Z</time></trkpt>
      <trkpt lat="52.963608" lon="-1.460846"><ele>53.8</ele><time>2025-01-31T13:20:15.000Z</time></trkpt>
      <trkpt lat="52.963621" lon="-1.460848"><ele>53.8</ele><time>2025-01-31T13:20:16.000Z</time></trkpt>
      <trkpt lat="52.963635" lon="-1.460853"><ele>53.8</ele><time>2025-01-31T13:20:17.000Z</time></trkpt>
      <trkpt lat="52.963648" lon="-1.460860"><ele>53.8</ele><time>2025-01-31T13:20:18.000Z</time></trkpt>
      <trkpt lat="52.963661" lon="-1.460866"><ele>54.0</ele><time>2025-01-31T13:20:19.000Z</time></trkpt>
      <trkpt lat="52.963674" lon="-1.460872"><ele>54.0</ele><time>2025-01-31T13:20:20.000Z</time></trkpt>
      <trkpt lat="52.963688" lon="-1.460878"><ele>54.0</ele><time>2025-01-31T13:20:21.000Z</time></trkpt>
      <trkpt lat="52.963701" lon="-1.460883"><ele>54.0</ele><time>2025-01-31T13:20:22.000Z</time></trkpt>
      <trkpt lat="52.963715" lon="-1.460888"><ele>54.0</ele><time>2025-01-31T13:20:23.000Z</time></trkpt>
      <trkpt lat="52.963728" lon="-1.460894"><ele>54.0</ele><time>2025-01-31T13:20:24.000Z</time></trkpt>
      <trkpt lat="52.963742" lon="-1.460900"><ele>53.8</ele><time>2025-01-31T13:20:25.000Z</time></trkpt>
      <trkpt lat="52.963755" lon="-1.460905"><ele>53.8</ele><time>2025-01-31T13:20:26.000Z</time></trkpt>
      <trkpt lat="52.963768" lon="-1.460910"><ele>53.8</ele><time>2025-01-31T13:20:27.000Z</time></trkpt>
      <trkpt lat="52.963782" lon="-1.460914"><ele>53.8</ele><time>2025-01-31T13:20:28.000Z</time></trkpt>
      <trkpt lat="52.963795" lon="-1.460917"><ele>53.8</ele><time>2025-01-31T13:20:29.000Z</time></trkpt>
      <trkpt lat="52.963809" lon="-1.460921"><ele>53.6</ele><time>2025-01-31T13:20:30.000Z</time></trkpt>
      <trkpt lat="52.963822" lon="-1.460924"><ele>53.6</ele><time>2025-01-31T13:20:31.000Z</time></trkpt>
      <trkpt lat="52.963836" lon="-1.460927"><ele>53.6</ele><time>2025-01-31T13:20:32.000Z</time></trkpt>
      <trkpt lat="52.963850" lon="-1.460930"><ele>53.6</ele><time>2025-01-31T13:20:33.000Z</time></trkpt>
      <trkpt lat="52.963863" lon="-1.460933"><ele>53.4</ele><time>2025-01-31T13:20:34.000Z</time></trkpt>
      <trkpt lat="52.963877" lon="-1.460936"><ele>53.4</ele><time>2025-01-31T13:20:35.000Z</time></trkpt>
      <trkpt lat="52.963891" lon="-1.460940"><ele>53.4</ele><time>2025-01-31T13:20:36.000Z</time></trkpt>
      <trkpt lat="52.963905" lon="-1.460942"><ele>53.4</ele><time>2025-01-31T13:20:37.000Z</time></trkpt>
      <trkpt lat="52.963919" lon="-1.460944"><ele>53.4</ele><time>2025-01-31T13:20:38.000Z</time></trkpt>
      <trkpt lat="52.963933" lon="-1.460945"><ele>53.4</ele><time>2025-01-31T13:20:39.000Z</time></trkpt>
      <trkpt lat="52.963947" lon="-1.460946"><ele>53.4</ele><time>2025-01-31T13:20:40.000Z</time></trkpt>
      <trkpt lat="52.963961" lon="-1.460947"><ele>53.4</ele><time>2025-01-31T13:20:41.000Z</time></trkpt>
      <trkpt lat="52.963975" lon="-1.460947"><ele>53.4</ele><time>2025-01-31T13:20:42.000Z</time></trkpt>
      <trkpt lat="52.963989" lon="-1.460948"><ele>53.4</ele><time>2025-01-31T13:20:43.000Z</time></trkpt>
      <trkpt lat="52.964003" lon="-1.460950"><ele>53.4</ele><time>2025-01-31T13:20:44.000Z</time></trkpt>
      <trkpt lat="52.964017" lon="-1.460954"><ele>53.4</ele><time>2025-01-31T13:20:45.000Z</time></trkpt>
      <trkpt lat="52.964030" lon="-1.460960"><ele>53.6</ele><time>2025-01-31T13:20:46.000Z</time></trkpt>
      <trkpt lat="52.964043" lon="-1.460967"><ele>53.6</ele><time>2025-01-31T13:20:47.000Z</time></trkpt>
      <trkpt lat="52.964056" lon="-1.460973"><ele>53.6</ele><time>2025-01-31T13:20:48.000Z</time></trkpt>
      <trkpt lat="52.964070" lon="-1.460978"><ele>53.8</ele><time>2025-01-31T13:20:49.000Z</time></trkpt>
      <trkpt lat="52.964084" lon="-1.460982"><ele>53.8</ele><time>2025-01-31T13:20:50.000Z</time></trkpt>
      <trkpt lat="52.964098" lon="-1.460986"><ele>53.8</ele><time>2025-01-31T13:20:51.000Z</time></trkpt>
      <trkpt lat="52.964112" lon="-1.460989"><ele>54.0</ele><time>2025-01-31T13:20:52.000Z</time></trkpt>
      <trkpt lat="52.964126" lon="-1.460992"><ele>54.0</ele><time>2025-01-31T13:20:53.000Z</time></trkpt>
      <trkpt lat="52.964141" lon="-1.460995"><ele>54.2</ele><time>2025-01-31T13:20:54.000Z</time></trkpt>
      <trkpt lat="52.964155" lon="-1.460997"><ele>54.2</ele><time>2025-01-31T13:20:55.000Z</time></trkpt>
      <trkpt lat="52.964170" lon="-1.460998"><ele>54.2</ele><time>2025-01-31T13:20:56.000Z</time></trkpt>
      <trkpt lat="52.964184" lon="-1.461000"><ele>54.2</ele><time>2025-01-31T13:20:57.000Z</time></trkpt>
      <trkpt lat="52.964199" lon="-1.461001"><ele>54.4</ele><time>2025-01-31T13:20:58.000Z</time></trkpt>
      <trkpt lat="52.964214" lon="-1.461001"><ele>54.4</ele><time>2025-01-31T13:20:59.000Z</time></trkpt>
      <trkpt lat="52.964228" lon="-1.461001"><ele>54.4</ele><time>2025-01-31T13:21:00.000Z</time></trkpt>
      <trkpt lat="52.964243" lon="-1.461001"><ele>54.4</ele><time>2025-01-31T13:21:01.000Z</time></trkpt>
      <trkpt lat="52.964257" lon="-1.461000"><ele>54.4</ele><time>2025-01-31T13:21:02.000Z</time></trkpt>
      <trkpt lat="52.964271" lon="-1.461000"><ele>54.4</ele><time>2025-01-31T13:21:03.000Z</time></trkpt>
      <trkpt lat="52.964286" lon="-1.461000"><ele>54.4</ele><time>2025-01-31T13:21:04.000Z</time></trkpt>
      <trkpt lat="52.964300" lon="-1.461000"><ele>54.4</ele><time>2025-01-31T13:21:05.000Z</time></trkpt>
      <trkpt lat="52.964314" lon="-1.461000"><ele>54.4</ele><time>2025-01-31T13:21:06.000Z</time></trkpt>
      <trkpt lat="52.964328" lon="-1.461001"><ele>54.4</ele><time>2025-01-31T13:21:07.000Z</time></trkpt>
      <trkpt lat="52.964342" lon="-1.461003"><ele>54.4</ele><time>2025-01-31T13:21:08.000Z</time></trkpt>
      <trkpt lat="52.964356" lon="-1.461004"><ele>54.4</ele><time>2025-01-31T13:21:09.000Z</time></trkpt>
      <trkpt lat="52.964370" lon="-1.461005"><ele>54.4</ele><time>2025-01-31T13:21:10.000Z</time></trkpt>
      <trkpt lat="52.964384" lon="-1.461005"><ele>54.4</ele><time>2025-01-31T13:21:11.000Z</time></trkpt>
      <trkpt lat="52.964398" lon="-1.461005"><ele>54.4</ele><time>2025-01-31T13:21:12.000Z</time></trkpt>
      <trkpt lat="52.964412" lon="-1.461004"><ele>54.4</ele><time>2025-01-31T13:21:13.000Z</time></trkpt>
      <trkpt lat="52.964426" lon="-1.461004"><ele>54.4</ele><time>2025-01-31T13:21:14.000Z</time></trkpt>
      <trkpt lat="52.964440" lon="-1.461003"><ele>54.4</ele><time>2025-01-31T13:21:15.000Z</time></trkpt>
      <trkpt lat="52.964454" lon="-1.461002"><ele>54.4</ele><time>2025-01-31T13:21:16.000Z</time></trkpt>
      <trkpt lat="52.964468" lon="-1.461001"><ele>54.4</ele><time>2025-01-31T13:21:17.000Z</time></trkpt>
      <trkpt lat="52.964482" lon="-1.461001"><ele>54.4</ele><time>2025-01-31T13:21:18.000Z</time></trkpt>
      <trkpt lat="52.964496" lon="-1.461001"><ele>54.4</ele><time>2025-01-31T13:21:19.000Z</time></trkpt>
      <trkpt lat="52.964509" lon="-1.461003"><ele>54.4</ele><time>2025-01-31T13:21:20.000Z</time></trkpt>
      <trkpt lat="52.964523" lon="-1.461003"><ele>54.4</ele><time>2025-01-31T13:21:21.000Z</time></trkpt>
      <trkpt lat="52.964537" lon="-1.461003"><ele>54.4</ele><time>2025-01-31T13:21:22.000Z</time></trkpt>
      <trkpt lat="52.964551" lon="-1.461003"><ele>54.4</ele><time>2025-01-31T13:21:23.000Z</time></trkpt>
      <trkpt lat="52.964566" lon="-1.461002"><ele>54.4</ele><time>2025-01-31T13:21:24.000Z</time></trkpt>
      <trkpt lat="52.964580" lon="-1.461002"><ele>54.4</ele><time>2025-01-31T13:21:25.000Z</time></trkpt>
      <trkpt lat="52.964594" lon="-1.461002"><ele>54.4</ele><time>2025-01-31T13:21:26.000Z</time></trkpt>
      <trkpt lat="52.964608" lon="-1.461002"><ele>54.4</ele><time>2025-01-31T13:21:27.000Z</time></trkpt>
      <trkpt lat="52.964623" lon="-1.461003"><ele>54.2</ele><time>2025-01-31T13:21:28.000Z</time></trkpt>
      <trkpt lat="52.964637" lon="-1.461003"><ele>54.2</ele><time>2025-01-31T13:21:29.000Z</time></trkpt>
      <trkpt lat="52.964651" lon="-1.461002"><ele>54.2</ele><time>2025-01-31T13:21:30.000Z</time></trkpt>
      <trkpt lat="52.964665" lon="-1.461002"><ele>54.2</ele><time>2025-01-31T13:21:31.000Z</time></trkpt>
      <trkpt lat="52.964679" lon="-1.461002"><ele>54.2</ele><time>2025-01-31T13:21:32.000Z</time></trkpt>
      <trkpt lat="52.964693" lon="-1.461001"><ele>54.2</ele><time>2025-01-31T13:21:33.000Z</time></trkpt>
      <trkpt lat="52.964706" lon="-1.461001"><ele>54.0</ele><time>2025-01-31T13:21:34.000Z</time></trkpt>
      <trkpt lat="52.964719" lon="-1.461004"><ele>54.0</ele><time>2025-01-31T13:21:35.000Z</time></trkpt>
      <trkpt lat="52.964732" lon="-1.461012"><ele>54.0</ele><time>2025-01-31T13:21:36.000Z</time></trkpt>
      <trkpt lat="52.964744" lon="-1.461023"><ele>54.0</ele><time>2025-01-31T13:21:37.000Z</time></trkpt>
      <trkpt lat="52.964754" lon="-1.461038"><ele>53.8</ele><time>2025-01-31T13:21:38.000Z</time></trkpt>
      <trkpt lat="52.964764" lon="-1.461054"><ele>53.8</ele><time>2025-01-31T13:21:39.000Z</time></trkpt>
      <trkpt lat="52.964775" lon="-1.461070"><ele>53.8</ele><time>2025-01-31T13:21:40.000Z</time></trkpt>
      <trkpt lat="52.964785" lon="-1.461084"><ele>53.8</ele><time>2025-01-31T13:21:41.000Z</time></trkpt>
      <trkpt lat="52.964795" lon="-1.461099"><ele>53.8</ele><time>2025-01-31T13:21:42.000Z</time></trkpt>
      <trkpt lat="52.964805" lon="-1.461115"><ele>53.6</ele><time>2025-01-31T13:21:43.000Z</time></trkpt>
      <trkpt lat="52.964814" lon="-1.461131"><ele>53.6</ele><time>2025-01-31T13:21:44.000Z</time></trkpt>
      <trkpt lat="52.964824" lon="-1.461146"><ele>53.6</ele><time>2025-01-31T13:21:45.000Z</time></trkpt>
      <trkpt lat="52.964835" lon="-1.461161"><ele>53.6</ele><time>2025-01-31T13:21:46.000Z</time></trkpt>
      <trkpt lat="52.964847" lon="-1.461174"><ele>53.8</ele><time>2025-01-31T13:21:47.000Z</time></trkpt>
      <trkpt lat="52.964859" lon="-1.461185"><ele>53.8</ele><time>2025-01-31T13:21:48.000Z</time></trkpt>
      <trkpt lat="52.964871" lon="-1.461196"><ele>53.8</ele><time>2025-01-31T13:21:49.000Z</time></trkpt>
      <trkpt lat="52.964883" lon="-1.461208"><ele>54.0</ele><time>2025-01-31T13:21:50.000Z</time></trkpt>
      <trkpt lat="52.964894" lon="-1.461219"><ele>54.2</ele><time>2025-01-31T13:21:51.000Z</time></trkpt>
      <trkpt lat="52.964906" lon="-1.461231"><ele>54.4</ele><time>2025-01-31T13:21:52.000Z</time></trkpt>
      <trkpt lat="52.964917" lon="-1.461243"><ele>54.4</ele><time>2025-01-31T13:21:53.000Z</time></trkpt>
      <trkpt lat="52.964929" lon="-1.461254"><ele>54.6</ele><time>2025-01-31T13:21:54.000Z</time></trkpt>
      <trkpt lat="52.964943" lon="-1.461262"><ele>54.8</ele><time>2025-01-31T13:21:55.000Z</time></trkpt>
      <trkpt lat="52.964957" lon="-1.461265"><ele>55.0</ele><time>2025-01-31T13:21:56.000Z</time></trkpt>
      <trkpt lat="52.964971" lon="-1.461268"><ele>55.2</ele><time>2025-01-31T13:21:57.000Z</time></trkpt>
      <trkpt lat="52.964985" lon="-1.461274"><ele>55.4</ele><time>2025-01-31T13:21:58.000Z</time></trkpt>
      <trkpt lat="52.964998" lon="-1.461280"><ele>55.6</ele><time>2025-01-31T13:21:59.000Z</time></trkpt>
      <trkpt lat="52.965012" lon="-1.461286"><ele>55.6</ele><time>2025-01-31T13:22:00.000Z</time></trkpt>
      <trkpt lat="52.965026" lon="-1.461293"><ele>55.8</ele><time>2025-01-31T13:22:01.000Z</time></trkpt>
      <trkpt lat="52.965040" lon="-1.461301"><ele>55.8</ele><time>2025-01-31T13:22:02.000Z</time></trkpt>
      <trkpt lat="52.965054" lon="-1.461308"><ele>56.0</ele><time>2025-01-31T13:22:03.000Z</time></trkpt>
      <trkpt lat="52.965068" lon="-1.461317"><ele>56.0</ele><time>2025-01-31T13:22:04.000Z</time></trkpt>
      <trkpt lat="52.965080" lon="-1.461329"><ele>56.0</ele><time>2025-01-31T13:22:05.000Z</time></trkpt>
      <trkpt lat="52.965091" lon="-1.461345"><ele>56.0</ele><time>2025-01-31T13:22:06.000Z</time></trkpt>
      <trkpt lat="52.965100" lon="-1.461362"><ele>56.0</ele><time>2025-01-31T13:22:07.000Z</time></trkpt>
      <trkpt lat="52.965109" lon="-1.461380"><ele>56.0</ele><time>2025-01-31T13:22:08.000Z</time></trkpt>
      <trkpt lat="52.965118" lon="-1.461397"><ele>56.0</ele><time>2025-01-31T13:22:09.000Z</time></trkpt>
      <trkpt lat="52.965128" lon="-1.461413"><ele>56.0</ele><time>2025-01-31T13:22:10.000Z</time></trkpt>
      <trkpt lat="52.965138" lon="-1.461428"><ele>56.0</ele><time>2025-01-31T13:22:11.000Z</time></trkpt>
      <trkpt lat="52.965148" lon="-1.461444"><ele>56.0</ele><time>2025-01-31T13:22:12.000Z</time></trkpt>
      <trkpt lat="52.965158" lon="-1.461459"><ele>56.0</ele><time>2025-01-31T13:22:13.000Z</time></trkpt>
      <trkpt lat="52.965168" lon="-1.461475"><ele>56.0</ele><time>2025-01-31T13:22:14.000Z</time></trkpt>
      <trkpt lat="52.965178" lon="-1.461491"><ele>55.8</ele><time>2025-01-31T13:22:15.000Z</time></trkpt>
      <trkpt lat="52.965188" lon="-1.461507"><ele>55.8</ele><time>2025-01-31T13:22:16.000Z</time></trkpt>
      <trkpt lat="52.965198" lon="-1.461523"><ele>55.8</ele><time>2025-01-31T13:22:17.000Z</time></trkpt>
      <trkpt lat="52.965208" lon="-1.461539"><ele>55.8</ele><time>2025-01-31T13:22:18.000Z</time></trkpt>
      <trkpt lat="52.965218" lon="-1.461555"><ele>55.8</ele><time>2025-01-31T13:22:19.000Z</time></trkpt>
      <trkpt lat="52.965228" lon="-1.461572"><ele>55.8</ele><time>2025-01-31T13:22:20.000Z</time></trkpt>
      <trkpt lat="52.965239" lon="-1.461588"><ele>55.8</ele><time>2025-01-31T13:22:21.000Z</time></trkpt>
      <trkpt lat="52.965249" lon="-1.461605"><ele>55.6</ele><time>2025-01-31T13:22:22.000Z</time></trkpt>
      <trkpt lat="52.965260" lon="-1.461621"><ele>55.6</ele><time>2025-01-31T13:22:23.000Z</time></trkpt>
      <trkpt lat="52.965270" lon="-1.461636"><ele>55.6</ele><time>2025-01-31T13:22:24.000Z</time></trkpt>
      <trkpt lat="52.965281" lon="-1.461652"><ele>55.6</ele><time>2025-01-31T13:22:25.000Z</time></trkpt>
      <trkpt lat="52.965291" lon="-1.461668"><ele>55.4</ele><time>2025-01-31T13:22:26.000Z</time></trkpt>
      <trkpt lat="52.965300" lon="-1.461684"><ele>55.4</ele><time>2025-01-31T13:22:27.000Z</time></trkpt>
      <trkpt lat="52.965310" lon="-1.461701"><ele>55.4</ele><time>2025-01-31T13:22:28.000Z</time></trkpt>
      <trkpt lat="52.965319" lon="-1.461719"><ele>55.2</ele><time>2025-01-31T13:22:29.000Z</time></trkpt>
      <trkpt lat="52.965328" lon="-1.461737"><ele>55.2</ele><time>2025-01-31T13:22:30.000Z</time></trkpt>
      <trkpt lat="52.965337" lon="-1.461755"><ele>55.2</ele><time>2025-01-31T13:22:31.000Z</time></trkpt>
      <trkpt lat="52.965348" lon="-1.461771"><ele>55.0</ele><time>2025-01-31T13:22:32.000Z</time></trkpt>
      <trkpt lat="52.965358" lon="-1.461787"><ele>55.0</ele><time>2025-01-31T13:22:33.000Z</time></trkpt>
      <trkpt lat="52.965369" lon="-1.461803"><ele>54.8</ele><time>2025-01-31T13:22:34.000Z</time></trkpt>
      <trkpt lat="52.965379" lon="-1.461818"><ele>54.8</ele><time>2025-01-31T13:22:35.000Z</time></trkpt>
      <trkpt lat="52.965390" lon="-1.461834"><ele>54.6</ele><time>2025-01-31T13:22:36.000Z</time></trkpt>
      <trkpt lat="52.965400" lon="-1.461850"><ele>54.6</ele><time>2025-01-31T13:22:37.000Z</time></trkpt>
      <trkpt lat="52.965411" lon="-1.461865"><ele>54.4</ele><time>2025-01-31T13:22:38.000Z</time></trkpt>
      <trkpt lat="52.965421" lon="-1.461881"><ele>54.4</ele><time>2025-01-31T13:22:39.000Z</time></trkpt>
      <trkpt lat="52.965432" lon="-1.461897"><ele>54.4</ele><time>2025-01-31T13:22:40.000Z</time></trkpt>
      <trkpt lat="52.965443" lon="-1.461912"><ele>54.2</ele><time>2025-01-31T13:22:41.000Z</time></trkpt>
      <trkpt lat="52.965454" lon="-1.461926"><ele>54.2</ele><time>2025-01-31T13:22:42.000Z</time></trkpt>
      <trkpt lat="52.965466" lon="-1.461941"><ele>54.2</ele><time>2025-01-31T13:22:43.000Z</time></trkpt>
      <trkpt lat="52.965476" lon="-1.461956"><ele>54.2</ele><time>2025-01-31T13:22:44.000Z</time></trkpt>
      <trkpt lat="52.965487" lon="-1.461972"><ele>54.2</ele><time>2025-01-31T13:22:45.000Z</time></trkpt>
      <trkpt lat="52.965498" lon="-1.461987"><ele>54.2</ele><time>2025-01-31T13:22:46.000Z</time></trkpt>
      <trkpt lat="52.965508" lon="-1.462003"><ele>54.2</ele><time>2025-01-31T13:22:47.000Z</time></trkpt>
      <trkpt lat="52.965519" lon="-1.462018"><ele>54.2</ele><time>2025-01-31T13:22:48.000Z</time></trkpt>
      <trkpt lat="52.965529" lon="-1.462034"><ele>54.2</ele><time>2025-01-31T13:22:49.000Z</time></trkpt>
      <trkpt lat="52.965540" lon="-1.462050"><ele>54.2</ele><time>2025-01-31T13:22:50.000Z</time></trkpt>
      <trkpt lat="52.965550" lon="-1.462065"><ele>54.2</ele><time>2025-01-31T13:22:51.000Z</time></trkpt>
      <trkpt lat="52.965561" lon="-1.462080"><ele>54.2</ele><time>2025-01-31T13:22:52.000Z</time></trkpt>
      <trkpt lat="52.965572" lon="-1.462094"><ele>54.2</ele><time>2025-01-31T13:22:53.000Z</time></trkpt>
      <trkpt lat="52.965583" lon="-1.462108"><ele>54.2</ele><time>2025-01-31T13:22:54.000Z</time></trkpt>
      <trkpt lat="52.965594" lon="-1.462122"><ele>54.2</ele><time>2025-01-31T13:22:55.000Z</time></trkpt>
      <trkpt lat="52.965604" lon="-1.462136"><ele>54.2</ele><time>2025-01-31T13:22:56.000Z</time></trkpt>
      <trkpt lat="52.965615" lon="-1.462149"><ele>54.2</ele><time>2025-01-31T13:22:57.000Z</time></trkpt>
      <trkpt lat="52.965627" lon="-1.462160"><ele>54.2</ele><time>2025-01-31T13:22:58.000Z</time></trkpt>
      <trkpt lat="52.965639" lon="-1.462166"><ele>54.2</ele><time>2025-01-31T13:22:59.000Z</time></trkpt>
      <trkpt lat="52.965653" lon="-1.462165"><ele>54.2</ele><time>2025-01-31T13:23:00.000Z</time></trkpt>
      <trkpt lat="52.965666" lon="-1.462161"><ele>54.2</ele><time>2025-01-31T13:23:01.000Z</time></trkpt>
      <trkpt lat="52.965679" lon="-1.462161"><ele>54.2</ele><time>2025-01-31T13:23:02.000Z</time></trkpt>
      <trkpt lat="52.965692" lon="-1.462167"><ele>54.2</ele><time>2025-01-31T13:23:03.000Z</time></trkpt>
      <trkpt lat="52.965704" lon="-1.462177"><ele>54.2</ele><time>2025-01-31T13:23:04.000Z</time></trkpt>
      <trkpt lat="52.965715" lon="-1.462190"><ele>54.2</ele><time>2025-01-31T13:23:05.000Z</time></trkpt>
      <trkpt lat="52.965727" lon="-1.462202"><ele>54.2</ele><time>2025-01-31T13:23:06.000Z</time></trkpt>
      <trkpt lat="52.965739" lon="-1.462212"><ele>54.2</ele><time>2025-01-31T13:23:07.000Z</time></trkpt>
      <trkpt lat="52.965752" lon="-1.462223"><ele>54.2</ele><time>2025-01-31T13:23:08.000Z</time></trkpt>
      <trkpt lat="52.965764" lon="-1.462234"><ele>54.2</ele><time>2025-01-31T13:23:09.000Z</time></trkpt>
      <trkpt lat="52.965775" lon="-1.462248"><ele>54.2</ele><time>2025-01-31T13:23:10.000Z</time></trkpt>
      <trkpt lat="52.965786" lon="-1.462263"><ele>54.2</ele><time>2025-01-31T13:23:11.000Z</time></trkpt>
      <trkpt lat="52.965797" lon="-1.462278"><ele>54.2</ele><time>2025-01-31T13:23:12.000Z</time></trkpt>
      <trkpt lat="52.965808" lon="-1.462293"><ele>54.2</ele><time>2025-01-31T13:23:13.000Z</time></trkpt>
      <trkpt lat="52.965820" lon="-1.462308"><ele>54.2</ele><time>2025-01-31T13:23:14.000Z</time></trkpt>
      <trkpt lat="52.965831" lon="-1.462323"><ele>54.2</ele><time>2025-01-31T13:23:15.000Z</time></trkpt>
      <trkpt lat="52.965842" lon="-1.462337"><ele>54.2</ele><time>2025-01-31T13:23:16.000Z</time></trkpt>
      <trkpt lat="52.965854" lon="-1.462351"><ele>54.2</ele><time>2025-01-31T13:23:17.000Z</time></trkpt>
      <trkpt lat="52.965866" lon="-1.462364"><ele>54.2</ele><time>2025-01-31T13:23:18.000Z</time></trkpt>
      <trkpt lat="52.965877" lon="-1.462377"><ele>54.2</ele><time>2025-01-31T13:23:19.000Z</time></trkpt>
      <trkpt lat="52.965889" lon="-1.462389"><ele>54.2</ele><time>2025-01-31T13:23:20.000Z</time></trkpt>
      <trkpt lat="52.965901" lon="-1.462402"><ele>54.2</ele><time>2025-01-31T13:23:21.000Z</time></trkpt>
      <trkpt lat="52.965913" lon="-1.462415"><ele>54.2</ele><time>2025-01-31T13:23:22.000Z</time></trkpt>
      <trkpt lat="52.965925" lon="-1.462428"><ele>54.2</ele><time>2025-01-31T13:23:23.000Z</time></trkpt>
      <trkpt lat="52.965937" lon="-1.462441"><ele>54.2</ele><time>2025-01-31T13:23:24.000Z</time></trkpt>
      <trkpt lat="52.965948" lon="-1.462453"><ele>54.2</ele><time>2025-01-31T13:23:25.000Z</time></trkpt>
      <trkpt lat="52.965960" lon="-1.462466"><ele>54.2</ele><time>2025-01-31T13:23:26.000Z</time></trkpt>
      <trkpt lat="52.965972" lon="-1.462480"><ele>54.2</ele><time>2025-01-31T13:23:27.000Z</time></trkpt>
      <trkpt lat="52.965983" lon="-1.462494"><ele>54.0</ele><time>2025-01-31T13:23:28.000Z</time></trkpt>
      <trkpt lat="52.965994" lon="-1.462509"><ele>54.0</ele><time>2025-01-31T13:23:29.000Z</time></trkpt>
      <trkpt lat="52.966005" lon="-1.462524"><ele>54.0</ele><time>2025-01-31T13:23:30.000Z</time></trkpt>
      <trkpt lat="52.966016" lon="-1.462539"><ele>54.0</ele><time>2025-01-31T13:23:31.000Z</time></trkpt>
      <trkpt lat="52.966028" lon="-1.462554"><ele>54.0</ele><time>2025-01-31T13:23:32.000Z</time></trkpt>
      <trkpt lat="52.966039" lon="-1.462569"><ele>54.0</ele><time>2025-01-31T13:23:33.000Z</time></trkpt>
      <trkpt lat="52.966050" lon="-1.462585"><ele>53.8</ele><time>2025-01-31T13:23:34.000Z</time></trkpt>
      <trkpt lat="52.966061" lon="-1.462600"><ele>53.8</ele><time>2025-01-31T13:23:35.000Z</time></trkpt>
      <trkpt lat="52.966072" lon="-1.462617"><ele>53.8</ele><time>2025-01-31T13:23:36.000Z</time></trkpt>
      <trkpt lat="52.966083" lon="-1.462633"><ele>53.8</ele><time>2025-01-31T13:23:37.000Z</time></trkpt>
      <trkpt lat="52.966094" lon="-1.462649"><ele>53.8</ele><time>2025-01-31T13:23:38.000Z</time></trkpt>
      <trkpt lat="52.966105" lon="-1.462666"><ele>53.8</ele><time>2025-01-31T13:23:39.000Z</time></trkpt>
      <trkpt lat="52.966115" lon="-1.462682"><ele>53.8</ele><time>2025-01-31T13:23:40.000Z</time></trkpt>
      <trkpt lat="52.966126" lon="-1.462697"><ele>53.6</ele><time>2025-01-31T13:23:41.000Z</time></trkpt>
      <trkpt lat="52.966136" lon="-1.462713"><ele>53.6</ele><time>2025-01-31T13:23:42.000Z</time></trkpt>
      <trkpt lat="52.966147" lon="-1.462728"><ele>53.6</ele><time>2025-01-31T13:23:43.000Z</time></trkpt>
      <trkpt lat="52.966157" lon="-1.462744"><ele>53.6</ele><time>2025-01-31T13:23:44.000Z</time></trkpt>
      <trkpt lat="52.966167" lon="-1.462760"><ele>53.6</ele><time>2025-01-31T13:23:45.000Z</time></trkpt>
      <trkpt lat="52.966177" lon="-1.462776"><ele>53.6</ele><time>2025-01-31T13:23:46.000Z</time></trkpt>
      <trkpt lat="52.966187" lon="-1.462793"><ele>53.6</ele><time>2025-01-31T13:23:47.000Z</time></trkpt>
      <trkpt lat="52.966196" lon="-1.462809"><ele>53.6</ele><time>2025-01-31T13:23:48.000Z</time></trkpt>
      <trkpt lat="52.966206" lon="-1.462826"><ele>53.6</ele><time>2025-01-31T13:23:49.000Z</time></trkpt>
      <trkpt lat="52.966215" lon="-1.462842"><ele>53.6</ele><time>2025-01-31T13:23:50.000Z</time></trkpt>
      <trkpt lat="52.966225" lon="-1.462858"><ele>53.6</ele><time>2025-01-31T13:23:51.000Z</time></trkpt>
      <trkpt lat="52.966236" lon="-1.462872"><ele>53.6</ele><time>2025-01-31T13:23:52.000Z</time></trkpt>
      <trkpt lat="52.966246" lon="-1.462887"><ele>53.6</ele><time>2025-01-31T13:23:53.000Z</time></trkpt>
      <trkpt lat="52.966256" lon="-1.462902"><ele>53.6</ele><time>2025-01-31T13:23:54.000Z</time></trkpt>
      <trkpt lat="52.966267" lon="-1.462917"><ele>53.6</ele><time>2025-01-31T13:23:55.000Z</time></trkpt>
      <trkpt lat="52.966277" lon="-1.462932"><ele>53.6</ele><time>2025-01-31T13:23:56.000Z</time></trkpt>
      <trkpt lat="52.966288" lon="-1.462945"><ele>53.6</ele><time>2025-01-31T13:23:57.000Z</time></trkpt>
      <trkpt lat="52.966299" lon="-1.462959"><ele>53.6</ele><time>2025-01-31T13:23:58.000Z</time></trkpt>
      <trkpt lat="52.966310" lon="-1.462971"><ele>53.6</ele><time>2025-01-31T13:23:59.000Z</time></trkpt>
      <trkpt lat="52.966321" lon="-1.462982"><ele>53.6</ele><time>2025-01-31T13:24:00.000Z</time></trkpt>
      <trkpt lat="52.966333" lon="-1.462991"><ele>53.6</ele><time>2025-01-31T13:24:01.000Z</time></trkpt>
      <trkpt lat="52.966345" lon="-1.462999"><ele>53.6</ele><time>2025-01-31T13:24:02.000Z</time></trkpt>
      <trkpt lat="52.966358" lon="-1.463005"><ele>53.6</ele><time>2025-01-31T13:24:03.000Z</time></trkpt>
      <trkpt lat="52.966370" lon="-1.463010"><ele>53.6</ele><time>2025-01-31T13:24:04.000Z</time></trkpt>
      <trkpt lat="52.966383" lon="-1.463014"><ele>53.8</ele><time>2025-01-31T13:24:05.000Z</time></trkpt>
      <trkpt lat="52.966396" lon="-1.463017"><ele>53.8</ele><time>2025-01-31T13:24:06.000Z</time></trkpt>
      <trkpt lat="52.966409" lon="-1.463020"><ele>53.8</ele><time>2025-01-31T13:24:07.000Z</time></trkpt>
      <trkpt lat="52.966421" lon="-1.463024"><ele>53.8</ele><time>2025-01-31T13:24:08.000Z</time></trkpt>
      <trkpt lat="52.966434" lon="-1.463027"><ele>53.8</ele><time>2025-01-31T13:24:09.000Z</time></trkpt>
      <trkpt lat="52.966446" lon="-1.463030"><ele>53.8</ele><time>2025-01-31T13:24:10.000Z</time></trkpt>
      <trkpt lat="52.966459" lon="-1.463033"><ele>54.0</ele><time>2025-01-31T13:24:11.000Z</time></trkpt>
      <trkpt lat="52.966472" lon="-1.463035"><ele>54.0</ele><time>2025-01-31T13:24:12.000Z</time></trkpt>
      <trkpt lat="52.966485" lon="-1.463038"><ele>54.0</ele><time>2025-01-31T13:24:13.000Z</time></trkpt>
      <trkpt lat="52.966498" lon="-1.463042"><ele>54.0</ele><time>2025-01-31T13:24:14.000Z</time></trkpt>
      <trkpt lat="52.966512" lon="-1.463045"><ele>54.2</ele><time>2025-01-31T13:24:15.000Z</time></trkpt>
      <trkpt lat="52.966525" lon="-1.463049"><ele>54.2</ele><time>2025-01-31T13:24:16.000Z</time></trkpt>
      <trkpt lat="52.966538" lon="-1.463052"><ele>54.2</ele><time>2025-01-31T13:24:17.000Z</time></trkpt>
      <trkpt lat="52.966552" lon="-1.463055"><ele>54.2</ele><time>2025-01-31T13:24:18.000Z</time></trkpt>
      <trkpt lat="52.966565" lon="-1.463057"><ele>54.2</ele><time>2025-01-31T13:24:19.000Z</time></trkpt>
      <trkpt lat="52.966579" lon="-1.463058"><ele>54.4</ele><time>2025-01-31T13:24:20.000Z</time></trkpt>
      <trkpt lat="52.966593" lon="-1.463060"><ele>54.4</ele><time>2025-01-31T13:24:21.000Z</time></trkpt>
      <trkpt lat="52.966606" lon="-1.463060"><ele>54.4</ele><time>2025-01-31T13:24:22.000Z</time></trkpt>
      <trkpt lat="52.966620" lon="-1.463061"><ele>54.4</ele><time>2025-01-31T13:24:23.000Z</time></trkpt>
      <trkpt lat="52.966633" lon="-1.463060"><ele>54.4</ele><time>2025-01-31T13:24:24.000Z</time></trkpt>
      <trkpt lat="52.966647" lon="-1.463060"><ele>54.4</ele><time>2025-01-31T13:24:25.000Z</time></trkpt>
      <trkpt lat="52.966660" lon="-1.463060"><ele>54.4</ele><time>2025-01-31T13:24:26.000Z</time></trkpt>
      <trkpt lat="52.966674" lon="-1.463060"><ele>54.4</ele><time>2025-01-31T13:24:27.000Z</time></trkpt>
      <trkpt lat="52.966687" lon="-1.463061"><ele>54.4</ele><time>2025-01-31T13:24:28.000Z</time></trkpt>
      <trkpt lat="52.966701" lon="-1.463061"><ele>54.2</ele><time>2025-01-31T13:24:29.000Z</time></trkpt>
      <trkpt lat="52.966714" lon="-1.463060"><ele>54.2</ele><time>2025-01-31T13:24:30.000Z</time></trkpt>
      <trkpt lat="52.966728" lon="-1.463059"><ele>54.2</ele><time>2025-01-31T13:24:31.000Z</time></trkpt>
      <trkpt lat="52.966741" lon="-1.463057"><ele>54.2</ele><time>2025-01-31T13:24:32.000Z</time></trkpt>
      <trkpt lat="52.966754" lon="-1.463055"><ele>54.2</ele><time>2025-01-31T13:24:33.000Z</time></trkpt>
      <trkpt lat="52.966768" lon="-1.463053"><ele>54.2</ele><time>2025-01-31T13:24:34.000Z</time></trkpt>
      <trkpt lat="52.966781" lon="-1.463049"><ele>54.0</ele><time>2025-01-31T13:24:35.000Z</time></trkpt>
      <trkpt lat="52.966795" lon="-1.463046"><ele>54.0</ele><time>2025-01-31T13:24:36.000Z</time></trkpt>
      <trkpt lat="52.966808" lon="-1.463042"><ele>54.0</ele><time>2025-01-31T13:24:37.000Z</time></trkpt>
      <trkpt lat="52.966822" lon="-1.463038"><ele>54.0</ele><time>2025-01-31T13:24:38.000Z</time></trkpt>
      <trkpt lat="52.966836" lon="-1.463032"><ele>54.0</ele><time>2025-01-31T13:24:39.000Z</time></trkpt>
      <trkpt lat="52.966850" lon="-1.463026"><ele>54.0</ele><time>2025-01-31T13:24:40.000Z</time></trkpt>
      <trkpt lat="52.966863" lon="-1.463020"><ele>54.0</ele><time>2025-01-31T13:24:41.000Z</time></trkpt>
      <trkpt lat="52.966877" lon="-1.463015"><ele>54.0</ele><time>2025-01-31T13:24:42.000Z</time></trkpt>
      <trkpt lat="52.966891" lon="-1.463014"><ele>54.0</ele><time>2025-01-31T13:24:43.000Z</time></trkpt>
      <trkpt lat="52.966905" lon="-1.463016"><ele>54.0</ele><time>2025-01-31T13:24:44.000Z</time></trkpt>
      <trkpt lat="52.966918" lon="-1.463020"><ele>53.8</ele><time>2025-01-31T13:24:45.000Z</time></trkpt>
      <trkpt lat="52.966932" lon="-1.463025"><ele>53.8</ele><time>2025-01-31T13:24:46.000Z</time></trkpt>
      <trkpt lat="52.966946" lon="-1.463028"><ele>53.8</ele><time>2025-01-31T13:24:47.000Z</time></trkpt>
      <trkpt lat="52.966960" lon="-1.463027"><ele>53.8</ele><time>2025-01-31T13:24:48.000Z</time></trkpt>
      <trkpt lat="52.966974" lon="-1.463024"><ele>53.8</ele><time>2025-01-31T13:24:49.000Z</time></trkpt>
      <trkpt lat="52.966988" lon="-1.463020"><ele>53.8</ele><time>2025-01-31T13:24:50.000Z</time></trkpt>
      <trkpt lat="52.967002" lon="-1.463017"><ele>53.8</ele><time>2025-01-31T13:24:51.000Z</time></trkpt>
      <trkpt lat="52.967016" lon="-1.463014"><ele>53.6</ele><time>2025-01-31T13:24:52.000Z</time></trkpt>
      <trkpt lat="52.967029" lon="-1.463011"><ele>53.6</ele><time>2025-01-31T13:24:53.000Z</time></trkpt>
      <trkpt lat="52.967043" lon="-1.463008"><ele>53.6</ele><time>2025-01-31T13:24:54.000Z</time></trkpt>
      <trkpt lat="52.967056" lon="-1.463004"><ele>53.6</ele><time>2025-01-31T13:24:55.000Z</time></trkpt>
      <trkpt lat="52.967070" lon="-1.463001"><ele>53.6</ele><time>2025-01-31T13:24:56.000Z</time></trkpt>
      <trkpt lat="52.967083" lon="-1.462998"><ele>53.4</ele><time>2025-01-31T13:24:57.000Z</time></trkpt>
      <trkpt lat="52.967097" lon="-1.462995"><ele>53.4</ele><time>2025-01-31T13:24:58.000Z</time></trkpt>
      <trkpt lat="52.967111" lon="-1.462993"><ele>53.4</ele><time>2025-01-31T13:24:59.000Z</time></trkpt>
      <trkpt lat="52.967125" lon="-1.462991"><ele>53.4</ele><time>2025-01-31T13:25:00.000Z</time></trkpt>
      <trkpt lat="52.967138" lon="-1.462988"><ele>53.4</ele><time>2025-01-31T13:25:01.000Z</time></trkpt>
      <trkpt lat="52.967152" lon="-1.462985"><ele>53.4</ele><time>2025-01-31T13:25:02.000Z</time></trkpt>
      <trkpt lat="52.967166" lon="-1.462982"><ele>53.4</ele><time>2025-01-31T13:25:03.000Z</time></trkpt>
      <trkpt lat="52.967180" lon="-1.462979"><ele>53.4</ele><time>2025-01-31T13:25:04.000Z</time></trkpt>
      <trkpt lat="52.967194" lon="-1.462977"><ele>53.4</ele><time>2025-01-31T13:25:05.000Z</time></trkpt>
      <trkpt lat="52.967207" lon="-1.462974"><ele>53.4</ele><time>2025-01-31T13:25:06.000Z</time></trkpt>
      <trkpt lat="52.967221" lon="-1.462971"><ele>53.4</ele><time>2025-01-31T13:25:07.000Z</time></trkpt>
      <trkpt lat="52.967234" lon="-1.462968"><ele>53.6</ele><time>2025-01-31T13:25:08.000Z</time></trkpt>
      <trkpt lat="52.967247" lon="-1.462966"><ele>53.6</ele><time>2025-01-31T13:25:09.000Z</time></trkpt>
      <trkpt lat="52.967261" lon="-1.462967"><ele>53.6</ele><time>2025-01-31T13:25:10.000Z</time></trkpt>
      <trkpt lat="52.967275" lon="-1.462968"><ele>53.6</ele><time>2025-01-31T13:25:11.000Z</time></trkpt>
      <trkpt lat="52.967289" lon="-1.462971"><ele>53.8</ele><time>2025-01-31T13:25:12.000Z</time></trkpt>
      <trkpt lat="52.967303" lon="-1.462974"><ele>53.8</ele><time>2025-01-31T13:25:13.000Z</time></trkpt>
      <trkpt lat="52.967317" lon="-1.462978"><ele>53.8</ele><time>2025-01-31T13:25:14.000Z</time></trkpt>
      <trkpt lat="52.967331" lon="-1.462981"><ele>54.0</ele><time>2025-01-31T13:25:15.000Z</time></trkpt>
      <trkpt lat="52.967345" lon="-1.462985"><ele>54.0</ele><time>2025-01-31T13:25:16.000Z</time></trkpt>
      <trkpt lat="52.967359" lon="-1.462990"><ele>54.0</ele><time>2025-01-31T13:25:17.000Z</time></trkpt>
      <trkpt lat="52.967374" lon="-1.462996"><ele>54.0</ele><time>2025-01-31T13:25:18.000Z</time></trkpt>
      <trkpt lat="52.967388" lon="-1.463003"><ele>54.0</ele><time>2025-01-31T13:25:19.000Z</time></trkpt>
      <trkpt lat="52.967402" lon="-1.463010"><ele>54.0</ele><time>2025-01-31T13:25:20.000Z</time></trkpt>
      <trkpt lat="52.967417" lon="-1.463016"><ele>54.2</ele><time>2025-01-31T13:25:21.000Z</time></trkpt>
      <trkpt lat="52.967432" lon="-1.463020"><ele>54.2</ele><time>2025-01-31T13:25:22.000Z</time></trkpt>
      <trkpt lat="52.967447" lon="-1.463025"><ele>54.2</ele><time>2025-01-31T13:25:23.000Z</time></trkpt>
      <trkpt lat="52.967461" lon="-1.463030"><ele>54.2</ele><time>2025-01-31T13:25:24.000Z</time></trkpt>
      <trkpt lat="52.967476" lon="-1.463036"><ele>54.2</ele><time>2025-01-31T13:25:25.000Z</time></trkpt>
      <trkpt lat="52.967491" lon="-1.463042"><ele>54.2</ele><time>2025-01-31T13:25:26.000Z</time></trkpt>
      <trkpt lat="52.967504" lon="-1.463049"><ele>54.2</ele><time>2025-01-31T13:25:27.000Z</time></trkpt>
      <trkpt lat="52.967518" lon="-1.463057"><ele>54.2</ele><time>2025-01-31T13:25:28.000Z</time></trkpt>
      <trkpt lat="52.967531" lon="-1.463062"><ele>54.2</ele><time>2025-01-31T13:25:29.000Z</time></trkpt>
      <trkpt lat="52.967545" lon="-1.463066"><ele>54.2</ele><time>2025-01-31T13:25:30.000Z</time></trkpt>
      <trkpt lat="52.967558" lon="-1.463071"><ele>54.2</ele><time>2025-01-31T13:25:31.000Z</time></trkpt>
      <trkpt lat="52.967571" lon="-1.463079"><ele>54.4</ele><time>2025-01-31T13:25:32.000Z</time></trkpt>
      <trkpt lat="52.967583" lon="-1.463090"><ele>54.4</ele><time>2025-01-31T13:25:33.000Z</time></trkpt>
      <trkpt lat="52.967595" lon="-1.463102"><ele>54.4</ele><time>2025-01-31T13:25:34.000Z</time></trkpt>
      <trkpt lat="52.967607" lon="-1.463116"><ele>54.4</ele><time>2025-01-31T13:25:35.000Z</time></trkpt>
      <trkpt lat="52.967619" lon="-1.463130"><ele>54.4</ele><time>2025-01-31T13:25:36.000Z</time></trkpt>
      <trkpt lat="52.967631" lon="-1.463144"><ele>54.4</ele><time>2025-01-31T13:25:37.000Z</time></trkpt>
      <trkpt lat="52.967645" lon="-1.463157"><ele>54.4</ele><time>2025-01-31T13:25:38.000Z</time></trkpt>
      <trkpt lat="52.967659" lon="-1.463168"><ele>54.4</ele><time>2025-01-31T13:25:39.000Z</time></trkpt>
      <trkpt lat="52.967673" lon="-1.463179"><ele>54.4</ele><time>2025-01-31T13:25:40.000Z</time></trkpt>
      <trkpt lat="52.967687" lon="-1.463190"><ele>54.6</ele><time>2025-01-31T13:25:41.000Z</time></trkpt>
      <trkpt lat="52.967701" lon="-1.463200"><ele>54.6</ele><time>2025-01-31T13:25:42.000Z</time></trkpt>
      <trkpt lat="52.967715" lon="-1.463210"><ele>54.6</ele><time>2025-01-31T13:25:43.000Z</time></trkpt>
      <trkpt lat="52.967729" lon="-1.463221"><ele>54.6</ele><time>2025-01-31T13:25:44.000Z</time></trkpt>
      <trkpt lat="52.967743" lon="-1.463230"><ele>54.6</ele><time>2025-01-31T13:25:45.000Z</time></trkpt>
      <trkpt lat="52.967758" lon="-1.463238"><ele>54.8</ele><time>2025-01-31T13:25:46.000Z</time></trkpt>
      <trkpt lat="52.967773" lon="-1.463246"><ele>54.8</ele><time>2025-01-31T13:25:47.000Z</time></trkpt>
      <trkpt lat="52.967787" lon="-1.463256"><ele>54.8</ele><time>2025-01-31T13:25:48.000Z</time></trkpt>
      <trkpt lat="52.967800" lon="-1.463266"><ele>54.8</ele><time>2025-01-31T13:25:49.000Z</time></trkpt>
      <trkpt lat="52.967814" lon="-1.463276"><ele>54.8</ele><time>2025-01-31T13:25:50.000Z</time></trkpt>
      <trkpt lat="52.967828" lon="-1.463285"><ele>54.8</ele><time>2025-01-31T13:25:51.000Z</time></trkpt>
      <trkpt lat="52.967841" lon="-1.463293"><ele>54.8</ele><time>2025-01-31T13:25:52.000Z</time></trkpt>
      <trkpt lat="52.967854" lon="-1.463299"><ele>54.8</ele><time>2025-01-31T13:25:53.000Z</time></trkpt>
      <trkpt lat="52.967867" lon="-1.463308"><ele>54.8</ele><time>2025-01-31T13:25:54.000Z</time></trkpt>
      <trkpt lat="52.967880" lon="-1.463320"><ele>54.8</ele><time>2025-01-31T13:25:55.000Z</time></trkpt>
      <trkpt lat="52.967892" lon="-1.463335"><ele>54.8</ele><time>2025-01-31T13:25:56.000Z</time></trkpt>
      <trkpt lat="52.967904" lon="-1.463350"><ele>54.8</ele><time>2025-01-31T13:25:57.000Z</time></trkpt>
      <trkpt lat="52.967916" lon="-1.463364"><ele>54.8</ele><time>2025-01-31T13:25:58.000Z</time></trkpt>
      <trkpt lat="52.967928" lon="-1.463378"><ele>54.8</ele><time>2025-01-31T13:25:59.000Z</time></trkpt>
      <trkpt lat="52.967939" lon="-1.463393"><ele>54.8</ele><time>2025-01-31T13:26:00.000Z</time></trkpt>
      <trkpt lat="52.967951" lon="-1.463408"><ele>54.8</ele><time>2025-01-31T13:26:01.000Z</time></trkpt>
      <trkpt lat="52.967963" lon="-1.463423"><ele>54.8</ele><time>2025-01-31T13:26:02.000Z</time></trkpt>
      <trkpt lat="52.967976" lon="-1.463437"><ele>54.8</ele><time>2025-01-31T13:26:03.000Z</time></trkpt>
      <trkpt lat="52.967989" lon="-1.463449"><ele>54.8</ele><time>2025-01-31T13:26:04.000Z</time></trkpt>
      <trkpt lat="52.968003" lon="-1.463460"><ele>55.0</ele><time>2025-01-31T13:26:05.000Z</time></trkpt>
      <trkpt lat="52.968016" lon="-1.463470"><ele>55.0</ele><time>2025-01-31T13:26:06.000Z</time></trkpt>
      <trkpt lat="52.968030" lon="-1.463481"><ele>55.0</ele><time>2025-01-31T13:26:07.000Z</time></trkpt>
      <trkpt lat="52.968043" lon="-1.463492"><ele>55.0</ele><time>2025-01-31T13:26:08.000Z</time></trkpt>
      <trkpt lat="52.968055" lon="-1.463506"><ele>55.0</ele><time>2025-01-31T13:26:09.000Z</time></trkpt>
      <trkpt lat="52.968067" lon="-1.463521"><ele>55.0</ele><time>2025-01-31T13:26:10.000Z</time></trkpt>
      <trkpt lat="52.968079" lon="-1.463536"><ele>55.0</ele><time>2025-01-31T13:26:11.000Z</time></trkpt>
      <trkpt lat="52.968091" lon="-1.463551"><ele>55.0</ele><time>2025-01-31T13:26:12.000Z</time></trkpt>
      <trkpt lat="52.968103" lon="-1.463565"><ele>55.0</ele><time>2025-01-31T13:26:13.000Z</time></trkpt>
      <trkpt lat="52.968115" lon="-1.463579"><ele>55.0</ele><time>2025-01-31T13:26:14.000Z</time></trkpt>
      <trkpt lat="52.968127" lon="-1.463593"><ele>55.0</ele><time>2025-01-31T13:26:15.000Z</time></trkpt>
      <trkpt lat="52.968139" lon="-1.463605"><ele>55.0</ele><time>2025-01-31T13:26:16.000Z</time></trkpt>
      <trkpt lat="52.968152" lon="-1.463616"><ele>55.0</ele><time>2025-01-31T13:26:17.000Z</time></trkpt>
      <trkpt lat="52.968164" lon="-1.463628"><ele>55.0</ele><time>2025-01-31T13:26:18.000Z</time></trkpt>
      <trkpt lat="52.968176" lon="-1.463641"><ele>55.0</ele><time>2025-01-31T13:26:19.000Z</time></trkpt>
      <trkpt lat="52.968188" lon="-1.463655"><ele>55.2</ele><time>2025-01-31T13:26:20.000Z</time></trkpt>
      <trkpt lat="52.968199" lon="-1.463670"><ele>55.2</ele><time>2025-01-31T13:26:21.000Z</time></trkpt>
      <trkpt lat="52.968211" lon="-1.463684"><ele>55.2</ele><time>2025-01-31T13:26:22.000Z</time></trkpt>
      <trkpt lat="52.968222" lon="-1.463699"><ele>55.2</ele><time>2025-01-31T13:26:23.000Z</time></trkpt>
      <trkpt lat="52.968234" lon="-1.463713"><ele>55.2</ele><time>2025-01-31T13:26:24.000Z</time></trkpt>
      <trkpt lat="52.968246" lon="-1.463725"><ele>55.2</ele><time>2025-01-31T13:26:25.000Z</time></trkpt>
      <trkpt lat="52.968259" lon="-1.463736"><ele>55.4</ele><time>2025-01-31T13:26:26.000Z</time></trkpt>
      <trkpt lat="52.968272" lon="-1.463747"><ele>55.4</ele><time>2025-01-31T13:26:27.000Z</time></trkpt>
      <trkpt lat="52.968284" lon="-1.463758"><ele>55.4</ele><time>2025-01-31T13:26:28.000Z</time></trkpt>
      <trkpt lat="52.968297" lon="-1.463770"><ele>55.4</ele><time>2025-01-31T13:26:29.000Z</time></trkpt>
      <trkpt lat="52.968309" lon="-1.463783"><ele>55.6</ele><time>2025-01-31T13:26:30.000Z</time></trkpt>
      <trkpt lat="52.968321" lon="-1.463797"><ele>55.6</ele><time>2025-01-31T13:26:31.000Z</time></trkpt>
      <trkpt lat="52.968333" lon="-1.463810"><ele>55.6</ele><time>2025-01-31T13:26:32.000Z</time></trkpt>
      <trkpt lat="52.968345" lon="-1.463823"><ele>55.6</ele><time>2025-01-31T13:26:33.000Z</time></trkpt>
      <trkpt lat="52.968357" lon="-1.463836"><ele>55.6</ele><time>2025-01-31T13:26:34.000Z</time></trkpt>
      <trkpt lat="52.968369" lon="-1.463848"><ele>55.8</ele><time>2025-01-31T13:26:35.000Z</time></trkpt>
      <trkpt lat="52.968381" lon="-1.463861"><ele>55.8</ele><time>2025-01-31T13:26:36.000Z</time></trkpt>
      <trkpt lat="52.968393" lon="-1.463874"><ele>55.8</ele><time>2025-01-31T13:26:37.000Z</time></trkpt>
      <trkpt lat="52.968405" lon="-1.463889"><ele>55.8</ele><time>2025-01-31T13:26:38.000Z</time></trkpt>
      <trkpt lat="52.968416" lon="-1.463903"><ele>55.8</ele><time>2025-01-31T13:26:39.000Z</time></trkpt>
      <trkpt lat="52.968428" lon="-1.463915"><ele>55.8</ele><time>2025-01-31T13:26:40.000Z</time></trkpt>
      <trkpt lat="52.968440" lon="-1.463927"><ele>55.8</ele><time>2025-01-31T13:26:41.000Z</time></trkpt>
      <trkpt lat="52.968452" lon="-1.463937"><ele>55.8</ele><time>2025-01-31T13:26:42.000Z</time></trkpt>
      <trkpt lat="52.968465" lon="-1.463948"><ele>55.8</ele><time>2025-01-31T13:26:43.000Z</time></trkpt>
      <trkpt lat="52.968477" lon="-1.463959"><ele>56.0</ele><time>2025-01-31T13:26:44.000Z</time></trkpt>
      <trkpt lat="52.968490" lon="-1.463968"><ele>56.0</ele><time>2025-01-31T13:26:45.000Z</time></trkpt>
      <trkpt lat="52.968504" lon="-1.463973"><ele>56.0</ele><time>2025-01-31T13:26:46.000Z</time></trkpt>
      <trkpt lat="52.968518" lon="-1.463974"><ele>56.0</ele><time>2025-01-31T13:26:47.000Z</time></trkpt>
      <trkpt lat="52.968532" lon="-1.463975"><ele>56.0</ele><time>2025-01-31T13:26:48.000Z</time></trkpt>
      <trkpt lat="52.968545" lon="-1.463978"><ele>56.0</ele><time>2025-01-31T13:26:49.000Z</time></trkpt>
      <trkpt lat="52.968557" lon="-1.463985"><ele>56.0</ele><time>2025-01-31T13:26:50.000Z</time></trkpt>
      <trkpt lat="52.968567" lon="-1.463998"><ele>56.0</ele><time>2025-01-31T13:26:51.000Z</time></trkpt>
      <trkpt lat="52.968574" lon="-1.464014"><ele>56.0</ele><time>2025-01-31T13:26:52.000Z</time></trkpt>
      <trkpt lat="52.968580" lon="-1.464033"><ele>56.0</ele><time>2025-01-31T13:26:53.000Z</time></trkpt>
      <trkpt lat="52.968584" lon="-1.464054"><ele>56.0</ele><time>2025-01-31T13:26:54.000Z</time></trkpt>
      <trkpt lat="52.968589" lon="-1.464075"><ele>56.0</ele><time>2025-01-31T13:26:55.000Z</time></trkpt>
      <trkpt lat="52.968593" lon="-1.464097"><ele>55.8</ele><time>2025-01-31T13:26:56.000Z</time></trkpt>
      <trkpt lat="52.968596" lon="-1.464120"><ele>55.8</ele><time>2025-01-31T13:26:57.000Z</time></trkpt>
      <trkpt lat="52.968599" lon="-1.464143"><ele>55.8</ele><time>2025-01-31T13:26:58.000Z</time></trkpt>
      <trkpt lat="52.968601" lon="-1.464166"><ele>55.8</ele><time>2025-01-31T13:26:59.000Z</time></trkpt>
      <trkpt lat="52.968604" lon="-1.464189"><ele>55.6</ele><time>2025-01-31T13:27:00.000Z</time></trkpt>
      <trkpt lat="52.968607" lon="-1.464212"><ele>55.6</ele><time>2025-01-31T13:27:01.000Z</time></trkpt>
      <trkpt lat="52.968609" lon="-1.464234"><ele>55.4</ele><time>2025-01-31T13:27:02.000Z</time></trkpt>
      <trkpt lat="52.968612" lon="-1.464257"><ele>55.4</ele><time>2025-01-31T13:27:03.000Z</time></trkpt>
      <trkpt lat="52.968616" lon="-1.464280"><ele>55.4</ele><time>2025-01-31T13:27:04.000Z</time></trkpt>
      <trkpt lat="52.968620" lon="-1.464303"><ele>55.2</ele><time>2025-01-31T13:27:05.000Z</time></trkpt>
      <trkpt lat="52.968625" lon="-1.464325"><ele>55.2</ele><time>2025-01-31T13:27:06.000Z</time></trkpt>
      <trkpt lat="52.968631" lon="-1.464346"><ele>55.2</ele><time>2025-01-31T13:27:07.000Z</time></trkpt>
      <trkpt lat="52.968638" lon="-1.464367"><ele>55.2</ele><time>2025-01-31T13:27:08.000Z</time></trkpt>
      <trkpt lat="52.968645" lon="-1.464388"><ele>55.0</ele><time>2025-01-31T13:27:09.000Z</time></trkpt>
      <trkpt lat="52.968653" lon="-1.464409"><ele>55.0</ele><time>2025-01-31T13:27:10.000Z</time></trkpt>
      <trkpt lat="52.968660" lon="-1.464429"><ele>55.0</ele><time>2025-01-31T13:27:11.000Z</time></trkpt>
      <trkpt lat="52.968667" lon="-1.464450"><ele>55.0</ele><time>2025-01-31T13:27:12.000Z</time></trkpt>
      <trkpt lat="52.968675" lon="-1.464471"><ele>55.0</ele><time>2025-01-31T13:27:13.000Z</time></trkpt>
      <trkpt lat="52.968682" lon="-1.464492"><ele>55.0</ele><time>2025-01-31T13:27:14.000Z</time></trkpt>
      <trkpt lat="52.968689" lon="-1.464513"><ele>55.0</ele><time>2025-01-31T13:27:15.000Z</time></trkpt>
      <trkpt lat="52.968697" lon="-1.464533"><ele>54.8</ele><time>2025-01-31T13:27:16.000Z</time></trkpt>
      <trkpt lat="52.968705" lon="-1.464552"><ele>54.8</ele><time>2025-01-31T13:27:17.000Z</time></trkpt>
      <trkpt lat="52.968713" lon="-1.464571"><ele>54.8</ele><time>2025-01-31T13:27:18.000Z</time></trkpt>
      <trkpt lat="52.968721" lon="-1.464590"><ele>54.8</ele><time>2025-01-31T13:27:19.000Z</time></trkpt>
      <trkpt lat="52.968730" lon="-1.464609"><ele>54.8</ele><time>2025-01-31T13:27:20.000Z</time></trkpt>
      <trkpt lat="52.968738" lon="-1.464627"><ele>54.8</ele><time>2025-01-31T13:27:21.000Z</time></trkpt>
      <trkpt lat="52.968746" lon="-1.464646"><ele>54.8</ele><time>2025-01-31T13:27:22.000Z</time></trkpt>
      <trkpt lat="52.968753" lon="-1.464667"><ele>54.8</ele><time>2025-01-31T13:27:23.000Z</time></trkpt>
      <trkpt lat="52.968760" lon="-1.464687"><ele>54.8</ele><time>2025-01-31T13:27:24.000Z</time></trkpt>
      <trkpt lat="52.968767" lon="-1.464708"><ele>54.8</ele><time>2025-01-31T13:27:25.000Z</time></trkpt>
      <trkpt lat="52.968773" lon="-1.464729"><ele>54.8</ele><time>2025-01-31T13:27:26.000Z</time></trkpt>
      <trkpt lat="52.968780" lon="-1.464750"><ele>54.8</ele><time>2025-01-31T13:27:27.000Z</time></trkpt>
      <trkpt lat="52.968787" lon="-1.464771"><ele>54.8</ele><time>2025-01-31T13:27:28.000Z</time></trkpt>
      <trkpt lat="52.968793" lon="-1.464792"><ele>54.8</ele><time>2025-01-31T13:27:29.000Z</time></trkpt>
      <trkpt lat="52.968800" lon="-1.464812"><ele>54.8</ele><time>2025-01-31T13:27:30.000Z</time></trkpt>
      <trkpt lat="52.968807" lon="-1.464832"><ele>54.8</ele><time>2025-01-31T13:27:31.000Z</time></trkpt>
      <trkpt lat="52.968814" lon="-1.464852"><ele>54.8</ele><time>2025-01-31T13:27:32.000Z</time></trkpt>
      <trkpt lat="52.968821" lon="-1.464872"><ele>54.6</ele><time>2025-01-31T13:27:33.000Z</time></trkpt>
      <trkpt lat="52.968829" lon="-1.464893"><ele>54.6</ele><time>2025-01-31T13:27:34.000Z</time></trkpt>
      <trkpt lat="52.968836" lon="-1.464913"><ele>54.6</ele><time>2025-01-31T13:27:35.000Z</time></trkpt>
      <trkpt lat="52.968844" lon="-1.464932"><ele>54.6</ele><time>2025-01-31T13:27:36.000Z</time></trkpt>
      <trkpt lat="52.968851" lon="-1.464952"><ele>54.6</ele><time>2025-01-31T13:27:37.000Z</time></trkpt>
      <trkpt lat="52.968858" lon="-1.464973"><ele>54.6</ele><time>2025-01-31T13:27:38.000Z</time></trkpt>
      <trkpt lat="52.968865" lon="-1.464995"><ele>54.6</ele><time>2025-01-31T13:27:39.000Z</time></trkpt>
      <trkpt lat="52.968872" lon="-1.465015"><ele>54.6</ele><time>2025-01-31T13:27:40.000Z</time></trkpt>
      <trkpt lat="52.968880" lon="-1.465035"><ele>54.6</ele><time>2025-01-31T13:27:41.000Z</time></trkpt>
      <trkpt lat="52.968888" lon="-1.465055"><ele>54.6</ele><time>2025-01-31T13:27:42.000Z</time></trkpt>
      <trkpt lat="52.968897" lon="-1.465074"><ele>54.6</ele><time>2025-01-31T13:27:43.000Z</time></trkpt>
      <trkpt lat="52.968906" lon="-1.465093"><ele>54.6</ele><time>2025-01-31T13:27:44.000Z</time></trkpt>
      <trkpt lat="52.968915" lon="-1.465112"><ele>54.6</ele><time>2025-01-31T13:27:45.000Z</time></trkpt>
      <trkpt lat="52.968924" lon="-1.465131"><ele>54.6</ele><time>2025-01-31T13:27:46.000Z</time></trkpt>
      <trkpt lat="52.968932" lon="-1.465150"><ele>54.6</ele><time>2025-01-31T13:27:47.000Z</time></trkpt>
      <trkpt lat="52.968941" lon="-1.465169"><ele>54.6</ele><time>2025-01-31T13:27:48.000Z</time></trkpt>
      <trkpt lat="52.968949" lon="-1.465188"><ele>54.6</ele><time>2025-01-31T13:27:49.000Z</time></trkpt>
      <trkpt lat="52.968958" lon="-1.465206"><ele>54.8</ele><time>2025-01-31T13:27:50.000Z</time></trkpt>
      <trkpt lat="52.968968" lon="-1.465225"><ele>54.8</ele><time>2025-01-31T13:27:51.000Z</time></trkpt>
      <trkpt lat="52.968977" lon="-1.465243"><ele>54.8</ele><time>2025-01-31T13:27:52.000Z</time></trkpt>
      <trkpt lat="52.968987" lon="-1.465261"><ele>54.8</ele><time>2025-01-31T13:27:53.000Z</time></trkpt>
      <trkpt lat="52.968996" lon="-1.465279"><ele>54.8</ele><time>2025-01-31T13:27:54.000Z</time></trkpt>
      <trkpt lat="52.969005" lon="-1.465298"><ele>54.8</ele><time>2025-01-31T13:27:55.000Z</time></trkpt>
      <trkpt lat="52.969014" lon="-1.465317"><ele>54.8</ele><time>2025-01-31T13:27:56.000Z</time></trkpt>
      <trkpt lat="52.969024" lon="-1.465335"><ele>54.8</ele><time>2025-01-31T13:27:57.000Z</time></trkpt>
      <trkpt lat="52.969033" lon="-1.465353"><ele>54.8</ele><time>2025-01-31T13:27:58.000Z</time></trkpt>
      <trkpt lat="52.969042" lon="-1.465372"><ele>54.8</ele><time>2025-01-31T13:27:59.000Z</time></trkpt>
      <trkpt lat="52.969050" lon="-1.465390"><ele>54.8</ele><time>2025-01-31T13:28:00.000Z</time></trkpt>
      <trkpt lat="52.969059" lon="-1.465408"><ele>54.8</ele><time>2025-01-31T13:28:01.000Z</time></trkpt>
      <trkpt lat="52.969068" lon="-1.465425"><ele>54.6</ele><time>2025-01-31T13:28:02.000Z</time></trkpt>
      <trkpt lat="52.969077" lon="-1.465443"><ele>54.6</ele><time>2025-01-31T13:28:03.000Z</time></trkpt>
      <trkpt lat="52.969086" lon="-1.465461"><ele>54.6</ele><time>2025-01-31T13:28:04.000Z</time></trkpt>
      <trkpt lat="52.969096" lon="-1.465478"><ele>54.6</ele><time>2025-01-31T13:28:05.000Z</time></trkpt>
      <trkpt lat="52.969105" lon="-1.465495"><ele>54.6</ele><time>2025-01-31T13:28:06.000Z</time></trkpt>
      <trkpt lat="52.969115" lon="-1.465512"><ele>54.6</ele><time>2025-01-31T13:28:07.000Z</time></trkpt>
      <trkpt lat="52.969125" lon="-1.465528"><ele>54.6</ele><time>2025-01-31T13:28:08.000Z</time></trkpt>
      <trkpt lat="52.969135" lon="-1.465545"><ele>54.6</ele><time>2025-01-31T13:28:09.000Z</time></trkpt>
      <trkpt lat="52.969145" lon="-1.465562"><ele>54.6</ele><time>2025-01-31T13:28:10.000Z</time></trkpt>
      <trkpt lat="52.969154" lon="-1.465579"><ele>54.6</ele><time>2025-01-31T13:28:11.000Z</time></trkpt>
      <trkpt lat="52.969164" lon="-1.465597"><ele>54.6</ele><time>2025-01-31T13:28:12.000Z</time></trkpt>
      <trkpt lat="52.969173" lon="-1.465614"><ele>54.6</ele><time>2025-01-31T13:28:13.000Z</time></trkpt>
      <trkpt lat="52.969182" lon="-1.465632"><ele>54.6</ele><time>2025-01-31T13:28:14.000Z</time></trkpt>
      <trkpt lat="52.969192" lon="-1.465650"><ele>54.6</ele><time>2025-01-31T13:28:15.000Z</time></trkpt>
      <trkpt lat="52.969201" lon="-1.465667"><ele>54.6</ele><time>2025-01-31T13:28:16.000Z</time></trkpt>
      <trkpt lat="52.969210" lon="-1.465685"><ele>54.6</ele><time>2025-01-31T13:28:17.000Z</time></trkpt>
      <trkpt lat="52.969220" lon="-1.465702"><ele>54.6</ele><time>2025-01-31T13:28:18.000Z</time></trkpt>
      <trkpt lat="52.969230" lon="-1.465719"><ele>54.6</ele><time>2025-01-31T13:28:19.000Z</time></trkpt>
      <trkpt lat="52.969241" lon="-1.465735"><ele>54.8</ele><time>2025-01-31T13:28:20.000Z</time></trkpt>
      <trkpt lat="52.969251" lon="-1.465751"><ele>54.8</ele><time>2025-01-31T13:28:21.000Z</time></trkpt>
      <trkpt lat="52.969261" lon="-1.465768"><ele>54.8</ele><time>2025-01-31T13:28:22.000Z</time></trkpt>
      <trkpt lat="52.969270" lon="-1.465785"><ele>55.0</ele><time>2025-01-31T13:28:23.000Z</time></trkpt>
      <trkpt lat="52.969279" lon="-1.465803"><ele>55.0</ele><time>2025-01-31T13:28:24.000Z</time></trkpt>
      <trkpt lat="52.969288" lon="-1.465821"><ele>55.0</ele><time>2025-01-31T13:28:25.000Z</time></trkpt>
      <trkpt lat="52.969297" lon="-1.465839"><ele>55.0</ele><time>2025-01-31T13:28:26.000Z</time></trkpt>
      <trkpt lat="52.969306" lon="-1.465857"><ele>55.0</ele><time>2025-01-31T13:28:27.000Z</time></trkpt>
      <trkpt lat="52.969314" lon="-1.465875"><ele>55.0</ele><time>2025-01-31T13:28:28.000Z</time></trkpt>
      <trkpt lat="52.969323" lon="-1.465893"><ele>55.2</ele><time>2025-01-31T13:28:29.000Z</time></trkpt>
      <trkpt lat="52.969331" lon="-1.465910"><ele>55.2</ele><time>2025-01-31T13:28:30.000Z</time></trkpt>
      <trkpt lat="52.969340" lon="-1.465928"><ele>55.2</ele><time>2025-01-31T13:28:31.000Z</time></trkpt>
      <trkpt lat="52.969349" lon="-1.465944"><ele>55.2</ele><time>2025-01-31T13:28:32.000Z</time></trkpt>
      <trkpt lat="52.969358" lon="-1.465962"><ele>55.0</ele><time>2025-01-31T13:28:33.000Z</time></trkpt>
      <trkpt lat="52.969366" lon="-1.465979"><ele>55.0</ele><time>2025-01-31T13:28:34.000Z</time></trkpt>
      <trkpt lat="52.969375" lon="-1.465997"><ele>55.0</ele><time>2025-01-31T13:28:35.000Z</time></trkpt>
      <trkpt lat="52.969384" lon="-1.466015"><ele>55.0</ele><time>2025-01-31T13:28:36.000Z</time></trkpt>
      <trkpt lat="52.969393" lon="-1.466032"><ele>55.0</ele><time>2025-01-31T13:28:37.000Z</time></trkpt>
      <trkpt lat="52.969402" lon="-1.466049"><ele>55.0</ele><time>2025-01-31T13:28:38.000Z</time></trkpt>
      <trkpt lat="52.969412" lon="-1.466065"><ele>55.0</ele><time>2025-01-31T13:28:39.000Z</time></trkpt>
      <trkpt lat="52.969421" lon="-1.466081"><ele>54.8</ele><time>2025-01-31T13:28:40.000Z</time></trkpt>
      <trkpt lat="52.969431" lon="-1.466097"><ele>54.8</ele><time>2025-01-31T13:28:41.000Z</time></trkpt>
      <trkpt lat="52.969441" lon="-1.466113"><ele>54.8</ele><time>2025-01-31T13:28:42.000Z</time></trkpt>
      <trkpt lat="52.969452" lon="-1.466128"><ele>54.8</ele><time>2025-01-31T13:28:43.000Z</time></trkpt>
      <trkpt lat="52.969462" lon="-1.466144"><ele>54.8</ele><time>2025-01-31T13:28:44.000Z</time></trkpt>
      <trkpt lat="52.969473" lon="-1.466159"><ele>54.8</ele><time>2025-01-31T13:28:45.000Z</time></trkpt>
      <trkpt lat="52.969483" lon="-1.466173"><ele>55.0</ele><time>2025-01-31T13:28:46.000Z</time></trkpt>
      <trkpt lat="52.969494" lon="-1.466188"><ele>55.0</ele><time>2025-01-31T13:28:47.000Z</time></trkpt>
      <trkpt lat="52.969505" lon="-1.466201"><ele>55.0</ele><time>2025-01-31T13:28:48.000Z</time></trkpt>
      <trkpt lat="52.969516" lon="-1.466215"><ele>55.0</ele><time>2025-01-31T13:28:49.000Z</time></trkpt>
      <trkpt lat="52.969528" lon="-1.466228"><ele>55.0</ele><time>2025-01-31T13:28:50.000Z</time></trkpt>
      <trkpt lat="52.969539" lon="-1.466242"><ele>55.0</ele><time>2025-01-31T13:28:51.000Z</time></trkpt>
      <trkpt lat="52.969550" lon="-1.466256"><ele>55.2</ele><time>2025-01-31T13:28:52.000Z</time></trkpt>
      <trkpt lat="52.969561" lon="-1.466270"><ele>55.2</ele><time>2025-01-31T13:28:53.000Z</time></trkpt>
      <trkpt lat="52.969572" lon="-1.466283"><ele>55.2</ele><time>2025-01-31T13:28:54.000Z</time></trkpt>
      <trkpt lat="52.969583" lon="-1.466296"><ele>55.2</ele><time>2025-01-31T13:28:55.000Z</time></trkpt>
      <trkpt lat="52.969595" lon="-1.466308"><ele>55.2</ele><time>2025-01-31T13:28:56.000Z</time></trkpt>
      <trkpt lat="52.969606" lon="-1.466321"><ele>55.4</ele><time>2025-01-31T13:28:57.000Z</time></trkpt>
      <trkpt lat="52.969617" lon="-1.466334"><ele>55.4</ele><time>2025-01-31T13:28:58.000Z</time></trkpt>
      <trkpt lat="52.969628" lon="-1.466348"><ele>55.4</ele><time>2025-01-31T13:28:59.000Z</time></trkpt>
      <trkpt lat="52.969638" lon="-1.466362"><ele>55.4</ele><time>2025-01-31T13:29:00.000Z</time></trkpt>
      <trkpt lat="52.969649" lon="-1.466375"><ele>55.4</ele><time>2025-01-31T13:29:01.000Z</time></trkpt>
      <trkpt lat="52.969661" lon="-1.466387"><ele>55.4</ele><time>2025-01-31T13:29:02.000Z</time></trkpt>
      <trkpt lat="52.969673" lon="-1.466399"><ele>55.4</ele><time>2025-01-31T13:29:03.000Z</time></trkpt>
      <trkpt lat="52.969684" lon="-1.466412"><ele>55.4</ele><time>2025-01-31T13:29:04.000Z</time></trkpt>
      <trkpt lat="52.969696" lon="-1.466424"><ele>55.4</ele><time>2025-01-31T13:29:05.000Z</time></trkpt>
      <trkpt lat="52.969708" lon="-1.466437"><ele>55.6</ele><time>2025-01-31T13:29:06.000Z</time></trkpt>
      <trkpt lat="52.969719" lon="-1.466450"><ele>55.6</ele><time>2025-01-31T13:29:07.000Z</time></trkpt>
      <trkpt lat="52.969730" lon="-1.466463"><ele>55.6</ele><time>2025-01-31T13:29:08.000Z</time></trkpt>
      <trkpt lat="52.969742" lon="-1.466477"><ele>55.6</ele><time>2025-01-31T13:29:09.000Z</time></trkpt>
      <trkpt lat="52.969752" lon="-1.466491"><ele>55.6</ele><time>2025-01-31T13:29:10.000Z</time></trkpt>
      <trkpt lat="52.969763" lon="-1.466505"><ele>55.6</ele><time>2025-01-31T13:29:11.000Z</time></trkpt>
      <trkpt lat="52.969773" lon="-1.466520"><ele>55.8</ele><time>2025-01-31T13:29:12.000Z</time></trkpt>
      <trkpt lat="52.969784" lon="-1.466534"><ele>55.8</ele><time>2025-01-31T13:29:13.000Z</time></trkpt>
      <trkpt lat="52.969795" lon="-1.466547"><ele>55.8</ele><time>2025-01-31T13:29:14.000Z</time></trkpt>
      <trkpt lat="52.969806" lon="-1.466560"><ele>55.8</ele><time>2025-01-31T13:29:15.000Z</time></trkpt>
      <trkpt lat="52.969817" lon="-1.466573"><ele>55.8</ele><time>2025-01-31T13:29:16.000Z</time></trkpt>
      <trkpt lat="52.969828" lon="-1.466585"><ele>55.8</ele><time>2025-01-31T13:29:17.000Z</time></trkpt>
      <trkpt lat="52.969839" lon="-1.466597"><ele>55.8</ele><time>2025-01-31T13:29:18.000Z</time></trkpt>
      <trkpt lat="52.969851" lon="-1.466608"><ele>55.8</ele><time>2025-01-31T13:29:19.000Z</time></trkpt>
      <trkpt lat="52.969863" lon="-1.466618"><ele>55.8</ele><time>2025-01-31T13:29:20.000Z</time></trkpt>
      <trkpt lat="52.969874" lon="-1.466627"><ele>55.8</ele><time>2025-01-31T13:29:21.000Z</time></trkpt>
      <trkpt lat="52.969886" lon="-1.466638"><ele>55.8</ele><time>2025-01-31T13:29:22.000Z</time></trkpt>
      <trkpt lat="52.969898" lon="-1.466648"><ele>55.8</ele><time>2025-01-31T13:29:23.000Z</time></trkpt>
      <trkpt lat="52.969911" lon="-1.466659"><ele>55.8</ele><time>2025-01-31T13:29:24.000Z</time></trkpt>
      <trkpt lat="52.969923" lon="-1.466669"><ele>55.8</ele><time>2025-01-31T13:29:25.000Z</time></trkpt>
      <trkpt lat="52.969935" lon="-1.466680"><ele>55.8</ele><time>2025-01-31T13:29:26.000Z</time></trkpt>
      <trkpt lat="52.969948" lon="-1.466690"><ele>55.8</ele><time>2025-01-31T13:29:27.000Z</time></trkpt>
      <trkpt lat="52.969961" lon="-1.466700"><ele>55.8</ele><time>2025-01-31T13:29:28.000Z</time></trkpt>
      <trkpt lat="52.969974" lon="-1.466710"><ele>55.6</ele><time>2025-01-31T13:29:29.000Z</time></trkpt>
      <trkpt lat="52.969987" lon="-1.466719"><ele>55.6</ele><time>2025-01-31T13:29:30.000Z</time></trkpt>
      <trkpt lat="52.970001" lon="-1.466728"><ele>55.6</ele><time>2025-01-31T13:29:31.000Z</time></trkpt>
      <trkpt lat="52.970014" lon="-1.466737"><ele>55.6</ele><time>2025-01-31T13:29:32.000Z</time></trkpt>
      <trkpt lat="52.970026" lon="-1.466747"><ele>55.6</ele><time>2025-01-31T13:29:33.000Z</time></trkpt>
      <trkpt lat="52.970039" lon="-1.466757"><ele>55.6</ele><time>2025-01-31T13:29:34.000Z</time></trkpt>
      <trkpt lat="52.970051" lon="-1.466768"><ele>55.6</ele><time>2025-01-31T13:29:35.000Z</time></trkpt>
      <trkpt lat="52.970064" lon="-1.466778"><ele>55.6</ele><time>2025-01-31T13:29:36.000Z</time></trkpt>
      <trkpt lat="52.970076" lon="-1.466788"><ele>55.6</ele><time>2025-01-31T13:29:37.000Z</time></trkpt>
      <trkpt lat="52.970089" lon="-1.466798"><ele>55.6</ele><time>2025-01-31T13:29:38.000Z</time></trkpt>
      <trkpt lat="52.970102" lon="-1.466806"><ele>55.4</ele><time>2025-01-31T13:29:39.000Z</time></trkpt>
      <trkpt lat="52.970116" lon="-1.466814"><ele>55.4</ele><time>2025-01-31T13:29:40.000Z</time></trkpt>
      <trkpt lat="52.970129" lon="-1.466820"><ele>55.4</ele><time>2025-01-31T13:29:41.000Z</time></trkpt>
      <trkpt lat="52.970142" lon="-1.466826"><ele>55.4</ele><time>2025-01-31T13:29:42.000Z</time></trkpt>
      <trkpt lat="52.970155" lon="-1.466831"><ele>55.4</ele><time>2025-01-31T13:29:43.000Z</time></trkpt>
      <trkpt lat="52.970167" lon="-1.466836"><ele>55.4</ele><time>2025-01-31T13:29:44.000Z</time></trkpt>
      <trkpt lat="52.970178" lon="-1.466841"><ele>55.2</ele><time>2025-01-31T13:29:45.000Z</time></trkpt>
      <trkpt lat="52.970190" lon="-1.466846"><ele>55.2</ele><time>2025-01-31T13:29:46.000Z</time></trkpt>
      <trkpt lat="52.970203" lon="-1.466852"><ele>55.2</ele><time>2025-01-31T13:29:47.000Z</time></trkpt>
      <trkpt lat="52.970217" lon="-1.466859"><ele>55.2</ele><time>2025-01-31T13:29:48.000Z</time></trkpt>
      <trkpt lat="52.970230" lon="-1.466866"><ele>55.2</ele><time>2025-01-31T13:29:49.000Z</time></trkpt>
      <trkpt lat="52.970244" lon="-1.466874"><ele>55.2</ele><time>2025-01-31T13:29:50.000Z</time></trkpt>
      <trkpt lat="52.970257" lon="-1.466883"><ele>55.2</ele><time>2025-01-31T13:29:51.000Z</time></trkpt>
      <trkpt lat="52.970270" lon="-1.466891"><ele>55.2</ele><time>2025-01-31T13:29:52.000Z</time></trkpt>
      <trkpt lat="52.970283" lon="-1.466900"><ele>55.2</ele><time>2025-01-31T13:29:53.000Z</time></trkpt>
      <trkpt lat="52.970295" lon="-1.466909"><ele>55.2</ele><time>2025-01-31T13:29:54.000Z</time></trkpt>
      <trkpt lat="52.970308" lon="-1.466919"><ele>55.2</ele><time>2025-01-31T13:29:55.000Z</time></trkpt>
      <trkpt lat="52.970321" lon="-1.466928"><ele>55.2</ele><time>2025-01-31T13:29:56.000Z</time></trkpt>
      <trkpt lat="52.970334" lon="-1.466938"><ele>55.2</ele><time>2025-01-31T13:29:57.000Z</time></trkpt>
      <trkpt lat="52.970346" lon="-1.466947"><ele>55.4</ele><time>2025-01-31T13:29:58.000Z</time></trkpt>
      <trkpt lat="52.970358" lon="-1.466957"><ele>55.4</ele><time>2025-01-31T13:29:59.000Z</time></trkpt>
      <trkpt lat="52.970371" lon="-1.466968"><ele>55.4</ele><time>2025-01-31T13:30:00.000Z</time></trkpt>
      <trkpt lat="52.970383" lon="-1.466979"><ele>55.4</ele><time>2025-01-31T13:30:01.000Z</time></trkpt>
      <trkpt lat="52.970395" lon="-1.466989"><ele>55.4</ele><time>2025-01-31T13:30:02.000Z</time></trkpt>
      <trkpt lat="52.970406" lon="-1.467000"><ele>55.6</ele><time>2025-01-31T13:30:03.000Z</time></trkpt>
      <trkpt lat="52.970417" lon="-1.467012"><ele>55.6</ele><time>2025-01-31T13:30:04.000Z</time></trkpt>
      <trkpt lat="52.970428" lon="-1.467024"><ele>55.6</ele><time>2025-01-31T13:30:05.000Z</time></trkpt>
      <trkpt lat="52.970439" lon="-1.467036"><ele>55.6</ele><time>2025-01-31T13:30:06.000Z</time></trkpt>
      <trkpt lat="52.970449" lon="-1.467049"><ele>55.6</ele><time>2025-01-31T13:30:07.000Z</time></trkpt>
      <trkpt lat="52.970460" lon="-1.467063"><ele>55.8</ele><time>2025-01-31T13:30:08.000Z</time></trkpt>
      <trkpt lat="52.970472" lon="-1.467078"><ele>55.8</ele><time>2025-01-31T13:30:09.000Z</time></trkpt>
      <trkpt lat="52.970484" lon="-1.467091"><ele>55.8</ele><time>2025-01-31T13:30:10.000Z</time></trkpt>
      <trkpt lat="52.970497" lon="-1.467103"><ele>55.8</ele><time>2025-01-31T13:30:11.000Z</time></trkpt>
      <trkpt lat="52.970509" lon="-1.467116"><ele>55.8</ele><time>2025-01-31T13:30:12.000Z</time></trkpt>
      <trkpt lat="52.970521" lon="-1.467129"><ele>55.8</ele><time>2025-01-31T13:30:13.000Z</time></trkpt>
      <trkpt lat="52.970533" lon="-1.467143"><ele>55.8</ele><time>2025-01-31T13:30:14.000Z</time></trkpt>
      <trkpt lat="52.970545" lon="-1.467157"><ele>55.8</ele><time>2025-01-31T13:30:15.000Z</time></trkpt>
      <trkpt lat="52.970556" lon="-1.467172"><ele>55.8</ele><time>2025-01-31T13:30:16.000Z</time></trkpt>
      <trkpt lat="52.970566" lon="-1.467189"><ele>56.0</ele><time>2025-01-31T13:30:17.000Z</time></trkpt>
      <trkpt lat="52.970576" lon="-1.467205"><ele>56.0</ele><time>2025-01-31T13:30:18.000Z</time></trkpt>
      <trkpt lat="52.970586" lon="-1.467221"><ele>56.0</ele><time>2025-01-31T13:30:19.000Z</time></trkpt>
      <trkpt lat="52.970596" lon="-1.467237"><ele>56.0</ele><time>2025-01-31T13:30:20.000Z</time></trkpt>
      <trkpt lat="52.970606" lon="-1.467254"><ele>56.0</ele><time>2025-01-31T13:30:21.000Z</time></trkpt>
      <trkpt lat="52.970616" lon="-1.467270"><ele>56.0</ele><time>2025-01-31T13:30:22.000Z</time></trkpt>
      <trkpt lat="52.970626" lon="-1.467286"><ele>56.0</ele><time>2025-01-31T13:30:23.000Z</time></trkpt>
      <trkpt lat="52.970636" lon="-1.467301"><ele>56.0</ele><time>2025-01-31T13:30:24.000Z</time></trkpt>
      <trkpt lat="52.970647" lon="-1.467314"><ele>56.0</ele><time>2025-01-31T13:30:25.000Z</time></trkpt>
      <trkpt lat="52.970657" lon="-1.467328"><ele>56.0</ele><time>2025-01-31T13:30:26.000Z</time></trkpt>
      <trkpt lat="52.970667" lon="-1.467343"><ele>56.0</ele><time>2025-01-31T13:30:27.000Z</time></trkpt>
      <trkpt lat="52.970677" lon="-1.467358"><ele>56.0</ele><time>2025-01-31T13:30:28.000Z</time></trkpt>
      <trkpt lat="52.970687" lon="-1.467372"><ele>56.0</ele><time>2025-01-31T13:30:29.000Z</time></trkpt>
      <trkpt lat="52.970697" lon="-1.467387"><ele>56.0</ele><time>2025-01-31T13:30:30.000Z</time></trkpt>
      <trkpt lat="52.970707" lon="-1.467403"><ele>56.0</ele><time>2025-01-31T13:30:31.000Z</time></trkpt>
      <trkpt lat="52.970716" lon="-1.467420"><ele>55.8</ele><time>2025-01-31T13:30:32.000Z</time></trkpt>
      <trkpt lat="52.970725" lon="-1.467437"><ele>55.8</ele><time>2025-01-31T13:30:33.000Z</time></trkpt>
      <trkpt lat="52.970735" lon="-1.467452"><ele>55.8</ele><time>2025-01-31T13:30:34.000Z</time></trkpt>
      <trkpt lat="52.970746" lon="-1.467466"><ele>55.8</ele><time>2025-01-31T13:30:35.000Z</time></trkpt>
      <trkpt lat="52.970757" lon="-1.467479"><ele>55.8</ele><time>2025-01-31T13:30:36.000Z</time></trkpt>
      <trkpt lat="52.970768" lon="-1.467491"><ele>55.8</ele><time>2025-01-31T13:30:37.000Z</time></trkpt>
      <trkpt lat="52.970779" lon="-1.467504"><ele>55.8</ele><time>2025-01-31T13:30:38.000Z</time></trkpt>
      <trkpt lat="52.970790" lon="-1.467518"><ele>55.8</ele><time>2025-01-31T13:30:39.000Z</time></trkpt>
      <trkpt lat="52.970801" lon="-1.467531"><ele>55.8</ele><time>2025-01-31T13:30:40.000Z</time></trkpt>
      <trkpt lat="52.970812" lon="-1.467545"><ele>55.8</ele><time>2025-01-31T13:30:41.000Z</time></trkpt>
      <trkpt lat="52.970823" lon="-1.467558"><ele>55.8</ele><time>2025-01-31T13:30:42.000Z</time></trkpt>
      <trkpt lat="52.970833" lon="-1.467573"><ele>55.8</ele><time>2025-01-31T13:30:43.000Z</time></trkpt>
      <trkpt lat="52.970843" lon="-1.467587"><ele>55.8</ele><time>2025-01-31T13:30:44.000Z</time></trkpt>
      <trkpt lat="52.970854" lon="-1.467600"><ele>55.6</ele><time>2025-01-31T13:30:45.000Z</time></trkpt>
      <trkpt lat="52.970864" lon="-1.467613"><ele>55.6</ele><time>2025-01-31T13:30:46.000Z</time></trkpt>
      <trkpt lat="52.970875" lon="-1.467626"><ele>55.6</ele><time>2025-01-31T13:30:47.000Z</time></trkpt>
      <trkpt lat="52.970886" lon="-1.467639"><ele>55.6</ele><time>2025-01-31T13:30:48.000Z</time></trkpt>
      <trkpt lat="52.970896" lon="-1.467653"><ele>55.6</ele><time>2025-01-31T13:30:49.000Z</time></trkpt>
      <trkpt lat="52.970906" lon="-1.467666"><ele>55.6</ele><time>2025-01-31T13:30:50.000Z</time></trkpt>
      <trkpt lat="52.970917" lon="-1.467679"><ele>55.4</ele><time>2025-01-31T13:30:51.000Z</time></trkpt>
      <trkpt lat="52.970927" lon="-1.467693"><ele>55.4</ele><time>2025-01-31T13:30:52.000Z</time></trkpt>
      <trkpt lat="52.970938" lon="-1.467706"><ele>55.4</ele><time>2025-01-31T13:30:53.000Z</time></trkpt>
      <trkpt lat="52.970948" lon="-1.467720"><ele>55.4</ele><time>2025-01-31T13:30:54.000Z</time></trkpt>
      <trkpt lat="52.970958" lon="-1.467733"><ele>55.4</ele><time>2025-01-31T13:30:55.000Z</time></trkpt>
      <trkpt lat="52.970969" lon="-1.467747"><ele>55.4</ele><time>2025-01-31T13:30:56.000Z</time></trkpt>
      <trkpt lat="52.970980" lon="-1.467761"><ele>55.4</ele><time>2025-01-31T13:30:57.000Z</time></trkpt>
      <trkpt lat="52.970990" lon="-1.467775"><ele>55.2</ele><time>2025-01-31T13:30:58.000Z</time></trkpt>
      <trkpt lat="52.971000" lon="-1.467789"><ele>55.2</ele><time>2025-01-31T13:30:59.000Z</time></trkpt>
      <trkpt lat="52.971010" lon="-1.467804"><ele>55.2</ele><time>2025-01-31T13:31:00.000Z</time></trkpt>
      <trkpt lat="52.971021" lon="-1.467819"><ele>55.2</ele><time>2025-01-31T13:31:01.000Z</time></trkpt>
      <trkpt lat="52.971031" lon="-1.467833"><ele>55.2</ele><time>2025-01-31T13:31:02.000Z</time></trkpt>
      <trkpt lat="52.971042" lon="-1.467846"><ele>55.2</ele><time>2025-01-31T13:31:03.000Z</time></trkpt>
      <trkpt lat="52.971053" lon="-1.467859"><ele>55.2</ele><time>2025-01-31T13:31:04.000Z</time></trkpt>
      <trkpt lat="52.971064" lon="-1.467873"><ele>55.2</ele><time>2025-01-31T13:31:05.000Z</time></trkpt>
      <trkpt lat="52.971075" lon="-1.467886"><ele>55.2</ele><time>2025-01-31T13:31:06.000Z</time></trkpt>
      <trkpt lat="52.971087" lon="-1.467899"><ele>55.2</ele><time>2025-01-31T13:31:07.000Z</time></trkpt>
      <trkpt lat="52.971098" lon="-1.467911"><ele>55.2</ele><time>2025-01-31T13:31:08.000Z</time></trkpt>
      <trkpt lat="52.971110" lon="-1.467924"><ele>55.2</ele><time>2025-01-31T13:31:09.000Z</time></trkpt>
      <trkpt lat="52.971122" lon="-1.467937"><ele>55.4</ele><time>2025-01-31T13:31:10.000Z</time></trkpt>
      <trkpt lat="52.971134" lon="-1.467949"><ele>55.4</ele><time>2025-01-31T13:31:11.000Z</time></trkpt>
      <trkpt lat="52.971145" lon="-1.467963"><ele>55.4</ele><time>2025-01-31T13:31:12.000Z</time></trkpt>
      <trkpt lat="52.971156" lon="-1.467975"><ele>55.4</ele><time>2025-01-31T13:31:13.000Z</time></trkpt>
      <trkpt lat="52.971168" lon="-1.467988"><ele>55.4</ele><time>2025-01-31T13:31:14.000Z</time></trkpt>
      <trkpt lat="52.971179" lon="-1.468000"><ele>55.4</ele><time>2025-01-31T13:31:15.000Z</time></trkpt>
      <trkpt lat="52.971190" lon="-1.468013"><ele>55.4</ele><time>2025-01-31T13:31:16.000Z</time></trkpt>
      <trkpt lat="52.971201" lon="-1.468026"><ele>55.4</ele><time>2025-01-31T13:31:17.000Z</time></trkpt>
      <trkpt lat="52.971213" lon="-1.468038"><ele>55.6</ele><time>2025-01-31T13:31:18.000Z</time></trkpt>
      <trkpt lat="52.971224" lon="-1.468051"><ele>55.6</ele><time>2025-01-31T13:31:19.000Z</time></trkpt>
      <trkpt lat="52.971235" lon="-1.468064"><ele>55.6</ele><time>2025-01-31T13:31:20.000Z</time></trkpt>
      <trkpt lat="52.971245" lon="-1.468076"><ele>55.6</ele><time>2025-01-31T13:31:21.000Z</time></trkpt>
      <trkpt lat="52.971256" lon="-1.468090"><ele>55.6</ele><time>2025-01-31T13:31:22.000Z</time></trkpt>
      <trkpt lat="52.971266" lon="-1.468104"><ele>55.6</ele><time>2025-01-31T13:31:23.000Z</time></trkpt>
      <trkpt lat="52.971277" lon="-1.468118"><ele>55.6</ele><time>2025-01-31T13:31:24.000Z</time></trkpt>
      <trkpt lat="52.971288" lon="-1.468131"><ele>55.6</ele><time>2025-01-31T13:31:25.000Z</time></trkpt>
      <trkpt lat="52.971299" lon="-1.468143"><ele>55.8</ele><time>2025-01-31T13:31:26.000Z</time></trkpt>
      <trkpt lat="52.971310" lon="-1.468155"><ele>55.8</ele><time>2025-01-31T13:31:27.000Z</time></trkpt>
      <trkpt lat="52.971322" lon="-1.468167"><ele>55.8</ele><time>2025-01-31T13:31:28.000Z</time></trkpt>
      <trkpt lat="52.971333" lon="-1.468180"><ele>55.8</ele><time>2025-01-31T13:31:29.000Z</time></trkpt>
      <trkpt lat="52.971343" lon="-1.468194"><ele>55.8</ele><time>2025-01-31T13:31:30.000Z</time></trkpt>
      <trkpt lat="52.971354" lon="-1.468209"><ele>56.0</ele><time>2025-01-31T13:31:31.000Z</time></trkpt>
      <trkpt lat="52.971366" lon="-1.468225"><ele>56.0</ele><time>2025-01-31T13:31:32.000Z</time></trkpt>
      <trkpt lat="52.971377" lon="-1.468239"><ele>56.0</ele><time>2025-01-31T13:31:33.000Z</time></trkpt>
      <trkpt lat="52.971388" lon="-1.468253"><ele>56.0</ele><time>2025-01-31T13:31:34.000Z</time></trkpt>
      <trkpt lat="52.971399" lon="-1.468267"><ele>56.2</ele><time>2025-01-31T13:31:35.000Z</time></trkpt>
      <trkpt lat="52.971410" lon="-1.468280"><ele>56.2</ele><time>2025-01-31T13:31:36.000Z</time></trkpt>
      <trkpt lat="52.971420" lon="-1.468294"><ele>56.2</ele><time>2025-01-31T13:31:37.000Z</time></trkpt>
      <trkpt lat="52.971430" lon="-1.468308"><ele>56.2</ele><time>2025-01-31T13:31:38.000Z</time></trkpt>
      <trkpt lat="52.971439" lon="-1.468323"><ele>56.4</ele><time>2025-01-31T13:31:39.000Z</time></trkpt>
      <trkpt lat="52.971449" lon="-1.468337"><ele>56.4</ele><time>2025-01-31T13:31:40.000Z</time></trkpt>
      <trkpt lat="52.971460" lon="-1.468350"><ele>56.4</ele><time>2025-01-31T13:31:41.000Z</time></trkpt>
      <trkpt lat="52.971472" lon="-1.468361"><ele>56.4</ele><time>2025-01-31T13:31:42.000Z</time></trkpt>
      <trkpt lat="52.971485" lon="-1.468373"><ele>56.4</ele><time>2025-01-31T13:31:43.000Z</time></trkpt>
      <trkpt lat="52.971496" lon="-1.468384"><ele>56.4</ele><time>2025-01-31T13:31:44.000Z</time></trkpt>
      <trkpt lat="52.971508" lon="-1.468396"><ele>56.4</ele><time>2025-01-31T13:31:45.000Z</time></trkpt>
      <trkpt lat="52.971518" lon="-1.468409"><ele>56.4</ele><time>2025-01-31T13:31:46.000Z</time></trkpt>
      <trkpt lat="52.971527" lon="-1.468424"><ele>56.4</ele><time>2025-01-31T13:31:47.000Z</time></trkpt>
      <trkpt lat="52.971535" lon="-1.468439"><ele>56.4</ele><time>2025-01-31T13:31:48.000Z</time></trkpt>
      <trkpt lat="52.971543" lon="-1.468455"><ele>56.4</ele><time>2025-01-31T13:31:49.000Z</time></trkpt>
      <trkpt lat="52.971551" lon="-1.468471"><ele>56.4</ele><time>2025-01-31T13:31:50.000Z</time></trkpt>
      <trkpt lat="52.971560" lon="-1.468487"><ele>56.4</ele><time>2025-01-31T13:31:51.000Z</time></trkpt>
      <trkpt lat="52.971570" lon="-1.468501"><ele>56.4</ele><time>2025-01-31T13:31:52.000Z</time></trkpt>
      <trkpt lat="52.971581" lon="-1.468514"><ele>56.4</ele><time>2025-01-31T13:31:53.000Z</time></trkpt>
      <trkpt lat="52.971593" lon="-1.468525"><ele>56.4</ele><time>2025-01-31T13:31:54.000Z</time></trkpt>
      <trkpt lat="52.971607" lon="-1.468533"><ele>56.2</ele><time>2025-01-31T13:31:55.000Z</time></trkpt>
      <trkpt lat="52.971620" lon="-1.468540"><ele>56.2</ele><time>2025-01-31T13:31:56.000Z</time></trkpt>
      <trkpt lat="52.971633" lon="-1.468547"><ele>56.2</ele><time>2025-01-31T13:31:57.000Z</time></trkpt>
      <trkpt lat="52.971646" lon="-1.468555"><ele>56.2</ele><time>2025-01-31T13:31:58.000Z</time></trkpt>
      <trkpt lat="52.971660" lon="-1.468564"><ele>56.2</ele><time>2025-01-31T13:31:59.000Z</time></trkpt>
      <trkpt lat="52.971674" lon="-1.468574"><ele>56.0</ele><time>2025-01-31T13:32:00.000Z</time></trkpt>
      <trkpt lat="52.971688" lon="-1.468586"><ele>56.0</ele><time>2025-01-31T13:32:01.000Z</time></trkpt>
      <trkpt lat="52.971701" lon="-1.468597"><ele>56.0</ele><time>2025-01-31T13:32:02.000Z</time></trkpt>
      <trkpt lat="52.971712" lon="-1.468611"><ele>56.0</ele><time>2025-01-31T13:32:03.000Z</time></trkpt>
      <trkpt lat="52.971724" lon="-1.468625"><ele>56.0</ele><time>2025-01-31T13:32:04.000Z</time></trkpt>
      <trkpt lat="52.971735" lon="-1.468639"><ele>55.8</ele><time>2025-01-31T13:32:05.000Z</time></trkpt>
      <trkpt lat="52.971745" lon="-1.468653"><ele>55.8</ele><time>2025-01-31T13:32:06.000Z</time></trkpt>
      <trkpt lat="52.971755" lon="-1.468666"><ele>55.8</ele><time>2025-01-31T13:32:07.000Z</time></trkpt>
      <trkpt lat="52.971764" lon="-1.468680"><ele>55.8</ele><time>2025-01-31T13:32:08.000Z</time></trkpt>
      <trkpt lat="52.971775" lon="-1.468693"><ele>55.8</ele><time>2025-01-31T13:32:09.000Z</time></trkpt>
      <trkpt lat="52.971787" lon="-1.468707"><ele>55.8</ele><time>2025-01-31T13:32:10.000Z</time></trkpt>
      <trkpt lat="52.971799" lon="-1.468721"><ele>55.8</ele><time>2025-01-31T13:32:11.000Z</time></trkpt>
      <trkpt lat="52.971811" lon="-1.468734"><ele>55.8</ele><time>2025-01-31T13:32:12.000Z</time></trkpt>
      <trkpt lat="52.971823" lon="-1.468747"><ele>55.8</ele><time>2025-01-31T13:32:13.000Z</time></trkpt>
      <trkpt lat="52.971836" lon="-1.468760"><ele>55.8</ele><time>2025-01-31T13:32:14.000Z</time></trkpt>
      <trkpt lat="52.971849" lon="-1.468773"><ele>55.8</ele><time>2025-01-31T13:32:15.000Z</time></trkpt>
      <trkpt lat="52.971862" lon="-1.468786"><ele>55.8</ele><time>2025-01-31T13:32:16.000Z</time></trkpt>
      <trkpt lat="52.971874" lon="-1.468798"><ele>55.8</ele><time>2025-01-31T13:32:17.000Z</time></trkpt>
      <trkpt lat="52.971886" lon="-1.468810"><ele>55.8</ele><time>2025-01-31T13:32:18.000Z</time></trkpt>
      <trkpt lat="52.971897" lon="-1.468822"><ele>55.8</ele><time>2025-01-31T13:32:19.000Z</time></trkpt>
      <trkpt lat="52.971909" lon="-1.468833"><ele>55.8</ele><time>2025-01-31T13:32:20.000Z</time></trkpt>
      <trkpt lat="52.971920" lon="-1.468846"><ele>55.8</ele><time>2025-01-31T13:32:21.000Z</time></trkpt>
      <trkpt lat="52.971931" lon="-1.468857"><ele>56.0</ele><time>2025-01-31T13:32:22.000Z</time></trkpt>
      <trkpt lat="52.971943" lon="-1.468865"><ele>56.0</ele><time>2025-01-31T13:32:23.000Z</time></trkpt>
      <trkpt lat="52.971957" lon="-1.468867"><ele>56.0</ele><time>2025-01-31T13:32:24.000Z</time></trkpt>
      <trkpt lat="52.971970" lon="-1.468867"><ele>56.0</ele><time>2025-01-31T13:32:25.000Z</time></trkpt>
      <trkpt lat="52.971984" lon="-1.468870"><ele>56.0</ele><time>2025-01-31T13:32:26.000Z</time></trkpt>
      <trkpt lat="52.971995" lon="-1.468881"><ele>56.0</ele><time>2025-01-31T13:32:27.000Z</time></trkpt>
      <trkpt lat="52.972005" lon="-1.468898"><ele>56.2</ele><time>2025-01-31T13:32:28.000Z</time></trkpt>
      <trkpt lat="52.972012" lon="-1.468919"><ele>56.2</ele><time>2025-01-31T13:32:29.000Z</time></trkpt>
      <trkpt lat="52.972019" lon="-1.468940"><ele>56.2</ele><time>2025-01-31T13:32:30.000Z</time></trkpt>
      <trkpt lat="52.972028" lon="-1.468961"><ele>56.2</ele><time>2025-01-31T13:32:31.000Z</time></trkpt>
      <trkpt lat="52.972037" lon="-1.468979"><ele>56.2</ele><time>2025-01-31T13:32:32.000Z</time></trkpt>
      <trkpt lat="52.972048" lon="-1.468995"><ele>56.2</ele><time>2025-01-31T13:32:33.000Z</time></trkpt>
      <trkpt lat="52.972060" lon="-1.469010"><ele>56.2</ele><time>2025-01-31T13:32:34.000Z</time></trkpt>
      <trkpt lat="52.972072" lon="-1.469025"><ele>56.2</ele><time>2025-01-31T13:32:35.000Z</time></trkpt>
      <trkpt lat="52.972084" lon="-1.469039"><ele>56.2</ele><time>2025-01-31T13:32:36.000Z</time></trkpt>
      <trkpt lat="52.972096" lon="-1.469053"><ele>56.4</ele><time>2025-01-31T13:32:37.000Z</time></trkpt>
      <trkpt lat="52.972108" lon="-1.469066"><ele>56.4</ele><time>2025-01-31T13:32:38.000Z</time></trkpt>
      <trkpt lat="52.972120" lon="-1.469078"><ele>56.4</ele><time>2025-01-31T13:32:39.000Z</time></trkpt>
      <trkpt lat="52.972133" lon="-1.469092"><ele>56.4</ele><time>2025-01-31T13:32:40.000Z</time></trkpt>
      <trkpt lat="52.972145" lon="-1.469105"><ele>56.4</ele><time>2025-01-31T13:32:41.000Z</time></trkpt>
      <trkpt lat="52.972157" lon="-1.469119"><ele>56.4</ele><time>2025-01-31T13:32:42.000Z</time></trkpt>
      <trkpt lat="52.972169" lon="-1.469134"><ele>56.4</ele><time>2025-01-31T13:32:43.000Z</time></trkpt>
      <trkpt lat="52.972181" lon="-1.469148"><ele>56.4</ele><time>2025-01-31T13:32:44.000Z</time></trkpt>
      <trkpt lat="52.972193" lon="-1.469162"><ele>56.6</ele><time>2025-01-31T13:32:45.000Z</time></trkpt>
      <trkpt lat="52.972205" lon="-1.469176"><ele>56.6</ele><time>2025-01-31T13:32:46.000Z</time></trkpt>
      <trkpt lat="52.972217" lon="-1.469190"><ele>56.6</ele><time>2025-01-31T13:32:47.000Z</time></trkpt>
      <trkpt lat="52.972229" lon="-1.469203"><ele>56.6</ele><time>2025-01-31T13:32:48.000Z</time></trkpt>
      <trkpt lat="52.972241" lon="-1.469216"><ele>56.6</ele><time>2025-01-31T13:32:49.000Z</time></trkpt>
      <trkpt lat="52.972253" lon="-1.469228"><ele>56.6</ele><time>2025-01-31T13:32:50.000Z</time></trkpt>
      <trkpt lat="52.972266" lon="-1.469240"><ele>56.6</ele><time>2025-01-31T13:32:51.000Z</time></trkpt>
      <trkpt lat="52.972278" lon="-1.469252"><ele>56.6</ele><time>2025-01-31T13:32:52.000Z</time></trkpt>
      <trkpt lat="52.972290" lon="-1.469264"><ele>56.4</ele><time>2025-01-31T13:32:53.000Z</time></trkpt>
      <trkpt lat="52.972302" lon="-1.469277"><ele>56.4</ele><time>2025-01-31T13:32:54.000Z</time></trkpt>
      <trkpt lat="52.972314" lon="-1.469289"><ele>56.4</ele><time>2025-01-31T13:32:55.000Z</time></trkpt>
      <trkpt lat="52.972326" lon="-1.469301"><ele>56.4</ele><time>2025-01-31T13:32:56.000Z</time></trkpt>
      <trkpt lat="52.972338" lon="-1.469314"><ele>56.4</ele><time>2025-01-31T13:32:57.000Z</time></trkpt>
      <trkpt lat="52.972349" lon="-1.469328"><ele>56.4</ele><time>2025-01-31T13:32:58.000Z</time></trkpt>
      <trkpt lat="52.972361" lon="-1.469341"><ele>56.4</ele><time>2025-01-31T13:32:59.000Z</time></trkpt>
      <trkpt lat="52.972372" lon="-1.469353"><ele>56.4</ele><time>2025-01-31T13:33:00.000Z</time></trkpt>
      <trkpt lat="52.972384" lon="-1.469365"><ele>56.4</ele><time>2025-01-31T13:33:01.000Z</time></trkpt>
      <trkpt lat="52.972395" lon="-1.469377"><ele>56.4</ele><time>2025-01-31T13:33:02.000Z</time></trkpt>
      <trkpt lat="52.972406" lon="-1.469389"><ele>56.4</ele><time>2025-01-31T13:33:03.000Z</time></trkpt>
      <trkpt lat="52.972417" lon="-1.469402"><ele>56.4</ele><time>2025-01-31T13:33:04.000Z</time></trkpt>
      <trkpt lat="52.972427" lon="-1.469415"><ele>56.4</ele><time>2025-01-31T13:33:05.000Z</time></trkpt>
      <trkpt lat="52.972438" lon="-1.469428"><ele>56.4</ele><time>2025-01-31T13:33:06.000Z</time></trkpt>
      <trkpt lat="52.972450" lon="-1.469442"><ele>56.4</ele><time>2025-01-31T13:33:07.000Z</time></trkpt>
      <trkpt lat="52.972462" lon="-1.469455"><ele>56.4</ele><time>2025-01-31T13:33:08.000Z</time></trkpt>
      <trkpt lat="52.972473" lon="-1.469468"><ele>56.4</ele><time>2025-01-31T13:33:09.000Z</time></trkpt>
      <trkpt lat="52.972484" lon="-1.469481"><ele>56.4</ele><time>2025-01-31T13:33:10.000Z</time></trkpt>
      <trkpt lat="52.972495" lon="-1.469495"><ele>56.4</ele><time>2025-01-31T13:33:11.000Z</time></trkpt>
      <trkpt lat="52.972506" lon="-1.469508"><ele>56.4</ele><time>2025-01-31T13:33:12.000Z</time></trkpt>
      <trkpt lat="52.972516" lon="-1.469521"><ele>56.4</ele><time>2025-01-31T13:33:13.000Z</time></trkpt>
      <trkpt lat="52.972527" lon="-1.469535"><ele>56.4</ele><time>2025-01-31T13:33:14.000Z</time></trkpt>
      <trkpt lat="52.972537" lon="-1.469548"><ele>56.4</ele><time>2025-01-31T13:33:15.000Z</time></trkpt>
      <trkpt lat="52.972548" lon="-1.469560"><ele>56.4</ele><time>2025-01-31T13:33:16.000Z</time></trkpt>
      <trkpt lat="52.972561" lon="-1.469570"><ele>56.4</ele><time>2025-01-31T13:33:17.000Z</time></trkpt>
      <trkpt lat="52.972576" lon="-1.469576"><ele>56.4</ele><time>2025-01-31T13:33:18.000Z</time></trkpt>
      <trkpt lat="52.972591" lon="-1.469579"><ele>56.4</ele><time>2025-01-31T13:33:19.000Z</time></trkpt>
      <trkpt lat="52.972606" lon="-1.469582"><ele>56.4</ele><time>2025-01-31T13:33:20.000Z</time></trkpt>
      <trkpt lat="52.972620" lon="-1.469589"><ele>56.6</ele><time>2025-01-31T13:33:21.000Z</time></trkpt>
      <trkpt lat="52.972634" lon="-1.469598"><ele>56.6</ele><time>2025-01-31T13:33:22.000Z</time></trkpt>
      <trkpt lat="52.972648" lon="-1.469609"><ele>56.6</ele><time>2025-01-31T13:33:23.000Z</time></trkpt>
      <trkpt lat="52.972662" lon="-1.469620"><ele>56.6</ele><time>2025-01-31T13:33:24.000Z</time></trkpt>
      <trkpt lat="52.972675" lon="-1.469632"><ele>56.6</ele><time>2025-01-31T13:33:25.000Z</time></trkpt>
      <trkpt lat="52.972688" lon="-1.469645"><ele>56.8</ele><time>2025-01-31T13:33:26.000Z</time></trkpt>
      <trkpt lat="52.972701" lon="-1.469656"><ele>56.8</ele><time>2025-01-31T13:33:27.000Z</time></trkpt>
      <trkpt lat="52.972714" lon="-1.469667"><ele>56.8</ele><time>2025-01-31T13:33:28.000Z</time></trkpt>
      <trkpt lat="52.972727" lon="-1.469677"><ele>56.8</ele><time>2025-01-31T13:33:29.000Z</time></trkpt>
      <trkpt lat="52.972741" lon="-1.469686"><ele>56.8</ele><time>2025-01-31T13:33:30.000Z</time></trkpt>
      <trkpt lat="52.972755" lon="-1.469694"><ele>56.8</ele><time>2025-01-31T13:33:31.000Z</time></trkpt>
      <trkpt lat="52.972769" lon="-1.469702"><ele>56.8</ele><time>2025-01-31T13:33:32.000Z</time></trkpt>
      <trkpt lat="52.972783" lon="-1.469710"><ele>57.0</ele><time>2025-01-31T13:33:33.000Z</time></trkpt>
      <trkpt lat="52.972797" lon="-1.469718"><ele>57.0</ele><time>2025-01-31T13:33:34.000Z</time></trkpt>
      <trkpt lat="52.972811" lon="-1.469726"><ele>57.0</ele><time>2025-01-31T13:33:35.000Z</time></trkpt>
      <trkpt lat="52.972825" lon="-1.469734"><ele>57.0</ele><time>2025-01-31T13:33:36.000Z</time></trkpt>
      <trkpt lat="52.972839" lon="-1.469741"><ele>57.2</ele><time>2025-01-31T13:33:37.000Z</time></trkpt>
      <trkpt lat="52.972853" lon="-1.469748"><ele>57.2</ele><time>2025-01-31T13:33:38.000Z</time></trkpt>
      <trkpt lat="52.972866" lon="-1.469755"><ele>57.2</ele><time>2025-01-31T13:33:39.000Z</time></trkpt>
      <trkpt lat="52.972880" lon="-1.469762"><ele>57.2</ele><time>2025-01-31T13:33:40.000Z</time></trkpt>
      <trkpt lat="52.972893" lon="-1.469769"><ele>57.4</ele><time>2025-01-31T13:33:41.000Z</time></trkpt>
      <trkpt lat="52.972906" lon="-1.469777"><ele>57.4</ele><time>2025-01-31T13:33:42.000Z</time></trkpt>
      <trkpt lat="52.972919" lon="-1.469786"><ele>57.4</ele><time>2025-01-31T13:33:43.000Z</time></trkpt>
      <trkpt lat="52.972931" lon="-1.469794"><ele>57.4</ele><time>2025-01-31T13:33:44.000Z</time></trkpt>
      <trkpt lat="52.972944" lon="-1.469802"><ele>57.6</ele><time>2025-01-31T13:33:45.000Z</time></trkpt>
      <trkpt lat="52.972957" lon="-1.469809"><ele>57.6</ele><time>2025-01-31T13:33:46.000Z</time></trkpt>
      <trkpt lat="52.972970" lon="-1.469814"><ele>57.6</ele><time>2025-01-31T13:33:47.000Z</time></trkpt>
      <trkpt lat="52.972983" lon="-1.469819"><ele>57.6</ele><time>2025-01-31T13:33:48.000Z</time></trkpt>
      <trkpt lat="52.972996" lon="-1.469824"><ele>57.6</ele><time>2025-01-31T13:33:49.000Z</time></trkpt>
      <trkpt lat="52.973008" lon="-1.469831"><ele>57.8</ele><time>2025-01-31T13:33:50.000Z</time></trkpt>
      <trkpt lat="52.973021" lon="-1.469838"><ele>57.8</ele><time>2025-01-31T13:33:51.000Z</time></trkpt>
      <trkpt lat="52.973033" lon="-1.469846"><ele>57.8</ele><time>2025-01-31T13:33:52.000Z</time></trkpt>
      <trkpt lat="52.973045" lon="-1.469854"><ele>57.8</ele><time>2025-01-31T13:33:53.000Z</time></trkpt>
      <trkpt lat="52.973057" lon="-1.469860"><ele>57.8</ele><time>2025-01-31T13:33:54.000Z</time></trkpt>
      <trkpt lat="52.973069" lon="-1.469866"><ele>57.8</ele><time>2025-01-31T13:33:55.000Z</time></trkpt>
      <trkpt lat="52.973082" lon="-1.469872"><ele>57.8</ele><time>2025-01-31T13:33:56.000Z</time></trkpt>
      <trkpt lat="52.973094" lon="-1.469880"><ele>57.8</ele><time>2025-01-31T13:33:57.000Z</time></trkpt>
      <trkpt lat="52.973106" lon="-1.469889"><ele>57.8</ele><time>2025-01-31T13:33:58.000Z</time></trkpt>
      <trkpt lat="52.973118" lon="-1.469899"><ele>57.8</ele><time>2025-01-31T13:33:59.000Z</time></trkpt>
      <trkpt lat="52.973131" lon="-1.469908"><ele>58.0</ele><time>2025-01-31T13:34:00.000Z</time></trkpt>
      <trkpt lat="52.973144" lon="-1.469915"><ele>58.0</ele><time>2025-01-31T13:34:01.000Z</time></trkpt>
      <trkpt lat="52.973157" lon="-1.469921"><ele>58.0</ele><time>2025-01-31T13:34:02.000Z</time></trkpt>
      <trkpt lat="52.973169" lon="-1.469926"><ele>58.0</ele><time>2025-01-31T13:34:03.000Z</time></trkpt>
      <trkpt lat="52.973182" lon="-1.469932"><ele>58.0</ele><time>2025-01-31T13:34:04.000Z</time></trkpt>
      <trkpt lat="52.973195" lon="-1.469939"><ele>58.0</ele><time>2025-01-31T13:34:05.000Z</time></trkpt>
      <trkpt lat="52.973207" lon="-1.469948"><ele>58.2</ele><time>2025-01-31T13:34:06.000Z</time></trkpt>
      <trkpt lat="52.973220" lon="-1.469956"><ele>58.2</ele><time>2025-01-31T13:34:07.000Z</time></trkpt>
      <trkpt lat="52.973233" lon="-1.469964"><ele>58.2</ele><time>2025-01-31T13:34:08.000Z</time></trkpt>
      <trkpt lat="52.973245" lon="-1.469971"><ele>58.2</ele><time>2025-01-31T13:34:09.000Z</time></trkpt>
      <trkpt lat="52.973258" lon="-1.469978"><ele>58.2</ele><time>2025-01-31T13:34:10.000Z</time></trkpt>
      <trkpt lat="52.973270" lon="-1.469985"><ele>58.2</ele><time>2025-01-31T13:34:11.000Z</time></trkpt>
      <trkpt lat="52.973282" lon="-1.469994"><ele>58.2</ele><time>2025-01-31T13:34:12.000Z</time></trkpt>
      <trkpt lat="52.973293" lon="-1.470003"><ele>58.2</ele><time>2025-01-31T13:34:13.000Z</time></trkpt>
      <trkpt lat="52.973305" lon="-1.470012"><ele>58.2</ele><time>2025-01-31T13:34:14.000Z</time></trkpt>
      <trkpt lat="52.973318" lon="-1.470019"><ele>58.2</ele><time>2025-01-31T13:34:15.000Z</time></trkpt>
      <trkpt lat="52.973330" lon="-1.470026"><ele>58.2</ele><time>2025-01-31T13:34:16.000Z</time></trkpt>
      <trkpt lat="52.973344" lon="-1.470031"><ele>58.2</ele><time>2025-01-31T13:34:17.000Z</time></trkpt>
      <trkpt lat="52.973357" lon="-1.470035"><ele>58.4</ele><time>2025-01-31T13:34:18.000Z</time></trkpt>
      <trkpt lat="52.973370" lon="-1.470041"><ele>58.4</ele><time>2025-01-31T13:34:19.000Z</time></trkpt>
      <trkpt lat="52.973383" lon="-1.470047"><ele>58.4</ele><time>2025-01-31T13:34:20.000Z</time></trkpt>
      <trkpt lat="52.973395" lon="-1.470054"><ele>58.4</ele><time>2025-01-31T13:34:21.000Z</time></trkpt>
      <trkpt lat="52.973408" lon="-1.470062"><ele>58.4</ele><time>2025-01-31T13:34:22.000Z</time></trkpt>
      <trkpt lat="52.973420" lon="-1.470070"><ele>58.4</ele><time>2025-01-31T13:34:23.000Z</time></trkpt>
      <trkpt lat="52.973433" lon="-1.470078"><ele>58.4</ele><time>2025-01-31T13:34:24.000Z</time></trkpt>
      <trkpt lat="52.973445" lon="-1.470086"><ele>58.6</ele><time>2025-01-31T13:34:25.000Z</time></trkpt>
      <trkpt lat="52.973458" lon="-1.470094"><ele>58.6</ele><time>2025-01-31T13:34:26.000Z</time></trkpt>
      <trkpt lat="52.973471" lon="-1.470101"><ele>58.6</ele><time>2025-01-31T13:34:27.000Z</time></trkpt>
      <trkpt lat="52.973484" lon="-1.470109"><ele>58.6</ele><time>2025-01-31T13:34:28.000Z</time></trkpt>
      <trkpt lat="52.973497" lon="-1.470117"><ele>58.8</ele><time>2025-01-31T13:34:29.000Z</time></trkpt>
      <trkpt lat="52.973509" lon="-1.470125"><ele>58.8</ele><time>2025-01-31T13:34:30.000Z</time></trkpt>
      <trkpt lat="52.973522" lon="-1.470133"><ele>58.8</ele><time>2025-01-31T13:34:31.000Z</time></trkpt>
      <trkpt lat="52.973535" lon="-1.470140"><ele>58.8</ele><time>2025-01-31T13:34:32.000Z</time></trkpt>
      <trkpt lat="52.973548" lon="-1.470147"><ele>59.0</ele><time>2025-01-31T13:34:33.000Z</time></trkpt>
      <trkpt lat="52.973560" lon="-1.470154"><ele>59.0</ele><time>2025-01-31T13:34:34.000Z</time></trkpt>
      <trkpt lat="52.973573" lon="-1.470163"><ele>59.0</ele><time>2025-01-31T13:34:35.000Z</time></trkpt>
      <trkpt lat="52.973586" lon="-1.470172"><ele>59.2</ele><time>2025-01-31T13:34:36.000Z</time></trkpt>
      <trkpt lat="52.973598" lon="-1.470182"><ele>59.2</ele><time>2025-01-31T13:34:37.000Z</time></trkpt>
      <trkpt lat="52.973611" lon="-1.470192"><ele>59.2</ele><time>2025-01-31T13:34:38.000Z</time></trkpt>
      <trkpt lat="52.973623" lon="-1.470202"><ele>59.2</ele><time>2025-01-31T13:34:39.000Z</time></trkpt>
      <trkpt lat="52.973635" lon="-1.470212"><ele>59.2</ele><time>2025-01-31T13:34:40.000Z</time></trkpt>
      <trkpt lat="52.973646" lon="-1.470223"><ele>59.4</ele><time>2025-01-31T13:34:41.000Z</time></trkpt>
      <trkpt lat="52.973658" lon="-1.470233"><ele>59.4</ele><time>2025-01-31T13:34:42.000Z</time></trkpt>
      <trkpt lat="52.973670" lon="-1.470242"><ele>59.4</ele><time>2025-01-31T13:34:43.000Z</time></trkpt>
      <trkpt lat="52.973682" lon="-1.470250"><ele>59.4</ele><time>2025-01-31T13:34:44.000Z</time></trkpt>
      <trkpt lat="52.973694" lon="-1.470257"><ele>59.6</ele><time>2025-01-31T13:34:45.000Z</time></trkpt>
      <trkpt lat="52.973707" lon="-1.470263"><ele>59.6</ele><time>2025-01-31T13:34:46.000Z</time></trkpt>
      <trkpt lat="52.973719" lon="-1.470270"><ele>59.6</ele><time>2025-01-31T13:34:47.000Z</time></trkpt>
      <trkpt lat="52.973731" lon="-1.470277"><ele>59.6</ele><time>2025-01-31T13:34:48.000Z</time></trkpt>
      <trkpt lat="52.973743" lon="-1.470284"><ele>59.8</ele><time>2025-01-31T13:34:49.000Z</time></trkpt>
      <trkpt lat="52.973756" lon="-1.470292"><ele>59.8</ele><time>2025-01-31T13:34:50.000Z</time></trkpt>
      <trkpt lat="52.973768" lon="-1.470300"><ele>60.0</ele><time>2025-01-31T13:34:51.000Z</time></trkpt>
      <trkpt lat="52.973779" lon="-1.470308"><ele>60.0</ele><time>2025-01-31T13:34:52.000Z</time></trkpt>
      <trkpt lat="52.973791" lon="-1.470316"><ele>60.0</ele><time>2025-01-31T13:34:53.000Z</time></trkpt>
      <trkpt lat="52.973804" lon="-1.470324"><ele>60.2</ele><time>2025-01-31T13:34:54.000Z</time></trkpt>
      <trkpt lat="52.973817" lon="-1.470332"><ele>60.2</ele><time>2025-01-31T13:34:55.000Z</time></trkpt>
      <trkpt lat="52.973830" lon="-1.470339"><ele>60.4</ele><time>2025-01-31T13:34:56.000Z</time></trkpt>
      <trkpt lat="52.973843" lon="-1.470346"><ele>60.4</ele><time>2025-01-31T13:34:57.000Z</time></trkpt>
      <trkpt lat="52.973856" lon="-1.470352"><ele>60.6</ele><time>2025-01-31T13:34:58.000Z</time></trkpt>
      <trkpt lat="52.973870" lon="-1.470357"><ele>60.6</ele><time>2025-01-31T13:34:59.000Z</time></trkpt>
      <trkpt lat="52.973883" lon="-1.470361"><ele>60.8</ele><time>2025-01-31T13:35:00.000Z</time></trkpt>
      <trkpt lat="52.973897" lon="-1.470365"><ele>60.8</ele><time>2025-01-31T13:35:01.000Z</time></trkpt>
      <trkpt lat="52.973910" lon="-1.470369"><ele>61.0</ele><time>2025-01-31T13:35:02.000Z</time></trkpt>
      <trkpt lat="52.973923" lon="-1.470374"><ele>61.0</ele><time>2025-01-31T13:35:03.000Z</time></trkpt>
      <trkpt lat="52.973936" lon="-1.470380"><ele>61.2</ele><time>2025-01-31T13:35:04.000Z</time></trkpt>
      <trkpt lat="52.973948" lon="-1.470389"><ele>61.2</ele><time>2025-01-31T13:35:05.000Z</time></trkpt>
      <trkpt lat="52.973957" lon="-1.470403"><ele>61.2</ele><time>2025-01-31T13:35:06.000Z</time></trkpt>
      <trkpt lat="52.973963" lon="-1.470424"><ele>61.4</ele><time>2025-01-31T13:35:07.000Z</time></trkpt>
      <trkpt lat="52.973968" lon="-1.470447"><ele>61.4</ele><time>2025-01-31T13:35:08.000Z</time></trkpt>
      <trkpt lat="52.973975" lon="-1.470468"><ele>61.6</ele><time>2025-01-31T13:35:09.000Z</time></trkpt>
      <trkpt lat="52.973983" lon="-1.470485"><ele>61.6</ele><time>2025-01-31T13:35:10.000Z</time></trkpt>
      <trkpt lat="52.973995" lon="-1.470497"><ele>61.8</ele><time>2025-01-31T13:35:11.000Z</time></trkpt>
      <trkpt lat="52.974007" lon="-1.470503"><ele>61.8</ele><time>2025-01-31T13:35:12.000Z</time></trkpt>
      <trkpt lat="52.974021" lon="-1.470505"><ele>62.0</ele><time>2025-01-31T13:35:13.000Z</time></trkpt>
      <trkpt lat="52.974035" lon="-1.470502"><ele>62.2</ele><time>2025-01-31T13:35:14.000Z</time></trkpt>
      <trkpt lat="52.974049" lon="-1.470499"><ele>62.2</ele><time>2025-01-31T13:35:15.000Z</time></trkpt>
      <trkpt lat="52.974063" lon="-1.470495"><ele>62.4</ele><time>2025-01-31T13:35:16.000Z</time></trkpt>
      <trkpt lat="52.974077" lon="-1.470493"><ele>62.4</ele><time>2025-01-31T13:35:17.000Z</time></trkpt>
      <trkpt lat="52.974090" lon="-1.470489"><ele>62.6</ele><time>2025-01-31T13:35:18.000Z</time></trkpt>
      <trkpt lat="52.974104" lon="-1.470485"><ele>62.6</ele><time>2025-01-31T13:35:19.000Z</time></trkpt>
      <trkpt lat="52.974118" lon="-1.470482"><ele>62.8</ele><time>2025-01-31T13:35:20.000Z</time></trkpt>
      <trkpt lat="52.974131" lon="-1.470481"><ele>62.8</ele><time>2025-01-31T13:35:21.000Z</time></trkpt>
      <trkpt lat="52.974145" lon="-1.470481"><ele>62.8</ele><time>2025-01-31T13:35:22.000Z</time></trkpt>
      <trkpt lat="52.974159" lon="-1.470482"><ele>63.0</ele><time>2025-01-31T13:35:23.000Z</time></trkpt>
      <trkpt lat="52.974173" lon="-1.470482"><ele>63.0</ele><time>2025-01-31T13:35:24.000Z</time></trkpt>
      <trkpt lat="52.974186" lon="-1.470481"><ele>63.2</ele><time>2025-01-31T13:35:25.000Z</time></trkpt>
      <trkpt lat="52.974199" lon="-1.470480"><ele>63.2</ele><time>2025-01-31T13:35:26.000Z</time></trkpt>
      <trkpt lat="52.974213" lon="-1.470479"><ele>63.2</ele><time>2025-01-31T13:35:27.000Z</time></trkpt>
      <trkpt lat="52.974225" lon="-1.470479"><ele>63.4</ele><time>2025-01-31T13:35:28.000Z</time></trkpt>
      <trkpt lat="52.974237" lon="-1.470479"><ele>63.4</ele><time>2025-01-31T13:35:29.000Z</time></trkpt>
      <trkpt lat="52.974248" lon="-1.470480"><ele>63.6</ele><time>2025-01-31T13:35:30.000Z</time></trkpt>
      <trkpt lat="52.974259" lon="-1.470480"><ele>63.6</ele><time>2025-01-31T13:35:31.000Z</time></trkpt>
      <trkpt lat="52.974271" lon="-1.470481"><ele>63.8</ele><time>2025-01-31T13:35:32.000Z</time></trkpt>
      <trkpt lat="52.974284" lon="-1.470483"><ele>63.8</ele><time>2025-01-31T13:35:33.000Z</time></trkpt>
      <trkpt lat="52.974298" lon="-1.470486"><ele>63.8</ele><time>2025-01-31T13:35:34.000Z</time></trkpt>
      <trkpt lat="52.974313" lon="-1.470489"><ele>64.0</ele><time>2025-01-31T13:35:35.000Z</time></trkpt>
      <trkpt lat="52.974326" lon="-1.470493"><ele>64.0</ele><time>2025-01-31T13:35:36.000Z</time></trkpt>
      <trkpt lat="52.974340" lon="-1.470498"><ele>64.0</ele><time>2025-01-31T13:35:37.000Z</time></trkpt>
      <trkpt lat="52.974354" lon="-1.470502"><ele>64.2</ele><time>2025-01-31T13:35:38.000Z</time></trkpt>
      <trkpt lat="52.974369" lon="-1.470505"><ele>64.2</ele><time>2025-01-31T13:35:39.000Z</time></trkpt>
      <trkpt lat="52.974383" lon="-1.470507"><ele>64.2</ele><time>2025-01-31T13:35:40.000Z</time></trkpt>
      <trkpt lat="52.974397" lon="-1.470511"><ele>64.2</ele><time>2025-01-31T13:35:41.000Z</time></trkpt>
      <trkpt lat="52.974411" lon="-1.470516"><ele>64.2</ele><time>2025-01-31T13:35:42.000Z</time></trkpt>
      <trkpt lat="52.974425" lon="-1.470522"><ele>64.2</ele><time>2025-01-31T13:35:43.000Z</time></trkpt>
      <trkpt lat="52.974439" lon="-1.470528"><ele>64.4</ele><time>2025-01-31T13:35:44.000Z</time></trkpt>
      <trkpt lat="52.974453" lon="-1.470534"><ele>64.4</ele><time>2025-01-31T13:35:45.000Z</time></trkpt>
      <trkpt lat="52.974467" lon="-1.470540"><ele>64.4</ele><time>2025-01-31T13:35:46.000Z</time></trkpt>
      <trkpt lat="52.974480" lon="-1.470547"><ele>64.4</ele><time>2025-01-31T13:35:47.000Z</time></trkpt>
      <trkpt lat="52.974494" lon="-1.470554"><ele>64.4</ele><time>2025-01-31T13:35:48.000Z</time></trkpt>
      <trkpt lat="52.974507" lon="-1.470562"><ele>64.4</ele><time>2025-01-31T13:35:49.000Z</time></trkpt>
      <trkpt lat="52.974520" lon="-1.470570"><ele>64.4</ele><time>2025-01-31T13:35:50.000Z</time></trkpt>
      <trkpt lat="52.974534" lon="-1.470578"><ele>64.4</ele><time>2025-01-31T13:35:51.000Z</time></trkpt>
      <trkpt lat="52.974547" lon="-1.470586"><ele>64.4</ele><time>2025-01-31T13:35:52.000Z</time></trkpt>
      <trkpt lat="52.974561" lon="-1.470594"><ele>64.6</ele><time>2025-01-31T13:35:53.000Z</time></trkpt>
      <trkpt lat="52.974574" lon="-1.470601"><ele>64.6</ele><time>2025-01-31T13:35:54.000Z</time></trkpt>
      <trkpt lat="52.974588" lon="-1.470608"><ele>64.6</ele><time>2025-01-31T13:35:55.000Z</time></trkpt>
      <trkpt lat="52.974601" lon="-1.470616"><ele>64.6</ele><time>2025-01-31T13:35:56.000Z</time></trkpt>
      <trkpt lat="52.974613" lon="-1.470625"><ele>64.6</ele><time>2025-01-31T13:35:57.000Z</time></trkpt>
      <trkpt lat="52.974626" lon="-1.470633"><ele>64.8</ele><time>2025-01-31T13:35:58.000Z</time></trkpt>
      <trkpt lat="52.974639" lon="-1.470641"><ele>64.8</ele><time>2025-01-31T13:35:59.000Z</time></trkpt>
      <trkpt lat="52.974652" lon="-1.470649"><ele>64.8</ele><time>2025-01-31T13:36:00.000Z</time></trkpt>
      <trkpt lat="52.974665" lon="-1.470657"><ele>64.8</ele><time>2025-01-31T13:36:01.000Z</time></trkpt>
      <trkpt lat="52.974679" lon="-1.470663"><ele>64.8</ele><time>2025-01-31T13:36:02.000Z</time></trkpt>
      <trkpt lat="52.974692" lon="-1.470670"><ele>65.0</ele><time>2025-01-31T13:36:03.000Z</time></trkpt>
      <trkpt lat="52.974705" lon="-1.470676"><ele>65.0</ele><time>2025-01-31T13:36:04.000Z</time></trkpt>
      <trkpt lat="52.974718" lon="-1.470683"><ele>65.0</ele><time>2025-01-31T13:36:05.000Z</time></trkpt>
      <trkpt lat="52.974731" lon="-1.470689"><ele>65.0</ele><time>2025-01-31T13:36:06.000Z</time></trkpt>
      <trkpt lat="52.974744" lon="-1.470696"><ele>65.2</ele><time>2025-01-31T13:36:07.000Z</time></trkpt>
      <trkpt lat="52.974757" lon="-1.470702"><ele>65.2</ele><time>2025-01-31T13:36:08.000Z</time></trkpt>
      <trkpt lat="52.974770" lon="-1.470710"><ele>65.2</ele><time>2025-01-31T13:36:09.000Z</time></trkpt>
      <trkpt lat="52.974783" lon="-1.470718"><ele>65.2</ele><time>2025-01-31T13:36:10.000Z</time></trkpt>
      <trkpt lat="52.974797" lon="-1.470727"><ele>65.2</ele><time>2025-01-31T13:36:11.000Z</time></trkpt>
      <trkpt lat="52.974810" lon="-1.470737"><ele>65.4</ele><time>2025-01-31T13:36:12.000Z</time></trkpt>
      <trkpt lat="52.974823" lon="-1.470745"><ele>65.4</ele><time>2025-01-31T13:36:13.000Z</time></trkpt>
      <trkpt lat="52.974837" lon="-1.470753"><ele>65.4</ele><time>2025-01-31T13:36:14.000Z</time></trkpt>
      <trkpt lat="52.974850" lon="-1.470761"><ele>65.4</ele><time>2025-01-31T13:36:15.000Z</time></trkpt>
      <trkpt lat="52.974863" lon="-1.470770"><ele>65.4</ele><time>2025-01-31T13:36:16.000Z</time></trkpt>
      <trkpt lat="52.974876" lon="-1.470778"><ele>65.6</ele><time>2025-01-31T13:36:17.000Z</time></trkpt>
      <trkpt lat="52.974890" lon="-1.470785"><ele>65.6</ele><time>2025-01-31T13:36:18.000Z</time></trkpt>
      <trkpt lat="52.974903" lon="-1.470793"><ele>65.6</ele><time>2025-01-31T13:36:19.000Z</time></trkpt>
      <trkpt lat="52.974917" lon="-1.470801"><ele>65.6</ele><time>2025-01-31T13:36:20.000Z</time></trkpt>
      <trkpt lat="52.974930" lon="-1.470810"><ele>65.6</ele><time>2025-01-31T13:36:21.000Z</time></trkpt>
      <trkpt lat="52.974943" lon="-1.470820"><ele>65.6</ele><time>2025-01-31T13:36:22.000Z</time></trkpt>
      <trkpt lat="52.974957" lon="-1.470831"><ele>65.6</ele><time>2025-01-31T13:36:23.000Z</time></trkpt>
      <trkpt lat="52.974970" lon="-1.470841"><ele>65.6</ele><time>2025-01-31T13:36:24.000Z</time></trkpt>
      <trkpt lat="52.974983" lon="-1.470849"><ele>65.6</ele><time>2025-01-31T13:36:25.000Z</time></trkpt>
      <trkpt lat="52.974997" lon="-1.470857"><ele>65.6</ele><time>2025-01-31T13:36:26.000Z</time></trkpt>
      <trkpt lat="52.975010" lon="-1.470865"><ele>65.6</ele><time>2025-01-31T13:36:27.000Z</time></trkpt>
      <trkpt lat="52.975022" lon="-1.470875"><ele>65.6</ele><time>2025-01-31T13:36:28.000Z</time></trkpt>
      <trkpt lat="52.975035" lon="-1.470885"><ele>65.6</ele><time>2025-01-31T13:36:29.000Z</time></trkpt>
      <trkpt lat="52.975047" lon="-1.470895"><ele>65.6</ele><time>2025-01-31T13:36:30.000Z</time></trkpt>
      <trkpt lat="52.975060" lon="-1.470905"><ele>65.6</ele><time>2025-01-31T13:36:31.000Z</time></trkpt>
      <trkpt lat="52.975072" lon="-1.470914"><ele>65.6</ele><time>2025-01-31T13:36:32.000Z</time></trkpt>
      <trkpt lat="52.975085" lon="-1.470924"><ele>65.6</ele><time>2025-01-31T13:36:33.000Z</time></trkpt>
      <trkpt lat="52.975098" lon="-1.470933"><ele>65.6</ele><time>2025-01-31T13:36:34.000Z</time></trkpt>
      <trkpt lat="52.975112" lon="-1.470941"><ele>65.6</ele><time>2025-01-31T13:36:35.000Z</time></trkpt>
      <trkpt lat="52.975125" lon="-1.470949"><ele>65.8</ele><time>2025-01-31T13:36:36.000Z</time></trkpt>
      <trkpt lat="52.975138" lon="-1.470956"><ele>65.8</ele><time>2025-01-31T13:36:37.000Z</time></trkpt>
      <trkpt lat="52.975151" lon="-1.470964"><ele>65.8</ele><time>2025-01-31T13:36:38.000Z</time></trkpt>
      <trkpt lat="52.975164" lon="-1.470972"><ele>65.8</ele><time>2025-01-31T13:36:39.000Z</time></trkpt>
      <trkpt lat="52.975176" lon="-1.470980"><ele>65.8</ele><time>2025-01-31T13:36:40.000Z</time></trkpt>
      <trkpt lat="52.975189" lon="-1.470988"><ele>65.8</ele><time>2025-01-31T13:36:41.000Z</time></trkpt>
      <trkpt lat="52.975202" lon="-1.470997"><ele>65.8</ele><time>2025-01-31T13:36:42.000Z</time></trkpt>
      <trkpt lat="52.975215" lon="-1.471005"><ele>65.8</ele><time>2025-01-31T13:36:43.000Z</time></trkpt>
      <trkpt lat="52.975229" lon="-1.471014"><ele>65.8</ele><time>2025-01-31T13:36:44.000Z</time></trkpt>
      <trkpt lat="52.975242" lon="-1.471022"><ele>65.8</ele><time>2025-01-31T13:36:45.000Z</time></trkpt>
      <trkpt lat="52.975255" lon="-1.471031"><ele>66.0</ele><time>2025-01-31T13:36:46.000Z</time></trkpt>
      <trkpt lat="52.975268" lon="-1.471038"><ele>66.0</ele><time>2025-01-31T13:36:47.000Z</time></trkpt>
      <trkpt lat="52.975281" lon="-1.471044"><ele>66.0</ele><time>2025-01-31T13:36:48.000Z</time></trkpt>
      <trkpt lat="52.975294" lon="-1.471050"><ele>66.0</ele><time>2025-01-31T13:36:49.000Z</time></trkpt>
      <trkpt lat="52.975306" lon="-1.471059"><ele>66.0</ele><time>2025-01-31T13:36:50.000Z</time></trkpt>
      <trkpt lat="52.975318" lon="-1.471069"><ele>66.0</ele><time>2025-01-31T13:36:51.000Z</time></trkpt>
      <trkpt lat="52.975330" lon="-1.471079"><ele>66.2</ele><time>2025-01-31T13:36:52.000Z</time></trkpt>
      <trkpt lat="52.975342" lon="-1.471088"><ele>66.2</ele><time>2025-01-31T13:36:53.000Z</time></trkpt>
      <trkpt lat="52.975355" lon="-1.471095"><ele>66.2</ele><time>2025-01-31T13:36:54.000Z</time></trkpt>
      <trkpt lat="52.975368" lon="-1.471103"><ele>66.2</ele><time>2025-01-31T13:36:55.000Z</time></trkpt>
      <trkpt lat="52.975381" lon="-1.471111"><ele>66.4</ele><time>2025-01-31T13:36:56.000Z</time></trkpt>
      <trkpt lat="52.975393" lon="-1.471118"><ele>66.4</ele><time>2025-01-31T13:36:57.000Z</time></trkpt>
      <trkpt lat="52.975406" lon="-1.471125"><ele>66.4</ele><time>2025-01-31T13:36:58.000Z</time></trkpt>
      <trkpt lat="52.975419" lon="-1.471131"><ele>66.4</ele><time>2025-01-31T13:36:59.000Z</time></trkpt>
      <trkpt lat="52.975431" lon="-1.471138"><ele>66.6</ele><time>2025-01-31T13:37:00.000Z</time></trkpt>
      <trkpt lat="52.975444" lon="-1.471146"><ele>66.6</ele><time>2025-01-31T13:37:01.000Z</time></trkpt>
      <trkpt lat="52.975457" lon="-1.471155"><ele>66.6</ele><time>2025-01-31T13:37:02.000Z</time></trkpt>
      <trkpt lat="52.975469" lon="-1.471164"><ele>66.6</ele><time>2025-01-31T13:37:03.000Z</time></trkpt>
      <trkpt lat="52.975482" lon="-1.471173"><ele>66.8</ele><time>2025-01-31T13:37:04.000Z</time></trkpt>
      <trkpt lat="52.975495" lon="-1.471181"><ele>66.8</ele><time>2025-01-31T13:37:05.000Z</time></trkpt>
      <trkpt lat="52.975508" lon="-1.471190"><ele>66.8</ele><time>2025-01-31T13:37:06.000Z</time></trkpt>
      <trkpt lat="52.975521" lon="-1.471197"><ele>66.8</ele><time>2025-01-31T13:37:07.000Z</time></trkpt>
      <trkpt lat="52.975534" lon="-1.471205"><ele>66.8</ele><time>2025-01-31T13:37:08.000Z</time></trkpt>
      <trkpt lat="52.975546" lon="-1.471213"><ele>66.8</ele><time>2025-01-31T13:37:09.000Z</time></trkpt>
      <trkpt lat="52.975559" lon="-1.471221"><ele>67.0</ele><time>2025-01-31T13:37:10.000Z</time></trkpt>
      <trkpt lat="52.975571" lon="-1.471230"><ele>67.0</ele><time>2025-01-31T13:37:11.000Z</time></trkpt>
      <trkpt lat="52.975584" lon="-1.471238"><ele>67.0</ele><time>2025-01-31T13:37:12.000Z</time></trkpt>
      <trkpt lat="52.975596" lon="-1.471246"><ele>67.0</ele><time>2025-01-31T13:37:13.000Z</time></trkpt>
      <trkpt lat="52.975609" lon="-1.471254"><ele>67.0</ele><time>2025-01-31T13:37:14.000Z</time></trkpt>
      <trkpt lat="52.975622" lon="-1.471261"><ele>67.0</ele><time>2025-01-31T13:37:15.000Z</time></trkpt>
      <trkpt lat="52.975635" lon="-1.471269"><ele>67.0</ele><time>2025-01-31T13:37:16.000Z</time></trkpt>
      <trkpt lat="52.975648" lon="-1.471277"><ele>67.0</ele><time>2025-01-31T13:37:17.000Z</time></trkpt>
      <trkpt lat="52.975661" lon="-1.471284"><ele>67.0</ele><time>2025-01-31T13:37:18.000Z</time></trkpt>
      <trkpt lat="52.975674" lon="-1.471291"><ele>67.2</ele><time>2025-01-31T13:37:19.000Z</time></trkpt>
      <trkpt lat="52.975687" lon="-1.471298"><ele>67.2</ele><time>2025-01-31T13:37:20.000Z</time></trkpt>
      <trkpt lat="52.975699" lon="-1.471305"><ele>67.2</ele><time>2025-01-31T13:37:21.000Z</time></trkpt>
      <trkpt lat="52.975712" lon="-1.471312"><ele>67.2</ele><time>2025-01-31T13:37:22.000Z</time></trkpt>
      <trkpt lat="52.975725" lon="-1.471319"><ele>67.2</ele><time>2025-01-31T13:37:23.000Z</time></trkpt>
      <trkpt lat="52.975737" lon="-1.471327"><ele>67.4</ele><time>2025-01-31T13:37:24.000Z</time></trkpt>
      <trkpt lat="52.975750" lon="-1.471334"><ele>67.4</ele><time>2025-01-31T13:37:25.000Z</time></trkpt>
      <trkpt lat="52.975763" lon="-1.471342"><ele>67.4</ele><time>2025-01-31T13:37:26.000Z</time></trkpt>
      <trkpt lat="52.975776" lon="-1.471349"><ele>67.4</ele><time>2025-01-31T13:37:27.000Z</time></trkpt>
      <trkpt lat="52.975788" lon="-1.471357"><ele>67.6</ele><time>2025-01-31T13:37:28.000Z</time></trkpt>
      <trkpt lat="52.975800" lon="-1.471365"><ele>67.6</ele><time>2025-01-31T13:37:29.000Z</time></trkpt>
      <trkpt lat="52.975813" lon="-1.471373"><ele>67.6</ele><time>2025-01-31T13:37:30.000Z</time></trkpt>
      <trkpt lat="52.975826" lon="-1.471380"><ele>67.6</ele><time>2025-01-31T13:37:31.000Z</time></trkpt>
      <trkpt lat="52.975839" lon="-1.471386"><ele>67.6</ele><time>2025-01-31T13:37:32.000Z</time></trkpt>
      <trkpt lat="52.975852" lon="-1.471393"><ele>67.6</ele><time>2025-01-31T13:37:33.000Z</time></trkpt>
      <trkpt lat="52.975865" lon="-1.471400"><ele>67.8</ele><time>2025-01-31T13:37:34.000Z</time></trkpt>
      <trkpt lat="52.975877" lon="-1.471409"><ele>67.8</ele><time>2025-01-31T13:37:35.000Z</time></trkpt>
      <trkpt lat="52.975890" lon="-1.471417"><ele>67.8</ele><time>2025-01-31T13:37:36.000Z</time></trkpt>
      <trkpt lat="52.975903" lon="-1.471425"><ele>67.8</ele><time>2025-01-31T13:37:37.000Z</time></trkpt>
      <trkpt lat="52.975915" lon="-1.471433"><ele>67.8</ele><time>2025-01-31T13:37:38.000Z</time></trkpt>
      <trkpt lat="52.975928" lon="-1.471440"><ele>67.8</ele><time>2025-01-31T13:37:39.000Z</time></trkpt>
      <trkpt lat="52.975941" lon="-1.471446"><ele>68.0</ele><time>2025-01-31T13:37:40.000Z</time></trkpt>
      <trkpt lat="52.975954" lon="-1.471453"><ele>68.0</ele><time>2025-01-31T13:37:41.000Z</time></trkpt>
      <trkpt lat="52.975967" lon="-1.471460"><ele>68.0</ele><time>2025-01-31T13:37:42.000Z</time></trkpt>
      <trkpt lat="52.975980" lon="-1.471468"><ele>68.0</ele><time>2025-01-31T13:37:43.000Z</time></trkpt>
      <trkpt lat="52.975993" lon="-1.471475"><ele>68.0</ele><time>2025-01-31T13:37:44.000Z</time></trkpt>
      <trkpt lat="52.976006" lon="-1.471483"><ele>68.0</ele><time>2025-01-31T13:37:45.000Z</time></trkpt>
      <trkpt lat="52.976019" lon="-1.471491"><ele>68.0</ele><time>2025-01-31T13:37:46.000Z</time></trkpt>
      <trkpt lat="52.976032" lon="-1.471499"><ele>68.2</ele><time>2025-01-31T13:37:47.000Z</time></trkpt>
      <trkpt lat="52.976045" lon="-1.471507"><ele>68.2</ele><time>2025-01-31T13:37:48.000Z</time></trkpt>
      <trkpt lat="52.976058" lon="-1.471515"><ele>68.2</ele><time>2025-01-31T13:37:49.000Z</time></trkpt>
      <trkpt lat="52.976071" lon="-1.471523"><ele>68.2</ele><time>2025-01-31T13:37:50.000Z</time></trkpt>
      <trkpt lat="52.976083" lon="-1.471531"><ele>68.2</ele><time>2025-01-31T13:37:51.000Z</time></trkpt>
      <trkpt lat="52.976096" lon="-1.471538"><ele>68.4</ele><time>2025-01-31T13:37:52.000Z</time></trkpt>
      <trkpt lat="52.976108" lon="-1.471546"><ele>68.4</ele><time>2025-01-31T13:37:53.000Z</time></trkpt>
      <trkpt lat="52.976121" lon="-1.471554"><ele>68.4</ele><time>2025-01-31T13:37:54.000Z</time></trkpt>
      <trkpt lat="52.976134" lon="-1.471563"><ele>68.4</ele><time>2025-01-31T13:37:55.000Z</time></trkpt>
      <trkpt lat="52.976146" lon="-1.471572"><ele>68.4</ele><time>2025-01-31T13:37:56.000Z</time></trkpt>
      <trkpt lat="52.976158" lon="-1.471581"><ele>68.6</ele><time>2025-01-31T13:37:57.000Z</time></trkpt>
      <trkpt lat="52.976171" lon="-1.471589"><ele>68.6</ele><time>2025-01-31T13:37:58.000Z</time></trkpt>
      <trkpt lat="52.976183" lon="-1.471597"><ele>68.6</ele><time>2025-01-31T13:37:59.000Z</time></trkpt>
      <trkpt lat="52.976195" lon="-1.471604"><ele>68.6</ele><time>2025-01-31T13:38:00.000Z</time></trkpt>
      <trkpt lat="52.976207" lon="-1.471612"><ele>68.6</ele><time>2025-01-31T13:38:01.000Z</time></trkpt>
      <trkpt lat="52.976220" lon="-1.471620"><ele>68.6</ele><time>2025-01-31T13:38:02.000Z</time></trkpt>
      <trkpt lat="52.976233" lon="-1.471628"><ele>68.6</ele><time>2025-01-31T13:38:03.000Z</time></trkpt>
      <trkpt lat="52.976245" lon="-1.471635"><ele>68.6</ele><time>2025-01-31T13:38:04.000Z</time></trkpt>
      <trkpt lat="52.976259" lon="-1.471644"><ele>68.6</ele><time>2025-01-31T13:38:05.000Z</time></trkpt>
      <trkpt lat="52.976272" lon="-1.471652"><ele>68.4</ele><time>2025-01-31T13:38:06.000Z</time></trkpt>
      <trkpt lat="52.976285" lon="-1.471661"><ele>68.4</ele><time>2025-01-31T13:38:07.000Z</time></trkpt>
      <trkpt lat="52.976298" lon="-1.471669"><ele>68.4</ele><time>2025-01-31T13:38:08.000Z</time></trkpt>
      <trkpt lat="52.976312" lon="-1.471677"><ele>68.4</ele><time>2025-01-31T13:38:09.000Z</time></trkpt>
      <trkpt lat="52.976325" lon="-1.471684"><ele>68.2</ele><time>2025-01-31T13:38:10.000Z</time></trkpt>
      <trkpt lat="52.976337" lon="-1.471692"><ele>68.2</ele><time>2025-01-31T13:38:11.000Z</time></trkpt>
      <trkpt lat="52.976350" lon="-1.471699"><ele>68.2</ele><time>2025-01-31T13:38:12.000Z</time></trkpt>
      <trkpt lat="52.976363" lon="-1.471706"><ele>68.2</ele><time>2025-01-31T13:38:13.000Z</time></trkpt>
      <trkpt lat="52.976376" lon="-1.471713"><ele>68.0</ele><time>2025-01-31T13:38:14.000Z</time></trkpt>
      <trkpt lat="52.976388" lon="-1.471721"><ele>68.0</ele><time>2025-01-31T13:38:15.000Z</time></trkpt>
      <trkpt lat="52.976400" lon="-1.471729"><ele>68.0</ele><time>2025-01-31T13:38:16.000Z</time></trkpt>
      <trkpt lat="52.976413" lon="-1.471737"><ele>67.8</ele><time>2025-01-31T13:38:17.000Z</time></trkpt>
      <trkpt lat="52.976426" lon="-1.471746"><ele>67.8</ele><time>2025-01-31T13:38:18.000Z</time></trkpt>
      <trkpt lat="52.976438" lon="-1.471756"><ele>67.6</ele><time>2025-01-31T13:38:19.000Z</time></trkpt>
      <trkpt lat="52.976451" lon="-1.471765"><ele>67.6</ele><time>2025-01-31T13:38:20.000Z</time></trkpt>
      <trkpt lat="52.976464" lon="-1.471774"><ele>67.6</ele><time>2025-01-31T13:38:21.000Z</time></trkpt>
      <trkpt lat="52.976477" lon="-1.471782"><ele>67.4</ele><time>2025-01-31T13:38:22.000Z</time></trkpt>
      <trkpt lat="52.976489" lon="-1.471789"><ele>67.4</ele><time>2025-01-31T13:38:23.000Z</time></trkpt>
      <trkpt lat="52.976501" lon="-1.471795"><ele>67.4</ele><time>2025-01-31T13:38:24.000Z</time></trkpt>
      <trkpt lat="52.976513" lon="-1.471803"><ele>67.4</ele><time>2025-01-31T13:38:25.000Z</time></trkpt>
      <trkpt lat="52.976526" lon="-1.471813"><ele>67.4</ele><time>2025-01-31T13:38:26.000Z</time></trkpt>
      <trkpt lat="52.976538" lon="-1.471823"><ele>67.4</ele><time>2025-01-31T13:38:27.000Z</time></trkpt>
      <trkpt lat="52.976552" lon="-1.471832"><ele>67.4</ele><time>2025-01-31T13:38:28.000Z</time></trkpt>
      <trkpt lat="52.976566" lon="-1.471840"><ele>67.4</ele><time>2025-01-31T13:38:29.000Z</time></trkpt>
      <trkpt lat="52.976579" lon="-1.471849"><ele>67.4</ele><time>2025-01-31T13:38:30.000Z</time></trkpt>
      <trkpt lat="52.976593" lon="-1.471857"><ele>67.4</ele><time>2025-01-31T13:38:31.000Z</time></trkpt>
      <trkpt lat="52.976608" lon="-1.471866"><ele>67.4</ele><time>2025-01-31T13:38:32.000Z</time></trkpt>
      <trkpt lat="52.976622" lon="-1.471874"><ele>67.4</ele><time>2025-01-31T13:38:33.000Z</time></trkpt>
      <trkpt lat="52.976636" lon="-1.471880"><ele>67.4</ele><time>2025-01-31T13:38:34.000Z</time></trkpt>
      <trkpt lat="52.976650" lon="-1.471887"><ele>67.4</ele><time>2025-01-31T13:38:35.000Z</time></trkpt>
      <trkpt lat="52.976664" lon="-1.471893"><ele>67.6</ele><time>2025-01-31T13:38:36.000Z</time></trkpt>
      <trkpt lat="52.976677" lon="-1.471901"><ele>67.6</ele><time>2025-01-31T13:38:37.000Z</time></trkpt>
      <trkpt lat="52.976690" lon="-1.471909"><ele>67.6</ele><time>2025-01-31T13:38:38.000Z</time></trkpt>
      <trkpt lat="52.976703" lon="-1.471916"><ele>67.8</ele><time>2025-01-31T13:38:39.000Z</time></trkpt>
      <trkpt lat="52.976717" lon="-1.471920"><ele>67.8</ele><time>2025-01-31T13:38:40.000Z</time></trkpt>
      <trkpt lat="52.976730" lon="-1.471925"><ele>68.0</ele><time>2025-01-31T13:38:41.000Z</time></trkpt>
      <trkpt lat="52.976744" lon="-1.471929"><ele>68.0</ele><time>2025-01-31T13:38:42.000Z</time></trkpt>
      <trkpt lat="52.976758" lon="-1.471935"><ele>68.2</ele><time>2025-01-31T13:38:43.000Z</time></trkpt>
      <trkpt lat="52.976772" lon="-1.471941"><ele>68.2</ele><time>2025-01-31T13:38:44.000Z</time></trkpt>
      <trkpt lat="52.976785" lon="-1.471948"><ele>68.4</ele><time>2025-01-31T13:38:45.000Z</time></trkpt>
      <trkpt lat="52.976800" lon="-1.471955"><ele>68.4</ele><time>2025-01-31T13:38:46.000Z</time></trkpt>
      <trkpt lat="52.976813" lon="-1.471964"><ele>68.6</ele><time>2025-01-31T13:38:47.000Z</time></trkpt>
      <trkpt lat="52.976827" lon="-1.471972"><ele>68.8</ele><time>2025-01-31T13:38:48.000Z</time></trkpt>
      <trkpt lat="52.976840" lon="-1.471981"><ele>68.8</ele><time>2025-01-31T13:38:49.000Z</time></trkpt>
      <trkpt lat="52.976853" lon="-1.471989"><ele>69.0</ele><time>2025-01-31T13:38:50.000Z</time></trkpt>
      <trkpt lat="52.976866" lon="-1.471998"><ele>69.2</ele><time>2025-01-31T13:38:51.000Z</time></trkpt>
      <trkpt lat="52.976879" lon="-1.472009"><ele>69.4</ele><time>2025-01-31T13:38:52.000Z</time></trkpt>
      <trkpt lat="52.976892" lon="-1.472019"><ele>69.4</ele><time>2025-01-31T13:38:53.000Z</time></trkpt>
      <trkpt lat="52.976905" lon="-1.472028"><ele>69.6</ele><time>2025-01-31T13:38:54.000Z</time></trkpt>
      <trkpt lat="52.976918" lon="-1.472035"><ele>69.8</ele><time>2025-01-31T13:38:55.000Z</time></trkpt>
      <trkpt lat="52.976931" lon="-1.472042"><ele>69.8</ele><time>2025-01-31T13:38:56.000Z</time></trkpt>
      <trkpt lat="52.976943" lon="-1.472049"><ele>70.0</ele><time>2025-01-31T13:38:57.000Z</time></trkpt>
      <trkpt lat="52.976956" lon="-1.472058"><ele>70.2</ele><time>2025-01-31T13:38:58.000Z</time></trkpt>
      <trkpt lat="52.976968" lon="-1.472067"><ele>70.2</ele><time>2025-01-31T13:38:59.000Z</time></trkpt>
      <trkpt lat="52.976981" lon="-1.472075"><ele>70.4</ele><time>2025-01-31T13:39:00.000Z</time></trkpt>
      <trkpt lat="52.976994" lon="-1.472084"><ele>70.4</ele><time>2025-01-31T13:39:01.000Z</time></trkpt>
      <trkpt lat="52.977006" lon="-1.472094"><ele>70.4</ele><time>2025-01-31T13:39:02.000Z</time></trkpt>
      <trkpt lat="52.977019" lon="-1.472104"><ele>70.6</ele><time>2025-01-31T13:39:03.000Z</time></trkpt>
      <trkpt lat="52.977032" lon="-1.472115"><ele>70.6</ele><time>2025-01-31T13:39:04.000Z</time></trkpt>
      <trkpt lat="52.977044" lon="-1.472126"><ele>70.8</ele><time>2025-01-31T13:39:05.000Z</time></trkpt>
      <trkpt lat="52.977056" lon="-1.472137"><ele>70.8</ele><time>2025-01-31T13:39:06.000Z</time></trkpt>
      <trkpt lat="52.977068" lon="-1.472149"><ele>70.8</ele><time>2025-01-31T13:39:07.000Z</time></trkpt>
      <trkpt lat="52.977080" lon="-1.472162"><ele>70.8</ele><time>2025-01-31T13:39:08.000Z</time></trkpt>
      <trkpt lat="52.977091" lon="-1.472177"><ele>71.0</ele><time>2025-01-31T13:39:09.000Z</time></trkpt>
      <trkpt lat="52.977102" lon="-1.472194"><ele>71.0</ele><time>2025-01-31T13:39:10.000Z</time></trkpt>
      <trkpt lat="52.977113" lon="-1.472210"><ele>71.0</ele><time>2025-01-31T13:39:11.000Z</time></trkpt>
      <trkpt lat="52.977124" lon="-1.472225"><ele>71.2</ele><time>2025-01-31T13:39:12.000Z</time></trkpt>
      <trkpt lat="52.977135" lon="-1.472239"><ele>71.2</ele><time>2025-01-31T13:39:13.000Z</time></trkpt>
      <trkpt lat="52.977147" lon="-1.472251"><ele>71.4</ele><time>2025-01-31T13:39:14.000Z</time></trkpt>
      <trkpt lat="52.977159" lon="-1.472261"><ele>71.4</ele><time>2025-01-31T13:39:15.000Z</time></trkpt>
      <trkpt lat="52.977169" lon="-1.472272"><ele>71.4</ele><time>2025-01-31T13:39:16.000Z</time></trkpt>
      <trkpt lat="52.977179" lon="-1.472285"><ele>71.4</ele><time>2025-01-31T13:39:17.000Z</time></trkpt>
      <trkpt lat="52.977188" lon="-1.472298"><ele>71.6</ele><time>2025-01-31T13:39:18.000Z</time></trkpt>
      <trkpt lat="52.977198" lon="-1.472311"><ele>71.6</ele><time>2025-01-31T13:39:19.000Z</time></trkpt>
      <trkpt lat="52.977208" lon="-1.472324"><ele>71.4</ele><time>2025-01-31T13:39:20.000Z</time></trkpt>
      <trkpt lat="52.977218" lon="-1.472337"><ele>71.4</ele><time>2025-01-31T13:39:21.000Z</time></trkpt>
      <trkpt lat="52.977228" lon="-1.472350"><ele>71.4</ele><time>2025-01-31T13:39:22.000Z</time></trkpt>
      <trkpt lat="52.977238" lon="-1.472364"><ele>71.4</ele><time>2025-01-31T13:39:23.000Z</time></trkpt>
      <trkpt lat="52.977247" lon="-1.472379"><ele>71.4</ele><time>2025-01-31T13:39:24.000Z</time></trkpt>
      <trkpt lat="52.977257" lon="-1.472393"><ele>71.2</ele><time>2025-01-31T13:39:25.000Z</time></trkpt>
      <trkpt lat="52.977267" lon="-1.472406"><ele>71.2</ele><time>2025-01-31T13:39:26.000Z</time></trkpt>
      <trkpt lat="52.977277" lon="-1.472418"><ele>71.2</ele><time>2025-01-31T13:39:27.000Z</time></trkpt>
      <trkpt lat="52.977289" lon="-1.472429"><ele>71.0</ele><time>2025-01-31T13:39:28.000Z</time></trkpt>
      <trkpt lat="52.977301" lon="-1.472439"><ele>71.0</ele><time>2025-01-31T13:39:29.000Z</time></trkpt>
      <trkpt lat="52.977312" lon="-1.472449"><ele>70.8</ele><time>2025-01-31T13:39:30.000Z</time></trkpt>
      <trkpt lat="52.977324" lon="-1.472459"><ele>70.8</ele><time>2025-01-31T13:39:31.000Z</time></trkpt>
      <trkpt lat="52.977336" lon="-1.472469"><ele>70.8</ele><time>2025-01-31T13:39:32.000Z</time></trkpt>
      <trkpt lat="52.977347" lon="-1.472481"><ele>70.6</ele><time>2025-01-31T13:39:33.000Z</time></trkpt>
      <trkpt lat="52.977358" lon="-1.472492"><ele>70.6</ele><time>2025-01-31T13:39:34.000Z</time></trkpt>
      <trkpt lat="52.977370" lon="-1.472503"><ele>70.6</ele><time>2025-01-31T13:39:35.000Z</time></trkpt>
      <trkpt lat="52.977382" lon="-1.472515"><ele>70.6</ele><time>2025-01-31T13:39:36.000Z</time></trkpt>
      <trkpt lat="52.977394" lon="-1.472528"><ele>70.6</ele><time>2025-01-31T13:39:37.000Z</time></trkpt>
      <trkpt lat="52.977405" lon="-1.472544"><ele>70.8</ele><time>2025-01-31T13:39:38.000Z</time></trkpt>
      <trkpt lat="52.977415" lon="-1.472562"><ele>70.8</ele><time>2025-01-31T13:39:39.000Z</time></trkpt>
      <trkpt lat="52.977425" lon="-1.472579"><ele>70.8</ele><time>2025-01-31T13:39:40.000Z</time></trkpt>
      <trkpt lat="52.977435" lon="-1.472597"><ele>70.8</ele><time>2025-01-31T13:39:41.000Z</time></trkpt>
      <trkpt lat="52.977444" lon="-1.472613"><ele>71.0</ele><time>2025-01-31T13:39:42.000Z</time></trkpt>
      <trkpt lat="52.977453" lon="-1.472629"><ele>71.0</ele><time>2025-01-31T13:39:43.000Z</time></trkpt>
      <trkpt lat="52.977462" lon="-1.472646"><ele>71.0</ele><time>2025-01-31T13:39:44.000Z</time></trkpt>
      <trkpt lat="52.977471" lon="-1.472663"><ele>71.2</ele><time>2025-01-31T13:39:45.000Z</time></trkpt>
      <trkpt lat="52.977481" lon="-1.472679"><ele>71.2</ele><time>2025-01-31T13:39:46.000Z</time></trkpt>
      <trkpt lat="52.977491" lon="-1.472695"><ele>71.2</ele><time>2025-01-31T13:39:47.000Z</time></trkpt>
      <trkpt lat="52.977501" lon="-1.472711"><ele>71.2</ele><time>2025-01-31T13:39:48.000Z</time></trkpt>
      <trkpt lat="52.977511" lon="-1.472726"><ele>71.4</ele><time>2025-01-31T13:39:49.000Z</time></trkpt>
      <trkpt lat="52.977521" lon="-1.472741"><ele>71.4</ele><time>2025-01-31T13:39:50.000Z</time></trkpt>
      <trkpt lat="52.977532" lon="-1.472755"><ele>71.4</ele><time>2025-01-31T13:39:51.000Z</time></trkpt>
      <trkpt lat="52.977542" lon="-1.472768"><ele>71.4</ele><time>2025-01-31T13:39:52.000Z</time></trkpt>
      <trkpt lat="52.977553" lon="-1.472782"><ele>71.6</ele><time>2025-01-31T13:39:53.000Z</time></trkpt>
      <trkpt lat="52.977564" lon="-1.472796"><ele>71.6</ele><time>2025-01-31T13:39:54.000Z</time></trkpt>
      <trkpt lat="52.977576" lon="-1.472810"><ele>71.6</ele><time>2025-01-31T13:39:55.000Z</time></trkpt>
      <trkpt lat="52.977588" lon="-1.472824"><ele>71.6</ele><time>2025-01-31T13:39:56.000Z</time></trkpt>
      <trkpt lat="52.977600" lon="-1.472838"><ele>71.6</ele><time>2025-01-31T13:39:57.000Z</time></trkpt>
      <trkpt lat="52.977612" lon="-1.472851"><ele>71.6</ele><time>2025-01-31T13:39:58.000Z</time></trkpt>
      <trkpt lat="52.977623" lon="-1.472864"><ele>71.6</ele><time>2025-01-31T13:39:59.000Z</time></trkpt>
      <trkpt lat="52.977635" lon="-1.472876"><ele>71.6</ele><time>2025-01-31T13:40:00.000Z</time></trkpt>
      <trkpt lat="52.977646" lon="-1.472889"><ele>71.6</ele><time>2025-01-31T13:40:01.000Z</time></trkpt>
      <trkpt lat="52.977657" lon="-1.472902"><ele>71.4</ele><time>2025-01-31T13:40:02.000Z</time></trkpt>
      <trkpt lat="52.977667" lon="-1.472915"><ele>71.4</ele><time>2025-01-31T13:40:03.000Z</time></trkpt>
      <trkpt lat="52.977678" lon="-1.472928"><ele>71.4</ele><time>2025-01-31T13:40:04.000Z</time></trkpt>
      <trkpt lat="52.977689" lon="-1.472941"><ele>71.4</ele><time>2025-01-31T13:40:05.000Z</time></trkpt>
      <trkpt lat="52.977700" lon="-1.472954"><ele>71.4</ele><time>2025-01-31T13:40:06.000Z</time></trkpt>
      <trkpt lat="52.977711" lon="-1.472967"><ele>71.4</ele><time>2025-01-31T13:40:07.000Z</time></trkpt>
      <trkpt lat="52.977723" lon="-1.472981"><ele>71.2</ele><time>2025-01-31T13:40:08.000Z</time></trkpt>
      <trkpt lat="52.977734" lon="-1.472994"><ele>71.2</ele><time>2025-01-31T13:40:09.000Z</time></trkpt>
      <trkpt lat="52.977745" lon="-1.473007"><ele>71.2</ele><time>2025-01-31T13:40:10.000Z</time></trkpt>
      <trkpt lat="52.977756" lon="-1.473020"><ele>71.2</ele><time>2025-01-31T13:40:11.000Z</time></trkpt>
      <trkpt lat="52.977768" lon="-1.473031"><ele>71.2</ele><time>2025-01-31T13:40:12.000Z</time></trkpt>
      <trkpt lat="52.977780" lon="-1.473041"><ele>71.2</ele><time>2025-01-31T13:40:13.000Z</time></trkpt>
      <trkpt lat="52.977792" lon="-1.473049"><ele>71.2</ele><time>2025-01-31T13:40:14.000Z</time></trkpt>
      <trkpt lat="52.977804" lon="-1.473057"><ele>71.2</ele><time>2025-01-31T13:40:15.000Z</time></trkpt>
      <trkpt lat="52.977816" lon="-1.473068"><ele>71.0</ele><time>2025-01-31T13:40:16.000Z</time></trkpt>
      <trkpt lat="52.977827" lon="-1.473080"><ele>71.0</ele><time>2025-01-31T13:40:17.000Z</time></trkpt>
      <trkpt lat="52.977838" lon="-1.473092"><ele>71.0</ele><time>2025-01-31T13:40:18.000Z</time></trkpt>
      <trkpt lat="52.977849" lon="-1.473106"><ele>71.0</ele><time>2025-01-31T13:40:19.000Z</time></trkpt>
      <trkpt lat="52.977859" lon="-1.473121"><ele>71.0</ele><time>2025-01-31T13:40:20.000Z</time></trkpt>
      <trkpt lat="52.977870" lon="-1.473137"><ele>71.0</ele><time>2025-01-31T13:40:21.000Z</time></trkpt>
      <trkpt lat="52.977881" lon="-1.473153"><ele>71.2</ele><time>2025-01-31T13:40:22.000Z</time></trkpt>
      <trkpt lat="52.977891" lon="-1.473168"><ele>71.2</ele><time>2025-01-31T13:40:23.000Z</time></trkpt>
      <trkpt lat="52.977902" lon="-1.473182"><ele>71.2</ele><time>2025-01-31T13:40:24.000Z</time></trkpt>
      <trkpt lat="52.977913" lon="-1.473197"><ele>71.2</ele><time>2025-01-31T13:40:25.000Z</time></trkpt>
      <trkpt lat="52.977924" lon="-1.473212"><ele>71.2</ele><time>2025-01-31T13:40:26.000Z</time></trkpt>
      <trkpt lat="52.977935" lon="-1.473226"><ele>71.2</ele><time>2025-01-31T13:40:27.000Z</time></trkpt>
      <trkpt lat="52.977947" lon="-1.473240"><ele>71.4</ele><time>2025-01-31T13:40:28.000Z</time></trkpt>
      <trkpt lat="52.977958" lon="-1.473254"><ele>71.4</ele><time>2025-01-31T13:40:29.000Z</time></trkpt>
      <trkpt lat="52.977969" lon="-1.473268"><ele>71.6</ele><time>2025-01-31T13:40:30.000Z</time></trkpt>
      <trkpt lat="52.977981" lon="-1.473282"><ele>71.6</ele><time>2025-01-31T13:40:31.000Z</time></trkpt>
      <trkpt lat="52.977991" lon="-1.473297"><ele>71.6</ele><time>2025-01-31T13:40:32.000Z</time></trkpt>
      <trkpt lat="52.978002" lon="-1.473312"><ele>71.8</ele><time>2025-01-31T13:40:33.000Z</time></trkpt>
      <trkpt lat="52.978013" lon="-1.473327"><ele>71.8</ele><time>2025-01-31T13:40:34.000Z</time></trkpt>
      <trkpt lat="52.978024" lon="-1.473341"><ele>72.0</ele><time>2025-01-31T13:40:35.000Z</time></trkpt>
      <trkpt lat="52.978035" lon="-1.473355"><ele>72.0</ele><time>2025-01-31T13:40:36.000Z</time></trkpt>
      <trkpt lat="52.978047" lon="-1.473367"><ele>72.2</ele><time>2025-01-31T13:40:37.000Z</time></trkpt>
      <trkpt lat="52.978059" lon="-1.473380"><ele>72.2</ele><time>2025-01-31T13:40:38.000Z</time></trkpt>
      <trkpt lat="52.978072" lon="-1.473392"><ele>72.4</ele><time>2025-01-31T13:40:39.000Z</time></trkpt>
      <trkpt lat="52.978084" lon="-1.473405"><ele>72.4</ele><time>2025-01-31T13:40:40.000Z</time></trkpt>
      <trkpt lat="52.978095" lon="-1.473419"><ele>72.4</ele><time>2025-01-31T13:40:41.000Z</time></trkpt>
      <trkpt lat="52.978106" lon="-1.473432"><ele>72.6</ele><time>2025-01-31T13:40:42.000Z</time></trkpt>
      <trkpt lat="52.978117" lon="-1.473444"><ele>72.6</ele><time>2025-01-31T13:40:43.000Z</time></trkpt>
      <trkpt lat="52.978129" lon="-1.473456"><ele>72.6</ele><time>2025-01-31T13:40:44.000Z</time></trkpt>
      <trkpt lat="52.978140" lon="-1.473467"><ele>72.8</ele><time>2025-01-31T13:40:45.000Z</time></trkpt>
      <trkpt lat="52.978150" lon="-1.473478"><ele>72.8</ele><time>2025-01-31T13:40:46.000Z</time></trkpt>
      <trkpt lat="52.978162" lon="-1.473490"><ele>72.8</ele><time>2025-01-31T13:40:47.000Z</time></trkpt>
      <trkpt lat="52.978174" lon="-1.473503"><ele>72.8</ele><time>2025-01-31T13:40:48.000Z</time></trkpt>
      <trkpt lat="52.978185" lon="-1.473518"><ele>72.8</ele><time>2025-01-31T13:40:49.000Z</time></trkpt>
      <trkpt lat="52.978197" lon="-1.473533"><ele>73.0</ele><time>2025-01-31T13:40:50.000Z</time></trkpt>
      <trkpt lat="52.978209" lon="-1.473548"><ele>73.0</ele><time>2025-01-31T13:40:51.000Z</time></trkpt>
      <trkpt lat="52.978221" lon="-1.473563"><ele>73.0</ele><time>2025-01-31T13:40:52.000Z</time></trkpt>
      <trkpt lat="52.978233" lon="-1.473578"><ele>73.0</ele><time>2025-01-31T13:40:53.000Z</time></trkpt>
      <trkpt lat="52.978245" lon="-1.473592"><ele>73.0</ele><time>2025-01-31T13:40:54.000Z</time></trkpt>
      <trkpt lat="52.978256" lon="-1.473608"><ele>73.0</ele><time>2025-01-31T13:40:55.000Z</time></trkpt>
      <trkpt lat="52.978267" lon="-1.473623"><ele>73.0</ele><time>2025-01-31T13:40:56.000Z</time></trkpt>
      <trkpt lat="52.978278" lon="-1.473639"><ele>73.0</ele><time>2025-01-31T13:40:57.000Z</time></trkpt>
      <trkpt lat="52.978289" lon="-1.473653"><ele>73.0</ele><time>2025-01-31T13:40:58.000Z</time></trkpt>
      <trkpt lat="52.978300" lon="-1.473666"><ele>73.0</ele><time>2025-01-31T13:40:59.000Z</time></trkpt>
      <trkpt lat="52.978312" lon="-1.473679"><ele>73.0</ele><time>2025-01-31T13:41:00.000Z</time></trkpt>
      <trkpt lat="52.978323" lon="-1.473691"><ele>73.0</ele><time>2025-01-31T13:41:01.000Z</time></trkpt>
      <trkpt lat="52.978335" lon="-1.473703"><ele>73.0</ele><time>2025-01-31T13:41:02.000Z</time></trkpt>
      <trkpt lat="52.978347" lon="-1.473716"><ele>73.0</ele><time>2025-01-31T13:41:03.000Z</time></trkpt>
      <trkpt lat="52.978358" lon="-1.473728"><ele>73.0</ele><time>2025-01-31T13:41:04.000Z</time></trkpt>
      <trkpt lat="52.978370" lon="-1.473739"><ele>73.2</ele><time>2025-01-31T13:41:05.000Z</time></trkpt>
      <trkpt lat="52.978382" lon="-1.473750"><ele>73.2</ele><time>2025-01-31T13:41:06.000Z</time></trkpt>
      <trkpt lat="52.978394" lon="-1.473761"><ele>73.2</ele><time>2025-01-31T13:41:07.000Z</time></trkpt>
      <trkpt lat="52.978407" lon="-1.473771"><ele>73.2</ele><time>2025-01-31T13:41:08.000Z</time></trkpt>
      <trkpt lat="52.978420" lon="-1.473781"><ele>73.2</ele><time>2025-01-31T13:41:09.000Z</time></trkpt>
      <trkpt lat="52.978432" lon="-1.473792"><ele>73.2</ele><time>2025-01-31T13:41:10.000Z</time></trkpt>
      <trkpt lat="52.978445" lon="-1.473804"><ele>73.4</ele><time>2025-01-31T13:41:11.000Z</time></trkpt>
      <trkpt lat="52.978458" lon="-1.473815"><ele>73.4</ele><time>2025-01-31T13:41:12.000Z</time></trkpt>
      <trkpt lat="52.978471" lon="-1.473825"><ele>73.4</ele><time>2025-01-31T13:41:13.000Z</time></trkpt>
      <trkpt lat="52.978484" lon="-1.473835"><ele>73.4</ele><time>2025-01-31T13:41:14.000Z</time></trkpt>
      <trkpt lat="52.978497" lon="-1.473844"><ele>73.4</ele><time>2025-01-31T13:41:15.000Z</time></trkpt>
      <trkpt lat="52.978511" lon="-1.473852"><ele>73.4</ele><time>2025-01-31T13:41:16.000Z</time></trkpt>
      <trkpt lat="52.978525" lon="-1.473862"><ele>73.4</ele><time>2025-01-31T13:41:17.000Z</time></trkpt>
      <trkpt lat="52.978538" lon="-1.473871"><ele>73.4</ele><time>2025-01-31T13:41:18.000Z</time></trkpt>
      <trkpt lat="52.978551" lon="-1.473881"><ele>73.2</ele><time>2025-01-31T13:41:19.000Z</time></trkpt>
      <trkpt lat="52.978564" lon="-1.473890"><ele>73.2</ele><time>2025-01-31T13:41:20.000Z</time></trkpt>
      <trkpt lat="52.978577" lon="-1.473899"><ele>73.2</ele><time>2025-01-31T13:41:21.000Z</time></trkpt>
      <trkpt lat="52.978589" lon="-1.473908"><ele>73.2</ele><time>2025-01-31T13:41:22.000Z</time></trkpt>
      <trkpt lat="52.978601" lon="-1.473917"><ele>73.2</ele><time>2025-01-31T13:41:23.000Z</time></trkpt>
      <trkpt lat="52.978614" lon="-1.473926"><ele>73.2</ele><time>2025-01-31T13:41:24.000Z</time></trkpt>
      <trkpt lat="52.978627" lon="-1.473934"><ele>73.2</ele><time>2025-01-31T13:41:25.000Z</time></trkpt>
      <trkpt lat="52.978640" lon="-1.473942"><ele>73.2</ele><time>2025-01-31T13:41:26.000Z</time></trkpt>
      <trkpt lat="52.978653" lon="-1.473951"><ele>73.2</ele><time>2025-01-31T13:41:27.000Z</time></trkpt>
      <trkpt lat="52.978667" lon="-1.473959"><ele>73.2</ele><time>2025-01-31T13:41:28.000Z</time></trkpt>
      <trkpt lat="52.978681" lon="-1.473968"><ele>73.2</ele><time>2025-01-31T13:41:29.000Z</time></trkpt>
      <trkpt lat="52.978694" lon="-1.473977"><ele>73.2</ele><time>2025-01-31T13:41:30.000Z</time></trkpt>
      <trkpt lat="52.978707" lon="-1.473986"><ele>73.4</ele><time>2025-01-31T13:41:31.000Z</time></trkpt>
      <trkpt lat="52.978720" lon="-1.473995"><ele>73.4</ele><time>2025-01-31T13:41:32.000Z</time></trkpt>
      <trkpt lat="52.978733" lon="-1.474004"><ele>73.4</ele><time>2025-01-31T13:41:33.000Z</time></trkpt>
      <trkpt lat="52.978745" lon="-1.474014"><ele>73.4</ele><time>2025-01-31T13:41:34.000Z</time></trkpt>
      <trkpt lat="52.978757" lon="-1.474025"><ele>73.6</ele><time>2025-01-31T13:41:35.000Z</time></trkpt>
      <trkpt lat="52.978770" lon="-1.474035"><ele>73.6</ele><time>2025-01-31T13:41:36.000Z</time></trkpt>
      <trkpt lat="52.978783" lon="-1.474047"><ele>73.6</ele><time>2025-01-31T13:41:37.000Z</time></trkpt>
      <trkpt lat="52.978796" lon="-1.474058"><ele>73.6</ele><time>2025-01-31T13:41:38.000Z</time></trkpt>
      <trkpt lat="52.978808" lon="-1.474069"><ele>73.6</ele><time>2025-01-31T13:41:39.000Z</time></trkpt>
      <trkpt lat="52.978821" lon="-1.474081"><ele>73.8</ele><time>2025-01-31T13:41:40.000Z</time></trkpt>
      <trkpt lat="52.978833" lon="-1.474093"><ele>73.8</ele><time>2025-01-31T13:41:41.000Z</time></trkpt>
      <trkpt lat="52.978845" lon="-1.474104"><ele>73.8</ele><time>2025-01-31T13:41:42.000Z</time></trkpt>
      <trkpt lat="52.978858" lon="-1.474113"><ele>73.8</ele><time>2025-01-31T13:41:43.000Z</time></trkpt>
      <trkpt lat="52.978870" lon="-1.474123"><ele>73.8</ele><time>2025-01-31T13:41:44.000Z</time></trkpt>
      <trkpt lat="52.978883" lon="-1.474132"><ele>73.8</ele><time>2025-01-31T13:41:45.000Z</time></trkpt>
      <trkpt lat="52.978897" lon="-1.474141"><ele>73.8</ele><time>2025-01-31T13:41:46.000Z</time></trkpt>
      <trkpt lat="52.978910" lon="-1.474150"><ele>73.8</ele><time>2025-01-31T13:41:47.000Z</time></trkpt>
      <trkpt lat="52.978924" lon="-1.474159"><ele>73.8</ele><time>2025-01-31T13:41:48.000Z</time></trkpt>
      <trkpt lat="52.978937" lon="-1.474168"><ele>73.8</ele><time>2025-01-31T13:41:49.000Z</time></trkpt>
      <trkpt lat="52.978951" lon="-1.474177"><ele>74.0</ele><time>2025-01-31T13:41:50.000Z</time></trkpt>
      <trkpt lat="52.978964" lon="-1.474187"><ele>74.0</ele><time>2025-01-31T13:41:51.000Z</time></trkpt>
      <trkpt lat="52.978976" lon="-1.474198"><ele>74.0</ele><time>2025-01-31T13:41:52.000Z</time></trkpt>
      <trkpt lat="52.978989" lon="-1.474209"><ele>74.2</ele><time>2025-01-31T13:41:53.000Z</time></trkpt>
      <trkpt lat="52.979002" lon="-1.474220"><ele>74.2</ele><time>2025-01-31T13:41:54.000Z</time></trkpt>
      <trkpt lat="52.979014" lon="-1.474231"><ele>74.2</ele><time>2025-01-31T13:41:55.000Z</time></trkpt>
      <trkpt lat="52.979026" lon="-1.474243"><ele>74.2</ele><time>2025-01-31T13:41:56.000Z</time></trkpt>
      <trkpt lat="52.979037" lon="-1.474255"><ele>74.4</ele><time>2025-01-31T13:41:57.000Z</time></trkpt>
      <trkpt lat="52.979049" lon="-1.474267"><ele>74.4</ele><time>2025-01-31T13:41:58.000Z</time></trkpt>
      <trkpt lat="52.979060" lon="-1.474279"><ele>74.4</ele><time>2025-01-31T13:41:59.000Z</time></trkpt>
      <trkpt lat="52.979072" lon="-1.474290"><ele>74.6</ele><time>2025-01-31T13:42:00.000Z</time></trkpt>
      <trkpt lat="52.979084" lon="-1.474302"><ele>74.6</ele><time>2025-01-31T13:42:01.000Z</time></trkpt>
      <trkpt lat="52.979095" lon="-1.474315"><ele>74.6</ele><time>2025-01-31T13:42:02.000Z</time></trkpt>
      <trkpt lat="52.979106" lon="-1.474329"><ele>74.6</ele><time>2025-01-31T13:42:03.000Z</time></trkpt>
      <trkpt lat="52.979117" lon="-1.474343"><ele>74.6</ele><time>2025-01-31T13:42:04.000Z</time></trkpt>
      <trkpt lat="52.979127" lon="-1.474358"><ele>74.6</ele><time>2025-01-31T13:42:05.000Z</time></trkpt>
      <trkpt lat="52.979138" lon="-1.474372"><ele>74.6</ele><time>2025-01-31T13:42:06.000Z</time></trkpt>
      <trkpt lat="52.979148" lon="-1.474387"><ele>74.8</ele><time>2025-01-31T13:42:07.000Z</time></trkpt>
      <trkpt lat="52.979159" lon="-1.474402"><ele>74.8</ele><time>2025-01-31T13:42:08.000Z</time></trkpt>
      <trkpt lat="52.979169" lon="-1.474416"><ele>74.8</ele><time>2025-01-31T13:42:09.000Z</time></trkpt>
      <trkpt lat="52.979180" lon="-1.474430"><ele>74.8</ele><time>2025-01-31T13:42:10.000Z</time></trkpt>
      <trkpt lat="52.979191" lon="-1.474445"><ele>74.8</ele><time>2025-01-31T13:42:11.000Z</time></trkpt>
      <trkpt lat="52.979201" lon="-1.474461"><ele>75.0</ele><time>2025-01-31T13:42:12.000Z</time></trkpt>
      <trkpt lat="52.979210" lon="-1.474479"><ele>75.0</ele><time>2025-01-31T13:42:13.000Z</time></trkpt>
      <trkpt lat="52.979220" lon="-1.474496"><ele>75.0</ele><time>2025-01-31T13:42:14.000Z</time></trkpt>
      <trkpt lat="52.979229" lon="-1.474513"><ele>75.0</ele><time>2025-01-31T13:42:15.000Z</time></trkpt>
      <trkpt lat="52.979238" lon="-1.474530"><ele>75.0</ele><time>2025-01-31T13:42:16.000Z</time></trkpt>
      <trkpt lat="52.979247" lon="-1.474547"><ele>75.2</ele><time>2025-01-31T13:42:17.000Z</time></trkpt>
      <trkpt lat="52.979255" lon="-1.474565"><ele>75.2</ele><time>2025-01-31T13:42:18.000Z</time></trkpt>
      <trkpt lat="52.979262" lon="-1.474583"><ele>75.2</ele><time>2025-01-31T13:42:19.000Z</time></trkpt>
      <trkpt lat="52.979270" lon="-1.474601"><ele>75.4</ele><time>2025-01-31T13:42:20.000Z</time></trkpt>
      <trkpt lat="52.979278" lon="-1.474619"><ele>75.4</ele><time>2025-01-31T13:42:21.000Z</time></trkpt>
      <trkpt lat="52.979287" lon="-1.474637"><ele>75.6</ele><time>2025-01-31T13:42:22.000Z</time></trkpt>
      <trkpt lat="52.979295" lon="-1.474655"><ele>75.6</ele><time>2025-01-31T13:42:23.000Z</time></trkpt>
      <trkpt lat="52.979302" lon="-1.474673"><ele>75.8</ele><time>2025-01-31T13:42:24.000Z</time></trkpt>
      <trkpt lat="52.979310" lon="-1.474691"><ele>76.0</ele><time>2025-01-31T13:42:25.000Z</time></trkpt>
      <trkpt lat="52.979319" lon="-1.474708"><ele>76.0</ele><time>2025-01-31T13:42:26.000Z</time></trkpt>
      <trkpt lat="52.979328" lon="-1.474724"><ele>76.2</ele><time>2025-01-31T13:42:27.000Z</time></trkpt>
      <trkpt lat="52.979336" lon="-1.474740"><ele>76.2</ele><time>2025-01-31T13:42:28.000Z</time></trkpt>
      <trkpt lat="52.979345" lon="-1.474758"><ele>76.4</ele><time>2025-01-31T13:42:29.000Z</time></trkpt>
      <trkpt lat="52.979354" lon="-1.474775"><ele>76.4</ele><time>2025-01-31T13:42:30.000Z</time></trkpt>
      <trkpt lat="52.979363" lon="-1.474793"><ele>76.6</ele><time>2025-01-31T13:42:31.000Z</time></trkpt>
      <trkpt lat="52.979371" lon="-1.474810"><ele>76.6</ele><time>2025-01-31T13:42:32.000Z</time></trkpt>
      <trkpt lat="52.979380" lon="-1.474827"><ele>76.8</ele><time>2025-01-31T13:42:33.000Z</time></trkpt>
      <trkpt lat="52.979389" lon="-1.474844"><ele>76.8</ele><time>2025-01-31T13:42:34.000Z</time></trkpt>
      <trkpt lat="52.979398" lon="-1.474860"><ele>77.0</ele><time>2025-01-31T13:42:35.000Z</time></trkpt>
      <trkpt lat="52.979407" lon="-1.474876"><ele>77.0</ele><time>2025-01-31T13:42:36.000Z</time></trkpt>
      <trkpt lat="52.979415" lon="-1.474894"><ele>77.2</ele><time>2025-01-31T13:42:37.000Z</time></trkpt>
      <trkpt lat="52.979423" lon="-1.474910"><ele>77.2</ele><time>2025-01-31T13:42:38.000Z</time></trkpt>
      <trkpt lat="52.979432" lon="-1.474926"><ele>77.4</ele><time>2025-01-31T13:42:39.000Z</time></trkpt>
      <trkpt lat="52.979442" lon="-1.474940"><ele>77.4</ele><time>2025-01-31T13:42:40.000Z</time></trkpt>
      <trkpt lat="52.979452" lon="-1.474952"><ele>77.6</ele><time>2025-01-31T13:42:41.000Z</time></trkpt>
      <trkpt lat="52.979462" lon="-1.474963"><ele>77.6</ele><time>2025-01-31T13:42:42.000Z</time></trkpt>
      <trkpt lat="52.979470" lon="-1.474972"><ele>77.8</ele><time>2025-01-31T13:42:43.000Z</time></trkpt>
      <trkpt lat="52.979477" lon="-1.474975"><ele>77.8</ele><time>2025-01-31T13:42:44.000Z</time></trkpt>
      <trkpt lat="52.979484" lon="-1.474976"><ele>77.8</ele><time>2025-01-31T13:42:45.000Z</time></trkpt>
      <trkpt lat="52.979494" lon="-1.474974"><ele>78.0</ele><time>2025-01-31T13:42:46.000Z</time></trkpt>
      <trkpt lat="52.979505" lon="-1.474969"><ele>78.0</ele><time>2025-01-31T13:42:47.000Z</time></trkpt>
      <trkpt lat="52.979518" lon="-1.474963"><ele>78.2</ele><time>2025-01-31T13:42:48.000Z</time></trkpt>
      <trkpt lat="52.979532" lon="-1.474959"><ele>78.2</ele><time>2025-01-31T13:42:49.000Z</time></trkpt>
      <trkpt lat="52.979546" lon="-1.474960"><ele>78.4</ele><time>2025-01-31T13:42:50.000Z</time></trkpt>
      <trkpt lat="52.979559" lon="-1.474965"><ele>78.4</ele><time>2025-01-31T13:42:51.000Z</time></trkpt>
      <trkpt lat="52.979572" lon="-1.474976"><ele>78.6</ele><time>2025-01-31T13:42:52.000Z</time></trkpt>
      <trkpt lat="52.979583" lon="-1.474992"><ele>78.6</ele><time>2025-01-31T13:42:53.000Z</time></trkpt>
      <trkpt lat="52.979593" lon="-1.475009"><ele>78.6</ele><time>2025-01-31T13:42:54.000Z</time></trkpt>
      <trkpt lat="52.979602" lon="-1.475026"><ele>78.8</ele><time>2025-01-31T13:42:55.000Z</time></trkpt>
      <trkpt lat="52.979611" lon="-1.475044"><ele>78.8</ele><time>2025-01-31T13:42:56.000Z</time></trkpt>
      <trkpt lat="52.979619" lon="-1.475061"><ele>79.0</ele><time>2025-01-31T13:42:57.000Z</time></trkpt>
      <trkpt lat="52.979628" lon="-1.475078"><ele>79.0</ele><time>2025-01-31T13:42:58.000Z</time></trkpt>
      <trkpt lat="52.979637" lon="-1.475095"><ele>79.0</ele><time>2025-01-31T13:42:59.000Z</time></trkpt>
      <trkpt lat="52.979647" lon="-1.475113"><ele>79.2</ele><time>2025-01-31T13:43:00.000Z</time></trkpt>
      <trkpt lat="52.979657" lon="-1.475131"><ele>79.2</ele><time>2025-01-31T13:43:01.000Z</time></trkpt>
      <trkpt lat="52.979668" lon="-1.475150"><ele>79.2</ele><time>2025-01-31T13:43:02.000Z</time></trkpt>
      <trkpt lat="52.979679" lon="-1.475168"><ele>79.4</ele><time>2025-01-31T13:43:03.000Z</time></trkpt>
      <trkpt lat="52.979690" lon="-1.475184"><ele>79.4</ele><time>2025-01-31T13:43:04.000Z</time></trkpt>
      <trkpt lat="52.979700" lon="-1.475199"><ele>79.4</ele><time>2025-01-31T13:43:05.000Z</time></trkpt>
      <trkpt lat="52.979712" lon="-1.475214"><ele>79.4</ele><time>2025-01-31T13:43:06.000Z</time></trkpt>
      <trkpt lat="52.979724" lon="-1.475227"><ele>79.4</ele><time>2025-01-31T13:43:07.000Z</time></trkpt>
      <trkpt lat="52.979735" lon="-1.475239"><ele>79.4</ele><time>2025-01-31T13:43:08.000Z</time></trkpt>
      <trkpt lat="52.979747" lon="-1.475252"><ele>79.4</ele><time>2025-01-31T13:43:09.000Z</time></trkpt>
      <trkpt lat="52.979760" lon="-1.475264"><ele>79.4</ele><time>2025-01-31T13:43:10.000Z</time></trkpt>
      <trkpt lat="52.979773" lon="-1.475276"><ele>79.4</ele><time>2025-01-31T13:43:11.000Z</time></trkpt>
      <trkpt lat="52.979786" lon="-1.475287"><ele>79.4</ele><time>2025-01-31T13:43:12.000Z</time></trkpt>
      <trkpt lat="52.979798" lon="-1.475300"><ele>79.4</ele><time>2025-01-31T13:43:13.000Z</time></trkpt>
      <trkpt lat="52.979810" lon="-1.475313"><ele>79.4</ele><time>2025-01-31T13:43:14.000Z</time></trkpt>
      <trkpt lat="52.979822" lon="-1.475326"><ele>79.4</ele><time>2025-01-31T13:43:15.000Z</time></trkpt>
      <trkpt lat="52.979833" lon="-1.475339"><ele>79.6</ele><time>2025-01-31T13:43:16.000Z</time></trkpt>
      <trkpt lat="52.979845" lon="-1.475352"><ele>79.6</ele><time>2025-01-31T13:43:17.000Z</time></trkpt>
      <trkpt lat="52.979856" lon="-1.475365"><ele>79.6</ele><time>2025-01-31T13:43:18.000Z</time></trkpt>
      <trkpt lat="52.979867" lon="-1.475377"><ele>79.6</ele><time>2025-01-31T13:43:19.000Z</time></trkpt>
      <trkpt lat="52.979879" lon="-1.475389"><ele>79.6</ele><time>2025-01-31T13:43:20.000Z</time></trkpt>
      <trkpt lat="52.979890" lon="-1.475403"><ele>79.6</ele><time>2025-01-31T13:43:21.000Z</time></trkpt>
      <trkpt lat="52.979901" lon="-1.475419"><ele>79.8</ele><time>2025-01-31T13:43:22.000Z</time></trkpt>
      <trkpt lat="52.979912" lon="-1.475436"><ele>79.8</ele><time>2025-01-31T13:43:23.000Z</time></trkpt>
      <trkpt lat="52.979923" lon="-1.475453"><ele>79.8</ele><time>2025-01-31T13:43:24.000Z</time></trkpt>
      <trkpt lat="52.979934" lon="-1.475469"><ele>80.0</ele><time>2025-01-31T13:43:25.000Z</time></trkpt>
      <trkpt lat="52.979945" lon="-1.475485"><ele>80.0</ele><time>2025-01-31T13:43:26.000Z</time></trkpt>
      <trkpt lat="52.979956" lon="-1.475500"><ele>80.0</ele><time>2025-01-31T13:43:27.000Z</time></trkpt>
      <trkpt lat="52.979967" lon="-1.475515"><ele>80.2</ele><time>2025-01-31T13:43:28.000Z</time></trkpt>
      <trkpt lat="52.979977" lon="-1.475529"><ele>80.2</ele><time>2025-01-31T13:43:29.000Z</time></trkpt>
      <trkpt lat="52.979989" lon="-1.475542"><ele>80.2</ele><time>2025-01-31T13:43:30.000Z</time></trkpt>
      <trkpt lat="52.980000" lon="-1.475555"><ele>80.4</ele><time>2025-01-31T13:43:31.000Z</time></trkpt>
      <trkpt lat="52.980011" lon="-1.475569"><ele>80.4</ele><time>2025-01-31T13:43:32.000Z</time></trkpt>
      <trkpt lat="52.980022" lon="-1.475584"><ele>80.4</ele><time>2025-01-31T13:43:33.000Z</time></trkpt>
      <trkpt lat="52.980033" lon="-1.475599"><ele>80.4</ele><time>2025-01-31T13:43:34.000Z</time></trkpt>
      <trkpt lat="52.980045" lon="-1.475614"><ele>80.4</ele><time>2025-01-31T13:43:35.000Z</time></trkpt>
      <trkpt lat="52.980057" lon="-1.475628"><ele>80.4</ele><time>2025-01-31T13:43:36.000Z</time></trkpt>
      <trkpt lat="52.980069" lon="-1.475643"><ele>80.6</ele><time>2025-01-31T13:43:37.000Z</time></trkpt>
      <trkpt lat="52.980080" lon="-1.475657"><ele>80.6</ele><time>2025-01-31T13:43:38.000Z</time></trkpt>
      <trkpt lat="52.980091" lon="-1.475671"><ele>80.6</ele><time>2025-01-31T13:43:39.000Z</time></trkpt>
      <trkpt lat="52.980102" lon="-1.475685"><ele>80.6</ele><time>2025-01-31T13:43:40.000Z</time></trkpt>
      <trkpt lat="52.980113" lon="-1.475700"><ele>80.6</ele><time>2025-01-31T13:43:41.000Z</time></trkpt>
      <trkpt lat="52.980123" lon="-1.475715"><ele>80.6</ele><time>2025-01-31T13:43:42.000Z</time></trkpt>
      <trkpt lat="52.980134" lon="-1.475730"><ele>80.6</ele><time>2025-01-31T13:43:43.000Z</time></trkpt>
      <trkpt lat="52.980145" lon="-1.475744"><ele>80.6</ele><time>2025-01-31T13:43:44.000Z</time></trkpt>
      <trkpt lat="52.980156" lon="-1.475758"><ele>80.6</ele><time>2025-01-31T13:43:45.000Z</time></trkpt>
      <trkpt lat="52.980167" lon="-1.475772"><ele>80.6</ele><time>2025-01-31T13:43:46.000Z</time></trkpt>
      <trkpt lat="52.980179" lon="-1.475786"><ele>80.4</ele><time>2025-01-31T13:43:47.000Z</time></trkpt>
      <trkpt lat="52.980190" lon="-1.475799"><ele>80.4</ele><time>2025-01-31T13:43:48.000Z</time></trkpt>
      <trkpt lat="52.980202" lon="-1.475811"><ele>80.4</ele><time>2025-01-31T13:43:49.000Z</time></trkpt>
      <trkpt lat="52.980215" lon="-1.475822"><ele>80.4</ele><time>2025-01-31T13:43:50.000Z</time></trkpt>
      <trkpt lat="52.980227" lon="-1.475833"><ele>80.4</ele><time>2025-01-31T13:43:51.000Z</time></trkpt>
      <trkpt lat="52.980239" lon="-1.475844"><ele>80.4</ele><time>2025-01-31T13:43:52.000Z</time></trkpt>
      <trkpt lat="52.980251" lon="-1.475855"><ele>80.2</ele><time>2025-01-31T13:43:53.000Z</time></trkpt>
      <trkpt lat="52.980263" lon="-1.475865"><ele>80.2</ele><time>2025-01-31T13:43:54.000Z</time></trkpt>
      <trkpt lat="52.980275" lon="-1.475876"><ele>80.2</ele><time>2025-01-31T13:43:55.000Z</time></trkpt>
      <trkpt lat="52.980287" lon="-1.475887"><ele>80.2</ele><time>2025-01-31T13:43:56.000Z</time></trkpt>
      <trkpt lat="52.980299" lon="-1.475899"><ele>80.0</ele><time>2025-01-31T13:43:57.000Z</time></trkpt>
      <trkpt lat="52.980310" lon="-1.475911"><ele>80.0</ele><time>2025-01-31T13:43:58.000Z</time></trkpt>
      <trkpt lat="52.980322" lon="-1.475923"><ele>80.0</ele><time>2025-01-31T13:43:59.000Z</time></trkpt>
      <trkpt lat="52.980334" lon="-1.475935"><ele>80.0</ele><time>2025-01-31T13:44:00.000Z</time></trkpt>
      <trkpt lat="52.980346" lon="-1.475947"><ele>79.8</ele><time>2025-01-31T13:44:01.000Z</time></trkpt>
      <trkpt lat="52.980358" lon="-1.475959"><ele>79.8</ele><time>2025-01-31T13:44:02.000Z</time></trkpt>
      <trkpt lat="52.980371" lon="-1.475970"><ele>79.8</ele><time>2025-01-31T13:44:03.000Z</time></trkpt>
      <trkpt lat="52.980383" lon="-1.475982"><ele>79.8</ele><time>2025-01-31T13:44:04.000Z</time></trkpt>
      <trkpt lat="52.980395" lon="-1.475993"><ele>79.8</ele><time>2025-01-31T13:44:05.000Z</time></trkpt>
      <trkpt lat="52.980408" lon="-1.476005"><ele>79.6</ele><time>2025-01-31T13:44:06.000Z</time></trkpt>
      <trkpt lat="52.980420" lon="-1.476016"><ele>79.6</ele><time>2025-01-31T13:44:07.000Z</time></trkpt>
      <trkpt lat="52.980432" lon="-1.476028"><ele>79.6</ele><time>2025-01-31T13:44:08.000Z</time></trkpt>
      <trkpt lat="52.980444" lon="-1.476040"><ele>79.6</ele><time>2025-01-31T13:44:09.000Z</time></trkpt>
      <trkpt lat="52.980456" lon="-1.476052"><ele>79.6</ele><time>2025-01-31T13:44:10.000Z</time></trkpt>
      <trkpt lat="52.980468" lon="-1.476064"><ele>79.4</ele><time>2025-01-31T13:44:11.000Z</time></trkpt>
      <trkpt lat="52.980481" lon="-1.476075"><ele>79.4</ele><time>2025-01-31T13:44:12.000Z</time></trkpt>
      <trkpt lat="52.980494" lon="-1.476086"><ele>79.4</ele><time>2025-01-31T13:44:13.000Z</time></trkpt>
      <trkpt lat="52.980507" lon="-1.476095"><ele>79.4</ele><time>2025-01-31T13:44:14.000Z</time></trkpt>
      <trkpt lat="52.980521" lon="-1.476104"><ele>79.4</ele><time>2025-01-31T13:44:15.000Z</time></trkpt>
      <trkpt lat="52.980535" lon="-1.476113"><ele>79.4</ele><time>2025-01-31T13:44:16.000Z</time></trkpt>
      <trkpt lat="52.980548" lon="-1.476121"><ele>79.4</ele><time>2025-01-31T13:44:17.000Z</time></trkpt>
      <trkpt lat="52.980562" lon="-1.476128"><ele>79.4</ele><time>2025-01-31T13:44:18.000Z</time></trkpt>
      <trkpt lat="52.980576" lon="-1.476135"><ele>79.4</ele><time>2025-01-31T13:44:19.000Z</time></trkpt>
      <trkpt lat="52.980590" lon="-1.476141"><ele>79.4</ele><time>2025-01-31T13:44:20.000Z</time></trkpt>
      <trkpt lat="52.980603" lon="-1.476147"><ele>79.2</ele><time>2025-01-31T13:44:21.000Z</time></trkpt>
      <trkpt lat="52.980617" lon="-1.476154"><ele>79.2</ele><time>2025-01-31T13:44:22.000Z</time></trkpt>
      <trkpt lat="52.980630" lon="-1.476162"><ele>79.2</ele><time>2025-01-31T13:44:23.000Z</time></trkpt>
      <trkpt lat="52.980644" lon="-1.476170"><ele>79.2</ele><time>2025-01-31T13:44:24.000Z</time></trkpt>
      <trkpt lat="52.980657" lon="-1.476179"><ele>79.2</ele><time>2025-01-31T13:44:25.000Z</time></trkpt>
      <trkpt lat="52.980670" lon="-1.476188"><ele>79.2</ele><time>2025-01-31T13:44:26.000Z</time></trkpt>
      <trkpt lat="52.980684" lon="-1.476198"><ele>79.2</ele><time>2025-01-31T13:44:27.000Z</time></trkpt>
      <trkpt lat="52.980697" lon="-1.476206"><ele>79.2</ele><time>2025-01-31T13:44:28.000Z</time></trkpt>
      <trkpt lat="52.980710" lon="-1.476213"><ele>79.2</ele><time>2025-01-31T13:44:29.000Z</time></trkpt>
      <trkpt lat="52.980724" lon="-1.476218"><ele>79.2</ele><time>2025-01-31T13:44:30.000Z</time></trkpt>
      <trkpt lat="52.980738" lon="-1.476223"><ele>79.2</ele><time>2025-01-31T13:44:31.000Z</time></trkpt>
      <trkpt lat="52.980752" lon="-1.476228"><ele>79.2</ele><time>2025-01-31T13:44:32.000Z</time></trkpt>
      <trkpt lat="52.980765" lon="-1.476234"><ele>79.2</ele><time>2025-01-31T13:44:33.000Z</time></trkpt>
      <trkpt lat="52.980779" lon="-1.476241"><ele>79.2</ele><time>2025-01-31T13:44:34.000Z</time></trkpt>
      <trkpt lat="52.980793" lon="-1.476248"><ele>79.2</ele><time>2025-01-31T13:44:35.000Z</time></trkpt>
      <trkpt lat="52.980806" lon="-1.476255"><ele>79.2</ele><time>2025-01-31T13:44:36.000Z</time></trkpt>
      <trkpt lat="52.980820" lon="-1.476263"><ele>79.2</ele><time>2025-01-31T13:44:37.000Z</time></trkpt>
      <trkpt lat="52.980834" lon="-1.476271"><ele>79.2</ele><time>2025-01-31T13:44:38.000Z</time></trkpt>
      <trkpt lat="52.980848" lon="-1.476279"><ele>79.4</ele><time>2025-01-31T13:44:39.000Z</time></trkpt>
      <trkpt lat="52.980862" lon="-1.476287"><ele>79.4</ele><time>2025-01-31T13:44:40.000Z</time></trkpt>
      <trkpt lat="52.980876" lon="-1.476294"><ele>79.4</ele><time>2025-01-31T13:44:41.000Z</time></trkpt>
      <trkpt lat="52.980890" lon="-1.476303"><ele>79.4</ele><time>2025-01-31T13:44:42.000Z</time></trkpt>
      <trkpt lat="52.980904" lon="-1.476311"><ele>79.4</ele><time>2025-01-31T13:44:43.000Z</time></trkpt>
      <trkpt lat="52.980918" lon="-1.476318"><ele>79.4</ele><time>2025-01-31T13:44:44.000Z</time></trkpt>
      <trkpt lat="52.980931" lon="-1.476325"><ele>79.4</ele><time>2025-01-31T13:44:45.000Z</time></trkpt>
      <trkpt lat="52.980945" lon="-1.476330"><ele>79.4</ele><time>2025-01-31T13:44:46.000Z</time></trkpt>
      <trkpt lat="52.980959" lon="-1.476335"><ele>79.4</ele><time>2025-01-31T13:44:47.000Z</time></trkpt>
      <trkpt lat="52.980973" lon="-1.476339"><ele>79.4</ele><time>2025-01-31T13:44:48.000Z</time></trkpt>
      <trkpt lat="52.980987" lon="-1.476343"><ele>79.4</ele><time>2025-01-31T13:44:49.000Z</time></trkpt>
      <trkpt lat="52.981002" lon="-1.476347"><ele>79.2</ele><time>2025-01-31T13:44:50.000Z</time></trkpt>
      <trkpt lat="52.981016" lon="-1.476351"><ele>79.2</ele><time>2025-01-31T13:44:51.000Z</time></trkpt>
      <trkpt lat="52.981031" lon="-1.476354"><ele>79.2</ele><time>2025-01-31T13:44:52.000Z</time></trkpt>
      <trkpt lat="52.981046" lon="-1.476356"><ele>79.2</ele><time>2025-01-31T13:44:53.000Z</time></trkpt>
      <trkpt lat="52.981060" lon="-1.476359"><ele>79.2</ele><time>2025-01-31T13:44:54.000Z</time></trkpt>
      <trkpt lat="52.981074" lon="-1.476360"><ele>79.0</ele><time>2025-01-31T13:44:55.000Z</time></trkpt>
      <trkpt lat="52.981089" lon="-1.476362"><ele>79.0</ele><time>2025-01-31T13:44:56.000Z</time></trkpt>
      <trkpt lat="52.981103" lon="-1.476365"><ele>79.0</ele><time>2025-01-31T13:44:57.000Z</time></trkpt>
      <trkpt lat="52.981117" lon="-1.476368"><ele>79.0</ele><time>2025-01-31T13:44:58.000Z</time></trkpt>
      <trkpt lat="52.981131" lon="-1.476370"><ele>78.8</ele><time>2025-01-31T13:44:59.000Z</time></trkpt>
      <trkpt lat="52.981144" lon="-1.476373"><ele>78.8</ele><time>2025-01-31T13:45:00.000Z</time></trkpt>
      <trkpt lat="52.981158" lon="-1.476374"><ele>78.8</ele><time>2025-01-31T13:45:01.000Z</time></trkpt>
      <trkpt lat="52.981172" lon="-1.476376"><ele>78.6</ele><time>2025-01-31T13:45:02.000Z</time></trkpt>
      <trkpt lat="52.981186" lon="-1.476379"><ele>78.6</ele><time>2025-01-31T13:45:03.000Z</time></trkpt>
      <trkpt lat="52.981200" lon="-1.476384"><ele>78.6</ele><time>2025-01-31T13:45:04.000Z</time></trkpt>
      <trkpt lat="52.981214" lon="-1.476390"><ele>78.4</ele><time>2025-01-31T13:45:05.000Z</time></trkpt>
      <trkpt lat="52.981227" lon="-1.476397"><ele>78.4</ele><time>2025-01-31T13:45:06.000Z</time></trkpt>
      <trkpt lat="52.981241" lon="-1.476403"><ele>78.4</ele><time>2025-01-31T13:45:07.000Z</time></trkpt>
      <trkpt lat="52.981255" lon="-1.476409"><ele>78.2</ele><time>2025-01-31T13:45:08.000Z</time></trkpt>
      <trkpt lat="52.981269" lon="-1.476415"><ele>78.2</ele><time>2025-01-31T13:45:09.000Z</time></trkpt>
      <trkpt lat="52.981283" lon="-1.476422"><ele>78.0</ele><time>2025-01-31T13:45:10.000Z</time></trkpt>
      <trkpt lat="52.981296" lon="-1.476429"><ele>78.0</ele><time>2025-01-31T13:45:11.000Z</time></trkpt>
      <trkpt lat="52.981310" lon="-1.476435"><ele>77.8</ele><time>2025-01-31T13:45:12.000Z</time></trkpt>
      <trkpt lat="52.981323" lon="-1.476441"><ele>77.8</ele><time>2025-01-31T13:45:13.000Z</time></trkpt>
      <trkpt lat="52.981337" lon="-1.476446"><ele>77.6</ele><time>2025-01-31T13:45:14.000Z</time></trkpt>
      <trkpt lat="52.981351" lon="-1.476452"><ele>77.6</ele><time>2025-01-31T13:45:15.000Z</time></trkpt>
      <trkpt lat="52.981364" lon="-1.476458"><ele>77.4</ele><time>2025-01-31T13:45:16.000Z</time></trkpt>
      <trkpt lat="52.981376" lon="-1.476467"><ele>77.4</ele><time>2025-01-31T13:45:17.000Z</time></trkpt>
      <trkpt lat="52.981389" lon="-1.476476"><ele>77.4</ele><time>2025-01-31T13:45:18.000Z</time></trkpt>
      <trkpt lat="52.981402" lon="-1.476486"><ele>77.2</ele><time>2025-01-31T13:45:19.000Z</time></trkpt>
      <trkpt lat="52.981416" lon="-1.476496"><ele>77.2</ele><time>2025-01-31T13:45:20.000Z</time></trkpt>
      <trkpt lat="52.981430" lon="-1.476504"><ele>77.2</ele><time>2025-01-31T13:45:21.000Z</time></trkpt>
      <trkpt lat="52.981444" lon="-1.476512"><ele>77.2</ele><time>2025-01-31T13:45:22.000Z</time></trkpt>
      <trkpt lat="52.981459" lon="-1.476519"><ele>77.0</ele><time>2025-01-31T13:45:23.000Z</time></trkpt>
      <trkpt lat="52.981474" lon="-1.476524"><ele>77.0</ele><time>2025-01-31T13:45:24.000Z</time></trkpt>
      <trkpt lat="52.981489" lon="-1.476529"><ele>77.0</ele><time>2025-01-31T13:45:25.000Z</time></trkpt>
      <trkpt lat="52.981504" lon="-1.476534"><ele>77.0</ele><time>2025-01-31T13:45:26.000Z</time></trkpt>
      <trkpt lat="52.981519" lon="-1.476539"><ele>77.0</ele><time>2025-01-31T13:45:27.000Z</time></trkpt>
      <trkpt lat="52.981533" lon="-1.476544"><ele>77.0</ele><time>2025-01-31T13:45:28.000Z</time></trkpt>
      <trkpt lat="52.981547" lon="-1.476550"><ele>77.0</ele><time>2025-01-31T13:45:29.000Z</time></trkpt>
      <trkpt lat="52.981561" lon="-1.476557"><ele>77.0</ele><time>2025-01-31T13:45:30.000Z</time></trkpt>
      <trkpt lat="52.981575" lon="-1.476566"><ele>77.0</ele><time>2025-01-31T13:45:31.000Z</time></trkpt>
      <trkpt lat="52.981587" lon="-1.476577"><ele>77.0</ele><time>2025-01-31T13:45:32.000Z</time></trkpt>
      <trkpt lat="52.981599" lon="-1.476592"><ele>76.8</ele><time>2025-01-31T13:45:33.000Z</time></trkpt>
      <trkpt lat="52.981609" lon="-1.476609"><ele>76.8</ele><time>2025-01-31T13:45:34.000Z</time></trkpt>
      <trkpt lat="52.981618" lon="-1.476628"><ele>76.8</ele><time>2025-01-31T13:45:35.000Z</time></trkpt>
      <trkpt lat="52.981627" lon="-1.476648"><ele>76.6</ele><time>2025-01-31T13:45:36.000Z</time></trkpt>
      <trkpt lat="52.981636" lon="-1.476667"><ele>76.4</ele><time>2025-01-31T13:45:37.000Z</time></trkpt>
      <trkpt lat="52.981646" lon="-1.476686"><ele>76.4</ele><time>2025-01-31T13:45:38.000Z</time></trkpt>
      <trkpt lat="52.981655" lon="-1.476705"><ele>76.2</ele><time>2025-01-31T13:45:39.000Z</time></trkpt>
      <trkpt lat="52.981665" lon="-1.476724"><ele>76.0</ele><time>2025-01-31T13:45:40.000Z</time></trkpt>
      <trkpt lat="52.981675" lon="-1.476742"><ele>75.8</ele><time>2025-01-31T13:45:41.000Z</time></trkpt>
      <trkpt lat="52.981685" lon="-1.476761"><ele>75.6</ele><time>2025-01-31T13:45:42.000Z</time></trkpt>
      <trkpt lat="52.981694" lon="-1.476781"><ele>75.4</ele><time>2025-01-31T13:45:43.000Z</time></trkpt>
      <trkpt lat="52.981703" lon="-1.476801"><ele>75.2</ele><time>2025-01-31T13:45:44.000Z</time></trkpt>
      <trkpt lat="52.981711" lon="-1.476822"><ele>75.0</ele><time>2025-01-31T13:45:45.000Z</time></trkpt>
      <trkpt lat="52.981718" lon="-1.476844"><ele>74.8</ele><time>2025-01-31T13:45:46.000Z</time></trkpt>
      <trkpt lat="52.981723" lon="-1.476867"><ele>74.6</ele><time>2025-01-31T13:45:47.000Z</time></trkpt>
      <trkpt lat="52.981730" lon="-1.476890"><ele>74.2</ele><time>2025-01-31T13:45:48.000Z</time></trkpt>
      <trkpt lat="52.981736" lon="-1.476913"><ele>74.0</ele><time>2025-01-31T13:45:49.000Z</time></trkpt>
      <trkpt lat="52.981741" lon="-1.476936"><ele>73.8</ele><time>2025-01-31T13:45:50.000Z</time></trkpt>
      <trkpt lat="52.981746" lon="-1.476958"><ele>73.6</ele><time>2025-01-31T13:45:51.000Z</time></trkpt>
      <trkpt lat="52.981752" lon="-1.476980"><ele>73.2</ele><time>2025-01-31T13:45:52.000Z</time></trkpt>
      <trkpt lat="52.981759" lon="-1.477001"><ele>73.0</ele><time>2025-01-31T13:45:53.000Z</time></trkpt>
      <trkpt lat="52.981766" lon="-1.477022"><ele>72.8</ele><time>2025-01-31T13:45:54.000Z</time></trkpt>
      <trkpt lat="52.981773" lon="-1.477044"><ele>72.6</ele><time>2025-01-31T13:45:55.000Z</time></trkpt>
      <trkpt lat="52.981780" lon="-1.477066"><ele>72.4</ele><time>2025-01-31T13:45:56.000Z</time></trkpt>
      <trkpt lat="52.981786" lon="-1.477087"><ele>72.2</ele><time>2025-01-31T13:45:57.000Z</time></trkpt>
      <trkpt lat="52.981793" lon="-1.477109"><ele>72.0</ele><time>2025-01-31T13:45:58.000Z</time></trkpt>
      <trkpt lat="52.981800" lon="-1.477132"><ele>71.8</ele><time>2025-01-31T13:45:59.000Z</time></trkpt>
      <trkpt lat="52.981806" lon="-1.477155"><ele>71.6</ele><time>2025-01-31T13:46:00.000Z</time></trkpt>
      <trkpt lat="52.981813" lon="-1.477177"><ele>71.4</ele><time>2025-01-31T13:46:01.000Z</time></trkpt>
      <trkpt lat="52.981819" lon="-1.477199"><ele>71.2</ele><time>2025-01-31T13:46:02.000Z</time></trkpt>
      <trkpt lat="52.981826" lon="-1.477221"><ele>71.2</ele><time>2025-01-31T13:46:03.000Z</time></trkpt>
      <trkpt lat="52.981832" lon="-1.477243"><ele>71.0</ele><time>2025-01-31T13:46:04.000Z</time></trkpt>
      <trkpt lat="52.981838" lon="-1.477265"><ele>70.8</ele><time>2025-01-31T13:46:05.000Z</time></trkpt>
      <trkpt lat="52.981844" lon="-1.477286"><ele>70.6</ele><time>2025-01-31T13:46:06.000Z</time></trkpt>
      <trkpt lat="52.981850" lon="-1.477306"><ele>70.4</ele><time>2025-01-31T13:46:07.000Z</time></trkpt>
      <trkpt lat="52.981856" lon="-1.477327"><ele>70.2</ele><time>2025-01-31T13:46:08.000Z</time></trkpt>
      <trkpt lat="52.981862" lon="-1.477347"><ele>70.0</ele><time>2025-01-31T13:46:09.000Z</time></trkpt>
      <trkpt lat="52.981869" lon="-1.477366"><ele>69.8</ele><time>2025-01-31T13:46:10.000Z</time></trkpt>
      <trkpt lat="52.981876" lon="-1.477385"><ele>69.6</ele><time>2025-01-31T13:46:11.000Z</time></trkpt>
      <trkpt lat="52.981883" lon="-1.477404"><ele>69.4</ele><time>2025-01-31T13:46:12.000Z</time></trkpt>
      <trkpt lat="52.981890" lon="-1.477423"><ele>69.2</ele><time>2025-01-31T13:46:13.000Z</time></trkpt>
      <trkpt lat="52.981896" lon="-1.477443"><ele>68.8</ele><time>2025-01-31T13:46:14.000Z</time></trkpt>
      <trkpt lat="52.981902" lon="-1.477463"><ele>68.6</ele><time>2025-01-31T13:46:15.000Z</time></trkpt>
      <trkpt lat="52.981908" lon="-1.477484"><ele>68.4</ele><time>2025-01-31T13:46:16.000Z</time></trkpt>
      <trkpt lat="52.981915" lon="-1.477504"><ele>68.2</ele><time>2025-01-31T13:46:17.000Z</time></trkpt>
      <trkpt lat="52.981922" lon="-1.477524"><ele>67.8</ele><time>2025-01-31T13:46:18.000Z</time></trkpt>
      <trkpt lat="52.981929" lon="-1.477544"><ele>67.6</ele><time>2025-01-31T13:46:19.000Z</time></trkpt>
      <trkpt lat="52.981937" lon="-1.477563"><ele>67.4</ele><time>2025-01-31T13:46:20.000Z</time></trkpt>
      <trkpt lat="52.981945" lon="-1.477583"><ele>67.2</ele><time>2025-01-31T13:46:21.000Z</time></trkpt>
      <trkpt lat="52.981953" lon="-1.477603"><ele>67.0</ele><time>2025-01-31T13:46:22.000Z</time></trkpt>
      <trkpt lat="52.981960" lon="-1.477624"><ele>66.6</ele><time>2025-01-31T13:46:23.000Z</time></trkpt>
      <trkpt lat="52.981967" lon="-1.477645"><ele>66.4</ele><time>2025-01-31T13:46:24.000Z</time></trkpt>
      <trkpt lat="52.981974" lon="-1.477666"><ele>66.2</ele><time>2025-01-31T13:46:25.000Z</time></trkpt>
      <trkpt lat="52.981981" lon="-1.477687"><ele>66.0</ele><time>2025-01-31T13:46:26.000Z</time></trkpt>
      <trkpt lat="52.981989" lon="-1.477706"><ele>65.8</ele><time>2025-01-31T13:46:27.000Z</time></trkpt>
      <trkpt lat="52.981997" lon="-1.477726"><ele>65.6</ele><time>2025-01-31T13:46:28.000Z</time></trkpt>
      <trkpt lat="52.982005" lon="-1.477746"><ele>65.6</ele><time>2025-01-31T13:46:29.000Z</time></trkpt>
      <trkpt lat="52.982013" lon="-1.477765"><ele>65.4</ele><time>2025-01-31T13:46:30.000Z</time></trkpt>
      <trkpt lat="52.982021" lon="-1.477785"><ele>65.2</ele><time>2025-01-31T13:46:31.000Z</time></trkpt>
      <trkpt lat="52.982027" lon="-1.477805"><ele>65.0</ele><time>2025-01-31T13:46:32.000Z</time></trkpt>
      <trkpt lat="52.982034" lon="-1.477826"><ele>64.8</ele><time>2025-01-31T13:46:33.000Z</time></trkpt>
      <trkpt lat="52.982041" lon="-1.477846"><ele>64.6</ele><time>2025-01-31T13:46:34.000Z</time></trkpt>
      <trkpt lat="52.982048" lon="-1.477867"><ele>64.4</ele><time>2025-01-31T13:46:35.000Z</time></trkpt>
      <trkpt lat="52.982054" lon="-1.477888"><ele>64.2</ele><time>2025-01-31T13:46:36.000Z</time></trkpt>
      <trkpt lat="52.982062" lon="-1.477908"><ele>64.0</ele><time>2025-01-31T13:46:37.000Z</time></trkpt>
      <trkpt lat="52.982069" lon="-1.477928"><ele>64.0</ele><time>2025-01-31T13:46:38.000Z</time></trkpt>
      <trkpt lat="52.982075" lon="-1.477947"><ele>63.8</ele><time>2025-01-31T13:46:39.000Z</time></trkpt>
      <trkpt lat="52.982081" lon="-1.477967"><ele>63.6</ele><time>2025-01-31T13:46:40.000Z</time></trkpt>
      <trkpt lat="52.982087" lon="-1.477988"><ele>63.4</ele><time>2025-01-31T13:46:41.000Z</time></trkpt>
      <trkpt lat="52.982093" lon="-1.478008"><ele>63.2</ele><time>2025-01-31T13:46:42.000Z</time></trkpt>
      <trkpt lat="52.982100" lon="-1.478028"><ele>63.0</ele><time>2025-01-31T13:46:43.000Z</time></trkpt>
      <trkpt lat="52.982107" lon="-1.478046"><ele>62.8</ele><time>2025-01-31T13:46:44.000Z</time></trkpt>
      <trkpt lat="52.982116" lon="-1.478063"><ele>62.6</ele><time>2025-01-31T13:46:45.000Z</time></trkpt>
      <trkpt lat="52.982125" lon="-1.478081"><ele>62.4</ele><time>2025-01-31T13:46:46.000Z</time></trkpt>
      <trkpt lat="52.982133" lon="-1.478101"><ele>62.2</ele><time>2025-01-31T13:46:47.000Z</time></trkpt>
      <trkpt lat="52.982141" lon="-1.478122"><ele>62.0</ele><time>2025-01-31T13:46:48.000Z</time></trkpt>
      <trkpt lat="52.982148" lon="-1.478143"><ele>61.8</ele><time>2025-01-31T13:46:49.000Z</time></trkpt>
      <trkpt lat="52.982155" lon="-1.478164"><ele>61.8</ele><time>2025-01-31T13:46:50.000Z</time></trkpt>
      <trkpt lat="52.982163" lon="-1.478185"><ele>61.6</ele><time>2025-01-31T13:46:51.000Z</time></trkpt>
      <trkpt lat="52.982171" lon="-1.478206"><ele>61.4</ele><time>2025-01-31T13:46:52.000Z</time></trkpt>
      <trkpt lat="52.982179" lon="-1.478227"><ele>61.2</ele><time>2025-01-31T13:46:53.000Z</time></trkpt>
      <trkpt lat="52.982186" lon="-1.478247"><ele>61.0</ele><time>2025-01-31T13:46:54.000Z</time></trkpt>
      <trkpt lat="52.982193" lon="-1.478267"><ele>60.8</ele><time>2025-01-31T13:46:55.000Z</time></trkpt>
      <trkpt lat="52.982199" lon="-1.478288"><ele>60.6</ele><time>2025-01-31T13:46:56.000Z</time></trkpt>
      <trkpt lat="52.982205" lon="-1.478308"><ele>60.4</ele><time>2025-01-31T13:46:57.000Z</time></trkpt>
      <trkpt lat="52.982212" lon="-1.478328"><ele>60.2</ele><time>2025-01-31T13:46:58.000Z</time></trkpt>
      <trkpt lat="52.982219" lon="-1.478347"><ele>60.0</ele><time>2025-01-31T13:46:59.000Z</time></trkpt>
      <trkpt lat="52.982226" lon="-1.478367"><ele>59.8</ele><time>2025-01-31T13:47:00.000Z</time></trkpt>
      <trkpt lat="52.982233" lon="-1.478388"><ele>59.8</ele><time>2025-01-31T13:47:01.000Z</time></trkpt>
      <trkpt lat="52.982240" lon="-1.478407"><ele>59.6</ele><time>2025-01-31T13:47:02.000Z</time></trkpt>
      <trkpt lat="52.982248" lon="-1.478426"><ele>59.4</ele><time>2025-01-31T13:47:03.000Z</time></trkpt>
      <trkpt lat="52.982257" lon="-1.478444"><ele>59.2</ele><time>2025-01-31T13:47:04.000Z</time></trkpt>
      <trkpt lat="52.982266" lon="-1.478463"><ele>59.0</ele><time>2025-01-31T13:47:05.000Z</time></trkpt>
      <trkpt lat="52.982274" lon="-1.478483"><ele>59.0</ele><time>2025-01-31T13:47:06.000Z</time></trkpt>
      <trkpt lat="52.982282" lon="-1.478503"><ele>58.8</ele><time>2025-01-31T13:47:07.000Z</time></trkpt>
      <trkpt lat="52.982289" lon="-1.478524"><ele>58.8</ele><time>2025-01-31T13:47:08.000Z</time></trkpt>
      <trkpt lat="52.982298" lon="-1.478544"><ele>58.6</ele><time>2025-01-31T13:47:09.000Z</time></trkpt>
      <trkpt lat="52.982306" lon="-1.478562"><ele>58.6</ele><time>2025-01-31T13:47:10.000Z</time></trkpt>
      <trkpt lat="52.982314" lon="-1.478580"><ele>58.4</ele><time>2025-01-31T13:47:11.000Z</time></trkpt>
      <trkpt lat="52.982321" lon="-1.478599"><ele>58.4</ele><time>2025-01-31T13:47:12.000Z</time></trkpt>
      <trkpt lat="52.982327" lon="-1.478619"><ele>58.4</ele><time>2025-01-31T13:47:13.000Z</time></trkpt>
      <trkpt lat="52.982333" lon="-1.478638"><ele>58.4</ele><time>2025-01-31T13:47:14.000Z</time></trkpt>
      <trkpt lat="52.982340" lon="-1.478658"><ele>58.4</ele><time>2025-01-31T13:47:15.000Z</time></trkpt>
      <trkpt lat="52.982347" lon="-1.478678"><ele>58.4</ele><time>2025-01-31T13:47:16.000Z</time></trkpt>
      <trkpt lat="52.982355" lon="-1.478697"><ele>58.4</ele><time>2025-01-31T13:47:17.000Z</time></trkpt>
      <trkpt lat="52.982362" lon="-1.478718"><ele>58.4</ele><time>2025-01-31T13:47:18.000Z</time></trkpt>
      <trkpt lat="52.982370" lon="-1.478738"><ele>58.4</ele><time>2025-01-31T13:47:19.000Z</time></trkpt>
      <trkpt lat="52.982378" lon="-1.478758"><ele>58.4</ele><time>2025-01-31T13:47:20.000Z</time></trkpt>
      <trkpt lat="52.982388" lon="-1.478778"><ele>58.6</ele><time>2025-01-31T13:47:21.000Z</time></trkpt>
      <trkpt lat="52.982397" lon="-1.478797"><ele>58.6</ele><time>2025-01-31T13:47:22.000Z</time></trkpt>
      <trkpt lat="52.982405" lon="-1.478817"><ele>58.6</ele><time>2025-01-31T13:47:23.000Z</time></trkpt>
      <trkpt lat="52.982413" lon="-1.478839"><ele>58.6</ele><time>2025-01-31T13:47:24.000Z</time></trkpt>
      <trkpt lat="52.982420" lon="-1.478860"><ele>58.6</ele><time>2025-01-31T13:47:25.000Z</time></trkpt>
      <trkpt lat="52.982428" lon="-1.478879"><ele>58.6</ele><time>2025-01-31T13:47:26.000Z</time></trkpt>
      <trkpt lat="52.982439" lon="-1.478896"><ele>58.6</ele><time>2025-01-31T13:47:27.000Z</time></trkpt>
      <trkpt lat="52.982450" lon="-1.478910"><ele>58.4</ele><time>2025-01-31T13:47:28.000Z</time></trkpt>
      <trkpt lat="52.982462" lon="-1.478924"><ele>58.4</ele><time>2025-01-31T13:47:29.000Z</time></trkpt>
      <trkpt lat="52.982475" lon="-1.478937"><ele>58.4</ele><time>2025-01-31T13:47:30.000Z</time></trkpt>
      <trkpt lat="52.982489" lon="-1.478948"><ele>58.4</ele><time>2025-01-31T13:47:31.000Z</time></trkpt>
      <trkpt lat="52.982502" lon="-1.478959"><ele>58.4</ele><time>2025-01-31T13:47:32.000Z</time></trkpt>
      <trkpt lat="52.982516" lon="-1.478969"><ele>58.4</ele><time>2025-01-31T13:47:33.000Z</time></trkpt>
      <trkpt lat="52.982530" lon="-1.478978"><ele>58.4</ele><time>2025-01-31T13:47:34.000Z</time></trkpt>
      <trkpt lat="52.982544" lon="-1.478986"><ele>58.2</ele><time>2025-01-31T13:47:35.000Z</time></trkpt>
      <trkpt lat="52.982559" lon="-1.478994"><ele>58.2</ele><time>2025-01-31T13:47:36.000Z</time></trkpt>
      <trkpt lat="52.982573" lon="-1.479003"><ele>58.2</ele><time>2025-01-31T13:47:37.000Z</time></trkpt>
      <trkpt lat="52.982587" lon="-1.479013"><ele>58.2</ele><time>2025-01-31T13:47:38.000Z</time></trkpt>
      <trkpt lat="52.982601" lon="-1.479024"><ele>58.0</ele><time>2025-01-31T13:47:39.000Z</time></trkpt>
      <trkpt lat="52.982614" lon="-1.479033"><ele>58.0</ele><time>2025-01-31T13:47:40.000Z</time></trkpt>
      <trkpt lat="52.982628" lon="-1.479041"><ele>58.0</ele><time>2025-01-31T13:47:41.000Z</time></trkpt>
      <trkpt lat="52.982642" lon="-1.479048"><ele>58.0</ele><time>2025-01-31T13:47:42.000Z</time></trkpt>
      <trkpt lat="52.982657" lon="-1.479055"><ele>57.8</ele><time>2025-01-31T13:47:43.000Z</time></trkpt>
      <trkpt lat="52.982671" lon="-1.479060"><ele>57.8</ele><time>2025-01-31T13:47:44.000Z</time></trkpt>
      <trkpt lat="52.982685" lon="-1.479065"><ele>57.8</ele><time>2025-01-31T13:47:45.000Z</time></trkpt>
      <trkpt lat="52.982699" lon="-1.479068"><ele>57.8</ele><time>2025-01-31T13:47:46.000Z</time></trkpt>
      <trkpt lat="52.982714" lon="-1.479071"><ele>57.6</ele><time>2025-01-31T13:47:47.000Z</time></trkpt>
      <trkpt lat="52.982729" lon="-1.479073"><ele>57.6</ele><time>2025-01-31T13:47:48.000Z</time></trkpt>
      <trkpt lat="52.982743" lon="-1.479073"><ele>57.6</ele><time>2025-01-31T13:47:49.000Z</time></trkpt>
      <trkpt lat="52.982758" lon="-1.479072"><ele>57.8</ele><time>2025-01-31T13:47:50.000Z</time></trkpt>
      <trkpt lat="52.982772" lon="-1.479071"><ele>57.8</ele><time>2025-01-31T13:47:51.000Z</time></trkpt>
      <trkpt lat="52.982786" lon="-1.479069"><ele>57.8</ele><time>2025-01-31T13:47:52.000Z</time></trkpt>
      <trkpt lat="52.982800" lon="-1.479067"><ele>57.8</ele><time>2025-01-31T13:47:53.000Z</time></trkpt>
      <trkpt lat="52.982814" lon="-1.479066"><ele>58.0</ele><time>2025-01-31T13:47:54.000Z</time></trkpt>
      <trkpt lat="52.982827" lon="-1.479063"><ele>58.0</ele><time>2025-01-31T13:47:55.000Z</time></trkpt>
      <trkpt lat="52.982840" lon="-1.479060"><ele>58.0</ele><time>2025-01-31T13:47:56.000Z</time></trkpt>
      <trkpt lat="52.982852" lon="-1.479057"><ele>58.0</ele><time>2025-01-31T13:47:57.000Z</time></trkpt>
      <trkpt lat="52.982863" lon="-1.479052"><ele>58.0</ele><time>2025-01-31T13:47:58.000Z</time></trkpt>
      <trkpt lat="52.982870" lon="-1.479048"><ele>58.0</ele><time>2025-01-31T13:47:59.000Z</time></trkpt>
      <trkpt lat="52.982867" lon="-1.479046"><ele>58.0</ele><time>2025-01-31T13:48:00.000Z</time></trkpt>
      <trkpt lat="52.982854" lon="-1.479046"><ele>58.0</ele><time>2025-01-31T13:48:01.000Z</time></trkpt>
      <trkpt lat="52.982837" lon="-1.479046"><ele>58.0</ele><time>2025-01-31T13:48:02.000Z</time></trkpt>
      <trkpt lat="52.982820" lon="-1.479045"><ele>57.8</ele><time>2025-01-31T13:48:03.000Z</time></trkpt>
      <trkpt lat="52.982804" lon="-1.479043"><ele>57.8</ele><time>2025-01-31T13:48:04.000Z</time></trkpt>
      <trkpt lat="52.982788" lon="-1.479042"><ele>57.8</ele><time>2025-01-31T13:48:05.000Z</time></trkpt>
      <trkpt lat="52.982773" lon="-1.479041"><ele>57.6</ele><time>2025-01-31T13:48:06.000Z</time></trkpt>
      <trkpt lat="52.982759" lon="-1.479040"><ele>57.6</ele><time>2025-01-31T13:48:07.000Z</time></trkpt>
      <trkpt lat="52.982744" lon="-1.479039"><ele>57.6</ele><time>2025-01-31T13:48:08.000Z</time></trkpt>
      <trkpt lat="52.982729" lon="-1.479037"><ele>57.4</ele><time>2025-01-31T13:48:09.000Z</time></trkpt>
      <trkpt lat="52.982714" lon="-1.479035"><ele>57.4</ele><time>2025-01-31T13:48:10.000Z</time></trkpt>
      <trkpt lat="52.982700" lon="-1.479032"><ele>57.4</ele><time>2025-01-31T13:48:11.000Z</time></trkpt>
      <trkpt lat="52.982686" lon="-1.479028"><ele>57.4</ele><time>2025-01-31T13:48:12.000Z</time></trkpt>
      <trkpt lat="52.982671" lon="-1.479024"><ele>57.4</ele><time>2025-01-31T13:48:13.000Z</time></trkpt>
      <trkpt lat="52.982657" lon="-1.479020"><ele>57.4</ele><time>2025-01-31T13:48:14.000Z</time></trkpt>
      <trkpt lat="52.982642" lon="-1.479017"><ele>57.4</ele><time>2025-01-31T13:48:15.000Z</time></trkpt>
      <trkpt lat="52.982628" lon="-1.479014"><ele>57.4</ele><time>2025-01-31T13:48:16.000Z</time></trkpt>
      <trkpt lat="52.982613" lon="-1.479011"><ele>57.4</ele><time>2025-01-31T13:48:17.000Z</time></trkpt>
      <trkpt lat="52.982598" lon="-1.479006"><ele>57.4</ele><time>2025-01-31T13:48:18.000Z</time></trkpt>
      <trkpt lat="52.982584" lon="-1.479001"><ele>57.4</ele><time>2025-01-31T13:48:19.000Z</time></trkpt>
      <trkpt lat="52.982570" lon="-1.478995"><ele>57.6</ele><time>2025-01-31T13:48:20.000Z</time></trkpt>
      <trkpt lat="52.982556" lon="-1.478987"><ele>57.6</ele><time>2025-01-31T13:48:21.000Z</time></trkpt>
      <trkpt lat="52.982542" lon="-1.478978"><ele>57.6</ele><time>2025-01-31T13:48:22.000Z</time></trkpt>
      <trkpt lat="52.982529" lon="-1.478967"><ele>57.6</ele><time>2025-01-31T13:48:23.000Z</time></trkpt>
      <trkpt lat="52.982517" lon="-1.478953"><ele>57.8</ele><time>2025-01-31T13:48:24.000Z</time></trkpt>
      <trkpt lat="52.982505" lon="-1.478938"><ele>57.8</ele><time>2025-01-31T13:48:25.000Z</time></trkpt>
      <trkpt lat="52.982495" lon="-1.478922"><ele>57.8</ele><time>2025-01-31T13:48:26.000Z</time></trkpt>
      <trkpt lat="52.982484" lon="-1.478907"><ele>58.0</ele><time>2025-01-31T13:48:27.000Z</time></trkpt>
      <trkpt lat="52.982473" lon="-1.478892"><ele>58.0</ele><time>2025-01-31T13:48:28.000Z</time></trkpt>
      <trkpt lat="52.982462" lon="-1.478878"><ele>58.0</ele><time>2025-01-31T13:48:29.000Z</time></trkpt>
      <trkpt lat="52.982452" lon="-1.478862"><ele>58.2</ele><time>2025-01-31T13:48:30.000Z</time></trkpt>
      <trkpt lat="52.982442" lon="-1.478847"><ele>58.2</ele><time>2025-01-31T13:48:31.000Z</time></trkpt>
      <trkpt lat="52.982432" lon="-1.478830"><ele>58.2</ele><time>2025-01-31T13:48:32.000Z</time></trkpt>
      <trkpt lat="52.982422" lon="-1.478813"><ele>58.4</ele><time>2025-01-31T13:48:33.000Z</time></trkpt>
      <trkpt lat="52.982412" lon="-1.478797"><ele>58.4</ele><time>2025-01-31T13:48:34.000Z</time></trkpt>
      <trkpt lat="52.982401" lon="-1.478781"><ele>58.4</ele><time>2025-01-31T13:48:35.000Z</time></trkpt>
      <trkpt lat="52.982391" lon="-1.478767"><ele>58.6</ele><time>2025-01-31T13:48:36.000Z</time></trkpt>
      <trkpt lat="52.982381" lon="-1.478752"><ele>58.6</ele><time>2025-01-31T13:48:37.000Z</time></trkpt>
      <trkpt lat="52.982371" lon="-1.478736"><ele>58.6</ele><time>2025-01-31T13:48:38.000Z</time></trkpt>
      <trkpt lat="52.982363" lon="-1.478719"><ele>58.8</ele><time>2025-01-31T13:48:39.000Z</time></trkpt>
      <trkpt lat="52.982354" lon="-1.478702"><ele>58.8</ele><time>2025-01-31T13:48:40.000Z</time></trkpt>
      <trkpt lat="52.982345" lon="-1.478684"><ele>58.8</ele><time>2025-01-31T13:48:41.000Z</time></trkpt>
      <trkpt lat="52.982338" lon="-1.478665"><ele>59.0</ele><time>2025-01-31T13:48:42.000Z</time></trkpt>
      <trkpt lat="52.982330" lon="-1.478644"><ele>59.0</ele><time>2025-01-31T13:48:43.000Z</time></trkpt>
      <trkpt lat="52.982324" lon="-1.478622"><ele>59.0</ele><time>2025-01-31T13:48:44.000Z</time></trkpt>
      <trkpt lat="52.982318" lon="-1.478601"><ele>59.2</ele><time>2025-01-31T13:48:45.000Z</time></trkpt>
      <trkpt lat="52.982313" lon="-1.478579"><ele>59.2</ele><time>2025-01-31T13:48:46.000Z</time></trkpt>
      <trkpt lat="52.982309" lon="-1.478559"><ele>59.2</ele><time>2025-01-31T13:48:47.000Z</time></trkpt>
      <trkpt lat="52.982305" lon="-1.478541"><ele>59.4</ele><time>2025-01-31T13:48:48.000Z</time></trkpt>
      <trkpt lat="52.982301" lon="-1.478522"><ele>59.4</ele><time>2025-01-31T13:48:49.000Z</time></trkpt>
      <trkpt lat="52.982296" lon="-1.478502"><ele>59.4</ele><time>2025-01-31T13:48:50.000Z</time></trkpt>
      <trkpt lat="52.982290" lon="-1.478481"><ele>59.4</ele><time>2025-01-31T13:48:51.000Z</time></trkpt>
      <trkpt lat="52.982283" lon="-1.478460"><ele>59.6</ele><time>2025-01-31T13:48:52.000Z</time></trkpt>
      <trkpt lat="52.982276" lon="-1.478440"><ele>59.6</ele><time>2025-01-31T13:48:53.000Z</time></trkpt>
      <trkpt lat="52.982269" lon="-1.478422"><ele>59.6</ele><time>2025-01-31T13:48:54.000Z</time></trkpt>
      <trkpt lat="52.982262" lon="-1.478404"><ele>59.8</ele><time>2025-01-31T13:48:55.000Z</time></trkpt>
      <trkpt lat="52.982254" lon="-1.478388"><ele>59.8</ele><time>2025-01-31T13:48:56.000Z</time></trkpt>
      <trkpt lat="52.982245" lon="-1.478371"><ele>60.0</ele><time>2025-01-31T13:48:57.000Z</time></trkpt>
      <trkpt lat="52.982235" lon="-1.478354"><ele>60.0</ele><time>2025-01-31T13:48:58.000Z</time></trkpt>
      <trkpt lat="52.982226" lon="-1.478336"><ele>60.2</ele><time>2025-01-31T13:48:59.000Z</time></trkpt>
      <trkpt lat="52.982217" lon="-1.478318"><ele>60.2</ele><time>2025-01-31T13:49:00.000Z</time></trkpt>
      <trkpt lat="52.982210" lon="-1.478300"><ele>60.4</ele><time>2025-01-31T13:49:01.000Z</time></trkpt>
      <trkpt lat="52.982203" lon="-1.478281"><ele>60.4</ele><time>2025-01-31T13:49:02.000Z</time></trkpt>
      <trkpt lat="52.982195" lon="-1.478263"><ele>60.6</ele><time>2025-01-31T13:49:03.000Z</time></trkpt>
      <trkpt lat="52.982188" lon="-1.478244"><ele>60.8</ele><time>2025-01-31T13:49:04.000Z</time></trkpt>
      <trkpt lat="52.982181" lon="-1.478224"><ele>60.8</ele><time>2025-01-31T13:49:05.000Z</time></trkpt>
      <trkpt lat="52.982174" lon="-1.478205"><ele>61.0</ele><time>2025-01-31T13:49:06.000Z</time></trkpt>
      <trkpt lat="52.982168" lon="-1.478185"><ele>61.2</ele><time>2025-01-31T13:49:07.000Z</time></trkpt>
      <trkpt lat="52.982162" lon="-1.478166"><ele>61.2</ele><time>2025-01-31T13:49:08.000Z</time></trkpt>
      <trkpt lat="52.982156" lon="-1.478149"><ele>61.4</ele><time>2025-01-31T13:49:09.000Z</time></trkpt>
      <trkpt lat="52.982151" lon="-1.478131"><ele>61.6</ele><time>2025-01-31T13:49:10.000Z</time></trkpt>
      <trkpt lat="52.982145" lon="-1.478112"><ele>61.8</ele><time>2025-01-31T13:49:11.000Z</time></trkpt>
      <trkpt lat="52.982139" lon="-1.478090"><ele>61.8</ele><time>2025-01-31T13:49:12.000Z</time></trkpt>
      <trkpt lat="52.982132" lon="-1.478068"><ele>62.0</ele><time>2025-01-31T13:49:13.000Z</time></trkpt>
      <trkpt lat="52.982126" lon="-1.478047"><ele>62.2</ele><time>2025-01-31T13:49:14.000Z</time></trkpt>
      <trkpt lat="52.982120" lon="-1.478027"><ele>62.2</ele><time>2025-01-31T13:49:15.000Z</time></trkpt>
      <trkpt lat="52.982114" lon="-1.478007"><ele>62.4</ele><time>2025-01-31T13:49:16.000Z</time></trkpt>
      <trkpt lat="52.982109" lon="-1.477989"><ele>62.6</ele><time>2025-01-31T13:49:17.000Z</time></trkpt>
      <trkpt lat="52.982103" lon="-1.477970"><ele>62.8</ele><time>2025-01-31T13:49:18.000Z</time></trkpt>
      <trkpt lat="52.982098" lon="-1.477949"><ele>62.8</ele><time>2025-01-31T13:49:19.000Z</time></trkpt>
      <trkpt lat="52.982093" lon="-1.477927"><ele>63.0</ele><time>2025-01-31T13:49:20.000Z</time></trkpt>
      <trkpt lat="52.982089" lon="-1.477905"><ele>63.2</ele><time>2025-01-31T13:49:21.000Z</time></trkpt>
      <trkpt lat="52.982085" lon="-1.477885"><ele>63.4</ele><time>2025-01-31T13:49:22.000Z</time></trkpt>
      <trkpt lat="52.982081" lon="-1.477867"><ele>63.6</ele><time>2025-01-31T13:49:23.000Z</time></trkpt>
      <trkpt lat="52.982077" lon="-1.477849"><ele>63.6</ele><time>2025-01-31T13:49:24.000Z</time></trkpt>
      <trkpt lat="52.982072" lon="-1.477829"><ele>63.8</ele><time>2025-01-31T13:49:25.000Z</time></trkpt>
      <trkpt lat="52.982066" lon="-1.477809"><ele>64.0</ele><time>2025-01-31T13:49:26.000Z</time></trkpt>
      <trkpt lat="52.982059" lon="-1.477789"><ele>64.2</ele><time>2025-01-31T13:49:27.000Z</time></trkpt>
      <trkpt lat="52.982053" lon="-1.477770"><ele>64.4</ele><time>2025-01-31T13:49:28.000Z</time></trkpt>
      <trkpt lat="52.982046" lon="-1.477753"><ele>64.4</ele><time>2025-01-31T13:49:29.000Z</time></trkpt>
      <trkpt lat="52.982039" lon="-1.477740"><ele>64.6</ele><time>2025-01-31T13:49:30.000Z</time></trkpt>
      <trkpt lat="52.982032" lon="-1.477727"><ele>64.8</ele><time>2025-01-31T13:49:31.000Z</time></trkpt>
      <trkpt lat="52.982024" lon="-1.477712"><ele>65.0</ele><time>2025-01-31T13:49:32.000Z</time></trkpt>
      <trkpt lat="52.982016" lon="-1.477696"><ele>65.0</ele><time>2025-01-31T13:49:33.000Z</time></trkpt>
      <trkpt lat="52.982008" lon="-1.477679"><ele>65.2</ele><time>2025-01-31T13:49:34.000Z</time></trkpt>
      <trkpt lat="52.982001" lon="-1.477662"><ele>65.4</ele><time>2025-01-31T13:49:35.000Z</time></trkpt>
      <trkpt lat="52.981994" lon="-1.477645"><ele>65.4</ele><time>2025-01-31T13:49:36.000Z</time></trkpt>
      <trkpt lat="52.981987" lon="-1.477626"><ele>65.6</ele><time>2025-01-31T13:49:37.000Z</time></trkpt>
      <trkpt lat="52.981979" lon="-1.477606"><ele>65.8</ele><time>2025-01-31T13:49:38.000Z</time></trkpt>
      <trkpt lat="52.981972" lon="-1.477586"><ele>65.8</ele><time>2025-01-31T13:49:39.000Z</time></trkpt>
      <trkpt lat="52.981966" lon="-1.477566"><ele>66.0</ele><time>2025-01-31T13:49:40.000Z</time></trkpt>
      <trkpt lat="52.981961" lon="-1.477547"><ele>66.2</ele><time>2025-01-31T13:49:41.000Z</time></trkpt>
      <trkpt lat="52.981955" lon="-1.477530"><ele>66.2</ele><time>2025-01-31T13:49:42.000Z</time></trkpt>
      <trkpt lat="52.981949" lon="-1.477512"><ele>66.4</ele><time>2025-01-31T13:49:43.000Z</time></trkpt>
      <trkpt lat="52.981943" lon="-1.477493"><ele>66.6</ele><time>2025-01-31T13:49:44.000Z</time></trkpt>
      <trkpt lat="52.981936" lon="-1.477476"><ele>66.8</ele><time>2025-01-31T13:49:45.000Z</time></trkpt>
      <trkpt lat="52.981930" lon="-1.477458"><ele>66.8</ele><time>2025-01-31T13:49:46.000Z</time></trkpt>
      <trkpt lat="52.981925" lon="-1.477442"><ele>67.0</ele><time>2025-01-31T13:49:47.000Z</time></trkpt>
      <trkpt lat="52.981920" lon="-1.477428"><ele>67.2</ele><time>2025-01-31T13:49:48.000Z</time></trkpt>
      <trkpt lat="52.981915" lon="-1.477412"><ele>67.4</ele><time>2025-01-31T13:49:49.000Z</time></trkpt>
      <trkpt lat="52.981909" lon="-1.477395"><ele>67.6</ele><time>2025-01-31T13:49:50.000Z</time></trkpt>
      <trkpt lat="52.981904" lon="-1.477377"><ele>67.8</ele><time>2025-01-31T13:49:51.000Z</time></trkpt>
      <trkpt lat="52.981898" lon="-1.477359"><ele>68.0</ele><time>2025-01-31T13:49:52.000Z</time></trkpt>
      <trkpt lat="52.981892" lon="-1.477343"><ele>68.2</ele><time>2025-01-31T13:49:53.000Z</time></trkpt>
      <trkpt lat="52.981886" lon="-1.477327"><ele>68.4</ele><time>2025-01-31T13:49:54.000Z</time></trkpt>
      <trkpt lat="52.981880" lon="-1.477309"><ele>68.6</ele><time>2025-01-31T13:49:55.000Z</time></trkpt>
      <trkpt lat="52.981873" lon="-1.477289"><ele>68.8</ele><time>2025-01-31T13:49:56.000Z</time></trkpt>
      <trkpt lat="52.981867" lon="-1.477270"><ele>69.0</ele><time>2025-01-31T13:49:57.000Z</time></trkpt>
      <trkpt lat="52.981862" lon="-1.477251"><ele>69.2</ele><time>2025-01-31T13:49:58.000Z</time></trkpt>
      <trkpt lat="52.981857" lon="-1.477233"><ele>69.4</ele><time>2025-01-31T13:49:59.000Z</time></trkpt>
      <trkpt lat="52.981852" lon="-1.477216"><ele>69.6</ele><time>2025-01-31T13:50:00.000Z</time></trkpt>
      <trkpt lat="52.981846" lon="-1.477200"><ele>69.8</ele><time>2025-01-31T13:50:01.000Z</time></trkpt>
      <trkpt lat="52.981839" lon="-1.477183"><ele>70.0</ele><time>2025-01-31T13:50:02.000Z</time></trkpt>
      <trkpt lat="52.981832" lon="-1.477165"><ele>70.2</ele><time>2025-01-31T13:50:03.000Z</time></trkpt>
      <trkpt lat="52.981826" lon="-1.477148"><ele>70.4</ele><time>2025-01-31T13:50:04.000Z</time></trkpt>
      <trkpt lat="52.981820" lon="-1.477133"><ele>70.6</ele><time>2025-01-31T13:50:05.000Z</time></trkpt>
      <trkpt lat="52.981814" lon="-1.477119"><ele>70.8</ele><time>2025-01-31T13:50:06.000Z</time></trkpt>
      <trkpt lat="52.981807" lon="-1.477103"><ele>71.0</ele><time>2025-01-31T13:50:07.000Z</time></trkpt>
      <trkpt lat="52.981800" lon="-1.477084"><ele>71.2</ele><time>2025-01-31T13:50:08.000Z</time></trkpt>
      <trkpt lat="52.981793" lon="-1.477066"><ele>71.4</ele><time>2025-01-31T13:50:09.000Z</time></trkpt>
      <trkpt lat="52.981786" lon="-1.477048"><ele>71.6</ele><time>2025-01-31T13:50:10.000Z</time></trkpt>
      <trkpt lat="52.981779" lon="-1.477031"><ele>71.8</ele><time>2025-01-31T13:50:11.000Z</time></trkpt>
      <trkpt lat="52.981773" lon="-1.477013"><ele>72.0</ele><time>2025-01-31T13:50:12.000Z</time></trkpt>
      <trkpt lat="52.981766" lon="-1.476995"><ele>72.2</ele><time>2025-01-31T13:50:13.000Z</time></trkpt>
      <trkpt lat="52.981759" lon="-1.476976"><ele>72.4</ele><time>2025-01-31T13:50:14.000Z</time></trkpt>
      <trkpt lat="52.981753" lon="-1.476957"><ele>72.6</ele><time>2025-01-31T13:50:15.000Z</time></trkpt>
      <trkpt lat="52.981747" lon="-1.476940"><ele>72.8</ele><time>2025-01-31T13:50:16.000Z</time></trkpt>
      <trkpt lat="52.981742" lon="-1.476924"><ele>73.0</ele><time>2025-01-31T13:50:17.000Z</time></trkpt>
      <trkpt lat="52.981738" lon="-1.476906"><ele>73.2</ele><time>2025-01-31T13:50:18.000Z</time></trkpt>
      <trkpt lat="52.981733" lon="-1.476886"><ele>73.4</ele><time>2025-01-31T13:50:19.000Z</time></trkpt>
      <trkpt lat="52.981728" lon="-1.476866"><ele>73.6</ele><time>2025-01-31T13:50:20.000Z</time></trkpt>
      <trkpt lat="52.981723" lon="-1.476846"><ele>73.8</ele><time>2025-01-31T13:50:21.000Z</time></trkpt>
      <trkpt lat="52.981719" lon="-1.476829"><ele>74.0</ele><time>2025-01-31T13:50:22.000Z</time></trkpt>
      <trkpt lat="52.981715" lon="-1.476812"><ele>74.2</ele><time>2025-01-31T13:50:23.000Z</time></trkpt>
      <trkpt lat="52.981711" lon="-1.476794"><ele>74.4</ele><time>2025-01-31T13:50:24.000Z</time></trkpt>
      <trkpt lat="52.981705" lon="-1.476776"><ele>74.6</ele><time>2025-01-31T13:50:25.000Z</time></trkpt>
      <trkpt lat="52.981700" lon="-1.476758"><ele>74.8</ele><time>2025-01-31T13:50:26.000Z</time></trkpt>
      <trkpt lat="52.981695" lon="-1.476741"><ele>75.0</ele><time>2025-01-31T13:50:27.000Z</time></trkpt>
      <trkpt lat="52.981689" lon="-1.476727"><ele>75.2</ele><time>2025-01-31T13:50:28.000Z</time></trkpt>
      <trkpt lat="52.981683" lon="-1.476712"><ele>75.4</ele><time>2025-01-31T13:50:29.000Z</time></trkpt>
      <trkpt lat="52.981677" lon="-1.476696"><ele>75.6</ele><time>2025-01-31T13:50:30.000Z</time></trkpt>
      <trkpt lat="52.981669" lon="-1.476678"><ele>75.8</ele><time>2025-01-31T13:50:31.000Z</time></trkpt>
      <trkpt lat="52.981662" lon="-1.476661"><ele>76.0</ele><time>2025-01-31T13:50:32.000Z</time></trkpt>
      <trkpt lat="52.981654" lon="-1.476646"><ele>76.2</ele><time>2025-01-31T13:50:33.000Z</time></trkpt>
      <trkpt lat="52.981646" lon="-1.476632"><ele>76.4</ele><time>2025-01-31T13:50:34.000Z</time></trkpt>
      <trkpt lat="52.981638" lon="-1.476620"><ele>76.6</ele><time>2025-01-31T13:50:35.000Z</time></trkpt>
      <trkpt lat="52.981630" lon="-1.476607"><ele>76.6</ele><time>2025-01-31T13:50:36.000Z</time></trkpt>
      <trkpt lat="52.981621" lon="-1.476593"><ele>76.8</ele><time>2025-01-31T13:50:37.000Z</time></trkpt>
      <trkpt lat="52.981610" lon="-1.476579"><ele>77.0</ele><time>2025-01-31T13:50:38.000Z</time></trkpt>
      <trkpt lat="52.981598" lon="-1.476565"><ele>77.0</ele><time>2025-01-31T13:50:39.000Z</time></trkpt>
      <trkpt lat="52.981587" lon="-1.476553"><ele>77.2</ele><time>2025-01-31T13:50:40.000Z</time></trkpt>
      <trkpt lat="52.981576" lon="-1.476544"><ele>77.2</ele><time>2025-01-31T13:50:41.000Z</time></trkpt>
      <trkpt lat="52.981565" lon="-1.476536"><ele>77.4</ele><time>2025-01-31T13:50:42.000Z</time></trkpt>
      <trkpt lat="52.981551" lon="-1.476531"><ele>77.4</ele><time>2025-01-31T13:50:43.000Z</time></trkpt>
      <trkpt lat="52.981537" lon="-1.476527"><ele>77.6</ele><time>2025-01-31T13:50:44.000Z</time></trkpt>
      <trkpt lat="52.981521" lon="-1.476523"><ele>77.6</ele><time>2025-01-31T13:50:45.000Z</time></trkpt>
      <trkpt lat="52.981506" lon="-1.476518"><ele>77.6</ele><time>2025-01-31T13:50:46.000Z</time></trkpt>
      <trkpt lat="52.981493" lon="-1.476513"><ele>77.8</ele><time>2025-01-31T13:50:47.000Z</time></trkpt>
      <trkpt lat="52.981480" lon="-1.476508"><ele>77.8</ele><time>2025-01-31T13:50:48.000Z</time></trkpt>
      <trkpt lat="52.981466" lon="-1.476504"><ele>77.8</ele><time>2025-01-31T13:50:49.000Z</time></trkpt>
      <trkpt lat="52.981453" lon="-1.476499"><ele>77.8</ele><time>2025-01-31T13:50:50.000Z</time></trkpt>
      <trkpt lat="52.981439" lon="-1.476495"><ele>77.8</ele><time>2025-01-31T13:50:51.000Z</time></trkpt>
      <trkpt lat="52.981425" lon="-1.476491"><ele>78.0</ele><time>2025-01-31T13:50:52.000Z</time></trkpt>
      <trkpt lat="52.981411" lon="-1.476488"><ele>78.0</ele><time>2025-01-31T13:50:53.000Z</time></trkpt>
      <trkpt lat="52.981398" lon="-1.476485"><ele>78.0</ele><time>2025-01-31T13:50:54.000Z</time></trkpt>
      <trkpt lat="52.981385" lon="-1.476482"><ele>78.2</ele><time>2025-01-31T13:50:55.000Z</time></trkpt>
      <trkpt lat="52.981372" lon="-1.476477"><ele>78.2</ele><time>2025-01-31T13:50:56.000Z</time></trkpt>
      <trkpt lat="52.981360" lon="-1.476470"><ele>78.2</ele><time>2025-01-31T13:50:57.000Z</time></trkpt>
      <trkpt lat="52.981349" lon="-1.476463"><ele>78.2</ele><time>2025-01-31T13:50:58.000Z</time></trkpt>
      <trkpt lat="52.981337" lon="-1.476456"><ele>78.4</ele><time>2025-01-31T13:50:59.000Z</time></trkpt>
      <trkpt lat="52.981323" lon="-1.476449"><ele>78.4</ele><time>2025-01-31T13:51:00.000Z</time></trkpt>
      <trkpt lat="52.981310" lon="-1.476443"><ele>78.4</ele><time>2025-01-31T13:51:01.000Z</time></trkpt>
      <trkpt lat="52.981296" lon="-1.476436"><ele>78.4</ele><time>2025-01-31T13:51:02.000Z</time></trkpt>
      <trkpt lat="52.981283" lon="-1.476429"><ele>78.6</ele><time>2025-01-31T13:51:03.000Z</time></trkpt>
      <trkpt lat="52.981269" lon="-1.476422"><ele>78.6</ele><time>2025-01-31T13:51:04.000Z</time></trkpt>
      <trkpt lat="52.981255" lon="-1.476414"><ele>78.6</ele><time>2025-01-31T13:51:05.000Z</time></trkpt>
      <trkpt lat="52.981243" lon="-1.476406"><ele>78.8</ele><time>2025-01-31T13:51:06.000Z</time></trkpt>
      <trkpt lat="52.981231" lon="-1.476399"><ele>78.8</ele><time>2025-01-31T13:51:07.000Z</time></trkpt>
      <trkpt lat="52.981219" lon="-1.476393"><ele>78.8</ele><time>2025-01-31T13:51:08.000Z</time></trkpt>
      <trkpt lat="52.981206" lon="-1.476387"><ele>79.0</ele><time>2025-01-31T13:51:09.000Z</time></trkpt>
      <trkpt lat="52.981195" lon="-1.476381"><ele>79.0</ele><time>2025-01-31T13:51:10.000Z</time></trkpt>
      <trkpt lat="52.981183" lon="-1.476374"><ele>79.2</ele><time>2025-01-31T13:51:11.000Z</time></trkpt>
      <trkpt lat="52.981171" lon="-1.476368"><ele>79.2</ele><time>2025-01-31T13:51:12.000Z</time></trkpt>
      <trkpt lat="52.981157" lon="-1.476364"><ele>79.2</ele><time>2025-01-31T13:51:13.000Z</time></trkpt>
      <trkpt lat="52.981144" lon="-1.476359"><ele>79.4</ele><time>2025-01-31T13:51:14.000Z</time></trkpt>
      <trkpt lat="52.981130" lon="-1.476354"><ele>79.4</ele><time>2025-01-31T13:51:15.000Z</time></trkpt>
      <trkpt lat="52.981117" lon="-1.476349"><ele>79.4</ele><time>2025-01-31T13:51:16.000Z</time></trkpt>
      <trkpt lat="52.981104" lon="-1.476344"><ele>79.6</ele><time>2025-01-31T13:51:17.000Z</time></trkpt>
      <trkpt lat="52.981089" lon="-1.476340"><ele>79.6</ele><time>2025-01-31T13:51:18.000Z</time></trkpt>
      <trkpt lat="52.981075" lon="-1.476337"><ele>79.6</ele><time>2025-01-31T13:51:19.000Z</time></trkpt>
      <trkpt lat="52.981060" lon="-1.476334"><ele>79.8</ele><time>2025-01-31T13:51:20.000Z</time></trkpt>
      <trkpt lat="52.981045" lon="-1.476331"><ele>79.8</ele><time>2025-01-31T13:51:21.000Z</time></trkpt>
      <trkpt lat="52.981030" lon="-1.476327"><ele>79.8</ele><time>2025-01-31T13:51:22.000Z</time></trkpt>
      <trkpt lat="52.981016" lon="-1.476322"><ele>80.0</ele><time>2025-01-31T13:51:23.000Z</time></trkpt>
      <trkpt lat="52.981002" lon="-1.476317"><ele>80.0</ele><time>2025-01-31T13:51:24.000Z</time></trkpt>
      <trkpt lat="52.980988" lon="-1.476313"><ele>80.0</ele><time>2025-01-31T13:51:25.000Z</time></trkpt>
      <trkpt lat="52.980974" lon="-1.476310"><ele>80.2</ele><time>2025-01-31T13:51:26.000Z</time></trkpt>
      <trkpt lat="52.980959" lon="-1.476307"><ele>80.2</ele><time>2025-01-31T13:51:27.000Z</time></trkpt>
      <trkpt lat="52.980945" lon="-1.476303"><ele>80.2</ele><time>2025-01-31T13:51:28.000Z</time></trkpt>
      <trkpt lat="52.980930" lon="-1.476299"><ele>80.4</ele><time>2025-01-31T13:51:29.000Z</time></trkpt>
      <trkpt lat="52.980916" lon="-1.476295"><ele>80.4</ele><time>2025-01-31T13:51:30.000Z</time></trkpt>
      <trkpt lat="52.980902" lon="-1.476289"><ele>80.4</ele><time>2025-01-31T13:51:31.000Z</time></trkpt>
      <trkpt lat="52.980888" lon="-1.476283"><ele>80.4</ele><time>2025-01-31T13:51:32.000Z</time></trkpt>
      <trkpt lat="52.980874" lon="-1.476277"><ele>80.6</ele><time>2025-01-31T13:51:33.000Z</time></trkpt>
      <trkpt lat="52.980860" lon="-1.476271"><ele>80.6</ele><time>2025-01-31T13:51:34.000Z</time></trkpt>
      <trkpt lat="52.980846" lon="-1.476264"><ele>80.6</ele><time>2025-01-31T13:51:35.000Z</time></trkpt>
      <trkpt lat="52.980833" lon="-1.476258"><ele>80.6</ele><time>2025-01-31T13:51:36.000Z</time></trkpt>
      <trkpt lat="52.980820" lon="-1.476252"><ele>80.6</ele><time>2025-01-31T13:51:37.000Z</time></trkpt>
      <trkpt lat="52.980806" lon="-1.476245"><ele>80.8</ele><time>2025-01-31T13:51:38.000Z</time></trkpt>
      <trkpt lat="52.980793" lon="-1.476239"><ele>80.8</ele><time>2025-01-31T13:51:39.000Z</time></trkpt>
      <trkpt lat="52.980779" lon="-1.476232"><ele>80.8</ele><time>2025-01-31T13:51:40.000Z</time></trkpt>
      <trkpt lat="52.980765" lon="-1.476226"><ele>80.8</ele><time>2025-01-31T13:51:41.000Z</time></trkpt>
      <trkpt lat="52.980751" lon="-1.476219"><ele>80.8</ele><time>2025-01-31T13:51:42.000Z</time></trkpt>
      <trkpt lat="52.980738" lon="-1.476212"><ele>80.8</ele><time>2025-01-31T13:51:43.000Z</time></trkpt>
      <trkpt lat="52.980724" lon="-1.476205"><ele>80.8</ele><time>2025-01-31T13:51:44.000Z</time></trkpt>
      <trkpt lat="52.980711" lon="-1.476197"><ele>80.8</ele><time>2025-01-31T13:51:45.000Z</time></trkpt>
      <trkpt lat="52.980697" lon="-1.476189"><ele>80.8</ele><time>2025-01-31T13:51:46.000Z</time></trkpt>
      <trkpt lat="52.980684" lon="-1.476180"><ele>80.8</ele><time>2025-01-31T13:51:47.000Z</time></trkpt>
      <trkpt lat="52.980671" lon="-1.476171"><ele>80.8</ele><time>2025-01-31T13:51:48.000Z</time></trkpt>
      <trkpt lat="52.980657" lon="-1.476164"><ele>80.8</ele><time>2025-01-31T13:51:49.000Z</time></trkpt>
      <trkpt lat="52.980644" lon="-1.476157"><ele>80.8</ele><time>2025-01-31T13:51:50.000Z</time></trkpt>
      <trkpt lat="52.980630" lon="-1.476151"><ele>80.6</ele><time>2025-01-31T13:51:51.000Z</time></trkpt>
      <trkpt lat="52.980615" lon="-1.476146"><ele>80.6</ele><time>2025-01-31T13:51:52.000Z</time></trkpt>
      <trkpt lat="52.980600" lon="-1.476141"><ele>80.6</ele><time>2025-01-31T13:51:53.000Z</time></trkpt>
      <trkpt lat="52.980586" lon="-1.476135"><ele>80.6</ele><time>2025-01-31T13:51:54.000Z</time></trkpt>
      <trkpt lat="52.980571" lon="-1.476128"><ele>80.6</ele><time>2025-01-31T13:51:55.000Z</time></trkpt>
      <trkpt lat="52.980556" lon="-1.476122"><ele>80.6</ele><time>2025-01-31T13:51:56.000Z</time></trkpt>
      <trkpt lat="52.980542" lon="-1.476116"><ele>80.6</ele><time>2025-01-31T13:51:57.000Z</time></trkpt>
      <trkpt lat="52.980528" lon="-1.476108"><ele>80.6</ele><time>2025-01-31T13:51:58.000Z</time></trkpt>
      <trkpt lat="52.980516" lon="-1.476098"><ele>80.6</ele><time>2025-01-31T13:51:59.000Z</time></trkpt>
      <trkpt lat="52.980504" lon="-1.476086"><ele>80.6</ele><time>2025-01-31T13:52:00.000Z</time></trkpt>
      <trkpt lat="52.980493" lon="-1.476075"><ele>80.6</ele><time>2025-01-31T13:52:01.000Z</time></trkpt>
      <trkpt lat="52.980481" lon="-1.476064"><ele>80.6</ele><time>2025-01-31T13:52:02.000Z</time></trkpt>
      <trkpt lat="52.980468" lon="-1.476053"><ele>80.6</ele><time>2025-01-31T13:52:03.000Z</time></trkpt>
      <trkpt lat="52.980456" lon="-1.476041"><ele>80.6</ele><time>2025-01-31T13:52:04.000Z</time></trkpt>
      <trkpt lat="52.980444" lon="-1.476030"><ele>80.6</ele><time>2025-01-31T13:52:05.000Z</time></trkpt>
      <trkpt lat="52.980431" lon="-1.476019"><ele>80.6</ele><time>2025-01-31T13:52:06.000Z</time></trkpt>
      <trkpt lat="52.980419" lon="-1.476008"><ele>80.6</ele><time>2025-01-31T13:52:07.000Z</time></trkpt>
      <trkpt lat="52.980406" lon="-1.475996"><ele>80.6</ele><time>2025-01-31T13:52:08.000Z</time></trkpt>
      <trkpt lat="52.980394" lon="-1.475984"><ele>80.6</ele><time>2025-01-31T13:52:09.000Z</time></trkpt>
      <trkpt lat="52.980382" lon="-1.475970"><ele>80.4</ele><time>2025-01-31T13:52:10.000Z</time></trkpt>
      <trkpt lat="52.980371" lon="-1.475956"><ele>80.4</ele><time>2025-01-31T13:52:11.000Z</time></trkpt>
      <trkpt lat="52.980360" lon="-1.475943"><ele>80.4</ele><time>2025-01-31T13:52:12.000Z</time></trkpt>
      <trkpt lat="52.980350" lon="-1.475930"><ele>80.2</ele><time>2025-01-31T13:52:13.000Z</time></trkpt>
      <trkpt lat="52.980339" lon="-1.475918"><ele>80.2</ele><time>2025-01-31T13:52:14.000Z</time></trkpt>
      <trkpt lat="52.980327" lon="-1.475907"><ele>80.2</ele><time>2025-01-31T13:52:15.000Z</time></trkpt>
      <trkpt lat="52.980314" lon="-1.475895"><ele>80.0</ele><time>2025-01-31T13:52:16.000Z</time></trkpt>
      <trkpt lat="52.980302" lon="-1.475883"><ele>80.0</ele><time>2025-01-31T13:52:17.000Z</time></trkpt>
      <trkpt lat="52.980290" lon="-1.475871"><ele>80.0</ele><time>2025-01-31T13:52:18.000Z</time></trkpt>
      <trkpt lat="52.980278" lon="-1.475858"><ele>79.8</ele><time>2025-01-31T13:52:19.000Z</time></trkpt>
      <trkpt lat="52.980266" lon="-1.475844"><ele>79.8</ele><time>2025-01-31T13:52:20.000Z</time></trkpt>
      <trkpt lat="52.980255" lon="-1.475829"><ele>79.8</ele><time>2025-01-31T13:52:21.000Z</time></trkpt>
      <trkpt lat="52.980244" lon="-1.475814"><ele>79.6</ele><time>2025-01-31T13:52:22.000Z</time></trkpt>
      <trkpt lat="52.980232" lon="-1.475800"><ele>79.6</ele><time>2025-01-31T13:52:23.000Z</time></trkpt>
      <trkpt lat="52.980219" lon="-1.475787"><ele>79.6</ele><time>2025-01-31T13:52:24.000Z</time></trkpt>
      <trkpt lat="52.980207" lon="-1.475775"><ele>79.6</ele><time>2025-01-31T13:52:25.000Z</time></trkpt>
      <trkpt lat="52.980195" lon="-1.475763"><ele>79.6</ele><time>2025-01-31T13:52:26.000Z</time></trkpt>
      <trkpt lat="52.980185" lon="-1.475749"><ele>79.6</ele><time>2025-01-31T13:52:27.000Z</time></trkpt>
      <trkpt lat="52.980174" lon="-1.475734"><ele>79.8</ele><time>2025-01-31T13:52:28.000Z</time></trkpt>
      <trkpt lat="52.980163" lon="-1.475719"><ele>79.8</ele><time>2025-01-31T13:52:29.000Z</time></trkpt>
      <trkpt lat="52.980152" lon="-1.475704"><ele>79.8</ele><time>2025-01-31T13:52:30.000Z</time></trkpt>
      <trkpt lat="52.980141" lon="-1.475691"><ele>79.8</ele><time>2025-01-31T13:52:31.000Z</time></trkpt>
      <trkpt lat="52.980130" lon="-1.475679"><ele>79.8</ele><time>2025-01-31T13:52:32.000Z</time></trkpt>
      <trkpt lat="52.980118" lon="-1.475666"><ele>80.0</ele><time>2025-01-31T13:52:33.000Z</time></trkpt>
      <trkpt lat="52.980106" lon="-1.475652"><ele>80.0</ele><time>2025-01-31T13:52:34.000Z</time></trkpt>
      <trkpt lat="52.980093" lon="-1.475638"><ele>80.0</ele><time>2025-01-31T13:52:35.000Z</time></trkpt>
      <trkpt lat="52.980081" lon="-1.475624"><ele>80.0</ele><time>2025-01-31T13:52:36.000Z</time></trkpt>
      <trkpt lat="52.980069" lon="-1.475610"><ele>80.2</ele><time>2025-01-31T13:52:37.000Z</time></trkpt>
      <trkpt lat="52.980056" lon="-1.475597"><ele>80.2</ele><time>2025-01-31T13:52:38.000Z</time></trkpt>
      <trkpt lat="52.980045" lon="-1.475584"><ele>80.2</ele><time>2025-01-31T13:52:39.000Z</time></trkpt>
      <trkpt lat="52.980033" lon="-1.475572"><ele>80.4</ele><time>2025-01-31T13:52:40.000Z</time></trkpt>
      <trkpt lat="52.980022" lon="-1.475559"><ele>80.4</ele><time>2025-01-31T13:52:41.000Z</time></trkpt>
      <trkpt lat="52.980012" lon="-1.475547"><ele>80.4</ele><time>2025-01-31T13:52:42.000Z</time></trkpt>
      <trkpt lat="52.980001" lon="-1.475536"><ele>80.6</ele><time>2025-01-31T13:52:43.000Z</time></trkpt>
      <trkpt lat="52.979990" lon="-1.475524"><ele>80.6</ele><time>2025-01-31T13:52:44.000Z</time></trkpt>
      <trkpt lat="52.979979" lon="-1.475513"><ele>80.6</ele><time>2025-01-31T13:52:45.000Z</time></trkpt>
      <trkpt lat="52.979969" lon="-1.475502"><ele>80.6</ele><time>2025-01-31T13:52:46.000Z</time></trkpt>
      <trkpt lat="52.979959" lon="-1.475490"><ele>80.6</ele><time>2025-01-31T13:52:47.000Z</time></trkpt>
      <trkpt lat="52.979947" lon="-1.475476"><ele>80.6</ele><time>2025-01-31T13:52:48.000Z</time></trkpt>
      <trkpt lat="52.979936" lon="-1.475461"><ele>80.6</ele><time>2025-01-31T13:52:49.000Z</time></trkpt>
      <trkpt lat="52.979924" lon="-1.475445"><ele>80.6</ele><time>2025-01-31T13:52:50.000Z</time></trkpt>
      <trkpt lat="52.979912" lon="-1.475429"><ele>80.6</ele><time>2025-01-31T13:52:51.000Z</time></trkpt>
      <trkpt lat="52.979901" lon="-1.475414"><ele>80.4</ele><time>2025-01-31T13:52:52.000Z</time></trkpt>
      <trkpt lat="52.979890" lon="-1.475400"><ele>80.4</ele><time>2025-01-31T13:52:53.000Z</time></trkpt>
      <trkpt lat="52.979880" lon="-1.475385"><ele>80.4</ele><time>2025-01-31T13:52:54.000Z</time></trkpt>
      <trkpt lat="52.979869" lon="-1.475372"><ele>80.2</ele><time>2025-01-31T13:52:55.000Z</time></trkpt>
      <trkpt lat="52.979859" lon="-1.475358"><ele>80.2</ele><time>2025-01-31T13:52:56.000Z</time></trkpt>
      <trkpt lat="52.979849" lon="-1.475344"><ele>80.0</ele><time>2025-01-31T13:52:57.000Z</time></trkpt>
      <trkpt lat="52.979837" lon="-1.475330"><ele>80.0</ele><time>2025-01-31T13:52:58.000Z</time></trkpt>
      <trkpt lat="52.979826" lon="-1.475313"><ele>79.8</ele><time>2025-01-31T13:52:59.000Z</time></trkpt>
      <trkpt lat="52.979816" lon="-1.475296"><ele>79.8</ele><time>2025-01-31T13:53:00.000Z</time></trkpt>
      <trkpt lat="52.979805" lon="-1.475280"><ele>79.6</ele><time>2025-01-31T13:53:01.000Z</time></trkpt>
      <trkpt lat="52.979793" lon="-1.475264"><ele>79.6</ele><time>2025-01-31T13:53:02.000Z</time></trkpt>
      <trkpt lat="52.979782" lon="-1.475250"><ele>79.6</ele><time>2025-01-31T13:53:03.000Z</time></trkpt>
      <trkpt lat="52.979772" lon="-1.475234"><ele>79.4</ele><time>2025-01-31T13:53:04.000Z</time></trkpt>
      <trkpt lat="52.979763" lon="-1.475217"><ele>79.4</ele><time>2025-01-31T13:53:05.000Z</time></trkpt>
      <trkpt lat="52.979755" lon="-1.475201"><ele>79.4</ele><time>2025-01-31T13:53:06.000Z</time></trkpt>
      <trkpt lat="52.979745" lon="-1.475186"><ele>79.4</ele><time>2025-01-31T13:53:07.000Z</time></trkpt>
      <trkpt lat="52.979734" lon="-1.475172"><ele>79.4</ele><time>2025-01-31T13:53:08.000Z</time></trkpt>
      <trkpt lat="52.979722" lon="-1.475160"><ele>79.2</ele><time>2025-01-31T13:53:09.000Z</time></trkpt>
      <trkpt lat="52.979710" lon="-1.475148"><ele>79.2</ele><time>2025-01-31T13:53:10.000Z</time></trkpt>
      <trkpt lat="52.979698" lon="-1.475135"><ele>79.2</ele><time>2025-01-31T13:53:11.000Z</time></trkpt>
      <trkpt lat="52.979686" lon="-1.475122"><ele>79.2</ele><time>2025-01-31T13:53:12.000Z</time></trkpt>
      <trkpt lat="52.979675" lon="-1.475108"><ele>79.2</ele><time>2025-01-31T13:53:13.000Z</time></trkpt>
      <trkpt lat="52.979664" lon="-1.475094"><ele>79.2</ele><time>2025-01-31T13:53:14.000Z</time></trkpt>
      <trkpt lat="52.979653" lon="-1.475079"><ele>79.0</ele><time>2025-01-31T13:53:15.000Z</time></trkpt>
      <trkpt lat="52.979641" lon="-1.475065"><ele>79.0</ele><time>2025-01-31T13:53:16.000Z</time></trkpt>
      <trkpt lat="52.979631" lon="-1.475049"><ele>79.0</ele><time>2025-01-31T13:53:17.000Z</time></trkpt>
      <trkpt lat="52.979620" lon="-1.475035"><ele>79.0</ele><time>2025-01-31T13:53:18.000Z</time></trkpt>
      <trkpt lat="52.979609" lon="-1.475022"><ele>78.8</ele><time>2025-01-31T13:53:19.000Z</time></trkpt>
      <trkpt lat="52.979598" lon="-1.475010"><ele>78.8</ele><time>2025-01-31T13:53:20.000Z</time></trkpt>
      <trkpt lat="52.979588" lon="-1.474999"><ele>78.8</ele><time>2025-01-31T13:53:21.000Z</time></trkpt>
      <trkpt lat="52.979577" lon="-1.474987"><ele>78.8</ele><time>2025-01-31T13:53:22.000Z</time></trkpt>
      <trkpt lat="52.979566" lon="-1.474974"><ele>78.6</ele><time>2025-01-31T13:53:23.000Z</time></trkpt>
      <trkpt lat="52.979555" lon="-1.474962"><ele>78.6</ele><time>2025-01-31T13:53:24.000Z</time></trkpt>
      <trkpt lat="52.979542" lon="-1.474952"><ele>78.4</ele><time>2025-01-31T13:53:25.000Z</time></trkpt>
      <trkpt lat="52.979529" lon="-1.474943"><ele>78.4</ele><time>2025-01-31T13:53:26.000Z</time></trkpt>
      <trkpt lat="52.979516" lon="-1.474938"><ele>78.2</ele><time>2025-01-31T13:53:27.000Z</time></trkpt>
      <trkpt lat="52.979503" lon="-1.474936"><ele>78.2</ele><time>2025-01-31T13:53:28.000Z</time></trkpt>
      <trkpt lat="52.979488" lon="-1.474933"><ele>78.0</ele><time>2025-01-31T13:53:29.000Z</time></trkpt>
      <trkpt lat="52.979473" lon="-1.474931"><ele>78.0</ele><time>2025-01-31T13:53:30.000Z</time></trkpt>
      <trkpt lat="52.979460" lon="-1.474927"><ele>77.8</ele><time>2025-01-31T13:53:31.000Z</time></trkpt>
      <trkpt lat="52.979447" lon="-1.474921"><ele>77.8</ele><time>2025-01-31T13:53:32.000Z</time></trkpt>
      <trkpt lat="52.979436" lon="-1.474912"><ele>77.6</ele><time>2025-01-31T13:53:33.000Z</time></trkpt>
      <trkpt lat="52.979424" lon="-1.474899"><ele>77.6</ele><time>2025-01-31T13:53:34.000Z</time></trkpt>
      <trkpt lat="52.979414" lon="-1.474884"><ele>77.4</ele><time>2025-01-31T13:53:35.000Z</time></trkpt>
      <trkpt lat="52.979405" lon="-1.474867"><ele>77.4</ele><time>2025-01-31T13:53:36.000Z</time></trkpt>
      <trkpt lat="52.979397" lon="-1.474848"><ele>77.2</ele><time>2025-01-31T13:53:37.000Z</time></trkpt>
      <trkpt lat="52.979389" lon="-1.474828"><ele>77.2</ele><time>2025-01-31T13:53:38.000Z</time></trkpt>
      <trkpt lat="52.979381" lon="-1.474809"><ele>77.2</ele><time>2025-01-31T13:53:39.000Z</time></trkpt>
      <trkpt lat="52.979374" lon="-1.474789"><ele>77.0</ele><time>2025-01-31T13:53:40.000Z</time></trkpt>
      <trkpt lat="52.979367" lon="-1.474769"><ele>77.0</ele><time>2025-01-31T13:53:41.000Z</time></trkpt>
      <trkpt lat="52.979360" lon="-1.474749"><ele>77.0</ele><time>2025-01-31T13:53:42.000Z</time></trkpt>
      <trkpt lat="52.979352" lon="-1.474729"><ele>76.8</ele><time>2025-01-31T13:53:43.000Z</time></trkpt>
      <trkpt lat="52.979346" lon="-1.474709"><ele>76.8</ele><time>2025-01-31T13:53:44.000Z</time></trkpt>
      <trkpt lat="52.979339" lon="-1.474689"><ele>76.8</ele><time>2025-01-31T13:53:45.000Z</time></trkpt>
      <trkpt lat="52.979332" lon="-1.474670"><ele>76.6</ele><time>2025-01-31T13:53:46.000Z</time></trkpt>
      <trkpt lat="52.979325" lon="-1.474651"><ele>76.6</ele><time>2025-01-31T13:53:47.000Z</time></trkpt>
      <trkpt lat="52.979317" lon="-1.474633"><ele>76.6</ele><time>2025-01-31T13:53:48.000Z</time></trkpt>
      <trkpt lat="52.979308" lon="-1.474617"><ele>76.6</ele><time>2025-01-31T13:53:49.000Z</time></trkpt>
      <trkpt lat="52.979299" lon="-1.474600"><ele>76.4</ele><time>2025-01-31T13:53:50.000Z</time></trkpt>
      <trkpt lat="52.979291" lon="-1.474582"><ele>76.4</ele><time>2025-01-31T13:53:51.000Z</time></trkpt>
      <trkpt lat="52.979283" lon="-1.474564"><ele>76.4</ele><time>2025-01-31T13:53:52.000Z</time></trkpt>
      <trkpt lat="52.979274" lon="-1.474546"><ele>76.4</ele><time>2025-01-31T13:53:53.000Z</time></trkpt>
      <trkpt lat="52.979265" lon="-1.474528"><ele>76.2</ele><time>2025-01-31T13:53:54.000Z</time></trkpt>
      <trkpt lat="52.979256" lon="-1.474509"><ele>76.2</ele><time>2025-01-31T13:53:55.000Z</time></trkpt>
      <trkpt lat="52.979248" lon="-1.474492"><ele>76.0</ele><time>2025-01-31T13:53:56.000Z</time></trkpt>
      <trkpt lat="52.979238" lon="-1.474474"><ele>76.0</ele><time>2025-01-31T13:53:57.000Z</time></trkpt>
      <trkpt lat="52.979228" lon="-1.474457"><ele>76.0</ele><time>2025-01-31T13:53:58.000Z</time></trkpt>
      <trkpt lat="52.979218" lon="-1.474441"><ele>75.8</ele><time>2025-01-31T13:53:59.000Z</time></trkpt>
      <trkpt lat="52.979207" lon="-1.474426"><ele>75.8</ele><time>2025-01-31T13:54:00.000Z</time></trkpt>
      <trkpt lat="52.979195" lon="-1.474412"><ele>75.6</ele><time>2025-01-31T13:54:01.000Z</time></trkpt>
      <trkpt lat="52.979184" lon="-1.474399"><ele>75.6</ele><time>2025-01-31T13:54:02.000Z</time></trkpt>
      <trkpt lat="52.979172" lon="-1.474385"><ele>75.4</ele><time>2025-01-31T13:54:03.000Z</time></trkpt>
      <trkpt lat="52.979161" lon="-1.474370"><ele>75.4</ele><time>2025-01-31T13:54:04.000Z</time></trkpt>
      <trkpt lat="52.979150" lon="-1.474356"><ele>75.2</ele><time>2025-01-31T13:54:05.000Z</time></trkpt>
      <trkpt lat="52.979139" lon="-1.474341"><ele>75.2</ele><time>2025-01-31T13:54:06.000Z</time></trkpt>
      <trkpt lat="52.979127" lon="-1.474327"><ele>75.0</ele><time>2025-01-31T13:54:07.000Z</time></trkpt>
      <trkpt lat="52.979115" lon="-1.474314"><ele>75.0</ele><time>2025-01-31T13:54:08.000Z</time></trkpt>
      <trkpt lat="52.979103" lon="-1.474302"><ele>74.8</ele><time>2025-01-31T13:54:09.000Z</time></trkpt>
      <trkpt lat="52.979090" lon="-1.474290"><ele>74.8</ele><time>2025-01-31T13:54:10.000Z</time></trkpt>
      <trkpt lat="52.979078" lon="-1.474279"><ele>74.8</ele><time>2025-01-31T13:54:11.000Z</time></trkpt>
      <trkpt lat="52.979066" lon="-1.474268"><ele>74.6</ele><time>2025-01-31T13:54:12.000Z</time></trkpt>
      <trkpt lat="52.979055" lon="-1.474256"><ele>74.6</ele><time>2025-01-31T13:54:13.000Z</time></trkpt>
      <trkpt lat="52.979043" lon="-1.474244"><ele>74.6</ele><time>2025-01-31T13:54:14.000Z</time></trkpt>
      <trkpt lat="52.979032" lon="-1.474232"><ele>74.4</ele><time>2025-01-31T13:54:15.000Z</time></trkpt>
      <trkpt lat="52.979020" lon="-1.474220"><ele>74.4</ele><time>2025-01-31T13:54:16.000Z</time></trkpt>
      <trkpt lat="52.979009" lon="-1.474209"><ele>74.4</ele><time>2025-01-31T13:54:17.000Z</time></trkpt>
      <trkpt lat="52.978997" lon="-1.474198"><ele>74.4</ele><time>2025-01-31T13:54:18.000Z</time></trkpt>
      <trkpt lat="52.978985" lon="-1.474186"><ele>74.2</ele><time>2025-01-31T13:54:19.000Z</time></trkpt>
      <trkpt lat="52.978974" lon="-1.474174"><ele>74.2</ele><time>2025-01-31T13:54:20.000Z</time></trkpt>
      <trkpt lat="52.978962" lon="-1.474163"><ele>74.2</ele><time>2025-01-31T13:54:21.000Z</time></trkpt>
      <trkpt lat="52.978950" lon="-1.474153"><ele>74.2</ele><time>2025-01-31T13:54:22.000Z</time></trkpt>
      <trkpt lat="52.978939" lon="-1.474143"><ele>74.2</ele><time>2025-01-31T13:54:23.000Z</time></trkpt>
      <trkpt lat="52.978927" lon="-1.474133"><ele>74.2</ele><time>2025-01-31T13:54:24.000Z</time></trkpt>
      <trkpt lat="52.978915" lon="-1.474123"><ele>74.2</ele><time>2025-01-31T13:54:25.000Z</time></trkpt>
      <trkpt lat="52.978903" lon="-1.474115"><ele>74.2</ele><time>2025-01-31T13:54:26.000Z</time></trkpt>
      <trkpt lat="52.978890" lon="-1.474107"><ele>74.2</ele><time>2025-01-31T13:54:27.000Z</time></trkpt>
      <trkpt lat="52.978878" lon="-1.474098"><ele>74.2</ele><time>2025-01-31T13:54:28.000Z</time></trkpt>
      <trkpt lat="52.978865" lon="-1.474090"><ele>74.2</ele><time>2025-01-31T13:54:29.000Z</time></trkpt>
      <trkpt lat="52.978852" lon="-1.474081"><ele>74.2</ele><time>2025-01-31T13:54:30.000Z</time></trkpt>
      <trkpt lat="52.978840" lon="-1.474072"><ele>74.2</ele><time>2025-01-31T13:54:31.000Z</time></trkpt>
      <trkpt lat="52.978827" lon="-1.474063"><ele>74.2</ele><time>2025-01-31T13:54:32.000Z</time></trkpt>
      <trkpt lat="52.978815" lon="-1.474053"><ele>74.2</ele><time>2025-01-31T13:54:33.000Z</time></trkpt>
      <trkpt lat="52.978802" lon="-1.474044"><ele>74.2</ele><time>2025-01-31T13:54:34.000Z</time></trkpt>
      <trkpt lat="52.978790" lon="-1.474035"><ele>74.2</ele><time>2025-01-31T13:54:35.000Z</time></trkpt>
      <trkpt lat="52.978778" lon="-1.474026"><ele>74.2</ele><time>2025-01-31T13:54:36.000Z</time></trkpt>
      <trkpt lat="52.978765" lon="-1.474017"><ele>74.2</ele><time>2025-01-31T13:54:37.000Z</time></trkpt>
      <trkpt lat="52.978752" lon="-1.474008"><ele>74.0</ele><time>2025-01-31T13:54:38.000Z</time></trkpt>
      <trkpt lat="52.978739" lon="-1.473999"><ele>74.0</ele><time>2025-01-31T13:54:39.000Z</time></trkpt>
      <trkpt lat="52.978725" lon="-1.473990"><ele>74.0</ele><time>2025-01-31T13:54:40.000Z</time></trkpt>
      <trkpt lat="52.978712" lon="-1.473980"><ele>74.0</ele><time>2025-01-31T13:54:41.000Z</time></trkpt>
      <trkpt lat="52.978698" lon="-1.473971"><ele>74.0</ele><time>2025-01-31T13:54:42.000Z</time></trkpt>
      <trkpt lat="52.978685" lon="-1.473961"><ele>74.0</ele><time>2025-01-31T13:54:43.000Z</time></trkpt>
      <trkpt lat="52.978671" lon="-1.473950"><ele>74.0</ele><time>2025-01-31T13:54:44.000Z</time></trkpt>
      <trkpt lat="52.978659" lon="-1.473938"><ele>74.0</ele><time>2025-01-31T13:54:45.000Z</time></trkpt>
      <trkpt lat="52.978646" lon="-1.473927"><ele>74.0</ele><time>2025-01-31T13:54:46.000Z</time></trkpt>
      <trkpt lat="52.978633" lon="-1.473916"><ele>74.0</ele><time>2025-01-31T13:54:47.000Z</time></trkpt>
      <trkpt lat="52.978620" lon="-1.473907"><ele>74.0</ele><time>2025-01-31T13:54:48.000Z</time></trkpt>
      <trkpt lat="52.978606" lon="-1.473897"><ele>74.0</ele><time>2025-01-31T13:54:49.000Z</time></trkpt>
      <trkpt lat="52.978593" lon="-1.473888"><ele>73.8</ele><time>2025-01-31T13:54:50.000Z</time></trkpt>
      <trkpt lat="52.978579" lon="-1.473879"><ele>73.8</ele><time>2025-01-31T13:54:51.000Z</time></trkpt>
      <trkpt lat="52.978565" lon="-1.473870"><ele>73.8</ele><time>2025-01-31T13:54:52.000Z</time></trkpt>
      <trkpt lat="52.978551" lon="-1.473861"><ele>73.8</ele><time>2025-01-31T13:54:53.000Z</time></trkpt>
      <trkpt lat="52.978538" lon="-1.473852"><ele>73.6</ele><time>2025-01-31T13:54:54.000Z</time></trkpt>
      <trkpt lat="52.978525" lon="-1.473841"><ele>73.6</ele><time>2025-01-31T13:54:55.000Z</time></trkpt>
      <trkpt lat="52.978512" lon="-1.473831"><ele>73.6</ele><time>2025-01-31T13:54:56.000Z</time></trkpt>
      <trkpt lat="52.978499" lon="-1.473821"><ele>73.6</ele><time>2025-01-31T13:54:57.000Z</time></trkpt>
      <trkpt lat="52.978487" lon="-1.473810"><ele>73.4</ele><time>2025-01-31T13:54:58.000Z</time></trkpt>
      <trkpt lat="52.978474" lon="-1.473800"><ele>73.4</ele><time>2025-01-31T13:54:59.000Z</time></trkpt>
      <trkpt lat="52.978462" lon="-1.473789"><ele>73.4</ele><time>2025-01-31T13:55:00.000Z</time></trkpt>
      <trkpt lat="52.978450" lon="-1.473779"><ele>73.2</ele><time>2025-01-31T13:55:01.000Z</time></trkpt>
      <trkpt lat="52.978438" lon="-1.473768"><ele>73.2</ele><time>2025-01-31T13:55:02.000Z</time></trkpt>
      <trkpt lat="52.978425" lon="-1.473758"><ele>73.2</ele><time>2025-01-31T13:55:03.000Z</time></trkpt>
      <trkpt lat="52.978413" lon="-1.473747"><ele>73.2</ele><time>2025-01-31T13:55:04.000Z</time></trkpt>
      <trkpt lat="52.978400" lon="-1.473737"><ele>73.2</ele><time>2025-01-31T13:55:05.000Z</time></trkpt>
      <trkpt lat="52.978387" lon="-1.473726"><ele>73.2</ele><time>2025-01-31T13:55:06.000Z</time></trkpt>
      <trkpt lat="52.978374" lon="-1.473715"><ele>73.2</ele><time>2025-01-31T13:55:07.000Z</time></trkpt>
      <trkpt lat="52.978361" lon="-1.473704"><ele>73.2</ele><time>2025-01-31T13:55:08.000Z</time></trkpt>
      <trkpt lat="52.978349" lon="-1.473693"><ele>73.0</ele><time>2025-01-31T13:55:09.000Z</time></trkpt>
      <trkpt lat="52.978337" lon="-1.473680"><ele>73.0</ele><time>2025-01-31T13:55:10.000Z</time></trkpt>
      <trkpt lat="52.978326" lon="-1.473667"><ele>73.0</ele><time>2025-01-31T13:55:11.000Z</time></trkpt>
      <trkpt lat="52.978315" lon="-1.473653"><ele>73.0</ele><time>2025-01-31T13:55:12.000Z</time></trkpt>
      <trkpt lat="52.978303" lon="-1.473640"><ele>73.2</ele><time>2025-01-31T13:55:13.000Z</time></trkpt>
      <trkpt lat="52.978292" lon="-1.473626"><ele>73.2</ele><time>2025-01-31T13:55:14.000Z</time></trkpt>
      <trkpt lat="52.978281" lon="-1.473613"><ele>73.2</ele><time>2025-01-31T13:55:15.000Z</time></trkpt>
      <trkpt lat="52.978269" lon="-1.473599"><ele>73.2</ele><time>2025-01-31T13:55:16.000Z</time></trkpt>
      <trkpt lat="52.978258" lon="-1.473586"><ele>73.2</ele><time>2025-01-31T13:55:17.000Z</time></trkpt>
      <trkpt lat="52.978246" lon="-1.473572"><ele>73.2</ele><time>2025-01-31T13:55:18.000Z</time></trkpt>
      <trkpt lat="52.978235" lon="-1.473558"><ele>73.2</ele><time>2025-01-31T13:55:19.000Z</time></trkpt>
      <trkpt lat="52.978224" lon="-1.473542"><ele>73.2</ele><time>2025-01-31T13:55:20.000Z</time></trkpt>
      <trkpt lat="52.978214" lon="-1.473526"><ele>73.2</ele><time>2025-01-31T13:55:21.000Z</time></trkpt>
      <trkpt lat="52.978203" lon="-1.473510"><ele>73.2</ele><time>2025-01-31T13:55:22.000Z</time></trkpt>
      <trkpt lat="52.978192" lon="-1.473495"><ele>73.2</ele><time>2025-01-31T13:55:23.000Z</time></trkpt>
      <trkpt lat="52.978181" lon="-1.473481"><ele>73.2</ele><time>2025-01-31T13:55:24.000Z</time></trkpt>
      <trkpt lat="52.978169" lon="-1.473468"><ele>73.2</ele><time>2025-01-31T13:55:25.000Z</time></trkpt>
      <trkpt lat="52.978157" lon="-1.473456"><ele>73.2</ele><time>2025-01-31T13:55:26.000Z</time></trkpt>
      <trkpt lat="52.978145" lon="-1.473444"><ele>73.2</ele><time>2025-01-31T13:55:27.000Z</time></trkpt>
      <trkpt lat="52.978133" lon="-1.473432"><ele>73.2</ele><time>2025-01-31T13:55:28.000Z</time></trkpt>
      <trkpt lat="52.978120" lon="-1.473421"><ele>73.2</ele><time>2025-01-31T13:55:29.000Z</time></trkpt>
      <trkpt lat="52.978108" lon="-1.473410"><ele>73.0</ele><time>2025-01-31T13:55:30.000Z</time></trkpt>
      <trkpt lat="52.978095" lon="-1.473398"><ele>73.0</ele><time>2025-01-31T13:55:31.000Z</time></trkpt>
      <trkpt lat="52.978082" lon="-1.473386"><ele>73.0</ele><time>2025-01-31T13:55:32.000Z</time></trkpt>
      <trkpt lat="52.978069" lon="-1.473374"><ele>73.0</ele><time>2025-01-31T13:55:33.000Z</time></trkpt>
      <trkpt lat="52.978056" lon="-1.473362"><ele>73.0</ele><time>2025-01-31T13:55:34.000Z</time></trkpt>
      <trkpt lat="52.978043" lon="-1.473350"><ele>72.8</ele><time>2025-01-31T13:55:35.000Z</time></trkpt>
      <trkpt lat="52.978031" lon="-1.473337"><ele>72.8</ele><time>2025-01-31T13:55:36.000Z</time></trkpt>
      <trkpt lat="52.978019" lon="-1.473324"><ele>72.8</ele><time>2025-01-31T13:55:37.000Z</time></trkpt>
      <trkpt lat="52.978009" lon="-1.473310"><ele>72.8</ele><time>2025-01-31T13:55:38.000Z</time></trkpt>
      <trkpt lat="52.977998" lon="-1.473297"><ele>72.6</ele><time>2025-01-31T13:55:39.000Z</time></trkpt>
      <trkpt lat="52.977987" lon="-1.473283"><ele>72.6</ele><time>2025-01-31T13:55:40.000Z</time></trkpt>
      <trkpt lat="52.977976" lon="-1.473270"><ele>72.6</ele><time>2025-01-31T13:55:41.000Z</time></trkpt>
      <trkpt lat="52.977965" lon="-1.473257"><ele>72.6</ele><time>2025-01-31T13:55:42.000Z</time></trkpt>
      <trkpt lat="52.977953" lon="-1.473243"><ele>72.4</ele><time>2025-01-31T13:55:43.000Z</time></trkpt>
      <trkpt lat="52.977941" lon="-1.473230"><ele>72.4</ele><time>2025-01-31T13:55:44.000Z</time></trkpt>
      <trkpt lat="52.977929" lon="-1.473217"><ele>72.4</ele><time>2025-01-31T13:55:45.000Z</time></trkpt>
      <trkpt lat="52.977917" lon="-1.473204"><ele>72.2</ele><time>2025-01-31T13:55:46.000Z</time></trkpt>
      <trkpt lat="52.977906" lon="-1.473189"><ele>72.2</ele><time>2025-01-31T13:55:47.000Z</time></trkpt>
      <trkpt lat="52.977894" lon="-1.473175"><ele>72.0</ele><time>2025-01-31T13:55:48.000Z</time></trkpt>
      <trkpt lat="52.977882" lon="-1.473161"><ele>72.0</ele><time>2025-01-31T13:55:49.000Z</time></trkpt>
      <trkpt lat="52.977871" lon="-1.473147"><ele>72.0</ele><time>2025-01-31T13:55:50.000Z</time></trkpt>
      <trkpt lat="52.977859" lon="-1.473135"><ele>71.8</ele><time>2025-01-31T13:55:51.000Z</time></trkpt>
      <trkpt lat="52.977847" lon="-1.473123"><ele>71.8</ele><time>2025-01-31T13:55:52.000Z</time></trkpt>
      <trkpt lat="52.977836" lon="-1.473111"><ele>71.6</ele><time>2025-01-31T13:55:53.000Z</time></trkpt>
      <trkpt lat="52.977825" lon="-1.473098"><ele>71.6</ele><time>2025-01-31T13:55:54.000Z</time></trkpt>
      <trkpt lat="52.977815" lon="-1.473083"><ele>71.6</ele><time>2025-01-31T13:55:55.000Z</time></trkpt>
      <trkpt lat="52.977805" lon="-1.473069"><ele>71.4</ele><time>2025-01-31T13:55:56.000Z</time></trkpt>
      <trkpt lat="52.977794" lon="-1.473055"><ele>71.4</ele><time>2025-01-31T13:55:57.000Z</time></trkpt>
      <trkpt lat="52.977783" lon="-1.473042"><ele>71.4</ele><time>2025-01-31T13:55:58.000Z</time></trkpt>
      <trkpt lat="52.977772" lon="-1.473028"><ele>71.4</ele><time>2025-01-31T13:55:59.000Z</time></trkpt>
      <trkpt lat="52.977761" lon="-1.473014"><ele>71.4</ele><time>2025-01-31T13:56:00.000Z</time></trkpt>
      <trkpt lat="52.977750" lon="-1.473000"><ele>71.4</ele><time>2025-01-31T13:56:01.000Z</time></trkpt>
      <trkpt lat="52.977738" lon="-1.472988"><ele>71.2</ele><time>2025-01-31T13:56:02.000Z</time></trkpt>
      <trkpt lat="52.977726" lon="-1.472976"><ele>71.2</ele><time>2025-01-31T13:56:03.000Z</time></trkpt>
      <trkpt lat="52.977715" lon="-1.472963"><ele>71.2</ele><time>2025-01-31T13:56:04.000Z</time></trkpt>
      <trkpt lat="52.977704" lon="-1.472949"><ele>71.2</ele><time>2025-01-31T13:56:05.000Z</time></trkpt>
      <trkpt lat="52.977693" lon="-1.472935"><ele>71.2</ele><time>2025-01-31T13:56:06.000Z</time></trkpt>
      <trkpt lat="52.977682" lon="-1.472920"><ele>71.2</ele><time>2025-01-31T13:56:07.000Z</time></trkpt>
      <trkpt lat="52.977671" lon="-1.472906"><ele>71.2</ele><time>2025-01-31T13:56:08.000Z</time></trkpt>
      <trkpt lat="52.977659" lon="-1.472892"><ele>71.2</ele><time>2025-01-31T13:56:09.000Z</time></trkpt>
      <trkpt lat="52.977648" lon="-1.472879"><ele>71.2</ele><time>2025-01-31T13:56:10.000Z</time></trkpt>
      <trkpt lat="52.977636" lon="-1.472864"><ele>71.2</ele><time>2025-01-31T13:56:11.000Z</time></trkpt>
      <trkpt lat="52.977625" lon="-1.472850"><ele>71.2</ele><time>2025-01-31T13:56:12.000Z</time></trkpt>
      <trkpt lat="52.977613" lon="-1.472836"><ele>71.2</ele><time>2025-01-31T13:56:13.000Z</time></trkpt>
      <trkpt lat="52.977602" lon="-1.472821"><ele>71.2</ele><time>2025-01-31T13:56:14.000Z</time></trkpt>
      <trkpt lat="52.977591" lon="-1.472808"><ele>71.2</ele><time>2025-01-31T13:56:15.000Z</time></trkpt>
      <trkpt lat="52.977579" lon="-1.472794"><ele>71.2</ele><time>2025-01-31T13:56:16.000Z</time></trkpt>
      <trkpt lat="52.977568" lon="-1.472780"><ele>71.2</ele><time>2025-01-31T13:56:17.000Z</time></trkpt>
      <trkpt lat="52.977557" lon="-1.472766"><ele>71.2</ele><time>2025-01-31T13:56:18.000Z</time></trkpt>
      <trkpt lat="52.977546" lon="-1.472752"><ele>71.2</ele><time>2025-01-31T13:56:19.000Z</time></trkpt>
      <trkpt lat="52.977535" lon="-1.472738"><ele>71.2</ele><time>2025-01-31T13:56:20.000Z</time></trkpt>
      <trkpt lat="52.977524" lon="-1.472725"><ele>71.2</ele><time>2025-01-31T13:56:21.000Z</time></trkpt>
      <trkpt lat="52.977513" lon="-1.472712"><ele>71.2</ele><time>2025-01-31T13:56:22.000Z</time></trkpt>
      <trkpt lat="52.977502" lon="-1.472698"><ele>71.2</ele><time>2025-01-31T13:56:23.000Z</time></trkpt>
      <trkpt lat="52.977491" lon="-1.472684"><ele>71.0</ele><time>2025-01-31T13:56:24.000Z</time></trkpt>
      <trkpt lat="52.977479" lon="-1.472671"><ele>71.0</ele><time>2025-01-31T13:56:25.000Z</time></trkpt>
      <trkpt lat="52.977468" lon="-1.472658"><ele>71.0</ele><time>2025-01-31T13:56:26.000Z</time></trkpt>
      <trkpt lat="52.977457" lon="-1.472645"><ele>71.0</ele><time>2025-01-31T13:56:27.000Z</time></trkpt>
      <trkpt lat="52.977446" lon="-1.472632"><ele>70.8</ele><time>2025-01-31T13:56:28.000Z</time></trkpt>
      <trkpt lat="52.977436" lon="-1.472618"><ele>70.8</ele><time>2025-01-31T13:56:29.000Z</time></trkpt>
      <trkpt lat="52.977427" lon="-1.472603"><ele>70.8</ele><time>2025-01-31T13:56:30.000Z</time></trkpt>
      <trkpt lat="52.977417" lon="-1.472589"><ele>70.6</ele><time>2025-01-31T13:56:31.000Z</time></trkpt>
      <trkpt lat="52.977407" lon="-1.472575"><ele>70.6</ele><time>2025-01-31T13:56:32.000Z</time></trkpt>
      <trkpt lat="52.977398" lon="-1.472561"><ele>70.4</ele><time>2025-01-31T13:56:33.000Z</time></trkpt>
      <trkpt lat="52.977388" lon="-1.472547"><ele>70.4</ele><time>2025-01-31T13:56:34.000Z</time></trkpt>
      <trkpt lat="52.977378" lon="-1.472532"><ele>70.2</ele><time>2025-01-31T13:56:35.000Z</time></trkpt>
      <trkpt lat="52.977368" lon="-1.472517"><ele>70.2</ele><time>2025-01-31T13:56:36.000Z</time></trkpt>
      <trkpt lat="52.977357" lon="-1.472503"><ele>70.2</ele><time>2025-01-31T13:56:37.000Z</time></trkpt>
      <trkpt lat="52.977346" lon="-1.472489"><ele>70.0</ele><time>2025-01-31T13:56:38.000Z</time></trkpt>
      <trkpt lat="52.977335" lon="-1.472476"><ele>70.0</ele><time>2025-01-31T13:56:39.000Z</time></trkpt>
      <trkpt lat="52.977325" lon="-1.472462"><ele>69.8</ele><time>2025-01-31T13:56:40.000Z</time></trkpt>
      <trkpt lat="52.977314" lon="-1.472448"><ele>69.8</ele><time>2025-01-31T13:56:41.000Z</time></trkpt>
      <trkpt lat="52.977304" lon="-1.472433"><ele>69.8</ele><time>2025-01-31T13:56:42.000Z</time></trkpt>
      <trkpt lat="52.977294" lon="-1.472418"><ele>69.8</ele><time>2025-01-31T13:56:43.000Z</time></trkpt>
      <trkpt lat="52.977284" lon="-1.472403"><ele>69.8</ele><time>2025-01-31T13:56:44.000Z</time></trkpt>
      <trkpt lat="52.977275" lon="-1.472387"><ele>69.8</ele><time>2025-01-31T13:56:45.000Z</time></trkpt>
      <trkpt lat="52.977265" lon="-1.472371"><ele>69.8</ele><time>2025-01-31T13:56:46.000Z</time></trkpt>
      <trkpt lat="52.977254" lon="-1.472354"><ele>69.8</ele><time>2025-01-31T13:56:47.000Z</time></trkpt>
      <trkpt lat="52.977243" lon="-1.472339"><ele>69.8</ele><time>2025-01-31T13:56:48.000Z</time></trkpt>
      <trkpt lat="52.977232" lon="-1.472324"><ele>70.0</ele><time>2025-01-31T13:56:49.000Z</time></trkpt>
      <trkpt lat="52.977221" lon="-1.472308"><ele>70.0</ele><time>2025-01-31T13:56:50.000Z</time></trkpt>
      <trkpt lat="52.977210" lon="-1.472293"><ele>70.0</ele><time>2025-01-31T13:56:51.000Z</time></trkpt>
      <trkpt lat="52.977199" lon="-1.472279"><ele>70.0</ele><time>2025-01-31T13:56:52.000Z</time></trkpt>
      <trkpt lat="52.977188" lon="-1.472265"><ele>70.2</ele><time>2025-01-31T13:56:53.000Z</time></trkpt>
      <trkpt lat="52.977177" lon="-1.472250"><ele>70.2</ele><time>2025-01-31T13:56:54.000Z</time></trkpt>
      <trkpt lat="52.977167" lon="-1.472234"><ele>70.2</ele><time>2025-01-31T13:56:55.000Z</time></trkpt>
      <trkpt lat="52.977156" lon="-1.472219"><ele>70.2</ele><time>2025-01-31T13:56:56.000Z</time></trkpt>
      <trkpt lat="52.977146" lon="-1.472205"><ele>70.2</ele><time>2025-01-31T13:56:57.000Z</time></trkpt>
      <trkpt lat="52.977134" lon="-1.472192"><ele>70.2</ele><time>2025-01-31T13:56:58.000Z</time></trkpt>
      <trkpt lat="52.977121" lon="-1.472181"><ele>70.2</ele><time>2025-01-31T13:56:59.000Z</time></trkpt>
      <trkpt lat="52.977108" lon="-1.472170"><ele>70.2</ele><time>2025-01-31T13:57:00.000Z</time></trkpt>
      <trkpt lat="52.977095" lon="-1.472158"><ele>70.2</ele><time>2025-01-31T13:57:01.000Z</time></trkpt>
      <trkpt lat="52.977082" lon="-1.472146"><ele>70.2</ele><time>2025-01-31T13:57:02.000Z</time></trkpt>
      <trkpt lat="52.977069" lon="-1.472134"><ele>70.2</ele><time>2025-01-31T13:57:03.000Z</time></trkpt>
      <trkpt lat="52.977056" lon="-1.472123"><ele>70.2</ele><time>2025-01-31T13:57:04.000Z</time></trkpt>
      <trkpt lat="52.977042" lon="-1.472112"><ele>70.2</ele><time>2025-01-31T13:57:05.000Z</time></trkpt>
      <trkpt lat="52.977029" lon="-1.472101"><ele>70.2</ele><time>2025-01-31T13:57:06.000Z</time></trkpt>
      <trkpt lat="52.977016" lon="-1.472090"><ele>70.2</ele><time>2025-01-31T13:57:07.000Z</time></trkpt>
      <trkpt lat="52.977003" lon="-1.472079"><ele>70.2</ele><time>2025-01-31T13:57:08.000Z</time></trkpt>
      <trkpt lat="52.976989" lon="-1.472068"><ele>70.0</ele><time>2025-01-31T13:57:09.000Z</time></trkpt>
      <trkpt lat="52.976976" lon="-1.472058"><ele>70.0</ele><time>2025-01-31T13:57:10.000Z</time></trkpt>
      <trkpt lat="52.976963" lon="-1.472047"><ele>70.0</ele><time>2025-01-31T13:57:11.000Z</time></trkpt>
      <trkpt lat="52.976950" lon="-1.472037"><ele>70.0</ele><time>2025-01-31T13:57:12.000Z</time></trkpt>
      <trkpt lat="52.976937" lon="-1.472028"><ele>69.8</ele><time>2025-01-31T13:57:13.000Z</time></trkpt>
      <trkpt lat="52.976924" lon="-1.472019"><ele>69.8</ele><time>2025-01-31T13:57:14.000Z</time></trkpt>
      <trkpt lat="52.976912" lon="-1.472010"><ele>69.8</ele><time>2025-01-31T13:57:15.000Z</time></trkpt>
      <trkpt lat="52.976899" lon="-1.472000"><ele>69.8</ele><time>2025-01-31T13:57:16.000Z</time></trkpt>
      <trkpt lat="52.976887" lon="-1.471990"><ele>69.8</ele><time>2025-01-31T13:57:17.000Z</time></trkpt>
      <trkpt lat="52.976875" lon="-1.471980"><ele>69.6</ele><time>2025-01-31T13:57:18.000Z</time></trkpt>
      <trkpt lat="52.976862" lon="-1.471970"><ele>69.6</ele><time>2025-01-31T13:57:19.000Z</time></trkpt>
      <trkpt lat="52.976850" lon="-1.471960"><ele>69.6</ele><time>2025-01-31T13:57:20.000Z</time></trkpt>
      <trkpt lat="52.976837" lon="-1.471950"><ele>69.4</ele><time>2025-01-31T13:57:21.000Z</time></trkpt>
      <trkpt lat="52.976825" lon="-1.471939"><ele>69.4</ele><time>2025-01-31T13:57:22.000Z</time></trkpt>
      <trkpt lat="52.976812" lon="-1.471929"><ele>69.2</ele><time>2025-01-31T13:57:23.000Z</time></trkpt>
      <trkpt lat="52.976798" lon="-1.471919"><ele>69.0</ele><time>2025-01-31T13:57:24.000Z</time></trkpt>
      <trkpt lat="52.976785" lon="-1.471911"><ele>69.0</ele><time>2025-01-31T13:57:25.000Z</time></trkpt>
      <trkpt lat="52.976771" lon="-1.471904"><ele>68.8</ele><time>2025-01-31T13:57:26.000Z</time></trkpt>
      <trkpt lat="52.976757" lon="-1.471898"><ele>68.6</ele><time>2025-01-31T13:57:27.000Z</time></trkpt>
      <trkpt lat="52.976743" lon="-1.471894"><ele>68.4</ele><time>2025-01-31T13:57:28.000Z</time></trkpt>
      <trkpt lat="52.976729" lon="-1.471891"><ele>68.4</ele><time>2025-01-31T13:57:29.000Z</time></trkpt>
      <trkpt lat="52.976716" lon="-1.471888"><ele>68.2</ele><time>2025-01-31T13:57:30.000Z</time></trkpt>
      <trkpt lat="52.976702" lon="-1.471885"><ele>68.0</ele><time>2025-01-31T13:57:31.000Z</time></trkpt>
      <trkpt lat="52.976689" lon="-1.471880"><ele>67.8</ele><time>2025-01-31T13:57:32.000Z</time></trkpt>
      <trkpt lat="52.976675" lon="-1.471876"><ele>67.6</ele><time>2025-01-31T13:57:33.000Z</time></trkpt>
      <trkpt lat="52.976661" lon="-1.471871"><ele>67.6</ele><time>2025-01-31T13:57:34.000Z</time></trkpt>
      <trkpt lat="52.976647" lon="-1.471866"><ele>67.4</ele><time>2025-01-31T13:57:35.000Z</time></trkpt>
      <trkpt lat="52.976633" lon="-1.471860"><ele>67.4</ele><time>2025-01-31T13:57:36.000Z</time></trkpt>
      <trkpt lat="52.976619" lon="-1.471855"><ele>67.2</ele><time>2025-01-31T13:57:37.000Z</time></trkpt>
      <trkpt lat="52.976604" lon="-1.471850"><ele>67.2</ele><time>2025-01-31T13:57:38.000Z</time></trkpt>
      <trkpt lat="52.976590" lon="-1.471845"><ele>67.2</ele><time>2025-01-31T13:57:39.000Z</time></trkpt>
      <trkpt lat="52.976576" lon="-1.471838"><ele>67.0</ele><time>2025-01-31T13:57:40.000Z</time></trkpt>
      <trkpt lat="52.976562" lon="-1.471829"><ele>67.0</ele><time>2025-01-31T13:57:41.000Z</time></trkpt>
      <trkpt lat="52.976549" lon="-1.471819"><ele>67.0</ele><time>2025-01-31T13:57:42.000Z</time></trkpt>
      <trkpt lat="52.976536" lon="-1.471808"><ele>67.2</ele><time>2025-01-31T13:57:43.000Z</time></trkpt>
      <trkpt lat="52.976524" lon="-1.471796"><ele>67.2</ele><time>2025-01-31T13:57:44.000Z</time></trkpt>
      <trkpt lat="52.976512" lon="-1.471784"><ele>67.2</ele><time>2025-01-31T13:57:45.000Z</time></trkpt>
      <trkpt lat="52.976500" lon="-1.471771"><ele>67.2</ele><time>2025-01-31T13:57:46.000Z</time></trkpt>
      <trkpt lat="52.976487" lon="-1.471760"><ele>67.2</ele><time>2025-01-31T13:57:47.000Z</time></trkpt>
      <trkpt lat="52.976474" lon="-1.471750"><ele>67.2</ele><time>2025-01-31T13:57:48.000Z</time></trkpt>
      <trkpt lat="52.976461" lon="-1.471742"><ele>67.4</ele><time>2025-01-31T13:57:49.000Z</time></trkpt>
      <trkpt lat="52.976448" lon="-1.471735"><ele>67.4</ele><time>2025-01-31T13:57:50.000Z</time></trkpt>
      <trkpt lat="52.976434" lon="-1.471728"><ele>67.4</ele><time>2025-01-31T13:57:51.000Z</time></trkpt>
      <trkpt lat="52.976422" lon="-1.471720"><ele>67.4</ele><time>2025-01-31T13:57:52.000Z</time></trkpt>
      <trkpt lat="52.976409" lon="-1.471711"><ele>67.4</ele><time>2025-01-31T13:57:53.000Z</time></trkpt>
      <trkpt lat="52.976397" lon="-1.471703"><ele>67.4</ele><time>2025-01-31T13:57:54.000Z</time></trkpt>
      <trkpt lat="52.976384" lon="-1.471695"><ele>67.4</ele><time>2025-01-31T13:57:55.000Z</time></trkpt>
      <trkpt lat="52.976371" lon="-1.471688"><ele>67.4</ele><time>2025-01-31T13:57:56.000Z</time></trkpt>
      <trkpt lat="52.976358" lon="-1.471681"><ele>67.6</ele><time>2025-01-31T13:57:57.000Z</time></trkpt>
      <trkpt lat="52.976344" lon="-1.471674"><ele>67.6</ele><time>2025-01-31T13:57:58.000Z</time></trkpt>
      <trkpt lat="52.976331" lon="-1.471666"><ele>67.6</ele><time>2025-01-31T13:57:59.000Z</time></trkpt>
      <trkpt lat="52.976318" lon="-1.471658"><ele>67.6</ele><time>2025-01-31T13:58:00.000Z</time></trkpt>
      <trkpt lat="52.976305" lon="-1.471649"><ele>67.6</ele><time>2025-01-31T13:58:01.000Z</time></trkpt>
      <trkpt lat="52.976291" lon="-1.471641"><ele>67.6</ele><time>2025-01-31T13:58:02.000Z</time></trkpt>
      <trkpt lat="52.976278" lon="-1.471633"><ele>67.6</ele><time>2025-01-31T13:58:03.000Z</time></trkpt>
      <trkpt lat="52.976266" lon="-1.471626"><ele>67.6</ele><time>2025-01-31T13:58:04.000Z</time></trkpt>
      <trkpt lat="52.976253" lon="-1.471618"><ele>67.6</ele><time>2025-01-31T13:58:05.000Z</time></trkpt>
      <trkpt lat="52.976240" lon="-1.471611"><ele>67.6</ele><time>2025-01-31T13:58:06.000Z</time></trkpt>
      <trkpt lat="52.976227" lon="-1.471603"><ele>67.6</ele><time>2025-01-31T13:58:07.000Z</time></trkpt>
      <trkpt lat="52.976213" lon="-1.471595"><ele>67.8</ele><time>2025-01-31T13:58:08.000Z</time></trkpt>
      <trkpt lat="52.976200" lon="-1.471587"><ele>67.8</ele><time>2025-01-31T13:58:09.000Z</time></trkpt>
      <trkpt lat="52.976187" lon="-1.471578"><ele>67.8</ele><time>2025-01-31T13:58:10.000Z</time></trkpt>
      <trkpt lat="52.976174" lon="-1.471570"><ele>67.8</ele><time>2025-01-31T13:58:11.000Z</time></trkpt>
      <trkpt lat="52.976161" lon="-1.471562"><ele>67.8</ele><time>2025-01-31T13:58:12.000Z</time></trkpt>
      <trkpt lat="52.976147" lon="-1.471555"><ele>67.8</ele><time>2025-01-31T13:58:13.000Z</time></trkpt>
      <trkpt lat="52.976134" lon="-1.471546"><ele>67.8</ele><time>2025-01-31T13:58:14.000Z</time></trkpt>
      <trkpt lat="52.976122" lon="-1.471536"><ele>67.8</ele><time>2025-01-31T13:58:15.000Z</time></trkpt>
      <trkpt lat="52.976110" lon="-1.471524"><ele>67.6</ele><time>2025-01-31T13:58:16.000Z</time></trkpt>
      <trkpt lat="52.976098" lon="-1.471513"><ele>67.6</ele><time>2025-01-31T13:58:17.000Z</time></trkpt>
      <trkpt lat="52.976085" lon="-1.471503"><ele>67.6</ele><time>2025-01-31T13:58:18.000Z</time></trkpt>
      <trkpt lat="52.976072" lon="-1.471495"><ele>67.6</ele><time>2025-01-31T13:58:19.000Z</time></trkpt>
      <trkpt lat="52.976058" lon="-1.471488"><ele>67.6</ele><time>2025-01-31T13:58:20.000Z</time></trkpt>
      <trkpt lat="52.976045" lon="-1.471481"><ele>67.6</ele><time>2025-01-31T13:58:21.000Z</time></trkpt>
      <trkpt lat="52.976031" lon="-1.471474"><ele>67.6</ele><time>2025-01-31T13:58:22.000Z</time></trkpt>
      <trkpt lat="52.976017" lon="-1.471466"><ele>67.6</ele><time>2025-01-31T13:58:23.000Z</time></trkpt>
      <trkpt lat="52.976004" lon="-1.471458"><ele>67.6</ele><time>2025-01-31T13:58:24.000Z</time></trkpt>
      <trkpt lat="52.975991" lon="-1.471449"><ele>67.6</ele><time>2025-01-31T13:58:25.000Z</time></trkpt>
      <trkpt lat="52.975977" lon="-1.471442"><ele>67.6</ele><time>2025-01-31T13:58:26.000Z</time></trkpt>
      <trkpt lat="52.975964" lon="-1.471435"><ele>67.6</ele><time>2025-01-31T13:58:27.000Z</time></trkpt>
      <trkpt lat="52.975950" lon="-1.471430"><ele>67.6</ele><time>2025-01-31T13:58:28.000Z</time></trkpt>
      <trkpt lat="52.975937" lon="-1.471422"><ele>67.4</ele><time>2025-01-31T13:58:29.000Z</time></trkpt>
      <trkpt lat="52.975923" lon="-1.471414"><ele>67.4</ele><time>2025-01-31T13:58:30.000Z</time></trkpt>
      <trkpt lat="52.975910" lon="-1.471406"><ele>67.4</ele><time>2025-01-31T13:58:31.000Z</time></trkpt>
      <trkpt lat="52.975897" lon="-1.471398"><ele>67.4</ele><time>2025-01-31T13:58:32.000Z</time></trkpt>
      <trkpt lat="52.975883" lon="-1.471390"><ele>67.4</ele><time>2025-01-31T13:58:33.000Z</time></trkpt>
      <trkpt lat="52.975870" lon="-1.471382"><ele>67.4</ele><time>2025-01-31T13:58:34.000Z</time></trkpt>
      <trkpt lat="52.975856" lon="-1.471372"><ele>67.4</ele><time>2025-01-31T13:58:35.000Z</time></trkpt>
      <trkpt lat="52.975843" lon="-1.471363"><ele>67.4</ele><time>2025-01-31T13:58:36.000Z</time></trkpt>
      <trkpt lat="52.975830" lon="-1.471354"><ele>67.4</ele><time>2025-01-31T13:58:37.000Z</time></trkpt>
      <trkpt lat="52.975816" lon="-1.471347"><ele>67.4</ele><time>2025-01-31T13:58:38.000Z</time></trkpt>
      <trkpt lat="52.975803" lon="-1.471341"><ele>67.2</ele><time>2025-01-31T13:58:39.000Z</time></trkpt>
      <trkpt lat="52.975789" lon="-1.471335"><ele>67.2</ele><time>2025-01-31T13:58:40.000Z</time></trkpt>
      <trkpt lat="52.975775" lon="-1.471329"><ele>67.2</ele><time>2025-01-31T13:58:41.000Z</time></trkpt>
      <trkpt lat="52.975762" lon="-1.471323"><ele>67.2</ele><time>2025-01-31T13:58:42.000Z</time></trkpt>
      <trkpt lat="52.975749" lon="-1.471315"><ele>67.2</ele><time>2025-01-31T13:58:43.000Z</time></trkpt>
      <trkpt lat="52.975737" lon="-1.471307"><ele>67.2</ele><time>2025-01-31T13:58:44.000Z</time></trkpt>
      <trkpt lat="52.975724" lon="-1.471298"><ele>67.2</ele><time>2025-01-31T13:58:45.000Z</time></trkpt>
      <trkpt lat="52.975711" lon="-1.471290"><ele>67.0</ele><time>2025-01-31T13:58:46.000Z</time></trkpt>
      <trkpt lat="52.975697" lon="-1.471282"><ele>67.0</ele><time>2025-01-31T13:58:47.000Z</time></trkpt>
      <trkpt lat="52.975684" lon="-1.471274"><ele>67.0</ele><time>2025-01-31T13:58:48.000Z</time></trkpt>
      <trkpt lat="52.975670" lon="-1.471267"><ele>67.0</ele><time>2025-01-31T13:58:49.000Z</time></trkpt>
      <trkpt lat="52.975657" lon="-1.471259"><ele>67.0</ele><time>2025-01-31T13:58:50.000Z</time></trkpt>
      <trkpt lat="52.975644" lon="-1.471251"><ele>67.0</ele><time>2025-01-31T13:58:51.000Z</time></trkpt>
      <trkpt lat="52.975630" lon="-1.471243"><ele>67.0</ele><time>2025-01-31T13:58:52.000Z</time></trkpt>
      <trkpt lat="52.975617" lon="-1.471234"><ele>66.8</ele><time>2025-01-31T13:58:53.000Z</time></trkpt>
      <trkpt lat="52.975604" lon="-1.471226"><ele>66.8</ele><time>2025-01-31T13:58:54.000Z</time></trkpt>
      <trkpt lat="52.975591" lon="-1.471218"><ele>66.8</ele><time>2025-01-31T13:58:55.000Z</time></trkpt>
      <trkpt lat="52.975578" lon="-1.471209"><ele>66.8</ele><time>2025-01-31T13:58:56.000Z</time></trkpt>
      <trkpt lat="52.975566" lon="-1.471200"><ele>66.8</ele><time>2025-01-31T13:58:57.000Z</time></trkpt>
      <trkpt lat="52.975553" lon="-1.471191"><ele>66.8</ele><time>2025-01-31T13:58:58.000Z</time></trkpt>
      <trkpt lat="52.975540" lon="-1.471182"><ele>66.8</ele><time>2025-01-31T13:58:59.000Z</time></trkpt>
      <trkpt lat="52.975528" lon="-1.471173"><ele>66.8</ele><time>2025-01-31T13:59:00.000Z</time></trkpt>
      <trkpt lat="52.975515" lon="-1.471165"><ele>66.8</ele><time>2025-01-31T13:59:01.000Z</time></trkpt>
      <trkpt lat="52.975501" lon="-1.471158"><ele>66.8</ele><time>2025-01-31T13:59:02.000Z</time></trkpt>
      <trkpt lat="52.975487" lon="-1.471150"><ele>66.8</ele><time>2025-01-31T13:59:03.000Z</time></trkpt>
      <trkpt lat="52.975474" lon="-1.471141"><ele>66.8</ele><time>2025-01-31T13:59:04.000Z</time></trkpt>
      <trkpt lat="52.975461" lon="-1.471132"><ele>66.6</ele><time>2025-01-31T13:59:05.000Z</time></trkpt>
      <trkpt lat="52.975447" lon="-1.471122"><ele>66.6</ele><time>2025-01-31T13:59:06.000Z</time></trkpt>
      <trkpt lat="52.975433" lon="-1.471114"><ele>66.6</ele><time>2025-01-31T13:59:07.000Z</time></trkpt>
      <trkpt lat="52.975420" lon="-1.471106"><ele>66.6</ele><time>2025-01-31T13:59:08.000Z</time></trkpt>
      <trkpt lat="52.975407" lon="-1.471098"><ele>66.6</ele><time>2025-01-31T13:59:09.000Z</time></trkpt>
      <trkpt lat="52.975394" lon="-1.471089"><ele>66.4</ele><time>2025-01-31T13:59:10.000Z</time></trkpt>
      <trkpt lat="52.975381" lon="-1.471080"><ele>66.4</ele><time>2025-01-31T13:59:11.000Z</time></trkpt>
      <trkpt lat="52.975368" lon="-1.471071"><ele>66.4</ele><time>2025-01-31T13:59:12.000Z</time></trkpt>
      <trkpt lat="52.975355" lon="-1.471063"><ele>66.4</ele><time>2025-01-31T13:59:13.000Z</time></trkpt>
      <trkpt lat="52.975341" lon="-1.471055"><ele>66.4</ele><time>2025-01-31T13:59:14.000Z</time></trkpt>
      <trkpt lat="52.975327" lon="-1.471048"><ele>66.4</ele><time>2025-01-31T13:59:15.000Z</time></trkpt>
      <trkpt lat="52.975313" lon="-1.471040"><ele>66.2</ele><time>2025-01-31T13:59:16.000Z</time></trkpt>
      <trkpt lat="52.975299" lon="-1.471032"><ele>66.2</ele><time>2025-01-31T13:59:17.000Z</time></trkpt>
      <trkpt lat="52.975285" lon="-1.471022"><ele>66.2</ele><time>2025-01-31T13:59:18.000Z</time></trkpt>
      <trkpt lat="52.975272" lon="-1.471013"><ele>66.2</ele><time>2025-01-31T13:59:19.000Z</time></trkpt>
      <trkpt lat="52.975259" lon="-1.471003"><ele>66.2</ele><time>2025-01-31T13:59:20.000Z</time></trkpt>
      <trkpt lat="52.975246" lon="-1.470995"><ele>66.2</ele><time>2025-01-31T13:59:21.000Z</time></trkpt>
      <trkpt lat="52.975233" lon="-1.470987"><ele>66.2</ele><time>2025-01-31T13:59:22.000Z</time></trkpt>
      <trkpt lat="52.975219" lon="-1.470980"><ele>66.2</ele><time>2025-01-31T13:59:23.000Z</time></trkpt>
      <trkpt lat="52.975206" lon="-1.470974"><ele>66.2</ele><time>2025-01-31T13:59:24.000Z</time></trkpt>
      <trkpt lat="52.975192" lon="-1.470967"><ele>66.2</ele><time>2025-01-31T13:59:25.000Z</time></trkpt>
      <trkpt lat="52.975179" lon="-1.470960"><ele>66.2</ele><time>2025-01-31T13:59:26.000Z</time></trkpt>
      <trkpt lat="52.975165" lon="-1.470951"><ele>66.2</ele><time>2025-01-31T13:59:27.000Z</time></trkpt>
      <trkpt lat="52.975152" lon="-1.470942"><ele>66.2</ele><time>2025-01-31T13:59:28.000Z</time></trkpt>
      <trkpt lat="52.975139" lon="-1.470931"><ele>66.2</ele><time>2025-01-31T13:59:29.000Z</time></trkpt>
      <trkpt lat="52.975125" lon="-1.470922"><ele>66.2</ele><time>2025-01-31T13:59:30.000Z</time></trkpt>
      <trkpt lat="52.975112" lon="-1.470913"><ele>66.0</ele><time>2025-01-31T13:59:31.000Z</time></trkpt>
      <trkpt lat="52.975098" lon="-1.470904"><ele>66.0</ele><time>2025-01-31T13:59:32.000Z</time></trkpt>
      <trkpt lat="52.975085" lon="-1.470896"><ele>66.0</ele><time>2025-01-31T13:59:33.000Z</time></trkpt>
      <trkpt lat="52.975072" lon="-1.470888"><ele>66.0</ele><time>2025-01-31T13:59:34.000Z</time></trkpt>
      <trkpt lat="52.975059" lon="-1.470879"><ele>66.0</ele><time>2025-01-31T13:59:35.000Z</time></trkpt>
      <trkpt lat="52.975047" lon="-1.470870"><ele>66.0</ele><time>2025-01-31T13:59:36.000Z</time></trkpt>
      <trkpt lat="52.975034" lon="-1.470859"><ele>66.0</ele><time>2025-01-31T13:59:37.000Z</time></trkpt>
      <trkpt lat="52.975022" lon="-1.470850"><ele>66.0</ele><time>2025-01-31T13:59:38.000Z</time></trkpt>
      <trkpt lat="52.975008" lon="-1.470842"><ele>66.0</ele><time>2025-01-31T13:59:39.000Z</time></trkpt>
      <trkpt lat="52.974995" lon="-1.470833"><ele>65.8</ele><time>2025-01-31T13:59:40.000Z</time></trkpt>
      <trkpt lat="52.974982" lon="-1.470825"><ele>65.8</ele><time>2025-01-31T13:59:41.000Z</time></trkpt>
      <trkpt lat="52.974969" lon="-1.470816"><ele>65.8</ele><time>2025-01-31T13:59:42.000Z</time></trkpt>
      <trkpt lat="52.974956" lon="-1.470808"><ele>65.8</ele><time>2025-01-31T13:59:43.000Z</time></trkpt>
      <trkpt lat="52.974942" lon="-1.470800"><ele>65.8</ele><time>2025-01-31T13:59:44.000Z</time></trkpt>
      <trkpt lat="52.974929" lon="-1.470791"><ele>65.8</ele><time>2025-01-31T13:59:45.000Z</time></trkpt>
      <trkpt lat="52.974916" lon="-1.470782"><ele>65.8</ele><time>2025-01-31T13:59:46.000Z</time></trkpt>
      <trkpt lat="52.974903" lon="-1.470774"><ele>65.8</ele><time>2025-01-31T13:59:47.000Z</time></trkpt>
      <trkpt lat="52.974889" lon="-1.470766"><ele>65.8</ele><time>2025-01-31T13:59:48.000Z</time></trkpt>
      <trkpt lat="52.974876" lon="-1.470757"><ele>65.8</ele><time>2025-01-31T13:59:49.000Z</time></trkpt>
      <trkpt lat="52.974862" lon="-1.470750"><ele>65.6</ele><time>2025-01-31T13:59:50.000Z</time></trkpt>
      <trkpt lat="52.974849" lon="-1.470743"><ele>65.6</ele><time>2025-01-31T13:59:51.000Z</time></trkpt>
      <trkpt lat="52.974835" lon="-1.470736"><ele>65.6</ele><time>2025-01-31T13:59:52.000Z</time></trkpt>
      <trkpt lat="52.974822" lon="-1.470728"><ele>65.6</ele><time>2025-01-31T13:59:53.000Z</time></trkpt>
      <trkpt lat="52.974809" lon="-1.470719"><ele>65.6</ele><time>2025-01-31T13:59:54.000Z</time></trkpt>
      <trkpt lat="52.974796" lon="-1.470710"><ele>65.6</ele><time>2025-01-31T13:59:55.000Z</time></trkpt>
      <trkpt lat="52.974782" lon="-1.470701"><ele>65.6</ele><time>2025-01-31T13:59:56.000Z</time></trkpt>
      <trkpt lat="52.974769" lon="-1.470692"><ele>65.6</ele><time>2025-01-31T13:59:57.000Z</time></trkpt>
      <trkpt lat="52.974756" lon="-1.470683"><ele>65.6</ele><time>2025-01-31T13:59:58.000Z</time></trkpt>
      <trkpt lat="52.974743" lon="-1.470674"><ele>65.6</ele><time>2025-01-31T13:59:59.000Z</time></trkpt>
      <trkpt lat="52.974730" lon="-1.470666"><ele>65.6</ele><time>2025-01-31T14:00:00.000Z</time></trkpt>
      <trkpt lat="52.974717" lon="-1.470657"><ele>65.6</ele><time>2025-01-31T14:00:01.000Z</time></trkpt>
      <trkpt lat="52.974704" lon="-1.470649"><ele>65.6</ele><time>2025-01-31T14:00:02.000Z</time></trkpt>
      <trkpt lat="52.974691" lon="-1.470641"><ele>65.6</ele><time>2025-01-31T14:00:03.000Z</time></trkpt>
      <trkpt lat="52.974677" lon="-1.470633"><ele>65.6</ele><time>2025-01-31T14:00:04.000Z</time></trkpt>
      <trkpt lat="52.974664" lon="-1.470626"><ele>65.6</ele><time>2025-01-31T14:00:05.000Z</time></trkpt>
      <trkpt lat="52.974651" lon="-1.470618"><ele>65.6</ele><time>2025-01-31T14:00:06.000Z</time></trkpt>
      <trkpt lat="52.974638" lon="-1.470610"><ele>65.6</ele><time>2025-01-31T14:00:07.000Z</time></trkpt>
      <trkpt lat="52.974624" lon="-1.470602"><ele>65.6</ele><time>2025-01-31T14:00:08.000Z</time></trkpt>
      <trkpt lat="52.974611" lon="-1.470594"><ele>65.6</ele><time>2025-01-31T14:00:09.000Z</time></trkpt>
      <trkpt lat="52.974597" lon="-1.470587"><ele>65.6</ele><time>2025-01-31T14:00:10.000Z</time></trkpt>
      <trkpt lat="52.974584" lon="-1.470581"><ele>65.6</ele><time>2025-01-31T14:00:11.000Z</time></trkpt>
      <trkpt lat="52.974570" lon="-1.470574"><ele>65.6</ele><time>2025-01-31T14:00:12.000Z</time></trkpt>
      <trkpt lat="52.974557" lon="-1.470566"><ele>65.4</ele><time>2025-01-31T14:00:13.000Z</time></trkpt>
      <trkpt lat="52.974543" lon="-1.470559"><ele>65.4</ele><time>2025-01-31T14:00:14.000Z</time></trkpt>
      <trkpt lat="52.974530" lon="-1.470552"><ele>65.4</ele><time>2025-01-31T14:00:15.000Z</time></trkpt>
      <trkpt lat="52.974517" lon="-1.470545"><ele>65.4</ele><time>2025-01-31T14:00:16.000Z</time></trkpt>
      <trkpt lat="52.974503" lon="-1.470539"><ele>65.2</ele><time>2025-01-31T14:00:17.000Z</time></trkpt>
      <trkpt lat="52.974490" lon="-1.470532"><ele>65.2</ele><time>2025-01-31T14:00:18.000Z</time></trkpt>
      <trkpt lat="52.974476" lon="-1.470526"><ele>65.2</ele><time>2025-01-31T14:00:19.000Z</time></trkpt>
      <trkpt lat="52.974462" lon="-1.470520"><ele>65.0</ele><time>2025-01-31T14:00:20.000Z</time></trkpt>
      <trkpt lat="52.974447" lon="-1.470515"><ele>65.0</ele><time>2025-01-31T14:00:21.000Z</time></trkpt>
      <trkpt lat="52.974433" lon="-1.470510"><ele>65.0</ele><time>2025-01-31T14:00:22.000Z</time></trkpt>
      <trkpt lat="52.974418" lon="-1.470504"><ele>64.8</ele><time>2025-01-31T14:00:23.000Z</time></trkpt>
      <trkpt lat="52.974404" lon="-1.470498"><ele>64.8</ele><time>2025-01-31T14:00:24.000Z</time></trkpt>
      <trkpt lat="52.974390" lon="-1.470492"><ele>64.8</ele><time>2025-01-31T14:00:25.000Z</time></trkpt>
      <trkpt lat="52.974375" lon="-1.470487"><ele>64.6</ele><time>2025-01-31T14:00:26.000Z</time></trkpt>
      <trkpt lat="52.974361" lon="-1.470481"><ele>64.6</ele><time>2025-01-31T14:00:27.000Z</time></trkpt>
      <trkpt lat="52.974347" lon="-1.470476"><ele>64.6</ele><time>2025-01-31T14:00:28.000Z</time></trkpt>
      <trkpt lat="52.974332" lon="-1.470470"><ele>64.6</ele><time>2025-01-31T14:00:29.000Z</time></trkpt>
      <trkpt lat="52.974318" lon="-1.470465"><ele>64.4</ele><time>2025-01-31T14:00:30.000Z</time></trkpt>
      <trkpt lat="52.974304" lon="-1.470461"><ele>64.4</ele><time>2025-01-31T14:00:31.000Z</time></trkpt>
      <trkpt lat="52.974289" lon="-1.470457"><ele>64.4</ele><time>2025-01-31T14:00:32.000Z</time></trkpt>
      <trkpt lat="52.974274" lon="-1.470454"><ele>64.4</ele><time>2025-01-31T14:00:33.000Z</time></trkpt>
      <trkpt lat="52.974259" lon="-1.470453"><ele>64.4</ele><time>2025-01-31T14:00:34.000Z</time></trkpt>
      <trkpt lat="52.974244" lon="-1.470452"><ele>64.2</ele><time>2025-01-31T14:00:35.000Z</time></trkpt>
      <trkpt lat="52.974229" lon="-1.470453"><ele>64.2</ele><time>2025-01-31T14:00:36.000Z</time></trkpt>
      <trkpt lat="52.974215" lon="-1.470454"><ele>64.2</ele><time>2025-01-31T14:00:37.000Z</time></trkpt>
      <trkpt lat="52.974201" lon="-1.470455"><ele>64.0</ele><time>2025-01-31T14:00:38.000Z</time></trkpt>
      <trkpt lat="52.974187" lon="-1.470454"><ele>64.0</ele><time>2025-01-31T14:00:39.000Z</time></trkpt>
      <trkpt lat="52.974172" lon="-1.470453"><ele>63.8</ele><time>2025-01-31T14:00:40.000Z</time></trkpt>
      <trkpt lat="52.974159" lon="-1.470454"><ele>63.8</ele><time>2025-01-31T14:00:41.000Z</time></trkpt>
      <trkpt lat="52.974145" lon="-1.470456"><ele>63.6</ele><time>2025-01-31T14:00:42.000Z</time></trkpt>
      <trkpt lat="52.974131" lon="-1.470459"><ele>63.6</ele><time>2025-01-31T14:00:43.000Z</time></trkpt>
      <trkpt lat="52.974118" lon="-1.470460"><ele>63.4</ele><time>2025-01-31T14:00:44.000Z</time></trkpt>
      <trkpt lat="52.974104" lon="-1.470459"><ele>63.4</ele><time>2025-01-31T14:00:45.000Z</time></trkpt>
      <trkpt lat="52.974091" lon="-1.470459"><ele>63.2</ele><time>2025-01-31T14:00:46.000Z</time></trkpt>
      <trkpt lat="52.974078" lon="-1.470460"><ele>63.0</ele><time>2025-01-31T14:00:47.000Z</time></trkpt>
      <trkpt lat="52.974065" lon="-1.470460"><ele>63.0</ele><time>2025-01-31T14:00:48.000Z</time></trkpt>
      <trkpt lat="52.974051" lon="-1.470460"><ele>62.8</ele><time>2025-01-31T14:00:49.000Z</time></trkpt>
      <trkpt lat="52.974038" lon="-1.470460"><ele>62.6</ele><time>2025-01-31T14:00:50.000Z</time></trkpt>
      <trkpt lat="52.974025" lon="-1.470460"><ele>62.6</ele><time>2025-01-31T14:00:51.000Z</time></trkpt>
      <trkpt lat="52.974011" lon="-1.470460"><ele>62.4</ele><time>2025-01-31T14:00:52.000Z</time></trkpt>
      <trkpt lat="52.973998" lon="-1.470459"><ele>62.2</ele><time>2025-01-31T14:00:53.000Z</time></trkpt>
      <trkpt lat="52.973985" lon="-1.470458"><ele>62.2</ele><time>2025-01-31T14:00:54.000Z</time></trkpt>
      <trkpt lat="52.973972" lon="-1.470456"><ele>62.0</ele><time>2025-01-31T14:00:55.000Z</time></trkpt>
      <trkpt lat="52.973959" lon="-1.470453"><ele>61.8</ele><time>2025-01-31T14:00:56.000Z</time></trkpt>
      <trkpt lat="52.973949" lon="-1.470445"><ele>61.8</ele><time>2025-01-31T14:00:57.000Z</time></trkpt>
      <trkpt lat="52.973942" lon="-1.470428"><ele>61.6</ele><time>2025-01-31T14:00:58.000Z</time></trkpt>
      <trkpt lat="52.973938" lon="-1.470405"><ele>61.4</ele><time>2025-01-31T14:00:59.000Z</time></trkpt>
      <trkpt lat="52.973934" lon="-1.470382"><ele>61.4</ele><time>2025-01-31T14:01:00.000Z</time></trkpt>
      <trkpt lat="52.973927" lon="-1.470362"><ele>61.2</ele><time>2025-01-31T14:01:01.000Z</time></trkpt>
      <trkpt lat="52.973917" lon="-1.470347"><ele>61.2</ele><time>2025-01-31T14:01:02.000Z</time></trkpt>
      <trkpt lat="52.973904" lon="-1.470337"><ele>61.0</ele><time>2025-01-31T14:01:03.000Z</time></trkpt>
      <trkpt lat="52.973890" lon="-1.470330"><ele>61.0</ele><time>2025-01-31T14:01:04.000Z</time></trkpt>
      <trkpt lat="52.973876" lon="-1.470325"><ele>61.0</ele><time>2025-01-31T14:01:05.000Z</time></trkpt>
      <trkpt lat="52.973861" lon="-1.470321"><ele>60.8</ele><time>2025-01-31T14:01:06.000Z</time></trkpt>
      <trkpt lat="52.973846" lon="-1.470317"><ele>60.8</ele><time>2025-01-31T14:01:07.000Z</time></trkpt>
      <trkpt lat="52.973831" lon="-1.470311"><ele>60.6</ele><time>2025-01-31T14:01:08.000Z</time></trkpt>
      <trkpt lat="52.973817" lon="-1.470304"><ele>60.6</ele><time>2025-01-31T14:01:09.000Z</time></trkpt>
      <trkpt lat="52.973803" lon="-1.470297"><ele>60.6</ele><time>2025-01-31T14:01:10.000Z</time></trkpt>
      <trkpt lat="52.973790" lon="-1.470290"><ele>60.4</ele><time>2025-01-31T14:01:11.000Z</time></trkpt>
      <trkpt lat="52.973776" lon="-1.470283"><ele>60.4</ele><time>2025-01-31T14:01:12.000Z</time></trkpt>
      <trkpt lat="52.973763" lon="-1.470276"><ele>60.4</ele><time>2025-01-31T14:01:13.000Z</time></trkpt>
      <trkpt lat="52.973750" lon="-1.470268"><ele>60.4</ele><time>2025-01-31T14:01:14.000Z</time></trkpt>
      <trkpt lat="52.973737" lon="-1.470259"><ele>60.2</ele><time>2025-01-31T14:01:15.000Z</time></trkpt>
      <trkpt lat="52.973725" lon="-1.470249"><ele>60.2</ele><time>2025-01-31T14:01:16.000Z</time></trkpt>
      <trkpt lat="52.973712" lon="-1.470239"><ele>60.2</ele><time>2025-01-31T14:01:17.000Z</time></trkpt>
      <trkpt lat="52.973700" lon="-1.470230"><ele>60.2</ele><time>2025-01-31T14:01:18.000Z</time></trkpt>
      <trkpt lat="52.973687" lon="-1.470222"><ele>60.0</ele><time>2025-01-31T14:01:19.000Z</time></trkpt>
      <trkpt lat="52.973674" lon="-1.470213"><ele>60.0</ele><time>2025-01-31T14:01:20.000Z</time></trkpt>
      <trkpt lat="52.973661" lon="-1.470204"><ele>60.0</ele><time>2025-01-31T14:01:21.000Z</time></trkpt>
      <trkpt lat="52.973648" lon="-1.470195"><ele>60.0</ele><time>2025-01-31T14:01:22.000Z</time></trkpt>
      <trkpt lat="52.973635" lon="-1.470185"><ele>60.0</ele><time>2025-01-31T14:01:23.000Z</time></trkpt>
      <trkpt lat="52.973622" lon="-1.470175"><ele>60.0</ele><time>2025-01-31T14:01:24.000Z</time></trkpt>
      <trkpt lat="52.973608" lon="-1.470165"><ele>59.8</ele><time>2025-01-31T14:01:25.000Z</time></trkpt>
      <trkpt lat="52.973595" lon="-1.470155"><ele>59.8</ele><time>2025-01-31T14:01:26.000Z</time></trkpt>
      <trkpt lat="52.973582" lon="-1.470145"><ele>59.8</ele><time>2025-01-31T14:01:27.000Z</time></trkpt>
      <trkpt lat="52.973569" lon="-1.470134"><ele>59.6</ele><time>2025-01-31T14:01:28.000Z</time></trkpt>
      <trkpt lat="52.973556" lon="-1.470124"><ele>59.6</ele><time>2025-01-31T14:01:29.000Z</time></trkpt>
      <trkpt lat="52.973543" lon="-1.470115"><ele>59.6</ele><time>2025-01-31T14:01:30.000Z</time></trkpt>
      <trkpt lat="52.973529" lon="-1.470106"><ele>59.4</ele><time>2025-01-31T14:01:31.000Z</time></trkpt>
      <trkpt lat="52.973515" lon="-1.470098"><ele>59.4</ele><time>2025-01-31T14:01:32.000Z</time></trkpt>
      <trkpt lat="52.973502" lon="-1.470091"><ele>59.4</ele><time>2025-01-31T14:01:33.000Z</time></trkpt>
      <trkpt lat="52.973488" lon="-1.470083"><ele>59.2</ele><time>2025-01-31T14:01:34.000Z</time></trkpt>
      <trkpt lat="52.973476" lon="-1.470074"><ele>59.2</ele><time>2025-01-31T14:01:35.000Z</time></trkpt>
      <trkpt lat="52.973463" lon="-1.470066"><ele>59.2</ele><time>2025-01-31T14:01:36.000Z</time></trkpt>
      <trkpt lat="52.973449" lon="-1.470058"><ele>59.0</ele><time>2025-01-31T14:01:37.000Z</time></trkpt>
      <trkpt lat="52.973435" lon="-1.470051"><ele>59.0</ele><time>2025-01-31T14:01:38.000Z</time></trkpt>
      <trkpt lat="52.973422" lon="-1.470043"><ele>59.0</ele><time>2025-01-31T14:01:39.000Z</time></trkpt>
      <trkpt lat="52.973408" lon="-1.470034"><ele>59.0</ele><time>2025-01-31T14:01:40.000Z</time></trkpt>
      <trkpt lat="52.973394" lon="-1.470025"><ele>58.8</ele><time>2025-01-31T14:01:41.000Z</time></trkpt>
      <trkpt lat="52.973380" lon="-1.470016"><ele>58.8</ele><time>2025-01-31T14:01:42.000Z</time></trkpt>
      <trkpt lat="52.973367" lon="-1.470007"><ele>58.8</ele><time>2025-01-31T14:01:43.000Z</time></trkpt>
      <trkpt lat="52.973353" lon="-1.469998"><ele>58.6</ele><time>2025-01-31T14:01:44.000Z</time></trkpt>
      <trkpt lat="52.973339" lon="-1.469989"><ele>58.6</ele><time>2025-01-31T14:01:45.000Z</time></trkpt>
      <trkpt lat="52.973326" lon="-1.469980"><ele>58.6</ele><time>2025-01-31T14:01:46.000Z</time></trkpt>
      <trkpt lat="52.973313" lon="-1.469970"><ele>58.6</ele><time>2025-01-31T14:01:47.000Z</time></trkpt>
      <trkpt lat="52.973300" lon="-1.469961"><ele>58.4</ele><time>2025-01-31T14:01:48.000Z</time></trkpt>
      <trkpt lat="52.973287" lon="-1.469952"><ele>58.4</ele><time>2025-01-31T14:01:49.000Z</time></trkpt>
      <trkpt lat="52.973273" lon="-1.469945"><ele>58.4</ele><time>2025-01-31T14:01:50.000Z</time></trkpt>
      <trkpt lat="52.973260" lon="-1.469938"><ele>58.4</ele><time>2025-01-31T14:01:51.000Z</time></trkpt>
      <trkpt lat="52.973247" lon="-1.469930"><ele>58.4</ele><time>2025-01-31T14:01:52.000Z</time></trkpt>
      <trkpt lat="52.973234" lon="-1.469923"><ele>58.4</ele><time>2025-01-31T14:01:53.000Z</time></trkpt>
      <trkpt lat="52.973220" lon="-1.469916"><ele>58.2</ele><time>2025-01-31T14:01:54.000Z</time></trkpt>
      <trkpt lat="52.973206" lon="-1.469912"><ele>58.2</ele><time>2025-01-31T14:01:55.000Z</time></trkpt>
      <trkpt lat="52.973192" lon="-1.469908"><ele>58.2</ele><time>2025-01-31T14:01:56.000Z</time></trkpt>
      <trkpt lat="52.973177" lon="-1.469902"><ele>58.2</ele><time>2025-01-31T14:01:57.000Z</time></trkpt>
      <trkpt lat="52.973164" lon="-1.469894"><ele>58.2</ele><time>2025-01-31T14:01:58.000Z</time></trkpt>
      <trkpt lat="52.973150" lon="-1.469886"><ele>58.2</ele><time>2025-01-31T14:01:59.000Z</time></trkpt>
      <trkpt lat="52.973136" lon="-1.469878"><ele>58.2</ele><time>2025-01-31T14:02:00.000Z</time></trkpt>
      <trkpt lat="52.973123" lon="-1.469871"><ele>58.4</ele><time>2025-01-31T14:02:01.000Z</time></trkpt>
      <trkpt lat="52.973109" lon="-1.469864"><ele>58.4</ele><time>2025-01-31T14:02:02.000Z</time></trkpt>
      <trkpt lat="52.973096" lon="-1.469856"><ele>58.4</ele><time>2025-01-31T14:02:03.000Z</time></trkpt>
      <trkpt lat="52.973083" lon="-1.469846"><ele>58.4</ele><time>2025-01-31T14:02:04.000Z</time></trkpt>
      <trkpt lat="52.973071" lon="-1.469835"><ele>58.2</ele><time>2025-01-31T14:02:05.000Z</time></trkpt>
      <trkpt lat="52.973058" lon="-1.469825"><ele>58.2</ele><time>2025-01-31T14:02:06.000Z</time></trkpt>
      <trkpt lat="52.973045" lon="-1.469816"><ele>58.2</ele><time>2025-01-31T14:02:07.000Z</time></trkpt>
      <trkpt lat="52.973031" lon="-1.469808"><ele>58.2</ele><time>2025-01-31T14:02:08.000Z</time></trkpt>
      <trkpt lat="52.973017" lon="-1.469802"><ele>58.0</ele><time>2025-01-31T14:02:09.000Z</time></trkpt>
      <trkpt lat="52.973003" lon="-1.469796"><ele>58.0</ele><time>2025-01-31T14:02:10.000Z</time></trkpt>
      <trkpt lat="52.972989" lon="-1.469788"><ele>58.0</ele><time>2025-01-31T14:02:11.000Z</time></trkpt>
      <trkpt lat="52.972975" lon="-1.469780"><ele>57.8</ele><time>2025-01-31T14:02:12.000Z</time></trkpt>
      <trkpt lat="52.972961" lon="-1.469773"><ele>57.8</ele><time>2025-01-31T14:02:13.000Z</time></trkpt>
      <trkpt lat="52.972947" lon="-1.469766"><ele>57.6</ele><time>2025-01-31T14:02:14.000Z</time></trkpt>
      <trkpt lat="52.972933" lon="-1.469759"><ele>57.6</ele><time>2025-01-31T14:02:15.000Z</time></trkpt>
      <trkpt lat="52.972919" lon="-1.469752"><ele>57.4</ele><time>2025-01-31T14:02:16.000Z</time></trkpt>
      <trkpt lat="52.972905" lon="-1.469745"><ele>57.4</ele><time>2025-01-31T14:02:17.000Z</time></trkpt>
      <trkpt lat="52.972892" lon="-1.469737"><ele>57.2</ele><time>2025-01-31T14:02:18.000Z</time></trkpt>
      <trkpt lat="52.972878" lon="-1.469730"><ele>57.2</ele><time>2025-01-31T14:02:19.000Z</time></trkpt>
      <trkpt lat="52.972865" lon="-1.469722"><ele>57.0</ele><time>2025-01-31T14:02:20.000Z</time></trkpt>
      <trkpt lat="52.972851" lon="-1.469714"><ele>57.0</ele><time>2025-01-31T14:02:21.000Z</time></trkpt>
      <trkpt lat="52.972837" lon="-1.469706"><ele>57.0</ele><time>2025-01-31T14:02:22.000Z</time></trkpt>
      <trkpt lat="52.972823" lon="-1.469698"><ele>56.8</ele><time>2025-01-31T14:02:23.000Z</time></trkpt>
      <trkpt lat="52.972809" lon="-1.469690"><ele>56.8</ele><time>2025-01-31T14:02:24.000Z</time></trkpt>
      <trkpt lat="52.972796" lon="-1.469680"><ele>56.8</ele><time>2025-01-31T14:02:25.000Z</time></trkpt>
      <trkpt lat="52.972781" lon="-1.469671"><ele>56.8</ele><time>2025-01-31T14:02:26.000Z</time></trkpt>
      <trkpt lat="52.972767" lon="-1.469663"><ele>56.8</ele><time>2025-01-31T14:02:27.000Z</time></trkpt>
      <trkpt lat="52.972754" lon="-1.469654"><ele>56.8</ele><time>2025-01-31T14:02:28.000Z</time></trkpt>
      <trkpt lat="52.972740" lon="-1.469644"><ele>56.8</ele><time>2025-01-31T14:02:29.000Z</time></trkpt>
      <trkpt lat="52.972727" lon="-1.469634"><ele>56.8</ele><time>2025-01-31T14:02:30.000Z</time></trkpt>
      <trkpt lat="52.972714" lon="-1.469624"><ele>56.8</ele><time>2025-01-31T14:02:31.000Z</time></trkpt>
      <trkpt lat="52.972701" lon="-1.469615"><ele>56.8</ele><time>2025-01-31T14:02:32.000Z</time></trkpt>
      <trkpt lat="52.972688" lon="-1.469605"><ele>56.8</ele><time>2025-01-31T14:02:33.000Z</time></trkpt>
      <trkpt lat="52.972675" lon="-1.469595"><ele>57.0</ele><time>2025-01-31T14:02:34.000Z</time></trkpt>
      <trkpt lat="52.972663" lon="-1.469585"><ele>57.0</ele><time>2025-01-31T14:02:35.000Z</time></trkpt>
      <trkpt lat="52.972650" lon="-1.469574"><ele>57.0</ele><time>2025-01-31T14:02:36.000Z</time></trkpt>
      <trkpt lat="52.972638" lon="-1.469563"><ele>57.0</ele><time>2025-01-31T14:02:37.000Z</time></trkpt>
      <trkpt lat="52.972626" lon="-1.469552"><ele>57.0</ele><time>2025-01-31T14:02:38.000Z</time></trkpt>
      <trkpt lat="52.972613" lon="-1.469542"><ele>57.0</ele><time>2025-01-31T14:02:39.000Z</time></trkpt>
      <trkpt lat="52.972600" lon="-1.469532"><ele>57.0</ele><time>2025-01-31T14:02:40.000Z</time></trkpt>
      <trkpt lat="52.972588" lon="-1.469523"><ele>57.0</ele><time>2025-01-31T14:02:41.000Z</time></trkpt>
      <trkpt lat="52.972575" lon="-1.469514"><ele>56.8</ele><time>2025-01-31T14:02:42.000Z</time></trkpt>
      <trkpt lat="52.972562" lon="-1.469506"><ele>56.8</ele><time>2025-01-31T14:02:43.000Z</time></trkpt>
      <trkpt lat="52.972549" lon="-1.469498"><ele>56.8</ele><time>2025-01-31T14:02:44.000Z</time></trkpt>
      <trkpt lat="52.972536" lon="-1.469490"><ele>56.8</ele><time>2025-01-31T14:02:45.000Z</time></trkpt>
      <trkpt lat="52.972524" lon="-1.469479"><ele>56.8</ele><time>2025-01-31T14:02:46.000Z</time></trkpt>
      <trkpt lat="52.972512" lon="-1.469467"><ele>56.6</ele><time>2025-01-31T14:02:47.000Z</time></trkpt>
      <trkpt lat="52.972500" lon="-1.469453"><ele>56.6</ele><time>2025-01-31T14:02:48.000Z</time></trkpt>
      <trkpt lat="52.972489" lon="-1.469440"><ele>56.6</ele><time>2025-01-31T14:02:49.000Z</time></trkpt>
      <trkpt lat="52.972476" lon="-1.469426"><ele>56.4</ele><time>2025-01-31T14:02:50.000Z</time></trkpt>
      <trkpt lat="52.972464" lon="-1.469413"><ele>56.4</ele><time>2025-01-31T14:02:51.000Z</time></trkpt>
      <trkpt lat="52.972452" lon="-1.469399"><ele>56.2</ele><time>2025-01-31T14:02:52.000Z</time></trkpt>
      <trkpt lat="52.972440" lon="-1.469386"><ele>56.2</ele><time>2025-01-31T14:02:53.000Z</time></trkpt>
      <trkpt lat="52.972427" lon="-1.469374"><ele>56.2</ele><time>2025-01-31T14:02:54.000Z</time></trkpt>
      <trkpt lat="52.972415" lon="-1.469363"><ele>56.0</ele><time>2025-01-31T14:02:55.000Z</time></trkpt>
      <trkpt lat="52.972403" lon="-1.469352"><ele>56.0</ele><time>2025-01-31T14:02:56.000Z</time></trkpt>
      <trkpt lat="52.972390" lon="-1.469340"><ele>56.0</ele><time>2025-01-31T14:02:57.000Z</time></trkpt>
      <trkpt lat="52.972379" lon="-1.469328"><ele>55.8</ele><time>2025-01-31T14:02:58.000Z</time></trkpt>
      <trkpt lat="52.972367" lon="-1.469316"><ele>55.8</ele><time>2025-01-31T14:02:59.000Z</time></trkpt>
      <trkpt lat="52.972355" lon="-1.469304"><ele>55.8</ele><time>2025-01-31T14:03:00.000Z</time></trkpt>
      <trkpt lat="52.972343" lon="-1.469292"><ele>55.8</ele><time>2025-01-31T14:03:01.000Z</time></trkpt>
      <trkpt lat="52.972332" lon="-1.469280"><ele>55.6</ele><time>2025-01-31T14:03:02.000Z</time></trkpt>
      <trkpt lat="52.972320" lon="-1.469268"><ele>55.6</ele><time>2025-01-31T14:03:03.000Z</time></trkpt>
      <trkpt lat="52.972307" lon="-1.469257"><ele>55.6</ele><time>2025-01-31T14:03:04.000Z</time></trkpt>
      <trkpt lat="52.972295" lon="-1.469246"><ele>55.6</ele><time>2025-01-31T14:03:05.000Z</time></trkpt>
      <trkpt lat="52.972283" lon="-1.469234"><ele>55.6</ele><time>2025-01-31T14:03:06.000Z</time></trkpt>
      <trkpt lat="52.972271" lon="-1.469221"><ele>55.6</ele><time>2025-01-31T14:03:07.000Z</time></trkpt>
      <trkpt lat="52.972259" lon="-1.469207"><ele>55.6</ele><time>2025-01-31T14:03:08.000Z</time></trkpt>
      <trkpt lat="52.972248" lon="-1.469194"><ele>55.6</ele><time>2025-01-31T14:03:09.000Z</time></trkpt>
      <trkpt lat="52.972236" lon="-1.469180"><ele>55.6</ele><time>2025-01-31T14:03:10.000Z</time></trkpt>
      <trkpt lat="52.972225" lon="-1.469167"><ele>55.6</ele><time>2025-01-31T14:03:11.000Z</time></trkpt>
      <trkpt lat="52.972213" lon="-1.469153"><ele>55.6</ele><time>2025-01-31T14:03:12.000Z</time></trkpt>
      <trkpt lat="52.972201" lon="-1.469141"><ele>55.6</ele><time>2025-01-31T14:03:13.000Z</time></trkpt>
      <trkpt lat="52.972189" lon="-1.469129"><ele>55.6</ele><time>2025-01-31T14:03:14.000Z</time></trkpt>
      <trkpt lat="52.972177" lon="-1.469118"><ele>55.6</ele><time>2025-01-31T14:03:15.000Z</time></trkpt>
      <trkpt lat="52.972165" lon="-1.469107"><ele>55.6</ele><time>2025-01-31T14:03:16.000Z</time></trkpt>
      <trkpt lat="52.972152" lon="-1.469095"><ele>55.6</ele><time>2025-01-31T14:03:17.000Z</time></trkpt>
      <trkpt lat="52.972140" lon="-1.469082"><ele>55.8</ele><time>2025-01-31T14:03:18.000Z</time></trkpt>
      <trkpt lat="52.972128" lon="-1.469069"><ele>55.8</ele><time>2025-01-31T14:03:19.000Z</time></trkpt>
      <trkpt lat="52.972116" lon="-1.469057"><ele>55.8</ele><time>2025-01-31T14:03:20.000Z</time></trkpt>
      <trkpt lat="52.972103" lon="-1.469043"><ele>55.8</ele><time>2025-01-31T14:03:21.000Z</time></trkpt>
      <trkpt lat="52.972091" lon="-1.469029"><ele>56.0</ele><time>2025-01-31T14:03:22.000Z</time></trkpt>
      <trkpt lat="52.972080" lon="-1.469014"><ele>56.0</ele><time>2025-01-31T14:03:23.000Z</time></trkpt>
      <trkpt lat="52.972069" lon="-1.468998"><ele>56.0</ele><time>2025-01-31T14:03:24.000Z</time></trkpt>
      <trkpt lat="52.972058" lon="-1.468982"><ele>56.2</ele><time>2025-01-31T14:03:25.000Z</time></trkpt>
      <trkpt lat="52.972047" lon="-1.468966"><ele>56.2</ele><time>2025-01-31T14:03:26.000Z</time></trkpt>
      <trkpt lat="52.972037" lon="-1.468950"><ele>56.2</ele><time>2025-01-31T14:03:27.000Z</time></trkpt>
      <trkpt lat="52.972027" lon="-1.468932"><ele>56.2</ele><time>2025-01-31T14:03:28.000Z</time></trkpt>
      <trkpt lat="52.972018" lon="-1.468914"><ele>56.2</ele><time>2025-01-31T14:03:29.000Z</time></trkpt>
      <trkpt lat="52.972007" lon="-1.468898"><ele>56.2</ele><time>2025-01-31T14:03:30.000Z</time></trkpt>
      <trkpt lat="52.971996" lon="-1.468884"><ele>56.2</ele><time>2025-01-31T14:03:31.000Z</time></trkpt>
      <trkpt lat="52.971984" lon="-1.468872"><ele>56.2</ele><time>2025-01-31T14:03:32.000Z</time></trkpt>
      <trkpt lat="52.971971" lon="-1.468862"><ele>56.2</ele><time>2025-01-31T14:03:33.000Z</time></trkpt>
      <trkpt lat="52.971957" lon="-1.468853"><ele>56.2</ele><time>2025-01-31T14:03:34.000Z</time></trkpt>
      <trkpt lat="52.971944" lon="-1.468846"><ele>56.2</ele><time>2025-01-31T14:03:35.000Z</time></trkpt>
      <trkpt lat="52.971931" lon="-1.468838"><ele>56.2</ele><time>2025-01-31T14:03:36.000Z</time></trkpt>
      <trkpt lat="52.971919" lon="-1.468828"><ele>56.2</ele><time>2025-01-31T14:03:37.000Z</time></trkpt>
      <trkpt lat="52.971907" lon="-1.468817"><ele>56.0</ele><time>2025-01-31T14:03:38.000Z</time></trkpt>
      <trkpt lat="52.971896" lon="-1.468805"><ele>56.0</ele><time>2025-01-31T14:03:39.000Z</time></trkpt>
      <trkpt lat="52.971884" lon="-1.468793"><ele>56.0</ele><time>2025-01-31T14:03:40.000Z</time></trkpt>
      <trkpt lat="52.971873" lon="-1.468781"><ele>56.0</ele><time>2025-01-31T14:03:41.000Z</time></trkpt>
      <trkpt lat="52.971861" lon="-1.468769"><ele>56.0</ele><time>2025-01-31T14:03:42.000Z</time></trkpt>
      <trkpt lat="52.971849" lon="-1.468757"><ele>56.0</ele><time>2025-01-31T14:03:43.000Z</time></trkpt>
      <trkpt lat="52.971836" lon="-1.468746"><ele>55.8</ele><time>2025-01-31T14:03:44.000Z</time></trkpt>
      <trkpt lat="52.971824" lon="-1.468734"><ele>55.8</ele><time>2025-01-31T14:03:45.000Z</time></trkpt>
      <trkpt lat="52.971812" lon="-1.468721"><ele>55.8</ele><time>2025-01-31T14:03:46.000Z</time></trkpt>
      <trkpt lat="52.971801" lon="-1.468706"><ele>55.8</ele><time>2025-01-31T14:03:47.000Z</time></trkpt>
      <trkpt lat="52.971789" lon="-1.468691"><ele>55.8</ele><time>2025-01-31T14:03:48.000Z</time></trkpt>
      <trkpt lat="52.971778" lon="-1.468676"><ele>55.8</ele><time>2025-01-31T14:03:49.000Z</time></trkpt>
      <trkpt lat="52.971767" lon="-1.468662"><ele>55.8</ele><time>2025-01-31T14:03:50.000Z</time></trkpt>
      <trkpt lat="52.971756" lon="-1.468647"><ele>55.8</ele><time>2025-01-31T14:03:51.000Z</time></trkpt>
      <trkpt lat="52.971745" lon="-1.468633"><ele>55.8</ele><time>2025-01-31T14:03:52.000Z</time></trkpt>
      <trkpt lat="52.971735" lon="-1.468619"><ele>55.8</ele><time>2025-01-31T14:03:53.000Z</time></trkpt>
      <trkpt lat="52.971723" lon="-1.468606"><ele>55.8</ele><time>2025-01-31T14:03:54.000Z</time></trkpt>
      <trkpt lat="52.971712" lon="-1.468593"><ele>55.8</ele><time>2025-01-31T14:03:55.000Z</time></trkpt>
      <trkpt lat="52.971701" lon="-1.468579"><ele>56.0</ele><time>2025-01-31T14:03:56.000Z</time></trkpt>
      <trkpt lat="52.971690" lon="-1.468566"><ele>56.0</ele><time>2025-01-31T14:03:57.000Z</time></trkpt>
      <trkpt lat="52.971679" lon="-1.468552"><ele>56.0</ele><time>2025-01-31T14:03:58.000Z</time></trkpt>
      <trkpt lat="52.971667" lon="-1.468539"><ele>56.0</ele><time>2025-01-31T14:03:59.000Z</time></trkpt>
      <trkpt lat="52.971655" lon="-1.468527"><ele>56.0</ele><time>2025-01-31T14:04:00.000Z</time></trkpt>
      <trkpt lat="52.971643" lon="-1.468514"><ele>56.0</ele><time>2025-01-31T14:04:01.000Z</time></trkpt>
      <trkpt lat="52.971631" lon="-1.468501"><ele>56.0</ele><time>2025-01-31T14:04:02.000Z</time></trkpt>
      <trkpt lat="52.971618" lon="-1.468488"><ele>56.2</ele><time>2025-01-31T14:04:03.000Z</time></trkpt>
      <trkpt lat="52.971606" lon="-1.468475"><ele>56.2</ele><time>2025-01-31T14:04:04.000Z</time></trkpt>
      <trkpt lat="52.971594" lon="-1.468462"><ele>56.2</ele><time>2025-01-31T14:04:05.000Z</time></trkpt>
      <trkpt lat="52.971582" lon="-1.468449"><ele>56.2</ele><time>2025-01-31T14:04:06.000Z</time></trkpt>
      <trkpt lat="52.971570" lon="-1.468436"><ele>56.2</ele><time>2025-01-31T14:04:07.000Z</time></trkpt>
      <trkpt lat="52.971558" lon="-1.468423"><ele>56.0</ele><time>2025-01-31T14:04:08.000Z</time></trkpt>
      <trkpt lat="52.971546" lon="-1.468410"><ele>56.0</ele><time>2025-01-31T14:04:09.000Z</time></trkpt>
      <trkpt lat="52.971534" lon="-1.468397"><ele>56.0</ele><time>2025-01-31T14:04:10.000Z</time></trkpt>
      <trkpt lat="52.971523" lon="-1.468383"><ele>56.0</ele><time>2025-01-31T14:04:11.000Z</time></trkpt>
      <trkpt lat="52.971511" lon="-1.468369"><ele>56.0</ele><time>2025-01-31T14:04:12.000Z</time></trkpt>
      <trkpt lat="52.971500" lon="-1.468355"><ele>56.0</ele><time>2025-01-31T14:04:13.000Z</time></trkpt>
      <trkpt lat="52.971488" lon="-1.468341"><ele>55.8</ele><time>2025-01-31T14:04:14.000Z</time></trkpt>
      <trkpt lat="52.971477" lon="-1.468325"><ele>55.8</ele><time>2025-01-31T14:04:15.000Z</time></trkpt>
      <trkpt lat="52.971466" lon="-1.468310"><ele>55.8</ele><time>2025-01-31T14:04:16.000Z</time></trkpt>
      <trkpt lat="52.971454" lon="-1.468294"><ele>55.8</ele><time>2025-01-31T14:04:17.000Z</time></trkpt>
      <trkpt lat="52.971444" lon="-1.468279"><ele>55.8</ele><time>2025-01-31T14:04:18.000Z</time></trkpt>
      <trkpt lat="52.971433" lon="-1.468264"><ele>55.8</ele><time>2025-01-31T14:04:19.000Z</time></trkpt>
      <trkpt lat="52.971421" lon="-1.468250"><ele>55.6</ele><time>2025-01-31T14:04:20.000Z</time></trkpt>
      <trkpt lat="52.971410" lon="-1.468237"><ele>55.6</ele><time>2025-01-31T14:04:21.000Z</time></trkpt>
      <trkpt lat="52.971398" lon="-1.468224"><ele>55.6</ele><time>2025-01-31T14:04:22.000Z</time></trkpt>
      <trkpt lat="52.971387" lon="-1.468211"><ele>55.6</ele><time>2025-01-31T14:04:23.000Z</time></trkpt>
      <trkpt lat="52.971374" lon="-1.468198"><ele>55.6</ele><time>2025-01-31T14:04:24.000Z</time></trkpt>
      <trkpt lat="52.971362" lon="-1.468186"><ele>55.6</ele><time>2025-01-31T14:04:25.000Z</time></trkpt>
      <trkpt lat="52.971349" lon="-1.468172"><ele>55.6</ele><time>2025-01-31T14:04:26.000Z</time></trkpt>
      <trkpt lat="52.971337" lon="-1.468157"><ele>55.6</ele><time>2025-01-31T14:04:27.000Z</time></trkpt>
      <trkpt lat="52.971326" lon="-1.468141"><ele>55.4</ele><time>2025-01-31T14:04:28.000Z</time></trkpt>
      <trkpt lat="52.971316" lon="-1.468124"><ele>55.4</ele><time>2025-01-31T14:04:29.000Z</time></trkpt>
      <trkpt lat="52.971306" lon="-1.468107"><ele>55.4</ele><time>2025-01-31T14:04:30.000Z</time></trkpt>
      <trkpt lat="52.971296" lon="-1.468089"><ele>55.4</ele><time>2025-01-31T14:04:31.000Z</time></trkpt>
      <trkpt lat="52.971286" lon="-1.468073"><ele>55.4</ele><time>2025-01-31T14:04:32.000Z</time></trkpt>
      <trkpt lat="52.971276" lon="-1.468056"><ele>55.4</ele><time>2025-01-31T14:04:33.000Z</time></trkpt>
      <trkpt lat="52.971267" lon="-1.468038"><ele>55.4</ele><time>2025-01-31T14:04:34.000Z</time></trkpt>
      <trkpt lat="52.971257" lon="-1.468022"><ele>55.4</ele><time>2025-01-31T14:04:35.000Z</time></trkpt>
      <trkpt lat="52.971246" lon="-1.468006"><ele>55.4</ele><time>2025-01-31T14:04:36.000Z</time></trkpt>
      <trkpt lat="52.971235" lon="-1.467992"><ele>55.2</ele><time>2025-01-31T14:04:37.000Z</time></trkpt>
      <trkpt lat="52.971222" lon="-1.467979"><ele>55.2</ele><time>2025-01-31T14:04:38.000Z</time></trkpt>
      <trkpt lat="52.971210" lon="-1.467966"><ele>55.2</ele><time>2025-01-31T14:04:39.000Z</time></trkpt>
      <trkpt lat="52.971197" lon="-1.467953"><ele>55.2</ele><time>2025-01-31T14:04:40.000Z</time></trkpt>
      <trkpt lat="52.971184" lon="-1.467941"><ele>55.2</ele><time>2025-01-31T14:04:41.000Z</time></trkpt>
      <trkpt lat="52.971171" lon="-1.467929"><ele>55.2</ele><time>2025-01-31T14:04:42.000Z</time></trkpt>
      <trkpt lat="52.971159" lon="-1.467917"><ele>55.2</ele><time>2025-01-31T14:04:43.000Z</time></trkpt>
      <trkpt lat="52.971146" lon="-1.467905"><ele>55.0</ele><time>2025-01-31T14:04:44.000Z</time></trkpt>
      <trkpt lat="52.971134" lon="-1.467893"><ele>55.0</ele><time>2025-01-31T14:04:45.000Z</time></trkpt>
      <trkpt lat="52.971122" lon="-1.467881"><ele>55.0</ele><time>2025-01-31T14:04:46.000Z</time></trkpt>
      <trkpt lat="52.971110" lon="-1.467869"><ele>55.0</ele><time>2025-01-31T14:04:47.000Z</time></trkpt>
      <trkpt lat="52.971099" lon="-1.467855"><ele>55.0</ele><time>2025-01-31T14:04:48.000Z</time></trkpt>
      <trkpt lat="52.971088" lon="-1.467842"><ele>55.0</ele><time>2025-01-31T14:04:49.000Z</time></trkpt>
      <trkpt lat="52.971077" lon="-1.467828"><ele>55.0</ele><time>2025-01-31T14:04:50.000Z</time></trkpt>
      <trkpt lat="52.971065" lon="-1.467815"><ele>55.0</ele><time>2025-01-31T14:04:51.000Z</time></trkpt>
      <trkpt lat="52.971054" lon="-1.467802"><ele>55.0</ele><time>2025-01-31T14:04:52.000Z</time></trkpt>
      <trkpt lat="52.971042" lon="-1.467788"><ele>55.2</ele><time>2025-01-31T14:04:53.000Z</time></trkpt>
      <trkpt lat="52.971031" lon="-1.467775"><ele>55.2</ele><time>2025-01-31T14:04:54.000Z</time></trkpt>
      <trkpt lat="52.971019" lon="-1.467761"><ele>55.2</ele><time>2025-01-31T14:04:55.000Z</time></trkpt>
      <trkpt lat="52.971008" lon="-1.467747"><ele>55.2</ele><time>2025-01-31T14:04:56.000Z</time></trkpt>
      <trkpt lat="52.970997" lon="-1.467733"><ele>55.2</ele><time>2025-01-31T14:04:57.000Z</time></trkpt>
      <trkpt lat="52.970985" lon="-1.467719"><ele>55.2</ele><time>2025-01-31T14:04:58.000Z</time></trkpt>
      <trkpt lat="52.970974" lon="-1.467704"><ele>55.2</ele><time>2025-01-31T14:04:59.000Z</time></trkpt>
      <trkpt lat="52.970964" lon="-1.467690"><ele>55.2</ele><time>2025-01-31T14:05:00.000Z</time></trkpt>
      <trkpt lat="52.970953" lon="-1.467675"><ele>55.2</ele><time>2025-01-31T14:05:01.000Z</time></trkpt>
      <trkpt lat="52.970942" lon="-1.467661"><ele>55.2</ele><time>2025-01-31T14:05:02.000Z</time></trkpt>
      <trkpt lat="52.970932" lon="-1.467647"><ele>55.2</ele><time>2025-01-31T14:05:03.000Z</time></trkpt>
      <trkpt lat="52.970920" lon="-1.467633"><ele>55.2</ele><time>2025-01-31T14:05:04.000Z</time></trkpt>
      <trkpt lat="52.970909" lon="-1.467620"><ele>55.4</ele><time>2025-01-31T14:05:05.000Z</time></trkpt>
      <trkpt lat="52.970897" lon="-1.467608"><ele>55.4</ele><time>2025-01-31T14:05:06.000Z</time></trkpt>
      <trkpt lat="52.970885" lon="-1.467595"><ele>55.4</ele><time>2025-01-31T14:05:07.000Z</time></trkpt>
      <trkpt lat="52.970873" lon="-1.467582"><ele>55.4</ele><time>2025-01-31T14:05:08.000Z</time></trkpt>
      <trkpt lat="52.970862" lon="-1.467567"><ele>55.4</ele><time>2025-01-31T14:05:09.000Z</time></trkpt>
      <trkpt lat="52.970851" lon="-1.467552"><ele>55.2</ele><time>2025-01-31T14:05:10.000Z</time></trkpt>
      <trkpt lat="52.970840" lon="-1.467537"><ele>55.2</ele><time>2025-01-31T14:05:11.000Z</time></trkpt>
      <trkpt lat="52.970829" lon="-1.467522"><ele>55.2</ele><time>2025-01-31T14:05:12.000Z</time></trkpt>
      <trkpt lat="52.970818" lon="-1.467506"><ele>55.2</ele><time>2025-01-31T14:05:13.000Z</time></trkpt>
      <trkpt lat="52.970807" lon="-1.467491"><ele>55.2</ele><time>2025-01-31T14:05:14.000Z</time></trkpt>
      <trkpt lat="52.970797" lon="-1.467476"><ele>55.2</ele><time>2025-01-31T14:05:15.000Z</time></trkpt>
      <trkpt lat="52.970786" lon="-1.467462"><ele>55.2</ele><time>2025-01-31T14:05:16.000Z</time></trkpt>
      <trkpt lat="52.970776" lon="-1.467447"><ele>55.2</ele><time>2025-01-31T14:05:17.000Z</time></trkpt>
      <trkpt lat="52.970766" lon="-1.467432"><ele>55.2</ele><time>2025-01-31T14:05:18.000Z</time></trkpt>
      <trkpt lat="52.970756" lon="-1.467417"><ele>55.2</ele><time>2025-01-31T14:05:19.000Z</time></trkpt>
      <trkpt lat="52.970746" lon="-1.467401"><ele>55.2</ele><time>2025-01-31T14:05:20.000Z</time></trkpt>
      <trkpt lat="52.970737" lon="-1.467384"><ele>55.2</ele><time>2025-01-31T14:05:21.000Z</time></trkpt>
      <trkpt lat="52.970729" lon="-1.467365"><ele>55.4</ele><time>2025-01-31T14:05:22.000Z</time></trkpt>
      <trkpt lat="52.970723" lon="-1.467344"><ele>55.4</ele><time>2025-01-31T14:05:23.000Z</time></trkpt>
      <trkpt lat="52.970717" lon="-1.467324"><ele>55.4</ele><time>2025-01-31T14:05:24.000Z</time></trkpt>
      <trkpt lat="52.970708" lon="-1.467306"><ele>55.4</ele><time>2025-01-31T14:05:25.000Z</time></trkpt>
      <trkpt lat="52.970698" lon="-1.467291"><ele>55.4</ele><time>2025-01-31T14:05:26.000Z</time></trkpt>
      <trkpt lat="52.970687" lon="-1.467277"><ele>55.6</ele><time>2025-01-31T14:05:27.000Z</time></trkpt>
      <trkpt lat="52.970674" lon="-1.467267"><ele>55.6</ele><time>2025-01-31T14:05:28.000Z</time></trkpt>
      <trkpt lat="52.970661" lon="-1.467258"><ele>55.6</ele><time>2025-01-31T14:05:29.000Z</time></trkpt>
      <trkpt lat="52.970648" lon="-1.467249"><ele>55.6</ele><time>2025-01-31T14:05:30.000Z</time></trkpt>
      <trkpt lat="52.970636" lon="-1.467239"><ele>55.6</ele><time>2025-01-31T14:05:31.000Z</time></trkpt>
      <trkpt lat="52.970624" lon="-1.467229"><ele>55.8</ele><time>2025-01-31T14:05:32.000Z</time></trkpt>
      <trkpt lat="52.970612" lon="-1.467217"><ele>55.8</ele><time>2025-01-31T14:05:33.000Z</time></trkpt>
      <trkpt lat="52.970601" lon="-1.467205"><ele>55.8</ele><time>2025-01-31T14:05:34.000Z</time></trkpt>
      <trkpt lat="52.970590" lon="-1.467192"><ele>55.8</ele><time>2025-01-31T14:05:35.000Z</time></trkpt>
      <trkpt lat="52.970580" lon="-1.467178"><ele>55.8</ele><time>2025-01-31T14:05:36.000Z</time></trkpt>
      <trkpt lat="52.970570" lon="-1.467164"><ele>55.8</ele><time>2025-01-31T14:05:37.000Z</time></trkpt>
      <trkpt lat="52.970559" lon="-1.467149"><ele>55.8</ele><time>2025-01-31T14:05:38.000Z</time></trkpt>
      <trkpt lat="52.970549" lon="-1.467134"><ele>55.6</ele><time>2025-01-31T14:05:39.000Z</time></trkpt>
      <trkpt lat="52.970538" lon="-1.467120"><ele>55.6</ele><time>2025-01-31T14:05:40.000Z</time></trkpt>
      <trkpt lat="52.970527" lon="-1.467107"><ele>55.6</ele><time>2025-01-31T14:05:41.000Z</time></trkpt>
      <trkpt lat="52.970516" lon="-1.467095"><ele>55.6</ele><time>2025-01-31T14:05:42.000Z</time></trkpt>
      <trkpt lat="52.970504" lon="-1.467083"><ele>55.6</ele><time>2025-01-31T14:05:43.000Z</time></trkpt>
      <trkpt lat="52.970492" lon="-1.467071"><ele>55.6</ele><time>2025-01-31T14:05:44.000Z</time></trkpt>
      <trkpt lat="52.970480" lon="-1.467060"><ele>55.6</ele><time>2025-01-31T14:05:45.000Z</time></trkpt>
      <trkpt lat="52.970468" lon="-1.467049"><ele>55.4</ele><time>2025-01-31T14:05:46.000Z</time></trkpt>
      <trkpt lat="52.970456" lon="-1.467037"><ele>55.4</ele><time>2025-01-31T14:05:47.000Z</time></trkpt>
      <trkpt lat="52.970444" lon="-1.467024"><ele>55.4</ele><time>2025-01-31T14:05:48.000Z</time></trkpt>
      <trkpt lat="52.970433" lon="-1.467011"><ele>55.4</ele><time>2025-01-31T14:05:49.000Z</time></trkpt>
      <trkpt lat="52.970421" lon="-1.466998"><ele>55.4</ele><time>2025-01-31T14:05:50.000Z</time></trkpt>
      <trkpt lat="52.970409" lon="-1.466985"><ele>55.4</ele><time>2025-01-31T14:05:51.000Z</time></trkpt>
      <trkpt lat="52.970397" lon="-1.466973"><ele>55.4</ele><time>2025-01-31T14:05:52.000Z</time></trkpt>
      <trkpt lat="52.970384" lon="-1.466961"><ele>55.2</ele><time>2025-01-31T14:05:53.000Z</time></trkpt>
      <trkpt lat="52.970372" lon="-1.466950"><ele>55.2</ele><time>2025-01-31T14:05:54.000Z</time></trkpt>
      <trkpt lat="52.970360" lon="-1.466940"><ele>55.2</ele><time>2025-01-31T14:05:55.000Z</time></trkpt>
      <trkpt lat="52.970348" lon="-1.466929"><ele>55.2</ele><time>2025-01-31T14:05:56.000Z</time></trkpt>
      <trkpt lat="52.970335" lon="-1.466918"><ele>55.2</ele><time>2025-01-31T14:05:57.000Z</time></trkpt>
      <trkpt lat="52.970323" lon="-1.466908"><ele>55.2</ele><time>2025-01-31T14:05:58.000Z</time></trkpt>
      <trkpt lat="52.970310" lon="-1.466898"><ele>55.2</ele><time>2025-01-31T14:05:59.000Z</time></trkpt>
      <trkpt lat="52.970296" lon="-1.466888"><ele>55.2</ele><time>2025-01-31T14:06:00.000Z</time></trkpt>
      <trkpt lat="52.970283" lon="-1.466878"><ele>55.2</ele><time>2025-01-31T14:06:01.000Z</time></trkpt>
      <trkpt lat="52.970270" lon="-1.466868"><ele>55.2</ele><time>2025-01-31T14:06:02.000Z</time></trkpt>
      <trkpt lat="52.970256" lon="-1.466857"><ele>55.2</ele><time>2025-01-31T14:06:03.000Z</time></trkpt>
      <trkpt lat="52.970243" lon="-1.466847"><ele>55.2</ele><time>2025-01-31T14:06:04.000Z</time></trkpt>
      <trkpt lat="52.970230" lon="-1.466837"><ele>55.2</ele><time>2025-01-31T14:06:05.000Z</time></trkpt>
      <trkpt lat="52.970217" lon="-1.466829"><ele>55.2</ele><time>2025-01-31T14:06:06.000Z</time></trkpt>
      <trkpt lat="52.970204" lon="-1.466821"><ele>55.4</ele><time>2025-01-31T14:06:07.000Z</time></trkpt>
      <trkpt lat="52.970191" lon="-1.466814"><ele>55.4</ele><time>2025-01-31T14:06:08.000Z</time></trkpt>
      <trkpt lat="52.970178" lon="-1.466805"><ele>55.4</ele><time>2025-01-31T14:06:09.000Z</time></trkpt>
      <trkpt lat="52.970166" lon="-1.466796"><ele>55.4</ele><time>2025-01-31T14:06:10.000Z</time></trkpt>
      <trkpt lat="52.970153" lon="-1.466786"><ele>55.4</ele><time>2025-01-31T14:06:11.000Z</time></trkpt>
      <trkpt lat="52.970140" lon="-1.466776"><ele>55.4</ele><time>2025-01-31T14:06:12.000Z</time></trkpt>
      <trkpt lat="52.970127" lon="-1.466767"><ele>55.4</ele><time>2025-01-31T14:06:13.000Z</time></trkpt>
      <trkpt lat="52.970114" lon="-1.466758"><ele>55.4</ele><time>2025-01-31T14:06:14.000Z</time></trkpt>
      <trkpt lat="52.970101" lon="-1.466749"><ele>55.4</ele><time>2025-01-31T14:06:15.000Z</time></trkpt>
      <trkpt lat="52.970088" lon="-1.466740"><ele>55.4</ele><time>2025-01-31T14:06:16.000Z</time></trkpt>
      <trkpt lat="52.970076" lon="-1.466732"><ele>55.4</ele><time>2025-01-31T14:06:17.000Z</time></trkpt>
      <trkpt lat="52.970063" lon="-1.466724"><ele>55.4</ele><time>2025-01-31T14:06:18.000Z</time></trkpt>
      <trkpt lat="52.970051" lon="-1.466716"><ele>55.4</ele><time>2025-01-31T14:06:19.000Z</time></trkpt>
      <trkpt lat="52.970038" lon="-1.466709"><ele>55.4</ele><time>2025-01-31T14:06:20.000Z</time></trkpt>
      <trkpt lat="52.970025" lon="-1.466702"><ele>55.4</ele><time>2025-01-31T14:06:21.000Z</time></trkpt>
      <trkpt lat="52.970012" lon="-1.466694"><ele>55.4</ele><time>2025-01-31T14:06:22.000Z</time></trkpt>
      <trkpt lat="52.969999" lon="-1.466686"><ele>55.4</ele><time>2025-01-31T14:06:23.000Z</time></trkpt>
      <trkpt lat="52.969986" lon="-1.466677"><ele>55.4</ele><time>2025-01-31T14:06:24.000Z</time></trkpt>
      <trkpt lat="52.969973" lon="-1.466667"><ele>55.4</ele><time>2025-01-31T14:06:25.000Z</time></trkpt>
      <trkpt lat="52.969960" lon="-1.466657"><ele>55.2</ele><time>2025-01-31T14:06:26.000Z</time></trkpt>
      <trkpt lat="52.969947" lon="-1.466646"><ele>55.2</ele><time>2025-01-31T14:06:27.000Z</time></trkpt>
      <trkpt lat="52.969935" lon="-1.466634"><ele>55.2</ele><time>2025-01-31T14:06:28.000Z</time></trkpt>
      <trkpt lat="52.969923" lon="-1.466621"><ele>55.2</ele><time>2025-01-31T14:06:29.000Z</time></trkpt>
      <trkpt lat="52.969911" lon="-1.466608"><ele>55.2</ele><time>2025-01-31T14:06:30.000Z</time></trkpt>
      <trkpt lat="52.969900" lon="-1.466595"><ele>55.2</ele><time>2025-01-31T14:06:31.000Z</time></trkpt>
      <trkpt lat="52.969888" lon="-1.466582"><ele>55.2</ele><time>2025-01-31T14:06:32.000Z</time></trkpt>
      <trkpt lat="52.969876" lon="-1.466570"><ele>55.2</ele><time>2025-01-31T14:06:33.000Z</time></trkpt>
      <trkpt lat="52.969864" lon="-1.466559"><ele>55.2</ele><time>2025-01-31T14:06:34.000Z</time></trkpt>
      <trkpt lat="52.969852" lon="-1.466548"><ele>55.4</ele><time>2025-01-31T14:06:35.000Z</time></trkpt>
      <trkpt lat="52.969840" lon="-1.466537"><ele>55.4</ele><time>2025-01-31T14:06:36.000Z</time></trkpt>
      <trkpt lat="52.969828" lon="-1.466527"><ele>55.4</ele><time>2025-01-31T14:06:37.000Z</time></trkpt>
      <trkpt lat="52.969815" lon="-1.466518"><ele>55.4</ele><time>2025-01-31T14:06:38.000Z</time></trkpt>
      <trkpt lat="52.969802" lon="-1.466508"><ele>55.4</ele><time>2025-01-31T14:06:39.000Z</time></trkpt>
      <trkpt lat="52.969790" lon="-1.466496"><ele>55.6</ele><time>2025-01-31T14:06:40.000Z</time></trkpt>
      <trkpt lat="52.969778" lon="-1.466482"><ele>55.6</ele><time>2025-01-31T14:06:41.000Z</time></trkpt>
      <trkpt lat="52.969767" lon="-1.466468"><ele>55.6</ele><time>2025-01-31T14:06:42.000Z</time></trkpt>
      <trkpt lat="52.969757" lon="-1.466453"><ele>55.6</ele><time>2025-01-31T14:06:43.000Z</time></trkpt>
      <trkpt lat="52.969747" lon="-1.466437"><ele>55.6</ele><time>2025-01-31T14:06:44.000Z</time></trkpt>
      <trkpt lat="52.969737" lon="-1.466421"><ele>55.6</ele><time>2025-01-31T14:06:45.000Z</time></trkpt>
      <trkpt lat="52.969727" lon="-1.466406"><ele>55.6</ele><time>2025-01-31T14:06:46.000Z</time></trkpt>
      <trkpt lat="52.969716" lon="-1.466393"><ele>55.6</ele><time>2025-01-31T14:06:47.000Z</time></trkpt>
      <trkpt lat="52.969704" lon="-1.466381"><ele>55.6</ele><time>2025-01-31T14:06:48.000Z</time></trkpt>
      <trkpt lat="52.969692" lon="-1.466369"><ele>55.6</ele><time>2025-01-31T14:06:49.000Z</time></trkpt>
      <trkpt lat="52.969680" lon="-1.466357"><ele>55.6</ele><time>2025-01-31T14:06:50.000Z</time></trkpt>
      <trkpt lat="52.969668" lon="-1.466344"><ele>55.6</ele><time>2025-01-31T14:06:51.000Z</time></trkpt>
      <trkpt lat="52.969657" lon="-1.466329"><ele>55.6</ele><time>2025-01-31T14:06:52.000Z</time></trkpt>
      <trkpt lat="52.969645" lon="-1.466314"><ele>55.6</ele><time>2025-01-31T14:06:53.000Z</time></trkpt>
      <trkpt lat="52.969634" lon="-1.466299"><ele>55.6</ele><time>2025-01-31T14:06:54.000Z</time></trkpt>
      <trkpt lat="52.969622" lon="-1.466283"><ele>55.6</ele><time>2025-01-31T14:06:55.000Z</time></trkpt>
      <trkpt lat="52.969611" lon="-1.466269"><ele>55.6</ele><time>2025-01-31T14:06:56.000Z</time></trkpt>
      <trkpt lat="52.969599" lon="-1.466254"><ele>55.6</ele><time>2025-01-31T14:06:57.000Z</time></trkpt>
      <trkpt lat="52.969588" lon="-1.466239"><ele>55.4</ele><time>2025-01-31T14:06:58.000Z</time></trkpt>
      <trkpt lat="52.969577" lon="-1.466224"><ele>55.4</ele><time>2025-01-31T14:06:59.000Z</time></trkpt>
      <trkpt lat="52.969567" lon="-1.466210"><ele>55.4</ele><time>2025-01-31T14:07:00.000Z</time></trkpt>
      <trkpt lat="52.969556" lon="-1.466195"><ele>55.4</ele><time>2025-01-31T14:07:01.000Z</time></trkpt>
      <trkpt lat="52.969546" lon="-1.466180"><ele>55.2</ele><time>2025-01-31T14:07:02.000Z</time></trkpt>
      <trkpt lat="52.969535" lon="-1.466166"><ele>55.2</ele><time>2025-01-31T14:07:03.000Z</time></trkpt>
      <trkpt lat="52.969524" lon="-1.466151"><ele>55.2</ele><time>2025-01-31T14:07:04.000Z</time></trkpt>
      <trkpt lat="52.969513" lon="-1.466136"><ele>55.2</ele><time>2025-01-31T14:07:05.000Z</time></trkpt>
      <trkpt lat="52.969502" lon="-1.466120"><ele>55.2</ele><time>2025-01-31T14:07:06.000Z</time></trkpt>
      <trkpt lat="52.969492" lon="-1.466105"><ele>55.2</ele><time>2025-01-31T14:07:07.000Z</time></trkpt>
      <trkpt lat="52.969481" lon="-1.466089"><ele>55.2</ele><time>2025-01-31T14:07:08.000Z</time></trkpt>
      <trkpt lat="52.969470" lon="-1.466074"><ele>55.2</ele><time>2025-01-31T14:07:09.000Z</time></trkpt>
      <trkpt lat="52.969460" lon="-1.466059"><ele>55.2</ele><time>2025-01-31T14:07:10.000Z</time></trkpt>
      <trkpt lat="52.969451" lon="-1.466042"><ele>55.2</ele><time>2025-01-31T14:07:11.000Z</time></trkpt>
      <trkpt lat="52.969442" lon="-1.466026"><ele>55.2</ele><time>2025-01-31T14:07:12.000Z</time></trkpt>
      <trkpt lat="52.969432" lon="-1.466010"><ele>55.2</ele><time>2025-01-31T14:07:13.000Z</time></trkpt>
      <trkpt lat="52.969423" lon="-1.465993"><ele>55.2</ele><time>2025-01-31T14:07:14.000Z</time></trkpt>
      <trkpt lat="52.969413" lon="-1.465978"><ele>55.2</ele><time>2025-01-31T14:07:15.000Z</time></trkpt>
      <trkpt lat="52.969403" lon="-1.465962"><ele>55.2</ele><time>2025-01-31T14:07:16.000Z</time></trkpt>
      <trkpt lat="52.969393" lon="-1.465945"><ele>55.2</ele><time>2025-01-31T14:07:17.000Z</time></trkpt>
      <trkpt lat="52.969383" lon="-1.465928"><ele>55.2</ele><time>2025-01-31T14:07:18.000Z</time></trkpt>
      <trkpt lat="52.969373" lon="-1.465911"><ele>55.2</ele><time>2025-01-31T14:07:19.000Z</time></trkpt>
      <trkpt lat="52.969362" lon="-1.465895"><ele>55.2</ele><time>2025-01-31T14:07:20.000Z</time></trkpt>
      <trkpt lat="52.969352" lon="-1.465878"><ele>55.2</ele><time>2025-01-31T14:07:21.000Z</time></trkpt>
      <trkpt lat="52.969342" lon="-1.465862"><ele>55.2</ele><time>2025-01-31T14:07:22.000Z</time></trkpt>
      <trkpt lat="52.969333" lon="-1.465845"><ele>55.0</ele><time>2025-01-31T14:07:23.000Z</time></trkpt>
      <trkpt lat="52.969323" lon="-1.465828"><ele>55.0</ele><time>2025-01-31T14:07:24.000Z</time></trkpt>
      <trkpt lat="52.969314" lon="-1.465812"><ele>55.0</ele><time>2025-01-31T14:07:25.000Z</time></trkpt>
      <trkpt lat="52.969304" lon="-1.465796"><ele>55.0</ele><time>2025-01-31T14:07:26.000Z</time></trkpt>
      <trkpt lat="52.969294" lon="-1.465781"><ele>54.8</ele><time>2025-01-31T14:07:27.000Z</time></trkpt>
      <trkpt lat="52.969284" lon="-1.465766"><ele>54.8</ele><time>2025-01-31T14:07:28.000Z</time></trkpt>
      <trkpt lat="52.969273" lon="-1.465750"><ele>54.8</ele><time>2025-01-31T14:07:29.000Z</time></trkpt>
      <trkpt lat="52.969263" lon="-1.465733"><ele>54.8</ele><time>2025-01-31T14:07:30.000Z</time></trkpt>
      <trkpt lat="52.969253" lon="-1.465716"><ele>54.6</ele><time>2025-01-31T14:07:31.000Z</time></trkpt>
      <trkpt lat="52.969244" lon="-1.465699"><ele>54.6</ele><time>2025-01-31T14:07:32.000Z</time></trkpt>
      <trkpt lat="52.969235" lon="-1.465681"><ele>54.6</ele><time>2025-01-31T14:07:33.000Z</time></trkpt>
      <trkpt lat="52.969226" lon="-1.465663"><ele>54.4</ele><time>2025-01-31T14:07:34.000Z</time></trkpt>
      <trkpt lat="52.969217" lon="-1.465646"><ele>54.4</ele><time>2025-01-31T14:07:35.000Z</time></trkpt>
      <trkpt lat="52.969207" lon="-1.465629"><ele>54.4</ele><time>2025-01-31T14:07:36.000Z</time></trkpt>
      <trkpt lat="52.969198" lon="-1.465613"><ele>54.4</ele><time>2025-01-31T14:07:37.000Z</time></trkpt>
      <trkpt lat="52.969189" lon="-1.465596"><ele>54.2</ele><time>2025-01-31T14:07:38.000Z</time></trkpt>
      <trkpt lat="52.969180" lon="-1.465579"><ele>54.2</ele><time>2025-01-31T14:07:39.000Z</time></trkpt>
      <trkpt lat="52.969171" lon="-1.465563"><ele>54.2</ele><time>2025-01-31T14:07:40.000Z</time></trkpt>
      <trkpt lat="52.969161" lon="-1.465547"><ele>54.2</ele><time>2025-01-31T14:07:41.000Z</time></trkpt>
      <trkpt lat="52.969152" lon="-1.465530"><ele>54.2</ele><time>2025-01-31T14:07:42.000Z</time></trkpt>
      <trkpt lat="52.969142" lon="-1.465513"><ele>54.2</ele><time>2025-01-31T14:07:43.000Z</time></trkpt>
      <trkpt lat="52.969132" lon="-1.465495"><ele>54.0</ele><time>2025-01-31T14:07:44.000Z</time></trkpt>
      <trkpt lat="52.969123" lon="-1.465478"><ele>54.0</ele><time>2025-01-31T14:07:45.000Z</time></trkpt>
      <trkpt lat="52.969113" lon="-1.465461"><ele>54.0</ele><time>2025-01-31T14:07:46.000Z</time></trkpt>
      <trkpt lat="52.969104" lon="-1.465443"><ele>54.0</ele><time>2025-01-31T14:07:47.000Z</time></trkpt>
      <trkpt lat="52.969095" lon="-1.465425"><ele>54.0</ele><time>2025-01-31T14:07:48.000Z</time></trkpt>
      <trkpt lat="52.969085" lon="-1.465408"><ele>54.0</ele><time>2025-01-31T14:07:49.000Z</time></trkpt>
      <trkpt lat="52.969076" lon="-1.465390"><ele>54.2</ele><time>2025-01-31T14:07:50.000Z</time></trkpt>
      <trkpt lat="52.969067" lon="-1.465373"><ele>54.2</ele><time>2025-01-31T14:07:51.000Z</time></trkpt>
      <trkpt lat="52.969058" lon="-1.465355"><ele>54.2</ele><time>2025-01-31T14:07:52.000Z</time></trkpt>
      <trkpt lat="52.969049" lon="-1.465337"><ele>54.2</ele><time>2025-01-31T14:07:53.000Z</time></trkpt>
      <trkpt lat="52.969040" lon="-1.465320"><ele>54.2</ele><time>2025-01-31T14:07:54.000Z</time></trkpt>
      <trkpt lat="52.969030" lon="-1.465303"><ele>54.2</ele><time>2025-01-31T14:07:55.000Z</time></trkpt>
      <trkpt lat="52.969021" lon="-1.465285"><ele>54.4</ele><time>2025-01-31T14:07:56.000Z</time></trkpt>
      <trkpt lat="52.969012" lon="-1.465267"><ele>54.4</ele><time>2025-01-31T14:07:57.000Z</time></trkpt>
      <trkpt lat="52.969003" lon="-1.465249"><ele>54.4</ele><time>2025-01-31T14:07:58.000Z</time></trkpt>
      <trkpt lat="52.968994" lon="-1.465232"><ele>54.4</ele><time>2025-01-31T14:07:59.000Z</time></trkpt>
      <trkpt lat="52.968984" lon="-1.465215"><ele>54.6</ele><time>2025-01-31T14:08:00.000Z</time></trkpt>
      <trkpt lat="52.968976" lon="-1.465198"><ele>54.6</ele><time>2025-01-31T14:08:01.000Z</time></trkpt>
      <trkpt lat="52.968967" lon="-1.465180"><ele>54.6</ele><time>2025-01-31T14:08:02.000Z</time></trkpt>
      <trkpt lat="52.968958" lon="-1.465163"><ele>54.8</ele><time>2025-01-31T14:08:03.000Z</time></trkpt>
      <trkpt lat="52.968950" lon="-1.465145"><ele>54.8</ele><time>2025-01-31T14:08:04.000Z</time></trkpt>
      <trkpt lat="52.968942" lon="-1.465127"><ele>54.8</ele><time>2025-01-31T14:08:05.000Z</time></trkpt>
      <trkpt lat="52.968934" lon="-1.465108"><ele>54.8</ele><time>2025-01-31T14:08:06.000Z</time></trkpt>
      <trkpt lat="52.968926" lon="-1.465089"><ele>54.8</ele><time>2025-01-31T14:08:07.000Z</time></trkpt>
      <trkpt lat="52.968918" lon="-1.465070"><ele>55.0</ele><time>2025-01-31T14:08:08.000Z</time></trkpt>
      <trkpt lat="52.968910" lon="-1.465051"><ele>55.0</ele><time>2025-01-31T14:08:09.000Z</time></trkpt>
      <trkpt lat="52.968902" lon="-1.465032"><ele>55.0</ele><time>2025-01-31T14:08:10.000Z</time></trkpt>
      <trkpt lat="52.968894" lon="-1.465013"><ele>55.0</ele><time>2025-01-31T14:08:11.000Z</time></trkpt>
      <trkpt lat="52.968887" lon="-1.464993"><ele>55.0</ele><time>2025-01-31T14:08:12.000Z</time></trkpt>
      <trkpt lat="52.968880" lon="-1.464974"><ele>55.0</ele><time>2025-01-31T14:08:13.000Z</time></trkpt>
      <trkpt lat="52.968873" lon="-1.464955"><ele>55.0</ele><time>2025-01-31T14:08:14.000Z</time></trkpt>
      <trkpt lat="52.968866" lon="-1.464935"><ele>55.0</ele><time>2025-01-31T14:08:15.000Z</time></trkpt>
      <trkpt lat="52.968860" lon="-1.464915"><ele>55.0</ele><time>2025-01-31T14:08:16.000Z</time></trkpt>
      <trkpt lat="52.968853" lon="-1.464896"><ele>55.0</ele><time>2025-01-31T14:08:17.000Z</time></trkpt>
      <trkpt lat="52.968845" lon="-1.464876"><ele>55.0</ele><time>2025-01-31T14:08:18.000Z</time></trkpt>
      <trkpt lat="52.968838" lon="-1.464857"><ele>55.0</ele><time>2025-01-31T14:08:19.000Z</time></trkpt>
      <trkpt lat="52.968830" lon="-1.464837"><ele>55.0</ele><time>2025-01-31T14:08:20.000Z</time></trkpt>
      <trkpt lat="52.968822" lon="-1.464818"><ele>55.0</ele><time>2025-01-31T14:08:21.000Z</time></trkpt>
      <trkpt lat="52.968814" lon="-1.464798"><ele>55.0</ele><time>2025-01-31T14:08:22.000Z</time></trkpt>
      <trkpt lat="52.968807" lon="-1.464778"><ele>55.0</ele><time>2025-01-31T14:08:23.000Z</time></trkpt>
      <trkpt lat="52.968799" lon="-1.464758"><ele>55.2</ele><time>2025-01-31T14:08:24.000Z</time></trkpt>
      <trkpt lat="52.968792" lon="-1.464738"><ele>55.2</ele><time>2025-01-31T14:08:25.000Z</time></trkpt>
      <trkpt lat="52.968786" lon="-1.464718"><ele>55.2</ele><time>2025-01-31T14:08:26.000Z</time></trkpt>
      <trkpt lat="52.968779" lon="-1.464699"><ele>55.2</ele><time>2025-01-31T14:08:27.000Z</time></trkpt>
      <trkpt lat="52.968771" lon="-1.464680"><ele>55.2</ele><time>2025-01-31T14:08:28.000Z</time></trkpt>
      <trkpt lat="52.968764" lon="-1.464660"><ele>55.2</ele><time>2025-01-31T14:08:29.000Z</time></trkpt>
      <trkpt lat="52.968757" lon="-1.464640"><ele>55.2</ele><time>2025-01-31T14:08:30.000Z</time></trkpt>
      <trkpt lat="52.968750" lon="-1.464620"><ele>55.2</ele><time>2025-01-31T14:08:31.000Z</time></trkpt>
      <trkpt lat="52.968742" lon="-1.464600"><ele>55.2</ele><time>2025-01-31T14:08:32.000Z</time></trkpt>
      <trkpt lat="52.968736" lon="-1.464579"><ele>55.2</ele><time>2025-01-31T14:08:33.000Z</time></trkpt>
      <trkpt lat="52.968729" lon="-1.464558"><ele>55.2</ele><time>2025-01-31T14:08:34.000Z</time></trkpt>
      <trkpt lat="52.968722" lon="-1.464537"><ele>55.2</ele><time>2025-01-31T14:08:35.000Z</time></trkpt>
      <trkpt lat="52.968715" lon="-1.464516"><ele>55.2</ele><time>2025-01-31T14:08:36.000Z</time></trkpt>
      <trkpt lat="52.968708" lon="-1.464496"><ele>55.2</ele><time>2025-01-31T14:08:37.000Z</time></trkpt>
      <trkpt lat="52.968702" lon="-1.464475"><ele>55.2</ele><time>2025-01-31T14:08:38.000Z</time></trkpt>
      <trkpt lat="52.968695" lon="-1.464455"><ele>55.4</ele><time>2025-01-31T14:08:39.000Z</time></trkpt>
      <trkpt lat="52.968688" lon="-1.464435"><ele>55.4</ele><time>2025-01-31T14:08:40.000Z</time></trkpt>
      <trkpt lat="52.968680" lon="-1.464416"><ele>55.4</ele><time>2025-01-31T14:08:41.000Z</time></trkpt>
      <trkpt lat="52.968673" lon="-1.464397"><ele>55.4</ele><time>2025-01-31T14:08:42.000Z</time></trkpt>
      <trkpt lat="52.968667" lon="-1.464378"><ele>55.4</ele><time>2025-01-31T14:08:43.000Z</time></trkpt>
      <trkpt lat="52.968661" lon="-1.464359"><ele>55.4</ele><time>2025-01-31T14:08:44.000Z</time></trkpt>
      <trkpt lat="52.968654" lon="-1.464338"><ele>55.4</ele><time>2025-01-31T14:08:45.000Z</time></trkpt>
      <trkpt lat="52.968648" lon="-1.464317"><ele>55.4</ele><time>2025-01-31T14:08:46.000Z</time></trkpt>
      <trkpt lat="52.968642" lon="-1.464296"><ele>55.4</ele><time>2025-01-31T14:08:47.000Z</time></trkpt>
      <trkpt lat="52.968637" lon="-1.464274"><ele>55.6</ele><time>2025-01-31T14:08:48.000Z</time></trkpt>
      <trkpt lat="52.968632" lon="-1.464252"><ele>55.6</ele><time>2025-01-31T14:08:49.000Z</time></trkpt>
      <trkpt lat="52.968627" lon="-1.464230"><ele>55.6</ele><time>2025-01-31T14:08:50.000Z</time></trkpt>
      <trkpt lat="52.968623" lon="-1.464208"><ele>55.6</ele><time>2025-01-31T14:08:51.000Z</time></trkpt>
      <trkpt lat="52.968619" lon="-1.464185"><ele>55.6</ele><time>2025-01-31T14:08:52.000Z</time></trkpt>
      <trkpt lat="52.968614" lon="-1.464163"><ele>55.6</ele><time>2025-01-31T14:08:53.000Z</time></trkpt>
      <trkpt lat="52.968608" lon="-1.464143"><ele>55.6</ele><time>2025-01-31T14:08:54.000Z</time></trkpt>
      <trkpt lat="52.968601" lon="-1.464123"><ele>55.6</ele><time>2025-01-31T14:08:55.000Z</time></trkpt>
      <trkpt lat="52.968594" lon="-1.464102"><ele>55.6</ele><time>2025-01-31T14:08:56.000Z</time></trkpt>
      <trkpt lat="52.968586" lon="-1.464080"><ele>55.6</ele><time>2025-01-31T14:08:57.000Z</time></trkpt>
      <trkpt lat="52.968577" lon="-1.464061"><ele>55.6</ele><time>2025-01-31T14:08:58.000Z</time></trkpt>
      <trkpt lat="52.968566" lon="-1.464043"><ele>55.6</ele><time>2025-01-31T14:08:59.000Z</time></trkpt>
      <trkpt lat="52.968554" lon="-1.464027"><ele>55.6</ele><time>2025-01-31T14:09:00.000Z</time></trkpt>
      <trkpt lat="52.968543" lon="-1.464011"><ele>55.4</ele><time>2025-01-31T14:09:01.000Z</time></trkpt>
      <trkpt lat="52.968531" lon="-1.463995"><ele>55.4</ele><time>2025-01-31T14:09:02.000Z</time></trkpt>
      <trkpt lat="52.968519" lon="-1.463980"><ele>55.4</ele><time>2025-01-31T14:09:03.000Z</time></trkpt>
      <trkpt lat="52.968508" lon="-1.463964"><ele>55.4</ele><time>2025-01-31T14:09:04.000Z</time></trkpt>
      <trkpt lat="52.968498" lon="-1.463948"><ele>55.4</ele><time>2025-01-31T14:09:05.000Z</time></trkpt>
      <trkpt lat="52.968488" lon="-1.463931"><ele>55.2</ele><time>2025-01-31T14:09:06.000Z</time></trkpt>
      <trkpt lat="52.968479" lon="-1.463914"><ele>55.2</ele><time>2025-01-31T14:09:07.000Z</time></trkpt>
      <trkpt lat="52.968469" lon="-1.463899"><ele>55.2</ele><time>2025-01-31T14:09:08.000Z</time></trkpt>
      <trkpt lat="52.968458" lon="-1.463887"><ele>55.2</ele><time>2025-01-31T14:09:09.000Z</time></trkpt>
      <trkpt lat="52.968445" lon="-1.463876"><ele>55.2</ele><time>2025-01-31T14:09:10.000Z</time></trkpt>
      <trkpt lat="52.968433" lon="-1.463867"><ele>55.2</ele><time>2025-01-31T14:09:11.000Z</time></trkpt>
      <trkpt lat="52.968420" lon="-1.463856"><ele>55.2</ele><time>2025-01-31T14:09:12.000Z</time></trkpt>
      <trkpt lat="52.968407" lon="-1.463845"><ele>55.2</ele><time>2025-01-31T14:09:13.000Z</time></trkpt>
      <trkpt lat="52.968395" lon="-1.463832"><ele>55.2</ele><time>2025-01-31T14:09:14.000Z</time></trkpt>
      <trkpt lat="52.968383" lon="-1.463819"><ele>55.2</ele><time>2025-01-31T14:09:15.000Z</time></trkpt>
      <trkpt lat="52.968370" lon="-1.463806"><ele>55.2</ele><time>2025-01-31T14:09:16.000Z</time></trkpt>
      <trkpt lat="52.968358" lon="-1.463793"><ele>55.2</ele><time>2025-01-31T14:09:17.000Z</time></trkpt>
      <trkpt lat="52.968345" lon="-1.463781"><ele>55.2</ele><time>2025-01-31T14:09:18.000Z</time></trkpt>
      <trkpt lat="52.968332" lon="-1.463770"><ele>55.2</ele><time>2025-01-31T14:09:19.000Z</time></trkpt>
      <trkpt lat="52.968320" lon="-1.463758"><ele>55.2</ele><time>2025-01-31T14:09:20.000Z</time></trkpt>
      <trkpt lat="52.968308" lon="-1.463745"><ele>55.2</ele><time>2025-01-31T14:09:21.000Z</time></trkpt>
      <trkpt lat="52.968296" lon="-1.463732"><ele>55.2</ele><time>2025-01-31T14:09:22.000Z</time></trkpt>
      <trkpt lat="52.968285" lon="-1.463719"><ele>55.2</ele><time>2025-01-31T14:09:23.000Z</time></trkpt>
      <trkpt lat="52.968273" lon="-1.463707"><ele>55.2</ele><time>2025-01-31T14:09:24.000Z</time></trkpt>
      <trkpt lat="52.968261" lon="-1.463696"><ele>55.2</ele><time>2025-01-31T14:09:25.000Z</time></trkpt>
      <trkpt lat="52.968249" lon="-1.463685"><ele>55.2</ele><time>2025-01-31T14:09:26.000Z</time></trkpt>
      <trkpt lat="52.968237" lon="-1.463673"><ele>55.2</ele><time>2025-01-31T14:09:27.000Z</time></trkpt>
      <trkpt lat="52.968224" lon="-1.463661"><ele>55.2</ele><time>2025-01-31T14:09:28.000Z</time></trkpt>
      <trkpt lat="52.968212" lon="-1.463649"><ele>55.2</ele><time>2025-01-31T14:09:29.000Z</time></trkpt>
      <trkpt lat="52.968201" lon="-1.463636"><ele>55.2</ele><time>2025-01-31T14:09:30.000Z</time></trkpt>
      <trkpt lat="52.968189" lon="-1.463622"><ele>55.2</ele><time>2025-01-31T14:09:31.000Z</time></trkpt>
      <trkpt lat="52.968178" lon="-1.463609"><ele>55.2</ele><time>2025-01-31T14:09:32.000Z</time></trkpt>
      <trkpt lat="52.968166" lon="-1.463597"><ele>55.2</ele><time>2025-01-31T14:09:33.000Z</time></trkpt>
      <trkpt lat="52.968154" lon="-1.463586"><ele>55.2</ele><time>2025-01-31T14:09:34.000Z</time></trkpt>
      <trkpt lat="52.968142" lon="-1.463574"><ele>55.2</ele><time>2025-01-31T14:09:35.000Z</time></trkpt>
      <trkpt lat="52.968130" lon="-1.463564"><ele>55.2</ele><time>2025-01-31T14:09:36.000Z</time></trkpt>
      <trkpt lat="52.968117" lon="-1.463554"><ele>55.2</ele><time>2025-01-31T14:09:37.000Z</time></trkpt>
      <trkpt lat="52.968103" lon="-1.463546"><ele>55.2</ele><time>2025-01-31T14:09:38.000Z</time></trkpt>
      <trkpt lat="52.968089" lon="-1.463540"><ele>55.2</ele><time>2025-01-31T14:09:39.000Z</time></trkpt>
      <trkpt lat="52.968075" lon="-1.463533"><ele>55.2</ele><time>2025-01-31T14:09:40.000Z</time></trkpt>
      <trkpt lat="52.968061" lon="-1.463524"><ele>55.2</ele><time>2025-01-31T14:09:41.000Z</time></trkpt>
      <trkpt lat="52.968048" lon="-1.463512"><ele>55.2</ele><time>2025-01-31T14:09:42.000Z</time></trkpt>
      <trkpt lat="52.968035" lon="-1.463499"><ele>55.2</ele><time>2025-01-31T14:09:43.000Z</time></trkpt>
      <trkpt lat="52.968023" lon="-1.463486"><ele>55.2</ele><time>2025-01-31T14:09:44.000Z</time></trkpt>
      <trkpt lat="52.968010" lon="-1.463472"><ele>55.2</ele><time>2025-01-31T14:09:45.000Z</time></trkpt>
      <trkpt lat="52.967998" lon="-1.463459"><ele>55.0</ele><time>2025-01-31T14:09:46.000Z</time></trkpt>
      <trkpt lat="52.967985" lon="-1.463446"><ele>55.2</ele><time>2025-01-31T14:09:47.000Z</time></trkpt>
      <trkpt lat="52.967971" lon="-1.463435"><ele>55.2</ele><time>2025-01-31T14:09:48.000Z</time></trkpt>
      <trkpt lat="52.967958" lon="-1.463423"><ele>55.2</ele><time>2025-01-31T14:09:49.000Z</time></trkpt>
      <trkpt lat="52.967946" lon="-1.463408"><ele>55.2</ele><time>2025-01-31T14:09:50.000Z</time></trkpt>
      <trkpt lat="52.967934" lon="-1.463394"><ele>55.2</ele><time>2025-01-31T14:09:51.000Z</time></trkpt>
      <trkpt lat="52.967922" lon="-1.463379"><ele>55.2</ele><time>2025-01-31T14:09:52.000Z</time></trkpt>
      <trkpt lat="52.967909" lon="-1.463365"><ele>55.2</ele><time>2025-01-31T14:09:53.000Z</time></trkpt>
      <trkpt lat="52.967897" lon="-1.463352"><ele>55.2</ele><time>2025-01-31T14:09:54.000Z</time></trkpt>
      <trkpt lat="52.967886" lon="-1.463339"><ele>55.2</ele><time>2025-01-31T14:09:55.000Z</time></trkpt>
      <trkpt lat="52.967876" lon="-1.463321"><ele>55.0</ele><time>2025-01-31T14:09:56.000Z</time></trkpt>
      <trkpt lat="52.967870" lon="-1.463298"><ele>55.0</ele><time>2025-01-31T14:09:57.000Z</time></trkpt>
      <trkpt lat="52.967864" lon="-1.463276"><ele>55.0</ele><time>2025-01-31T14:09:58.000Z</time></trkpt>
      <trkpt lat="52.967855" lon="-1.463256"><ele>55.0</ele><time>2025-01-31T14:09:59.000Z</time></trkpt>
      <trkpt lat="52.967842" lon="-1.463241"><ele>54.8</ele><time>2025-01-31T14:10:00.000Z</time></trkpt>
      <trkpt lat="52.967828" lon="-1.463228"><ele>54.8</ele><time>2025-01-31T14:10:01.000Z</time></trkpt>
      <trkpt lat="52.967814" lon="-1.463215"><ele>54.8</ele><time>2025-01-31T14:10:02.000Z</time></trkpt>
      <trkpt lat="52.967801" lon="-1.463203"><ele>54.6</ele><time>2025-01-31T14:10:03.000Z</time></trkpt>
      <trkpt lat="52.967787" lon="-1.463190"><ele>54.6</ele><time>2025-01-31T14:10:04.000Z</time></trkpt>
      <trkpt lat="52.967773" lon="-1.463179"><ele>54.6</ele><time>2025-01-31T14:10:05.000Z</time></trkpt>
      <trkpt lat="52.967759" lon="-1.463168"><ele>54.4</ele><time>2025-01-31T14:10:06.000Z</time></trkpt>
      <trkpt lat="52.967745" lon="-1.463157"><ele>54.4</ele><time>2025-01-31T14:10:07.000Z</time></trkpt>
      <trkpt lat="52.967732" lon="-1.463146"><ele>54.4</ele><time>2025-01-31T14:10:08.000Z</time></trkpt>
      <trkpt lat="52.967717" lon="-1.463137"><ele>54.4</ele><time>2025-01-31T14:10:09.000Z</time></trkpt>
      <trkpt lat="52.967703" lon="-1.463128"><ele>54.4</ele><time>2025-01-31T14:10:10.000Z</time></trkpt>
      <trkpt lat="52.967689" lon="-1.463119"><ele>54.2</ele><time>2025-01-31T14:10:11.000Z</time></trkpt>
      <trkpt lat="52.967675" lon="-1.463110"><ele>54.2</ele><time>2025-01-31T14:10:12.000Z</time></trkpt>
      <trkpt lat="52.967661" lon="-1.463102"><ele>54.2</ele><time>2025-01-31T14:10:13.000Z</time></trkpt>
      <trkpt lat="52.967647" lon="-1.463093"><ele>54.2</ele><time>2025-01-31T14:10:14.000Z</time></trkpt>
      <trkpt lat="52.967634" lon="-1.463085"><ele>54.2</ele><time>2025-01-31T14:10:15.000Z</time></trkpt>
      <trkpt lat="52.967621" lon="-1.463075"><ele>54.2</ele><time>2025-01-31T14:10:16.000Z</time></trkpt>
      <trkpt lat="52.967608" lon="-1.463064"><ele>54.2</ele><time>2025-01-31T14:10:17.000Z</time></trkpt>
      <trkpt lat="52.967596" lon="-1.463053"><ele>54.2</ele><time>2025-01-31T14:10:18.000Z</time></trkpt>
      <trkpt lat="52.967583" lon="-1.463042"><ele>54.2</ele><time>2025-01-31T14:10:19.000Z</time></trkpt>
      <trkpt lat="52.967570" lon="-1.463032"><ele>54.2</ele><time>2025-01-31T14:10:20.000Z</time></trkpt>
      <trkpt lat="52.967556" lon="-1.463022"><ele>54.2</ele><time>2025-01-31T14:10:21.000Z</time></trkpt>
      <trkpt lat="52.967543" lon="-1.463013"><ele>54.2</ele><time>2025-01-31T14:10:22.000Z</time></trkpt>
      <trkpt lat="52.967529" lon="-1.463005"><ele>54.2</ele><time>2025-01-31T14:10:23.000Z</time></trkpt>
      <trkpt lat="52.967515" lon="-1.462997"><ele>54.2</ele><time>2025-01-31T14:10:24.000Z</time></trkpt>
      <trkpt lat="52.967500" lon="-1.462991"><ele>54.2</ele><time>2025-01-31T14:10:25.000Z</time></trkpt>
      <trkpt lat="52.967486" lon="-1.462985"><ele>54.2</ele><time>2025-01-31T14:10:26.000Z</time></trkpt>
      <trkpt lat="52.967471" lon="-1.462980"><ele>54.2</ele><time>2025-01-31T14:10:27.000Z</time></trkpt>
      <trkpt lat="52.967457" lon="-1.462974"><ele>54.2</ele><time>2025-01-31T14:10:28.000Z</time></trkpt>
      <trkpt lat="52.967443" lon="-1.462968"><ele>54.2</ele><time>2025-01-31T14:10:29.000Z</time></trkpt>
      <trkpt lat="52.967429" lon="-1.462962"><ele>54.2</ele><time>2025-01-31T14:10:30.000Z</time></trkpt>
      <trkpt lat="52.967415" lon="-1.462957"><ele>54.2</ele><time>2025-01-31T14:10:31.000Z</time></trkpt>
      <trkpt lat="52.967401" lon="-1.462953"><ele>54.4</ele><time>2025-01-31T14:10:32.000Z</time></trkpt>
      <trkpt lat="52.967387" lon="-1.462949"><ele>54.4</ele><time>2025-01-31T14:10:33.000Z</time></trkpt>
      <trkpt lat="52.967373" lon="-1.462946"><ele>54.4</ele><time>2025-01-31T14:10:34.000Z</time></trkpt>
      <trkpt lat="52.967359" lon="-1.462943"><ele>54.4</ele><time>2025-01-31T14:10:35.000Z</time></trkpt>
      <trkpt lat="52.967345" lon="-1.462942"><ele>54.4</ele><time>2025-01-31T14:10:36.000Z</time></trkpt>
      <trkpt lat="52.967330" lon="-1.462942"><ele>54.4</ele><time>2025-01-31T14:10:37.000Z</time></trkpt>
      <trkpt lat="52.967316" lon="-1.462942"><ele>54.6</ele><time>2025-01-31T14:10:38.000Z</time></trkpt>
      <trkpt lat="52.967301" lon="-1.462943"><ele>54.6</ele><time>2025-01-31T14:10:39.000Z</time></trkpt>
      <trkpt lat="52.967287" lon="-1.462944"><ele>54.6</ele><time>2025-01-31T14:10:40.000Z</time></trkpt>
      <trkpt lat="52.967273" lon="-1.462946"><ele>54.6</ele><time>2025-01-31T14:10:41.000Z</time></trkpt>
      <trkpt lat="52.967259" lon="-1.462948"><ele>54.6</ele><time>2025-01-31T14:10:42.000Z</time></trkpt>
      <trkpt lat="52.967245" lon="-1.462950"><ele>54.6</ele><time>2025-01-31T14:10:43.000Z</time></trkpt>
      <trkpt lat="52.967232" lon="-1.462951"><ele>54.6</ele><time>2025-01-31T14:10:44.000Z</time></trkpt>
      <trkpt lat="52.967218" lon="-1.462952"><ele>54.6</ele><time>2025-01-31T14:10:45.000Z</time></trkpt>
      <trkpt lat="52.967205" lon="-1.462954"><ele>54.6</ele><time>2025-01-31T14:10:46.000Z</time></trkpt>
      <trkpt lat="52.967191" lon="-1.462955"><ele>54.6</ele><time>2025-01-31T14:10:47.000Z</time></trkpt>
      <trkpt lat="52.967177" lon="-1.462956"><ele>54.6</ele><time>2025-01-31T14:10:48.000Z</time></trkpt>
      <trkpt lat="52.967164" lon="-1.462957"><ele>54.6</ele><time>2025-01-31T14:10:49.000Z</time></trkpt>
      <trkpt lat="52.967150" lon="-1.462959"><ele>54.6</ele><time>2025-01-31T14:10:50.000Z</time></trkpt>
      <trkpt lat="52.967136" lon="-1.462962"><ele>54.4</ele><time>2025-01-31T14:10:51.000Z</time></trkpt>
      <trkpt lat="52.967122" lon="-1.462965"><ele>54.4</ele><time>2025-01-31T14:10:52.000Z</time></trkpt>
      <trkpt lat="52.967108" lon="-1.462967"><ele>54.4</ele><time>2025-01-31T14:10:53.000Z</time></trkpt>
      <trkpt lat="52.967094" lon="-1.462969"><ele>54.4</ele><time>2025-01-31T14:10:54.000Z</time></trkpt>
      <trkpt lat="52.967079" lon="-1.462971"><ele>54.4</ele><time>2025-01-31T14:10:55.000Z</time></trkpt>
      <trkpt lat="52.967065" lon="-1.462973"><ele>54.2</ele><time>2025-01-31T14:10:56.000Z</time></trkpt>
      <trkpt lat="52.967051" lon="-1.462976"><ele>54.2</ele><time>2025-01-31T14:10:57.000Z</time></trkpt>
      <trkpt lat="52.967037" lon="-1.462980"><ele>54.2</ele><time>2025-01-31T14:10:58.000Z</time></trkpt>
      <trkpt lat="52.967023" lon="-1.462983"><ele>54.2</ele><time>2025-01-31T14:10:59.000Z</time></trkpt>
      <trkpt lat="52.967009" lon="-1.462987"><ele>54.2</ele><time>2025-01-31T14:11:00.000Z</time></trkpt>
      <trkpt lat="52.966994" lon="-1.462989"><ele>54.2</ele><time>2025-01-31T14:11:01.000Z</time></trkpt>
      <trkpt lat="52.966980" lon="-1.462992"><ele>54.0</ele><time>2025-01-31T14:11:02.000Z</time></trkpt>
      <trkpt lat="52.966965" lon="-1.462996"><ele>54.0</ele><time>2025-01-31T14:11:03.000Z</time></trkpt>
      <trkpt lat="52.966951" lon="-1.463000"><ele>54.0</ele><time>2025-01-31T14:11:04.000Z</time></trkpt>
      <trkpt lat="52.966936" lon="-1.463004"><ele>54.0</ele><time>2025-01-31T14:11:05.000Z</time></trkpt>
      <trkpt lat="52.966921" lon="-1.463007"><ele>54.0</ele><time>2025-01-31T14:11:06.000Z</time></trkpt>
      <trkpt lat="52.966907" lon="-1.463011"><ele>54.0</ele><time>2025-01-31T14:11:07.000Z</time></trkpt>
      <trkpt lat="52.966892" lon="-1.463013"><ele>54.0</ele><time>2025-01-31T14:11:08.000Z</time></trkpt>
      <trkpt lat="52.966878" lon="-1.463015"><ele>54.0</ele><time>2025-01-31T14:11:09.000Z</time></trkpt>
      <trkpt lat="52.966864" lon="-1.463016"><ele>54.0</ele><time>2025-01-31T14:11:10.000Z</time></trkpt>
      <trkpt lat="52.966849" lon="-1.463014"><ele>54.0</ele><time>2025-01-31T14:11:11.000Z</time></trkpt>
      <trkpt lat="52.966835" lon="-1.463012"><ele>54.0</ele><time>2025-01-31T14:11:12.000Z</time></trkpt>
      <trkpt lat="52.966820" lon="-1.463011"><ele>54.0</ele><time>2025-01-31T14:11:13.000Z</time></trkpt>
      <trkpt lat="52.966806" lon="-1.463012"><ele>54.0</ele><time>2025-01-31T14:11:14.000Z</time></trkpt>
      <trkpt lat="52.966792" lon="-1.463015"><ele>54.0</ele><time>2025-01-31T14:11:15.000Z</time></trkpt>
      <trkpt lat="52.966779" lon="-1.463018"><ele>54.0</ele><time>2025-01-31T14:11:16.000Z</time></trkpt>
      <trkpt lat="52.966765" lon="-1.463021"><ele>54.0</ele><time>2025-01-31T14:11:17.000Z</time></trkpt>
      <trkpt lat="52.966751" lon="-1.463024"><ele>54.0</ele><time>2025-01-31T14:11:18.000Z</time></trkpt>
      <trkpt lat="52.966737" lon="-1.463025"><ele>54.0</ele><time>2025-01-31T14:11:19.000Z</time></trkpt>
      <trkpt lat="52.966723" lon="-1.463025"><ele>54.0</ele><time>2025-01-31T14:11:20.000Z</time></trkpt>
      <trkpt lat="52.966709" lon="-1.463024"><ele>54.0</ele><time>2025-01-31T14:11:21.000Z</time></trkpt>
      <trkpt lat="52.966694" lon="-1.463022"><ele>54.0</ele><time>2025-01-31T14:11:22.000Z</time></trkpt>
      <trkpt lat="52.966679" lon="-1.463022"><ele>54.0</ele><time>2025-01-31T14:11:23.000Z</time></trkpt>
      <trkpt lat="52.966664" lon="-1.463022"><ele>54.0</ele><time>2025-01-31T14:11:24.000Z</time></trkpt>
      <trkpt lat="52.966649" lon="-1.463022"><ele>54.0</ele><time>2025-01-31T14:11:25.000Z</time></trkpt>
      <trkpt lat="52.966634" lon="-1.463020"><ele>54.0</ele><time>2025-01-31T14:11:26.000Z</time></trkpt>
      <trkpt lat="52.966620" lon="-1.463018"><ele>54.0</ele><time>2025-01-31T14:11:27.000Z</time></trkpt>
      <trkpt lat="52.966605" lon="-1.463015"><ele>54.0</ele><time>2025-01-31T14:11:28.000Z</time></trkpt>
      <trkpt lat="52.966592" lon="-1.463012"><ele>54.0</ele><time>2025-01-31T14:11:29.000Z</time></trkpt>
      <trkpt lat="52.966578" lon="-1.463009"><ele>54.2</ele><time>2025-01-31T14:11:30.000Z</time></trkpt>
      <trkpt lat="52.966564" lon="-1.463007"><ele>54.2</ele><time>2025-01-31T14:11:31.000Z</time></trkpt>
      <trkpt lat="52.966550" lon="-1.463008"><ele>54.2</ele><time>2025-01-31T14:11:32.000Z</time></trkpt>
      <trkpt lat="52.966537" lon="-1.463010"><ele>54.2</ele><time>2025-01-31T14:11:33.000Z</time></trkpt>
      <trkpt lat="52.966523" lon="-1.463011"><ele>54.2</ele><time>2025-01-31T14:11:34.000Z</time></trkpt>
      <trkpt lat="52.966509" lon="-1.463012"><ele>54.2</ele><time>2025-01-31T14:11:35.000Z</time></trkpt>
      <trkpt lat="52.966495" lon="-1.463009"><ele>54.2</ele><time>2025-01-31T14:11:36.000Z</time></trkpt>
      <trkpt lat="52.966482" lon="-1.463004"><ele>54.2</ele><time>2025-01-31T14:11:37.000Z</time></trkpt>
      <trkpt lat="52.966468" lon="-1.462996"><ele>54.2</ele><time>2025-01-31T14:11:38.000Z</time></trkpt>
      <trkpt lat="52.966453" lon="-1.462991"><ele>54.2</ele><time>2025-01-31T14:11:39.000Z</time></trkpt>
      <trkpt lat="52.966439" lon="-1.462986"><ele>54.2</ele><time>2025-01-31T14:11:40.000Z</time></trkpt>
      <trkpt lat="52.966424" lon="-1.462982"><ele>54.2</ele><time>2025-01-31T14:11:41.000Z</time></trkpt>
      <trkpt lat="52.966409" lon="-1.462978"><ele>54.0</ele><time>2025-01-31T14:11:42.000Z</time></trkpt>
      <trkpt lat="52.966394" lon="-1.462972"><ele>54.0</ele><time>2025-01-31T14:11:43.000Z</time></trkpt>
      <trkpt lat="52.966380" lon="-1.462965"><ele>54.0</ele><time>2025-01-31T14:11:44.000Z</time></trkpt>
      <trkpt lat="52.966366" lon="-1.462957"><ele>54.0</ele><time>2025-01-31T14:11:45.000Z</time></trkpt>
      <trkpt lat="52.966352" lon="-1.462949"><ele>54.0</ele><time>2025-01-31T14:11:46.000Z</time></trkpt>
      <trkpt lat="52.966338" lon="-1.462941"><ele>54.0</ele><time>2025-01-31T14:11:47.000Z</time></trkpt>
      <trkpt lat="52.966324" lon="-1.462933"><ele>54.0</ele><time>2025-01-31T14:11:48.000Z</time></trkpt>
      <trkpt lat="52.966310" lon="-1.462926"><ele>54.0</ele><time>2025-01-31T14:11:49.000Z</time></trkpt>
      <trkpt lat="52.966296" lon="-1.462915"><ele>53.8</ele><time>2025-01-31T14:11:50.000Z</time></trkpt>
      <trkpt lat="52.966284" lon="-1.462902"><ele>53.8</ele><time>2025-01-31T14:11:51.000Z</time></trkpt>
      <trkpt lat="52.966272" lon="-1.462887"><ele>53.8</ele><time>2025-01-31T14:11:52.000Z</time></trkpt>
      <trkpt lat="52.966261" lon="-1.462871"><ele>53.8</ele><time>2025-01-31T14:11:53.000Z</time></trkpt>
      <trkpt lat="52.966250" lon="-1.462855"><ele>54.0</ele><time>2025-01-31T14:11:54.000Z</time></trkpt>
      <trkpt lat="52.966239" lon="-1.462838"><ele>54.0</ele><time>2025-01-31T14:11:55.000Z</time></trkpt>
      <trkpt lat="52.966228" lon="-1.462821"><ele>54.0</ele><time>2025-01-31T14:11:56.000Z</time></trkpt>
      <trkpt lat="52.966217" lon="-1.462805"><ele>54.0</ele><time>2025-01-31T14:11:57.000Z</time></trkpt>
      <trkpt lat="52.966207" lon="-1.462788"><ele>54.0</ele><time>2025-01-31T14:11:58.000Z</time></trkpt>
      <trkpt lat="52.966196" lon="-1.462772"><ele>54.0</ele><time>2025-01-31T14:11:59.000Z</time></trkpt>
      <trkpt lat="52.966186" lon="-1.462756"><ele>54.0</ele><time>2025-01-31T14:12:00.000Z</time></trkpt>
      <trkpt lat="52.966176" lon="-1.462740"><ele>54.0</ele><time>2025-01-31T14:12:01.000Z</time></trkpt>
      <trkpt lat="52.966165" lon="-1.462725"><ele>54.0</ele><time>2025-01-31T14:12:02.000Z</time></trkpt>
      <trkpt lat="52.966153" lon="-1.462710"><ele>54.0</ele><time>2025-01-31T14:12:03.000Z</time></trkpt>
      <trkpt lat="52.966142" lon="-1.462697"><ele>54.2</ele><time>2025-01-31T14:12:04.000Z</time></trkpt>
      <trkpt lat="52.966130" lon="-1.462683"><ele>54.2</ele><time>2025-01-31T14:12:05.000Z</time></trkpt>
      <trkpt lat="52.966118" lon="-1.462669"><ele>54.2</ele><time>2025-01-31T14:12:06.000Z</time></trkpt>
      <trkpt lat="52.966106" lon="-1.462655"><ele>54.2</ele><time>2025-01-31T14:12:07.000Z</time></trkpt>
      <trkpt lat="52.966094" lon="-1.462640"><ele>54.2</ele><time>2025-01-31T14:12:08.000Z</time></trkpt>
      <trkpt lat="52.966083" lon="-1.462624"><ele>54.4</ele><time>2025-01-31T14:12:09.000Z</time></trkpt>
      <trkpt lat="52.966073" lon="-1.462608"><ele>54.4</ele><time>2025-01-31T14:12:10.000Z</time></trkpt>
      <trkpt lat="52.966063" lon="-1.462591"><ele>54.4</ele><time>2025-01-31T14:12:11.000Z</time></trkpt>
      <trkpt lat="52.966054" lon="-1.462574"><ele>54.4</ele><time>2025-01-31T14:12:12.000Z</time></trkpt>
      <trkpt lat="52.966044" lon="-1.462556"><ele>54.6</ele><time>2025-01-31T14:12:13.000Z</time></trkpt>
      <trkpt lat="52.966035" lon="-1.462539"><ele>54.6</ele><time>2025-01-31T14:12:14.000Z</time></trkpt>
      <trkpt lat="52.966025" lon="-1.462522"><ele>54.6</ele><time>2025-01-31T14:12:15.000Z</time></trkpt>
      <trkpt lat="52.966014" lon="-1.462506"><ele>54.6</ele><time>2025-01-31T14:12:16.000Z</time></trkpt>
      <trkpt lat="52.966003" lon="-1.462489"><ele>54.6</ele><time>2025-01-31T14:12:17.000Z</time></trkpt>
      <trkpt lat="52.965992" lon="-1.462474"><ele>54.8</ele><time>2025-01-31T14:12:18.000Z</time></trkpt>
      <trkpt lat="52.965980" lon="-1.462459"><ele>54.8</ele><time>2025-01-31T14:12:19.000Z</time></trkpt>
      <trkpt lat="52.965969" lon="-1.462444"><ele>54.8</ele><time>2025-01-31T14:12:20.000Z</time></trkpt>
      <trkpt lat="52.965957" lon="-1.462430"><ele>54.8</ele><time>2025-01-31T14:12:21.000Z</time></trkpt>
      <trkpt lat="52.965946" lon="-1.462415"><ele>54.8</ele><time>2025-01-31T14:12:22.000Z</time></trkpt>
      <trkpt lat="52.965934" lon="-1.462400"><ele>54.8</ele><time>2025-01-31T14:12:23.000Z</time></trkpt>
      <trkpt lat="52.965923" lon="-1.462386"><ele>54.8</ele><time>2025-01-31T14:12:24.000Z</time></trkpt>
      <trkpt lat="52.965912" lon="-1.462371"><ele>54.8</ele><time>2025-01-31T14:12:25.000Z</time></trkpt>
      <trkpt lat="52.965902" lon="-1.462356"><ele>54.8</ele><time>2025-01-31T14:12:26.000Z</time></trkpt>
      <trkpt lat="52.965891" lon="-1.462341"><ele>54.8</ele><time>2025-01-31T14:12:27.000Z</time></trkpt>
      <trkpt lat="52.965881" lon="-1.462325"><ele>54.8</ele><time>2025-01-31T14:12:28.000Z</time></trkpt>
      <trkpt lat="52.965871" lon="-1.462308"><ele>54.8</ele><time>2025-01-31T14:12:29.000Z</time></trkpt>
      <trkpt lat="52.965861" lon="-1.462292"><ele>54.8</ele><time>2025-01-31T14:12:30.000Z</time></trkpt>
      <trkpt lat="52.965850" lon="-1.462276"><ele>54.8</ele><time>2025-01-31T14:12:31.000Z</time></trkpt>
      <trkpt lat="52.965839" lon="-1.462261"><ele>54.8</ele><time>2025-01-31T14:12:32.000Z</time></trkpt>
      <trkpt lat="52.965828" lon="-1.462246"><ele>54.8</ele><time>2025-01-31T14:12:33.000Z</time></trkpt>
      <trkpt lat="52.965816" lon="-1.462232"><ele>54.8</ele><time>2025-01-31T14:12:34.000Z</time></trkpt>
      <trkpt lat="52.965804" lon="-1.462218"><ele>54.8</ele><time>2025-01-31T14:12:35.000Z</time></trkpt>
      <trkpt lat="52.965792" lon="-1.462203"><ele>54.8</ele><time>2025-01-31T14:12:36.000Z</time></trkpt>
      <trkpt lat="52.965781" lon="-1.462189"><ele>54.8</ele><time>2025-01-31T14:12:37.000Z</time></trkpt>
      <trkpt lat="52.965769" lon="-1.462175"><ele>54.8</ele><time>2025-01-31T14:12:38.000Z</time></trkpt>
      <trkpt lat="52.965757" lon="-1.462162"><ele>54.8</ele><time>2025-01-31T14:12:39.000Z</time></trkpt>
      <trkpt lat="52.965744" lon="-1.462150"><ele>54.8</ele><time>2025-01-31T14:12:40.000Z</time></trkpt>
      <trkpt lat="52.965731" lon="-1.462140"><ele>54.8</ele><time>2025-01-31T14:12:41.000Z</time></trkpt>
      <trkpt lat="52.965719" lon="-1.462128"><ele>54.8</ele><time>2025-01-31T14:12:42.000Z</time></trkpt>
      <trkpt lat="52.965707" lon="-1.462117"><ele>54.8</ele><time>2025-01-31T14:12:43.000Z</time></trkpt>
      <trkpt lat="52.965693" lon="-1.462107"><ele>54.8</ele><time>2025-01-31T14:12:44.000Z</time></trkpt>
      <trkpt lat="52.965678" lon="-1.462101"><ele>54.8</ele><time>2025-01-31T14:12:45.000Z</time></trkpt>
      <trkpt lat="52.965663" lon="-1.462101"><ele>54.8</ele><time>2025-01-31T14:12:46.000Z</time></trkpt>
      <trkpt lat="52.965647" lon="-1.462105"><ele>54.8</ele><time>2025-01-31T14:12:47.000Z</time></trkpt>
      <trkpt lat="52.965633" lon="-1.462110"><ele>54.8</ele><time>2025-01-31T14:12:48.000Z</time></trkpt>
      <trkpt lat="52.965618" lon="-1.462112"><ele>54.8</ele><time>2025-01-31T14:12:49.000Z</time></trkpt>
      <trkpt lat="52.965604" lon="-1.462108"><ele>54.8</ele><time>2025-01-31T14:12:50.000Z</time></trkpt>
      <trkpt lat="52.965591" lon="-1.462098"><ele>54.8</ele><time>2025-01-31T14:12:51.000Z</time></trkpt>
      <trkpt lat="52.965581" lon="-1.462082"><ele>54.8</ele><time>2025-01-31T14:12:52.000Z</time></trkpt>
      <trkpt lat="52.965571" lon="-1.462065"><ele>54.8</ele><time>2025-01-31T14:12:53.000Z</time></trkpt>
      <trkpt lat="52.965562" lon="-1.462047"><ele>54.8</ele><time>2025-01-31T14:12:54.000Z</time></trkpt>
      <trkpt lat="52.965552" lon="-1.462029"><ele>54.8</ele><time>2025-01-31T14:12:55.000Z</time></trkpt>
      <trkpt lat="52.965543" lon="-1.462013"><ele>54.8</ele><time>2025-01-31T14:12:56.000Z</time></trkpt>
      <trkpt lat="52.965532" lon="-1.461997"><ele>54.8</ele><time>2025-01-31T14:12:57.000Z</time></trkpt>
      <trkpt lat="52.965521" lon="-1.461981"><ele>54.8</ele><time>2025-01-31T14:12:58.000Z</time></trkpt>
      <trkpt lat="52.965511" lon="-1.461965"><ele>54.8</ele><time>2025-01-31T14:12:59.000Z</time></trkpt>
      <trkpt lat="52.965500" lon="-1.461948"><ele>54.8</ele><time>2025-01-31T14:13:00.000Z</time></trkpt>
      <trkpt lat="52.965490" lon="-1.461931"><ele>54.8</ele><time>2025-01-31T14:13:01.000Z</time></trkpt>
      <trkpt lat="52.965478" lon="-1.461915"><ele>54.8</ele><time>2025-01-31T14:13:02.000Z</time></trkpt>
      <trkpt lat="52.965467" lon="-1.461899"><ele>54.8</ele><time>2025-01-31T14:13:03.000Z</time></trkpt>
      <trkpt lat="52.965455" lon="-1.461883"><ele>54.8</ele><time>2025-01-31T14:13:04.000Z</time></trkpt>
      <trkpt lat="52.965444" lon="-1.461867"><ele>54.8</ele><time>2025-01-31T14:13:05.000Z</time></trkpt>
      <trkpt lat="52.965433" lon="-1.461851"><ele>54.8</ele><time>2025-01-31T14:13:06.000Z</time></trkpt>
      <trkpt lat="52.965423" lon="-1.461835"><ele>54.8</ele><time>2025-01-31T14:13:07.000Z</time></trkpt>
      <trkpt lat="52.965413" lon="-1.461820"><ele>54.8</ele><time>2025-01-31T14:13:08.000Z</time></trkpt>
      <trkpt lat="52.965402" lon="-1.461804"><ele>54.8</ele><time>2025-01-31T14:13:09.000Z</time></trkpt>
      <trkpt lat="52.965391" lon="-1.461789"><ele>54.8</ele><time>2025-01-31T14:13:10.000Z</time></trkpt>
      <trkpt lat="52.965380" lon="-1.461775"><ele>54.8</ele><time>2025-01-31T14:13:11.000Z</time></trkpt>
      <trkpt lat="52.965368" lon="-1.461764"><ele>54.8</ele><time>2025-01-31T14:13:12.000Z</time></trkpt>
      <trkpt lat="52.965355" lon="-1.461756"><ele>54.8</ele><time>2025-01-31T14:13:13.000Z</time></trkpt>
      <trkpt lat="52.965341" lon="-1.461755"><ele>54.8</ele><time>2025-01-31T14:13:14.000Z</time></trkpt>
      <trkpt lat="52.965326" lon="-1.461759"><ele>54.8</ele><time>2025-01-31T14:13:15.000Z</time></trkpt>
      <trkpt lat="52.965312" lon="-1.461762"><ele>54.6</ele><time>2025-01-31T14:13:16.000Z</time></trkpt>
      <trkpt lat="52.965298" lon="-1.461762"><ele>54.6</ele><time>2025-01-31T14:13:17.000Z</time></trkpt>
      <trkpt lat="52.965285" lon="-1.461757"><ele>54.6</ele><time>2025-01-31T14:13:18.000Z</time></trkpt>
      <trkpt lat="52.965272" lon="-1.461748"><ele>54.6</ele><time>2025-01-31T14:13:19.000Z</time></trkpt>
      <trkpt lat="52.965261" lon="-1.461735"><ele>54.6</ele><time>2025-01-31T14:13:20.000Z</time></trkpt>
      <trkpt lat="52.965251" lon="-1.461719"><ele>54.6</ele><time>2025-01-31T14:13:21.000Z</time></trkpt>
      <trkpt lat="52.965242" lon="-1.461703"><ele>54.6</ele><time>2025-01-31T14:13:22.000Z</time></trkpt>
      <trkpt lat="52.965233" lon="-1.461686"><ele>54.6</ele><time>2025-01-31T14:13:23.000Z</time></trkpt>
      <trkpt lat="52.965224" lon="-1.461671"><ele>54.6</ele><time>2025-01-31T14:13:24.000Z</time></trkpt>
      <trkpt lat="52.965215" lon="-1.461656"><ele>54.6</ele><time>2025-01-31T14:13:25.000Z</time></trkpt>
      <trkpt lat="52.965205" lon="-1.461641"><ele>54.6</ele><time>2025-01-31T14:13:26.000Z</time></trkpt>
      <trkpt lat="52.965195" lon="-1.461625"><ele>54.6</ele><time>2025-01-31T14:13:27.000Z</time></trkpt>
      <trkpt lat="52.965185" lon="-1.461610"><ele>54.6</ele><time>2025-01-31T14:13:28.000Z</time></trkpt>
      <trkpt lat="52.965175" lon="-1.461595"><ele>54.8</ele><time>2025-01-31T14:13:29.000Z</time></trkpt>
      <trkpt lat="52.965165" lon="-1.461580"><ele>54.8</ele><time>2025-01-31T14:13:30.000Z</time></trkpt>
      <trkpt lat="52.965155" lon="-1.461565"><ele>54.8</ele><time>2025-01-31T14:13:31.000Z</time></trkpt>
      <trkpt lat="52.965145" lon="-1.461550"><ele>54.8</ele><time>2025-01-31T14:13:32.000Z</time></trkpt>
      <trkpt lat="52.965135" lon="-1.461535"><ele>54.8</ele><time>2025-01-31T14:13:33.000Z</time></trkpt>
      <trkpt lat="52.965126" lon="-1.461519"><ele>54.8</ele><time>2025-01-31T14:13:34.000Z</time></trkpt>
      <trkpt lat="52.965116" lon="-1.461504"><ele>54.8</ele><time>2025-01-31T14:13:35.000Z</time></trkpt>
      <trkpt lat="52.965107" lon="-1.461487"><ele>54.8</ele><time>2025-01-31T14:13:36.000Z</time></trkpt>
      <trkpt lat="52.965098" lon="-1.461471"><ele>54.8</ele><time>2025-01-31T14:13:37.000Z</time></trkpt>
      <trkpt lat="52.965088" lon="-1.461456"><ele>54.8</ele><time>2025-01-31T14:13:38.000Z</time></trkpt>
      <trkpt lat="52.965078" lon="-1.461441"><ele>54.8</ele><time>2025-01-31T14:13:39.000Z</time></trkpt>
      <trkpt lat="52.965068" lon="-1.461427"><ele>54.6</ele><time>2025-01-31T14:13:40.000Z</time></trkpt>
      <trkpt lat="52.965059" lon="-1.461412"><ele>54.6</ele><time>2025-01-31T14:13:41.000Z</time></trkpt>
      <trkpt lat="52.965050" lon="-1.461397"><ele>54.6</ele><time>2025-01-31T14:13:42.000Z</time></trkpt>
      <trkpt lat="52.965041" lon="-1.461383"><ele>54.6</ele><time>2025-01-31T14:13:43.000Z</time></trkpt>
      <trkpt lat="52.965030" lon="-1.461370"><ele>54.6</ele><time>2025-01-31T14:13:44.000Z</time></trkpt>
      <trkpt lat="52.965020" lon="-1.461357"><ele>54.6</ele><time>2025-01-31T14:13:45.000Z</time></trkpt>
      <trkpt lat="52.965011" lon="-1.461343"><ele>54.6</ele><time>2025-01-31T14:13:46.000Z</time></trkpt>
      <trkpt lat="52.965003" lon="-1.461329"><ele>54.4</ele><time>2025-01-31T14:13:47.000Z</time></trkpt>
      <trkpt lat="52.964995" lon="-1.461312"><ele>54.4</ele><time>2025-01-31T14:13:48.000Z</time></trkpt>
      <trkpt lat="52.964986" lon="-1.461296"><ele>54.4</ele><time>2025-01-31T14:13:49.000Z</time></trkpt>
      <trkpt lat="52.964976" lon="-1.461281"><ele>54.4</ele><time>2025-01-31T14:13:50.000Z</time></trkpt>
      <trkpt lat="52.964967" lon="-1.461268"><ele>54.4</ele><time>2025-01-31T14:13:51.000Z</time></trkpt>
      <trkpt lat="52.964957" lon="-1.461255"><ele>54.4</ele><time>2025-01-31T14:13:52.000Z</time></trkpt>
      <trkpt lat="52.964946" lon="-1.461242"><ele>54.4</ele><time>2025-01-31T14:13:53.000Z</time></trkpt>
      <trkpt lat="52.964937" lon="-1.461229"><ele>54.4</ele><time>2025-01-31T14:13:54.000Z</time></trkpt>
      <trkpt lat="52.964927" lon="-1.461215"><ele>54.4</ele><time>2025-01-31T14:13:55.000Z</time></trkpt>
      <trkpt lat="52.964917" lon="-1.461200"><ele>54.4</ele><time>2025-01-31T14:13:56.000Z</time></trkpt>
      <trkpt lat="52.964906" lon="-1.461186"><ele>54.4</ele><time>2025-01-31T14:13:57.000Z</time></trkpt>
      <trkpt lat="52.964895" lon="-1.461172"><ele>54.4</ele><time>2025-01-31T14:13:58.000Z</time></trkpt>
      <trkpt lat="52.964883" lon="-1.461160"><ele>54.4</ele><time>2025-01-31T14:13:59.000Z</time></trkpt>
      <trkpt lat="52.964871" lon="-1.461148"><ele>54.4</ele><time>2025-01-31T14:14:00.000Z</time></trkpt>
      <trkpt lat="52.964859" lon="-1.461137"><ele>54.6</ele><time>2025-01-31T14:14:01.000Z</time></trkpt>
      <trkpt lat="52.964848" lon="-1.461125"><ele>54.6</ele><time>2025-01-31T14:14:02.000Z</time></trkpt>
      <trkpt lat="52.964837" lon="-1.461112"><ele>54.6</ele><time>2025-01-31T14:14:03.000Z</time></trkpt>
      <trkpt lat="52.964827" lon="-1.461098"><ele>54.6</ele><time>2025-01-31T14:14:04.000Z</time></trkpt>
      <trkpt lat="52.964819" lon="-1.461082"><ele>54.6</ele><time>2025-01-31T14:14:05.000Z</time></trkpt>
      <trkpt lat="52.964811" lon="-1.461064"><ele>54.6</ele><time>2025-01-31T14:14:06.000Z</time></trkpt>
      <trkpt lat="52.964803" lon="-1.461046"><ele>54.6</ele><time>2025-01-31T14:14:07.000Z</time></trkpt>
      <trkpt lat="52.964794" lon="-1.461030"><ele>54.6</ele><time>2025-01-31T14:14:08.000Z</time></trkpt>
      <trkpt lat="52.964783" lon="-1.461016"><ele>54.6</ele><time>2025-01-31T14:14:09.000Z</time></trkpt>
      <trkpt lat="52.964772" lon="-1.461002"><ele>54.8</ele><time>2025-01-31T14:14:10.000Z</time></trkpt>
      <trkpt lat="52.964761" lon="-1.460989"><ele>54.8</ele><time>2025-01-31T14:14:11.000Z</time></trkpt>
      <trkpt lat="52.964750" lon="-1.460976"><ele>54.6</ele><time>2025-01-31T14:14:12.000Z</time></trkpt>
      <trkpt lat="52.964739" lon="-1.460963"><ele>54.6</ele><time>2025-01-31T14:14:13.000Z</time></trkpt>
      <trkpt lat="52.964727" lon="-1.460951"><ele>54.6</ele><time>2025-01-31T14:14:14.000Z</time></trkpt>
      <trkpt lat="52.964715" lon="-1.460943"><ele>54.6</ele><time>2025-01-31T14:14:15.000Z</time></trkpt>
      <trkpt lat="52.964702" lon="-1.460939"><ele>54.6</ele><time>2025-01-31T14:14:16.000Z</time></trkpt>
      <trkpt lat="52.964688" lon="-1.460939"><ele>54.6</ele><time>2025-01-31T14:14:17.000Z</time></trkpt>
      <trkpt lat="52.964674" lon="-1.460941"><ele>54.6</ele><time>2025-01-31T14:14:18.000Z</time></trkpt>
      <trkpt lat="52.964660" lon="-1.460944"><ele>54.6</ele><time>2025-01-31T14:14:19.000Z</time></trkpt>
      <trkpt lat="52.964646" lon="-1.460947"><ele>54.6</ele><time>2025-01-31T14:14:20.000Z</time></trkpt>
      <trkpt lat="52.964632" lon="-1.460949"><ele>54.4</ele><time>2025-01-31T14:14:21.000Z</time></trkpt>
      <trkpt lat="52.964619" lon="-1.460950"><ele>54.4</ele><time>2025-01-31T14:14:22.000Z</time></trkpt>
      <trkpt lat="52.964605" lon="-1.460951"><ele>54.4</ele><time>2025-01-31T14:14:23.000Z</time></trkpt>
      <trkpt lat="52.964592" lon="-1.460951"><ele>54.4</ele><time>2025-01-31T14:14:24.000Z</time></trkpt>
      <trkpt lat="52.964579" lon="-1.460950"><ele>54.4</ele><time>2025-01-31T14:14:25.000Z</time></trkpt>
      <trkpt lat="52.964565" lon="-1.460949"><ele>54.4</ele><time>2025-01-31T14:14:26.000Z</time></trkpt>
      <trkpt lat="52.964550" lon="-1.460951"><ele>54.4</ele><time>2025-01-31T14:14:27.000Z</time></trkpt>
      <trkpt lat="52.964535" lon="-1.460953"><ele>54.4</ele><time>2025-01-31T14:14:28.000Z</time></trkpt>
      <trkpt lat="52.964522" lon="-1.460955"><ele>54.6</ele><time>2025-01-31T14:14:29.000Z</time></trkpt>
      <trkpt lat="52.964508" lon="-1.460956"><ele>54.6</ele><time>2025-01-31T14:14:30.000Z</time></trkpt>
      <trkpt lat="52.964494" lon="-1.460957"><ele>54.6</ele><time>2025-01-31T14:14:31.000Z</time></trkpt>
      <trkpt lat="52.964481" lon="-1.460957"><ele>54.6</ele><time>2025-01-31T14:14:32.000Z</time></trkpt>
      <trkpt lat="52.964467" lon="-1.460957"><ele>54.6</ele><time>2025-01-31T14:14:33.000Z</time></trkpt>
      <trkpt lat="52.964454" lon="-1.460956"><ele>54.6</ele><time>2025-01-31T14:14:34.000Z</time></trkpt>
      <trkpt lat="52.964440" lon="-1.460954"><ele>54.4</ele><time>2025-01-31T14:14:35.000Z</time></trkpt>
      <trkpt lat="52.964427" lon="-1.460953"><ele>54.4</ele><time>2025-01-31T14:14:36.000Z</time></trkpt>
      <trkpt lat="52.964414" lon="-1.460952"><ele>54.4</ele><time>2025-01-31T14:14:37.000Z</time></trkpt>
      <trkpt lat="52.964400" lon="-1.460953"><ele>54.4</ele><time>2025-01-31T14:14:38.000Z</time></trkpt>
      <trkpt lat="52.964385" lon="-1.460953"><ele>54.4</ele><time>2025-01-31T14:14:39.000Z</time></trkpt>
      <trkpt lat="52.964370" lon="-1.460952"><ele>54.2</ele><time>2025-01-31T14:14:40.000Z</time></trkpt>
      <trkpt lat="52.964355" lon="-1.460950"><ele>54.2</ele><time>2025-01-31T14:14:41.000Z</time></trkpt>
      <trkpt lat="52.964339" lon="-1.460951"><ele>54.2</ele><time>2025-01-31T14:14:42.000Z</time></trkpt>
      <trkpt lat="52.964324" lon="-1.460952"><ele>54.0</ele><time>2025-01-31T14:14:43.000Z</time></trkpt>
      <trkpt lat="52.964309" lon="-1.460952"><ele>54.0</ele><time>2025-01-31T14:14:44.000Z</time></trkpt>
      <trkpt lat="52.964294" lon="-1.460952"><ele>54.0</ele><time>2025-01-31T14:14:45.000Z</time></trkpt>
      <trkpt lat="52.964279" lon="-1.460953"><ele>54.0</ele><time>2025-01-31T14:14:46.000Z</time></trkpt>
      <trkpt lat="52.964263" lon="-1.460954"><ele>53.8</ele><time>2025-01-31T14:14:47.000Z</time></trkpt>
      <trkpt lat="52.964248" lon="-1.460955"><ele>53.8</ele><time>2025-01-31T14:14:48.000Z</time></trkpt>
      <trkpt lat="52.964233" lon="-1.460955"><ele>53.8</ele><time>2025-01-31T14:14:49.000Z</time></trkpt>
      <trkpt lat="52.964218" lon="-1.460955"><ele>53.8</ele><time>2025-01-31T14:14:50.000Z</time></trkpt>
      <trkpt lat="52.964204" lon="-1.460953"><ele>53.8</ele><time>2025-01-31T14:14:51.000Z</time></trkpt>
      <trkpt lat="52.964189" lon="-1.460951"><ele>53.8</ele><time>2025-01-31T14:14:52.000Z</time></trkpt>
      <trkpt lat="52.964175" lon="-1.460948"><ele>53.8</ele><time>2025-01-31T14:14:53.000Z</time></trkpt>
      <trkpt lat="52.964160" lon="-1.460945"><ele>53.8</ele><time>2025-01-31T14:14:54.000Z</time></trkpt>
      <trkpt lat="52.964146" lon="-1.460943"><ele>53.8</ele><time>2025-01-31T14:14:55.000Z</time></trkpt>
      <trkpt lat="52.964131" lon="-1.460941"><ele>54.0</ele><time>2025-01-31T14:14:56.000Z</time></trkpt>
      <trkpt lat="52.964116" lon="-1.460939"><ele>54.0</ele><time>2025-01-31T14:14:57.000Z</time></trkpt>
      <trkpt lat="52.964102" lon="-1.460936"><ele>54.0</ele><time>2025-01-31T14:14:58.000Z</time></trkpt>
      <trkpt lat="52.964087" lon="-1.460934"><ele>54.0</ele><time>2025-01-31T14:14:59.000Z</time></trkpt>
      <trkpt lat="52.964072" lon="-1.460932"><ele>54.0</ele><time>2025-01-31T14:15:00.000Z</time></trkpt>
      <trkpt lat="52.964057" lon="-1.460930"><ele>54.2</ele><time>2025-01-31T14:15:01.000Z</time></trkpt>
      <trkpt lat="52.964042" lon="-1.460929"><ele>54.2</ele><time>2025-01-31T14:15:02.000Z</time></trkpt>
      <trkpt lat="52.964027" lon="-1.460927"><ele>54.2</ele><time>2025-01-31T14:15:03.000Z</time></trkpt>
      <trkpt lat="52.964013" lon="-1.460925"><ele>54.2</ele><time>2025-01-31T14:15:04.000Z</time></trkpt>
      <trkpt lat="52.963999" lon="-1.460922"><ele>54.2</ele><time>2025-01-31T14:15:05.000Z</time></trkpt>
      <trkpt lat="52.963985" lon="-1.460919"><ele>54.2</ele><time>2025-01-31T14:15:06.000Z</time></trkpt>
      <trkpt lat="52.963971" lon="-1.460917"><ele>54.2</ele><time>2025-01-31T14:15:07.000Z</time></trkpt>
      <trkpt lat="52.963958" lon="-1.460916"><ele>54.2</ele><time>2025-01-31T14:15:08.000Z</time></trkpt>
      <trkpt lat="52.963944" lon="-1.460915"><ele>54.2</ele><time>2025-01-31T14:15:09.000Z</time></trkpt>
      <trkpt lat="52.963931" lon="-1.460915"><ele>54.2</ele><time>2025-01-31T14:15:10.000Z</time></trkpt>
      <trkpt lat="52.963917" lon="-1.460914"><ele>54.2</ele><time>2025-01-31T14:15:11.000Z</time></trkpt>
      <trkpt lat="52.963903" lon="-1.460912"><ele>54.2</ele><time>2025-01-31T14:15:12.000Z</time></trkpt>
      <trkpt lat="52.963888" lon="-1.460908"><ele>54.2</ele><time>2025-01-31T14:15:13.000Z</time></trkpt>
      <trkpt lat="52.963873" lon="-1.460902"><ele>54.2</ele><time>2025-01-31T14:15:14.000Z</time></trkpt>
      <trkpt lat="52.963858" lon="-1.460897"><ele>54.2</ele><time>2025-01-31T14:15:15.000Z</time></trkpt>
      <trkpt lat="52.963844" lon="-1.460892"><ele>54.2</ele><time>2025-01-31T14:15:16.000Z</time></trkpt>
      <trkpt lat="52.963830" lon="-1.460888"><ele>54.2</ele><time>2025-01-31T14:15:17.000Z</time></trkpt>
      <trkpt lat="52.963816" lon="-1.460882"><ele>54.2</ele><time>2025-01-31T14:15:18.000Z</time></trkpt>
      <trkpt lat="52.963802" lon="-1.460877"><ele>54.2</ele><time>2025-01-31T14:15:19.000Z</time></trkpt>
      <trkpt lat="52.963789" lon="-1.460870"><ele>54.2</ele><time>2025-01-31T14:15:20.000Z</time></trkpt>
      <trkpt lat="52.963775" lon="-1.460865"><ele>54.2</ele><time>2025-01-31T14:15:21.000Z</time></trkpt>
      <trkpt lat="52.963762" lon="-1.460861"><ele>54.2</ele><time>2025-01-31T14:15:22.000Z</time></trkpt>
      <trkpt lat="52.963748" lon="-1.460859"><ele>54.4</ele><time>2025-01-31T14:15:23.000Z</time></trkpt>
      <trkpt lat="52.963733" lon="-1.460859"><ele>54.4</ele><time>2025-01-31T14:15:24.000Z</time></trkpt>
      <trkpt lat="52.963719" lon="-1.460858"><ele>54.4</ele><time>2025-01-31T14:15:25.000Z</time></trkpt>
      <trkpt lat="52.963705" lon="-1.460857"><ele>54.4</ele><time>2025-01-31T14:15:26.000Z</time></trkpt>
      <trkpt lat="52.963690" lon="-1.460854"><ele>54.4</ele><time>2025-01-31T14:15:27.000Z</time></trkpt>
      <trkpt lat="52.963676" lon="-1.460850"><ele>54.4</ele><time>2025-01-31T14:15:28.000Z</time></trkpt>
      <trkpt lat="52.963662" lon="-1.460846"><ele>54.4</ele><time>2025-01-31T14:15:29.000Z</time></trkpt>
      <trkpt lat="52.963648" lon="-1.460842"><ele>54.4</ele><time>2025-01-31T14:15:30.000Z</time></trkpt>
      <trkpt lat="52.963634" lon="-1.460839"><ele>54.4</ele><time>2025-01-31T14:15:31.000Z</time></trkpt>
      <trkpt lat="52.963621" lon="-1.460836"><ele>54.4</ele><time>2025-01-31T14:15:32.000Z</time></trkpt>
      <trkpt lat="52.963608" lon="-1.460832"><ele>54.4</ele><time>2025-01-31T14:15:33.000Z</time></trkpt>
      <trkpt lat="52.963595" lon="-1.460828"><ele>54.4</ele><time>2025-01-31T14:15:34.000Z</time></trkpt>
      <trkpt lat="52.963581" lon="-1.460823"><ele>54.4</ele><time>2025-01-31T14:15:35.000Z</time></trkpt>
      <trkpt lat="52.963568" lon="-1.460819"><ele>54.4</ele><time>2025-01-31T14:15:36.000Z</time></trkpt>
      <trkpt lat="52.963555" lon="-1.460816"><ele>54.4</ele><time>2025-01-31T14:15:37.000Z</time></trkpt>
      <trkpt lat="52.963541" lon="-1.460813"><ele>54.4</ele><time>2025-01-31T14:15:38.000Z</time></trkpt>
      <trkpt lat="52.963528" lon="-1.460809"><ele>54.4</ele><time>2025-01-31T14:15:39.000Z</time></trkpt>
      <trkpt lat="52.963515" lon="-1.460805"><ele>54.4</ele><time>2025-01-31T14:15:40.000Z</time></trkpt>
      <trkpt lat="52.963502" lon="-1.460800"><ele>54.4</ele><time>2025-01-31T14:15:41.000Z</time></trkpt>
      <trkpt lat="52.963489" lon="-1.460797"><ele>54.4</ele><time>2025-01-31T14:15:42.000Z</time></trkpt>
      <trkpt lat="52.963475" lon="-1.460794"><ele>54.4</ele><time>2025-01-31T14:15:43.000Z</time></trkpt>
      <trkpt lat="52.963462" lon="-1.460793"><ele>54.4</ele><time>2025-01-31T14:15:44.000Z</time></trkpt>
      <trkpt lat="52.963449" lon="-1.460799"><ele>54.4</ele><time>2025-01-31T14:15:45.000Z</time></trkpt>
      <trkpt lat="52.963438" lon="-1.460812"><ele>54.4</ele><time>2025-01-31T14:15:46.000Z</time></trkpt>
      <trkpt lat="52.963431" lon="-1.460834"><ele>54.6</ele><time>2025-01-31T14:15:47.000Z</time></trkpt>
      <trkpt lat="52.963428" lon="-1.460861"><ele>54.6</ele><time>2025-01-31T14:15:48.000Z</time></trkpt>
      <trkpt lat="52.963429" lon="-1.460888"><ele>54.6</ele><time>2025-01-31T14:15:49.000Z</time></trkpt>
      <trkpt lat="52.963430" lon="-1.460914"><ele>54.6</ele><time>2025-01-31T14:15:50.000Z</time></trkpt>
      <trkpt lat="52.963430" lon="-1.460939"><ele>54.6</ele><time>2025-01-31T14:15:51.000Z</time></trkpt>
      <trkpt lat="52.963430" lon="-1.460963"><ele>54.6</ele><time>2025-01-31T14:15:52.000Z</time></trkpt>
      <trkpt lat="52.963429" lon="-1.460988"><ele>54.6</ele><time>2025-01-31T14:15:53.000Z</time></trkpt>
      <trkpt lat="52.963428" lon="-1.461012"><ele>54.6</ele><time>2025-01-31T14:15:54.000Z</time></trkpt>
      <trkpt lat="52.963427" lon="-1.461035"><ele>54.6</ele><time>2025-01-31T14:15:55.000Z</time></trkpt>
      <trkpt lat="52.963427" lon="-1.461059"><ele>54.6</ele><time>2025-01-31T14:15:56.000Z</time></trkpt>
      <trkpt lat="52.963426" lon="-1.461083"><ele>54.8</ele><time>2025-01-31T14:15:57.000Z</time></trkpt>
      <trkpt lat="52.963424" lon="-1.461106"><ele>54.8</ele><time>2025-01-31T14:15:58.000Z</time></trkpt>
      <trkpt lat="52.963422" lon="-1.461129"><ele>54.8</ele><time>2025-01-31T14:15:59.000Z</time></trkpt>
      <trkpt lat="52.963420" lon="-1.461152"><ele>54.8</ele><time>2025-01-31T14:16:00.000Z</time></trkpt>
      <trkpt lat="52.963418" lon="-1.461174"><ele>54.8</ele><time>2025-01-31T14:16:01.000Z</time></trkpt>
      <trkpt lat="52.963416" lon="-1.461196"><ele>54.8</ele><time>2025-01-31T14:16:02.000Z</time></trkpt>
      <trkpt lat="52.963415" lon="-1.461219"><ele>54.8</ele><time>2025-01-31T14:16:03.000Z</time></trkpt>
      <trkpt lat="52.963416" lon="-1.461243"><ele>54.8</ele><time>2025-01-31T14:16:04.000Z</time></trkpt>
      <trkpt lat="52.963418" lon="-1.461266"><ele>54.8</ele><time>2025-01-31T14:16:05.000Z</time></trkpt>
      <trkpt lat="52.963420" lon="-1.461290"><ele>54.8</ele><time>2025-01-31T14:16:06.000Z</time></trkpt>
      <trkpt lat="52.963422" lon="-1.461313"><ele>54.8</ele><time>2025-01-31T14:16:07.000Z</time></trkpt>
      <trkpt lat="52.963425" lon="-1.461337"><ele>54.8</ele><time>2025-01-31T14:16:08.000Z</time></trkpt>
      <trkpt lat="52.963428" lon="-1.461361"><ele>54.8</ele><time>2025-01-31T14:16:09.000Z</time></trkpt>
      <trkpt lat="52.963431" lon="-1.461385"><ele>54.8</ele><time>2025-01-31T14:16:10.000Z</time></trkpt>
      <trkpt lat="52.963436" lon="-1.461410"><ele>54.8</ele><time>2025-01-31T14:16:11.000Z</time></trkpt>
      <trkpt lat="52.963440" lon="-1.461434"><ele>54.8</ele><time>2025-01-31T14:16:12.000Z</time></trkpt>
      <trkpt lat="52.963445" lon="-1.461457"><ele>54.6</ele><time>2025-01-31T14:16:13.000Z</time></trkpt>
      <trkpt lat="52.963450" lon="-1.461480"><ele>54.6</ele><time>2025-01-31T14:16:14.000Z</time></trkpt>
      <trkpt lat="52.963455" lon="-1.461503"><ele>54.6</ele><time>2025-01-31T14:16:15.000Z</time></trkpt>
      <trkpt lat="52.963459" lon="-1.461526"><ele>54.6</ele><time>2025-01-31T14:16:16.000Z</time></trkpt>
      <trkpt lat="52.963464" lon="-1.461548"><ele>54.6</ele><time>2025-01-31T14:16:17.000Z</time></trkpt>
      <trkpt lat="52.963468" lon="-1.461571"><ele>54.4</ele><time>2025-01-31T14:16:18.000Z</time></trkpt>
      <trkpt lat="52.963474" lon="-1.461593"><ele>54.4</ele><time>2025-01-31T14:16:19.000Z</time></trkpt>
      <trkpt lat="52.963480" lon="-1.461614"><ele>54.4</ele><time>2025-01-31T14:16:20.000Z</time></trkpt>
      <trkpt lat="52.963487" lon="-1.461636"><ele>54.4</ele><time>2025-01-31T14:16:21.000Z</time></trkpt>
      <trkpt lat="52.963495" lon="-1.461657"><ele>54.2</ele><time>2025-01-31T14:16:22.000Z</time></trkpt>
      <trkpt lat="52.963503" lon="-1.461678"><ele>54.2</ele><time>2025-01-31T14:16:23.000Z</time></trkpt>
      <trkpt lat="52.963512" lon="-1.461698"><ele>54.2</ele><time>2025-01-31T14:16:24.000Z</time></trkpt>
      <trkpt lat="52.963522" lon="-1.461717"><ele>54.0</ele><time>2025-01-31T14:16:25.000Z</time></trkpt>
      <trkpt lat="52.963532" lon="-1.461736"><ele>54.0</ele><time>2025-01-31T14:16:26.000Z</time></trkpt>
      <trkpt lat="52.963542" lon="-1.461754"><ele>54.0</ele><time>2025-01-31T14:16:27.000Z</time></trkpt>
      <trkpt lat="52.963552" lon="-1.461771"><ele>54.0</ele><time>2025-01-31T14:16:28.000Z</time></trkpt>
      <trkpt lat="52.963562" lon="-1.461789"><ele>53.8</ele><time>2025-01-31T14:16:29.000Z</time></trkpt>
      <trkpt lat="52.963572" lon="-1.461806"><ele>53.8</ele><time>2025-01-31T14:16:30.000Z</time></trkpt>
      <trkpt lat="52.963582" lon="-1.461822"><ele>53.8</ele><time>2025-01-31T14:16:31.000Z</time></trkpt>
      <trkpt lat="52.963593" lon="-1.461836"><ele>53.8</ele><time>2025-01-31T14:16:32.000Z</time></trkpt>
      <trkpt lat="52.963605" lon="-1.461849"><ele>53.6</ele><time>2025-01-31T14:16:33.000Z</time></trkpt>
      <trkpt lat="52.963617" lon="-1.461861"><ele>53.6</ele><time>2025-01-31T14:16:34.000Z</time></trkpt>
      <trkpt lat="52.963630" lon="-1.461873"><ele>53.6</ele><time>2025-01-31T14:16:35.000Z</time></trkpt>
      <trkpt lat="52.963643" lon="-1.461884"><ele>53.6</ele><time>2025-01-31T14:16:36.000Z</time></trkpt>
      <trkpt lat="52.963656" lon="-1.461896"><ele>53.4</ele><time>2025-01-31T14:16:37.000Z</time></trkpt>
      <trkpt lat="52.963669" lon="-1.461909"><ele>53.4</ele><time>2025-01-31T14:16:38.000Z</time></trkpt>
      <trkpt lat="52.963681" lon="-1.461921"><ele>53.4</ele><time>2025-01-31T14:16:39.000Z</time></trkpt>
      <trkpt lat="52.963694" lon="-1.461934"><ele>53.4</ele><time>2025-01-31T14:16:40.000Z</time></trkpt>
      <trkpt lat="52.963705" lon="-1.461948"><ele>53.4</ele><time>2025-01-31T14:16:41.000Z</time></trkpt>
      <trkpt lat="52.963716" lon="-1.461964"><ele>53.4</ele><time>2025-01-31T14:16:42.000Z</time></trkpt>
      <trkpt lat="52.963727" lon="-1.461980"><ele>53.4</ele><time>2025-01-31T14:16:43.000Z</time></trkpt>
      <trkpt lat="52.963738" lon="-1.461993"><ele>53.4</ele><time>2025-01-31T14:16:44.000Z</time></trkpt>
      <trkpt lat="52.963750" lon="-1.462006"><ele>53.4</ele><time>2025-01-31T14:16:45.000Z</time></trkpt>
      <trkpt lat="52.963762" lon="-1.462018"><ele>53.4</ele><time>2025-01-31T14:16:46.000Z</time></trkpt>
      <trkpt lat="52.963774" lon="-1.462030"><ele>53.4</ele><time>2025-01-31T14:16:47.000Z</time></trkpt>
      <trkpt lat="52.963785" lon="-1.462043"><ele>53.4</ele><time>2025-01-31T14:16:48.000Z</time></trkpt>
      <trkpt lat="52.963797" lon="-1.462056"><ele>53.6</ele><time>2025-01-31T14:16:49.000Z</time></trkpt>
      <trkpt lat="52.963809" lon="-1.462070"><ele>53.6</ele><time>2025-01-31T14:16:50.000Z</time></trkpt>
      <trkpt lat="52.963820" lon="-1.462084"><ele>53.6</ele><time>2025-01-31T14:16:51.000Z</time></trkpt>
      <trkpt lat="52.963832" lon="-1.462098"><ele>53.6</ele><time>2025-01-31T14:16:52.000Z</time></trkpt>
      <trkpt lat="52.963844" lon="-1.462113"><ele>53.6</ele><time>2025-01-31T14:16:53.000Z</time></trkpt>
      <trkpt lat="52.963856" lon="-1.462127"><ele>53.6</ele><time>2025-01-31T14:16:54.000Z</time></trkpt>
      <trkpt lat="52.963867" lon="-1.462143"><ele>53.6</ele><time>2025-01-31T14:16:55.000Z</time></trkpt>
      <trkpt lat="52.963877" lon="-1.462159"><ele>53.6</ele><time>2025-01-31T14:16:56.000Z</time></trkpt>
      <trkpt lat="52.963888" lon="-1.462177"><ele>53.6</ele><time>2025-01-31T14:16:57.000Z</time></trkpt>
      <trkpt lat="52.963897" lon="-1.462195"><ele>53.6</ele><time>2025-01-31T14:16:58.000Z</time></trkpt>
      <trkpt lat="52.963906" lon="-1.462213"><ele>53.6</ele><time>2025-01-31T14:16:59.000Z</time></trkpt>
      <trkpt lat="52.963914" lon="-1.462231"><ele>53.6</ele><time>2025-01-31T14:17:00.000Z</time></trkpt>
      <trkpt lat="52.963923" lon="-1.462249"><ele>53.6</ele><time>2025-01-31T14:17:01.000Z</time></trkpt>
      <trkpt lat="52.963932" lon="-1.462267"><ele>53.6</ele><time>2025-01-31T14:17:02.000Z</time></trkpt>
      <trkpt lat="52.963940" lon="-1.462286"><ele>53.8</ele><time>2025-01-31T14:17:03.000Z</time></trkpt>
      <trkpt lat="52.963949" lon="-1.462304"><ele>53.8</ele><time>2025-01-31T14:17:04.000Z</time></trkpt>
      <trkpt lat="52.963957" lon="-1.462323"><ele>53.8</ele><time>2025-01-31T14:17:05.000Z</time></trkpt>
      <trkpt lat="52.963966" lon="-1.462342"><ele>53.8</ele><time>2025-01-31T14:17:06.000Z</time></trkpt>
      <trkpt lat="52.963974" lon="-1.462361"><ele>53.8</ele><time>2025-01-31T14:17:07.000Z</time></trkpt>
      <trkpt lat="52.963982" lon="-1.462381"><ele>53.8</ele><time>2025-01-31T14:17:08.000Z</time></trkpt>
      <trkpt lat="52.963988" lon="-1.462401"><ele>53.8</ele><time>2025-01-31T14:17:09.000Z</time></trkpt>
      <trkpt lat="52.963994" lon="-1.462422"><ele>53.8</ele><time>2025-01-31T14:17:10.000Z</time></trkpt>
      <trkpt lat="52.963998" lon="-1.462443"><ele>53.8</ele><time>2025-01-31T14:17:11.000Z</time></trkpt>
      <trkpt lat="52.964003" lon="-1.462464"><ele>53.8</ele><time>2025-01-31T14:17:12.000Z</time></trkpt>
      <trkpt lat="52.964007" lon="-1.462485"><ele>53.8</ele><time>2025-01-31T14:17:13.000Z</time></trkpt>
      <trkpt lat="52.964012" lon="-1.462506"><ele>53.8</ele><time>2025-01-31T14:17:14.000Z</time></trkpt>
      <trkpt lat="52.964018" lon="-1.462527"><ele>53.8</ele><time>2025-01-31T14:17:15.000Z</time></trkpt>
      <trkpt lat="52.964024" lon="-1.462548"><ele>53.8</ele><time>2025-01-31T14:17:16.000Z</time></trkpt>
      <trkpt lat="52.964030" lon="-1.462569"><ele>53.8</ele><time>2025-01-31T14:17:17.000Z</time></trkpt>
      <trkpt lat="52.964036" lon="-1.462589"><ele>53.8</ele><time>2025-01-31T14:17:18.000Z</time></trkpt>
      <trkpt lat="52.964041" lon="-1.462610"><ele>53.8</ele><time>2025-01-31T14:17:19.000Z</time></trkpt>
      <trkpt lat="52.964046" lon="-1.462631"><ele>54.0</ele><time>2025-01-31T14:17:20.000Z</time></trkpt>
      <trkpt lat="52.964051" lon="-1.462651"><ele>54.0</ele><time>2025-01-31T14:17:21.000Z</time></trkpt>
      <trkpt lat="52.964059" lon="-1.462669"><ele>54.0</ele><time>2025-01-31T14:17:22.000Z</time></trkpt>
      <trkpt lat="52.964068" lon="-1.462684"><ele>54.0</ele><time>2025-01-31T14:17:23.000Z</time></trkpt>
      <trkpt lat="52.964080" lon="-1.462693"><ele>54.2</ele><time>2025-01-31T14:17:24.000Z</time></trkpt>
      <trkpt lat="52.964095" lon="-1.462695"><ele>54.2</ele><time>2025-01-31T14:17:25.000Z</time></trkpt>
      <trkpt lat="52.964110" lon="-1.462692"><ele>54.2</ele><time>2025-01-31T14:17:26.000Z</time></trkpt>
      <trkpt lat="52.964126" lon="-1.462687"><ele>54.2</ele><time>2025-01-31T14:17:27.000Z</time></trkpt>
      <trkpt lat="52.964140" lon="-1.462682"><ele>54.4</ele><time>2025-01-31T14:17:28.000Z</time></trkpt>
      <trkpt lat="52.964155" lon="-1.462678"><ele>54.4</ele><time>2025-01-31T14:17:29.000Z</time></trkpt>
      <trkpt lat="52.964169" lon="-1.462676"><ele>54.4</ele><time>2025-01-31T14:17:30.000Z</time></trkpt>
      <trkpt lat="52.964183" lon="-1.462676"><ele>54.4</ele><time>2025-01-31T14:17:31.000Z</time></trkpt>
      <trkpt lat="52.964197" lon="-1.462677"><ele>54.4</ele><time>2025-01-31T14:17:32.000Z</time></trkpt>
      <trkpt lat="52.964210" lon="-1.462678"><ele>54.4</ele><time>2025-01-31T14:17:33.000Z</time></trkpt>
      <trkpt lat="52.964223" lon="-1.462680"><ele>54.4</ele><time>2025-01-31T14:17:34.000Z</time></trkpt>
      <trkpt lat="52.964236" lon="-1.462680"><ele>54.4</ele><time>2025-01-31T14:17:35.000Z</time></trkpt>
      <trkpt lat="52.964249" lon="-1.462679"><ele>54.4</ele><time>2025-01-31T14:17:36.000Z</time></trkpt>
      <trkpt lat="52.964260" lon="-1.462675"><ele>54.4</ele><time>2025-01-31T14:17:37.000Z</time></trkpt>
      <trkpt lat="52.964269" lon="-1.462670"><ele>54.4</ele><time>2025-01-31T14:17:38.000Z</time></trkpt>
      <trkpt lat="52.964272" lon="-1.462668"><ele>54.4</ele><time>2025-01-31T14:17:39.000Z</time></trkpt>
      <trkpt lat="52.964268" lon="-1.462670"><ele>54.4</ele><time>2025-01-31T14:17:40.000Z</time></trkpt>
      <trkpt lat="52.964262" lon="-1.462673"><ele>54.4</ele><time>2025-01-31T14:17:41.000Z</time></trkpt>
      <trkpt lat="52.964258" lon="-1.462674"><ele>54.4</ele><time>2025-01-31T14:17:42.000Z</time></trkpt>
      <trkpt lat="52.964256" lon="-1.462672"><ele>54.4</ele><time>2025-01-31T14:17:43.000Z</time></trkpt>
      <trkpt lat="52.964254" lon="-1.462668"><ele>54.4</ele><time>2025-01-31T14:17:44.000Z</time></trkpt>
      <trkpt lat="52.964253" lon="-1.462663"><ele>54.4</ele><time>2025-01-31T14:17:45.000Z</time></trkpt>
      <trkpt lat="52.964252" lon="-1.462660"><ele>54.4</ele><time>2025-01-31T14:17:46.000Z</time></trkpt>
      <trkpt lat="52.964252" lon="-1.462659"><ele>54.4</ele><time>2025-01-31T14:17:47.000Z</time></trkpt>
      <trkpt lat="52.964251" lon="-1.462659"><ele>54.4</ele><time>2025-01-31T14:17:48.000Z</time></trkpt>
      <trkpt lat="52.964251" lon="-1.462660"><ele>54.4</ele><time>2025-01-31T14:17:49.000Z</time></trkpt>
      <trkpt lat="52.964251" lon="-1.462663"><ele>54.4</ele><time>2025-01-31T14:17:50.000Z</time></trkpt>
      <trkpt lat="52.964252" lon="-1.462669"><ele>54.4</ele><time>2025-01-31T14:17:51.000Z</time></trkpt>
      <trkpt lat="52.964255" lon="-1.462680"><ele>54.4</ele><time>2025-01-31T14:17:52.000Z</time></trkpt>
      <trkpt lat="52.964259" lon="-1.462696"><ele>54.4</ele><time>2025-01-31T14:17:53.000Z</time></trkpt>
      <trkpt lat="52.964265" lon="-1.462718"><ele>54.4</ele><time>2025-01-31T14:17:54.000Z</time></trkpt>
      <trkpt lat="52.964271" lon="-1.462743"><ele>54.4</ele><time>2025-01-31T14:17:55.000Z</time></trkpt>
      <trkpt lat="52.964278" lon="-1.462766"><ele>54.4</ele><time>2025-01-31T14:17:56.000Z</time></trkpt>
      <trkpt lat="52.964286" lon="-1.462785"><ele>54.4</ele><time>2025-01-31T14:17:57.000Z</time></trkpt>
      <trkpt lat="52.964294" lon="-1.462800"><ele>54.4</ele><time>2025-01-31T14:17:58.000Z</time></trkpt>
      <trkpt lat="52.964302" lon="-1.462812"><ele>54.2</ele><time>2025-01-31T14:17:59.000Z</time></trkpt>
      <trkpt lat="52.964307" lon="-1.462815"><ele>54.2</ele><time>2025-01-31T14:18:00.000Z</time></trkpt>
      <trkpt lat="52.964313" lon="-1.462809"><ele>54.2</ele><time>2025-01-31T14:18:01.000Z</time></trkpt>
      <trkpt lat="52.964319" lon="-1.462802"><ele>54.2</ele><time>2025-01-31T14:18:02.000Z</time></trkpt>
      <trkpt lat="52.964326" lon="-1.462795"><ele>54.0</ele><time>2025-01-31T14:18:03.000Z</time></trkpt>
      <trkpt lat="52.964331" lon="-1.462787"><ele>54.0</ele><time>2025-01-31T14:18:04.000Z</time></trkpt>
      <trkpt lat="52.964333" lon="-1.462777"><ele>53.8</ele><time>2025-01-31T14:18:05.000Z</time></trkpt>
      <trkpt lat="52.964335" lon="-1.462767"><ele>53.8</ele><time>2025-01-31T14:18:06.000Z</time></trkpt>
      <trkpt lat="52.964337" lon="-1.462761"><ele>53.6</ele><time>2025-01-31T14:18:07.000Z</time></trkpt>
      <trkpt lat="52.964337" lon="-1.462758"><ele>53.4</ele><time>2025-01-31T14:18:08.000Z</time></trkpt>
      <trkpt lat="52.964335" lon="-1.462758"><ele>53.4</ele><time>2025-01-31T14:18:09.000Z</time></trkpt>
      <trkpt lat="52.964331" lon="-1.462759"><ele>53.2</ele><time>2025-01-31T14:18:10.000Z</time></trkpt>
      <trkpt lat="52.964328" lon="-1.462761"><ele>53.2</ele><time>2025-01-31T14:18:11.000Z</time></trkpt>
      <trkpt lat="52.964330" lon="-1.462764"><ele>53.0</ele><time>2025-01-31T14:18:12.000Z</time></trkpt>
      <trkpt lat="52.964339" lon="-1.462767"><ele>52.8</ele><time>2025-01-31T14:18:13.000Z</time></trkpt>
      <trkpt lat="52.964352" lon="-1.462769"><ele>52.8</ele><time>2025-01-31T14:18:14.000Z</time></trkpt>
      <trkpt lat="52.964364" lon="-1.462767"><ele>52.6</ele><time>2025-01-31T14:18:15.000Z</time></trkpt>
      <trkpt lat="52.964373" lon="-1.462762"><ele>52.6</ele><time>2025-01-31T14:18:16.000Z</time></trkpt>
      <trkpt lat="52.964381" lon="-1.462756"><ele>52.6</ele><time>2025-01-31T14:18:17.000Z</time></trkpt>
      <trkpt lat="52.964387" lon="-1.462747"><ele>52.4</ele><time>2025-01-31T14:18:18.000Z</time></trkpt>
      <trkpt lat="52.964392" lon="-1.462735"><ele>52.4</ele><time>2025-01-31T14:18:19.000Z</time></trkpt>
      <trkpt lat="52.964396" lon="-1.462719"><ele>52.2</ele><time>2025-01-31T14:18:20.000Z</time></trkpt>
      <trkpt lat="52.964399" lon="-1.462700"><ele>52.2</ele><time>2025-01-31T14:18:21.000Z</time></trkpt>
      <trkpt lat="52.964400" lon="-1.462680"><ele>52.2</ele><time>2025-01-31T14:18:22.000Z</time></trkpt>
      <trkpt lat="52.964400" lon="-1.462658"><ele>52.2</ele><time>2025-01-31T14:18:23.000Z</time></trkpt>
      <trkpt lat="52.964399" lon="-1.462638"><ele>52.0</ele><time>2025-01-31T14:18:24.000Z</time></trkpt>
      <trkpt lat="52.964399" lon="-1.462623"><ele>52.0</ele><time>2025-01-31T14:18:25.000Z</time></trkpt>
      <trkpt lat="52.964400" lon="-1.462611"><ele>52.0</ele><time>2025-01-31T14:18:26.000Z</time></trkpt>
      <trkpt lat="52.964399" lon="-1.462603"><ele>52.0</ele><time>2025-01-31T14:18:27.000Z</time></trkpt>
      <trkpt lat="52.964399" lon="-1.462597"><ele>52.0</ele><time>2025-01-31T14:18:28.000Z</time></trkpt>
      <trkpt lat="52.964399" lon="-1.462592"><ele>52.0</ele><time>2025-01-31T14:18:29.000Z</time></trkpt>
      <trkpt lat="52.964398" lon="-1.462589"><ele>52.0</ele><time>2025-01-31T14:18:30.000Z</time></trkpt>
      <trkpt lat="52.964396" lon="-1.462586"><ele>52.0</ele><time>2025-01-31T14:18:31.000Z</time></trkpt>
      <trkpt lat="52.964395" lon="-1.462583"><ele>52.0</ele><time>2025-01-31T14:18:32.000Z</time></trkpt>
      <trkpt lat="52.964394" lon="-1.462582"><ele>51.8</ele><time>2025-01-31T14:18:33.000Z</time></trkpt>
      <trkpt lat="52.964394" lon="-1.462580"><ele>51.8</ele><time>2025-01-31T14:18:34.000Z</time></trkpt>
      <trkpt lat="52.964395" lon="-1.462579"><ele>51.8</ele><time>2025-01-31T14:18:35.000Z</time></trkpt>
      <trkpt lat="52.964396" lon="-1.462579"><ele>51.8</ele><time>2025-01-31T14:18:36.000Z</time></trkpt>
      <trkpt lat="52.964398" lon="-1.462578"><ele>51.8</ele><time>2025-01-31T14:18:37.000Z</time></trkpt>
      <trkpt lat="52.964401" lon="-1.462579"><ele>51.8</ele><time>2025-01-31T14:18:38.000Z</time></trkpt>
      <trkpt lat="52.964403" lon="-1.462581"><ele>51.6</ele><time>2025-01-31T14:18:39.000Z</time></trkpt>
      <trkpt lat="52.964407" lon="-1.462583"><ele>51.6</ele><time>2025-01-31T14:18:40.000Z</time></trkpt>
      <trkpt lat="52.964413" lon="-1.462583"><ele>51.6</ele><time>2025-01-31T14:18:41.000Z</time></trkpt>
      <trkpt lat="52.964421" lon="-1.462581"><ele>51.6</ele><time>2025-01-31T14:18:42.000Z</time></trkpt>
      <trkpt lat="52.964429" lon="-1.462579"><ele>51.4</ele><time>2025-01-31T14:18:43.000Z</time></trkpt>
      <trkpt lat="52.964437" lon="-1.462578"><ele>51.4</ele><time>2025-01-31T14:18:44.000Z</time></trkpt>
      <trkpt lat="52.964445" lon="-1.462578"><ele>51.4</ele><time>2025-01-31T14:18:45.000Z</time></trkpt>
      <trkpt lat="52.964452" lon="-1.462579"><ele>51.2</ele><time>2025-01-31T14:18:46.000Z</time></trkpt>
      <trkpt lat="52.964460" lon="-1.462579"><ele>51.2</ele><time>2025-01-31T14:18:47.000Z</time></trkpt>
      <trkpt lat="52.964471" lon="-1.462578"><ele>51.2</ele><time>2025-01-31T14:18:48.000Z</time></trkpt>
      <trkpt lat="52.964482" lon="-1.462574"><ele>51.2</ele><time>2025-01-31T14:18:49.000Z</time></trkpt>
      <trkpt lat="52.964493" lon="-1.462568"><ele>51.0</ele><time>2025-01-31T14:18:50.000Z</time></trkpt>
      <trkpt lat="52.964503" lon="-1.462560"><ele>51.0</ele><time>2025-01-31T14:18:51.000Z</time></trkpt>
    </trkseg>
  </trk>
</gpx>
