<?xml version="1.0" encoding="UTF-8"?>
<gpx version="1.1" creator="walkingwithember" xmlns="http://www.topografix.com/GPX/1/1">
  <metadata>
    <name>Walk 2025-01-01</name>
    <time>2025-01-01T13:17:20.000Z</time>
  </metadata>
  <trk>
    <name>Walk 2025-01-01</name>
    <trkseg>
      <trkpt lat="52.737200" lon="-1.350442"><ele>143.8</ele><time>2025-01-01T13:17:20.000Z</time></trkpt>
      <trkpt lat="52.737200" lon="-1.350442"><ele>143.8</ele><time>2025-01-01T13:17:21.000Z</time></trkpt>
      <trkpt lat="52.737207" lon="-1.350452"><ele>143.8</ele><time>2025-01-01T13:17:22.000Z</time></trkpt>
      <trkpt lat="52.737217" lon="-1.350461"><ele>143.8</ele><time>2025-01-01T13:17:23.000Z</time></trkpt>
      <trkpt lat="52.737227" lon="-1.350472"><ele>143.7</ele><time>2025-01-01T13:17:24.000Z</time></trkpt>
      <trkpt lat="52.737240" lon="-1.350485"><ele>143.7</ele><time>2025-01-01T13:17:25.000Z</time></trkpt>
      <trkpt lat="52.737257" lon="-1.350495"><ele>143.7</ele><time>2025-01-01T13:17:26.000Z</time></trkpt>
      <trkpt lat="52.737275" lon="-1.350499"><ele>143.7</ele><time>2025-01-01T13:17:27.000Z</time></trkpt>
      <trkpt lat="52.737284" lon="-1.350501"><ele>143.7</ele><time>2025-01-01T13:17:28.000Z</time></trkpt>
      <trkpt lat="52.737292" lon="-1.350502"><ele>143.7</ele><time>2025-01-01T13:17:29.000Z</time></trkpt>
      <trkpt lat="52.737304" lon="-1.350513"><ele>143.6</ele><time>2025-01-01T13:17:30.000Z</time></trkpt>
      <trkpt lat="52.737319" lon="-1.350524"><ele>143.6</ele><time>2025-01-01T13:17:31.000Z</time></trkpt>
      <trkpt lat="52.737330" lon="-1.350551"><ele>143.6</ele><time>2025-01-01T13:17:32.000Z</time></trkpt>
      <trkpt lat="52.737335" lon="-1.350557"><ele>143.6</ele><time>2025-01-01T13:17:33.000Z</time></trkpt>
      <trkpt lat="52.737340" lon="-1.350564"><ele>143.5</ele><time>2025-01-01T13:17:34.000Z</time></trkpt>
      <trkpt lat="52.737345" lon="-1.350570"><ele>143.5</ele><time>2025-01-01T13:17:35.000Z</time></trkpt>
      <trkpt lat="52.737356" lon="-1.350580"><ele>143.5</ele><time>2025-01-01T13:17:36.000Z</time></trkpt>
      <trkpt lat="52.737366" lon="-1.350587"><ele>143.5</ele><time>2025-01-01T13:17:37.000Z</time></trkpt>
      <trkpt lat="52.737376" lon="-1.350595"><ele>143.5</ele><time>2025-01-01T13:17:38.000Z</time></trkpt>
      <trkpt lat="52.737401" lon="-1.350623"><ele>143.4</ele><time>2025-01-01T13:17:39.000Z</time></trkpt>
      <trkpt lat="52.737412" lon="-1.350640"><ele>143.4</ele><time>2025-01-01T13:17:40.000Z</time></trkpt>
      <trkpt lat="52.737423" lon="-1.350647"><ele>143.4</ele><time>2025-01-01T13:17:41.000Z</time></trkpt>
      <trkpt lat="52.737433" lon="-1.350652"><ele>143.3</ele><time>2025-01-01T13:17:42.000Z</time></trkpt>
      <trkpt lat="52.737443" lon="-1.350655"><ele>143.3</ele><time>2025-01-01T13:17:43.000Z</time></trkpt>
      <trkpt lat="52.737457" lon="-1.350662"><ele>143.3</ele><time>2025-01-01T13:17:44.000Z</time></trkpt>
      <trkpt lat="52.737467" lon="-1.350663"><ele>143.3</ele><time>2025-01-01T13:17:45.000Z</time></trkpt>
      <trkpt lat="52.737483" lon="-1.350665"><ele>143.2</ele><time>2025-01-01T13:17:46.000Z</time></trkpt>
      <trkpt lat="52.737497" lon="-1.350674"><ele>143.2</ele><time>2025-01-01T13:17:47.000Z</time></trkpt>
      <trkpt lat="52.737511" lon="-1.350687"><ele>143.2</ele><time>2025-01-01T13:17:48.000Z</time></trkpt>
      <trkpt lat="52.737523" lon="-1.350700"><ele>143.2</ele><time>2025-01-01T13:17:49.000Z</time></trkpt>
      <trkpt lat="52.737492" lon="-1.350720"><ele>143.1</ele><time>2025-01-01T13:17:50.000Z</time></trkpt>
      <trkpt lat="52.737526" lon="-1.350728"><ele>143.1</ele><time>2025-01-01T13:17:51.000Z</time></trkpt>
      <trkpt lat="52.737539" lon="-1.350734"><ele>143.0</ele><time>2025-01-01T13:17:52.000Z</time></trkpt>
      <trkpt lat="52.737534" lon="-1.350729"><ele>143.0</ele><time>2025-01-01T13:17:53.000Z</time></trkpt>
      <trkpt lat="52.737561" lon="-1.350745"><ele>143.0</ele><time>2025-01-01T13:17:54.000Z</time></trkpt>
      <trkpt lat="52.737573" lon="-1.350755"><ele>143.0</ele><time>2025-01-01T13:17:55.000Z</time></trkpt>
      <trkpt lat="52.737593" lon="-1.350759"><ele>142.9</ele><time>2025-01-01T13:17:56.000Z</time></trkpt>
      <trkpt lat="52.737601" lon="-1.350761"><ele>142.9</ele><time>2025-01-01T13:17:57.000Z</time></trkpt>
      <trkpt lat="52.737610" lon="-1.350762"><ele>142.9</ele><time>2025-01-01T13:17:58.000Z</time></trkpt>
      <trkpt lat="52.737627" lon="-1.350755"><ele>142.9</ele><time>2025-01-01T13:17:59.000Z</time></trkpt>
      <trkpt lat="52.737639" lon="-1.350761"><ele>142.8</ele><time>2025-01-01T13:18:00.000Z</time></trkpt>
      <trkpt lat="52.737651" lon="-1.350767"><ele>142.8</ele><time>2025-01-01T13:18:01.000Z</time></trkpt>
      <trkpt lat="52.737664" lon="-1.350778"><ele>142.8</ele><time>2025-01-01T13:18:02.000Z</time></trkpt>
      <trkpt lat="52.737678" lon="-1.350785"><ele>142.8</ele><time>2025-01-01T13:18:03.000Z</time></trkpt>
      <trkpt lat="52.737690" lon="-1.350801"><ele>142.8</ele><time>2025-01-01T13:18:04.000Z</time></trkpt>
      <trkpt lat="52.737694" lon="-1.350798"><ele>142.8</ele><time>2025-01-01T13:18:05.000Z</time></trkpt>
      <trkpt lat="52.737706" lon="-1.350813"><ele>142.7</ele><time>2025-01-01T13:18:06.000Z</time></trkpt>
      <trkpt lat="52.737717" lon="-1.350825"><ele>142.7</ele><time>2025-01-01T13:18:07.000Z</time></trkpt>
      <trkpt lat="52.737736" lon="-1.350835"><ele>142.7</ele><time>2025-01-01T13:18:08.000Z</time></trkpt>
      <trkpt lat="52.737751" lon="-1.350853"><ele>142.7</ele><time>2025-01-01T13:18:09.000Z</time></trkpt>
      <trkpt lat="52.737760" lon="-1.350862"><ele>142.6</ele><time>2025-01-01T13:18:10.000Z</time></trkpt>
      <trkpt lat="52.737768" lon="-1.350872"><ele>142.6</ele><time>2025-01-01T13:18:11.000Z</time></trkpt>
      <trkpt lat="52.737791" lon="-1.350892"><ele>142.6</ele><time>2025-01-01T13:18:12.000Z</time></trkpt>
      <trkpt lat="52.737803" lon="-1.350898"><ele>142.6</ele><time>2025-01-01T13:18:13.000Z</time></trkpt>
      <trkpt lat="52.737810" lon="-1.350902"><ele>142.6</ele><time>2025-01-01T13:18:14.000Z</time></trkpt>
      <trkpt lat="52.737817" lon="-1.350908"><ele>142.6</ele><time>2025-01-01T13:18:15.000Z</time></trkpt>
      <trkpt lat="52.737836" lon="-1.350912"><ele>142.5</ele><time>2025-01-01T13:18:16.000Z</time></trkpt>
      <trkpt lat="52.737863" lon="-1.350956"><ele>142.5</ele><time>2025-01-01T13:18:17.000Z</time></trkpt>
      <trkpt lat="52.737885" lon="-1.350992"><ele>142.4</ele><time>2025-01-01T13:18:18.000Z</time></trkpt>
      <trkpt lat="52.737916" lon="-1.351002"><ele>142.4</ele><time>2025-01-01T13:18:19.000Z</time></trkpt>
      <trkpt lat="52.737923" lon="-1.351010"><ele>142.4</ele><time>2025-01-01T13:18:20.000Z</time></trkpt>
      <trkpt lat="52.737935" lon="-1.351020"><ele>142.4</ele><time>2025-01-01T13:18:21.000Z</time></trkpt>
      <trkpt lat="52.737948" lon="-1.351028"><ele>142.4</ele><time>2025-01-01T13:18:22.000Z</time></trkpt>
      <trkpt lat="52.737966" lon="-1.351029"><ele>142.3</ele><time>2025-01-01T13:18:23.000Z</time></trkpt>
      <trkpt lat="52.737979" lon="-1.351025"><ele>142.3</ele><time>2025-01-01T13:18:24.000Z</time></trkpt>
      <trkpt lat="52.737992" lon="-1.351022"><ele>142.3</ele><time>2025-01-01T13:18:25.000Z</time></trkpt>
      <trkpt lat="52.737996" lon="-1.351026"><ele>142.3</ele><time>2025-01-01T13:18:26.000Z</time></trkpt>
      <trkpt lat="52.738017" lon="-1.351032"><ele>142.3</ele><time>2025-01-01T13:18:27.000Z</time></trkpt>
      <trkpt lat="52.738025" lon="-1.351045"><ele>142.2</ele><time>2025-01-01T13:18:28.000Z</time></trkpt>
      <trkpt lat="52.738035" lon="-1.351051"><ele>142.2</ele><time>2025-01-01T13:18:29.000Z</time></trkpt>
      <trkpt lat="52.738043" lon="-1.351058"><ele>142.2</ele><time>2025-01-01T13:18:30.000Z</time></trkpt>
      <trkpt lat="52.738053" lon="-1.351067"><ele>142.2</ele><time>2025-01-01T13:18:31.000Z</time></trkpt>
      <trkpt lat="52.738070" lon="-1.351073"><ele>142.2</ele><time>2025-01-01T13:18:32.000Z</time></trkpt>
      <trkpt lat="52.738078" lon="-1.351085"><ele>142.2</ele><time>2025-01-01T13:18:33.000Z</time></trkpt>
      <trkpt lat="52.738089" lon="-1.351091"><ele>142.1</ele><time>2025-01-01T13:18:34.000Z</time></trkpt>
      <trkpt lat="52.738101" lon="-1.351096"><ele>142.1</ele><time>2025-01-01T13:18:35.000Z</time></trkpt>
      <trkpt lat="52.738107" lon="-1.351103"><ele>142.1</ele><time>2025-01-01T13:18:36.000Z</time></trkpt>
      <trkpt lat="52.738122" lon="-1.351106"><ele>142.1</ele><time>2025-01-01T13:18:37.000Z</time></trkpt>
      <trkpt lat="52.738142" lon="-1.351120"><ele>142.1</ele><time>2025-01-01T13:18:38.000Z</time></trkpt>
      <trkpt lat="52.738145" lon="-1.351122"><ele>142.1</ele><time>2025-01-01T13:18:39.000Z</time></trkpt>
      <trkpt lat="52.738155" lon="-1.351119"><ele>142.0</ele><time>2025-01-01T13:18:40.000Z</time></trkpt>
      <trkpt lat="52.738170" lon="-1.351119"><ele>142.0</ele><time>2025-01-01T13:18:41.000Z</time></trkpt>
      <trkpt lat="52.738180" lon="-1.351123"><ele>142.0</ele><time>2025-01-01T13:18:42.000Z</time></trkpt>
      <trkpt lat="52.738194" lon="-1.351138"><ele>142.0</ele><time>2025-01-01T13:18:43.000Z</time></trkpt>
      <trkpt lat="52.738204" lon="-1.351127"><ele>142.0</ele><time>2025-01-01T13:18:44.000Z</time></trkpt>
      <trkpt lat="52.738217" lon="-1.351149"><ele>141.9</ele><time>2025-01-01T13:18:45.000Z</time></trkpt>
      <trkpt lat="52.738220" lon="-1.351164"><ele>141.9</ele><time>2025-01-01T13:18:46.000Z</time></trkpt>
      <trkpt lat="52.738224" lon="-1.351178"><ele>141.9</ele><time>2025-01-01T13:18:47.000Z</time></trkpt>
      <trkpt lat="52.738230" lon="-1.351181"><ele>141.9</ele><time>2025-01-01T13:18:48.000Z</time></trkpt>
      <trkpt lat="52.738239" lon="-1.351192"><ele>141.9</ele><time>2025-01-01T13:18:49.000Z</time></trkpt>
      <trkpt lat="52.738251" lon="-1.351216"><ele>141.8</ele><time>2025-01-01T13:18:50.000Z</time></trkpt>
      <trkpt lat="52.738262" lon="-1.351224"><ele>141.8</ele><time>2025-01-01T13:18:51.000Z</time></trkpt>
      <trkpt lat="52.738274" lon="-1.351234"><ele>141.8</ele><time>2025-01-01T13:18:52.000Z</time></trkpt>
      <trkpt lat="52.738282" lon="-1.351239"><ele>141.8</ele><time>2025-01-01T13:18:53.000Z</time></trkpt>
      <trkpt lat="52.738309" lon="-1.351253"><ele>141.8</ele><time>2025-01-01T13:18:54.000Z</time></trkpt>
      <trkpt lat="52.738320" lon="-1.351260"><ele>141.7</ele><time>2025-01-01T13:18:55.000Z</time></trkpt>
      <trkpt lat="52.738333" lon="-1.351291"><ele>141.7</ele><time>2025-01-01T13:18:56.000Z</time></trkpt>
      <trkpt lat="52.738340" lon="-1.351298"><ele>141.7</ele><time>2025-01-01T13:18:57.000Z</time></trkpt>
      <trkpt lat="52.738348" lon="-1.351306"><ele>141.7</ele><time>2025-01-01T13:18:58.000Z</time></trkpt>
      <trkpt lat="52.738363" lon="-1.351315"><ele>141.7</ele><time>2025-01-01T13:18:59.000Z</time></trkpt>
      <trkpt lat="52.738379" lon="-1.351324"><ele>141.6</ele><time>2025-01-01T13:19:00.000Z</time></trkpt>
      <trkpt lat="52.738397" lon="-1.351361"><ele>141.6</ele><time>2025-01-01T13:19:01.000Z</time></trkpt>
      <trkpt lat="52.738402" lon="-1.351373"><ele>141.5</ele><time>2025-01-01T13:19:02.000Z</time></trkpt>
      <trkpt lat="52.738409" lon="-1.351389"><ele>141.5</ele><time>2025-01-01T13:19:03.000Z</time></trkpt>
      <trkpt lat="52.738430" lon="-1.351407"><ele>141.5</ele><time>2025-01-01T13:19:04.000Z</time></trkpt>
      <trkpt lat="52.738447" lon="-1.351428"><ele>141.4</ele><time>2025-01-01T13:19:05.000Z</time></trkpt>
      <trkpt lat="52.738458" lon="-1.351430"><ele>141.4</ele><time>2025-01-01T13:19:06.000Z</time></trkpt>
      <trkpt lat="52.738469" lon="-1.351433"><ele>141.4</ele><time>2025-01-01T13:19:07.000Z</time></trkpt>
      <trkpt lat="52.738473" lon="-1.351437"><ele>141.3</ele><time>2025-01-01T13:19:08.000Z</time></trkpt>
      <trkpt lat="52.738480" lon="-1.351450"><ele>141.3</ele><time>2025-01-01T13:19:09.000Z</time></trkpt>
      <trkpt lat="52.738493" lon="-1.351456"><ele>141.3</ele><time>2025-01-01T13:19:10.000Z</time></trkpt>
      <trkpt lat="52.738502" lon="-1.351452"><ele>141.3</ele><time>2025-01-01T13:19:11.000Z</time></trkpt>
      <trkpt lat="52.738512" lon="-1.351456"><ele>141.2</ele><time>2025-01-01T13:19:12.000Z</time></trkpt>
      <trkpt lat="52.738521" lon="-1.351461"><ele>141.2</ele><time>2025-01-01T13:19:13.000Z</time></trkpt>
      <trkpt lat="52.738530" lon="-1.351466"><ele>141.2</ele><time>2025-01-01T13:19:14.000Z</time></trkpt>
      <trkpt lat="52.738551" lon="-1.351506"><ele>141.1</ele><time>2025-01-01T13:19:15.000Z</time></trkpt>
      <trkpt lat="52.738557" lon="-1.351527"><ele>141.1</ele><time>2025-01-01T13:19:16.000Z</time></trkpt>
      <trkpt lat="52.738562" lon="-1.351547"><ele>141.0</ele><time>2025-01-01T13:19:17.000Z</time></trkpt>
      <trkpt lat="52.738573" lon="-1.351569"><ele>141.0</ele><time>2025-01-01T13:19:18.000Z</time></trkpt>
      <trkpt lat="52.738575" lon="-1.351594"><ele>140.9</ele><time>2025-01-01T13:19:19.000Z</time></trkpt>
      <trkpt lat="52.738579" lon="-1.351644"><ele>140.9</ele><time>2025-01-01T13:19:20.000Z</time></trkpt>
      <trkpt lat="52.738579" lon="-1.351696"><ele>140.7</ele><time>2025-01-01T13:19:21.000Z</time></trkpt>
      <trkpt lat="52.738578" lon="-1.351720"><ele>140.7</ele><time>2025-01-01T13:19:22.000Z</time></trkpt>
      <trkpt lat="52.738585" lon="-1.351734"><ele>140.7</ele><time>2025-01-01T13:19:23.000Z</time></trkpt>
      <trkpt lat="52.738589" lon="-1.351748"><ele>140.6</ele><time>2025-01-01T13:19:24.000Z</time></trkpt>
      <trkpt lat="52.738593" lon="-1.351761"><ele>140.6</ele><time>2025-01-01T13:19:25.000Z</time></trkpt>
      <trkpt lat="52.738597" lon="-1.351775"><ele>140.6</ele><time>2025-01-01T13:19:26.000Z</time></trkpt>
      <trkpt lat="52.738601" lon="-1.351795"><ele>140.5</ele><time>2025-01-01T13:19:27.000Z</time></trkpt>
      <trkpt lat="52.738609" lon="-1.351803"><ele>140.5</ele><time>2025-01-01T13:19:28.000Z</time></trkpt>
      <trkpt lat="52.738611" lon="-1.351814"><ele>140.5</ele><time>2025-01-01T13:19:29.000Z</time></trkpt>
      <trkpt lat="52.738619" lon="-1.351824"><ele>140.4</ele><time>2025-01-01T13:19:30.000Z</time></trkpt>
      <trkpt lat="52.738623" lon="-1.351832"><ele>140.4</ele><time>2025-01-01T13:19:31.000Z</time></trkpt>
      <trkpt lat="52.738628" lon="-1.351839"><ele>140.4</ele><time>2025-01-01T13:19:32.000Z</time></trkpt>
      <trkpt lat="52.738632" lon="-1.351847"><ele>140.3</ele><time>2025-01-01T13:19:33.000Z</time></trkpt>
      <trkpt lat="52.738637" lon="-1.351854"><ele>140.3</ele><time>2025-01-01T13:19:34.000Z</time></trkpt>
      <trkpt lat="52.738641" lon="-1.351862"><ele>140.3</ele><time>2025-01-01T13:19:35.000Z</time></trkpt>
      <trkpt lat="52.738644" lon="-1.351877"><ele>140.2</ele><time>2025-01-01T13:19:36.000Z</time></trkpt>
      <trkpt lat="52.738659" lon="-1.351897"><ele>140.1</ele><time>2025-01-01T13:19:37.000Z</time></trkpt>
      <trkpt lat="52.738668" lon="-1.351928"><ele>140.0</ele><time>2025-01-01T13:19:38.000Z</time></trkpt>
      <trkpt lat="52.738673" lon="-1.351946"><ele>140.0</ele><time>2025-01-01T13:19:39.000Z</time></trkpt>
      <trkpt lat="52.738679" lon="-1.351964"><ele>139.9</ele><time>2025-01-01T13:19:40.000Z</time></trkpt>
      <trkpt lat="52.738689" lon="-1.351992"><ele>139.8</ele><time>2025-01-01T13:19:41.000Z</time></trkpt>
      <trkpt lat="52.738692" lon="-1.352016"><ele>139.7</ele><time>2025-01-01T13:19:42.000Z</time></trkpt>
      <trkpt lat="52.738723" lon="-1.352014"><ele>139.6</ele><time>2025-01-01T13:19:43.000Z</time></trkpt>
      <trkpt lat="52.738730" lon="-1.352022"><ele>139.6</ele><time>2025-01-01T13:19:44.000Z</time></trkpt>
      <trkpt lat="52.738757" lon="-1.352017"><ele>139.4</ele><time>2025-01-01T13:19:45.000Z</time></trkpt>
      <trkpt lat="52.738764" lon="-1.352042"><ele>139.4</ele><time>2025-01-01T13:19:46.000Z</time></trkpt>
      <trkpt lat="52.738767" lon="-1.352061"><ele>139.3</ele><time>2025-01-01T13:19:47.000Z</time></trkpt>
      <trkpt lat="52.738771" lon="-1.352079"><ele>139.3</ele><time>2025-01-01T13:19:48.000Z</time></trkpt>
      <trkpt lat="52.738769" lon="-1.352101"><ele>139.2</ele><time>2025-01-01T13:19:49.000Z</time></trkpt>
      <trkpt lat="52.738784" lon="-1.352118"><ele>139.1</ele><time>2025-01-01T13:19:50.000Z</time></trkpt>
      <trkpt lat="52.738788" lon="-1.352123"><ele>139.1</ele><time>2025-01-01T13:19:51.000Z</time></trkpt>
      <trkpt lat="52.738796" lon="-1.352123"><ele>139.1</ele><time>2025-01-01T13:19:52.000Z</time></trkpt>
      <trkpt lat="52.738815" lon="-1.352142"><ele>139.0</ele><time>2025-01-01T13:19:53.000Z</time></trkpt>
      <trkpt lat="52.738843" lon="-1.352180"><ele>138.9</ele><time>2025-01-01T13:19:54.000Z</time></trkpt>
      <trkpt lat="52.738864" lon="-1.352191"><ele>138.8</ele><time>2025-01-01T13:19:55.000Z</time></trkpt>
      <trkpt lat="52.738875" lon="-1.352194"><ele>138.8</ele><time>2025-01-01T13:19:56.000Z</time></trkpt>
      <trkpt lat="52.738886" lon="-1.352197"><ele>138.8</ele><time>2025-01-01T13:19:57.000Z</time></trkpt>
      <trkpt lat="52.738918" lon="-1.352170"><ele>138.7</ele><time>2025-01-01T13:19:58.000Z</time></trkpt>
      <trkpt lat="52.738935" lon="-1.352163"><ele>138.6</ele><time>2025-01-01T13:19:59.000Z</time></trkpt>
      <trkpt lat="52.738968" lon="-1.352122"><ele>138.5</ele><time>2025-01-01T13:20:00.000Z</time></trkpt>
      <trkpt lat="52.738972" lon="-1.352201"><ele>138.4</ele><time>2025-01-01T13:20:01.000Z</time></trkpt>
      <trkpt lat="52.738971" lon="-1.352206"><ele>138.3</ele><time>2025-01-01T13:20:02.000Z</time></trkpt>
      <trkpt lat="52.738986" lon="-1.352229"><ele>138.3</ele><time>2025-01-01T13:20:03.000Z</time></trkpt>
      <trkpt lat="52.738994" lon="-1.352237"><ele>138.3</ele><time>2025-01-01T13:20:04.000Z</time></trkpt>
      <trkpt lat="52.739010" lon="-1.352249"><ele>138.2</ele><time>2025-01-01T13:20:05.000Z</time></trkpt>
      <trkpt lat="52.739017" lon="-1.352268"><ele>138.2</ele><time>2025-01-01T13:20:06.000Z</time></trkpt>
      <trkpt lat="52.739022" lon="-1.352275"><ele>138.2</ele><time>2025-01-01T13:20:07.000Z</time></trkpt>
      <trkpt lat="52.739029" lon="-1.352274"><ele>138.1</ele><time>2025-01-01T13:20:08.000Z</time></trkpt>
      <trkpt lat="52.739046" lon="-1.352286"><ele>138.1</ele><time>2025-01-01T13:20:09.000Z</time></trkpt>
      <trkpt lat="52.739051" lon="-1.352316"><ele>138.0</ele><time>2025-01-01T13:20:10.000Z</time></trkpt>
      <trkpt lat="52.739051" lon="-1.352338"><ele>138.0</ele><time>2025-01-01T13:20:11.000Z</time></trkpt>
      <trkpt lat="52.739052" lon="-1.352359"><ele>137.9</ele><time>2025-01-01T13:20:12.000Z</time></trkpt>
      <trkpt lat="52.739068" lon="-1.352389"><ele>137.9</ele><time>2025-01-01T13:20:13.000Z</time></trkpt>
      <trkpt lat="52.739075" lon="-1.352398"><ele>137.8</ele><time>2025-01-01T13:20:14.000Z</time></trkpt>
      <trkpt lat="52.739082" lon="-1.352407"><ele>137.8</ele><time>2025-01-01T13:20:15.000Z</time></trkpt>
      <trkpt lat="52.739090" lon="-1.352403"><ele>137.8</ele><time>2025-01-01T13:20:16.000Z</time></trkpt>
      <trkpt lat="52.739101" lon="-1.352424"><ele>137.7</ele><time>2025-01-01T13:20:17.000Z</time></trkpt>
      <trkpt lat="52.739095" lon="-1.352455"><ele>137.7</ele><time>2025-01-01T13:20:18.000Z</time></trkpt>
      <trkpt lat="52.739110" lon="-1.352475"><ele>137.6</ele><time>2025-01-01T13:20:19.000Z</time></trkpt>
      <trkpt lat="52.739118" lon="-1.352490"><ele>137.6</ele><time>2025-01-01T13:20:20.000Z</time></trkpt>
      <trkpt lat="52.739126" lon="-1.352505"><ele>137.5</ele><time>2025-01-01T13:20:21.000Z</time></trkpt>
      <trkpt lat="52.739134" lon="-1.352520"><ele>137.5</ele><time>2025-01-01T13:20:22.000Z</time></trkpt>
      <trkpt lat="52.739142" lon="-1.352554"><ele>137.4</ele><time>2025-01-01T13:20:23.000Z</time></trkpt>
      <trkpt lat="52.739149" lon="-1.352557"><ele>137.4</ele><time>2025-01-01T13:20:24.000Z</time></trkpt>
      <trkpt lat="52.739156" lon="-1.352561"><ele>137.3</ele><time>2025-01-01T13:20:25.000Z</time></trkpt>
      <trkpt lat="52.739163" lon="-1.352564"><ele>137.3</ele><time>2025-01-01T13:20:26.000Z</time></trkpt>
      <trkpt lat="52.739183" lon="-1.352605"><ele>137.2</ele><time>2025-01-01T13:20:27.000Z</time></trkpt>
      <trkpt lat="52.739188" lon="-1.352633"><ele>137.1</ele><time>2025-01-01T13:20:28.000Z</time></trkpt>
      <trkpt lat="52.739194" lon="-1.352661"><ele>137.1</ele><time>2025-01-01T13:20:29.000Z</time></trkpt>
      <trkpt lat="52.739208" lon="-1.352688"><ele>137.0</ele><time>2025-01-01T13:20:30.000Z</time></trkpt>
      <trkpt lat="52.739169" lon="-1.352655"><ele>136.8</ele><time>2025-01-01T13:20:31.000Z</time></trkpt>
      <trkpt lat="52.739170" lon="-1.352652"><ele>136.8</ele><time>2025-01-01T13:20:32.000Z</time></trkpt>
      <trkpt lat="52.739198" lon="-1.352663"><ele>136.7</ele><time>2025-01-01T13:20:33.000Z</time></trkpt>
      <trkpt lat="52.739205" lon="-1.352670"><ele>136.7</ele><time>2025-01-01T13:20:34.000Z</time></trkpt>
      <trkpt lat="52.739228" lon="-1.352670"><ele>136.6</ele><time>2025-01-01T13:20:35.000Z</time></trkpt>
      <trkpt lat="52.739240" lon="-1.352680"><ele>136.5</ele><time>2025-01-01T13:20:36.000Z</time></trkpt>
      <trkpt lat="52.739257" lon="-1.352695"><ele>136.4</ele><time>2025-01-01T13:20:37.000Z</time></trkpt>
      <trkpt lat="52.739294" lon="-1.352737"><ele>136.3</ele><time>2025-01-01T13:20:38.000Z</time></trkpt>
      <trkpt lat="52.739306" lon="-1.352765"><ele>136.2</ele><time>2025-01-01T13:20:39.000Z</time></trkpt>
      <trkpt lat="52.739306" lon="-1.352744"><ele>136.2</ele><time>2025-01-01T13:20:40.000Z</time></trkpt>
      <trkpt lat="52.739310" lon="-1.352732"><ele>136.2</ele><time>2025-01-01T13:20:41.000Z</time></trkpt>
      <trkpt lat="52.739321" lon="-1.352749"><ele>136.1</ele><time>2025-01-01T13:20:42.000Z</time></trkpt>
      <trkpt lat="52.739332" lon="-1.352742"><ele>136.1</ele><time>2025-01-01T13:20:43.000Z</time></trkpt>
      <trkpt lat="52.739340" lon="-1.352745"><ele>136.1</ele><time>2025-01-01T13:20:44.000Z</time></trkpt>
      <trkpt lat="52.739360" lon="-1.352771"><ele>136.0</ele><time>2025-01-01T13:20:45.000Z</time></trkpt>
      <trkpt lat="52.739377" lon="-1.352820"><ele>136.0</ele><time>2025-01-01T13:20:46.000Z</time></trkpt>
      <trkpt lat="52.739385" lon="-1.352832"><ele>136.0</ele><time>2025-01-01T13:20:47.000Z</time></trkpt>
      <trkpt lat="52.739396" lon="-1.352851"><ele>136.0</ele><time>2025-01-01T13:20:48.000Z</time></trkpt>
      <trkpt lat="52.739403" lon="-1.352857"><ele>136.0</ele><time>2025-01-01T13:20:49.000Z</time></trkpt>
      <trkpt lat="52.739409" lon="-1.352863"><ele>136.0</ele><time>2025-01-01T13:20:50.000Z</time></trkpt>
      <trkpt lat="52.739415" lon="-1.352869"><ele>136.0</ele><time>2025-01-01T13:20:51.000Z</time></trkpt>
      <trkpt lat="52.739418" lon="-1.352894"><ele>136.0</ele><time>2025-01-01T13:20:52.000Z</time></trkpt>
      <trkpt lat="52.739435" lon="-1.352901"><ele>136.0</ele><time>2025-01-01T13:20:53.000Z</time></trkpt>
      <trkpt lat="52.739455" lon="-1.352896"><ele>136.0</ele><time>2025-01-01T13:20:54.000Z</time></trkpt>
      <trkpt lat="52.739462" lon="-1.352907"><ele>136.0</ele><time>2025-01-01T13:20:55.000Z</time></trkpt>
      <trkpt lat="52.739457" lon="-1.352939"><ele>136.0</ele><time>2025-01-01T13:20:56.000Z</time></trkpt>
      <trkpt lat="52.739461" lon="-1.352996"><ele>136.0</ele><time>2025-01-01T13:20:57.000Z</time></trkpt>
      <trkpt lat="52.739457" lon="-1.353010"><ele>136.0</ele><time>2025-01-01T13:20:58.000Z</time></trkpt>
      <trkpt lat="52.739452" lon="-1.353026"><ele>136.0</ele><time>2025-01-01T13:20:59.000Z</time></trkpt>
      <trkpt lat="52.739464" lon="-1.353063"><ele>136.0</ele><time>2025-01-01T13:21:00.000Z</time></trkpt>
      <trkpt lat="52.739465" lon="-1.353102"><ele>135.9</ele><time>2025-01-01T13:21:01.000Z</time></trkpt>
      <trkpt lat="52.739471" lon="-1.353115"><ele>135.9</ele><time>2025-01-01T13:21:02.000Z</time></trkpt>
      <trkpt lat="52.739480" lon="-1.353151"><ele>135.9</ele><time>2025-01-01T13:21:03.000Z</time></trkpt>
      <trkpt lat="52.739487" lon="-1.353163"><ele>135.9</ele><time>2025-01-01T13:21:04.000Z</time></trkpt>
      <trkpt lat="52.739495" lon="-1.353176"><ele>135.9</ele><time>2025-01-01T13:21:05.000Z</time></trkpt>
      <trkpt lat="52.739501" lon="-1.353180"><ele>135.9</ele><time>2025-01-01T13:21:06.000Z</time></trkpt>
      <trkpt lat="52.739509" lon="-1.353184"><ele>135.9</ele><time>2025-01-01T13:21:07.000Z</time></trkpt>
      <trkpt lat="52.739520" lon="-1.353213"><ele>135.9</ele><time>2025-01-01T13:21:08.000Z</time></trkpt>
      <trkpt lat="52.739528" lon="-1.353298"><ele>135.9</ele><time>2025-01-01T13:21:09.000Z</time></trkpt>
      <trkpt lat="52.739526" lon="-1.353348"><ele>135.9</ele><time>2025-01-01T13:21:10.000Z</time></trkpt>
      <trkpt lat="52.739541" lon="-1.353390"><ele>135.8</ele><time>2025-01-01T13:21:11.000Z</time></trkpt>
      <trkpt lat="52.739544" lon="-1.353401"><ele>135.8</ele><time>2025-01-01T13:21:12.000Z</time></trkpt>
      <trkpt lat="52.739552" lon="-1.353429"><ele>135.8</ele><time>2025-01-01T13:21:13.000Z</time></trkpt>
      <trkpt lat="52.739560" lon="-1.353449"><ele>135.8</ele><time>2025-01-01T13:21:14.000Z</time></trkpt>
      <trkpt lat="52.739564" lon="-1.353491"><ele>135.8</ele><time>2025-01-01T13:21:15.000Z</time></trkpt>
      <trkpt lat="52.739568" lon="-1.353510"><ele>135.8</ele><time>2025-01-01T13:21:16.000Z</time></trkpt>
      <trkpt lat="52.739581" lon="-1.353515"><ele>135.7</ele><time>2025-01-01T13:21:17.000Z</time></trkpt>
      <trkpt lat="52.739586" lon="-1.353535"><ele>135.7</ele><time>2025-01-01T13:21:18.000Z</time></trkpt>
      <trkpt lat="52.739588" lon="-1.353556"><ele>135.7</ele><time>2025-01-01T13:21:19.000Z</time></trkpt>
      <trkpt lat="52.739598" lon="-1.353570"><ele>135.7</ele><time>2025-01-01T13:21:20.000Z</time></trkpt>
      <trkpt lat="52.739608" lon="-1.353585"><ele>135.7</ele><time>2025-01-01T13:21:21.000Z</time></trkpt>
      <trkpt lat="52.739618" lon="-1.353600"><ele>135.7</ele><time>2025-01-01T13:21:22.000Z</time></trkpt>
      <trkpt lat="52.739628" lon="-1.353619"><ele>135.7</ele><time>2025-01-01T13:21:23.000Z</time></trkpt>
      <trkpt lat="52.739636" lon="-1.353635"><ele>135.7</ele><time>2025-01-01T13:21:24.000Z</time></trkpt>
      <trkpt lat="52.739645" lon="-1.353655"><ele>135.7</ele><time>2025-01-01T13:21:25.000Z</time></trkpt>
      <trkpt lat="52.739649" lon="-1.353688"><ele>135.7</ele><time>2025-01-01T13:21:26.000Z</time></trkpt>
      <trkpt lat="52.739648" lon="-1.353701"><ele>135.7</ele><time>2025-01-01T13:21:27.000Z</time></trkpt>
      <trkpt lat="52.739648" lon="-1.353714"><ele>135.7</ele><time>2025-01-01T13:21:28.000Z</time></trkpt>
      <trkpt lat="52.739641" lon="-1.353735"><ele>135.7</ele><time>2025-01-01T13:21:29.000Z</time></trkpt>
      <trkpt lat="52.739635" lon="-1.353759"><ele>135.8</ele><time>2025-01-01T13:21:30.000Z</time></trkpt>
      <trkpt lat="52.739636" lon="-1.353770"><ele>135.8</ele><time>2025-01-01T13:21:31.000Z</time></trkpt>
      <trkpt lat="52.739630" lon="-1.353800"><ele>135.8</ele><time>2025-01-01T13:21:32.000Z</time></trkpt>
      <trkpt lat="52.739631" lon="-1.353812"><ele>135.8</ele><time>2025-01-01T13:21:33.000Z</time></trkpt>
      <trkpt lat="52.739624" lon="-1.353847"><ele>135.9</ele><time>2025-01-01T13:21:34.000Z</time></trkpt>
      <trkpt lat="52.739621" lon="-1.353859"><ele>135.9</ele><time>2025-01-01T13:21:35.000Z</time></trkpt>
      <trkpt lat="52.739619" lon="-1.353870"><ele>135.9</ele><time>2025-01-01T13:21:36.000Z</time></trkpt>
      <trkpt lat="52.739617" lon="-1.353889"><ele>136.0</ele><time>2025-01-01T13:21:37.000Z</time></trkpt>
      <trkpt lat="52.739616" lon="-1.353901"><ele>136.0</ele><time>2025-01-01T13:21:38.000Z</time></trkpt>
      <trkpt lat="52.739612" lon="-1.353919"><ele>136.0</ele><time>2025-01-01T13:21:39.000Z</time></trkpt>
      <trkpt lat="52.739611" lon="-1.353935"><ele>136.1</ele><time>2025-01-01T13:21:40.000Z</time></trkpt>
      <trkpt lat="52.739613" lon="-1.353957"><ele>136.1</ele><time>2025-01-01T13:21:41.000Z</time></trkpt>
      <trkpt lat="52.739610" lon="-1.353975"><ele>136.2</ele><time>2025-01-01T13:21:42.000Z</time></trkpt>
      <trkpt lat="52.739606" lon="-1.353993"><ele>136.2</ele><time>2025-01-01T13:21:43.000Z</time></trkpt>
      <trkpt lat="52.739603" lon="-1.354019"><ele>136.3</ele><time>2025-01-01T13:21:44.000Z</time></trkpt>
      <trkpt lat="52.739599" lon="-1.354039"><ele>136.4</ele><time>2025-01-01T13:21:45.000Z</time></trkpt>
      <trkpt lat="52.739592" lon="-1.354060"><ele>136.5</ele><time>2025-01-01T13:21:46.000Z</time></trkpt>
      <trkpt lat="52.739588" lon="-1.354084"><ele>136.6</ele><time>2025-01-01T13:21:47.000Z</time></trkpt>
      <trkpt lat="52.739590" lon="-1.354107"><ele>136.6</ele><time>2025-01-01T13:21:48.000Z</time></trkpt>
      <trkpt lat="52.739592" lon="-1.354143"><ele>136.8</ele><time>2025-01-01T13:21:49.000Z</time></trkpt>
      <trkpt lat="52.739594" lon="-1.354156"><ele>136.8</ele><time>2025-01-01T13:21:50.000Z</time></trkpt>
      <trkpt lat="52.739595" lon="-1.354170"><ele>136.9</ele><time>2025-01-01T13:21:51.000Z</time></trkpt>
      <trkpt lat="52.739594" lon="-1.354185"><ele>137.0</ele><time>2025-01-01T13:21:52.000Z</time></trkpt>
      <trkpt lat="52.739591" lon="-1.354224"><ele>137.1</ele><time>2025-01-01T13:21:53.000Z</time></trkpt>
      <trkpt lat="52.739592" lon="-1.354225"><ele>137.1</ele><time>2025-01-01T13:21:54.000Z</time></trkpt>
      <trkpt lat="52.739595" lon="-1.354249"><ele>137.2</ele><time>2025-01-01T13:21:55.000Z</time></trkpt>
      <trkpt lat="52.739601" lon="-1.354279"><ele>137.3</ele><time>2025-01-01T13:21:56.000Z</time></trkpt>
      <trkpt lat="52.739595" lon="-1.354291"><ele>137.4</ele><time>2025-01-01T13:21:57.000Z</time></trkpt>
      <trkpt lat="52.739592" lon="-1.354308"><ele>137.4</ele><time>2025-01-01T13:21:58.000Z</time></trkpt>
      <trkpt lat="52.739581" lon="-1.354327"><ele>137.5</ele><time>2025-01-01T13:21:59.000Z</time></trkpt>
      <trkpt lat="52.739580" lon="-1.354357"><ele>137.6</ele><time>2025-01-01T13:22:00.000Z</time></trkpt>
      <trkpt lat="52.739579" lon="-1.354361"><ele>137.7</ele><time>2025-01-01T13:22:01.000Z</time></trkpt>
      <trkpt lat="52.739574" lon="-1.354380"><ele>137.7</ele><time>2025-01-01T13:22:02.000Z</time></trkpt>
      <trkpt lat="52.739577" lon="-1.354384"><ele>137.7</ele><time>2025-01-01T13:22:03.000Z</time></trkpt>
      <trkpt lat="52.739578" lon="-1.354425"><ele>137.9</ele><time>2025-01-01T13:22:04.000Z</time></trkpt>
      <trkpt lat="52.739571" lon="-1.354467"><ele>138.1</ele><time>2025-01-01T13:22:05.000Z</time></trkpt>
      <trkpt lat="52.739566" lon="-1.354478"><ele>138.2</ele><time>2025-01-01T13:22:06.000Z</time></trkpt>
      <trkpt lat="52.739560" lon="-1.354488"><ele>138.2</ele><time>2025-01-01T13:22:07.000Z</time></trkpt>
      <trkpt lat="52.739550" lon="-1.354516"><ele>138.3</ele><time>2025-01-01T13:22:08.000Z</time></trkpt>
      <trkpt lat="52.739541" lon="-1.354527"><ele>138.4</ele><time>2025-01-01T13:22:09.000Z</time></trkpt>
      <trkpt lat="52.739528" lon="-1.354552"><ele>138.6</ele><time>2025-01-01T13:22:10.000Z</time></trkpt>
      <trkpt lat="52.739520" lon="-1.354563"><ele>138.6</ele><time>2025-01-01T13:22:11.000Z</time></trkpt>
      <trkpt lat="52.739513" lon="-1.354574"><ele>138.7</ele><time>2025-01-01T13:22:12.000Z</time></trkpt>
      <trkpt lat="52.739506" lon="-1.354579"><ele>138.7</ele><time>2025-01-01T13:22:13.000Z</time></trkpt>
      <trkpt lat="52.739486" lon="-1.354571"><ele>138.9</ele><time>2025-01-01T13:22:14.000Z</time></trkpt>
      <trkpt lat="52.739468" lon="-1.354556"><ele>139.0</ele><time>2025-01-01T13:22:15.000Z</time></trkpt>
      <trkpt lat="52.739460" lon="-1.354547"><ele>139.0</ele><time>2025-01-01T13:22:16.000Z</time></trkpt>
      <trkpt lat="52.739451" lon="-1.354539"><ele>139.1</ele><time>2025-01-01T13:22:17.000Z</time></trkpt>
      <trkpt lat="52.739438" lon="-1.354531"><ele>139.2</ele><time>2025-01-01T13:22:18.000Z</time></trkpt>
      <trkpt lat="52.739422" lon="-1.354517"><ele>139.3</ele><time>2025-01-01T13:22:19.000Z</time></trkpt>
      <trkpt lat="52.739412" lon="-1.354514"><ele>139.4</ele><time>2025-01-01T13:22:20.000Z</time></trkpt>
      <trkpt lat="52.739396" lon="-1.354504"><ele>139.5</ele><time>2025-01-01T13:22:21.000Z</time></trkpt>
      <trkpt lat="52.739381" lon="-1.354496"><ele>139.6</ele><time>2025-01-01T13:22:22.000Z</time></trkpt>
      <trkpt lat="52.739366" lon="-1.354489"><ele>139.7</ele><time>2025-01-01T13:22:23.000Z</time></trkpt>
      <trkpt lat="52.739340" lon="-1.354473"><ele>139.8</ele><time>2025-01-01T13:22:24.000Z</time></trkpt>
      <trkpt lat="52.739324" lon="-1.354469"><ele>140.0</ele><time>2025-01-01T13:22:25.000Z</time></trkpt>
      <trkpt lat="52.739330" lon="-1.354467"><ele>140.0</ele><time>2025-01-01T13:22:26.000Z</time></trkpt>
      <trkpt lat="52.739324" lon="-1.354467"><ele>140.0</ele><time>2025-01-01T13:22:27.000Z</time></trkpt>
      <trkpt lat="52.739313" lon="-1.354449"><ele>140.1</ele><time>2025-01-01T13:22:28.000Z</time></trkpt>
      <trkpt lat="52.739300" lon="-1.354447"><ele>140.2</ele><time>2025-01-01T13:22:29.000Z</time></trkpt>
      <trkpt lat="52.739282" lon="-1.354427"><ele>140.3</ele><time>2025-01-01T13:22:30.000Z</time></trkpt>
      <trkpt lat="52.739279" lon="-1.354418"><ele>140.3</ele><time>2025-01-01T13:22:31.000Z</time></trkpt>
      <trkpt lat="52.739269" lon="-1.354404"><ele>140.4</ele><time>2025-01-01T13:22:32.000Z</time></trkpt>
      <trkpt lat="52.739253" lon="-1.354399"><ele>140.5</ele><time>2025-01-01T13:22:33.000Z</time></trkpt>
      <trkpt lat="52.739239" lon="-1.354378"><ele>140.6</ele><time>2025-01-01T13:22:34.000Z</time></trkpt>
      <trkpt lat="52.739229" lon="-1.354366"><ele>140.6</ele><time>2025-01-01T13:22:35.000Z</time></trkpt>
      <trkpt lat="52.739220" lon="-1.354355"><ele>140.7</ele><time>2025-01-01T13:22:36.000Z</time></trkpt>
      <trkpt lat="52.739195" lon="-1.354327"><ele>140.9</ele><time>2025-01-01T13:22:37.000Z</time></trkpt>
      <trkpt lat="52.739190" lon="-1.354318"><ele>140.9</ele><time>2025-01-01T13:22:38.000Z</time></trkpt>
      <trkpt lat="52.739185" lon="-1.354309"><ele>140.9</ele><time>2025-01-01T13:22:39.000Z</time></trkpt>
      <trkpt lat="52.739167" lon="-1.354293"><ele>141.1</ele><time>2025-01-01T13:22:40.000Z</time></trkpt>
      <trkpt lat="52.739157" lon="-1.354284"><ele>141.1</ele><time>2025-01-01T13:22:41.000Z</time></trkpt>
      <trkpt lat="52.739148" lon="-1.354275"><ele>141.2</ele><time>2025-01-01T13:22:42.000Z</time></trkpt>
      <trkpt lat="52.739143" lon="-1.354267"><ele>141.2</ele><time>2025-01-01T13:22:43.000Z</time></trkpt>
      <trkpt lat="52.739130" lon="-1.354250"><ele>141.3</ele><time>2025-01-01T13:22:44.000Z</time></trkpt>
      <trkpt lat="52.739119" lon="-1.354243"><ele>141.4</ele><time>2025-01-01T13:22:45.000Z</time></trkpt>
      <trkpt lat="52.739103" lon="-1.354228"><ele>141.5</ele><time>2025-01-01T13:22:46.000Z</time></trkpt>
      <trkpt lat="52.739088" lon="-1.354227"><ele>141.6</ele><time>2025-01-01T13:22:47.000Z</time></trkpt>
      <trkpt lat="52.739079" lon="-1.354213"><ele>141.7</ele><time>2025-01-01T13:22:48.000Z</time></trkpt>
      <trkpt lat="52.739068" lon="-1.354215"><ele>141.8</ele><time>2025-01-01T13:22:49.000Z</time></trkpt>
      <trkpt lat="52.739058" lon="-1.354212"><ele>141.8</ele><time>2025-01-01T13:22:50.000Z</time></trkpt>
      <trkpt lat="52.739041" lon="-1.354187"><ele>142.0</ele><time>2025-01-01T13:22:51.000Z</time></trkpt>
      <trkpt lat="52.739035" lon="-1.354181"><ele>142.0</ele><time>2025-01-01T13:22:52.000Z</time></trkpt>
      <trkpt lat="52.739029" lon="-1.354176"><ele>142.0</ele><time>2025-01-01T13:22:53.000Z</time></trkpt>
      <trkpt lat="52.739006" lon="-1.354158"><ele>142.2</ele><time>2025-01-01T13:22:54.000Z</time></trkpt>
      <trkpt lat="52.739000" lon="-1.354153"><ele>142.3</ele><time>2025-01-01T13:22:55.000Z</time></trkpt>
      <trkpt lat="52.738995" lon="-1.354147"><ele>142.3</ele><time>2025-01-01T13:22:56.000Z</time></trkpt>
      <trkpt lat="52.738987" lon="-1.354137"><ele>142.4</ele><time>2025-01-01T13:22:57.000Z</time></trkpt>
      <trkpt lat="52.738975" lon="-1.354137"><ele>142.5</ele><time>2025-01-01T13:22:58.000Z</time></trkpt>
      <trkpt lat="52.738970" lon="-1.354128"><ele>142.5</ele><time>2025-01-01T13:22:59.000Z</time></trkpt>
      <trkpt lat="52.738953" lon="-1.354070"><ele>142.8</ele><time>2025-01-01T13:23:00.000Z</time></trkpt>
      <trkpt lat="52.738938" lon="-1.354040"><ele>143.0</ele><time>2025-01-01T13:23:01.000Z</time></trkpt>
      <trkpt lat="52.738927" lon="-1.354034"><ele>143.0</ele><time>2025-01-01T13:23:02.000Z</time></trkpt>
      <trkpt lat="52.738917" lon="-1.354021"><ele>143.1</ele><time>2025-01-01T13:23:03.000Z</time></trkpt>
      <trkpt lat="52.738904" lon="-1.354000"><ele>143.3</ele><time>2025-01-01T13:23:04.000Z</time></trkpt>
      <trkpt lat="52.738893" lon="-1.353983"><ele>143.4</ele><time>2025-01-01T13:23:05.000Z</time></trkpt>
      <trkpt lat="52.738884" lon="-1.353969"><ele>143.5</ele><time>2025-01-01T13:23:06.000Z</time></trkpt>
      <trkpt lat="52.738874" lon="-1.353956"><ele>143.6</ele><time>2025-01-01T13:23:07.000Z</time></trkpt>
      <trkpt lat="52.738870" lon="-1.353950"><ele>143.6</ele><time>2025-01-01T13:23:08.000Z</time></trkpt>
      <trkpt lat="52.738862" lon="-1.353932"><ele>143.7</ele><time>2025-01-01T13:23:09.000Z</time></trkpt>
      <trkpt lat="52.738856" lon="-1.353918"><ele>143.8</ele><time>2025-01-01T13:23:10.000Z</time></trkpt>
      <trkpt lat="52.738840" lon="-1.353916"><ele>143.9</ele><time>2025-01-01T13:23:11.000Z</time></trkpt>
      <trkpt lat="52.738824" lon="-1.353914"><ele>144.0</ele><time>2025-01-01T13:23:12.000Z</time></trkpt>
      <trkpt lat="52.738812" lon="-1.353902"><ele>144.1</ele><time>2025-01-01T13:23:13.000Z</time></trkpt>
      <trkpt lat="52.738804" lon="-1.353880"><ele>144.2</ele><time>2025-01-01T13:23:14.000Z</time></trkpt>
      <trkpt lat="52.738793" lon="-1.353856"><ele>144.4</ele><time>2025-01-01T13:23:15.000Z</time></trkpt>
      <trkpt lat="52.738791" lon="-1.353839"><ele>144.4</ele><time>2025-01-01T13:23:16.000Z</time></trkpt>
      <trkpt lat="52.738773" lon="-1.353813"><ele>144.6</ele><time>2025-01-01T13:23:17.000Z</time></trkpt>
      <trkpt lat="52.738770" lon="-1.353803"><ele>144.7</ele><time>2025-01-01T13:23:18.000Z</time></trkpt>
      <trkpt lat="52.738766" lon="-1.353793"><ele>144.7</ele><time>2025-01-01T13:23:19.000Z</time></trkpt>
      <trkpt lat="52.738762" lon="-1.353780"><ele>144.8</ele><time>2025-01-01T13:23:20.000Z</time></trkpt>
      <trkpt lat="52.738749" lon="-1.353761"><ele>144.9</ele><time>2025-01-01T13:23:21.000Z</time></trkpt>
      <trkpt lat="52.738744" lon="-1.353748"><ele>145.0</ele><time>2025-01-01T13:23:22.000Z</time></trkpt>
      <trkpt lat="52.738727" lon="-1.353722"><ele>145.2</ele><time>2025-01-01T13:23:23.000Z</time></trkpt>
      <trkpt lat="52.738716" lon="-1.353704"><ele>145.3</ele><time>2025-01-01T13:23:24.000Z</time></trkpt>
      <trkpt lat="52.738704" lon="-1.353686"><ele>145.4</ele><time>2025-01-01T13:23:25.000Z</time></trkpt>
      <trkpt lat="52.738699" lon="-1.353649"><ele>145.6</ele><time>2025-01-01T13:23:26.000Z</time></trkpt>
      <trkpt lat="52.738693" lon="-1.353637"><ele>145.6</ele><time>2025-01-01T13:23:27.000Z</time></trkpt>
      <trkpt lat="52.738686" lon="-1.353626"><ele>145.7</ele><time>2025-01-01T13:23:28.000Z</time></trkpt>
      <trkpt lat="52.738675" lon="-1.353622"><ele>145.8</ele><time>2025-01-01T13:23:29.000Z</time></trkpt>
      <trkpt lat="52.738662" lon="-1.353610"><ele>145.9</ele><time>2025-01-01T13:23:30.000Z</time></trkpt>
      <trkpt lat="52.738653" lon="-1.353601"><ele>146.0</ele><time>2025-01-01T13:23:31.000Z</time></trkpt>
      <trkpt lat="52.738638" lon="-1.353588"><ele>146.1</ele><time>2025-01-01T13:23:32.000Z</time></trkpt>
      <trkpt lat="52.738633" lon="-1.353582"><ele>146.1</ele><time>2025-01-01T13:23:33.000Z</time></trkpt>
      <trkpt lat="52.738624" lon="-1.353566"><ele>146.2</ele><time>2025-01-01T13:23:34.000Z</time></trkpt>
      <trkpt lat="52.738621" lon="-1.353554"><ele>146.3</ele><time>2025-01-01T13:23:35.000Z</time></trkpt>
      <trkpt lat="52.738611" lon="-1.353536"><ele>146.4</ele><time>2025-01-01T13:23:36.000Z</time></trkpt>
      <trkpt lat="52.738599" lon="-1.353523"><ele>146.5</ele><time>2025-01-01T13:23:37.000Z</time></trkpt>
      <trkpt lat="52.738582" lon="-1.353507"><ele>146.6</ele><time>2025-01-01T13:23:38.000Z</time></trkpt>
      <trkpt lat="52.738581" lon="-1.353515"><ele>146.7</ele><time>2025-01-01T13:23:39.000Z</time></trkpt>
      <trkpt lat="52.738566" lon="-1.353499"><ele>146.8</ele><time>2025-01-01T13:23:40.000Z</time></trkpt>
      <trkpt lat="52.738547" lon="-1.353489"><ele>146.9</ele><time>2025-01-01T13:23:41.000Z</time></trkpt>
      <trkpt lat="52.738544" lon="-1.353489"><ele>146.9</ele><time>2025-01-01T13:23:43.000Z</time></trkpt>
      <trkpt lat="52.738532" lon="-1.353486"><ele>147.0</ele><time>2025-01-01T13:23:44.000Z</time></trkpt>
      <trkpt lat="52.738512" lon="-1.353463"><ele>147.2</ele><time>2025-01-01T13:23:45.000Z</time></trkpt>
      <trkpt lat="52.738501" lon="-1.353454"><ele>147.2</ele><time>2025-01-01T13:23:46.000Z</time></trkpt>
      <trkpt lat="52.738491" lon="-1.353445"><ele>147.3</ele><time>2025-01-01T13:23:47.000Z</time></trkpt>
      <trkpt lat="52.738473" lon="-1.353424"><ele>147.4</ele><time>2025-01-01T13:23:48.000Z</time></trkpt>
      <trkpt lat="52.738466" lon="-1.353414"><ele>147.5</ele><time>2025-01-01T13:23:49.000Z</time></trkpt>
      <trkpt lat="52.738459" lon="-1.353405"><ele>147.5</ele><time>2025-01-01T13:23:50.000Z</time></trkpt>
      <trkpt lat="52.738439" lon="-1.353390"><ele>147.7</ele><time>2025-01-01T13:23:51.000Z</time></trkpt>
      <trkpt lat="52.738433" lon="-1.353377"><ele>147.7</ele><time>2025-01-01T13:23:52.000Z</time></trkpt>
      <trkpt lat="52.738415" lon="-1.353364"><ele>147.8</ele><time>2025-01-01T13:23:53.000Z</time></trkpt>
      <trkpt lat="52.738408" lon="-1.353356"><ele>147.8</ele><time>2025-01-01T13:23:54.000Z</time></trkpt>
      <trkpt lat="52.738400" lon="-1.353348"><ele>147.9</ele><time>2025-01-01T13:23:55.000Z</time></trkpt>
      <trkpt lat="52.738381" lon="-1.353336"><ele>148.0</ele><time>2025-01-01T13:23:56.000Z</time></trkpt>
      <trkpt lat="52.738371" lon="-1.353330"><ele>148.0</ele><time>2025-01-01T13:23:57.000Z</time></trkpt>
      <trkpt lat="52.738359" lon="-1.353314"><ele>148.1</ele><time>2025-01-01T13:23:58.000Z</time></trkpt>
      <trkpt lat="52.738345" lon="-1.353310"><ele>148.2</ele><time>2025-01-01T13:23:59.000Z</time></trkpt>
      <trkpt lat="52.738330" lon="-1.353300"><ele>148.3</ele><time>2025-01-01T13:24:00.000Z</time></trkpt>
      <trkpt lat="52.738320" lon="-1.353296"><ele>148.3</ele><time>2025-01-01T13:24:01.000Z</time></trkpt>
      <trkpt lat="52.738309" lon="-1.353292"><ele>148.4</ele><time>2025-01-01T13:24:02.000Z</time></trkpt>
      <trkpt lat="52.738281" lon="-1.353284"><ele>148.5</ele><time>2025-01-01T13:24:03.000Z</time></trkpt>
      <trkpt lat="52.738270" lon="-1.353282"><ele>148.5</ele><time>2025-01-01T13:24:04.000Z</time></trkpt>
      <trkpt lat="52.738252" lon="-1.353289"><ele>148.6</ele><time>2025-01-01T13:24:05.000Z</time></trkpt>
      <trkpt lat="52.738237" lon="-1.353301"><ele>148.7</ele><time>2025-01-01T13:24:06.000Z</time></trkpt>
      <trkpt lat="52.738215" lon="-1.353316"><ele>148.7</ele><time>2025-01-01T13:24:07.000Z</time></trkpt>
      <trkpt lat="52.738206" lon="-1.353317"><ele>148.8</ele><time>2025-01-01T13:24:08.000Z</time></trkpt>
      <trkpt lat="52.738198" lon="-1.353319"><ele>148.8</ele><time>2025-01-01T13:24:09.000Z</time></trkpt>
      <trkpt lat="52.738183" lon="-1.353326"><ele>148.9</ele><time>2025-01-01T13:24:10.000Z</time></trkpt>
      <trkpt lat="52.738171" lon="-1.353333"><ele>148.9</ele><time>2025-01-01T13:24:11.000Z</time></trkpt>
      <trkpt lat="52.738150" lon="-1.353335"><ele>149.0</ele><time>2025-01-01T13:24:12.000Z</time></trkpt>
      <trkpt lat="52.738141" lon="-1.353337"><ele>149.0</ele><time>2025-01-01T13:24:13.000Z</time></trkpt>
      <trkpt lat="52.738131" lon="-1.353340"><ele>149.1</ele><time>2025-01-01T13:24:14.000Z</time></trkpt>
      <trkpt lat="52.738103" lon="-1.353356"><ele>149.2</ele><time>2025-01-01T13:24:15.000Z</time></trkpt>
      <trkpt lat="52.738090" lon="-1.353367"><ele>149.2</ele><time>2025-01-01T13:24:16.000Z</time></trkpt>
      <trkpt lat="52.738076" lon="-1.353384"><ele>149.2</ele><time>2025-01-01T13:24:17.000Z</time></trkpt>
      <trkpt lat="52.738066" lon="-1.353386"><ele>149.3</ele><time>2025-01-01T13:24:18.000Z</time></trkpt>
      <trkpt lat="52.738055" lon="-1.353389"><ele>149.3</ele><time>2025-01-01T13:24:19.000Z</time></trkpt>
      <trkpt lat="52.738040" lon="-1.353397"><ele>149.3</ele><time>2025-01-01T13:24:20.000Z</time></trkpt>
      <trkpt lat="52.738027" lon="-1.353391"><ele>149.4</ele><time>2025-01-01T13:24:21.000Z</time></trkpt>
      <trkpt lat="52.738016" lon="-1.353403"><ele>149.4</ele><time>2025-01-01T13:24:22.000Z</time></trkpt>
      <trkpt lat="52.737999" lon="-1.353407"><ele>149.5</ele><time>2025-01-01T13:24:23.000Z</time></trkpt>
      <trkpt lat="52.737986" lon="-1.353413"><ele>149.5</ele><time>2025-01-01T13:24:24.000Z</time></trkpt>
      <trkpt lat="52.737967" lon="-1.353420"><ele>149.6</ele><time>2025-01-01T13:24:25.000Z</time></trkpt>
      <trkpt lat="52.737964" lon="-1.353424"><ele>149.6</ele><time>2025-01-01T13:24:26.000Z</time></trkpt>
      <trkpt lat="52.737952" lon="-1.353432"><ele>149.6</ele><time>2025-01-01T13:24:27.000Z</time></trkpt>
      <trkpt lat="52.737940" lon="-1.353432"><ele>149.6</ele><time>2025-01-01T13:24:28.000Z</time></trkpt>
      <trkpt lat="52.737917" lon="-1.353447"><ele>149.7</ele><time>2025-01-01T13:24:29.000Z</time></trkpt>
      <trkpt lat="52.737909" lon="-1.353450"><ele>149.7</ele><time>2025-01-01T13:24:30.000Z</time></trkpt>
      <trkpt lat="52.737901" lon="-1.353452"><ele>149.7</ele><time>2025-01-01T13:24:31.000Z</time></trkpt>
      <trkpt lat="52.737882" lon="-1.353459"><ele>149.8</ele><time>2025-01-01T13:24:32.000Z</time></trkpt>
      <trkpt lat="52.737870" lon="-1.353462"><ele>149.8</ele><time>2025-01-01T13:24:33.000Z</time></trkpt>
      <trkpt lat="52.737859" lon="-1.353466"><ele>149.9</ele><time>2025-01-01T13:24:34.000Z</time></trkpt>
      <trkpt lat="52.737840" lon="-1.353467"><ele>149.9</ele><time>2025-01-01T13:24:35.000Z</time></trkpt>
      <trkpt lat="52.737830" lon="-1.353469"><ele>149.9</ele><time>2025-01-01T13:24:36.000Z</time></trkpt>
      <trkpt lat="52.737821" lon="-1.353470"><ele>150.0</ele><time>2025-01-01T13:24:37.000Z</time></trkpt>
      <trkpt lat="52.737812" lon="-1.353482"><ele>150.0</ele><time>2025-01-01T13:24:38.000Z</time></trkpt>
      <trkpt lat="52.737793" lon="-1.353498"><ele>150.0</ele><time>2025-01-01T13:24:39.000Z</time></trkpt>
      <trkpt lat="52.737785" lon="-1.353507"><ele>150.1</ele><time>2025-01-01T13:24:40.000Z</time></trkpt>
      <trkpt lat="52.737774" lon="-1.353519"><ele>150.1</ele><time>2025-01-01T13:24:41.000Z</time></trkpt>
      <trkpt lat="52.737765" lon="-1.353532"><ele>150.1</ele><time>2025-01-01T13:24:42.000Z</time></trkpt>
      <trkpt lat="52.737753" lon="-1.353534"><ele>150.2</ele><time>2025-01-01T13:24:43.000Z</time></trkpt>
      <trkpt lat="52.737746" lon="-1.353535"><ele>150.2</ele><time>2025-01-01T13:24:44.000Z</time></trkpt>
      <trkpt lat="52.737731" lon="-1.353535"><ele>150.2</ele><time>2025-01-01T13:24:45.000Z</time></trkpt>
      <trkpt lat="52.737695" lon="-1.353522"><ele>150.3</ele><time>2025-01-01T13:24:46.000Z</time></trkpt>
      <trkpt lat="52.737685" lon="-1.353502"><ele>150.4</ele><time>2025-01-01T13:24:47.000Z</time></trkpt>
      <trkpt lat="52.737664" lon="-1.353507"><ele>150.4</ele><time>2025-01-01T13:24:48.000Z</time></trkpt>
      <trkpt lat="52.737651" lon="-1.353505"><ele>150.5</ele><time>2025-01-01T13:24:49.000Z</time></trkpt>
      <trkpt lat="52.737640" lon="-1.353507"><ele>150.5</ele><time>2025-01-01T13:24:50.000Z</time></trkpt>
      <trkpt lat="52.737635" lon="-1.353507"><ele>150.5</ele><time>2025-01-01T13:24:51.000Z</time></trkpt>
      <trkpt lat="52.737619" lon="-1.353524"><ele>150.6</ele><time>2025-01-01T13:24:52.000Z</time></trkpt>
      <trkpt lat="52.737609" lon="-1.353534"><ele>150.6</ele><time>2025-01-01T13:24:53.000Z</time></trkpt>
      <trkpt lat="52.737596" lon="-1.353548"><ele>150.6</ele><time>2025-01-01T13:24:54.000Z</time></trkpt>
      <trkpt lat="52.737575" lon="-1.353563"><ele>150.7</ele><time>2025-01-01T13:24:55.000Z</time></trkpt>
      <trkpt lat="52.737567" lon="-1.353565"><ele>150.7</ele><time>2025-01-01T13:24:56.000Z</time></trkpt>
      <trkpt lat="52.737560" lon="-1.353567"><ele>150.8</ele><time>2025-01-01T13:24:57.000Z</time></trkpt>
      <trkpt lat="52.737549" lon="-1.353573"><ele>150.8</ele><time>2025-01-01T13:24:58.000Z</time></trkpt>
      <trkpt lat="52.737542" lon="-1.353585"><ele>150.8</ele><time>2025-01-01T13:24:59.000Z</time></trkpt>
      <trkpt lat="52.737530" lon="-1.353594"><ele>150.9</ele><time>2025-01-01T13:25:00.000Z</time></trkpt>
      <trkpt lat="52.737525" lon="-1.353603"><ele>150.9</ele><time>2025-01-01T13:25:01.000Z</time></trkpt>
      <trkpt lat="52.737508" lon="-1.353619"><ele>151.0</ele><time>2025-01-01T13:25:02.000Z</time></trkpt>
      <trkpt lat="52.737484" lon="-1.353642"><ele>151.1</ele><time>2025-01-01T13:25:03.000Z</time></trkpt>
      <trkpt lat="52.737479" lon="-1.353646"><ele>151.1</ele><time>2025-01-01T13:25:04.000Z</time></trkpt>
      <trkpt lat="52.737473" lon="-1.353649"><ele>151.1</ele><time>2025-01-01T13:25:05.000Z</time></trkpt>
      <trkpt lat="52.737457" lon="-1.353661"><ele>151.2</ele><time>2025-01-01T13:25:06.000Z</time></trkpt>
      <trkpt lat="52.737442" lon="-1.353665"><ele>151.2</ele><time>2025-01-01T13:25:07.000Z</time></trkpt>
      <trkpt lat="52.737422" lon="-1.353685"><ele>151.3</ele><time>2025-01-01T13:25:08.000Z</time></trkpt>
      <trkpt lat="52.737415" lon="-1.353693"><ele>151.3</ele><time>2025-01-01T13:25:09.000Z</time></trkpt>
      <trkpt lat="52.737407" lon="-1.353701"><ele>151.3</ele><time>2025-01-01T13:25:10.000Z</time></trkpt>
      <trkpt lat="52.737389" lon="-1.353711"><ele>151.4</ele><time>2025-01-01T13:25:11.000Z</time></trkpt>
      <trkpt lat="52.737379" lon="-1.353718"><ele>151.4</ele><time>2025-01-01T13:25:12.000Z</time></trkpt>
      <trkpt lat="52.737369" lon="-1.353724"><ele>151.4</ele><time>2025-01-01T13:25:13.000Z</time></trkpt>
      <trkpt lat="52.737362" lon="-1.353740"><ele>151.5</ele><time>2025-01-01T13:25:14.000Z</time></trkpt>
      <trkpt lat="52.737347" lon="-1.353754"><ele>151.5</ele><time>2025-01-01T13:25:15.000Z</time></trkpt>
      <trkpt lat="52.737327" lon="-1.353767"><ele>151.6</ele><time>2025-01-01T13:25:16.000Z</time></trkpt>
      <trkpt lat="52.737318" lon="-1.353772"><ele>151.6</ele><time>2025-01-01T13:25:17.000Z</time></trkpt>
      <trkpt lat="52.737310" lon="-1.353778"><ele>151.6</ele><time>2025-01-01T13:25:18.000Z</time></trkpt>
      <trkpt lat="52.737305" lon="-1.353793"><ele>151.7</ele><time>2025-01-01T13:25:19.000Z</time></trkpt>
      <trkpt lat="52.737296" lon="-1.353794"><ele>151.7</ele><time>2025-01-01T13:25:20.000Z</time></trkpt>
      <trkpt lat="52.737286" lon="-1.353810"><ele>151.7</ele><time>2025-01-01T13:25:21.000Z</time></trkpt>
      <trkpt lat="52.737259" lon="-1.353837"><ele>151.8</ele><time>2025-01-01T13:25:22.000Z</time></trkpt>
      <trkpt lat="52.737253" lon="-1.353837"><ele>151.8</ele><time>2025-01-01T13:25:23.000Z</time></trkpt>
      <trkpt lat="52.737231" lon="-1.353838"><ele>151.9</ele><time>2025-01-01T13:25:24.000Z</time></trkpt>
      <trkpt lat="52.737224" lon="-1.353835"><ele>151.9</ele><time>2025-01-01T13:25:25.000Z</time></trkpt>
      <trkpt lat="52.737206" lon="-1.353847"><ele>152.0</ele><time>2025-01-01T13:25:26.000Z</time></trkpt>
      <trkpt lat="52.737197" lon="-1.353855"><ele>152.0</ele><time>2025-01-01T13:25:27.000Z</time></trkpt>
      <trkpt lat="52.737187" lon="-1.353862"><ele>152.0</ele><time>2025-01-01T13:25:28.000Z</time></trkpt>
      <trkpt lat="52.737184" lon="-1.353889"><ele>152.1</ele><time>2025-01-01T13:25:29.000Z</time></trkpt>
      <trkpt lat="52.737179" lon="-1.353901"><ele>152.1</ele><time>2025-01-01T13:25:30.000Z</time></trkpt>
      <trkpt lat="52.737169" lon="-1.353911"><ele>152.1</ele><time>2025-01-01T13:25:31.000Z</time></trkpt>
      <trkpt lat="52.737159" lon="-1.353915"><ele>152.2</ele><time>2025-01-01T13:25:32.000Z</time></trkpt>
      <trkpt lat="52.737152" lon="-1.353914"><ele>152.2</ele><time>2025-01-01T13:25:33.000Z</time></trkpt>
      <trkpt lat="52.737144" lon="-1.353928"><ele>152.2</ele><time>2025-01-01T13:25:34.000Z</time></trkpt>
      <trkpt lat="52.737131" lon="-1.353944"><ele>152.3</ele><time>2025-01-01T13:25:35.000Z</time></trkpt>
      <trkpt lat="52.737120" lon="-1.353949"><ele>152.3</ele><time>2025-01-01T13:25:36.000Z</time></trkpt>
      <trkpt lat="52.737112" lon="-1.353967"><ele>152.4</ele><time>2025-01-01T13:25:37.000Z</time></trkpt>
      <trkpt lat="52.737108" lon="-1.353977"><ele>152.4</ele><time>2025-01-01T13:25:38.000Z</time></trkpt>
      <trkpt lat="52.737103" lon="-1.353986"><ele>152.4</ele><time>2025-01-01T13:25:39.000Z</time></trkpt>
      <trkpt lat="52.737098" lon="-1.353996"><ele>152.4</ele><time>2025-01-01T13:25:40.000Z</time></trkpt>
      <trkpt lat="52.737081" lon="-1.354002"><ele>152.5</ele><time>2025-01-01T13:25:41.000Z</time></trkpt>
      <trkpt lat="52.737070" lon="-1.354004"><ele>152.5</ele><time>2025-01-01T13:25:42.000Z</time></trkpt>
      <trkpt lat="52.737060" lon="-1.354006"><ele>152.6</ele><time>2025-01-01T13:25:43.000Z</time></trkpt>
      <trkpt lat="52.737055" lon="-1.354022"><ele>152.6</ele><time>2025-01-01T13:25:44.000Z</time></trkpt>
      <trkpt lat="52.737041" lon="-1.354046"><ele>152.7</ele><time>2025-01-01T13:25:45.000Z</time></trkpt>
      <trkpt lat="52.737013" lon="-1.354056"><ele>152.8</ele><time>2025-01-01T13:25:46.000Z</time></trkpt>
      <trkpt lat="52.737005" lon="-1.354065"><ele>152.8</ele><time>2025-01-01T13:25:47.000Z</time></trkpt>
      <trkpt lat="52.736997" lon="-1.354067"><ele>152.8</ele><time>2025-01-01T13:25:49.000Z</time></trkpt>
      <trkpt lat="52.736985" lon="-1.354069"><ele>152.9</ele><time>2025-01-01T13:25:50.000Z</time></trkpt>
      <trkpt lat="52.736973" lon="-1.354082"><ele>152.9</ele><time>2025-01-01T13:25:51.000Z</time></trkpt>
      <trkpt lat="52.736962" lon="-1.354092"><ele>153.0</ele><time>2025-01-01T13:25:52.000Z</time></trkpt>
      <trkpt lat="52.736951" lon="-1.354102"><ele>153.0</ele><time>2025-01-01T13:25:53.000Z</time></trkpt>
      <trkpt lat="52.736938" lon="-1.354109"><ele>153.0</ele><time>2025-01-01T13:25:54.000Z</time></trkpt>
      <trkpt lat="52.736930" lon="-1.354117"><ele>153.1</ele><time>2025-01-01T13:25:55.000Z</time></trkpt>
      <trkpt lat="52.736922" lon="-1.354124"><ele>153.1</ele><time>2025-01-01T13:25:56.000Z</time></trkpt>
      <trkpt lat="52.736914" lon="-1.354131"><ele>153.1</ele><time>2025-01-01T13:25:57.000Z</time></trkpt>
      <trkpt lat="52.736912" lon="-1.354155"><ele>153.2</ele><time>2025-01-01T13:25:58.000Z</time></trkpt>
      <trkpt lat="52.736896" lon="-1.354182"><ele>153.2</ele><time>2025-01-01T13:25:59.000Z</time></trkpt>
      <trkpt lat="52.736877" lon="-1.354189"><ele>153.3</ele><time>2025-01-01T13:26:00.000Z</time></trkpt>
      <trkpt lat="52.736864" lon="-1.354194"><ele>153.4</ele><time>2025-01-01T13:26:01.000Z</time></trkpt>
      <trkpt lat="52.736843" lon="-1.354220"><ele>153.4</ele><time>2025-01-01T13:26:02.000Z</time></trkpt>
      <trkpt lat="52.736834" lon="-1.354231"><ele>153.5</ele><time>2025-01-01T13:26:03.000Z</time></trkpt>
      <trkpt lat="52.736802" lon="-1.354232"><ele>153.6</ele><time>2025-01-01T13:26:04.000Z</time></trkpt>
      <trkpt lat="52.736797" lon="-1.354250"><ele>153.6</ele><time>2025-01-01T13:26:05.000Z</time></trkpt>
      <trkpt lat="52.736789" lon="-1.354255"><ele>153.6</ele><time>2025-01-01T13:26:06.000Z</time></trkpt>
      <trkpt lat="52.736779" lon="-1.354258"><ele>153.6</ele><time>2025-01-01T13:26:07.000Z</time></trkpt>
      <trkpt lat="52.736769" lon="-1.354256"><ele>153.7</ele><time>2025-01-01T13:26:08.000Z</time></trkpt>
      <trkpt lat="52.736748" lon="-1.354242"><ele>153.7</ele><time>2025-01-01T13:26:09.000Z</time></trkpt>
      <trkpt lat="52.736735" lon="-1.354241"><ele>153.8</ele><time>2025-01-01T13:26:10.000Z</time></trkpt>
      <trkpt lat="52.736725" lon="-1.354251"><ele>153.8</ele><time>2025-01-01T13:26:11.000Z</time></trkpt>
      <trkpt lat="52.736717" lon="-1.354257"><ele>153.8</ele><time>2025-01-01T13:26:12.000Z</time></trkpt>
      <trkpt lat="52.736688" lon="-1.354257"><ele>153.9</ele><time>2025-01-01T13:26:13.000Z</time></trkpt>
      <trkpt lat="52.736667" lon="-1.354248"><ele>153.9</ele><time>2025-01-01T13:26:14.000Z</time></trkpt>
      <trkpt lat="52.736654" lon="-1.354253"><ele>154.0</ele><time>2025-01-01T13:26:15.000Z</time></trkpt>
      <trkpt lat="52.736640" lon="-1.354257"><ele>154.0</ele><time>2025-01-01T13:26:16.000Z</time></trkpt>
      <trkpt lat="52.736625" lon="-1.354237"><ele>154.1</ele><time>2025-01-01T13:26:17.000Z</time></trkpt>
      <trkpt lat="52.736612" lon="-1.354223"><ele>154.1</ele><time>2025-01-01T13:26:18.000Z</time></trkpt>
      <trkpt lat="52.736592" lon="-1.354214"><ele>154.2</ele><time>2025-01-01T13:26:19.000Z</time></trkpt>
      <trkpt lat="52.736587" lon="-1.354193"><ele>154.2</ele><time>2025-01-01T13:26:20.000Z</time></trkpt>
      <trkpt lat="52.736562" lon="-1.354189"><ele>154.3</ele><time>2025-01-01T13:26:21.000Z</time></trkpt>
      <trkpt lat="52.736553" lon="-1.354186"><ele>154.3</ele><time>2025-01-01T13:26:22.000Z</time></trkpt>
      <trkpt lat="52.736543" lon="-1.354183"><ele>154.3</ele><time>2025-01-01T13:26:23.000Z</time></trkpt>
      <trkpt lat="52.736525" lon="-1.354188"><ele>154.4</ele><time>2025-01-01T13:26:24.000Z</time></trkpt>
      <trkpt lat="52.736513" lon="-1.354181"><ele>154.4</ele><time>2025-01-01T13:26:25.000Z</time></trkpt>
      <trkpt lat="52.736506" lon="-1.354185"><ele>154.5</ele><time>2025-01-01T13:26:26.000Z</time></trkpt>
      <trkpt lat="52.736485" lon="-1.354178"><ele>154.5</ele><time>2025-01-01T13:26:27.000Z</time></trkpt>
      <trkpt lat="52.736460" lon="-1.354158"><ele>154.6</ele><time>2025-01-01T13:26:28.000Z</time></trkpt>
      <trkpt lat="52.736465" lon="-1.354158"><ele>154.6</ele><time>2025-01-01T13:26:29.000Z</time></trkpt>
      <trkpt lat="52.736452" lon="-1.354152"><ele>154.7</ele><time>2025-01-01T13:26:30.000Z</time></trkpt>
      <trkpt lat="52.736437" lon="-1.354140"><ele>154.7</ele><time>2025-01-01T13:26:31.000Z</time></trkpt>
      <trkpt lat="52.736427" lon="-1.354135"><ele>154.8</ele><time>2025-01-01T13:26:32.000Z</time></trkpt>
      <trkpt lat="52.736414" lon="-1.354127"><ele>154.8</ele><time>2025-01-01T13:26:33.000Z</time></trkpt>
      <trkpt lat="52.736394" lon="-1.354111"><ele>154.9</ele><time>2025-01-01T13:26:34.000Z</time></trkpt>
      <trkpt lat="52.736385" lon="-1.354088"><ele>154.9</ele><time>2025-01-01T13:26:35.000Z</time></trkpt>
      <trkpt lat="52.736374" lon="-1.354075"><ele>155.0</ele><time>2025-01-01T13:26:36.000Z</time></trkpt>
      <trkpt lat="52.736350" lon="-1.354054"><ele>155.1</ele><time>2025-01-01T13:26:37.000Z</time></trkpt>
      <trkpt lat="52.736341" lon="-1.354045"><ele>155.1</ele><time>2025-01-01T13:26:38.000Z</time></trkpt>
      <trkpt lat="52.736328" lon="-1.354039"><ele>155.2</ele><time>2025-01-01T13:26:39.000Z</time></trkpt>
      <trkpt lat="52.736315" lon="-1.354044"><ele>155.2</ele><time>2025-01-01T13:26:40.000Z</time></trkpt>
      <trkpt lat="52.736301" lon="-1.354050"><ele>155.2</ele><time>2025-01-01T13:26:41.000Z</time></trkpt>
      <trkpt lat="52.736296" lon="-1.354025"><ele>155.3</ele><time>2025-01-01T13:26:42.000Z</time></trkpt>
      <trkpt lat="52.736288" lon="-1.354017"><ele>155.3</ele><time>2025-01-01T13:26:43.000Z</time></trkpt>
      <trkpt lat="52.736281" lon="-1.354008"><ele>155.4</ele><time>2025-01-01T13:26:44.000Z</time></trkpt>
      <trkpt lat="52.736273" lon="-1.354000"><ele>155.4</ele><time>2025-01-01T13:26:45.000Z</time></trkpt>
      <trkpt lat="52.736266" lon="-1.353985"><ele>155.4</ele><time>2025-01-01T13:26:46.000Z</time></trkpt>
      <trkpt lat="52.736251" lon="-1.353973"><ele>155.5</ele><time>2025-01-01T13:26:47.000Z</time></trkpt>
      <trkpt lat="52.736235" lon="-1.353951"><ele>155.6</ele><time>2025-01-01T13:26:48.000Z</time></trkpt>
      <trkpt lat="52.736228" lon="-1.353940"><ele>155.6</ele><time>2025-01-01T13:26:49.000Z</time></trkpt>
      <trkpt lat="52.736221" lon="-1.353929"><ele>155.6</ele><time>2025-01-01T13:26:50.000Z</time></trkpt>
      <trkpt lat="52.736208" lon="-1.353907"><ele>155.7</ele><time>2025-01-01T13:26:51.000Z</time></trkpt>
      <trkpt lat="52.736199" lon="-1.353892"><ele>155.7</ele><time>2025-01-01T13:26:52.000Z</time></trkpt>
      <trkpt lat="52.736191" lon="-1.353887"><ele>155.8</ele><time>2025-01-01T13:26:53.000Z</time></trkpt>
      <trkpt lat="52.736191" lon="-1.353867"><ele>155.8</ele><time>2025-01-01T13:26:54.000Z</time></trkpt>
      <trkpt lat="52.736183" lon="-1.353851"><ele>155.8</ele><time>2025-01-01T13:26:55.000Z</time></trkpt>
      <trkpt lat="52.736169" lon="-1.353823"><ele>155.9</ele><time>2025-01-01T13:26:56.000Z</time></trkpt>
      <trkpt lat="52.736166" lon="-1.353809"><ele>155.9</ele><time>2025-01-01T13:26:57.000Z</time></trkpt>
      <trkpt lat="52.736162" lon="-1.353796"><ele>156.0</ele><time>2025-01-01T13:26:58.000Z</time></trkpt>
      <trkpt lat="52.736134" lon="-1.353778"><ele>156.1</ele><time>2025-01-01T13:26:59.000Z</time></trkpt>
      <trkpt lat="52.736128" lon="-1.353769"><ele>156.1</ele><time>2025-01-01T13:27:00.000Z</time></trkpt>
      <trkpt lat="52.736132" lon="-1.353745"><ele>156.1</ele><time>2025-01-01T13:27:01.000Z</time></trkpt>
      <trkpt lat="52.736124" lon="-1.353729"><ele>156.2</ele><time>2025-01-01T13:27:02.000Z</time></trkpt>
      <trkpt lat="52.736114" lon="-1.353727"><ele>156.2</ele><time>2025-01-01T13:27:03.000Z</time></trkpt>
      <trkpt lat="52.736094" lon="-1.353724"><ele>156.3</ele><time>2025-01-01T13:27:04.000Z</time></trkpt>
      <trkpt lat="52.736083" lon="-1.353724"><ele>156.3</ele><time>2025-01-01T13:27:05.000Z</time></trkpt>
      <trkpt lat="52.736071" lon="-1.353724"><ele>156.4</ele><time>2025-01-01T13:27:06.000Z</time></trkpt>
      <trkpt lat="52.736055" lon="-1.353726"><ele>156.4</ele><time>2025-01-01T13:27:07.000Z</time></trkpt>
      <trkpt lat="52.736049" lon="-1.353733"><ele>156.4</ele><time>2025-01-01T13:27:08.000Z</time></trkpt>
      <trkpt lat="52.736041" lon="-1.353731"><ele>156.5</ele><time>2025-01-01T13:27:09.000Z</time></trkpt>
      <trkpt lat="52.736054" lon="-1.353749"><ele>156.5</ele><time>2025-01-01T13:27:10.000Z</time></trkpt>
      <trkpt lat="52.736033" lon="-1.353751"><ele>156.6</ele><time>2025-01-01T13:27:11.000Z</time></trkpt>
      <trkpt lat="52.736030" lon="-1.353746"><ele>156.6</ele><time>2025-01-01T13:27:12.000Z</time></trkpt>
      <trkpt lat="52.736027" lon="-1.353760"><ele>156.6</ele><time>2025-01-01T13:27:13.000Z</time></trkpt>
      <trkpt lat="52.736024" lon="-1.353756"><ele>156.6</ele><time>2025-01-01T13:27:14.000Z</time></trkpt>
      <trkpt lat="52.736008" lon="-1.353745"><ele>156.7</ele><time>2025-01-01T13:27:15.000Z</time></trkpt>
      <trkpt lat="52.735987" lon="-1.353728"><ele>156.8</ele><time>2025-01-01T13:27:16.000Z</time></trkpt>
      <trkpt lat="52.735987" lon="-1.353722"><ele>156.8</ele><time>2025-01-01T13:27:17.000Z</time></trkpt>
      <trkpt lat="52.735979" lon="-1.353735"><ele>156.8</ele><time>2025-01-01T13:27:18.000Z</time></trkpt>
      <trkpt lat="52.735962" lon="-1.353709"><ele>156.9</ele><time>2025-01-01T13:27:19.000Z</time></trkpt>
      <trkpt lat="52.735952" lon="-1.353688"><ele>156.9</ele><time>2025-01-01T13:27:20.000Z</time></trkpt>
      <trkpt lat="52.735942" lon="-1.353668"><ele>157.0</ele><time>2025-01-01T13:27:21.000Z</time></trkpt>
      <trkpt lat="52.735927" lon="-1.353649"><ele>157.0</ele><time>2025-01-01T13:27:22.000Z</time></trkpt>
      <trkpt lat="52.735917" lon="-1.353635"><ele>157.1</ele><time>2025-01-01T13:27:23.000Z</time></trkpt>
      <trkpt lat="52.735899" lon="-1.353621"><ele>157.1</ele><time>2025-01-01T13:27:24.000Z</time></trkpt>
      <trkpt lat="52.735892" lon="-1.353614"><ele>157.1</ele><time>2025-01-01T13:27:25.000Z</time></trkpt>
      <trkpt lat="52.735884" lon="-1.353608"><ele>157.2</ele><time>2025-01-01T13:27:26.000Z</time></trkpt>
      <trkpt lat="52.735877" lon="-1.353602"><ele>157.2</ele><time>2025-01-01T13:27:27.000Z</time></trkpt>
      <trkpt lat="52.735862" lon="-1.353588"><ele>157.2</ele><time>2025-01-01T13:27:28.000Z</time></trkpt>
      <trkpt lat="52.735852" lon="-1.353579"><ele>157.2</ele><time>2025-01-01T13:27:29.000Z</time></trkpt>
      <trkpt lat="52.735847" lon="-1.353551"><ele>157.3</ele><time>2025-01-01T13:27:30.000Z</time></trkpt>
      <trkpt lat="52.735833" lon="-1.353542"><ele>157.3</ele><time>2025-01-01T13:27:31.000Z</time></trkpt>
      <trkpt lat="52.735820" lon="-1.353474"><ele>157.4</ele><time>2025-01-01T13:27:32.000Z</time></trkpt>
      <trkpt lat="52.735809" lon="-1.353463"><ele>157.5</ele><time>2025-01-01T13:27:33.000Z</time></trkpt>
      <trkpt lat="52.735792" lon="-1.353454"><ele>157.5</ele><time>2025-01-01T13:27:34.000Z</time></trkpt>
      <trkpt lat="52.735792" lon="-1.353413"><ele>157.6</ele><time>2025-01-01T13:27:35.000Z</time></trkpt>
      <trkpt lat="52.735779" lon="-1.353408"><ele>157.6</ele><time>2025-01-01T13:27:36.000Z</time></trkpt>
      <trkpt lat="52.735768" lon="-1.353360"><ele>157.6</ele><time>2025-01-01T13:27:37.000Z</time></trkpt>
      <trkpt lat="52.735750" lon="-1.353286"><ele>157.7</ele><time>2025-01-01T13:27:38.000Z</time></trkpt>
      <trkpt lat="52.735737" lon="-1.353270"><ele>157.8</ele><time>2025-01-01T13:27:39.000Z</time></trkpt>
      <trkpt lat="52.735721" lon="-1.353259"><ele>157.8</ele><time>2025-01-01T13:27:40.000Z</time></trkpt>
      <trkpt lat="52.735698" lon="-1.353237"><ele>157.9</ele><time>2025-01-01T13:27:41.000Z</time></trkpt>
      <trkpt lat="52.735690" lon="-1.353233"><ele>157.9</ele><time>2025-01-01T13:27:42.000Z</time></trkpt>
      <trkpt lat="52.735683" lon="-1.353230"><ele>157.9</ele><time>2025-01-01T13:27:43.000Z</time></trkpt>
      <trkpt lat="52.735656" lon="-1.353219"><ele>157.9</ele><time>2025-01-01T13:27:44.000Z</time></trkpt>
      <trkpt lat="52.735651" lon="-1.353214"><ele>157.9</ele><time>2025-01-01T13:27:45.000Z</time></trkpt>
      <trkpt lat="52.735645" lon="-1.353210"><ele>157.9</ele><time>2025-01-01T13:27:46.000Z</time></trkpt>
      <trkpt lat="52.735633" lon="-1.353202"><ele>158.0</ele><time>2025-01-01T13:27:47.000Z</time></trkpt>
      <trkpt lat="52.735619" lon="-1.353176"><ele>158.0</ele><time>2025-01-01T13:27:48.000Z</time></trkpt>
      <trkpt lat="52.735603" lon="-1.353142"><ele>158.0</ele><time>2025-01-01T13:27:49.000Z</time></trkpt>
      <trkpt lat="52.735602" lon="-1.353115"><ele>158.0</ele><time>2025-01-01T13:27:50.000Z</time></trkpt>
      <trkpt lat="52.735597" lon="-1.353090"><ele>158.1</ele><time>2025-01-01T13:27:51.000Z</time></trkpt>
      <trkpt lat="52.735591" lon="-1.353070"><ele>158.1</ele><time>2025-01-01T13:27:52.000Z</time></trkpt>
      <trkpt lat="52.735576" lon="-1.353052"><ele>158.1</ele><time>2025-01-01T13:27:53.000Z</time></trkpt>
      <trkpt lat="52.735570" lon="-1.353047"><ele>158.1</ele><time>2025-01-01T13:27:55.000Z</time></trkpt>
      <trkpt lat="52.735565" lon="-1.353043"><ele>158.1</ele><time>2025-01-01T13:27:56.000Z</time></trkpt>
      <trkpt lat="52.735559" lon="-1.353038"><ele>158.1</ele><time>2025-01-01T13:27:57.000Z</time></trkpt>
      <trkpt lat="52.735553" lon="-1.353034"><ele>158.1</ele><time>2025-01-01T13:27:58.000Z</time></trkpt>
      <trkpt lat="52.735546" lon="-1.353018"><ele>158.1</ele><time>2025-01-01T13:27:59.000Z</time></trkpt>
      <trkpt lat="52.735521" lon="-1.353008"><ele>158.2</ele><time>2025-01-01T13:28:00.000Z</time></trkpt>
      <trkpt lat="52.735516" lon="-1.352977"><ele>158.2</ele><time>2025-01-01T13:28:01.000Z</time></trkpt>
      <trkpt lat="52.735512" lon="-1.352948"><ele>158.2</ele><time>2025-01-01T13:28:02.000Z</time></trkpt>
      <trkpt lat="52.735500" lon="-1.352948"><ele>158.2</ele><time>2025-01-01T13:28:03.000Z</time></trkpt>
      <trkpt lat="52.735495" lon="-1.352937"><ele>158.2</ele><time>2025-01-01T13:28:04.000Z</time></trkpt>
      <trkpt lat="52.735482" lon="-1.352931"><ele>158.2</ele><time>2025-01-01T13:28:05.000Z</time></trkpt>
      <trkpt lat="52.735467" lon="-1.352918"><ele>158.3</ele><time>2025-01-01T13:28:06.000Z</time></trkpt>
      <trkpt lat="52.735456" lon="-1.352914"><ele>158.3</ele><time>2025-01-01T13:28:07.000Z</time></trkpt>
      <trkpt lat="52.735450" lon="-1.352892"><ele>158.3</ele><time>2025-01-01T13:28:08.000Z</time></trkpt>
      <trkpt lat="52.735433" lon="-1.352881"><ele>158.3</ele><time>2025-01-01T13:28:09.000Z</time></trkpt>
      <trkpt lat="52.735421" lon="-1.352863"><ele>158.3</ele><time>2025-01-01T13:28:10.000Z</time></trkpt>
      <trkpt lat="52.735409" lon="-1.352840"><ele>158.3</ele><time>2025-01-01T13:28:11.000Z</time></trkpt>
      <trkpt lat="52.735390" lon="-1.352839"><ele>158.3</ele><time>2025-01-01T13:28:12.000Z</time></trkpt>
      <trkpt lat="52.735381" lon="-1.352836"><ele>158.4</ele><time>2025-01-01T13:28:13.000Z</time></trkpt>
      <trkpt lat="52.735371" lon="-1.352833"><ele>158.4</ele><time>2025-01-01T13:28:14.000Z</time></trkpt>
      <trkpt lat="52.735352" lon="-1.352820"><ele>158.4</ele><time>2025-01-01T13:28:15.000Z</time></trkpt>
      <trkpt lat="52.735351" lon="-1.352800"><ele>158.4</ele><time>2025-01-01T13:28:16.000Z</time></trkpt>
      <trkpt lat="52.735351" lon="-1.352781"><ele>158.4</ele><time>2025-01-01T13:28:17.000Z</time></trkpt>
      <trkpt lat="52.735318" lon="-1.352736"><ele>158.4</ele><time>2025-01-01T13:28:18.000Z</time></trkpt>
      <trkpt lat="52.735305" lon="-1.352720"><ele>158.4</ele><time>2025-01-01T13:28:19.000Z</time></trkpt>
      <trkpt lat="52.735284" lon="-1.352696"><ele>158.4</ele><time>2025-01-01T13:28:20.000Z</time></trkpt>
      <trkpt lat="52.735272" lon="-1.352682"><ele>158.4</ele><time>2025-01-01T13:28:21.000Z</time></trkpt>
      <trkpt lat="52.735259" lon="-1.352668"><ele>158.4</ele><time>2025-01-01T13:28:22.000Z</time></trkpt>
      <trkpt lat="52.735246" lon="-1.352646"><ele>158.4</ele><time>2025-01-01T13:28:23.000Z</time></trkpt>
      <trkpt lat="52.735244" lon="-1.352636"><ele>158.4</ele><time>2025-01-01T13:28:24.000Z</time></trkpt>
      <trkpt lat="52.735234" lon="-1.352629"><ele>158.4</ele><time>2025-01-01T13:28:25.000Z</time></trkpt>
      <trkpt lat="52.735218" lon="-1.352615"><ele>158.4</ele><time>2025-01-01T13:28:26.000Z</time></trkpt>
      <trkpt lat="52.735213" lon="-1.352607"><ele>158.4</ele><time>2025-01-01T13:28:27.000Z</time></trkpt>
      <trkpt lat="52.735208" lon="-1.352598"><ele>158.4</ele><time>2025-01-01T13:28:28.000Z</time></trkpt>
      <trkpt lat="52.735203" lon="-1.352590"><ele>158.4</ele><time>2025-01-01T13:28:29.000Z</time></trkpt>
      <trkpt lat="52.735179" lon="-1.352557"><ele>158.4</ele><time>2025-01-01T13:28:30.000Z</time></trkpt>
      <trkpt lat="52.735171" lon="-1.352555"><ele>158.4</ele><time>2025-01-01T13:28:31.000Z</time></trkpt>
      <trkpt lat="52.735157" lon="-1.352534"><ele>158.4</ele><time>2025-01-01T13:28:32.000Z</time></trkpt>
      <trkpt lat="52.735150" lon="-1.352525"><ele>158.4</ele><time>2025-01-01T13:28:33.000Z</time></trkpt>
      <trkpt lat="52.735130" lon="-1.352481"><ele>158.4</ele><time>2025-01-01T13:28:34.000Z</time></trkpt>
      <trkpt lat="52.735122" lon="-1.352459"><ele>158.4</ele><time>2025-01-01T13:28:35.000Z</time></trkpt>
      <trkpt lat="52.735120" lon="-1.352444"><ele>158.4</ele><time>2025-01-01T13:28:36.000Z</time></trkpt>
      <trkpt lat="52.735111" lon="-1.352432"><ele>158.4</ele><time>2025-01-01T13:28:37.000Z</time></trkpt>
      <trkpt lat="52.735105" lon="-1.352412"><ele>158.4</ele><time>2025-01-01T13:28:38.000Z</time></trkpt>
      <trkpt lat="52.735097" lon="-1.352411"><ele>158.4</ele><time>2025-01-01T13:28:39.000Z</time></trkpt>
      <trkpt lat="52.735077" lon="-1.352375"><ele>158.3</ele><time>2025-01-01T13:28:40.000Z</time></trkpt>
      <trkpt lat="52.735068" lon="-1.352345"><ele>158.3</ele><time>2025-01-01T13:28:41.000Z</time></trkpt>
      <trkpt lat="52.735061" lon="-1.352330"><ele>158.3</ele><time>2025-01-01T13:28:42.000Z</time></trkpt>
      <trkpt lat="52.735047" lon="-1.352279"><ele>158.3</ele><time>2025-01-01T13:28:43.000Z</time></trkpt>
      <trkpt lat="52.735040" lon="-1.352256"><ele>158.3</ele><time>2025-01-01T13:28:44.000Z</time></trkpt>
      <trkpt lat="52.735029" lon="-1.352240"><ele>158.3</ele><time>2025-01-01T13:28:45.000Z</time></trkpt>
      <trkpt lat="52.735022" lon="-1.352227"><ele>158.3</ele><time>2025-01-01T13:28:46.000Z</time></trkpt>
      <trkpt lat="52.735015" lon="-1.352213"><ele>158.2</ele><time>2025-01-01T13:28:47.000Z</time></trkpt>
      <trkpt lat="52.735007" lon="-1.352213"><ele>158.2</ele><time>2025-01-01T13:28:48.000Z</time></trkpt>
      <trkpt lat="52.734997" lon="-1.352193"><ele>158.2</ele><time>2025-01-01T13:28:49.000Z</time></trkpt>
      <trkpt lat="52.734988" lon="-1.352191"><ele>158.2</ele><time>2025-01-01T13:28:50.000Z</time></trkpt>
      <trkpt lat="52.734985" lon="-1.352169"><ele>158.2</ele><time>2025-01-01T13:28:51.000Z</time></trkpt>
      <trkpt lat="52.734974" lon="-1.352153"><ele>158.2</ele><time>2025-01-01T13:28:52.000Z</time></trkpt>
      <trkpt lat="52.734969" lon="-1.352117"><ele>158.1</ele><time>2025-01-01T13:28:53.000Z</time></trkpt>
      <trkpt lat="52.734954" lon="-1.352119"><ele>158.1</ele><time>2025-01-01T13:28:54.000Z</time></trkpt>
      <trkpt lat="52.734941" lon="-1.352093"><ele>158.0</ele><time>2025-01-01T13:28:55.000Z</time></trkpt>
      <trkpt lat="52.734933" lon="-1.352082"><ele>158.0</ele><time>2025-01-01T13:28:56.000Z</time></trkpt>
      <trkpt lat="52.734924" lon="-1.352072"><ele>158.0</ele><time>2025-01-01T13:28:57.000Z</time></trkpt>
      <trkpt lat="52.734917" lon="-1.352059"><ele>158.0</ele><time>2025-01-01T13:28:58.000Z</time></trkpt>
      <trkpt lat="52.734903" lon="-1.352037"><ele>157.9</ele><time>2025-01-01T13:28:59.000Z</time></trkpt>
      <trkpt lat="52.734889" lon="-1.352008"><ele>157.9</ele><time>2025-01-01T13:29:00.000Z</time></trkpt>
      <trkpt lat="52.734891" lon="-1.352014"><ele>157.9</ele><time>2025-01-01T13:29:01.000Z</time></trkpt>
      <trkpt lat="52.734880" lon="-1.352000"><ele>157.9</ele><time>2025-01-01T13:29:02.000Z</time></trkpt>
      <trkpt lat="52.734873" lon="-1.351974"><ele>157.8</ele><time>2025-01-01T13:29:03.000Z</time></trkpt>
      <trkpt lat="52.734852" lon="-1.351968"><ele>157.8</ele><time>2025-01-01T13:29:04.000Z</time></trkpt>
      <trkpt lat="52.734826" lon="-1.351942"><ele>157.7</ele><time>2025-01-01T13:29:05.000Z</time></trkpt>
      <trkpt lat="52.734815" lon="-1.351923"><ele>157.7</ele><time>2025-01-01T13:29:06.000Z</time></trkpt>
      <trkpt lat="52.734819" lon="-1.351910"><ele>157.7</ele><time>2025-01-01T13:29:07.000Z</time></trkpt>
      <trkpt lat="52.734814" lon="-1.351894"><ele>157.6</ele><time>2025-01-01T13:29:08.000Z</time></trkpt>
      <trkpt lat="52.734809" lon="-1.351879"><ele>157.6</ele><time>2025-01-01T13:29:09.000Z</time></trkpt>
      <trkpt lat="52.734804" lon="-1.351863"><ele>157.6</ele><time>2025-01-01T13:29:10.000Z</time></trkpt>
      <trkpt lat="52.734797" lon="-1.351856"><ele>157.6</ele><time>2025-01-01T13:29:11.000Z</time></trkpt>
      <trkpt lat="52.734774" lon="-1.351833"><ele>157.5</ele><time>2025-01-01T13:29:12.000Z</time></trkpt>
      <trkpt lat="52.734768" lon="-1.351797"><ele>157.5</ele><time>2025-01-01T13:29:13.000Z</time></trkpt>
      <trkpt lat="52.734765" lon="-1.351781"><ele>157.4</ele><time>2025-01-01T13:29:14.000Z</time></trkpt>
      <trkpt lat="52.734763" lon="-1.351765"><ele>157.4</ele><time>2025-01-01T13:29:15.000Z</time></trkpt>
      <trkpt lat="52.734738" lon="-1.351717"><ele>157.3</ele><time>2025-01-01T13:29:16.000Z</time></trkpt>
      <trkpt lat="52.734737" lon="-1.351722"><ele>157.3</ele><time>2025-01-01T13:29:17.000Z</time></trkpt>
      <trkpt lat="52.734745" lon="-1.351716"><ele>157.3</ele><time>2025-01-01T13:29:18.000Z</time></trkpt>
      <trkpt lat="52.734736" lon="-1.351689"><ele>157.3</ele><time>2025-01-01T13:29:19.000Z</time></trkpt>
      <trkpt lat="52.734730" lon="-1.351673"><ele>157.2</ele><time>2025-01-01T13:29:20.000Z</time></trkpt>
      <trkpt lat="52.734703" lon="-1.351686"><ele>157.2</ele><time>2025-01-01T13:29:21.000Z</time></trkpt>
      <trkpt lat="52.734695" lon="-1.351676"><ele>157.2</ele><time>2025-01-01T13:29:22.000Z</time></trkpt>
      <trkpt lat="52.734688" lon="-1.351674"><ele>157.1</ele><time>2025-01-01T13:29:23.000Z</time></trkpt>
      <trkpt lat="52.734680" lon="-1.351671"><ele>157.1</ele><time>2025-01-01T13:29:24.000Z</time></trkpt>
      <trkpt lat="52.734673" lon="-1.351669"><ele>157.1</ele><time>2025-01-01T13:29:25.000Z</time></trkpt>
      <trkpt lat="52.734666" lon="-1.351667"><ele>157.1</ele><time>2025-01-01T13:29:26.000Z</time></trkpt>
      <trkpt lat="52.734641" lon="-1.351631"><ele>157.0</ele><time>2025-01-01T13:29:27.000Z</time></trkpt>
      <trkpt lat="52.734637" lon="-1.351617"><ele>157.0</ele><time>2025-01-01T13:29:28.000Z</time></trkpt>
      <trkpt lat="52.734620" lon="-1.351593"><ele>157.0</ele><time>2025-01-01T13:29:29.000Z</time></trkpt>
      <trkpt lat="52.734608" lon="-1.351590"><ele>156.9</ele><time>2025-01-01T13:29:30.000Z</time></trkpt>
      <trkpt lat="52.734592" lon="-1.351571"><ele>156.9</ele><time>2025-01-01T13:29:31.000Z</time></trkpt>
      <trkpt lat="52.734590" lon="-1.351543"><ele>156.8</ele><time>2025-01-01T13:29:32.000Z</time></trkpt>
      <trkpt lat="52.734584" lon="-1.351525"><ele>156.8</ele><time>2025-01-01T13:29:33.000Z</time></trkpt>
      <trkpt lat="52.734568" lon="-1.351514"><ele>156.8</ele><time>2025-01-01T13:29:34.000Z</time></trkpt>
      <trkpt lat="52.734562" lon="-1.351513"><ele>156.8</ele><time>2025-01-01T13:29:35.000Z</time></trkpt>
      <trkpt lat="52.734551" lon="-1.351476"><ele>156.7</ele><time>2025-01-01T13:29:36.000Z</time></trkpt>
      <trkpt lat="52.734535" lon="-1.351475"><ele>156.7</ele><time>2025-01-01T13:29:37.000Z</time></trkpt>
      <trkpt lat="52.734531" lon="-1.351463"><ele>156.6</ele><time>2025-01-01T13:29:38.000Z</time></trkpt>
      <trkpt lat="52.734523" lon="-1.351461"><ele>156.6</ele><time>2025-01-01T13:29:39.000Z</time></trkpt>
      <trkpt lat="52.734515" lon="-1.351465"><ele>156.6</ele><time>2025-01-01T13:29:40.000Z</time></trkpt>
      <trkpt lat="52.734506" lon="-1.351443"><ele>156.6</ele><time>2025-01-01T13:29:41.000Z</time></trkpt>
      <trkpt lat="52.734502" lon="-1.351419"><ele>156.5</ele><time>2025-01-01T13:29:42.000Z</time></trkpt>
      <trkpt lat="52.734490" lon="-1.351376"><ele>156.5</ele><time>2025-01-01T13:29:43.000Z</time></trkpt>
      <trkpt lat="52.734487" lon="-1.351360"><ele>156.4</ele><time>2025-01-01T13:29:44.000Z</time></trkpt>
      <trkpt lat="52.734474" lon="-1.351318"><ele>156.4</ele><time>2025-01-01T13:29:45.000Z</time></trkpt>
      <trkpt lat="52.734467" lon="-1.351296"><ele>156.3</ele><time>2025-01-01T13:29:46.000Z</time></trkpt>
      <trkpt lat="52.734459" lon="-1.351275"><ele>156.3</ele><time>2025-01-01T13:29:47.000Z</time></trkpt>
      <trkpt lat="52.734454" lon="-1.351244"><ele>156.2</ele><time>2025-01-01T13:29:48.000Z</time></trkpt>
      <trkpt lat="52.734449" lon="-1.351226"><ele>156.2</ele><time>2025-01-01T13:29:49.000Z</time></trkpt>
      <trkpt lat="52.734444" lon="-1.351208"><ele>156.2</ele><time>2025-01-01T13:29:50.000Z</time></trkpt>
      <trkpt lat="52.734432" lon="-1.351176"><ele>156.1</ele><time>2025-01-01T13:29:51.000Z</time></trkpt>
      <trkpt lat="52.734423" lon="-1.351162"><ele>156.1</ele><time>2025-01-01T13:29:52.000Z</time></trkpt>
      <trkpt lat="52.734415" lon="-1.351149"><ele>156.1</ele><time>2025-01-01T13:29:53.000Z</time></trkpt>
      <trkpt lat="52.734399" lon="-1.351131"><ele>156.0</ele><time>2025-01-01T13:29:54.000Z</time></trkpt>
      <trkpt lat="52.734395" lon="-1.351142"><ele>156.0</ele><time>2025-01-01T13:29:55.000Z</time></trkpt>
      <trkpt lat="52.734384" lon="-1.351126"><ele>156.0</ele><time>2025-01-01T13:29:56.000Z</time></trkpt>
      <trkpt lat="52.734358" lon="-1.351094"><ele>155.9</ele><time>2025-01-01T13:29:57.000Z</time></trkpt>
      <trkpt lat="52.734366" lon="-1.351067"><ele>155.8</ele><time>2025-01-01T13:29:58.000Z</time></trkpt>
      <trkpt lat="52.734348" lon="-1.351052"><ele>155.8</ele><time>2025-01-01T13:29:59.000Z</time></trkpt>
      <trkpt lat="52.734336" lon="-1.351039"><ele>155.8</ele><time>2025-01-01T13:30:01.000Z</time></trkpt>
      <trkpt lat="52.734327" lon="-1.351028"><ele>155.7</ele><time>2025-01-01T13:30:02.000Z</time></trkpt>
      <trkpt lat="52.734317" lon="-1.351016"><ele>155.7</ele><time>2025-01-01T13:30:03.000Z</time></trkpt>
      <trkpt lat="52.734304" lon="-1.350982"><ele>155.7</ele><time>2025-01-01T13:30:04.000Z</time></trkpt>
      <trkpt lat="52.734296" lon="-1.350956"><ele>155.6</ele><time>2025-01-01T13:30:05.000Z</time></trkpt>
      <trkpt lat="52.734287" lon="-1.350929"><ele>155.6</ele><time>2025-01-01T13:30:06.000Z</time></trkpt>
      <trkpt lat="52.734276" lon="-1.350938"><ele>155.6</ele><time>2025-01-01T13:30:07.000Z</time></trkpt>
      <trkpt lat="52.734277" lon="-1.350924"><ele>155.6</ele><time>2025-01-01T13:30:08.000Z</time></trkpt>
      <trkpt lat="52.734268" lon="-1.350882"><ele>155.5</ele><time>2025-01-01T13:30:09.000Z</time></trkpt>
      <trkpt lat="52.734250" lon="-1.350877"><ele>155.5</ele><time>2025-01-01T13:30:10.000Z</time></trkpt>
      <trkpt lat="52.734238" lon="-1.350879"><ele>155.4</ele><time>2025-01-01T13:30:11.000Z</time></trkpt>
      <trkpt lat="52.734227" lon="-1.350880"><ele>155.4</ele><time>2025-01-01T13:30:12.000Z</time></trkpt>
      <trkpt lat="52.734208" lon="-1.350868"><ele>155.4</ele><time>2025-01-01T13:30:13.000Z</time></trkpt>
      <trkpt lat="52.734204" lon="-1.350862"><ele>155.4</ele><time>2025-01-01T13:30:14.000Z</time></trkpt>
      <trkpt lat="52.734200" lon="-1.350855"><ele>155.4</ele><time>2025-01-01T13:30:15.000Z</time></trkpt>
      <trkpt lat="52.734196" lon="-1.350849"><ele>155.4</ele><time>2025-01-01T13:30:16.000Z</time></trkpt>
      <trkpt lat="52.734192" lon="-1.350843"><ele>155.4</ele><time>2025-01-01T13:30:17.000Z</time></trkpt>
      <trkpt lat="52.734190" lon="-1.350843"><ele>155.4</ele><time>2025-01-01T13:30:18.000Z</time></trkpt>
      <trkpt lat="52.734177" lon="-1.350811"><ele>155.3</ele><time>2025-01-01T13:30:19.000Z</time></trkpt>
      <trkpt lat="52.734170" lon="-1.350801"><ele>155.3</ele><time>2025-01-01T13:30:20.000Z</time></trkpt>
      <trkpt lat="52.734160" lon="-1.350787"><ele>155.3</ele><time>2025-01-01T13:30:21.000Z</time></trkpt>
      <trkpt lat="52.734153" lon="-1.350804"><ele>155.3</ele><time>2025-01-01T13:30:22.000Z</time></trkpt>
      <trkpt lat="52.734138" lon="-1.350782"><ele>155.3</ele><time>2025-01-01T13:30:23.000Z</time></trkpt>
      <trkpt lat="52.734130" lon="-1.350761"><ele>155.3</ele><time>2025-01-01T13:30:24.000Z</time></trkpt>
      <trkpt lat="52.734115" lon="-1.350744"><ele>155.3</ele><time>2025-01-01T13:30:25.000Z</time></trkpt>
      <trkpt lat="52.734106" lon="-1.350673"><ele>155.2</ele><time>2025-01-01T13:30:26.000Z</time></trkpt>
      <trkpt lat="52.734097" lon="-1.350638"><ele>155.2</ele><time>2025-01-01T13:30:27.000Z</time></trkpt>
      <trkpt lat="52.734092" lon="-1.350599"><ele>155.2</ele><time>2025-01-01T13:30:28.000Z</time></trkpt>
      <trkpt lat="52.734084" lon="-1.350604"><ele>155.2</ele><time>2025-01-01T13:30:29.000Z</time></trkpt>
      <trkpt lat="52.734074" lon="-1.350558"><ele>155.2</ele><time>2025-01-01T13:30:30.000Z</time></trkpt>
      <trkpt lat="52.734073" lon="-1.350541"><ele>155.2</ele><time>2025-01-01T13:30:31.000Z</time></trkpt>
      <trkpt lat="52.734064" lon="-1.350530"><ele>155.2</ele><time>2025-01-01T13:30:32.000Z</time></trkpt>
      <trkpt lat="52.734065" lon="-1.350503"><ele>155.2</ele><time>2025-01-01T13:30:33.000Z</time></trkpt>
      <trkpt lat="52.734055" lon="-1.350470"><ele>155.2</ele><time>2025-01-01T13:30:34.000Z</time></trkpt>
      <trkpt lat="52.734059" lon="-1.350450"><ele>155.2</ele><time>2025-01-01T13:30:35.000Z</time></trkpt>
      <trkpt lat="52.734039" lon="-1.350451"><ele>155.2</ele><time>2025-01-01T13:30:36.000Z</time></trkpt>
      <trkpt lat="52.734035" lon="-1.350431"><ele>155.2</ele><time>2025-01-01T13:30:37.000Z</time></trkpt>
      <trkpt lat="52.734031" lon="-1.350412"><ele>155.2</ele><time>2025-01-01T13:30:38.000Z</time></trkpt>
      <trkpt lat="52.734021" lon="-1.350385"><ele>155.2</ele><time>2025-01-01T13:30:39.000Z</time></trkpt>
      <trkpt lat="52.734015" lon="-1.350360"><ele>155.2</ele><time>2025-01-01T13:30:40.000Z</time></trkpt>
      <trkpt lat="52.734021" lon="-1.350278"><ele>155.2</ele><time>2025-01-01T13:30:41.000Z</time></trkpt>
      <trkpt lat="52.734017" lon="-1.350241"><ele>155.2</ele><time>2025-01-01T13:30:42.000Z</time></trkpt>
      <trkpt lat="52.734012" lon="-1.350235"><ele>155.3</ele><time>2025-01-01T13:30:43.000Z</time></trkpt>
      <trkpt lat="52.733987" lon="-1.350215"><ele>155.3</ele><time>2025-01-01T13:30:44.000Z</time></trkpt>
      <trkpt lat="52.733974" lon="-1.350215"><ele>155.3</ele><time>2025-01-01T13:30:45.000Z</time></trkpt>
      <trkpt lat="52.733958" lon="-1.350197"><ele>155.3</ele><time>2025-01-01T13:30:46.000Z</time></trkpt>
      <trkpt lat="52.733945" lon="-1.350192"><ele>155.3</ele><time>2025-01-01T13:30:47.000Z</time></trkpt>
      <trkpt lat="52.733923" lon="-1.350196"><ele>155.3</ele><time>2025-01-01T13:30:48.000Z</time></trkpt>
      <trkpt lat="52.733914" lon="-1.350197"><ele>155.3</ele><time>2025-01-01T13:30:49.000Z</time></trkpt>
      <trkpt lat="52.733905" lon="-1.350197"><ele>155.3</ele><time>2025-01-01T13:30:50.000Z</time></trkpt>
      <trkpt lat="52.733893" lon="-1.350202"><ele>155.3</ele><time>2025-01-01T13:30:51.000Z</time></trkpt>
      <trkpt lat="52.733886" lon="-1.350195"><ele>155.3</ele><time>2025-01-01T13:30:52.000Z</time></trkpt>
      <trkpt lat="52.733884" lon="-1.350175"><ele>155.3</ele><time>2025-01-01T13:30:53.000Z</time></trkpt>
      <trkpt lat="52.733871" lon="-1.350178"><ele>155.3</ele><time>2025-01-01T13:30:54.000Z</time></trkpt>
      <trkpt lat="52.733849" lon="-1.350139"><ele>155.4</ele><time>2025-01-01T13:30:55.000Z</time></trkpt>
      <trkpt lat="52.733841" lon="-1.350130"><ele>155.4</ele><time>2025-01-01T13:30:56.000Z</time></trkpt>
      <trkpt lat="52.733846" lon="-1.350136"><ele>155.4</ele><time>2025-01-01T13:30:57.000Z</time></trkpt>
      <trkpt lat="52.733837" lon="-1.350140"><ele>155.4</ele><time>2025-01-01T13:30:58.000Z</time></trkpt>
      <trkpt lat="52.733827" lon="-1.350124"><ele>155.4</ele><time>2025-01-01T13:30:59.000Z</time></trkpt>
      <trkpt lat="52.733808" lon="-1.350109"><ele>155.4</ele><time>2025-01-01T13:31:00.000Z</time></trkpt>
      <trkpt lat="52.733804" lon="-1.350096"><ele>155.4</ele><time>2025-01-01T13:31:01.000Z</time></trkpt>
      <trkpt lat="52.733798" lon="-1.350067"><ele>155.4</ele><time>2025-01-01T13:31:02.000Z</time></trkpt>
      <trkpt lat="52.733788" lon="-1.350047"><ele>155.4</ele><time>2025-01-01T13:31:03.000Z</time></trkpt>
      <trkpt lat="52.733778" lon="-1.350032"><ele>155.4</ele><time>2025-01-01T13:31:04.000Z</time></trkpt>
      <trkpt lat="52.733769" lon="-1.350017"><ele>155.4</ele><time>2025-01-01T13:31:05.000Z</time></trkpt>
      <trkpt lat="52.733747" lon="-1.350004"><ele>155.5</ele><time>2025-01-01T13:31:06.000Z</time></trkpt>
      <trkpt lat="52.733741" lon="-1.350006"><ele>155.5</ele><time>2025-01-01T13:31:07.000Z</time></trkpt>
      <trkpt lat="52.733721" lon="-1.349974"><ele>155.5</ele><time>2025-01-01T13:31:08.000Z</time></trkpt>
      <trkpt lat="52.733713" lon="-1.349965"><ele>155.5</ele><time>2025-01-01T13:31:09.000Z</time></trkpt>
      <trkpt lat="52.733689" lon="-1.349944"><ele>155.5</ele><time>2025-01-01T13:31:10.000Z</time></trkpt>
      <trkpt lat="52.733686" lon="-1.349933"><ele>155.5</ele><time>2025-01-01T13:31:11.000Z</time></trkpt>
      <trkpt lat="52.733682" lon="-1.349922"><ele>155.5</ele><time>2025-01-01T13:31:12.000Z</time></trkpt>
      <trkpt lat="52.733663" lon="-1.349886"><ele>155.5</ele><time>2025-01-01T13:31:13.000Z</time></trkpt>
      <trkpt lat="52.733656" lon="-1.349868"><ele>155.6</ele><time>2025-01-01T13:31:14.000Z</time></trkpt>
      <trkpt lat="52.733648" lon="-1.349851"><ele>155.6</ele><time>2025-01-01T13:31:15.000Z</time></trkpt>
      <trkpt lat="52.733633" lon="-1.349783"><ele>155.6</ele><time>2025-01-01T13:31:16.000Z</time></trkpt>
      <trkpt lat="52.733627" lon="-1.349760"><ele>155.6</ele><time>2025-01-01T13:31:17.000Z</time></trkpt>
      <trkpt lat="52.733622" lon="-1.349743"><ele>155.6</ele><time>2025-01-01T13:31:18.000Z</time></trkpt>
      <trkpt lat="52.733617" lon="-1.349725"><ele>155.6</ele><time>2025-01-01T13:31:19.000Z</time></trkpt>
      <trkpt lat="52.733608" lon="-1.349732"><ele>155.6</ele><time>2025-01-01T13:31:20.000Z</time></trkpt>
      <trkpt lat="52.733596" lon="-1.349745"><ele>155.6</ele><time>2025-01-01T13:31:21.000Z</time></trkpt>
      <trkpt lat="52.733591" lon="-1.349712"><ele>155.6</ele><time>2025-01-01T13:31:22.000Z</time></trkpt>
      <trkpt lat="52.733572" lon="-1.349682"><ele>155.6</ele><time>2025-01-01T13:31:23.000Z</time></trkpt>
      <trkpt lat="52.733562" lon="-1.349662"><ele>155.7</ele><time>2025-01-01T13:31:24.000Z</time></trkpt>
      <trkpt lat="52.733554" lon="-1.349653"><ele>155.7</ele><time>2025-01-01T13:31:25.000Z</time></trkpt>
      <trkpt lat="52.733545" lon="-1.349641"><ele>155.7</ele><time>2025-01-01T13:31:26.000Z</time></trkpt>
      <trkpt lat="52.733535" lon="-1.349630"><ele>155.7</ele><time>2025-01-01T13:31:27.000Z</time></trkpt>
      <trkpt lat="52.733526" lon="-1.349618"><ele>155.7</ele><time>2025-01-01T13:31:28.000Z</time></trkpt>
      <trkpt lat="52.733503" lon="-1.349615"><ele>155.7</ele><time>2025-01-01T13:31:29.000Z</time></trkpt>
      <trkpt lat="52.733497" lon="-1.349605"><ele>155.7</ele><time>2025-01-01T13:31:30.000Z</time></trkpt>
      <trkpt lat="52.733492" lon="-1.349594"><ele>155.7</ele><time>2025-01-01T13:31:31.000Z</time></trkpt>
      <trkpt lat="52.733478" lon="-1.349564"><ele>155.7</ele><time>2025-01-01T13:31:32.000Z</time></trkpt>
      <trkpt lat="52.733504" lon="-1.349567"><ele>155.7</ele><time>2025-01-01T13:31:33.000Z</time></trkpt>
      <trkpt lat="52.733475" lon="-1.349548"><ele>155.7</ele><time>2025-01-01T13:31:34.000Z</time></trkpt>
      <trkpt lat="52.733450" lon="-1.349519"><ele>155.7</ele><time>2025-01-01T13:31:35.000Z</time></trkpt>
      <trkpt lat="52.733436" lon="-1.349512"><ele>155.7</ele><time>2025-01-01T13:31:36.000Z</time></trkpt>
      <trkpt lat="52.733432" lon="-1.349512"><ele>155.7</ele><time>2025-01-01T13:31:37.000Z</time></trkpt>
      <trkpt lat="52.733417" lon="-1.349506"><ele>155.7</ele><time>2025-01-01T13:31:38.000Z</time></trkpt>
      <trkpt lat="52.733403" lon="-1.349500"><ele>155.7</ele><time>2025-01-01T13:31:39.000Z</time></trkpt>
      <trkpt lat="52.733388" lon="-1.349494"><ele>155.7</ele><time>2025-01-01T13:31:40.000Z</time></trkpt>
      <trkpt lat="52.733387" lon="-1.349505"><ele>155.7</ele><time>2025-01-01T13:31:41.000Z</time></trkpt>
      <trkpt lat="52.733376" lon="-1.349494"><ele>155.7</ele><time>2025-01-01T13:31:42.000Z</time></trkpt>
      <trkpt lat="52.733361" lon="-1.349485"><ele>155.7</ele><time>2025-01-01T13:31:43.000Z</time></trkpt>
      <trkpt lat="52.733344" lon="-1.349468"><ele>155.8</ele><time>2025-01-01T13:31:44.000Z</time></trkpt>
      <trkpt lat="52.733330" lon="-1.349467"><ele>155.8</ele><time>2025-01-01T13:31:45.000Z</time></trkpt>
      <trkpt lat="52.733317" lon="-1.349463"><ele>155.8</ele><time>2025-01-01T13:31:46.000Z</time></trkpt>
      <trkpt lat="52.733309" lon="-1.349455"><ele>155.8</ele><time>2025-01-01T13:31:47.000Z</time></trkpt>
      <trkpt lat="52.733301" lon="-1.349464"><ele>155.8</ele><time>2025-01-01T13:31:48.000Z</time></trkpt>
      <trkpt lat="52.733293" lon="-1.349447"><ele>155.8</ele><time>2025-01-01T13:31:49.000Z</time></trkpt>
      <trkpt lat="52.733277" lon="-1.349443"><ele>155.9</ele><time>2025-01-01T13:31:50.000Z</time></trkpt>
      <trkpt lat="52.733276" lon="-1.349433"><ele>155.9</ele><time>2025-01-01T13:31:51.000Z</time></trkpt>
      <trkpt lat="52.733268" lon="-1.349425"><ele>155.9</ele><time>2025-01-01T13:31:52.000Z</time></trkpt>
      <trkpt lat="52.733249" lon="-1.349417"><ele>155.9</ele><time>2025-01-01T13:31:53.000Z</time></trkpt>
      <trkpt lat="52.733221" lon="-1.349418"><ele>155.9</ele><time>2025-01-01T13:31:54.000Z</time></trkpt>
      <trkpt lat="52.733196" lon="-1.349397"><ele>156.0</ele><time>2025-01-01T13:31:55.000Z</time></trkpt>
      <trkpt lat="52.733182" lon="-1.349392"><ele>156.0</ele><time>2025-01-01T13:31:56.000Z</time></trkpt>
      <trkpt lat="52.733167" lon="-1.349387"><ele>156.0</ele><time>2025-01-01T13:31:57.000Z</time></trkpt>
      <trkpt lat="52.733135" lon="-1.349361"><ele>156.1</ele><time>2025-01-01T13:31:58.000Z</time></trkpt>
      <trkpt lat="52.733113" lon="-1.349364"><ele>156.1</ele><time>2025-01-01T13:31:59.000Z</time></trkpt>
      <trkpt lat="52.733111" lon="-1.349357"><ele>156.1</ele><time>2025-01-01T13:32:00.000Z</time></trkpt>
      <trkpt lat="52.733103" lon="-1.349346"><ele>156.1</ele><time>2025-01-01T13:32:01.000Z</time></trkpt>
      <trkpt lat="52.733091" lon="-1.349324"><ele>156.1</ele><time>2025-01-01T13:32:02.000Z</time></trkpt>
      <trkpt lat="52.733080" lon="-1.349308"><ele>156.1</ele><time>2025-01-01T13:32:03.000Z</time></trkpt>
      <trkpt lat="52.733067" lon="-1.349291"><ele>156.2</ele><time>2025-01-01T13:32:04.000Z</time></trkpt>
      <trkpt lat="52.733042" lon="-1.349271"><ele>156.2</ele><time>2025-01-01T13:32:05.000Z</time></trkpt>
      <trkpt lat="52.733035" lon="-1.349269"><ele>156.2</ele><time>2025-01-01T13:32:07.000Z</time></trkpt>
      <trkpt lat="52.733028" lon="-1.349267"><ele>156.3</ele><time>2025-01-01T13:32:08.000Z</time></trkpt>
      <trkpt lat="52.733014" lon="-1.349262"><ele>156.3</ele><time>2025-01-01T13:32:09.000Z</time></trkpt>
      <trkpt lat="52.732998" lon="-1.349260"><ele>156.3</ele><time>2025-01-01T13:32:10.000Z</time></trkpt>
      <trkpt lat="52.732976" lon="-1.349254"><ele>156.4</ele><time>2025-01-01T13:32:11.000Z</time></trkpt>
      <trkpt lat="52.732961" lon="-1.349253"><ele>156.4</ele><time>2025-01-01T13:32:12.000Z</time></trkpt>
      <trkpt lat="52.732949" lon="-1.349244"><ele>156.4</ele><time>2025-01-01T13:32:13.000Z</time></trkpt>
      <trkpt lat="52.732931" lon="-1.349229"><ele>156.5</ele><time>2025-01-01T13:32:14.000Z</time></trkpt>
      <trkpt lat="52.732918" lon="-1.349217"><ele>156.5</ele><time>2025-01-01T13:32:15.000Z</time></trkpt>
      <trkpt lat="52.732904" lon="-1.349212"><ele>156.5</ele><time>2025-01-01T13:32:16.000Z</time></trkpt>
      <trkpt lat="52.732891" lon="-1.349217"><ele>156.6</ele><time>2025-01-01T13:32:17.000Z</time></trkpt>
      <trkpt lat="52.732876" lon="-1.349212"><ele>156.6</ele><time>2025-01-01T13:32:18.000Z</time></trkpt>
      <trkpt lat="52.732865" lon="-1.349205"><ele>156.7</ele><time>2025-01-01T13:32:19.000Z</time></trkpt>
      <trkpt lat="52.732848" lon="-1.349198"><ele>156.7</ele><time>2025-01-01T13:32:20.000Z</time></trkpt>
      <trkpt lat="52.732829" lon="-1.349203"><ele>156.7</ele><time>2025-01-01T13:32:21.000Z</time></trkpt>
      <trkpt lat="52.732819" lon="-1.349204"><ele>156.8</ele><time>2025-01-01T13:32:22.000Z</time></trkpt>
      <trkpt lat="52.732809" lon="-1.349206"><ele>156.8</ele><time>2025-01-01T13:32:23.000Z</time></trkpt>
      <trkpt lat="52.732798" lon="-1.349189"><ele>156.8</ele><time>2025-01-01T13:32:24.000Z</time></trkpt>
      <trkpt lat="52.732783" lon="-1.349182"><ele>156.9</ele><time>2025-01-01T13:32:25.000Z</time></trkpt>
      <trkpt lat="52.732751" lon="-1.349163"><ele>157.0</ele><time>2025-01-01T13:32:26.000Z</time></trkpt>
      <trkpt lat="52.732742" lon="-1.349157"><ele>157.0</ele><time>2025-01-01T13:32:27.000Z</time></trkpt>
      <trkpt lat="52.732720" lon="-1.349149"><ele>157.0</ele><time>2025-01-01T13:32:28.000Z</time></trkpt>
      <trkpt lat="52.732713" lon="-1.349142"><ele>157.1</ele><time>2025-01-01T13:32:29.000Z</time></trkpt>
      <trkpt lat="52.732705" lon="-1.349136"><ele>157.1</ele><time>2025-01-01T13:32:30.000Z</time></trkpt>
      <trkpt lat="52.732694" lon="-1.349125"><ele>157.1</ele><time>2025-01-01T13:32:31.000Z</time></trkpt>
      <trkpt lat="52.732678" lon="-1.349116"><ele>157.2</ele><time>2025-01-01T13:32:32.000Z</time></trkpt>
      <trkpt lat="52.732667" lon="-1.349112"><ele>157.2</ele><time>2025-01-01T13:32:33.000Z</time></trkpt>
      <trkpt lat="52.732648" lon="-1.349108"><ele>157.2</ele><time>2025-01-01T13:32:34.000Z</time></trkpt>
      <trkpt lat="52.732634" lon="-1.349099"><ele>157.3</ele><time>2025-01-01T13:32:35.000Z</time></trkpt>
      <trkpt lat="52.732618" lon="-1.349092"><ele>157.3</ele><time>2025-01-01T13:32:36.000Z</time></trkpt>
      <trkpt lat="52.732599" lon="-1.349081"><ele>157.4</ele><time>2025-01-01T13:32:37.000Z</time></trkpt>
      <trkpt lat="52.732591" lon="-1.349079"><ele>157.4</ele><time>2025-01-01T13:32:38.000Z</time></trkpt>
      <trkpt lat="52.732583" lon="-1.349076"><ele>157.4</ele><time>2025-01-01T13:32:39.000Z</time></trkpt>
      <trkpt lat="52.732570" lon="-1.349074"><ele>157.4</ele><time>2025-01-01T13:32:40.000Z</time></trkpt>
      <trkpt lat="52.732560" lon="-1.349060"><ele>157.5</ele><time>2025-01-01T13:32:41.000Z</time></trkpt>
      <trkpt lat="52.732550" lon="-1.349054"><ele>157.5</ele><time>2025-01-01T13:32:42.000Z</time></trkpt>
      <trkpt lat="52.732538" lon="-1.349054"><ele>157.5</ele><time>2025-01-01T13:32:43.000Z</time></trkpt>
      <trkpt lat="52.732527" lon="-1.349056"><ele>157.6</ele><time>2025-01-01T13:32:44.000Z</time></trkpt>
      <trkpt lat="52.732518" lon="-1.349048"><ele>157.6</ele><time>2025-01-01T13:32:45.000Z</time></trkpt>
      <trkpt lat="52.732504" lon="-1.349042"><ele>157.6</ele><time>2025-01-01T13:32:46.000Z</time></trkpt>
      <trkpt lat="52.732485" lon="-1.349038"><ele>157.7</ele><time>2025-01-01T13:32:47.000Z</time></trkpt>
      <trkpt lat="52.732465" lon="-1.349038"><ele>157.7</ele><time>2025-01-01T13:32:48.000Z</time></trkpt>
      <trkpt lat="52.732453" lon="-1.349041"><ele>157.8</ele><time>2025-01-01T13:32:49.000Z</time></trkpt>
      <trkpt lat="52.732442" lon="-1.349044"><ele>157.8</ele><time>2025-01-01T13:32:50.000Z</time></trkpt>
      <trkpt lat="52.732437" lon="-1.349042"><ele>157.8</ele><time>2025-01-01T13:32:51.000Z</time></trkpt>
      <trkpt lat="52.732422" lon="-1.349041"><ele>157.8</ele><time>2025-01-01T13:32:52.000Z</time></trkpt>
      <trkpt lat="52.732411" lon="-1.349045"><ele>157.9</ele><time>2025-01-01T13:32:53.000Z</time></trkpt>
      <trkpt lat="52.732394" lon="-1.349038"><ele>157.9</ele><time>2025-01-01T13:32:54.000Z</time></trkpt>
      <trkpt lat="52.732386" lon="-1.349062"><ele>157.9</ele><time>2025-01-01T13:32:55.000Z</time></trkpt>
      <trkpt lat="52.732377" lon="-1.349051"><ele>158.0</ele><time>2025-01-01T13:32:56.000Z</time></trkpt>
      <trkpt lat="52.732365" lon="-1.349031"><ele>158.0</ele><time>2025-01-01T13:32:57.000Z</time></trkpt>
      <trkpt lat="52.732359" lon="-1.349008"><ele>158.0</ele><time>2025-01-01T13:32:58.000Z</time></trkpt>
      <trkpt lat="52.732347" lon="-1.348997"><ele>158.1</ele><time>2025-01-01T13:32:59.000Z</time></trkpt>
      <trkpt lat="52.732332" lon="-1.348987"><ele>158.1</ele><time>2025-01-01T13:33:00.000Z</time></trkpt>
      <trkpt lat="52.732317" lon="-1.348990"><ele>158.2</ele><time>2025-01-01T13:33:01.000Z</time></trkpt>
      <trkpt lat="52.732315" lon="-1.348967"><ele>158.2</ele><time>2025-01-01T13:33:02.000Z</time></trkpt>
      <trkpt lat="52.732307" lon="-1.348958"><ele>158.2</ele><time>2025-01-01T13:33:03.000Z</time></trkpt>
      <trkpt lat="52.732284" lon="-1.348953"><ele>158.3</ele><time>2025-01-01T13:33:04.000Z</time></trkpt>
      <trkpt lat="52.732273" lon="-1.348952"><ele>158.3</ele><time>2025-01-01T13:33:05.000Z</time></trkpt>
      <trkpt lat="52.732262" lon="-1.348952"><ele>158.3</ele><time>2025-01-01T13:33:06.000Z</time></trkpt>
      <trkpt lat="52.732251" lon="-1.348952"><ele>158.4</ele><time>2025-01-01T13:33:07.000Z</time></trkpt>
      <trkpt lat="52.732226" lon="-1.348932"><ele>158.4</ele><time>2025-01-01T13:33:08.000Z</time></trkpt>
      <trkpt lat="52.732219" lon="-1.348920"><ele>158.5</ele><time>2025-01-01T13:33:09.000Z</time></trkpt>
      <trkpt lat="52.732213" lon="-1.348917"><ele>158.5</ele><time>2025-01-01T13:33:10.000Z</time></trkpt>
      <trkpt lat="52.732191" lon="-1.348912"><ele>158.5</ele><time>2025-01-01T13:33:11.000Z</time></trkpt>
      <trkpt lat="52.732183" lon="-1.348903"><ele>158.6</ele><time>2025-01-01T13:33:12.000Z</time></trkpt>
      <trkpt lat="52.732169" lon="-1.348898"><ele>158.6</ele><time>2025-01-01T13:33:13.000Z</time></trkpt>
      <trkpt lat="52.732157" lon="-1.348891"><ele>158.6</ele><time>2025-01-01T13:33:14.000Z</time></trkpt>
      <trkpt lat="52.732136" lon="-1.348890"><ele>158.7</ele><time>2025-01-01T13:33:15.000Z</time></trkpt>
      <trkpt lat="52.732123" lon="-1.348885"><ele>158.7</ele><time>2025-01-01T13:33:16.000Z</time></trkpt>
      <trkpt lat="52.732109" lon="-1.348879"><ele>158.8</ele><time>2025-01-01T13:33:17.000Z</time></trkpt>
      <trkpt lat="52.732096" lon="-1.348874"><ele>158.8</ele><time>2025-01-01T13:33:18.000Z</time></trkpt>
      <trkpt lat="52.732094" lon="-1.348879"><ele>158.8</ele><time>2025-01-01T13:33:19.000Z</time></trkpt>
      <trkpt lat="52.732080" lon="-1.348892"><ele>158.9</ele><time>2025-01-01T13:33:20.000Z</time></trkpt>
      <trkpt lat="52.732073" lon="-1.348889"><ele>158.9</ele><time>2025-01-01T13:33:21.000Z</time></trkpt>
      <trkpt lat="52.732064" lon="-1.348887"><ele>158.9</ele><time>2025-01-01T13:33:22.000Z</time></trkpt>
      <trkpt lat="52.732038" lon="-1.348872"><ele>159.0</ele><time>2025-01-01T13:33:23.000Z</time></trkpt>
      <trkpt lat="52.732029" lon="-1.348859"><ele>159.0</ele><time>2025-01-01T13:33:24.000Z</time></trkpt>
      <trkpt lat="52.732019" lon="-1.348846"><ele>159.1</ele><time>2025-01-01T13:33:25.000Z</time></trkpt>
      <trkpt lat="52.731992" lon="-1.348767"><ele>159.2</ele><time>2025-01-01T13:33:26.000Z</time></trkpt>
      <trkpt lat="52.731977" lon="-1.348766"><ele>159.3</ele><time>2025-01-01T13:33:27.000Z</time></trkpt>
      <trkpt lat="52.731962" lon="-1.348744"><ele>159.3</ele><time>2025-01-01T13:33:28.000Z</time></trkpt>
      <trkpt lat="52.731955" lon="-1.348735"><ele>159.3</ele><time>2025-01-01T13:33:29.000Z</time></trkpt>
      <trkpt lat="52.731937" lon="-1.348716"><ele>159.4</ele><time>2025-01-01T13:33:30.000Z</time></trkpt>
      <trkpt lat="52.731933" lon="-1.348710"><ele>159.4</ele><time>2025-01-01T13:33:31.000Z</time></trkpt>
      <trkpt lat="52.731926" lon="-1.348704"><ele>159.4</ele><time>2025-01-01T13:33:32.000Z</time></trkpt>
      <trkpt lat="52.731919" lon="-1.348697"><ele>159.5</ele><time>2025-01-01T13:33:33.000Z</time></trkpt>
      <trkpt lat="52.731912" lon="-1.348691"><ele>159.5</ele><time>2025-01-01T13:33:34.000Z</time></trkpt>
      <trkpt lat="52.731905" lon="-1.348685"><ele>159.5</ele><time>2025-01-01T13:33:35.000Z</time></trkpt>
      <trkpt lat="52.731880" lon="-1.348669"><ele>159.6</ele><time>2025-01-01T13:33:36.000Z</time></trkpt>
      <trkpt lat="52.731868" lon="-1.348663"><ele>159.6</ele><time>2025-01-01T13:33:37.000Z</time></trkpt>
      <trkpt lat="52.731870" lon="-1.348667"><ele>159.6</ele><time>2025-01-01T13:33:38.000Z</time></trkpt>
      <trkpt lat="52.731863" lon="-1.348666"><ele>159.7</ele><time>2025-01-01T13:33:39.000Z</time></trkpt>
      <trkpt lat="52.731854" lon="-1.348659"><ele>159.7</ele><time>2025-01-01T13:33:40.000Z</time></trkpt>
      <trkpt lat="52.731850" lon="-1.348657"><ele>159.7</ele><time>2025-01-01T13:33:41.000Z</time></trkpt>
      <trkpt lat="52.731837" lon="-1.348647"><ele>159.8</ele><time>2025-01-01T13:33:42.000Z</time></trkpt>
      <trkpt lat="52.731823" lon="-1.348644"><ele>159.8</ele><time>2025-01-01T13:33:43.000Z</time></trkpt>
      <trkpt lat="52.731806" lon="-1.348625"><ele>159.9</ele><time>2025-01-01T13:33:44.000Z</time></trkpt>
      <trkpt lat="52.731801" lon="-1.348628"><ele>159.9</ele><time>2025-01-01T13:33:45.000Z</time></trkpt>
      <trkpt lat="52.731796" lon="-1.348631"><ele>159.9</ele><time>2025-01-01T13:33:46.000Z</time></trkpt>
      <trkpt lat="52.731794" lon="-1.348635"><ele>159.9</ele><time>2025-01-01T13:33:47.000Z</time></trkpt>
      <trkpt lat="52.731782" lon="-1.348599"><ele>160.0</ele><time>2025-01-01T13:33:48.000Z</time></trkpt>
      <trkpt lat="52.731767" lon="-1.348598"><ele>160.0</ele><time>2025-01-01T13:33:49.000Z</time></trkpt>
      <trkpt lat="52.731764" lon="-1.348590"><ele>160.0</ele><time>2025-01-01T13:33:50.000Z</time></trkpt>
      <trkpt lat="52.731759" lon="-1.348577"><ele>160.1</ele><time>2025-01-01T13:33:51.000Z</time></trkpt>
      <trkpt lat="52.731756" lon="-1.348586"><ele>160.1</ele><time>2025-01-01T13:33:52.000Z</time></trkpt>
      <trkpt lat="52.731751" lon="-1.348591"><ele>160.1</ele><time>2025-01-01T13:33:53.000Z</time></trkpt>
      <trkpt lat="52.731741" lon="-1.348604"><ele>160.2</ele><time>2025-01-01T13:33:54.000Z</time></trkpt>
      <trkpt lat="52.731732" lon="-1.348601"><ele>160.2</ele><time>2025-01-01T13:33:55.000Z</time></trkpt>
      <trkpt lat="52.731723" lon="-1.348597"><ele>160.2</ele><time>2025-01-01T13:33:56.000Z</time></trkpt>
      <trkpt lat="52.731714" lon="-1.348594"><ele>160.2</ele><time>2025-01-01T13:33:57.000Z</time></trkpt>
      <trkpt lat="52.731699" lon="-1.348542"><ele>160.3</ele><time>2025-01-01T13:33:58.000Z</time></trkpt>
      <trkpt lat="52.731699" lon="-1.348525"><ele>160.4</ele><time>2025-01-01T13:33:59.000Z</time></trkpt>
      <trkpt lat="52.731679" lon="-1.348481"><ele>160.5</ele><time>2025-01-01T13:34:00.000Z</time></trkpt>
      <trkpt lat="52.731671" lon="-1.348469"><ele>160.5</ele><time>2025-01-01T13:34:01.000Z</time></trkpt>
      <trkpt lat="52.731669" lon="-1.348449"><ele>160.5</ele><time>2025-01-01T13:34:02.000Z</time></trkpt>
      <trkpt lat="52.731651" lon="-1.348441"><ele>160.6</ele><time>2025-01-01T13:34:03.000Z</time></trkpt>
      <trkpt lat="52.731641" lon="-1.348448"><ele>160.6</ele><time>2025-01-01T13:34:04.000Z</time></trkpt>
      <trkpt lat="52.731635" lon="-1.348428"><ele>160.7</ele><time>2025-01-01T13:34:05.000Z</time></trkpt>
      <trkpt lat="52.731625" lon="-1.348412"><ele>160.7</ele><time>2025-01-01T13:34:06.000Z</time></trkpt>
      <trkpt lat="52.731614" lon="-1.348396"><ele>160.8</ele><time>2025-01-01T13:34:07.000Z</time></trkpt>
      <trkpt lat="52.731596" lon="-1.348191"><ele>161.1</ele><time>2025-01-01T13:34:08.000Z</time></trkpt>
      <trkpt lat="52.731591" lon="-1.348183"><ele>161.1</ele><time>2025-01-01T13:34:09.000Z</time></trkpt>
      <trkpt lat="52.731574" lon="-1.348146"><ele>161.2</ele><time>2025-01-01T13:34:10.000Z</time></trkpt>
      <trkpt lat="52.731561" lon="-1.348102"><ele>161.2</ele><time>2025-01-01T13:34:11.000Z</time></trkpt>
      <trkpt lat="52.731557" lon="-1.348084"><ele>161.3</ele><time>2025-01-01T13:34:12.000Z</time></trkpt>
      <trkpt lat="52.731545" lon="-1.348041"><ele>161.4</ele><time>2025-01-01T13:34:13.000Z</time></trkpt>
      <trkpt lat="52.731541" lon="-1.348035"><ele>161.4</ele><time>2025-01-01T13:34:14.000Z</time></trkpt>
      <trkpt lat="52.731524" lon="-1.348013"><ele>161.4</ele><time>2025-01-01T13:34:15.000Z</time></trkpt>
      <trkpt lat="52.731526" lon="-1.347998"><ele>161.4</ele><time>2025-01-01T13:34:16.000Z</time></trkpt>
      <trkpt lat="52.731514" lon="-1.347966"><ele>161.5</ele><time>2025-01-01T13:34:17.000Z</time></trkpt>
      <trkpt lat="52.731511" lon="-1.347955"><ele>161.5</ele><time>2025-01-01T13:34:18.000Z</time></trkpt>
      <trkpt lat="52.731508" lon="-1.347943"><ele>161.5</ele><time>2025-01-01T13:34:19.000Z</time></trkpt>
      <trkpt lat="52.731501" lon="-1.347896"><ele>161.6</ele><time>2025-01-01T13:34:20.000Z</time></trkpt>
      <trkpt lat="52.731498" lon="-1.347862"><ele>161.7</ele><time>2025-01-01T13:34:21.000Z</time></trkpt>
      <trkpt lat="52.731493" lon="-1.347843"><ele>161.7</ele><time>2025-01-01T13:34:22.000Z</time></trkpt>
      <trkpt lat="52.731489" lon="-1.347825"><ele>161.7</ele><time>2025-01-01T13:34:23.000Z</time></trkpt>
      <trkpt lat="52.731487" lon="-1.347805"><ele>161.8</ele><time>2025-01-01T13:34:24.000Z</time></trkpt>
      <trkpt lat="52.731489" lon="-1.347774"><ele>161.8</ele><time>2025-01-01T13:34:25.000Z</time></trkpt>
      <trkpt lat="52.731493" lon="-1.347769"><ele>161.8</ele><time>2025-01-01T13:34:26.000Z</time></trkpt>
      <trkpt lat="52.731492" lon="-1.347748"><ele>161.8</ele><time>2025-01-01T13:34:27.000Z</time></trkpt>
      <trkpt lat="52.731474" lon="-1.347736"><ele>161.9</ele><time>2025-01-01T13:34:28.000Z</time></trkpt>
      <trkpt lat="52.731464" lon="-1.347711"><ele>161.9</ele><time>2025-01-01T13:34:29.000Z</time></trkpt>
      <trkpt lat="52.731458" lon="-1.347699"><ele>162.0</ele><time>2025-01-01T13:34:30.000Z</time></trkpt>
      <trkpt lat="52.731452" lon="-1.347687"><ele>162.0</ele><time>2025-01-01T13:34:31.000Z</time></trkpt>
      <trkpt lat="52.731443" lon="-1.347663"><ele>162.0</ele><time>2025-01-01T13:34:32.000Z</time></trkpt>
      <trkpt lat="52.731437" lon="-1.347650"><ele>162.0</ele><time>2025-01-01T13:34:33.000Z</time></trkpt>
      <trkpt lat="52.731416" lon="-1.347623"><ele>162.1</ele><time>2025-01-01T13:34:34.000Z</time></trkpt>
      <trkpt lat="52.731418" lon="-1.347613"><ele>162.1</ele><time>2025-01-01T13:34:35.000Z</time></trkpt>
      <trkpt lat="52.731408" lon="-1.347603"><ele>162.2</ele><time>2025-01-01T13:34:36.000Z</time></trkpt>
      <trkpt lat="52.731401" lon="-1.347579"><ele>162.2</ele><time>2025-01-01T13:34:37.000Z</time></trkpt>
      <trkpt lat="52.731391" lon="-1.347567"><ele>162.2</ele><time>2025-01-01T13:34:38.000Z</time></trkpt>
      <trkpt lat="52.731387" lon="-1.347556"><ele>162.2</ele><time>2025-01-01T13:34:39.000Z</time></trkpt>
      <trkpt lat="52.731379" lon="-1.347552"><ele>162.3</ele><time>2025-01-01T13:34:40.000Z</time></trkpt>
      <trkpt lat="52.731371" lon="-1.347526"><ele>162.3</ele><time>2025-01-01T13:34:41.000Z</time></trkpt>
      <trkpt lat="52.731368" lon="-1.347507"><ele>162.3</ele><time>2025-01-01T13:34:42.000Z</time></trkpt>
      <trkpt lat="52.731361" lon="-1.347492"><ele>162.4</ele><time>2025-01-01T13:34:43.000Z</time></trkpt>
      <trkpt lat="52.731354" lon="-1.347452"><ele>162.4</ele><time>2025-01-01T13:34:44.000Z</time></trkpt>
      <trkpt lat="52.731344" lon="-1.347441"><ele>162.5</ele><time>2025-01-01T13:34:45.000Z</time></trkpt>
      <trkpt lat="52.731341" lon="-1.347424"><ele>162.5</ele><time>2025-01-01T13:34:46.000Z</time></trkpt>
      <trkpt lat="52.731332" lon="-1.347409"><ele>162.5</ele><time>2025-01-01T13:34:47.000Z</time></trkpt>
      <trkpt lat="52.731324" lon="-1.347380"><ele>162.6</ele><time>2025-01-01T13:34:48.000Z</time></trkpt>
      <trkpt lat="52.731317" lon="-1.347365"><ele>162.6</ele><time>2025-01-01T13:34:49.000Z</time></trkpt>
      <trkpt lat="52.731311" lon="-1.347349"><ele>162.7</ele><time>2025-01-01T13:34:50.000Z</time></trkpt>
      <trkpt lat="52.731308" lon="-1.347330"><ele>162.7</ele><time>2025-01-01T13:34:51.000Z</time></trkpt>
      <trkpt lat="52.731296" lon="-1.347317"><ele>162.7</ele><time>2025-01-01T13:34:52.000Z</time></trkpt>
      <trkpt lat="52.731289" lon="-1.347308"><ele>162.8</ele><time>2025-01-01T13:34:53.000Z</time></trkpt>
      <trkpt lat="52.731297" lon="-1.347306"><ele>162.8</ele><time>2025-01-01T13:34:54.000Z</time></trkpt>
      <trkpt lat="52.731282" lon="-1.347288"><ele>162.8</ele><time>2025-01-01T13:34:55.000Z</time></trkpt>
      <trkpt lat="52.731268" lon="-1.347260"><ele>162.9</ele><time>2025-01-01T13:34:56.000Z</time></trkpt>
      <trkpt lat="52.731263" lon="-1.347247"><ele>162.9</ele><time>2025-01-01T13:34:57.000Z</time></trkpt>
      <trkpt lat="52.731260" lon="-1.347235"><ele>162.9</ele><time>2025-01-01T13:34:58.000Z</time></trkpt>
      <trkpt lat="52.731255" lon="-1.347217"><ele>163.0</ele><time>2025-01-01T13:34:59.000Z</time></trkpt>
      <trkpt lat="52.731248" lon="-1.347195"><ele>163.0</ele><time>2025-01-01T13:35:00.000Z</time></trkpt>
      <trkpt lat="52.731240" lon="-1.347176"><ele>163.1</ele><time>2025-01-01T13:35:01.000Z</time></trkpt>
      <trkpt lat="52.731233" lon="-1.347158"><ele>163.1</ele><time>2025-01-01T13:35:02.000Z</time></trkpt>
      <trkpt lat="52.731224" lon="-1.347117"><ele>163.2</ele><time>2025-01-01T13:35:03.000Z</time></trkpt>
      <trkpt lat="52.731216" lon="-1.347098"><ele>163.2</ele><time>2025-01-01T13:35:04.000Z</time></trkpt>
      <trkpt lat="52.731209" lon="-1.347080"><ele>163.2</ele><time>2025-01-01T13:35:05.000Z</time></trkpt>
      <trkpt lat="52.731199" lon="-1.347068"><ele>163.3</ele><time>2025-01-01T13:35:06.000Z</time></trkpt>
      <trkpt lat="52.731193" lon="-1.347057"><ele>163.3</ele><time>2025-01-01T13:35:07.000Z</time></trkpt>
      <trkpt lat="52.731188" lon="-1.347045"><ele>163.3</ele><time>2025-01-01T13:35:08.000Z</time></trkpt>
      <trkpt lat="52.731182" lon="-1.347034"><ele>163.3</ele><time>2025-01-01T13:35:09.000Z</time></trkpt>
      <trkpt lat="52.731180" lon="-1.347013"><ele>163.4</ele><time>2025-01-01T13:35:10.000Z</time></trkpt>
      <trkpt lat="52.731176" lon="-1.346976"><ele>163.4</ele><time>2025-01-01T13:35:11.000Z</time></trkpt>
      <trkpt lat="52.731163" lon="-1.346926"><ele>163.5</ele><time>2025-01-01T13:35:12.000Z</time></trkpt>
      <trkpt lat="52.731158" lon="-1.346912"><ele>163.5</ele><time>2025-01-01T13:35:13.000Z</time></trkpt>
      <trkpt lat="52.731155" lon="-1.346892"><ele>163.5</ele><time>2025-01-01T13:35:14.000Z</time></trkpt>
      <trkpt lat="52.731146" lon="-1.346877"><ele>163.6</ele><time>2025-01-01T13:35:15.000Z</time></trkpt>
      <trkpt lat="52.731140" lon="-1.346861"><ele>163.6</ele><time>2025-01-01T13:35:16.000Z</time></trkpt>
      <trkpt lat="52.731130" lon="-1.346837"><ele>163.6</ele><time>2025-01-01T13:35:17.000Z</time></trkpt>
      <trkpt lat="52.731122" lon="-1.346823"><ele>163.7</ele><time>2025-01-01T13:35:18.000Z</time></trkpt>
      <trkpt lat="52.731117" lon="-1.346793"><ele>163.7</ele><time>2025-01-01T13:35:19.000Z</time></trkpt>
      <trkpt lat="52.731113" lon="-1.346773"><ele>163.7</ele><time>2025-01-01T13:35:20.000Z</time></trkpt>
      <trkpt lat="52.731102" lon="-1.346745"><ele>163.8</ele><time>2025-01-01T13:35:21.000Z</time></trkpt>
      <trkpt lat="52.731098" lon="-1.346731"><ele>163.8</ele><time>2025-01-01T13:35:22.000Z</time></trkpt>
      <trkpt lat="52.731094" lon="-1.346717"><ele>163.8</ele><time>2025-01-01T13:35:23.000Z</time></trkpt>
      <trkpt lat="52.731083" lon="-1.346704"><ele>163.8</ele><time>2025-01-01T13:35:24.000Z</time></trkpt>
      <trkpt lat="52.731077" lon="-1.346677"><ele>163.9</ele><time>2025-01-01T13:35:25.000Z</time></trkpt>
      <trkpt lat="52.731071" lon="-1.346662"><ele>163.9</ele><time>2025-01-01T13:35:26.000Z</time></trkpt>
      <trkpt lat="52.731063" lon="-1.346635"><ele>163.9</ele><time>2025-01-01T13:35:27.000Z</time></trkpt>
      <trkpt lat="52.731054" lon="-1.346603"><ele>163.9</ele><time>2025-01-01T13:35:28.000Z</time></trkpt>
      <trkpt lat="52.731048" lon="-1.346588"><ele>164.0</ele><time>2025-01-01T13:35:29.000Z</time></trkpt>
      <trkpt lat="52.731038" lon="-1.346564"><ele>164.0</ele><time>2025-01-01T13:35:30.000Z</time></trkpt>
      <trkpt lat="52.731033" lon="-1.346559"><ele>164.0</ele><time>2025-01-01T13:35:31.000Z</time></trkpt>
      <trkpt lat="52.731029" lon="-1.346545"><ele>164.0</ele><time>2025-01-01T13:35:32.000Z</time></trkpt>
      <trkpt lat="52.731021" lon="-1.346518"><ele>164.0</ele><time>2025-01-01T13:35:33.000Z</time></trkpt>
      <trkpt lat="52.731017" lon="-1.346499"><ele>164.1</ele><time>2025-01-01T13:35:34.000Z</time></trkpt>
      <trkpt lat="52.731005" lon="-1.346468"><ele>164.1</ele><time>2025-01-01T13:35:35.000Z</time></trkpt>
      <trkpt lat="52.730997" lon="-1.346447"><ele>164.1</ele><time>2025-01-01T13:35:36.000Z</time></trkpt>
      <trkpt lat="52.730990" lon="-1.346427"><ele>164.1</ele><time>2025-01-01T13:35:37.000Z</time></trkpt>
      <trkpt lat="52.730987" lon="-1.346427"><ele>164.1</ele><time>2025-01-01T13:35:38.000Z</time></trkpt>
      <trkpt lat="52.730979" lon="-1.346402"><ele>164.2</ele><time>2025-01-01T13:35:39.000Z</time></trkpt>
      <trkpt lat="52.730971" lon="-1.346381"><ele>164.2</ele><time>2025-01-01T13:35:40.000Z</time></trkpt>
      <trkpt lat="52.730965" lon="-1.346369"><ele>164.2</ele><time>2025-01-01T13:35:41.000Z</time></trkpt>
      <trkpt lat="52.730960" lon="-1.346356"><ele>164.2</ele><time>2025-01-01T13:35:42.000Z</time></trkpt>
      <trkpt lat="52.730956" lon="-1.346338"><ele>164.2</ele><time>2025-01-01T13:35:43.000Z</time></trkpt>
      <trkpt lat="52.730946" lon="-1.346306"><ele>164.3</ele><time>2025-01-01T13:35:44.000Z</time></trkpt>
      <trkpt lat="52.730941" lon="-1.346293"><ele>164.3</ele><time>2025-01-01T13:35:45.000Z</time></trkpt>
      <trkpt lat="52.730937" lon="-1.346281"><ele>164.3</ele><time>2025-01-01T13:35:46.000Z</time></trkpt>
      <trkpt lat="52.730925" lon="-1.346232"><ele>164.4</ele><time>2025-01-01T13:35:47.000Z</time></trkpt>
      <trkpt lat="52.730922" lon="-1.346221"><ele>164.4</ele><time>2025-01-01T13:35:48.000Z</time></trkpt>
      <trkpt lat="52.730910" lon="-1.346181"><ele>164.4</ele><time>2025-01-01T13:35:49.000Z</time></trkpt>
      <trkpt lat="52.730903" lon="-1.346169"><ele>164.4</ele><time>2025-01-01T13:35:50.000Z</time></trkpt>
      <trkpt lat="52.730895" lon="-1.346125"><ele>164.5</ele><time>2025-01-01T13:35:51.000Z</time></trkpt>
      <trkpt lat="52.730887" lon="-1.346104"><ele>164.5</ele><time>2025-01-01T13:35:52.000Z</time></trkpt>
      <trkpt lat="52.730884" lon="-1.346089"><ele>164.5</ele><time>2025-01-01T13:35:53.000Z</time></trkpt>
      <trkpt lat="52.730871" lon="-1.346061"><ele>164.5</ele><time>2025-01-01T13:35:54.000Z</time></trkpt>
      <trkpt lat="52.730870" lon="-1.346042"><ele>164.6</ele><time>2025-01-01T13:35:55.000Z</time></trkpt>
      <trkpt lat="52.730859" lon="-1.346019"><ele>164.6</ele><time>2025-01-01T13:35:56.000Z</time></trkpt>
      <trkpt lat="52.730852" lon="-1.346004"><ele>164.6</ele><time>2025-01-01T13:35:57.000Z</time></trkpt>
      <trkpt lat="52.730844" lon="-1.345981"><ele>164.6</ele><time>2025-01-01T13:35:58.000Z</time></trkpt>
      <trkpt lat="52.730830" lon="-1.345951"><ele>164.6</ele><time>2025-01-01T13:35:59.000Z</time></trkpt>
      <trkpt lat="52.730826" lon="-1.345940"><ele>164.6</ele><time>2025-01-01T13:36:00.000Z</time></trkpt>
      <trkpt lat="52.730821" lon="-1.345928"><ele>164.6</ele><time>2025-01-01T13:36:01.000Z</time></trkpt>
      <trkpt lat="52.730814" lon="-1.345908"><ele>164.6</ele><time>2025-01-01T13:36:02.000Z</time></trkpt>
      <trkpt lat="52.730811" lon="-1.345895"><ele>164.7</ele><time>2025-01-01T13:36:03.000Z</time></trkpt>
      <trkpt lat="52.730808" lon="-1.345878"><ele>164.7</ele><time>2025-01-01T13:36:04.000Z</time></trkpt>
      <trkpt lat="52.730795" lon="-1.345840"><ele>164.7</ele><time>2025-01-01T13:36:05.000Z</time></trkpt>
      <trkpt lat="52.730795" lon="-1.345843"><ele>164.7</ele><time>2025-01-01T13:36:06.000Z</time></trkpt>
      <trkpt lat="52.730790" lon="-1.345835"><ele>164.7</ele><time>2025-01-01T13:36:07.000Z</time></trkpt>
      <trkpt lat="52.730784" lon="-1.345818"><ele>164.7</ele><time>2025-01-01T13:36:08.000Z</time></trkpt>
      <trkpt lat="52.730773" lon="-1.345796"><ele>164.7</ele><time>2025-01-01T13:36:09.000Z</time></trkpt>
      <trkpt lat="52.730764" lon="-1.345769"><ele>164.7</ele><time>2025-01-01T13:36:10.000Z</time></trkpt>
      <trkpt lat="52.730762" lon="-1.345759"><ele>164.7</ele><time>2025-01-01T13:36:11.000Z</time></trkpt>
      <trkpt lat="52.730759" lon="-1.345748"><ele>164.7</ele><time>2025-01-01T13:36:12.000Z</time></trkpt>
      <trkpt lat="52.730757" lon="-1.345738"><ele>164.8</ele><time>2025-01-01T13:36:13.000Z</time></trkpt>
      <trkpt lat="52.730757" lon="-1.345743"><ele>164.8</ele><time>2025-01-01T13:36:14.000Z</time></trkpt>
      <trkpt lat="52.730731" lon="-1.345746"><ele>164.8</ele><time>2025-01-01T13:36:15.000Z</time></trkpt>
      <trkpt lat="52.730728" lon="-1.345721"><ele>164.8</ele><time>2025-01-01T13:36:16.000Z</time></trkpt>
      <trkpt lat="52.730723" lon="-1.345697"><ele>164.8</ele><time>2025-01-01T13:36:17.000Z</time></trkpt>
      <trkpt lat="52.730721" lon="-1.345677"><ele>164.8</ele><time>2025-01-01T13:36:19.000Z</time></trkpt>
      <trkpt lat="52.730717" lon="-1.345670"><ele>164.8</ele><time>2025-01-01T13:36:20.000Z</time></trkpt>
      <trkpt lat="52.730709" lon="-1.345644"><ele>164.8</ele><time>2025-01-01T13:36:21.000Z</time></trkpt>
      <trkpt lat="52.730703" lon="-1.345590"><ele>164.8</ele><time>2025-01-01T13:36:22.000Z</time></trkpt>
      <trkpt lat="52.730698" lon="-1.345577"><ele>164.8</ele><time>2025-01-01T13:36:23.000Z</time></trkpt>
      <trkpt lat="52.730696" lon="-1.345570"><ele>164.8</ele><time>2025-01-01T13:36:24.000Z</time></trkpt>
      <trkpt lat="52.730689" lon="-1.345546"><ele>164.8</ele><time>2025-01-01T13:36:25.000Z</time></trkpt>
      <trkpt lat="52.730686" lon="-1.345527"><ele>164.8</ele><time>2025-01-01T13:36:26.000Z</time></trkpt>
      <trkpt lat="52.730677" lon="-1.345503"><ele>164.8</ele><time>2025-01-01T13:36:27.000Z</time></trkpt>
      <trkpt lat="52.730672" lon="-1.345485"><ele>164.9</ele><time>2025-01-01T13:36:28.000Z</time></trkpt>
      <trkpt lat="52.730667" lon="-1.345446"><ele>164.9</ele><time>2025-01-01T13:36:29.000Z</time></trkpt>
      <trkpt lat="52.730663" lon="-1.345424"><ele>164.9</ele><time>2025-01-01T13:36:30.000Z</time></trkpt>
      <trkpt lat="52.730658" lon="-1.345403"><ele>164.9</ele><time>2025-01-01T13:36:31.000Z</time></trkpt>
      <trkpt lat="52.730649" lon="-1.345386"><ele>164.9</ele><time>2025-01-01T13:36:32.000Z</time></trkpt>
      <trkpt lat="52.730645" lon="-1.345372"><ele>164.9</ele><time>2025-01-01T13:36:33.000Z</time></trkpt>
      <trkpt lat="52.730638" lon="-1.345358"><ele>164.9</ele><time>2025-01-01T13:36:34.000Z</time></trkpt>
      <trkpt lat="52.730612" lon="-1.345309"><ele>164.9</ele><time>2025-01-01T13:36:35.000Z</time></trkpt>
      <trkpt lat="52.730609" lon="-1.345306"><ele>164.9</ele><time>2025-01-01T13:36:36.000Z</time></trkpt>
      <trkpt lat="52.730606" lon="-1.345287"><ele>164.9</ele><time>2025-01-01T13:36:37.000Z</time></trkpt>
      <trkpt lat="52.730592" lon="-1.345263"><ele>164.9</ele><time>2025-01-01T13:36:38.000Z</time></trkpt>
      <trkpt lat="52.730587" lon="-1.345232"><ele>164.9</ele><time>2025-01-01T13:36:39.000Z</time></trkpt>
      <trkpt lat="52.730581" lon="-1.345214"><ele>165.0</ele><time>2025-01-01T13:36:40.000Z</time></trkpt>
      <trkpt lat="52.730575" lon="-1.345195"><ele>165.0</ele><time>2025-01-01T13:36:41.000Z</time></trkpt>
      <trkpt lat="52.730573" lon="-1.345178"><ele>165.0</ele><time>2025-01-01T13:36:42.000Z</time></trkpt>
      <trkpt lat="52.730565" lon="-1.345151"><ele>165.0</ele><time>2025-01-01T13:36:43.000Z</time></trkpt>
      <trkpt lat="52.730564" lon="-1.345136"><ele>165.0</ele><time>2025-01-01T13:36:44.000Z</time></trkpt>
      <trkpt lat="52.730559" lon="-1.345124"><ele>165.0</ele><time>2025-01-01T13:36:45.000Z</time></trkpt>
      <trkpt lat="52.730547" lon="-1.345105"><ele>165.0</ele><time>2025-01-01T13:36:46.000Z</time></trkpt>
      <trkpt lat="52.730541" lon="-1.345086"><ele>165.0</ele><time>2025-01-01T13:36:47.000Z</time></trkpt>
      <trkpt lat="52.730541" lon="-1.345081"><ele>165.0</ele><time>2025-01-01T13:36:48.000Z</time></trkpt>
      <trkpt lat="52.730531" lon="-1.345062"><ele>164.9</ele><time>2025-01-01T13:36:49.000Z</time></trkpt>
      <trkpt lat="52.730518" lon="-1.345023"><ele>164.9</ele><time>2025-01-01T13:36:50.000Z</time></trkpt>
      <trkpt lat="52.730506" lon="-1.345017"><ele>164.9</ele><time>2025-01-01T13:36:51.000Z</time></trkpt>
      <trkpt lat="52.730499" lon="-1.345003"><ele>164.9</ele><time>2025-01-01T13:36:52.000Z</time></trkpt>
      <trkpt lat="52.730492" lon="-1.344990"><ele>164.9</ele><time>2025-01-01T13:36:53.000Z</time></trkpt>
      <trkpt lat="52.730485" lon="-1.344977"><ele>164.9</ele><time>2025-01-01T13:36:54.000Z</time></trkpt>
      <trkpt lat="52.730478" lon="-1.344950"><ele>164.9</ele><time>2025-01-01T13:36:55.000Z</time></trkpt>
      <trkpt lat="52.730471" lon="-1.344924"><ele>164.9</ele><time>2025-01-01T13:36:56.000Z</time></trkpt>
      <trkpt lat="52.730462" lon="-1.344897"><ele>164.9</ele><time>2025-01-01T13:36:57.000Z</time></trkpt>
      <trkpt lat="52.730460" lon="-1.344890"><ele>164.9</ele><time>2025-01-01T13:36:58.000Z</time></trkpt>
      <trkpt lat="52.730453" lon="-1.344874"><ele>164.9</ele><time>2025-01-01T13:36:59.000Z</time></trkpt>
      <trkpt lat="52.730449" lon="-1.344851"><ele>164.9</ele><time>2025-01-01T13:37:00.000Z</time></trkpt>
      <trkpt lat="52.730439" lon="-1.344831"><ele>164.9</ele><time>2025-01-01T13:37:01.000Z</time></trkpt>
      <trkpt lat="52.730429" lon="-1.344803"><ele>164.9</ele><time>2025-01-01T13:37:02.000Z</time></trkpt>
      <trkpt lat="52.730423" lon="-1.344788"><ele>164.9</ele><time>2025-01-01T13:37:03.000Z</time></trkpt>
      <trkpt lat="52.730417" lon="-1.344773"><ele>164.9</ele><time>2025-01-01T13:37:04.000Z</time></trkpt>
      <trkpt lat="52.730408" lon="-1.344756"><ele>164.9</ele><time>2025-01-01T13:37:05.000Z</time></trkpt>
      <trkpt lat="52.730404" lon="-1.344745"><ele>164.8</ele><time>2025-01-01T13:37:06.000Z</time></trkpt>
      <trkpt lat="52.730399" lon="-1.344733"><ele>164.8</ele><time>2025-01-01T13:37:07.000Z</time></trkpt>
      <trkpt lat="52.730394" lon="-1.344722"><ele>164.8</ele><time>2025-01-01T13:37:08.000Z</time></trkpt>
      <trkpt lat="52.730384" lon="-1.344690"><ele>164.8</ele><time>2025-01-01T13:37:09.000Z</time></trkpt>
      <trkpt lat="52.730380" lon="-1.344678"><ele>164.8</ele><time>2025-01-01T13:37:10.000Z</time></trkpt>
      <trkpt lat="52.730370" lon="-1.344661"><ele>164.8</ele><time>2025-01-01T13:37:11.000Z</time></trkpt>
      <trkpt lat="52.730367" lon="-1.344644"><ele>164.8</ele><time>2025-01-01T13:37:12.000Z</time></trkpt>
      <trkpt lat="52.730363" lon="-1.344625"><ele>164.8</ele><time>2025-01-01T13:37:13.000Z</time></trkpt>
      <trkpt lat="52.730354" lon="-1.344571"><ele>164.8</ele><time>2025-01-01T13:37:14.000Z</time></trkpt>
      <trkpt lat="52.730346" lon="-1.344520"><ele>164.8</ele><time>2025-01-01T13:37:15.000Z</time></trkpt>
      <trkpt lat="52.730340" lon="-1.344506"><ele>164.8</ele><time>2025-01-01T13:37:16.000Z</time></trkpt>
      <trkpt lat="52.730334" lon="-1.344486"><ele>164.7</ele><time>2025-01-01T13:37:17.000Z</time></trkpt>
      <trkpt lat="52.730325" lon="-1.344464"><ele>164.7</ele><time>2025-01-01T13:37:18.000Z</time></trkpt>
      <trkpt lat="52.730315" lon="-1.344434"><ele>164.7</ele><time>2025-01-01T13:37:19.000Z</time></trkpt>
      <trkpt lat="52.730310" lon="-1.344419"><ele>164.7</ele><time>2025-01-01T13:37:20.000Z</time></trkpt>
      <trkpt lat="52.730306" lon="-1.344405"><ele>164.7</ele><time>2025-01-01T13:37:21.000Z</time></trkpt>
      <trkpt lat="52.730294" lon="-1.344370"><ele>164.7</ele><time>2025-01-01T13:37:22.000Z</time></trkpt>
      <trkpt lat="52.730290" lon="-1.344356"><ele>164.7</ele><time>2025-01-01T13:37:23.000Z</time></trkpt>
      <trkpt lat="52.730286" lon="-1.344342"><ele>164.7</ele><time>2025-01-01T13:37:24.000Z</time></trkpt>
      <trkpt lat="52.730274" lon="-1.344316"><ele>164.7</ele><time>2025-01-01T13:37:25.000Z</time></trkpt>
      <trkpt lat="52.730268" lon="-1.344308"><ele>164.7</ele><time>2025-01-01T13:37:26.000Z</time></trkpt>
      <trkpt lat="52.730264" lon="-1.344288"><ele>164.7</ele><time>2025-01-01T13:37:27.000Z</time></trkpt>
      <trkpt lat="52.730256" lon="-1.344259"><ele>164.7</ele><time>2025-01-01T13:37:28.000Z</time></trkpt>
      <trkpt lat="52.730244" lon="-1.344233"><ele>164.7</ele><time>2025-01-01T13:37:29.000Z</time></trkpt>
      <trkpt lat="52.730239" lon="-1.344219"><ele>164.7</ele><time>2025-01-01T13:37:30.000Z</time></trkpt>
      <trkpt lat="52.730234" lon="-1.344204"><ele>164.7</ele><time>2025-01-01T13:37:31.000Z</time></trkpt>
      <trkpt lat="52.730229" lon="-1.344192"><ele>164.7</ele><time>2025-01-01T13:37:32.000Z</time></trkpt>
      <trkpt lat="52.730220" lon="-1.344177"><ele>164.7</ele><time>2025-01-01T13:37:33.000Z</time></trkpt>
      <trkpt lat="52.730213" lon="-1.344168"><ele>164.7</ele><time>2025-01-01T13:37:34.000Z</time></trkpt>
      <trkpt lat="52.730203" lon="-1.344137"><ele>164.7</ele><time>2025-01-01T13:37:35.000Z</time></trkpt>
      <trkpt lat="52.730196" lon="-1.344126"><ele>164.7</ele><time>2025-01-01T13:37:36.000Z</time></trkpt>
      <trkpt lat="52.730189" lon="-1.344116"><ele>164.7</ele><time>2025-01-01T13:37:37.000Z</time></trkpt>
      <trkpt lat="52.730185" lon="-1.344106"><ele>164.7</ele><time>2025-01-01T13:37:38.000Z</time></trkpt>
      <trkpt lat="52.730165" lon="-1.344090"><ele>164.6</ele><time>2025-01-01T13:37:39.000Z</time></trkpt>
      <trkpt lat="52.730161" lon="-1.344079"><ele>164.6</ele><time>2025-01-01T13:37:40.000Z</time></trkpt>
      <trkpt lat="52.730148" lon="-1.344080"><ele>164.6</ele><time>2025-01-01T13:37:41.000Z</time></trkpt>
      <trkpt lat="52.730137" lon="-1.344067"><ele>164.6</ele><time>2025-01-01T13:37:42.000Z</time></trkpt>
      <trkpt lat="52.730124" lon="-1.344050"><ele>164.6</ele><time>2025-01-01T13:37:43.000Z</time></trkpt>
      <trkpt lat="52.730117" lon="-1.344045"><ele>164.6</ele><time>2025-01-01T13:37:44.000Z</time></trkpt>
      <trkpt lat="52.730109" lon="-1.344042"><ele>164.6</ele><time>2025-01-01T13:37:45.000Z</time></trkpt>
      <trkpt lat="52.730100" lon="-1.344037"><ele>164.6</ele><time>2025-01-01T13:37:46.000Z</time></trkpt>
      <trkpt lat="52.730093" lon="-1.344026"><ele>164.6</ele><time>2025-01-01T13:37:47.000Z</time></trkpt>
      <trkpt lat="52.730078" lon="-1.344021"><ele>164.6</ele><time>2025-01-01T13:37:48.000Z</time></trkpt>
      <trkpt lat="52.730071" lon="-1.344019"><ele>164.6</ele><time>2025-01-01T13:37:49.000Z</time></trkpt>
      <trkpt lat="52.730061" lon="-1.344013"><ele>164.6</ele><time>2025-01-01T13:37:50.000Z</time></trkpt>
      <trkpt lat="52.730043" lon="-1.344006"><ele>164.6</ele><time>2025-01-01T13:37:51.000Z</time></trkpt>
      <trkpt lat="52.730036" lon="-1.343954"><ele>164.6</ele><time>2025-01-01T13:37:52.000Z</time></trkpt>
      <trkpt lat="52.730037" lon="-1.343940"><ele>164.6</ele><time>2025-01-01T13:37:53.000Z</time></trkpt>
      <trkpt lat="52.730013" lon="-1.343903"><ele>164.6</ele><time>2025-01-01T13:37:54.000Z</time></trkpt>
      <trkpt lat="52.730004" lon="-1.343892"><ele>164.6</ele><time>2025-01-01T13:37:55.000Z</time></trkpt>
      <trkpt lat="52.729999" lon="-1.343852"><ele>164.7</ele><time>2025-01-01T13:37:56.000Z</time></trkpt>
      <trkpt lat="52.729985" lon="-1.343816"><ele>164.7</ele><time>2025-01-01T13:37:57.000Z</time></trkpt>
      <trkpt lat="52.729973" lon="-1.343769"><ele>164.7</ele><time>2025-01-01T13:37:58.000Z</time></trkpt>
      <trkpt lat="52.729960" lon="-1.343746"><ele>164.7</ele><time>2025-01-01T13:37:59.000Z</time></trkpt>
      <trkpt lat="52.729950" lon="-1.343742"><ele>164.7</ele><time>2025-01-01T13:38:00.000Z</time></trkpt>
      <trkpt lat="52.729935" lon="-1.343704"><ele>164.7</ele><time>2025-01-01T13:38:01.000Z</time></trkpt>
      <trkpt lat="52.729918" lon="-1.343685"><ele>164.7</ele><time>2025-01-01T13:38:02.000Z</time></trkpt>
      <trkpt lat="52.729909" lon="-1.343672"><ele>164.7</ele><time>2025-01-01T13:38:03.000Z</time></trkpt>
      <trkpt lat="52.729901" lon="-1.343658"><ele>164.7</ele><time>2025-01-01T13:38:04.000Z</time></trkpt>
      <trkpt lat="52.729892" lon="-1.343642"><ele>164.7</ele><time>2025-01-01T13:38:05.000Z</time></trkpt>
      <trkpt lat="52.729876" lon="-1.343625"><ele>164.8</ele><time>2025-01-01T13:38:06.000Z</time></trkpt>
      <trkpt lat="52.729868" lon="-1.343618"><ele>164.8</ele><time>2025-01-01T13:38:07.000Z</time></trkpt>
      <trkpt lat="52.729855" lon="-1.343602"><ele>164.8</ele><time>2025-01-01T13:38:08.000Z</time></trkpt>
      <trkpt lat="52.729845" lon="-1.343595"><ele>164.8</ele><time>2025-01-01T13:38:09.000Z</time></trkpt>
      <trkpt lat="52.729830" lon="-1.343580"><ele>164.8</ele><time>2025-01-01T13:38:10.000Z</time></trkpt>
      <trkpt lat="52.729816" lon="-1.343567"><ele>164.8</ele><time>2025-01-01T13:38:11.000Z</time></trkpt>
      <trkpt lat="52.729801" lon="-1.343558"><ele>164.8</ele><time>2025-01-01T13:38:12.000Z</time></trkpt>
      <trkpt lat="52.729793" lon="-1.343555"><ele>164.8</ele><time>2025-01-01T13:38:13.000Z</time></trkpt>
      <trkpt lat="52.729787" lon="-1.343550"><ele>164.8</ele><time>2025-01-01T13:38:14.000Z</time></trkpt>
      <trkpt lat="52.729760" lon="-1.343523"><ele>164.8</ele><time>2025-01-01T13:38:15.000Z</time></trkpt>
      <trkpt lat="52.729754" lon="-1.343518"><ele>164.8</ele><time>2025-01-01T13:38:16.000Z</time></trkpt>
      <trkpt lat="52.729738" lon="-1.343514"><ele>164.8</ele><time>2025-01-01T13:38:17.000Z</time></trkpt>
      <trkpt lat="52.729726" lon="-1.343506"><ele>164.8</ele><time>2025-01-01T13:38:18.000Z</time></trkpt>
      <trkpt lat="52.729703" lon="-1.343500"><ele>164.8</ele><time>2025-01-01T13:38:19.000Z</time></trkpt>
      <trkpt lat="52.729695" lon="-1.343500"><ele>164.8</ele><time>2025-01-01T13:38:20.000Z</time></trkpt>
      <trkpt lat="52.729686" lon="-1.343500"><ele>164.8</ele><time>2025-01-01T13:38:21.000Z</time></trkpt>
      <trkpt lat="52.729676" lon="-1.343473"><ele>164.8</ele><time>2025-01-01T13:38:22.000Z</time></trkpt>
      <trkpt lat="52.729666" lon="-1.343465"><ele>164.8</ele><time>2025-01-01T13:38:23.000Z</time></trkpt>
      <trkpt lat="52.729649" lon="-1.343444"><ele>164.8</ele><time>2025-01-01T13:38:24.000Z</time></trkpt>
      <trkpt lat="52.729643" lon="-1.343437"><ele>164.8</ele><time>2025-01-01T13:38:25.000Z</time></trkpt>
      <trkpt lat="52.729636" lon="-1.343430"><ele>164.8</ele><time>2025-01-01T13:38:26.000Z</time></trkpt>
      <trkpt lat="52.729616" lon="-1.343412"><ele>164.8</ele><time>2025-01-01T13:38:27.000Z</time></trkpt>
      <trkpt lat="52.729607" lon="-1.343401"><ele>164.8</ele><time>2025-01-01T13:38:28.000Z</time></trkpt>
      <trkpt lat="52.729597" lon="-1.343389"><ele>164.8</ele><time>2025-01-01T13:38:29.000Z</time></trkpt>
      <trkpt lat="52.729592" lon="-1.343385"><ele>164.8</ele><time>2025-01-01T13:38:30.000Z</time></trkpt>
      <trkpt lat="52.729578" lon="-1.343374"><ele>164.8</ele><time>2025-01-01T13:38:31.000Z</time></trkpt>
      <trkpt lat="52.729569" lon="-1.343366"><ele>164.9</ele><time>2025-01-01T13:38:32.000Z</time></trkpt>
      <trkpt lat="52.729555" lon="-1.343356"><ele>164.9</ele><time>2025-01-01T13:38:33.000Z</time></trkpt>
      <trkpt lat="52.729538" lon="-1.343343"><ele>164.9</ele><time>2025-01-01T13:38:34.000Z</time></trkpt>
      <trkpt lat="52.729526" lon="-1.343334"><ele>164.9</ele><time>2025-01-01T13:38:35.000Z</time></trkpt>
      <trkpt lat="52.729513" lon="-1.343323"><ele>164.9</ele><time>2025-01-01T13:38:36.000Z</time></trkpt>
      <trkpt lat="52.729506" lon="-1.343315"><ele>164.9</ele><time>2025-01-01T13:38:37.000Z</time></trkpt>
      <trkpt lat="52.729497" lon="-1.343305"><ele>164.9</ele><time>2025-01-01T13:38:38.000Z</time></trkpt>
      <trkpt lat="52.729484" lon="-1.343296"><ele>164.9</ele><time>2025-01-01T13:38:39.000Z</time></trkpt>
      <trkpt lat="52.729465" lon="-1.343287"><ele>164.9</ele><time>2025-01-01T13:38:40.000Z</time></trkpt>
      <trkpt lat="52.729458" lon="-1.343278"><ele>164.9</ele><time>2025-01-01T13:38:41.000Z</time></trkpt>
      <trkpt lat="52.729451" lon="-1.343268"><ele>164.9</ele><time>2025-01-01T13:38:42.000Z</time></trkpt>
      <trkpt lat="52.729441" lon="-1.343258"><ele>164.9</ele><time>2025-01-01T13:38:43.000Z</time></trkpt>
      <trkpt lat="52.729429" lon="-1.343258"><ele>164.9</ele><time>2025-01-01T13:38:44.000Z</time></trkpt>
      <trkpt lat="52.729419" lon="-1.343257"><ele>164.9</ele><time>2025-01-01T13:38:45.000Z</time></trkpt>
      <trkpt lat="52.729411" lon="-1.343256"><ele>164.9</ele><time>2025-01-01T13:38:46.000Z</time></trkpt>
      <trkpt lat="52.729396" lon="-1.343259"><ele>164.9</ele><time>2025-01-01T13:38:47.000Z</time></trkpt>
      <trkpt lat="52.729386" lon="-1.343256"><ele>164.9</ele><time>2025-01-01T13:38:48.000Z</time></trkpt>
      <trkpt lat="52.729366" lon="-1.343251"><ele>164.9</ele><time>2025-01-01T13:38:49.000Z</time></trkpt>
      <trkpt lat="52.729356" lon="-1.343248"><ele>164.9</ele><time>2025-01-01T13:38:50.000Z</time></trkpt>
      <trkpt lat="52.729347" lon="-1.343244"><ele>164.9</ele><time>2025-01-01T13:38:51.000Z</time></trkpt>
      <trkpt lat="52.729332" lon="-1.343238"><ele>164.9</ele><time>2025-01-01T13:38:52.000Z</time></trkpt>
      <trkpt lat="52.729319" lon="-1.343250"><ele>164.9</ele><time>2025-01-01T13:38:53.000Z</time></trkpt>
      <trkpt lat="52.729297" lon="-1.343211"><ele>164.9</ele><time>2025-01-01T13:38:54.000Z</time></trkpt>
      <trkpt lat="52.729290" lon="-1.343204"><ele>164.9</ele><time>2025-01-01T13:38:55.000Z</time></trkpt>
      <trkpt lat="52.729282" lon="-1.343191"><ele>164.9</ele><time>2025-01-01T13:38:56.000Z</time></trkpt>
      <trkpt lat="52.729272" lon="-1.343187"><ele>164.9</ele><time>2025-01-01T13:38:57.000Z</time></trkpt>
      <trkpt lat="52.729262" lon="-1.343177"><ele>164.9</ele><time>2025-01-01T13:38:58.000Z</time></trkpt>
      <trkpt lat="52.729240" lon="-1.343159"><ele>164.9</ele><time>2025-01-01T13:38:59.000Z</time></trkpt>
      <trkpt lat="52.729227" lon="-1.343148"><ele>164.9</ele><time>2025-01-01T13:39:00.000Z</time></trkpt>
      <trkpt lat="52.729217" lon="-1.343128"><ele>164.9</ele><time>2025-01-01T13:39:01.000Z</time></trkpt>
      <trkpt lat="52.729203" lon="-1.343117"><ele>164.9</ele><time>2025-01-01T13:39:02.000Z</time></trkpt>
      <trkpt lat="52.729181" lon="-1.343115"><ele>164.8</ele><time>2025-01-01T13:39:03.000Z</time></trkpt>
      <trkpt lat="52.729171" lon="-1.343109"><ele>164.8</ele><time>2025-01-01T13:39:04.000Z</time></trkpt>
      <trkpt lat="52.729161" lon="-1.343104"><ele>164.8</ele><time>2025-01-01T13:39:05.000Z</time></trkpt>
      <trkpt lat="52.729143" lon="-1.343086"><ele>164.8</ele><time>2025-01-01T13:39:06.000Z</time></trkpt>
      <trkpt lat="52.729135" lon="-1.343076"><ele>164.8</ele><time>2025-01-01T13:39:07.000Z</time></trkpt>
      <trkpt lat="52.729126" lon="-1.343066"><ele>164.8</ele><time>2025-01-01T13:39:08.000Z</time></trkpt>
      <trkpt lat="52.729116" lon="-1.343052"><ele>164.8</ele><time>2025-01-01T13:39:09.000Z</time></trkpt>
      <trkpt lat="52.729101" lon="-1.343030"><ele>164.8</ele><time>2025-01-01T13:39:10.000Z</time></trkpt>
      <trkpt lat="52.729086" lon="-1.343028"><ele>164.8</ele><time>2025-01-01T13:39:11.000Z</time></trkpt>
      <trkpt lat="52.729075" lon="-1.343021"><ele>164.8</ele><time>2025-01-01T13:39:12.000Z</time></trkpt>
      <trkpt lat="52.729069" lon="-1.343019"><ele>164.8</ele><time>2025-01-01T13:39:13.000Z</time></trkpt>
      <trkpt lat="52.729058" lon="-1.343007"><ele>164.7</ele><time>2025-01-01T13:39:14.000Z</time></trkpt>
      <trkpt lat="52.729041" lon="-1.342997"><ele>164.7</ele><time>2025-01-01T13:39:15.000Z</time></trkpt>
      <trkpt lat="52.729016" lon="-1.342987"><ele>164.7</ele><time>2025-01-01T13:39:16.000Z</time></trkpt>
      <trkpt lat="52.729007" lon="-1.342985"><ele>164.7</ele><time>2025-01-01T13:39:17.000Z</time></trkpt>
      <trkpt lat="52.728999" lon="-1.342982"><ele>164.7</ele><time>2025-01-01T13:39:18.000Z</time></trkpt>
      <trkpt lat="52.728987" lon="-1.342967"><ele>164.7</ele><time>2025-01-01T13:39:19.000Z</time></trkpt>
      <trkpt lat="52.728974" lon="-1.342963"><ele>164.7</ele><time>2025-01-01T13:39:20.000Z</time></trkpt>
      <trkpt lat="52.728961" lon="-1.342950"><ele>164.7</ele><time>2025-01-01T13:39:21.000Z</time></trkpt>
      <trkpt lat="52.728946" lon="-1.342947"><ele>164.6</ele><time>2025-01-01T13:39:22.000Z</time></trkpt>
      <trkpt lat="52.728931" lon="-1.342940"><ele>164.6</ele><time>2025-01-01T13:39:23.000Z</time></trkpt>
      <trkpt lat="52.728915" lon="-1.342932"><ele>164.6</ele><time>2025-01-01T13:39:24.000Z</time></trkpt>
      <trkpt lat="52.728906" lon="-1.342920"><ele>164.6</ele><time>2025-01-01T13:39:25.000Z</time></trkpt>
      <trkpt lat="52.728890" lon="-1.342910"><ele>164.6</ele><time>2025-01-01T13:39:26.000Z</time></trkpt>
      <trkpt lat="52.728872" lon="-1.342901"><ele>164.6</ele><time>2025-01-01T13:39:27.000Z</time></trkpt>
      <trkpt lat="52.728864" lon="-1.342895"><ele>164.6</ele><time>2025-01-01T13:39:28.000Z</time></trkpt>
      <trkpt lat="52.728856" lon="-1.342889"><ele>164.6</ele><time>2025-01-01T13:39:29.000Z</time></trkpt>
      <trkpt lat="52.728842" lon="-1.342886"><ele>164.5</ele><time>2025-01-01T13:39:30.000Z</time></trkpt>
      <trkpt lat="52.728833" lon="-1.342875"><ele>164.5</ele><time>2025-01-01T13:39:31.000Z</time></trkpt>
      <trkpt lat="52.728826" lon="-1.342861"><ele>164.5</ele><time>2025-01-01T13:39:32.000Z</time></trkpt>
      <trkpt lat="52.728794" lon="-1.342868"><ele>164.5</ele><time>2025-01-01T13:39:33.000Z</time></trkpt>
      <trkpt lat="52.728783" lon="-1.342837"><ele>164.5</ele><time>2025-01-01T13:39:34.000Z</time></trkpt>
      <trkpt lat="52.728776" lon="-1.342831"><ele>164.5</ele><time>2025-01-01T13:39:35.000Z</time></trkpt>
      <trkpt lat="52.728768" lon="-1.342826"><ele>164.5</ele><time>2025-01-01T13:39:36.000Z</time></trkpt>
      <trkpt lat="52.728750" lon="-1.342816"><ele>164.4</ele><time>2025-01-01T13:39:37.000Z</time></trkpt>
      <trkpt lat="52.728740" lon="-1.342808"><ele>164.4</ele><time>2025-01-01T13:39:38.000Z</time></trkpt>
      <trkpt lat="52.728731" lon="-1.342800"><ele>164.4</ele><time>2025-01-01T13:39:39.000Z</time></trkpt>
      <trkpt lat="52.728709" lon="-1.342787"><ele>164.4</ele><time>2025-01-01T13:39:40.000Z</time></trkpt>
      <trkpt lat="52.728699" lon="-1.342781"><ele>164.4</ele><time>2025-01-01T13:39:41.000Z</time></trkpt>
      <trkpt lat="52.728688" lon="-1.342776"><ele>164.4</ele><time>2025-01-01T13:39:42.000Z</time></trkpt>
      <trkpt lat="52.728671" lon="-1.342758"><ele>164.4</ele><time>2025-01-01T13:39:43.000Z</time></trkpt>
      <trkpt lat="52.728661" lon="-1.342751"><ele>164.4</ele><time>2025-01-01T13:39:44.000Z</time></trkpt>
      <trkpt lat="52.728651" lon="-1.342745"><ele>164.4</ele><time>2025-01-01T13:39:45.000Z</time></trkpt>
      <trkpt lat="52.728647" lon="-1.342740"><ele>164.3</ele><time>2025-01-01T13:39:46.000Z</time></trkpt>
      <trkpt lat="52.728618" lon="-1.342723"><ele>164.3</ele><time>2025-01-01T13:39:47.000Z</time></trkpt>
      <trkpt lat="52.728610" lon="-1.342719"><ele>164.3</ele><time>2025-01-01T13:39:48.000Z</time></trkpt>
      <trkpt lat="52.728600" lon="-1.342708"><ele>164.3</ele><time>2025-01-01T13:39:49.000Z</time></trkpt>
      <trkpt lat="52.728589" lon="-1.342700"><ele>164.3</ele><time>2025-01-01T13:39:50.000Z</time></trkpt>
      <trkpt lat="52.728568" lon="-1.342693"><ele>164.3</ele><time>2025-01-01T13:39:51.000Z</time></trkpt>
      <trkpt lat="52.728562" lon="-1.342688"><ele>164.3</ele><time>2025-01-01T13:39:52.000Z</time></trkpt>
      <trkpt lat="52.728541" lon="-1.342673"><ele>164.3</ele><time>2025-01-01T13:39:53.000Z</time></trkpt>
      <trkpt lat="52.728532" lon="-1.342670"><ele>164.3</ele><time>2025-01-01T13:39:54.000Z</time></trkpt>
      <trkpt lat="52.728524" lon="-1.342666"><ele>164.3</ele><time>2025-01-01T13:39:55.000Z</time></trkpt>
      <trkpt lat="52.728514" lon="-1.342666"><ele>164.3</ele><time>2025-01-01T13:39:56.000Z</time></trkpt>
      <trkpt lat="52.728504" lon="-1.342651"><ele>164.2</ele><time>2025-01-01T13:39:57.000Z</time></trkpt>
      <trkpt lat="52.728496" lon="-1.342639"><ele>164.2</ele><time>2025-01-01T13:39:58.000Z</time></trkpt>
      <trkpt lat="52.728485" lon="-1.342639"><ele>164.2</ele><time>2025-01-01T13:39:59.000Z</time></trkpt>
      <trkpt lat="52.728473" lon="-1.342628"><ele>164.2</ele><time>2025-01-01T13:40:00.000Z</time></trkpt>
      <trkpt lat="52.728471" lon="-1.342614"><ele>164.2</ele><time>2025-01-01T13:40:01.000Z</time></trkpt>
      <trkpt lat="52.728458" lon="-1.342595"><ele>164.2</ele><time>2025-01-01T13:40:02.000Z</time></trkpt>
      <trkpt lat="52.728441" lon="-1.342581"><ele>164.2</ele><time>2025-01-01T13:40:03.000Z</time></trkpt>
      <trkpt lat="52.728427" lon="-1.342566"><ele>164.2</ele><time>2025-01-01T13:40:04.000Z</time></trkpt>
      <trkpt lat="52.728419" lon="-1.342553"><ele>164.2</ele><time>2025-01-01T13:40:05.000Z</time></trkpt>
      <trkpt lat="52.728396" lon="-1.342536"><ele>164.2</ele><time>2025-01-01T13:40:06.000Z</time></trkpt>
      <trkpt lat="52.728388" lon="-1.342528"><ele>164.2</ele><time>2025-01-01T13:40:07.000Z</time></trkpt>
      <trkpt lat="52.728379" lon="-1.342521"><ele>164.2</ele><time>2025-01-01T13:40:08.000Z</time></trkpt>
      <trkpt lat="52.728359" lon="-1.342509"><ele>164.2</ele><time>2025-01-01T13:40:09.000Z</time></trkpt>
      <trkpt lat="52.728349" lon="-1.342503"><ele>164.2</ele><time>2025-01-01T13:40:10.000Z</time></trkpt>
      <trkpt lat="52.728329" lon="-1.342464"><ele>164.2</ele><time>2025-01-01T13:40:11.000Z</time></trkpt>
      <trkpt lat="52.728326" lon="-1.342455"><ele>164.2</ele><time>2025-01-01T13:40:12.000Z</time></trkpt>
      <trkpt lat="52.728307" lon="-1.342448"><ele>164.2</ele><time>2025-01-01T13:40:13.000Z</time></trkpt>
      <trkpt lat="52.728299" lon="-1.342439"><ele>164.2</ele><time>2025-01-01T13:40:14.000Z</time></trkpt>
      <trkpt lat="52.728290" lon="-1.342430"><ele>164.2</ele><time>2025-01-01T13:40:15.000Z</time></trkpt>
      <trkpt lat="52.728282" lon="-1.342416"><ele>164.2</ele><time>2025-01-01T13:40:16.000Z</time></trkpt>
      <trkpt lat="52.728273" lon="-1.342415"><ele>164.2</ele><time>2025-01-01T13:40:17.000Z</time></trkpt>
      <trkpt lat="52.728264" lon="-1.342402"><ele>164.2</ele><time>2025-01-01T13:40:18.000Z</time></trkpt>
      <trkpt lat="52.728247" lon="-1.342391"><ele>164.2</ele><time>2025-01-01T13:40:19.000Z</time></trkpt>
      <trkpt lat="52.728235" lon="-1.342378"><ele>164.2</ele><time>2025-01-01T13:40:20.000Z</time></trkpt>
      <trkpt lat="52.728223" lon="-1.342371"><ele>164.2</ele><time>2025-01-01T13:40:21.000Z</time></trkpt>
      <trkpt lat="52.728212" lon="-1.342351"><ele>164.3</ele><time>2025-01-01T13:40:22.000Z</time></trkpt>
      <trkpt lat="52.728203" lon="-1.342319"><ele>164.3</ele><time>2025-01-01T13:40:23.000Z</time></trkpt>
      <trkpt lat="52.728195" lon="-1.342308"><ele>164.3</ele><time>2025-01-01T13:40:24.000Z</time></trkpt>
      <trkpt lat="52.728179" lon="-1.342299"><ele>164.3</ele><time>2025-01-01T13:40:25.000Z</time></trkpt>
      <trkpt lat="52.728164" lon="-1.342291"><ele>164.3</ele><time>2025-01-01T13:40:26.000Z</time></trkpt>
      <trkpt lat="52.728152" lon="-1.342279"><ele>164.3</ele><time>2025-01-01T13:40:27.000Z</time></trkpt>
      <trkpt lat="52.728146" lon="-1.342261"><ele>164.3</ele><time>2025-01-01T13:40:28.000Z</time></trkpt>
      <trkpt lat="52.728138" lon="-1.342253"><ele>164.3</ele><time>2025-01-01T13:40:29.000Z</time></trkpt>
      <trkpt lat="52.728125" lon="-1.342237"><ele>164.3</ele><time>2025-01-01T13:40:31.000Z</time></trkpt>
      <trkpt lat="52.728116" lon="-1.342225"><ele>164.3</ele><time>2025-01-01T13:40:32.000Z</time></trkpt>
      <trkpt lat="52.728109" lon="-1.342218"><ele>164.3</ele><time>2025-01-01T13:40:33.000Z</time></trkpt>
      <trkpt lat="52.728090" lon="-1.342200"><ele>164.3</ele><time>2025-01-01T13:40:34.000Z</time></trkpt>
      <trkpt lat="52.728081" lon="-1.342192"><ele>164.3</ele><time>2025-01-01T13:40:35.000Z</time></trkpt>
      <trkpt lat="52.728061" lon="-1.342181"><ele>164.4</ele><time>2025-01-01T13:40:36.000Z</time></trkpt>
      <trkpt lat="52.728044" lon="-1.342167"><ele>164.4</ele><time>2025-01-01T13:40:37.000Z</time></trkpt>
      <trkpt lat="52.728035" lon="-1.342162"><ele>164.4</ele><time>2025-01-01T13:40:38.000Z</time></trkpt>
      <trkpt lat="52.728020" lon="-1.342156"><ele>164.4</ele><time>2025-01-01T13:40:39.000Z</time></trkpt>
      <trkpt lat="52.728013" lon="-1.342150"><ele>164.4</ele><time>2025-01-01T13:40:40.000Z</time></trkpt>
      <trkpt lat="52.728007" lon="-1.342144"><ele>164.4</ele><time>2025-01-01T13:40:41.000Z</time></trkpt>
      <trkpt lat="52.728000" lon="-1.342138"><ele>164.4</ele><time>2025-01-01T13:40:42.000Z</time></trkpt>
      <trkpt lat="52.727980" lon="-1.342119"><ele>164.4</ele><time>2025-01-01T13:40:43.000Z</time></trkpt>
      <trkpt lat="52.727972" lon="-1.342111"><ele>164.4</ele><time>2025-01-01T13:40:44.000Z</time></trkpt>
      <trkpt lat="52.727965" lon="-1.342104"><ele>164.4</ele><time>2025-01-01T13:40:45.000Z</time></trkpt>
      <trkpt lat="52.727941" lon="-1.342083"><ele>164.5</ele><time>2025-01-01T13:40:46.000Z</time></trkpt>
      <trkpt lat="52.727926" lon="-1.342065"><ele>164.5</ele><time>2025-01-01T13:40:47.000Z</time></trkpt>
      <trkpt lat="52.727909" lon="-1.342036"><ele>164.5</ele><time>2025-01-01T13:40:48.000Z</time></trkpt>
      <trkpt lat="52.727901" lon="-1.342029"><ele>164.5</ele><time>2025-01-01T13:40:49.000Z</time></trkpt>
      <trkpt lat="52.727893" lon="-1.342021"><ele>164.5</ele><time>2025-01-01T13:40:50.000Z</time></trkpt>
      <trkpt lat="52.727884" lon="-1.342013"><ele>164.5</ele><time>2025-01-01T13:40:51.000Z</time></trkpt>
      <trkpt lat="52.727873" lon="-1.342000"><ele>164.6</ele><time>2025-01-01T13:40:52.000Z</time></trkpt>
      <trkpt lat="52.727854" lon="-1.341992"><ele>164.6</ele><time>2025-01-01T13:40:53.000Z</time></trkpt>
      <trkpt lat="52.727849" lon="-1.341975"><ele>164.6</ele><time>2025-01-01T13:40:54.000Z</time></trkpt>
      <trkpt lat="52.727837" lon="-1.341951"><ele>164.6</ele><time>2025-01-01T13:40:55.000Z</time></trkpt>
      <trkpt lat="52.727827" lon="-1.341948"><ele>164.6</ele><time>2025-01-01T13:40:56.000Z</time></trkpt>
      <trkpt lat="52.727815" lon="-1.341922"><ele>164.6</ele><time>2025-01-01T13:40:57.000Z</time></trkpt>
      <trkpt lat="52.727805" lon="-1.341908"><ele>164.7</ele><time>2025-01-01T13:40:58.000Z</time></trkpt>
      <trkpt lat="52.727796" lon="-1.341895"><ele>164.7</ele><time>2025-01-01T13:40:59.000Z</time></trkpt>
      <trkpt lat="52.727796" lon="-1.341880"><ele>164.7</ele><time>2025-01-01T13:41:00.000Z</time></trkpt>
      <trkpt lat="52.727791" lon="-1.341856"><ele>164.7</ele><time>2025-01-01T13:41:01.000Z</time></trkpt>
      <trkpt lat="52.727781" lon="-1.341847"><ele>164.7</ele><time>2025-01-01T13:41:02.000Z</time></trkpt>
      <trkpt lat="52.727772" lon="-1.341837"><ele>164.7</ele><time>2025-01-01T13:41:03.000Z</time></trkpt>
      <trkpt lat="52.727756" lon="-1.341815"><ele>164.7</ele><time>2025-01-01T13:41:04.000Z</time></trkpt>
      <trkpt lat="52.727748" lon="-1.341806"><ele>164.8</ele><time>2025-01-01T13:41:05.000Z</time></trkpt>
      <trkpt lat="52.727730" lon="-1.341782"><ele>164.8</ele><time>2025-01-01T13:41:06.000Z</time></trkpt>
      <trkpt lat="52.727713" lon="-1.341783"><ele>164.8</ele><time>2025-01-01T13:41:07.000Z</time></trkpt>
      <trkpt lat="52.727703" lon="-1.341777"><ele>164.8</ele><time>2025-01-01T13:41:08.000Z</time></trkpt>
      <trkpt lat="52.727693" lon="-1.341769"><ele>164.8</ele><time>2025-01-01T13:41:09.000Z</time></trkpt>
      <trkpt lat="52.727685" lon="-1.341764"><ele>164.8</ele><time>2025-01-01T13:41:10.000Z</time></trkpt>
      <trkpt lat="52.727678" lon="-1.341758"><ele>164.9</ele><time>2025-01-01T13:41:11.000Z</time></trkpt>
      <trkpt lat="52.727670" lon="-1.341753"><ele>164.9</ele><time>2025-01-01T13:41:12.000Z</time></trkpt>
      <trkpt lat="52.727662" lon="-1.341748"><ele>164.9</ele><time>2025-01-01T13:41:13.000Z</time></trkpt>
      <trkpt lat="52.727643" lon="-1.341718"><ele>164.9</ele><time>2025-01-01T13:41:14.000Z</time></trkpt>
      <trkpt lat="52.727633" lon="-1.341720"><ele>164.9</ele><time>2025-01-01T13:41:15.000Z</time></trkpt>
      <trkpt lat="52.727626" lon="-1.341679"><ele>165.0</ele><time>2025-01-01T13:41:16.000Z</time></trkpt>
      <trkpt lat="52.727621" lon="-1.341672"><ele>165.0</ele><time>2025-01-01T13:41:17.000Z</time></trkpt>
      <trkpt lat="52.727609" lon="-1.341656"><ele>165.0</ele><time>2025-01-01T13:41:18.000Z</time></trkpt>
      <trkpt lat="52.727600" lon="-1.341645"><ele>165.0</ele><time>2025-01-01T13:41:19.000Z</time></trkpt>
      <trkpt lat="52.727595" lon="-1.341645"><ele>165.0</ele><time>2025-01-01T13:41:20.000Z</time></trkpt>
      <trkpt lat="52.727583" lon="-1.341652"><ele>165.0</ele><time>2025-01-01T13:41:21.000Z</time></trkpt>
      <trkpt lat="52.727563" lon="-1.341631"><ele>165.1</ele><time>2025-01-01T13:41:22.000Z</time></trkpt>
      <trkpt lat="52.727546" lon="-1.341575"><ele>165.1</ele><time>2025-01-01T13:41:23.000Z</time></trkpt>
      <trkpt lat="52.727541" lon="-1.341558"><ele>165.1</ele><time>2025-01-01T13:41:24.000Z</time></trkpt>
      <trkpt lat="52.727531" lon="-1.341541"><ele>165.2</ele><time>2025-01-01T13:41:25.000Z</time></trkpt>
      <trkpt lat="52.727523" lon="-1.341524"><ele>165.2</ele><time>2025-01-01T13:41:26.000Z</time></trkpt>
      <trkpt lat="52.727511" lon="-1.341485"><ele>165.2</ele><time>2025-01-01T13:41:27.000Z</time></trkpt>
      <trkpt lat="52.727505" lon="-1.341470"><ele>165.2</ele><time>2025-01-01T13:41:28.000Z</time></trkpt>
      <trkpt lat="52.727500" lon="-1.341457"><ele>165.2</ele><time>2025-01-01T13:41:29.000Z</time></trkpt>
      <trkpt lat="52.727488" lon="-1.341445"><ele>165.2</ele><time>2025-01-01T13:41:30.000Z</time></trkpt>
      <trkpt lat="52.727481" lon="-1.341438"><ele>165.3</ele><time>2025-01-01T13:41:31.000Z</time></trkpt>
      <trkpt lat="52.727459" lon="-1.341418"><ele>165.3</ele><time>2025-01-01T13:41:32.000Z</time></trkpt>
      <trkpt lat="52.727447" lon="-1.341404"><ele>165.3</ele><time>2025-01-01T13:41:33.000Z</time></trkpt>
      <trkpt lat="52.727436" lon="-1.341390"><ele>165.3</ele><time>2025-01-01T13:41:34.000Z</time></trkpt>
      <trkpt lat="52.727427" lon="-1.341371"><ele>165.3</ele><time>2025-01-01T13:41:35.000Z</time></trkpt>
      <trkpt lat="52.727418" lon="-1.341345"><ele>165.3</ele><time>2025-01-01T13:41:36.000Z</time></trkpt>
      <trkpt lat="52.727404" lon="-1.341321"><ele>165.4</ele><time>2025-01-01T13:41:37.000Z</time></trkpt>
      <trkpt lat="52.727391" lon="-1.341327"><ele>165.4</ele><time>2025-01-01T13:41:38.000Z</time></trkpt>
      <trkpt lat="52.727379" lon="-1.341332"><ele>165.4</ele><time>2025-01-01T13:41:39.000Z</time></trkpt>
      <trkpt lat="52.727363" lon="-1.341323"><ele>165.4</ele><time>2025-01-01T13:41:40.000Z</time></trkpt>
      <trkpt lat="52.727350" lon="-1.341325"><ele>165.4</ele><time>2025-01-01T13:41:41.000Z</time></trkpt>
      <trkpt lat="52.727338" lon="-1.341326"><ele>165.4</ele><time>2025-01-01T13:41:42.000Z</time></trkpt>
      <trkpt lat="52.727322" lon="-1.341286"><ele>165.5</ele><time>2025-01-01T13:41:43.000Z</time></trkpt>
      <trkpt lat="52.727319" lon="-1.341274"><ele>165.5</ele><time>2025-01-01T13:41:44.000Z</time></trkpt>
      <trkpt lat="52.727311" lon="-1.341252"><ele>165.5</ele><time>2025-01-01T13:41:45.000Z</time></trkpt>
      <trkpt lat="52.727302" lon="-1.341231"><ele>165.5</ele><time>2025-01-01T13:41:46.000Z</time></trkpt>
      <trkpt lat="52.727286" lon="-1.341195"><ele>165.5</ele><time>2025-01-01T13:41:47.000Z</time></trkpt>
      <trkpt lat="52.727278" lon="-1.341176"><ele>165.5</ele><time>2025-01-01T13:41:48.000Z</time></trkpt>
      <trkpt lat="52.727270" lon="-1.341158"><ele>165.6</ele><time>2025-01-01T13:41:49.000Z</time></trkpt>
      <trkpt lat="52.727263" lon="-1.341126"><ele>165.6</ele><time>2025-01-01T13:41:50.000Z</time></trkpt>
      <trkpt lat="52.727263" lon="-1.341108"><ele>165.6</ele><time>2025-01-01T13:41:51.000Z</time></trkpt>
      <trkpt lat="52.727262" lon="-1.341089"><ele>165.6</ele><time>2025-01-01T13:41:52.000Z</time></trkpt>
      <trkpt lat="52.727250" lon="-1.341050"><ele>165.6</ele><time>2025-01-01T13:41:53.000Z</time></trkpt>
      <trkpt lat="52.727242" lon="-1.341029"><ele>165.6</ele><time>2025-01-01T13:41:54.000Z</time></trkpt>
      <trkpt lat="52.727237" lon="-1.341012"><ele>165.7</ele><time>2025-01-01T13:41:55.000Z</time></trkpt>
      <trkpt lat="52.727228" lon="-1.340986"><ele>165.7</ele><time>2025-01-01T13:41:56.000Z</time></trkpt>
      <trkpt lat="52.727215" lon="-1.340968"><ele>165.7</ele><time>2025-01-01T13:41:57.000Z</time></trkpt>
      <trkpt lat="52.727201" lon="-1.340947"><ele>165.7</ele><time>2025-01-01T13:41:58.000Z</time></trkpt>
      <trkpt lat="52.727197" lon="-1.340916"><ele>165.7</ele><time>2025-01-01T13:41:59.000Z</time></trkpt>
      <trkpt lat="52.727192" lon="-1.340899"><ele>165.8</ele><time>2025-01-01T13:42:00.000Z</time></trkpt>
      <trkpt lat="52.727187" lon="-1.340882"><ele>165.8</ele><time>2025-01-01T13:42:01.000Z</time></trkpt>
      <trkpt lat="52.727179" lon="-1.340872"><ele>165.8</ele><time>2025-01-01T13:42:02.000Z</time></trkpt>
      <trkpt lat="52.727168" lon="-1.340857"><ele>165.8</ele><time>2025-01-01T13:42:03.000Z</time></trkpt>
      <trkpt lat="52.727163" lon="-1.340840"><ele>165.8</ele><time>2025-01-01T13:42:04.000Z</time></trkpt>
      <trkpt lat="52.727142" lon="-1.340805"><ele>165.9</ele><time>2025-01-01T13:42:05.000Z</time></trkpt>
      <trkpt lat="52.727137" lon="-1.340796"><ele>165.9</ele><time>2025-01-01T13:42:06.000Z</time></trkpt>
      <trkpt lat="52.727131" lon="-1.340796"><ele>165.9</ele><time>2025-01-01T13:42:07.000Z</time></trkpt>
      <trkpt lat="52.727118" lon="-1.340781"><ele>165.9</ele><time>2025-01-01T13:42:08.000Z</time></trkpt>
      <trkpt lat="52.727104" lon="-1.340771"><ele>165.9</ele><time>2025-01-01T13:42:09.000Z</time></trkpt>
      <trkpt lat="52.727085" lon="-1.340731"><ele>166.0</ele><time>2025-01-01T13:42:10.000Z</time></trkpt>
      <trkpt lat="52.727078" lon="-1.340710"><ele>166.0</ele><time>2025-01-01T13:42:11.000Z</time></trkpt>
      <trkpt lat="52.727071" lon="-1.340694"><ele>166.0</ele><time>2025-01-01T13:42:12.000Z</time></trkpt>
      <trkpt lat="52.727058" lon="-1.340667"><ele>166.0</ele><time>2025-01-01T13:42:13.000Z</time></trkpt>
      <trkpt lat="52.727054" lon="-1.340649"><ele>166.1</ele><time>2025-01-01T13:42:14.000Z</time></trkpt>
      <trkpt lat="52.727039" lon="-1.340628"><ele>166.1</ele><time>2025-01-01T13:42:15.000Z</time></trkpt>
      <trkpt lat="52.727031" lon="-1.340633"><ele>166.1</ele><time>2025-01-01T13:42:16.000Z</time></trkpt>
      <trkpt lat="52.727021" lon="-1.340651"><ele>166.1</ele><time>2025-01-01T13:42:17.000Z</time></trkpt>
      <trkpt lat="52.727011" lon="-1.340668"><ele>166.1</ele><time>2025-01-01T13:42:18.000Z</time></trkpt>
      <trkpt lat="52.726992" lon="-1.340619"><ele>166.2</ele><time>2025-01-01T13:42:19.000Z</time></trkpt>
      <trkpt lat="52.726987" lon="-1.340606"><ele>166.2</ele><time>2025-01-01T13:42:20.000Z</time></trkpt>
      <trkpt lat="52.726983" lon="-1.340587"><ele>166.2</ele><time>2025-01-01T13:42:21.000Z</time></trkpt>
      <trkpt lat="52.726976" lon="-1.340563"><ele>166.2</ele><time>2025-01-01T13:42:22.000Z</time></trkpt>
      <trkpt lat="52.726968" lon="-1.340549"><ele>166.3</ele><time>2025-01-01T13:42:23.000Z</time></trkpt>
      <trkpt lat="52.726947" lon="-1.340573"><ele>166.3</ele><time>2025-01-01T13:42:24.000Z</time></trkpt>
      <trkpt lat="52.726934" lon="-1.340549"><ele>166.3</ele><time>2025-01-01T13:42:25.000Z</time></trkpt>
      <trkpt lat="52.726918" lon="-1.340544"><ele>166.3</ele><time>2025-01-01T13:42:26.000Z</time></trkpt>
      <trkpt lat="52.726902" lon="-1.340507"><ele>166.4</ele><time>2025-01-01T13:42:27.000Z</time></trkpt>
      <trkpt lat="52.726896" lon="-1.340495"><ele>166.4</ele><time>2025-01-01T13:42:28.000Z</time></trkpt>
      <trkpt lat="52.726891" lon="-1.340486"><ele>166.4</ele><time>2025-01-01T13:42:29.000Z</time></trkpt>
      <trkpt lat="52.726882" lon="-1.340477"><ele>166.4</ele><time>2025-01-01T13:42:30.000Z</time></trkpt>
      <trkpt lat="52.726890" lon="-1.340465"><ele>166.4</ele><time>2025-01-01T13:42:31.000Z</time></trkpt>
      <trkpt lat="52.726888" lon="-1.340451"><ele>166.5</ele><time>2025-01-01T13:42:32.000Z</time></trkpt>
      <trkpt lat="52.726883" lon="-1.340391"><ele>166.5</ele><time>2025-01-01T13:42:33.000Z</time></trkpt>
      <trkpt lat="52.726884" lon="-1.340344"><ele>166.5</ele><time>2025-01-01T13:42:34.000Z</time></trkpt>
      <trkpt lat="52.726883" lon="-1.340306"><ele>166.5</ele><time>2025-01-01T13:42:35.000Z</time></trkpt>
      <trkpt lat="52.726883" lon="-1.340294"><ele>166.5</ele><time>2025-01-01T13:42:37.000Z</time></trkpt>
      <trkpt lat="52.726890" lon="-1.340253"><ele>166.4</ele><time>2025-01-01T13:42:38.000Z</time></trkpt>
      <trkpt lat="52.726891" lon="-1.340238"><ele>166.4</ele><time>2025-01-01T13:42:39.000Z</time></trkpt>
      <trkpt lat="52.726892" lon="-1.340203"><ele>166.3</ele><time>2025-01-01T13:42:40.000Z</time></trkpt>
      <trkpt lat="52.726892" lon="-1.340195"><ele>166.3</ele><time>2025-01-01T13:42:41.000Z</time></trkpt>
      <trkpt lat="52.726885" lon="-1.340182"><ele>166.3</ele><time>2025-01-01T13:42:42.000Z</time></trkpt>
      <trkpt lat="52.726893" lon="-1.340165"><ele>166.3</ele><time>2025-01-01T13:42:43.000Z</time></trkpt>
      <trkpt lat="52.726897" lon="-1.340131"><ele>166.2</ele><time>2025-01-01T13:42:44.000Z</time></trkpt>
      <trkpt lat="52.726909" lon="-1.340103"><ele>166.2</ele><time>2025-01-01T13:42:45.000Z</time></trkpt>
      <trkpt lat="52.726917" lon="-1.340092"><ele>166.1</ele><time>2025-01-01T13:42:46.000Z</time></trkpt>
      <trkpt lat="52.726924" lon="-1.340080"><ele>166.1</ele><time>2025-01-01T13:42:47.000Z</time></trkpt>
      <trkpt lat="52.726935" lon="-1.340045"><ele>166.1</ele><time>2025-01-01T13:42:48.000Z</time></trkpt>
      <trkpt lat="52.726943" lon="-1.340027"><ele>166.0</ele><time>2025-01-01T13:42:49.000Z</time></trkpt>
      <trkpt lat="52.726950" lon="-1.340010"><ele>166.0</ele><time>2025-01-01T13:42:50.000Z</time></trkpt>
      <trkpt lat="52.726953" lon="-1.339998"><ele>166.0</ele><time>2025-01-01T13:42:51.000Z</time></trkpt>
      <trkpt lat="52.726967" lon="-1.339976"><ele>166.0</ele><time>2025-01-01T13:42:52.000Z</time></trkpt>
      <trkpt lat="52.726982" lon="-1.339952"><ele>165.9</ele><time>2025-01-01T13:42:53.000Z</time></trkpt>
      <trkpt lat="52.726988" lon="-1.339943"><ele>165.9</ele><time>2025-01-01T13:42:54.000Z</time></trkpt>
      <trkpt lat="52.726994" lon="-1.339934"><ele>165.9</ele><time>2025-01-01T13:42:55.000Z</time></trkpt>
      <trkpt lat="52.727007" lon="-1.339891"><ele>165.9</ele><time>2025-01-01T13:42:56.000Z</time></trkpt>
      <trkpt lat="52.727021" lon="-1.339867"><ele>165.8</ele><time>2025-01-01T13:42:57.000Z</time></trkpt>
      <trkpt lat="52.727027" lon="-1.339855"><ele>165.8</ele><time>2025-01-01T13:42:58.000Z</time></trkpt>
      <trkpt lat="52.727032" lon="-1.339829"><ele>165.8</ele><time>2025-01-01T13:42:59.000Z</time></trkpt>
      <trkpt lat="52.727038" lon="-1.339811"><ele>165.8</ele><time>2025-01-01T13:43:00.000Z</time></trkpt>
      <trkpt lat="52.727042" lon="-1.339792"><ele>165.8</ele><time>2025-01-01T13:43:01.000Z</time></trkpt>
      <trkpt lat="52.727054" lon="-1.339769"><ele>165.7</ele><time>2025-01-01T13:43:02.000Z</time></trkpt>
      <trkpt lat="52.727071" lon="-1.339735"><ele>165.7</ele><time>2025-01-01T13:43:03.000Z</time></trkpt>
      <trkpt lat="52.727078" lon="-1.339723"><ele>165.7</ele><time>2025-01-01T13:43:04.000Z</time></trkpt>
      <trkpt lat="52.727092" lon="-1.339691"><ele>165.6</ele><time>2025-01-01T13:43:05.000Z</time></trkpt>
      <trkpt lat="52.727092" lon="-1.339675"><ele>165.6</ele><time>2025-01-01T13:43:06.000Z</time></trkpt>
      <trkpt lat="52.727108" lon="-1.339647"><ele>165.6</ele><time>2025-01-01T13:43:07.000Z</time></trkpt>
      <trkpt lat="52.727111" lon="-1.339636"><ele>165.5</ele><time>2025-01-01T13:43:08.000Z</time></trkpt>
      <trkpt lat="52.727115" lon="-1.339625"><ele>165.5</ele><time>2025-01-01T13:43:09.000Z</time></trkpt>
      <trkpt lat="52.727123" lon="-1.339609"><ele>165.5</ele><time>2025-01-01T13:43:10.000Z</time></trkpt>
      <trkpt lat="52.727131" lon="-1.339588"><ele>165.5</ele><time>2025-01-01T13:43:11.000Z</time></trkpt>
      <trkpt lat="52.727136" lon="-1.339570"><ele>165.5</ele><time>2025-01-01T13:43:12.000Z</time></trkpt>
      <trkpt lat="52.727144" lon="-1.339543"><ele>165.4</ele><time>2025-01-01T13:43:13.000Z</time></trkpt>
      <trkpt lat="52.727151" lon="-1.339515"><ele>165.4</ele><time>2025-01-01T13:43:14.000Z</time></trkpt>
      <trkpt lat="52.727154" lon="-1.339499"><ele>165.4</ele><time>2025-01-01T13:43:15.000Z</time></trkpt>
      <trkpt lat="52.727157" lon="-1.339483"><ele>165.3</ele><time>2025-01-01T13:43:16.000Z</time></trkpt>
      <trkpt lat="52.727168" lon="-1.339473"><ele>165.3</ele><time>2025-01-01T13:43:17.000Z</time></trkpt>
      <trkpt lat="52.727185" lon="-1.339453"><ele>165.3</ele><time>2025-01-01T13:43:18.000Z</time></trkpt>
      <trkpt lat="52.727188" lon="-1.339443"><ele>165.3</ele><time>2025-01-01T13:43:19.000Z</time></trkpt>
      <trkpt lat="52.727198" lon="-1.339436"><ele>165.2</ele><time>2025-01-01T13:43:20.000Z</time></trkpt>
      <trkpt lat="52.727207" lon="-1.339419"><ele>165.2</ele><time>2025-01-01T13:43:21.000Z</time></trkpt>
      <trkpt lat="52.727217" lon="-1.339378"><ele>165.1</ele><time>2025-01-01T13:43:22.000Z</time></trkpt>
      <trkpt lat="52.727221" lon="-1.339363"><ele>165.1</ele><time>2025-01-01T13:43:23.000Z</time></trkpt>
      <trkpt lat="52.727227" lon="-1.339351"><ele>165.1</ele><time>2025-01-01T13:43:24.000Z</time></trkpt>
      <trkpt lat="52.727234" lon="-1.339332"><ele>165.1</ele><time>2025-01-01T13:43:25.000Z</time></trkpt>
      <trkpt lat="52.727238" lon="-1.339317"><ele>165.0</ele><time>2025-01-01T13:43:26.000Z</time></trkpt>
      <trkpt lat="52.727252" lon="-1.339288"><ele>165.0</ele><time>2025-01-01T13:43:27.000Z</time></trkpt>
      <trkpt lat="52.727259" lon="-1.339276"><ele>164.9</ele><time>2025-01-01T13:43:28.000Z</time></trkpt>
      <trkpt lat="52.727272" lon="-1.339250"><ele>164.9</ele><time>2025-01-01T13:43:29.000Z</time></trkpt>
      <trkpt lat="52.727282" lon="-1.339231"><ele>164.8</ele><time>2025-01-01T13:43:30.000Z</time></trkpt>
      <trkpt lat="52.727291" lon="-1.339215"><ele>164.8</ele><time>2025-01-01T13:43:31.000Z</time></trkpt>
      <trkpt lat="52.727297" lon="-1.339190"><ele>164.7</ele><time>2025-01-01T13:43:32.000Z</time></trkpt>
      <trkpt lat="52.727308" lon="-1.339171"><ele>164.7</ele><time>2025-01-01T13:43:33.000Z</time></trkpt>
      <trkpt lat="52.727312" lon="-1.339156"><ele>164.6</ele><time>2025-01-01T13:43:34.000Z</time></trkpt>
      <trkpt lat="52.727321" lon="-1.339144"><ele>164.6</ele><time>2025-01-01T13:43:35.000Z</time></trkpt>
      <trkpt lat="52.727329" lon="-1.339122"><ele>164.6</ele><time>2025-01-01T13:43:36.000Z</time></trkpt>
      <trkpt lat="52.727333" lon="-1.339096"><ele>164.5</ele><time>2025-01-01T13:43:37.000Z</time></trkpt>
      <trkpt lat="52.727339" lon="-1.339092"><ele>164.5</ele><time>2025-01-01T13:43:38.000Z</time></trkpt>
      <trkpt lat="52.727340" lon="-1.339075"><ele>164.5</ele><time>2025-01-01T13:43:39.000Z</time></trkpt>
      <trkpt lat="52.727350" lon="-1.339061"><ele>164.4</ele><time>2025-01-01T13:43:40.000Z</time></trkpt>
      <trkpt lat="52.727353" lon="-1.339042"><ele>164.4</ele><time>2025-01-01T13:43:41.000Z</time></trkpt>
      <trkpt lat="52.727366" lon="-1.339014"><ele>164.3</ele><time>2025-01-01T13:43:42.000Z</time></trkpt>
      <trkpt lat="52.727383" lon="-1.338975"><ele>164.2</ele><time>2025-01-01T13:43:43.000Z</time></trkpt>
      <trkpt lat="52.727399" lon="-1.338954"><ele>164.2</ele><time>2025-01-01T13:43:44.000Z</time></trkpt>
      <trkpt lat="52.727418" lon="-1.338945"><ele>164.1</ele><time>2025-01-01T13:43:45.000Z</time></trkpt>
      <trkpt lat="52.727423" lon="-1.338920"><ele>164.1</ele><time>2025-01-01T13:43:46.000Z</time></trkpt>
      <trkpt lat="52.727436" lon="-1.338889"><ele>164.0</ele><time>2025-01-01T13:43:47.000Z</time></trkpt>
      <trkpt lat="52.727442" lon="-1.338876"><ele>164.0</ele><time>2025-01-01T13:43:48.000Z</time></trkpt>
      <trkpt lat="52.727448" lon="-1.338863"><ele>163.9</ele><time>2025-01-01T13:43:49.000Z</time></trkpt>
      <trkpt lat="52.727459" lon="-1.338834"><ele>163.9</ele><time>2025-01-01T13:43:50.000Z</time></trkpt>
      <trkpt lat="52.727466" lon="-1.338825"><ele>163.8</ele><time>2025-01-01T13:43:51.000Z</time></trkpt>
      <trkpt lat="52.727472" lon="-1.338815"><ele>163.8</ele><time>2025-01-01T13:43:52.000Z</time></trkpt>
      <trkpt lat="52.727481" lon="-1.338797"><ele>163.8</ele><time>2025-01-01T13:43:53.000Z</time></trkpt>
      <trkpt lat="52.727488" lon="-1.338773"><ele>163.7</ele><time>2025-01-01T13:43:54.000Z</time></trkpt>
      <trkpt lat="52.727494" lon="-1.338756"><ele>163.7</ele><time>2025-01-01T13:43:55.000Z</time></trkpt>
      <trkpt lat="52.727501" lon="-1.338734"><ele>163.7</ele><time>2025-01-01T13:43:56.000Z</time></trkpt>
      <trkpt lat="52.727508" lon="-1.338717"><ele>163.6</ele><time>2025-01-01T13:43:57.000Z</time></trkpt>
      <trkpt lat="52.727515" lon="-1.338711"><ele>163.6</ele><time>2025-01-01T13:43:58.000Z</time></trkpt>
      <trkpt lat="52.727524" lon="-1.338692"><ele>163.6</ele><time>2025-01-01T13:43:59.000Z</time></trkpt>
      <trkpt lat="52.727529" lon="-1.338676"><ele>163.6</ele><time>2025-01-01T13:44:00.000Z</time></trkpt>
      <trkpt lat="52.727534" lon="-1.338658"><ele>163.5</ele><time>2025-01-01T13:44:01.000Z</time></trkpt>
      <trkpt lat="52.727541" lon="-1.338640"><ele>163.5</ele><time>2025-01-01T13:44:02.000Z</time></trkpt>
      <trkpt lat="52.727546" lon="-1.338628"><ele>163.5</ele><time>2025-01-01T13:44:03.000Z</time></trkpt>
      <trkpt lat="52.727554" lon="-1.338612"><ele>163.5</ele><time>2025-01-01T13:44:04.000Z</time></trkpt>
      <trkpt lat="52.727558" lon="-1.338604"><ele>163.5</ele><time>2025-01-01T13:44:05.000Z</time></trkpt>
      <trkpt lat="52.727571" lon="-1.338575"><ele>163.4</ele><time>2025-01-01T13:44:06.000Z</time></trkpt>
      <trkpt lat="52.727574" lon="-1.338566"><ele>163.4</ele><time>2025-01-01T13:44:07.000Z</time></trkpt>
      <trkpt lat="52.727578" lon="-1.338557"><ele>163.4</ele><time>2025-01-01T13:44:08.000Z</time></trkpt>
      <trkpt lat="52.727581" lon="-1.338548"><ele>163.4</ele><time>2025-01-01T13:44:09.000Z</time></trkpt>
      <trkpt lat="52.727600" lon="-1.338521"><ele>163.4</ele><time>2025-01-01T13:44:10.000Z</time></trkpt>
      <trkpt lat="52.727605" lon="-1.338514"><ele>163.4</ele><time>2025-01-01T13:44:11.000Z</time></trkpt>
      <trkpt lat="52.727611" lon="-1.338507"><ele>163.4</ele><time>2025-01-01T13:44:12.000Z</time></trkpt>
      <trkpt lat="52.727616" lon="-1.338489"><ele>163.4</ele><time>2025-01-01T13:44:13.000Z</time></trkpt>
      <trkpt lat="52.727623" lon="-1.338477"><ele>163.4</ele><time>2025-01-01T13:44:14.000Z</time></trkpt>
      <trkpt lat="52.727630" lon="-1.338464"><ele>163.4</ele><time>2025-01-01T13:44:15.000Z</time></trkpt>
      <trkpt lat="52.727637" lon="-1.338451"><ele>163.3</ele><time>2025-01-01T13:44:16.000Z</time></trkpt>
      <trkpt lat="52.727658" lon="-1.338414"><ele>163.3</ele><time>2025-01-01T13:44:17.000Z</time></trkpt>
      <trkpt lat="52.727662" lon="-1.338398"><ele>163.3</ele><time>2025-01-01T13:44:18.000Z</time></trkpt>
      <trkpt lat="52.727667" lon="-1.338388"><ele>163.3</ele><time>2025-01-01T13:44:19.000Z</time></trkpt>
      <trkpt lat="52.727675" lon="-1.338372"><ele>163.3</ele><time>2025-01-01T13:44:20.000Z</time></trkpt>
      <trkpt lat="52.727668" lon="-1.338342"><ele>163.3</ele><time>2025-01-01T13:44:21.000Z</time></trkpt>
      <trkpt lat="52.727677" lon="-1.338324"><ele>163.3</ele><time>2025-01-01T13:44:22.000Z</time></trkpt>
      <trkpt lat="52.727693" lon="-1.338302"><ele>163.3</ele><time>2025-01-01T13:44:23.000Z</time></trkpt>
      <trkpt lat="52.727706" lon="-1.338266"><ele>163.3</ele><time>2025-01-01T13:44:24.000Z</time></trkpt>
      <trkpt lat="52.727712" lon="-1.338260"><ele>163.2</ele><time>2025-01-01T13:44:25.000Z</time></trkpt>
      <trkpt lat="52.727717" lon="-1.338215"><ele>163.2</ele><time>2025-01-01T13:44:26.000Z</time></trkpt>
      <trkpt lat="52.727714" lon="-1.338198"><ele>163.2</ele><time>2025-01-01T13:44:27.000Z</time></trkpt>
      <trkpt lat="52.727738" lon="-1.338174"><ele>163.2</ele><time>2025-01-01T13:44:28.000Z</time></trkpt>
      <trkpt lat="52.727744" lon="-1.338158"><ele>163.2</ele><time>2025-01-01T13:44:29.000Z</time></trkpt>
      <trkpt lat="52.727763" lon="-1.338140"><ele>163.2</ele><time>2025-01-01T13:44:30.000Z</time></trkpt>
      <trkpt lat="52.727765" lon="-1.338130"><ele>163.2</ele><time>2025-01-01T13:44:31.000Z</time></trkpt>
      <trkpt lat="52.727768" lon="-1.338121"><ele>163.2</ele><time>2025-01-01T13:44:32.000Z</time></trkpt>
      <trkpt lat="52.727770" lon="-1.338111"><ele>163.2</ele><time>2025-01-01T13:44:33.000Z</time></trkpt>
      <trkpt lat="52.727789" lon="-1.338062"><ele>163.2</ele><time>2025-01-01T13:44:34.000Z</time></trkpt>
      <trkpt lat="52.727790" lon="-1.338042"><ele>163.2</ele><time>2025-01-01T13:44:35.000Z</time></trkpt>
      <trkpt lat="52.727803" lon="-1.338017"><ele>163.2</ele><time>2025-01-01T13:44:36.000Z</time></trkpt>
      <trkpt lat="52.727808" lon="-1.337997"><ele>163.2</ele><time>2025-01-01T13:44:37.000Z</time></trkpt>
      <trkpt lat="52.727812" lon="-1.337976"><ele>163.2</ele><time>2025-01-01T13:44:38.000Z</time></trkpt>
      <trkpt lat="52.727817" lon="-1.337938"><ele>163.2</ele><time>2025-01-01T13:44:39.000Z</time></trkpt>
      <trkpt lat="52.727828" lon="-1.337927"><ele>163.2</ele><time>2025-01-01T13:44:40.000Z</time></trkpt>
      <trkpt lat="52.727839" lon="-1.337904"><ele>163.2</ele><time>2025-01-01T13:44:41.000Z</time></trkpt>
      <trkpt lat="52.727850" lon="-1.337889"><ele>163.2</ele><time>2025-01-01T13:44:43.000Z</time></trkpt>
      <trkpt lat="52.727873" lon="-1.337879"><ele>163.2</ele><time>2025-01-01T13:44:44.000Z</time></trkpt>
      <trkpt lat="52.727875" lon="-1.337867"><ele>163.2</ele><time>2025-01-01T13:44:45.000Z</time></trkpt>
      <trkpt lat="52.727906" lon="-1.337861"><ele>163.2</ele><time>2025-01-01T13:44:46.000Z</time></trkpt>
      <trkpt lat="52.727931" lon="-1.337835"><ele>163.2</ele><time>2025-01-01T13:44:47.000Z</time></trkpt>
      <trkpt lat="52.727942" lon="-1.337818"><ele>163.2</ele><time>2025-01-01T13:44:48.000Z</time></trkpt>
      <trkpt lat="52.727954" lon="-1.337802"><ele>163.2</ele><time>2025-01-01T13:44:49.000Z</time></trkpt>
      <trkpt lat="52.727965" lon="-1.337785"><ele>163.2</ele><time>2025-01-01T13:44:50.000Z</time></trkpt>
      <trkpt lat="52.727969" lon="-1.337797"><ele>163.2</ele><time>2025-01-01T13:44:51.000Z</time></trkpt>
      <trkpt lat="52.727977" lon="-1.337787"><ele>163.2</ele><time>2025-01-01T13:44:52.000Z</time></trkpt>
      <trkpt lat="52.727985" lon="-1.337776"><ele>163.2</ele><time>2025-01-01T13:44:53.000Z</time></trkpt>
      <trkpt lat="52.727993" lon="-1.337766"><ele>163.2</ele><time>2025-01-01T13:44:54.000Z</time></trkpt>
      <trkpt lat="52.728001" lon="-1.337755"><ele>163.2</ele><time>2025-01-01T13:44:55.000Z</time></trkpt>
      <trkpt lat="52.728024" lon="-1.337721"><ele>163.2</ele><time>2025-01-01T13:44:56.000Z</time></trkpt>
      <trkpt lat="52.728033" lon="-1.337703"><ele>163.3</ele><time>2025-01-01T13:44:57.000Z</time></trkpt>
      <trkpt lat="52.728041" lon="-1.337685"><ele>163.3</ele><time>2025-01-01T13:44:58.000Z</time></trkpt>
      <trkpt lat="52.728052" lon="-1.337665"><ele>163.3</ele><time>2025-01-01T13:44:59.000Z</time></trkpt>
      <trkpt lat="52.728058" lon="-1.337646"><ele>163.3</ele><time>2025-01-01T13:45:00.000Z</time></trkpt>
      <trkpt lat="52.728064" lon="-1.337629"><ele>163.3</ele><time>2025-01-01T13:45:01.000Z</time></trkpt>
      <trkpt lat="52.728050" lon="-1.337617"><ele>163.3</ele><time>2025-01-01T13:45:02.000Z</time></trkpt>
      <trkpt lat="52.728054" lon="-1.337621"><ele>163.3</ele><time>2025-01-01T13:45:03.000Z</time></trkpt>
      <trkpt lat="52.728052" lon="-1.337615"><ele>163.3</ele><time>2025-01-01T13:45:04.000Z</time></trkpt>
      <trkpt lat="52.728056" lon="-1.337579"><ele>163.3</ele><time>2025-01-01T13:45:05.000Z</time></trkpt>
      <trkpt lat="52.728062" lon="-1.337568"><ele>163.4</ele><time>2025-01-01T13:45:06.000Z</time></trkpt>
      <trkpt lat="52.728081" lon="-1.337525"><ele>163.4</ele><time>2025-01-01T13:45:07.000Z</time></trkpt>
      <trkpt lat="52.728093" lon="-1.337505"><ele>163.4</ele><time>2025-01-01T13:45:08.000Z</time></trkpt>
      <trkpt lat="52.728106" lon="-1.337484"><ele>163.5</ele><time>2025-01-01T13:45:09.000Z</time></trkpt>
      <trkpt lat="52.728114" lon="-1.337459"><ele>163.5</ele><time>2025-01-01T13:45:10.000Z</time></trkpt>
      <trkpt lat="52.728119" lon="-1.337444"><ele>163.5</ele><time>2025-01-01T13:45:11.000Z</time></trkpt>
      <trkpt lat="52.728124" lon="-1.337428"><ele>163.5</ele><time>2025-01-01T13:45:12.000Z</time></trkpt>
      <trkpt lat="52.728127" lon="-1.337404"><ele>163.5</ele><time>2025-01-01T13:45:13.000Z</time></trkpt>
      <trkpt lat="52.728133" lon="-1.337383"><ele>163.6</ele><time>2025-01-01T13:45:14.000Z</time></trkpt>
      <trkpt lat="52.728136" lon="-1.337354"><ele>163.6</ele><time>2025-01-01T13:45:15.000Z</time></trkpt>
      <trkpt lat="52.728138" lon="-1.337337"><ele>163.6</ele><time>2025-01-01T13:45:16.000Z</time></trkpt>
      <trkpt lat="52.728140" lon="-1.337313"><ele>163.7</ele><time>2025-01-01T13:45:17.000Z</time></trkpt>
      <trkpt lat="52.728145" lon="-1.337290"><ele>163.7</ele><time>2025-01-01T13:45:18.000Z</time></trkpt>
      <trkpt lat="52.728163" lon="-1.337256"><ele>163.8</ele><time>2025-01-01T13:45:19.000Z</time></trkpt>
      <trkpt lat="52.728164" lon="-1.337244"><ele>163.8</ele><time>2025-01-01T13:45:20.000Z</time></trkpt>
      <trkpt lat="52.728164" lon="-1.337233"><ele>163.8</ele><time>2025-01-01T13:45:21.000Z</time></trkpt>
      <trkpt lat="52.728191" lon="-1.337207"><ele>163.9</ele><time>2025-01-01T13:45:22.000Z</time></trkpt>
      <trkpt lat="52.728199" lon="-1.337201"><ele>163.9</ele><time>2025-01-01T13:45:23.000Z</time></trkpt>
      <trkpt lat="52.728213" lon="-1.337176"><ele>164.0</ele><time>2025-01-01T13:45:24.000Z</time></trkpt>
      <trkpt lat="52.728220" lon="-1.337152"><ele>164.0</ele><time>2025-01-01T13:45:25.000Z</time></trkpt>
      <trkpt lat="52.728223" lon="-1.337145"><ele>164.0</ele><time>2025-01-01T13:45:26.000Z</time></trkpt>
      <trkpt lat="52.728231" lon="-1.337144"><ele>164.1</ele><time>2025-01-01T13:45:27.000Z</time></trkpt>
      <trkpt lat="52.728243" lon="-1.337141"><ele>164.1</ele><time>2025-01-01T13:45:28.000Z</time></trkpt>
      <trkpt lat="52.728256" lon="-1.337099"><ele>164.2</ele><time>2025-01-01T13:45:29.000Z</time></trkpt>
      <trkpt lat="52.728261" lon="-1.337093"><ele>164.2</ele><time>2025-01-01T13:45:30.000Z</time></trkpt>
      <trkpt lat="52.728265" lon="-1.337068"><ele>164.2</ele><time>2025-01-01T13:45:31.000Z</time></trkpt>
      <trkpt lat="52.728258" lon="-1.337055"><ele>164.3</ele><time>2025-01-01T13:45:32.000Z</time></trkpt>
      <trkpt lat="52.728274" lon="-1.337049"><ele>164.3</ele><time>2025-01-01T13:45:33.000Z</time></trkpt>
      <trkpt lat="52.728292" lon="-1.337049"><ele>164.4</ele><time>2025-01-01T13:45:34.000Z</time></trkpt>
      <trkpt lat="52.728300" lon="-1.336998"><ele>164.5</ele><time>2025-01-01T13:45:35.000Z</time></trkpt>
      <trkpt lat="52.728314" lon="-1.336977"><ele>164.6</ele><time>2025-01-01T13:45:36.000Z</time></trkpt>
      <trkpt lat="52.728320" lon="-1.336960"><ele>164.6</ele><time>2025-01-01T13:45:37.000Z</time></trkpt>
      <trkpt lat="52.728325" lon="-1.336942"><ele>164.7</ele><time>2025-01-01T13:45:38.000Z</time></trkpt>
      <trkpt lat="52.728327" lon="-1.336935"><ele>164.7</ele><time>2025-01-01T13:45:39.000Z</time></trkpt>
      <trkpt lat="52.728328" lon="-1.336920"><ele>164.7</ele><time>2025-01-01T13:45:40.000Z</time></trkpt>
      <trkpt lat="52.728329" lon="-1.336922"><ele>164.7</ele><time>2025-01-01T13:45:41.000Z</time></trkpt>
      <trkpt lat="52.728347" lon="-1.336908"><ele>164.8</ele><time>2025-01-01T13:45:42.000Z</time></trkpt>
      <trkpt lat="52.728379" lon="-1.336871"><ele>165.0</ele><time>2025-01-01T13:45:43.000Z</time></trkpt>
      <trkpt lat="52.728391" lon="-1.336857"><ele>165.0</ele><time>2025-01-01T13:45:44.000Z</time></trkpt>
      <trkpt lat="52.728399" lon="-1.336859"><ele>165.1</ele><time>2025-01-01T13:45:45.000Z</time></trkpt>
      <trkpt lat="52.728404" lon="-1.336841"><ele>165.1</ele><time>2025-01-01T13:45:46.000Z</time></trkpt>
      <trkpt lat="52.728403" lon="-1.336815"><ele>165.2</ele><time>2025-01-01T13:45:47.000Z</time></trkpt>
      <trkpt lat="52.728410" lon="-1.336804"><ele>165.2</ele><time>2025-01-01T13:45:48.000Z</time></trkpt>
      <trkpt lat="52.728422" lon="-1.336772"><ele>165.3</ele><time>2025-01-01T13:45:49.000Z</time></trkpt>
      <trkpt lat="52.728440" lon="-1.336746"><ele>165.4</ele><time>2025-01-01T13:45:50.000Z</time></trkpt>
      <trkpt lat="52.728445" lon="-1.336738"><ele>165.4</ele><time>2025-01-01T13:45:51.000Z</time></trkpt>
      <trkpt lat="52.728450" lon="-1.336731"><ele>165.4</ele><time>2025-01-01T13:45:52.000Z</time></trkpt>
      <trkpt lat="52.728464" lon="-1.336708"><ele>165.5</ele><time>2025-01-01T13:45:53.000Z</time></trkpt>
      <trkpt lat="52.728469" lon="-1.336690"><ele>165.6</ele><time>2025-01-01T13:45:54.000Z</time></trkpt>
      <trkpt lat="52.728483" lon="-1.336671"><ele>165.7</ele><time>2025-01-01T13:45:55.000Z</time></trkpt>
      <trkpt lat="52.728482" lon="-1.336655"><ele>165.7</ele><time>2025-01-01T13:45:56.000Z</time></trkpt>
      <trkpt lat="52.728487" lon="-1.336639"><ele>165.7</ele><time>2025-01-01T13:45:57.000Z</time></trkpt>
      <trkpt lat="52.728516" lon="-1.336611"><ele>165.9</ele><time>2025-01-01T13:45:58.000Z</time></trkpt>
      <trkpt lat="52.728527" lon="-1.336601"><ele>165.9</ele><time>2025-01-01T13:45:59.000Z</time></trkpt>
      <trkpt lat="52.728533" lon="-1.336588"><ele>166.0</ele><time>2025-01-01T13:46:00.000Z</time></trkpt>
      <trkpt lat="52.728550" lon="-1.336563"><ele>166.1</ele><time>2025-01-01T13:46:01.000Z</time></trkpt>
      <trkpt lat="52.728576" lon="-1.336537"><ele>166.2</ele><time>2025-01-01T13:46:02.000Z</time></trkpt>
      <trkpt lat="52.728585" lon="-1.336527"><ele>166.3</ele><time>2025-01-01T13:46:03.000Z</time></trkpt>
      <trkpt lat="52.728593" lon="-1.336516"><ele>166.3</ele><time>2025-01-01T13:46:04.000Z</time></trkpt>
      <trkpt lat="52.728590" lon="-1.336492"><ele>166.4</ele><time>2025-01-01T13:46:05.000Z</time></trkpt>
      <trkpt lat="52.728595" lon="-1.336469"><ele>166.4</ele><time>2025-01-01T13:46:06.000Z</time></trkpt>
      <trkpt lat="52.728600" lon="-1.336434"><ele>166.5</ele><time>2025-01-01T13:46:07.000Z</time></trkpt>
      <trkpt lat="52.728598" lon="-1.336418"><ele>166.5</ele><time>2025-01-01T13:46:08.000Z</time></trkpt>
      <trkpt lat="52.728617" lon="-1.336370"><ele>166.7</ele><time>2025-01-01T13:46:09.000Z</time></trkpt>
      <trkpt lat="52.728630" lon="-1.336337"><ele>166.8</ele><time>2025-01-01T13:46:10.000Z</time></trkpt>
      <trkpt lat="52.728643" lon="-1.336305"><ele>166.9</ele><time>2025-01-01T13:46:11.000Z</time></trkpt>
      <trkpt lat="52.728626" lon="-1.336320"><ele>166.9</ele><time>2025-01-01T13:46:12.000Z</time></trkpt>
      <trkpt lat="52.728637" lon="-1.336306"><ele>167.0</ele><time>2025-01-01T13:46:13.000Z</time></trkpt>
      <trkpt lat="52.728640" lon="-1.336315"><ele>167.0</ele><time>2025-01-01T13:46:14.000Z</time></trkpt>
      <trkpt lat="52.728655" lon="-1.336278"><ele>167.1</ele><time>2025-01-01T13:46:15.000Z</time></trkpt>
      <trkpt lat="52.728663" lon="-1.336261"><ele>167.2</ele><time>2025-01-01T13:46:16.000Z</time></trkpt>
      <trkpt lat="52.728679" lon="-1.336246"><ele>167.2</ele><time>2025-01-01T13:46:17.000Z</time></trkpt>
      <trkpt lat="52.728684" lon="-1.336219"><ele>167.3</ele><time>2025-01-01T13:46:18.000Z</time></trkpt>
      <trkpt lat="52.728700" lon="-1.336202"><ele>167.3</ele><time>2025-01-01T13:46:19.000Z</time></trkpt>
      <trkpt lat="52.728707" lon="-1.336187"><ele>167.4</ele><time>2025-01-01T13:46:20.000Z</time></trkpt>
      <trkpt lat="52.728711" lon="-1.336178"><ele>167.4</ele><time>2025-01-01T13:46:21.000Z</time></trkpt>
      <trkpt lat="52.728718" lon="-1.336162"><ele>167.4</ele><time>2025-01-01T13:46:22.000Z</time></trkpt>
      <trkpt lat="52.728723" lon="-1.336154"><ele>167.5</ele><time>2025-01-01T13:46:23.000Z</time></trkpt>
      <trkpt lat="52.728725" lon="-1.336144"><ele>167.5</ele><time>2025-01-01T13:46:24.000Z</time></trkpt>
      <trkpt lat="52.728734" lon="-1.336125"><ele>167.5</ele><time>2025-01-01T13:46:25.000Z</time></trkpt>
      <trkpt lat="52.728737" lon="-1.336115"><ele>167.5</ele><time>2025-01-01T13:46:26.000Z</time></trkpt>
      <trkpt lat="52.728745" lon="-1.336096"><ele>167.6</ele><time>2025-01-01T13:46:27.000Z</time></trkpt>
      <trkpt lat="52.728749" lon="-1.336073"><ele>167.6</ele><time>2025-01-01T13:46:28.000Z</time></trkpt>
      <trkpt lat="52.728757" lon="-1.336054"><ele>167.7</ele><time>2025-01-01T13:46:29.000Z</time></trkpt>
      <trkpt lat="52.728764" lon="-1.336020"><ele>167.7</ele><time>2025-01-01T13:46:30.000Z</time></trkpt>
      <trkpt lat="52.728768" lon="-1.336009"><ele>167.8</ele><time>2025-01-01T13:46:31.000Z</time></trkpt>
      <trkpt lat="52.728773" lon="-1.335998"><ele>167.8</ele><time>2025-01-01T13:46:32.000Z</time></trkpt>
      <trkpt lat="52.728784" lon="-1.335964"><ele>167.9</ele><time>2025-01-01T13:46:33.000Z</time></trkpt>
      <trkpt lat="52.728789" lon="-1.335948"><ele>167.9</ele><time>2025-01-01T13:46:34.000Z</time></trkpt>
      <trkpt lat="52.728793" lon="-1.335931"><ele>167.9</ele><time>2025-01-01T13:46:35.000Z</time></trkpt>
      <trkpt lat="52.728796" lon="-1.335922"><ele>167.9</ele><time>2025-01-01T13:46:36.000Z</time></trkpt>
      <trkpt lat="52.728808" lon="-1.335892"><ele>168.0</ele><time>2025-01-01T13:46:37.000Z</time></trkpt>
      <trkpt lat="52.728820" lon="-1.335874"><ele>168.0</ele><time>2025-01-01T13:46:38.000Z</time></trkpt>
      <trkpt lat="52.728827" lon="-1.335862"><ele>168.1</ele><time>2025-01-01T13:46:39.000Z</time></trkpt>
      <trkpt lat="52.728835" lon="-1.335849"><ele>168.1</ele><time>2025-01-01T13:46:40.000Z</time></trkpt>
      <trkpt lat="52.728849" lon="-1.335832"><ele>168.2</ele><time>2025-01-01T13:46:41.000Z</time></trkpt>
      <trkpt lat="52.728856" lon="-1.335813"><ele>168.2</ele><time>2025-01-01T13:46:42.000Z</time></trkpt>
      <trkpt lat="52.728869" lon="-1.335799"><ele>168.2</ele><time>2025-01-01T13:46:43.000Z</time></trkpt>
      <trkpt lat="52.728877" lon="-1.335778"><ele>168.3</ele><time>2025-01-01T13:46:44.000Z</time></trkpt>
      <trkpt lat="52.728878" lon="-1.335748"><ele>168.3</ele><time>2025-01-01T13:46:45.000Z</time></trkpt>
      <trkpt lat="52.728889" lon="-1.335733"><ele>168.4</ele><time>2025-01-01T13:46:46.000Z</time></trkpt>
      <trkpt lat="52.728891" lon="-1.335737"><ele>168.4</ele><time>2025-01-01T13:46:47.000Z</time></trkpt>
      <trkpt lat="52.728897" lon="-1.335712"><ele>168.4</ele><time>2025-01-01T13:46:49.000Z</time></trkpt>
      <trkpt lat="52.728914" lon="-1.335708"><ele>168.5</ele><time>2025-01-01T13:46:50.000Z</time></trkpt>
      <trkpt lat="52.728936" lon="-1.335671"><ele>168.6</ele><time>2025-01-01T13:46:51.000Z</time></trkpt>
      <trkpt lat="52.728934" lon="-1.335668"><ele>168.6</ele><time>2025-01-01T13:46:52.000Z</time></trkpt>
      <trkpt lat="52.728936" lon="-1.335653"><ele>168.6</ele><time>2025-01-01T13:46:53.000Z</time></trkpt>
      <trkpt lat="52.728945" lon="-1.335627"><ele>168.7</ele><time>2025-01-01T13:46:54.000Z</time></trkpt>
      <trkpt lat="52.728959" lon="-1.335610"><ele>168.7</ele><time>2025-01-01T13:46:55.000Z</time></trkpt>
      <trkpt lat="52.728971" lon="-1.335590"><ele>168.8</ele><time>2025-01-01T13:46:56.000Z</time></trkpt>
      <trkpt lat="52.728982" lon="-1.335555"><ele>168.8</ele><time>2025-01-01T13:46:57.000Z</time></trkpt>
      <trkpt lat="52.728989" lon="-1.335547"><ele>168.9</ele><time>2025-01-01T13:46:58.000Z</time></trkpt>
      <trkpt lat="52.728995" lon="-1.335539"><ele>168.9</ele><time>2025-01-01T13:46:59.000Z</time></trkpt>
      <trkpt lat="52.729005" lon="-1.335506"><ele>168.9</ele><time>2025-01-01T13:47:00.000Z</time></trkpt>
      <trkpt lat="52.729006" lon="-1.335492"><ele>169.0</ele><time>2025-01-01T13:47:01.000Z</time></trkpt>
      <trkpt lat="52.729007" lon="-1.335477"><ele>169.0</ele><time>2025-01-01T13:47:02.000Z</time></trkpt>
      <trkpt lat="52.729026" lon="-1.335447"><ele>169.0</ele><time>2025-01-01T13:47:03.000Z</time></trkpt>
      <trkpt lat="52.729041" lon="-1.335429"><ele>169.1</ele><time>2025-01-01T13:47:04.000Z</time></trkpt>
      <trkpt lat="52.729046" lon="-1.335418"><ele>169.1</ele><time>2025-01-01T13:47:05.000Z</time></trkpt>
      <trkpt lat="52.729055" lon="-1.335411"><ele>169.1</ele><time>2025-01-01T13:47:06.000Z</time></trkpt>
      <trkpt lat="52.729065" lon="-1.335385"><ele>169.2</ele><time>2025-01-01T13:47:07.000Z</time></trkpt>
      <trkpt lat="52.729069" lon="-1.335378"><ele>169.2</ele><time>2025-01-01T13:47:08.000Z</time></trkpt>
      <trkpt lat="52.729076" lon="-1.335373"><ele>169.2</ele><time>2025-01-01T13:47:09.000Z</time></trkpt>
      <trkpt lat="52.729084" lon="-1.335350"><ele>169.3</ele><time>2025-01-01T13:47:10.000Z</time></trkpt>
      <trkpt lat="52.729084" lon="-1.335342"><ele>169.3</ele><time>2025-01-01T13:47:11.000Z</time></trkpt>
      <trkpt lat="52.729085" lon="-1.335330"><ele>169.3</ele><time>2025-01-01T13:47:12.000Z</time></trkpt>
      <trkpt lat="52.729106" lon="-1.335283"><ele>169.4</ele><time>2025-01-01T13:47:13.000Z</time></trkpt>
      <trkpt lat="52.729116" lon="-1.335262"><ele>169.4</ele><time>2025-01-01T13:47:14.000Z</time></trkpt>
      <trkpt lat="52.729121" lon="-1.335233"><ele>169.5</ele><time>2025-01-01T13:47:15.000Z</time></trkpt>
      <trkpt lat="52.729125" lon="-1.335224"><ele>169.5</ele><time>2025-01-01T13:47:16.000Z</time></trkpt>
      <trkpt lat="52.729130" lon="-1.335215"><ele>169.5</ele><time>2025-01-01T13:47:17.000Z</time></trkpt>
      <trkpt lat="52.729134" lon="-1.335206"><ele>169.5</ele><time>2025-01-01T13:47:18.000Z</time></trkpt>
      <trkpt lat="52.729146" lon="-1.335189"><ele>169.6</ele><time>2025-01-01T13:47:19.000Z</time></trkpt>
      <trkpt lat="52.729150" lon="-1.335179"><ele>169.6</ele><time>2025-01-01T13:47:20.000Z</time></trkpt>
      <trkpt lat="52.729153" lon="-1.335170"><ele>169.6</ele><time>2025-01-01T13:47:21.000Z</time></trkpt>
      <trkpt lat="52.729157" lon="-1.335160"><ele>169.6</ele><time>2025-01-01T13:47:22.000Z</time></trkpt>
      <trkpt lat="52.729161" lon="-1.335150"><ele>169.6</ele><time>2025-01-01T13:47:23.000Z</time></trkpt>
      <trkpt lat="52.729174" lon="-1.335106"><ele>169.7</ele><time>2025-01-01T13:47:24.000Z</time></trkpt>
      <trkpt lat="52.729181" lon="-1.335080"><ele>169.8</ele><time>2025-01-01T13:47:25.000Z</time></trkpt>
      <trkpt lat="52.729187" lon="-1.335054"><ele>169.8</ele><time>2025-01-01T13:47:26.000Z</time></trkpt>
      <trkpt lat="52.729197" lon="-1.335030"><ele>169.9</ele><time>2025-01-01T13:47:27.000Z</time></trkpt>
      <trkpt lat="52.729201" lon="-1.335011"><ele>169.9</ele><time>2025-01-01T13:47:28.000Z</time></trkpt>
      <trkpt lat="52.729206" lon="-1.334992"><ele>169.9</ele><time>2025-01-01T13:47:29.000Z</time></trkpt>
      <trkpt lat="52.729220" lon="-1.334946"><ele>170.0</ele><time>2025-01-01T13:47:30.000Z</time></trkpt>
      <trkpt lat="52.729224" lon="-1.334926"><ele>170.1</ele><time>2025-01-01T13:47:31.000Z</time></trkpt>
      <trkpt lat="52.729228" lon="-1.334896"><ele>170.1</ele><time>2025-01-01T13:47:32.000Z</time></trkpt>
      <trkpt lat="52.729231" lon="-1.334892"><ele>170.1</ele><time>2025-01-01T13:47:33.000Z</time></trkpt>
      <trkpt lat="52.729233" lon="-1.334876"><ele>170.1</ele><time>2025-01-01T13:47:34.000Z</time></trkpt>
      <trkpt lat="52.729245" lon="-1.334858"><ele>170.2</ele><time>2025-01-01T13:47:35.000Z</time></trkpt>
      <trkpt lat="52.729256" lon="-1.334845"><ele>170.2</ele><time>2025-01-01T13:47:36.000Z</time></trkpt>
      <trkpt lat="52.729272" lon="-1.334812"><ele>170.3</ele><time>2025-01-01T13:47:37.000Z</time></trkpt>
      <trkpt lat="52.729270" lon="-1.334797"><ele>170.3</ele><time>2025-01-01T13:47:38.000Z</time></trkpt>
      <trkpt lat="52.729288" lon="-1.334747"><ele>170.4</ele><time>2025-01-01T13:47:39.000Z</time></trkpt>
      <trkpt lat="52.729294" lon="-1.334728"><ele>170.4</ele><time>2025-01-01T13:47:40.000Z</time></trkpt>
      <trkpt lat="52.729314" lon="-1.334698"><ele>170.5</ele><time>2025-01-01T13:47:41.000Z</time></trkpt>
      <trkpt lat="52.729317" lon="-1.334696"><ele>170.5</ele><time>2025-01-01T13:47:42.000Z</time></trkpt>
      <trkpt lat="52.729328" lon="-1.334688"><ele>170.5</ele><time>2025-01-01T13:47:43.000Z</time></trkpt>
      <trkpt lat="52.729325" lon="-1.334685"><ele>170.5</ele><time>2025-01-01T13:47:44.000Z</time></trkpt>
      <trkpt lat="52.729339" lon="-1.334671"><ele>170.6</ele><time>2025-01-01T13:47:45.000Z</time></trkpt>
      <trkpt lat="52.729346" lon="-1.334659"><ele>170.6</ele><time>2025-01-01T13:47:46.000Z</time></trkpt>
      <trkpt lat="52.729348" lon="-1.334655"><ele>170.6</ele><time>2025-01-01T13:47:47.000Z</time></trkpt>
      <trkpt lat="52.729360" lon="-1.334659"><ele>170.7</ele><time>2025-01-01T13:47:48.000Z</time></trkpt>
      <trkpt lat="52.729349" lon="-1.334641"><ele>170.7</ele><time>2025-01-01T13:47:49.000Z</time></trkpt>
      <trkpt lat="52.729368" lon="-1.334650"><ele>170.7</ele><time>2025-01-01T13:47:50.000Z</time></trkpt>
      <trkpt lat="52.729379" lon="-1.334656"><ele>170.8</ele><time>2025-01-01T13:47:51.000Z</time></trkpt>
      <trkpt lat="52.729387" lon="-1.334586"><ele>170.9</ele><time>2025-01-01T13:47:52.000Z</time></trkpt>
      <trkpt lat="52.729395" lon="-1.334549"><ele>170.9</ele><time>2025-01-01T13:47:53.000Z</time></trkpt>
      <trkpt lat="52.729383" lon="-1.334533"><ele>171.0</ele><time>2025-01-01T13:47:54.000Z</time></trkpt>
      <trkpt lat="52.729402" lon="-1.334498"><ele>171.1</ele><time>2025-01-01T13:47:55.000Z</time></trkpt>
      <trkpt lat="52.729416" lon="-1.334475"><ele>171.1</ele><time>2025-01-01T13:47:56.000Z</time></trkpt>
      <trkpt lat="52.729433" lon="-1.334479"><ele>171.2</ele><time>2025-01-01T13:47:57.000Z</time></trkpt>
      <trkpt lat="52.729451" lon="-1.334460"><ele>171.2</ele><time>2025-01-01T13:47:58.000Z</time></trkpt>
      <trkpt lat="52.729461" lon="-1.334448"><ele>171.2</ele><time>2025-01-01T13:47:59.000Z</time></trkpt>
      <trkpt lat="52.729472" lon="-1.334437"><ele>171.3</ele><time>2025-01-01T13:48:00.000Z</time></trkpt>
      <trkpt lat="52.729499" lon="-1.334395"><ele>171.4</ele><time>2025-01-01T13:48:01.000Z</time></trkpt>
      <trkpt lat="52.729511" lon="-1.334373"><ele>171.4</ele><time>2025-01-01T13:48:02.000Z</time></trkpt>
      <trkpt lat="52.729511" lon="-1.334376"><ele>171.4</ele><time>2025-01-01T13:48:03.000Z</time></trkpt>
      <trkpt lat="52.729522" lon="-1.334354"><ele>171.5</ele><time>2025-01-01T13:48:04.000Z</time></trkpt>
      <trkpt lat="52.729525" lon="-1.334364"><ele>171.5</ele><time>2025-01-01T13:48:05.000Z</time></trkpt>
      <trkpt lat="52.729536" lon="-1.334346"><ele>171.5</ele><time>2025-01-01T13:48:06.000Z</time></trkpt>
      <trkpt lat="52.729545" lon="-1.334325"><ele>171.6</ele><time>2025-01-01T13:48:07.000Z</time></trkpt>
      <trkpt lat="52.729559" lon="-1.334301"><ele>171.6</ele><time>2025-01-01T13:48:08.000Z</time></trkpt>
      <trkpt lat="52.729567" lon="-1.334273"><ele>171.7</ele><time>2025-01-01T13:48:09.000Z</time></trkpt>
      <trkpt lat="52.729570" lon="-1.334255"><ele>171.7</ele><time>2025-01-01T13:48:10.000Z</time></trkpt>
      <trkpt lat="52.729579" lon="-1.334223"><ele>171.8</ele><time>2025-01-01T13:48:11.000Z</time></trkpt>
      <trkpt lat="52.729583" lon="-1.334212"><ele>171.8</ele><time>2025-01-01T13:48:12.000Z</time></trkpt>
      <trkpt lat="52.729587" lon="-1.334201"><ele>171.8</ele><time>2025-01-01T13:48:13.000Z</time></trkpt>
      <trkpt lat="52.729596" lon="-1.334183"><ele>171.9</ele><time>2025-01-01T13:48:14.000Z</time></trkpt>
      <trkpt lat="52.729603" lon="-1.334152"><ele>171.9</ele><time>2025-01-01T13:48:15.000Z</time></trkpt>
      <trkpt lat="52.729604" lon="-1.334139"><ele>171.9</ele><time>2025-01-01T13:48:16.000Z</time></trkpt>
      <trkpt lat="52.729610" lon="-1.334121"><ele>172.0</ele><time>2025-01-01T13:48:17.000Z</time></trkpt>
      <trkpt lat="52.729618" lon="-1.334101"><ele>172.0</ele><time>2025-01-01T13:48:18.000Z</time></trkpt>
      <trkpt lat="52.729627" lon="-1.334087"><ele>172.0</ele><time>2025-01-01T13:48:19.000Z</time></trkpt>
      <trkpt lat="52.729635" lon="-1.334071"><ele>172.1</ele><time>2025-01-01T13:48:20.000Z</time></trkpt>
      <trkpt lat="52.729638" lon="-1.334058"><ele>172.1</ele><time>2025-01-01T13:48:21.000Z</time></trkpt>
      <trkpt lat="52.729650" lon="-1.334038"><ele>172.1</ele><time>2025-01-01T13:48:22.000Z</time></trkpt>
      <trkpt lat="52.729662" lon="-1.334016"><ele>172.2</ele><time>2025-01-01T13:48:23.000Z</time></trkpt>
      <trkpt lat="52.729665" lon="-1.333999"><ele>172.2</ele><time>2025-01-01T13:48:24.000Z</time></trkpt>
      <trkpt lat="52.729669" lon="-1.333993"><ele>172.2</ele><time>2025-01-01T13:48:25.000Z</time></trkpt>
      <trkpt lat="52.729679" lon="-1.333973"><ele>172.3</ele><time>2025-01-01T13:48:26.000Z</time></trkpt>
      <trkpt lat="52.729696" lon="-1.333928"><ele>172.4</ele><time>2025-01-01T13:48:27.000Z</time></trkpt>
      <trkpt lat="52.729700" lon="-1.333908"><ele>172.4</ele><time>2025-01-01T13:48:28.000Z</time></trkpt>
      <trkpt lat="52.729714" lon="-1.333895"><ele>172.4</ele><time>2025-01-01T13:48:29.000Z</time></trkpt>
      <trkpt lat="52.729719" lon="-1.333884"><ele>172.5</ele><time>2025-01-01T13:48:30.000Z</time></trkpt>
      <trkpt lat="52.729723" lon="-1.333872"><ele>172.5</ele><time>2025-01-01T13:48:31.000Z</time></trkpt>
      <trkpt lat="52.729727" lon="-1.333860"><ele>172.5</ele><time>2025-01-01T13:48:32.000Z</time></trkpt>
      <trkpt lat="52.729739" lon="-1.333824"><ele>172.6</ele><time>2025-01-01T13:48:33.000Z</time></trkpt>
      <trkpt lat="52.729744" lon="-1.333814"><ele>172.6</ele><time>2025-01-01T13:48:34.000Z</time></trkpt>
      <trkpt lat="52.729749" lon="-1.333805"><ele>172.6</ele><time>2025-01-01T13:48:35.000Z</time></trkpt>
      <trkpt lat="52.729761" lon="-1.333784"><ele>172.7</ele><time>2025-01-01T13:48:36.000Z</time></trkpt>
      <trkpt lat="52.729764" lon="-1.333767"><ele>172.7</ele><time>2025-01-01T13:48:37.000Z</time></trkpt>
      <trkpt lat="52.729784" lon="-1.333731"><ele>172.8</ele><time>2025-01-01T13:48:38.000Z</time></trkpt>
      <trkpt lat="52.729789" lon="-1.333720"><ele>172.8</ele><time>2025-01-01T13:48:39.000Z</time></trkpt>
      <trkpt lat="52.729796" lon="-1.333695"><ele>172.9</ele><time>2025-01-01T13:48:40.000Z</time></trkpt>
      <trkpt lat="52.729799" lon="-1.333688"><ele>172.9</ele><time>2025-01-01T13:48:41.000Z</time></trkpt>
      <trkpt lat="52.729815" lon="-1.333682"><ele>172.9</ele><time>2025-01-01T13:48:42.000Z</time></trkpt>
      <trkpt lat="52.729825" lon="-1.333655"><ele>173.0</ele><time>2025-01-01T13:48:43.000Z</time></trkpt>
      <trkpt lat="52.729832" lon="-1.333640"><ele>173.0</ele><time>2025-01-01T13:48:44.000Z</time></trkpt>
      <trkpt lat="52.729838" lon="-1.333625"><ele>173.0</ele><time>2025-01-01T13:48:45.000Z</time></trkpt>
      <trkpt lat="52.729845" lon="-1.333615"><ele>173.0</ele><time>2025-01-01T13:48:46.000Z</time></trkpt>
      <trkpt lat="52.729854" lon="-1.333596"><ele>173.1</ele><time>2025-01-01T13:48:47.000Z</time></trkpt>
      <trkpt lat="52.729864" lon="-1.333587"><ele>173.1</ele><time>2025-01-01T13:48:48.000Z</time></trkpt>
      <trkpt lat="52.729874" lon="-1.333557"><ele>173.2</ele><time>2025-01-01T13:48:49.000Z</time></trkpt>
      <trkpt lat="52.729885" lon="-1.333538"><ele>173.2</ele><time>2025-01-01T13:48:50.000Z</time></trkpt>
      <trkpt lat="52.729891" lon="-1.333508"><ele>173.3</ele><time>2025-01-01T13:48:51.000Z</time></trkpt>
      <trkpt lat="52.729894" lon="-1.333494"><ele>173.3</ele><time>2025-01-01T13:48:52.000Z</time></trkpt>
      <trkpt lat="52.729898" lon="-1.333481"><ele>173.3</ele><time>2025-01-01T13:48:53.000Z</time></trkpt>
      <trkpt lat="52.729905" lon="-1.333456"><ele>173.3</ele><time>2025-01-01T13:48:55.000Z</time></trkpt>
      <trkpt lat="52.729911" lon="-1.333442"><ele>173.4</ele><time>2025-01-01T13:48:56.000Z</time></trkpt>
      <trkpt lat="52.729917" lon="-1.333427"><ele>173.4</ele><time>2025-01-01T13:48:57.000Z</time></trkpt>
      <trkpt lat="52.729926" lon="-1.333414"><ele>173.4</ele><time>2025-01-01T13:48:58.000Z</time></trkpt>
      <trkpt lat="52.729935" lon="-1.333402"><ele>173.5</ele><time>2025-01-01T13:48:59.000Z</time></trkpt>
      <trkpt lat="52.729938" lon="-1.333389"><ele>173.5</ele><time>2025-01-01T13:49:00.000Z</time></trkpt>
      <trkpt lat="52.729955" lon="-1.333353"><ele>173.6</ele><time>2025-01-01T13:49:01.000Z</time></trkpt>
      <trkpt lat="52.729959" lon="-1.333354"><ele>173.6</ele><time>2025-01-01T13:49:02.000Z</time></trkpt>
      <trkpt lat="52.729969" lon="-1.333333"><ele>173.6</ele><time>2025-01-01T13:49:03.000Z</time></trkpt>
      <trkpt lat="52.729977" lon="-1.333315"><ele>173.7</ele><time>2025-01-01T13:49:04.000Z</time></trkpt>
      <trkpt lat="52.729990" lon="-1.333296"><ele>173.7</ele><time>2025-01-01T13:49:05.000Z</time></trkpt>
      <trkpt lat="52.729995" lon="-1.333279"><ele>173.7</ele><time>2025-01-01T13:49:06.000Z</time></trkpt>
      <trkpt lat="52.730006" lon="-1.333265"><ele>173.8</ele><time>2025-01-01T13:49:07.000Z</time></trkpt>
      <trkpt lat="52.730018" lon="-1.333240"><ele>173.8</ele><time>2025-01-01T13:49:08.000Z</time></trkpt>
      <trkpt lat="52.730025" lon="-1.333222"><ele>173.9</ele><time>2025-01-01T13:49:09.000Z</time></trkpt>
      <trkpt lat="52.730036" lon="-1.333202"><ele>173.9</ele><time>2025-01-01T13:49:10.000Z</time></trkpt>
      <trkpt lat="52.730052" lon="-1.333159"><ele>174.0</ele><time>2025-01-01T13:49:11.000Z</time></trkpt>
      <trkpt lat="52.730054" lon="-1.333150"><ele>174.0</ele><time>2025-01-01T13:49:12.000Z</time></trkpt>
      <trkpt lat="52.730068" lon="-1.333131"><ele>174.1</ele><time>2025-01-01T13:49:13.000Z</time></trkpt>
      <trkpt lat="52.730073" lon="-1.333121"><ele>174.1</ele><time>2025-01-01T13:49:14.000Z</time></trkpt>
      <trkpt lat="52.730077" lon="-1.333112"><ele>174.1</ele><time>2025-01-01T13:49:15.000Z</time></trkpt>
      <trkpt lat="52.730081" lon="-1.333102"><ele>174.1</ele><time>2025-01-01T13:49:16.000Z</time></trkpt>
      <trkpt lat="52.730088" lon="-1.333070"><ele>174.2</ele><time>2025-01-01T13:49:17.000Z</time></trkpt>
      <trkpt lat="52.730099" lon="-1.333053"><ele>174.2</ele><time>2025-01-01T13:49:18.000Z</time></trkpt>
      <trkpt lat="52.730109" lon="-1.333035"><ele>174.3</ele><time>2025-01-01T13:49:19.000Z</time></trkpt>
      <trkpt lat="52.730113" lon="-1.333026"><ele>174.3</ele><time>2025-01-01T13:49:20.000Z</time></trkpt>
      <trkpt lat="52.730130" lon="-1.333003"><ele>174.4</ele><time>2025-01-01T13:49:21.000Z</time></trkpt>
      <trkpt lat="52.730147" lon="-1.332978"><ele>174.4</ele><time>2025-01-01T13:49:22.000Z</time></trkpt>
      <trkpt lat="52.730154" lon="-1.332971"><ele>174.5</ele><time>2025-01-01T13:49:23.000Z</time></trkpt>
      <trkpt lat="52.730160" lon="-1.332963"><ele>174.5</ele><time>2025-01-01T13:49:24.000Z</time></trkpt>
      <trkpt lat="52.730167" lon="-1.332944"><ele>174.5</ele><time>2025-01-01T13:49:25.000Z</time></trkpt>
      <trkpt lat="52.730172" lon="-1.332931"><ele>174.6</ele><time>2025-01-01T13:49:26.000Z</time></trkpt>
      <trkpt lat="52.730177" lon="-1.332918"><ele>174.6</ele><time>2025-01-01T13:49:27.000Z</time></trkpt>
      <trkpt lat="52.730182" lon="-1.332905"><ele>174.6</ele><time>2025-01-01T13:49:28.000Z</time></trkpt>
      <trkpt lat="52.730201" lon="-1.332857"><ele>174.7</ele><time>2025-01-01T13:49:29.000Z</time></trkpt>
      <trkpt lat="52.730213" lon="-1.332845"><ele>174.8</ele><time>2025-01-01T13:49:30.000Z</time></trkpt>
      <trkpt lat="52.730214" lon="-1.332844"><ele>174.8</ele><time>2025-01-01T13:49:31.000Z</time></trkpt>
      <trkpt lat="52.730222" lon="-1.332825"><ele>174.8</ele><time>2025-01-01T13:49:32.000Z</time></trkpt>
      <trkpt lat="52.730238" lon="-1.332819"><ele>174.8</ele><time>2025-01-01T13:49:33.000Z</time></trkpt>
      <trkpt lat="52.730243" lon="-1.332795"><ele>174.9</ele><time>2025-01-01T13:49:34.000Z</time></trkpt>
      <trkpt lat="52.730249" lon="-1.332776"><ele>174.9</ele><time>2025-01-01T13:49:35.000Z</time></trkpt>
      <trkpt lat="52.730266" lon="-1.332735"><ele>175.0</ele><time>2025-01-01T13:49:36.000Z</time></trkpt>
      <trkpt lat="52.730271" lon="-1.332725"><ele>175.0</ele><time>2025-01-01T13:49:37.000Z</time></trkpt>
      <trkpt lat="52.730278" lon="-1.332715"><ele>175.1</ele><time>2025-01-01T13:49:38.000Z</time></trkpt>
      <trkpt lat="52.730281" lon="-1.332699"><ele>175.1</ele><time>2025-01-01T13:49:39.000Z</time></trkpt>
      <trkpt lat="52.730294" lon="-1.332679"><ele>175.1</ele><time>2025-01-01T13:49:40.000Z</time></trkpt>
      <trkpt lat="52.730311" lon="-1.332638"><ele>175.1</ele><time>2025-01-01T13:49:41.000Z</time></trkpt>
      <trkpt lat="52.730314" lon="-1.332639"><ele>175.1</ele><time>2025-01-01T13:49:42.000Z</time></trkpt>
      <trkpt lat="52.730318" lon="-1.332624"><ele>175.1</ele><time>2025-01-01T13:49:43.000Z</time></trkpt>
      <trkpt lat="52.730320" lon="-1.332592"><ele>175.1</ele><time>2025-01-01T13:49:44.000Z</time></trkpt>
      <trkpt lat="52.730330" lon="-1.332570"><ele>175.1</ele><time>2025-01-01T13:49:45.000Z</time></trkpt>
      <trkpt lat="52.730320" lon="-1.332542"><ele>175.2</ele><time>2025-01-01T13:49:46.000Z</time></trkpt>
      <trkpt lat="52.730316" lon="-1.332521"><ele>175.2</ele><time>2025-01-01T13:49:47.000Z</time></trkpt>
      <trkpt lat="52.730321" lon="-1.332514"><ele>175.2</ele><time>2025-01-01T13:49:48.000Z</time></trkpt>
      <trkpt lat="52.730322" lon="-1.332521"><ele>175.3</ele><time>2025-01-01T13:49:49.000Z</time></trkpt>
      <trkpt lat="52.730324" lon="-1.332496"><ele>175.3</ele><time>2025-01-01T13:49:50.000Z</time></trkpt>
      <trkpt lat="52.730349" lon="-1.332452"><ele>175.4</ele><time>2025-01-01T13:49:51.000Z</time></trkpt>
      <trkpt lat="52.730366" lon="-1.332418"><ele>175.5</ele><time>2025-01-01T13:49:52.000Z</time></trkpt>
      <trkpt lat="52.730375" lon="-1.332407"><ele>175.6</ele><time>2025-01-01T13:49:53.000Z</time></trkpt>
      <trkpt lat="52.730383" lon="-1.332383"><ele>175.6</ele><time>2025-01-01T13:49:54.000Z</time></trkpt>
      <trkpt lat="52.730389" lon="-1.332364"><ele>175.7</ele><time>2025-01-01T13:49:55.000Z</time></trkpt>
      <trkpt lat="52.730399" lon="-1.332353"><ele>175.7</ele><time>2025-01-01T13:49:56.000Z</time></trkpt>
      <trkpt lat="52.730408" lon="-1.332341"><ele>175.8</ele><time>2025-01-01T13:49:57.000Z</time></trkpt>
      <trkpt lat="52.730411" lon="-1.332335"><ele>175.8</ele><time>2025-01-01T13:49:58.000Z</time></trkpt>
      <trkpt lat="52.730425" lon="-1.332300"><ele>175.9</ele><time>2025-01-01T13:49:59.000Z</time></trkpt>
      <trkpt lat="52.730430" lon="-1.332294"><ele>175.9</ele><time>2025-01-01T13:50:00.000Z</time></trkpt>
      <trkpt lat="52.730436" lon="-1.332291"><ele>175.9</ele><time>2025-01-01T13:50:01.000Z</time></trkpt>
      <trkpt lat="52.730449" lon="-1.332252"><ele>176.0</ele><time>2025-01-01T13:50:02.000Z</time></trkpt>
      <trkpt lat="52.730474" lon="-1.332228"><ele>176.1</ele><time>2025-01-01T13:50:03.000Z</time></trkpt>
      <trkpt lat="52.730482" lon="-1.332193"><ele>176.2</ele><time>2025-01-01T13:50:04.000Z</time></trkpt>
      <trkpt lat="52.730487" lon="-1.332179"><ele>176.3</ele><time>2025-01-01T13:50:05.000Z</time></trkpt>
      <trkpt lat="52.730492" lon="-1.332166"><ele>176.3</ele><time>2025-01-01T13:50:06.000Z</time></trkpt>
      <trkpt lat="52.730502" lon="-1.332136"><ele>176.4</ele><time>2025-01-01T13:50:07.000Z</time></trkpt>
      <trkpt lat="52.730505" lon="-1.332123"><ele>176.4</ele><time>2025-01-01T13:50:08.000Z</time></trkpt>
      <trkpt lat="52.730509" lon="-1.332110"><ele>176.4</ele><time>2025-01-01T13:50:09.000Z</time></trkpt>
      <trkpt lat="52.730518" lon="-1.332089"><ele>176.5</ele><time>2025-01-01T13:50:10.000Z</time></trkpt>
      <trkpt lat="52.730524" lon="-1.332070"><ele>176.6</ele><time>2025-01-01T13:50:11.000Z</time></trkpt>
      <trkpt lat="52.730529" lon="-1.332033"><ele>176.6</ele><time>2025-01-01T13:50:12.000Z</time></trkpt>
      <trkpt lat="52.730531" lon="-1.332019"><ele>176.7</ele><time>2025-01-01T13:50:13.000Z</time></trkpt>
      <trkpt lat="52.730533" lon="-1.332004"><ele>176.7</ele><time>2025-01-01T13:50:14.000Z</time></trkpt>
      <trkpt lat="52.730541" lon="-1.331972"><ele>176.8</ele><time>2025-01-01T13:50:15.000Z</time></trkpt>
      <trkpt lat="52.730545" lon="-1.331956"><ele>176.8</ele><time>2025-01-01T13:50:16.000Z</time></trkpt>
      <trkpt lat="52.730548" lon="-1.331940"><ele>176.9</ele><time>2025-01-01T13:50:17.000Z</time></trkpt>
      <trkpt lat="52.730559" lon="-1.331899"><ele>177.0</ele><time>2025-01-01T13:50:18.000Z</time></trkpt>
      <trkpt lat="52.730562" lon="-1.331882"><ele>177.0</ele><time>2025-01-01T13:50:19.000Z</time></trkpt>
      <trkpt lat="52.730566" lon="-1.331865"><ele>177.0</ele><time>2025-01-01T13:50:20.000Z</time></trkpt>
      <trkpt lat="52.730569" lon="-1.331833"><ele>177.1</ele><time>2025-01-01T13:50:21.000Z</time></trkpt>
      <trkpt lat="52.730572" lon="-1.331819"><ele>177.1</ele><time>2025-01-01T13:50:22.000Z</time></trkpt>
      <trkpt lat="52.730576" lon="-1.331805"><ele>177.2</ele><time>2025-01-01T13:50:23.000Z</time></trkpt>
      <trkpt lat="52.730580" lon="-1.331786"><ele>177.2</ele><time>2025-01-01T13:50:24.000Z</time></trkpt>
      <trkpt lat="52.730575" lon="-1.331792"><ele>177.2</ele><time>2025-01-01T13:50:25.000Z</time></trkpt>
      <trkpt lat="52.730571" lon="-1.331786"><ele>177.3</ele><time>2025-01-01T13:50:26.000Z</time></trkpt>
      <trkpt lat="52.730579" lon="-1.331759"><ele>177.3</ele><time>2025-01-01T13:50:27.000Z</time></trkpt>
      <trkpt lat="52.730581" lon="-1.331758"><ele>177.3</ele><time>2025-01-01T13:50:28.000Z</time></trkpt>
      <trkpt lat="52.730590" lon="-1.331708"><ele>177.4</ele><time>2025-01-01T13:50:29.000Z</time></trkpt>
      <trkpt lat="52.730596" lon="-1.331685"><ele>177.5</ele><time>2025-01-01T13:50:30.000Z</time></trkpt>
      <trkpt lat="52.730598" lon="-1.331663"><ele>177.6</ele><time>2025-01-01T13:50:31.000Z</time></trkpt>
      <trkpt lat="52.730594" lon="-1.331636"><ele>177.6</ele><time>2025-01-01T13:50:32.000Z</time></trkpt>
      <trkpt lat="52.730604" lon="-1.331616"><ele>177.7</ele><time>2025-01-01T13:50:33.000Z</time></trkpt>
      <trkpt lat="52.730609" lon="-1.331580"><ele>177.8</ele><time>2025-01-01T13:50:34.000Z</time></trkpt>
      <trkpt lat="52.730614" lon="-1.331565"><ele>177.8</ele><time>2025-01-01T13:50:35.000Z</time></trkpt>
      <trkpt lat="52.730619" lon="-1.331550"><ele>177.8</ele><time>2025-01-01T13:50:36.000Z</time></trkpt>
      <trkpt lat="52.730627" lon="-1.331531"><ele>177.9</ele><time>2025-01-01T13:50:37.000Z</time></trkpt>
      <trkpt lat="52.730635" lon="-1.331514"><ele>178.0</ele><time>2025-01-01T13:50:38.000Z</time></trkpt>
      <trkpt lat="52.730638" lon="-1.331493"><ele>178.0</ele><time>2025-01-01T13:50:39.000Z</time></trkpt>
      <trkpt lat="52.730641" lon="-1.331480"><ele>178.0</ele><time>2025-01-01T13:50:40.000Z</time></trkpt>
      <trkpt lat="52.730645" lon="-1.331468"><ele>178.1</ele><time>2025-01-01T13:50:41.000Z</time></trkpt>
      <trkpt lat="52.730648" lon="-1.331455"><ele>178.1</ele><time>2025-01-01T13:50:42.000Z</time></trkpt>
      <trkpt lat="52.730651" lon="-1.331442"><ele>178.2</ele><time>2025-01-01T13:50:43.000Z</time></trkpt>
      <trkpt lat="52.730652" lon="-1.331424"><ele>178.2</ele><time>2025-01-01T13:50:44.000Z</time></trkpt>
      <trkpt lat="52.730660" lon="-1.331388"><ele>178.3</ele><time>2025-01-01T13:50:45.000Z</time></trkpt>
      <trkpt lat="52.730667" lon="-1.331363"><ele>178.4</ele><time>2025-01-01T13:50:46.000Z</time></trkpt>
      <trkpt lat="52.730675" lon="-1.331334"><ele>178.5</ele><time>2025-01-01T13:50:47.000Z</time></trkpt>
      <trkpt lat="52.730676" lon="-1.331320"><ele>178.5</ele><time>2025-01-01T13:50:48.000Z</time></trkpt>
      <trkpt lat="52.730680" lon="-1.331315"><ele>178.6</ele><time>2025-01-01T13:50:49.000Z</time></trkpt>
      <trkpt lat="52.730687" lon="-1.331309"><ele>178.6</ele><time>2025-01-01T13:50:50.000Z</time></trkpt>
      <trkpt lat="52.730693" lon="-1.331298"><ele>178.6</ele><time>2025-01-01T13:50:51.000Z</time></trkpt>
      <trkpt lat="52.730706" lon="-1.331253"><ele>178.8</ele><time>2025-01-01T13:50:52.000Z</time></trkpt>
      <trkpt lat="52.730711" lon="-1.331236"><ele>178.9</ele><time>2025-01-01T13:50:53.000Z</time></trkpt>
      <trkpt lat="52.730725" lon="-1.331218"><ele>179.0</ele><time>2025-01-01T13:50:54.000Z</time></trkpt>
      <trkpt lat="52.730735" lon="-1.331201"><ele>179.0</ele><time>2025-01-01T13:50:55.000Z</time></trkpt>
      <trkpt lat="52.730744" lon="-1.331179"><ele>179.1</ele><time>2025-01-01T13:50:56.000Z</time></trkpt>
      <trkpt lat="52.730750" lon="-1.331147"><ele>179.2</ele><time>2025-01-01T13:50:57.000Z</time></trkpt>
      <trkpt lat="52.730752" lon="-1.331141"><ele>179.3</ele><time>2025-01-01T13:50:58.000Z</time></trkpt>
      <trkpt lat="52.730754" lon="-1.331126"><ele>179.3</ele><time>2025-01-01T13:50:59.000Z</time></trkpt>
      <trkpt lat="52.730765" lon="-1.331109"><ele>179.4</ele><time>2025-01-01T13:51:00.000Z</time></trkpt>
      <trkpt lat="52.730782" lon="-1.331080"><ele>179.5</ele><time>2025-01-01T13:51:01.000Z</time></trkpt>
      <trkpt lat="52.730786" lon="-1.331068"><ele>179.6</ele><time>2025-01-01T13:51:02.000Z</time></trkpt>
      <trkpt lat="52.730792" lon="-1.331049"><ele>179.7</ele><time>2025-01-01T13:51:03.000Z</time></trkpt>
      <trkpt lat="52.730803" lon="-1.331019"><ele>179.8</ele><time>2025-01-01T13:51:04.000Z</time></trkpt>
      <trkpt lat="52.730806" lon="-1.331021"><ele>179.8</ele><time>2025-01-01T13:51:05.000Z</time></trkpt>
      <trkpt lat="52.730812" lon="-1.331004"><ele>179.9</ele><time>2025-01-01T13:51:06.000Z</time></trkpt>
      <trkpt lat="52.730821" lon="-1.330985"><ele>180.0</ele><time>2025-01-01T13:51:07.000Z</time></trkpt>
      <trkpt lat="52.730824" lon="-1.330958"><ele>180.1</ele><time>2025-01-01T13:51:08.000Z</time></trkpt>
      <trkpt lat="52.730830" lon="-1.330942"><ele>180.2</ele><time>2025-01-01T13:51:09.000Z</time></trkpt>
      <trkpt lat="52.730838" lon="-1.330912"><ele>180.3</ele><time>2025-01-01T13:51:10.000Z</time></trkpt>
      <trkpt lat="52.730843" lon="-1.330893"><ele>180.4</ele><time>2025-01-01T13:51:11.000Z</time></trkpt>
      <trkpt lat="52.730849" lon="-1.330875"><ele>180.4</ele><time>2025-01-01T13:51:12.000Z</time></trkpt>
      <trkpt lat="52.730854" lon="-1.330867"><ele>180.5</ele><time>2025-01-01T13:51:13.000Z</time></trkpt>
      <trkpt lat="52.730859" lon="-1.330852"><ele>180.6</ele><time>2025-01-01T13:51:14.000Z</time></trkpt>
      <trkpt lat="52.730865" lon="-1.330838"><ele>180.6</ele><time>2025-01-01T13:51:15.000Z</time></trkpt>
      <trkpt lat="52.730870" lon="-1.330823"><ele>180.7</ele><time>2025-01-01T13:51:16.000Z</time></trkpt>
      <trkpt lat="52.730880" lon="-1.330790"><ele>180.8</ele><time>2025-01-01T13:51:17.000Z</time></trkpt>
      <trkpt lat="52.730887" lon="-1.330784"><ele>180.9</ele><time>2025-01-01T13:51:18.000Z</time></trkpt>
      <trkpt lat="52.730894" lon="-1.330764"><ele>181.0</ele><time>2025-01-01T13:51:19.000Z</time></trkpt>
      <trkpt lat="52.730908" lon="-1.330738"><ele>181.1</ele><time>2025-01-01T13:51:20.000Z</time></trkpt>
      <trkpt lat="52.730917" lon="-1.330716"><ele>181.2</ele><time>2025-01-01T13:51:21.000Z</time></trkpt>
      <trkpt lat="52.730924" lon="-1.330701"><ele>181.3</ele><time>2025-01-01T13:51:22.000Z</time></trkpt>
      <trkpt lat="52.730930" lon="-1.330687"><ele>181.4</ele><time>2025-01-01T13:51:23.000Z</time></trkpt>
      <trkpt lat="52.730938" lon="-1.330655"><ele>181.5</ele><time>2025-01-01T13:51:24.000Z</time></trkpt>
      <trkpt lat="52.730944" lon="-1.330639"><ele>181.6</ele><time>2025-01-01T13:51:25.000Z</time></trkpt>
      <trkpt lat="52.730950" lon="-1.330624"><ele>181.7</ele><time>2025-01-01T13:51:26.000Z</time></trkpt>
      <trkpt lat="52.730953" lon="-1.330626"><ele>181.7</ele><time>2025-01-01T13:51:27.000Z</time></trkpt>
      <trkpt lat="52.730960" lon="-1.330608"><ele>181.8</ele><time>2025-01-01T13:51:28.000Z</time></trkpt>
      <trkpt lat="52.730969" lon="-1.330587"><ele>181.9</ele><time>2025-01-01T13:51:29.000Z</time></trkpt>
      <trkpt lat="52.730980" lon="-1.330563"><ele>182.0</ele><time>2025-01-01T13:51:30.000Z</time></trkpt>
      <trkpt lat="52.730985" lon="-1.330544"><ele>182.1</ele><time>2025-01-01T13:51:31.000Z</time></trkpt>
      <trkpt lat="52.730989" lon="-1.330525"><ele>182.2</ele><time>2025-01-01T13:51:32.000Z</time></trkpt>
      <trkpt lat="52.731004" lon="-1.330485"><ele>182.4</ele><time>2025-01-01T13:51:33.000Z</time></trkpt>
      <trkpt lat="52.731011" lon="-1.330467"><ele>182.5</ele><time>2025-01-01T13:51:34.000Z</time></trkpt>
      <trkpt lat="52.731023" lon="-1.330440"><ele>182.6</ele><time>2025-01-01T13:51:35.000Z</time></trkpt>
      <trkpt lat="52.731019" lon="-1.330419"><ele>182.7</ele><time>2025-01-01T13:51:36.000Z</time></trkpt>
      <trkpt lat="52.731031" lon="-1.330391"><ele>182.9</ele><time>2025-01-01T13:51:37.000Z</time></trkpt>
      <trkpt lat="52.731037" lon="-1.330380"><ele>182.9</ele><time>2025-01-01T13:51:38.000Z</time></trkpt>
      <trkpt lat="52.731042" lon="-1.330369"><ele>183.0</ele><time>2025-01-01T13:51:39.000Z</time></trkpt>
      <trkpt lat="52.731050" lon="-1.330358"><ele>183.1</ele><time>2025-01-01T13:51:40.000Z</time></trkpt>
      <trkpt lat="52.731050" lon="-1.330346"><ele>183.1</ele><time>2025-01-01T13:51:41.000Z</time></trkpt>
      <trkpt lat="52.731053" lon="-1.330340"><ele>183.2</ele><time>2025-01-01T13:51:42.000Z</time></trkpt>
      <trkpt lat="52.731057" lon="-1.330324"><ele>183.3</ele><time>2025-01-01T13:51:43.000Z</time></trkpt>
      <trkpt lat="52.731067" lon="-1.330309"><ele>183.4</ele><time>2025-01-01T13:51:44.000Z</time></trkpt>
      <trkpt lat="52.731073" lon="-1.330300"><ele>183.4</ele><time>2025-01-01T13:51:45.000Z</time></trkpt>
      <trkpt lat="52.731079" lon="-1.330291"><ele>183.5</ele><time>2025-01-01T13:51:46.000Z</time></trkpt>
      <trkpt lat="52.731085" lon="-1.330282"><ele>183.6</ele><time>2025-01-01T13:51:47.000Z</time></trkpt>
      <trkpt lat="52.731091" lon="-1.330273"><ele>183.6</ele><time>2025-01-01T13:51:48.000Z</time></trkpt>
      <trkpt lat="52.731101" lon="-1.330240"><ele>183.8</ele><time>2025-01-01T13:51:49.000Z</time></trkpt>
      <trkpt lat="52.731105" lon="-1.330229"><ele>183.8</ele><time>2025-01-01T13:51:50.000Z</time></trkpt>
      <trkpt lat="52.731123" lon="-1.330193"><ele>184.1</ele><time>2025-01-01T13:51:51.000Z</time></trkpt>
      <trkpt lat="52.731128" lon="-1.330181"><ele>184.2</ele><time>2025-01-01T13:51:52.000Z</time></trkpt>
      <trkpt lat="52.731143" lon="-1.330149"><ele>184.4</ele><time>2025-01-01T13:51:53.000Z</time></trkpt>
      <trkpt lat="52.731142" lon="-1.330156"><ele>184.5</ele><time>2025-01-01T13:51:54.000Z</time></trkpt>
      <trkpt lat="52.731153" lon="-1.330141"><ele>184.6</ele><time>2025-01-01T13:51:55.000Z</time></trkpt>
      <trkpt lat="52.731159" lon="-1.330123"><ele>184.7</ele><time>2025-01-01T13:51:56.000Z</time></trkpt>
      <trkpt lat="52.731172" lon="-1.330097"><ele>184.9</ele><time>2025-01-01T13:51:57.000Z</time></trkpt>
      <trkpt lat="52.731173" lon="-1.330088"><ele>185.0</ele><time>2025-01-01T13:51:58.000Z</time></trkpt>
      <trkpt lat="52.731185" lon="-1.330057"><ele>185.2</ele><time>2025-01-01T13:51:59.000Z</time></trkpt>
      <trkpt lat="52.731197" lon="-1.330020"><ele>185.4</ele><time>2025-01-01T13:52:00.000Z</time></trkpt>
      <trkpt lat="52.731201" lon="-1.330011"><ele>185.5</ele><time>2025-01-01T13:52:01.000Z</time></trkpt>
      <trkpt lat="52.731205" lon="-1.330003"><ele>185.5</ele><time>2025-01-01T13:52:02.000Z</time></trkpt>
      <trkpt lat="52.731212" lon="-1.329971"><ele>185.8</ele><time>2025-01-01T13:52:03.000Z</time></trkpt>
      <trkpt lat="52.731217" lon="-1.329951"><ele>185.9</ele><time>2025-01-01T13:52:04.000Z</time></trkpt>
      <trkpt lat="52.731222" lon="-1.329932"><ele>186.0</ele><time>2025-01-01T13:52:05.000Z</time></trkpt>
      <trkpt lat="52.731227" lon="-1.329928"><ele>186.1</ele><time>2025-01-01T13:52:06.000Z</time></trkpt>
      <trkpt lat="52.731233" lon="-1.329917"><ele>186.2</ele><time>2025-01-01T13:52:07.000Z</time></trkpt>
      <trkpt lat="52.731238" lon="-1.329894"><ele>186.3</ele><time>2025-01-01T13:52:08.000Z</time></trkpt>
      <trkpt lat="52.731253" lon="-1.329866"><ele>186.5</ele><time>2025-01-01T13:52:09.000Z</time></trkpt>
      <trkpt lat="52.731260" lon="-1.329853"><ele>186.7</ele><time>2025-01-01T13:52:10.000Z</time></trkpt>
      <trkpt lat="52.731267" lon="-1.329840"><ele>186.8</ele><time>2025-01-01T13:52:11.000Z</time></trkpt>
      <trkpt lat="52.731269" lon="-1.329825"><ele>186.9</ele><time>2025-01-01T13:52:12.000Z</time></trkpt>
      <trkpt lat="52.731276" lon="-1.329838"><ele>187.0</ele><time>2025-01-01T13:52:13.000Z</time></trkpt>
      <trkpt lat="52.731279" lon="-1.329817"><ele>187.1</ele><time>2025-01-01T13:52:14.000Z</time></trkpt>
      <trkpt lat="52.731284" lon="-1.329806"><ele>187.2</ele><time>2025-01-01T13:52:15.000Z</time></trkpt>
      <trkpt lat="52.731285" lon="-1.329800"><ele>187.3</ele><time>2025-01-01T13:52:16.000Z</time></trkpt>
      <trkpt lat="52.731295" lon="-1.329765"><ele>187.5</ele><time>2025-01-01T13:52:17.000Z</time></trkpt>
      <trkpt lat="52.731300" lon="-1.329754"><ele>187.6</ele><time>2025-01-01T13:52:18.000Z</time></trkpt>
      <trkpt lat="52.731304" lon="-1.329743"><ele>187.7</ele><time>2025-01-01T13:52:19.000Z</time></trkpt>
      <trkpt lat="52.731310" lon="-1.329734"><ele>187.8</ele><time>2025-01-01T13:52:20.000Z</time></trkpt>
      <trkpt lat="52.731318" lon="-1.329724"><ele>187.9</ele><time>2025-01-01T13:52:21.000Z</time></trkpt>
      <trkpt lat="52.731320" lon="-1.329734"><ele>188.0</ele><time>2025-01-01T13:52:22.000Z</time></trkpt>
      <trkpt lat="52.731329" lon="-1.329710"><ele>188.2</ele><time>2025-01-01T13:52:23.000Z</time></trkpt>
      <trkpt lat="52.731334" lon="-1.329704"><ele>188.3</ele><time>2025-01-01T13:52:24.000Z</time></trkpt>
      <trkpt lat="52.731342" lon="-1.329677"><ele>188.5</ele><time>2025-01-01T13:52:25.000Z</time></trkpt>
      <trkpt lat="52.731348" lon="-1.329663"><ele>188.6</ele><time>2025-01-01T13:52:26.000Z</time></trkpt>
      <trkpt lat="52.731369" lon="-1.329631"><ele>189.0</ele><time>2025-01-01T13:52:27.000Z</time></trkpt>
      <trkpt lat="52.731379" lon="-1.329617"><ele>189.1</ele><time>2025-01-01T13:52:28.000Z</time></trkpt>
      <trkpt lat="52.731394" lon="-1.329588"><ele>189.4</ele><time>2025-01-01T13:52:29.000Z</time></trkpt>
      <trkpt lat="52.731401" lon="-1.329568"><ele>189.6</ele><time>2025-01-01T13:52:30.000Z</time></trkpt>
      <trkpt lat="52.731407" lon="-1.329547"><ele>189.8</ele><time>2025-01-01T13:52:31.000Z</time></trkpt>
      <trkpt lat="52.731417" lon="-1.329550"><ele>189.9</ele><time>2025-01-01T13:52:32.000Z</time></trkpt>
      <trkpt lat="52.731428" lon="-1.329544"><ele>190.0</ele><time>2025-01-01T13:52:33.000Z</time></trkpt>
      <trkpt lat="52.731427" lon="-1.329552"><ele>190.1</ele><time>2025-01-01T13:52:34.000Z</time></trkpt>
      <trkpt lat="52.731441" lon="-1.329559"><ele>190.3</ele><time>2025-01-01T13:52:35.000Z</time></trkpt>
      <trkpt lat="52.731485" lon="-1.329570"><ele>190.9</ele><time>2025-01-01T13:52:36.000Z</time></trkpt>
      <trkpt lat="52.731496" lon="-1.329577"><ele>190.9</ele><time>2025-01-01T13:52:37.000Z</time></trkpt>
      <trkpt lat="52.731512" lon="-1.329583"><ele>190.9</ele><time>2025-01-01T13:52:38.000Z</time></trkpt>
      <trkpt lat="52.731528" lon="-1.329629"><ele>190.9</ele><time>2025-01-01T13:52:39.000Z</time></trkpt>
      <trkpt lat="52.731530" lon="-1.329640"><ele>190.9</ele><time>2025-01-01T13:52:40.000Z</time></trkpt>
      <trkpt lat="52.731527" lon="-1.329644"><ele>190.9</ele><time>2025-01-01T13:52:41.000Z</time></trkpt>
      <trkpt lat="52.731536" lon="-1.329658"><ele>190.9</ele><time>2025-01-01T13:52:42.000Z</time></trkpt>
      <trkpt lat="52.731540" lon="-1.329687"><ele>190.9</ele><time>2025-01-01T13:52:43.000Z</time></trkpt>
      <trkpt lat="52.731537" lon="-1.329697"><ele>190.9</ele><time>2025-01-01T13:52:44.000Z</time></trkpt>
      <trkpt lat="52.731546" lon="-1.329711"><ele>190.9</ele><time>2025-01-01T13:52:45.000Z</time></trkpt>
      <trkpt lat="52.731538" lon="-1.329714"><ele>190.9</ele><time>2025-01-01T13:52:46.000Z</time></trkpt>
      <trkpt lat="52.731549" lon="-1.329737"><ele>190.9</ele><time>2025-01-01T13:52:47.000Z</time></trkpt>
      <trkpt lat="52.731569" lon="-1.329758"><ele>190.9</ele><time>2025-01-01T13:52:48.000Z</time></trkpt>
      <trkpt lat="52.731578" lon="-1.329766"><ele>190.9</ele><time>2025-01-01T13:52:49.000Z</time></trkpt>
      <trkpt lat="52.731586" lon="-1.329775"><ele>190.8</ele><time>2025-01-01T13:52:50.000Z</time></trkpt>
      <trkpt lat="52.731601" lon="-1.329810"><ele>190.8</ele><time>2025-01-01T13:52:51.000Z</time></trkpt>
      <trkpt lat="52.731604" lon="-1.329809"><ele>190.8</ele><time>2025-01-01T13:52:52.000Z</time></trkpt>
      <trkpt lat="52.731617" lon="-1.329830"><ele>190.8</ele><time>2025-01-01T13:52:53.000Z</time></trkpt>
      <trkpt lat="52.731625" lon="-1.329838"><ele>190.8</ele><time>2025-01-01T13:52:54.000Z</time></trkpt>
      <trkpt lat="52.731634" lon="-1.329846"><ele>190.8</ele><time>2025-01-01T13:52:55.000Z</time></trkpt>
      <trkpt lat="52.731642" lon="-1.329854"><ele>190.7</ele><time>2025-01-01T13:52:56.000Z</time></trkpt>
      <trkpt lat="52.731645" lon="-1.329887"><ele>190.7</ele><time>2025-01-01T13:52:57.000Z</time></trkpt>
      <trkpt lat="52.731652" lon="-1.329897"><ele>190.7</ele><time>2025-01-01T13:52:58.000Z</time></trkpt>
      <trkpt lat="52.731659" lon="-1.329908"><ele>190.7</ele><time>2025-01-01T13:52:59.000Z</time></trkpt>
      <trkpt lat="52.731661" lon="-1.329925"><ele>190.7</ele><time>2025-01-01T13:53:00.000Z</time></trkpt>
      <trkpt lat="52.731667" lon="-1.329952"><ele>190.6</ele><time>2025-01-01T13:53:01.000Z</time></trkpt>
      <trkpt lat="52.731691" lon="-1.329972"><ele>190.6</ele><time>2025-01-01T13:53:02.000Z</time></trkpt>
      <trkpt lat="52.731700" lon="-1.329985"><ele>190.6</ele><time>2025-01-01T13:53:03.000Z</time></trkpt>
      <trkpt lat="52.731710" lon="-1.329998"><ele>190.6</ele><time>2025-01-01T13:53:04.000Z</time></trkpt>
      <trkpt lat="52.731709" lon="-1.330016"><ele>190.5</ele><time>2025-01-01T13:53:05.000Z</time></trkpt>
      <trkpt lat="52.731720" lon="-1.330050"><ele>190.5</ele><time>2025-01-01T13:53:06.000Z</time></trkpt>
      <trkpt lat="52.731747" lon="-1.330079"><ele>190.4</ele><time>2025-01-01T13:53:07.000Z</time></trkpt>
      <trkpt lat="52.731757" lon="-1.330094"><ele>190.4</ele><time>2025-01-01T13:53:08.000Z</time></trkpt>
      <trkpt lat="52.731768" lon="-1.330121"><ele>190.4</ele><time>2025-01-01T13:53:09.000Z</time></trkpt>
      <trkpt lat="52.731773" lon="-1.330133"><ele>190.3</ele><time>2025-01-01T13:53:10.000Z</time></trkpt>
      <trkpt lat="52.731777" lon="-1.330144"><ele>190.3</ele><time>2025-01-01T13:53:11.000Z</time></trkpt>
      <trkpt lat="52.731782" lon="-1.330184"><ele>190.3</ele><time>2025-01-01T13:53:12.000Z</time></trkpt>
      <trkpt lat="52.731786" lon="-1.330192"><ele>190.2</ele><time>2025-01-01T13:53:13.000Z</time></trkpt>
      <trkpt lat="52.731790" lon="-1.330201"><ele>190.2</ele><time>2025-01-01T13:53:14.000Z</time></trkpt>
      <trkpt lat="52.731794" lon="-1.330209"><ele>190.2</ele><time>2025-01-01T13:53:15.000Z</time></trkpt>
      <trkpt lat="52.731791" lon="-1.330217"><ele>190.2</ele><time>2025-01-01T13:53:16.000Z</time></trkpt>
      <trkpt lat="52.731797" lon="-1.330249"><ele>190.2</ele><time>2025-01-01T13:53:17.000Z</time></trkpt>
      <trkpt lat="52.731800" lon="-1.330262"><ele>190.1</ele><time>2025-01-01T13:53:18.000Z</time></trkpt>
      <trkpt lat="52.731810" lon="-1.330297"><ele>190.1</ele><time>2025-01-01T13:53:19.000Z</time></trkpt>
      <trkpt lat="52.731819" lon="-1.330312"><ele>190.0</ele><time>2025-01-01T13:53:20.000Z</time></trkpt>
      <trkpt lat="52.731840" lon="-1.330300"><ele>190.0</ele><time>2025-01-01T13:53:21.000Z</time></trkpt>
      <trkpt lat="52.731844" lon="-1.330337"><ele>189.9</ele><time>2025-01-01T13:53:22.000Z</time></trkpt>
      <trkpt lat="52.731875" lon="-1.330355"><ele>189.8</ele><time>2025-01-01T13:53:23.000Z</time></trkpt>
      <trkpt lat="52.731869" lon="-1.330366"><ele>189.8</ele><time>2025-01-01T13:53:24.000Z</time></trkpt>
      <trkpt lat="52.731883" lon="-1.330379"><ele>189.7</ele><time>2025-01-01T13:53:25.000Z</time></trkpt>
      <trkpt lat="52.731896" lon="-1.330386"><ele>189.6</ele><time>2025-01-01T13:53:26.000Z</time></trkpt>
      <trkpt lat="52.731903" lon="-1.330408"><ele>189.6</ele><time>2025-01-01T13:53:27.000Z</time></trkpt>
      <trkpt lat="52.731909" lon="-1.330415"><ele>189.5</ele><time>2025-01-01T13:53:28.000Z</time></trkpt>
      <trkpt lat="52.731915" lon="-1.330423"><ele>189.5</ele><time>2025-01-01T13:53:29.000Z</time></trkpt>
      <trkpt lat="52.731921" lon="-1.330430"><ele>189.5</ele><time>2025-01-01T13:53:30.000Z</time></trkpt>
      <trkpt lat="52.731934" lon="-1.330432"><ele>189.4</ele><time>2025-01-01T13:53:31.000Z</time></trkpt>
      <trkpt lat="52.731939" lon="-1.330467"><ele>189.3</ele><time>2025-01-01T13:53:32.000Z</time></trkpt>
      <trkpt lat="52.731935" lon="-1.330450"><ele>189.3</ele><time>2025-01-01T13:53:33.000Z</time></trkpt>
      <trkpt lat="52.731941" lon="-1.330454"><ele>189.2</ele><time>2025-01-01T13:53:34.000Z</time></trkpt>
      <trkpt lat="52.731950" lon="-1.330479"><ele>189.1</ele><time>2025-01-01T13:53:35.000Z</time></trkpt>
      <trkpt lat="52.731963" lon="-1.330493"><ele>189.0</ele><time>2025-01-01T13:53:36.000Z</time></trkpt>
      <trkpt lat="52.731979" lon="-1.330501"><ele>189.0</ele><time>2025-01-01T13:53:37.000Z</time></trkpt>
      <trkpt lat="52.731994" lon="-1.330519"><ele>188.8</ele><time>2025-01-01T13:53:38.000Z</time></trkpt>
      <trkpt lat="52.732007" lon="-1.330516"><ele>188.7</ele><time>2025-01-01T13:53:39.000Z</time></trkpt>
      <trkpt lat="52.732008" lon="-1.330561"><ele>188.6</ele><time>2025-01-01T13:53:40.000Z</time></trkpt>
      <trkpt lat="52.732020" lon="-1.330591"><ele>188.4</ele><time>2025-01-01T13:53:41.000Z</time></trkpt>
      <trkpt lat="52.732024" lon="-1.330606"><ele>188.4</ele><time>2025-01-01T13:53:42.000Z</time></trkpt>
      <trkpt lat="52.732028" lon="-1.330621"><ele>188.3</ele><time>2025-01-01T13:53:43.000Z</time></trkpt>
      <trkpt lat="52.732045" lon="-1.330682"><ele>188.0</ele><time>2025-01-01T13:53:44.000Z</time></trkpt>
      <trkpt lat="52.732066" lon="-1.330702"><ele>187.8</ele><time>2025-01-01T13:53:45.000Z</time></trkpt>
      <trkpt lat="52.732064" lon="-1.330724"><ele>187.7</ele><time>2025-01-01T13:53:46.000Z</time></trkpt>
      <trkpt lat="52.732079" lon="-1.330772"><ele>187.5</ele><time>2025-01-01T13:53:47.000Z</time></trkpt>
      <trkpt lat="52.732083" lon="-1.330787"><ele>187.4</ele><time>2025-01-01T13:53:48.000Z</time></trkpt>
      <trkpt lat="52.732099" lon="-1.330800"><ele>187.3</ele><time>2025-01-01T13:53:49.000Z</time></trkpt>
      <trkpt lat="52.732097" lon="-1.330774"><ele>187.1</ele><time>2025-01-01T13:53:50.000Z</time></trkpt>
      <trkpt lat="52.732116" lon="-1.330778"><ele>187.0</ele><time>2025-01-01T13:53:51.000Z</time></trkpt>
      <trkpt lat="52.732131" lon="-1.330775"><ele>186.9</ele><time>2025-01-01T13:53:52.000Z</time></trkpt>
      <trkpt lat="52.732143" lon="-1.330782"><ele>186.8</ele><time>2025-01-01T13:53:53.000Z</time></trkpt>
      <trkpt lat="52.732147" lon="-1.330804"><ele>186.7</ele><time>2025-01-01T13:53:54.000Z</time></trkpt>
      <trkpt lat="52.732156" lon="-1.330823"><ele>186.6</ele><time>2025-01-01T13:53:55.000Z</time></trkpt>
      <trkpt lat="52.732162" lon="-1.330846"><ele>186.4</ele><time>2025-01-01T13:53:56.000Z</time></trkpt>
      <trkpt lat="52.732164" lon="-1.330839"><ele>186.4</ele><time>2025-01-01T13:53:57.000Z</time></trkpt>
      <trkpt lat="52.732181" lon="-1.330854"><ele>186.3</ele><time>2025-01-01T13:53:58.000Z</time></trkpt>
      <trkpt lat="52.732180" lon="-1.330844"><ele>186.2</ele><time>2025-01-01T13:53:59.000Z</time></trkpt>
      <trkpt lat="52.732179" lon="-1.330819"><ele>186.1</ele><time>2025-01-01T13:54:00.000Z</time></trkpt>
      <trkpt lat="52.732181" lon="-1.330831"><ele>186.0</ele><time>2025-01-01T13:54:01.000Z</time></trkpt>
      <trkpt lat="52.732180" lon="-1.330826"><ele>186.0</ele><time>2025-01-01T13:54:02.000Z</time></trkpt>
      <trkpt lat="52.732182" lon="-1.330833"><ele>186.0</ele><time>2025-01-01T13:54:03.000Z</time></trkpt>
      <trkpt lat="52.732187" lon="-1.330841"><ele>185.9</ele><time>2025-01-01T13:54:04.000Z</time></trkpt>
      <trkpt lat="52.732211" lon="-1.330875"><ele>185.7</ele><time>2025-01-01T13:54:05.000Z</time></trkpt>
      <trkpt lat="52.732220" lon="-1.330901"><ele>185.5</ele><time>2025-01-01T13:54:06.000Z</time></trkpt>
      <trkpt lat="52.732236" lon="-1.330912"><ele>185.4</ele><time>2025-01-01T13:54:07.000Z</time></trkpt>
      <trkpt lat="52.732268" lon="-1.330940"><ele>185.2</ele><time>2025-01-01T13:54:08.000Z</time></trkpt>
      <trkpt lat="52.732279" lon="-1.330954"><ele>185.1</ele><time>2025-01-01T13:54:09.000Z</time></trkpt>
      <trkpt lat="52.732302" lon="-1.330998"><ele>184.8</ele><time>2025-01-01T13:54:10.000Z</time></trkpt>
      <trkpt lat="52.732319" lon="-1.331043"><ele>184.6</ele><time>2025-01-01T13:54:11.000Z</time></trkpt>
      <trkpt lat="52.732324" lon="-1.331053"><ele>184.5</ele><time>2025-01-01T13:54:12.000Z</time></trkpt>
      <trkpt lat="52.732334" lon="-1.331053"><ele>184.4</ele><time>2025-01-01T13:54:13.000Z</time></trkpt>
      <trkpt lat="52.732342" lon="-1.331058"><ele>184.4</ele><time>2025-01-01T13:54:14.000Z</time></trkpt>
      <trkpt lat="52.732352" lon="-1.331078"><ele>184.2</ele><time>2025-01-01T13:54:15.000Z</time></trkpt>
      <trkpt lat="52.732367" lon="-1.331106"><ele>184.1</ele><time>2025-01-01T13:54:16.000Z</time></trkpt>
      <trkpt lat="52.732364" lon="-1.331133"><ele>184.0</ele><time>2025-01-01T13:54:17.000Z</time></trkpt>
      <trkpt lat="52.732381" lon="-1.331163"><ele>183.8</ele><time>2025-01-01T13:54:18.000Z</time></trkpt>
      <trkpt lat="52.732383" lon="-1.331174"><ele>183.8</ele><time>2025-01-01T13:54:19.000Z</time></trkpt>
      <trkpt lat="52.732386" lon="-1.331184"><ele>183.7</ele><time>2025-01-01T13:54:20.000Z</time></trkpt>
      <trkpt lat="52.732408" lon="-1.331196"><ele>183.6</ele><time>2025-01-01T13:54:21.000Z</time></trkpt>
      <trkpt lat="52.732413" lon="-1.331204"><ele>183.5</ele><time>2025-01-01T13:54:22.000Z</time></trkpt>
      <trkpt lat="52.732436" lon="-1.331229"><ele>183.3</ele><time>2025-01-01T13:54:23.000Z</time></trkpt>
      <trkpt lat="52.732457" lon="-1.331250"><ele>183.2</ele><time>2025-01-01T13:54:24.000Z</time></trkpt>
      <trkpt lat="52.732464" lon="-1.331268"><ele>183.1</ele><time>2025-01-01T13:54:25.000Z</time></trkpt>
      <trkpt lat="52.732483" lon="-1.331287"><ele>183.0</ele><time>2025-01-01T13:54:26.000Z</time></trkpt>
      <trkpt lat="52.732489" lon="-1.331297"><ele>182.9</ele><time>2025-01-01T13:54:27.000Z</time></trkpt>
      <trkpt lat="52.732496" lon="-1.331308"><ele>182.9</ele><time>2025-01-01T13:54:28.000Z</time></trkpt>
      <trkpt lat="52.732511" lon="-1.331322"><ele>182.7</ele><time>2025-01-01T13:54:29.000Z</time></trkpt>
      <trkpt lat="52.732520" lon="-1.331338"><ele>182.7</ele><time>2025-01-01T13:54:30.000Z</time></trkpt>
      <trkpt lat="52.732526" lon="-1.331368"><ele>182.5</ele><time>2025-01-01T13:54:31.000Z</time></trkpt>
      <trkpt lat="52.732539" lon="-1.331386"><ele>182.4</ele><time>2025-01-01T13:54:32.000Z</time></trkpt>
      <trkpt lat="52.732555" lon="-1.331433"><ele>182.2</ele><time>2025-01-01T13:54:33.000Z</time></trkpt>
      <trkpt lat="52.732562" lon="-1.331448"><ele>182.2</ele><time>2025-01-01T13:54:34.000Z</time></trkpt>
      <trkpt lat="52.732568" lon="-1.331463"><ele>182.1</ele><time>2025-01-01T13:54:35.000Z</time></trkpt>
      <trkpt lat="52.732573" lon="-1.331466"><ele>182.1</ele><time>2025-01-01T13:54:36.000Z</time></trkpt>
      <trkpt lat="52.732590" lon="-1.331490"><ele>181.9</ele><time>2025-01-01T13:54:37.000Z</time></trkpt>
      <trkpt lat="52.732598" lon="-1.331521"><ele>181.8</ele><time>2025-01-01T13:54:38.000Z</time></trkpt>
      <trkpt lat="52.732608" lon="-1.331542"><ele>181.7</ele><time>2025-01-01T13:54:39.000Z</time></trkpt>
      <trkpt lat="52.732621" lon="-1.331562"><ele>181.6</ele><time>2025-01-01T13:54:40.000Z</time></trkpt>
      <trkpt lat="52.732624" lon="-1.331579"><ele>181.5</ele><time>2025-01-01T13:54:41.000Z</time></trkpt>
      <trkpt lat="52.732635" lon="-1.331600"><ele>181.4</ele><time>2025-01-01T13:54:42.000Z</time></trkpt>
      <trkpt lat="52.732647" lon="-1.331625"><ele>181.3</ele><time>2025-01-01T13:54:43.000Z</time></trkpt>
      <trkpt lat="52.732668" lon="-1.331654"><ele>181.1</ele><time>2025-01-01T13:54:44.000Z</time></trkpt>
      <trkpt lat="52.732674" lon="-1.331658"><ele>181.1</ele><time>2025-01-01T13:54:45.000Z</time></trkpt>
      <trkpt lat="52.732680" lon="-1.331661"><ele>181.1</ele><time>2025-01-01T13:54:46.000Z</time></trkpt>
      <trkpt lat="52.732685" lon="-1.331686"><ele>181.0</ele><time>2025-01-01T13:54:47.000Z</time></trkpt>
      <trkpt lat="52.732688" lon="-1.331704"><ele>180.9</ele><time>2025-01-01T13:54:48.000Z</time></trkpt>
      <trkpt lat="52.732692" lon="-1.331722"><ele>180.8</ele><time>2025-01-01T13:54:49.000Z</time></trkpt>
      <trkpt lat="52.732709" lon="-1.331760"><ele>180.7</ele><time>2025-01-01T13:54:50.000Z</time></trkpt>
      <trkpt lat="52.732702" lon="-1.331761"><ele>180.6</ele><time>2025-01-01T13:54:51.000Z</time></trkpt>
      <trkpt lat="52.732716" lon="-1.331780"><ele>180.5</ele><time>2025-01-01T13:54:52.000Z</time></trkpt>
      <trkpt lat="52.732734" lon="-1.331794"><ele>180.4</ele><time>2025-01-01T13:54:53.000Z</time></trkpt>
      <trkpt lat="52.732743" lon="-1.331811"><ele>180.4</ele><time>2025-01-01T13:54:54.000Z</time></trkpt>
      <trkpt lat="52.732760" lon="-1.331822"><ele>180.3</ele><time>2025-01-01T13:54:55.000Z</time></trkpt>
      <trkpt lat="52.732769" lon="-1.331847"><ele>180.2</ele><time>2025-01-01T13:54:56.000Z</time></trkpt>
      <trkpt lat="52.732773" lon="-1.331858"><ele>180.1</ele><time>2025-01-01T13:54:57.000Z</time></trkpt>
      <trkpt lat="52.732778" lon="-1.331869"><ele>180.1</ele><time>2025-01-01T13:54:58.000Z</time></trkpt>
      <trkpt lat="52.732782" lon="-1.331880"><ele>180.0</ele><time>2025-01-01T13:54:59.000Z</time></trkpt>
      <trkpt lat="52.732783" lon="-1.331904"><ele>180.0</ele><time>2025-01-01T13:55:00.000Z</time></trkpt>
      <trkpt lat="52.732794" lon="-1.331930"><ele>179.9</ele><time>2025-01-01T13:55:01.000Z</time></trkpt>
      <trkpt lat="52.732805" lon="-1.331948"><ele>179.8</ele><time>2025-01-01T13:55:02.000Z</time></trkpt>
      <trkpt lat="52.732815" lon="-1.331974"><ele>179.7</ele><time>2025-01-01T13:55:03.000Z</time></trkpt>
      <trkpt lat="52.732827" lon="-1.331982"><ele>179.6</ele><time>2025-01-01T13:55:04.000Z</time></trkpt>
      <trkpt lat="52.732837" lon="-1.331996"><ele>179.5</ele><time>2025-01-01T13:55:05.000Z</time></trkpt>
      <trkpt lat="52.732848" lon="-1.332011"><ele>179.5</ele><time>2025-01-01T13:55:06.000Z</time></trkpt>
      <trkpt lat="52.732864" lon="-1.332044"><ele>179.4</ele><time>2025-01-01T13:55:07.000Z</time></trkpt>
      <trkpt lat="52.732866" lon="-1.332053"><ele>179.3</ele><time>2025-01-01T13:55:08.000Z</time></trkpt>
      <trkpt lat="52.732869" lon="-1.332061"><ele>179.3</ele><time>2025-01-01T13:55:09.000Z</time></trkpt>
      <trkpt lat="52.732884" lon="-1.332107"><ele>179.2</ele><time>2025-01-01T13:55:10.000Z</time></trkpt>
      <trkpt lat="52.732882" lon="-1.332090"><ele>179.1</ele><time>2025-01-01T13:55:11.000Z</time></trkpt>
      <trkpt lat="52.732883" lon="-1.332113"><ele>179.0</ele><time>2025-01-01T13:55:13.000Z</time></trkpt>
      <trkpt lat="52.732897" lon="-1.332107"><ele>179.0</ele><time>2025-01-01T13:55:14.000Z</time></trkpt>
      <trkpt lat="52.732899" lon="-1.332141"><ele>178.9</ele><time>2025-01-01T13:55:15.000Z</time></trkpt>
      <trkpt lat="52.732897" lon="-1.332150"><ele>178.8</ele><time>2025-01-01T13:55:16.000Z</time></trkpt>
      <trkpt lat="52.732919" lon="-1.332151"><ele>178.7</ele><time>2025-01-01T13:55:17.000Z</time></trkpt>
      <trkpt lat="52.732927" lon="-1.332152"><ele>178.7</ele><time>2025-01-01T13:55:18.000Z</time></trkpt>
      <trkpt lat="52.732936" lon="-1.332152"><ele>178.7</ele><time>2025-01-01T13:55:19.000Z</time></trkpt>
      <trkpt lat="52.732953" lon="-1.332197"><ele>178.5</ele><time>2025-01-01T13:55:20.000Z</time></trkpt>
      <trkpt lat="52.732943" lon="-1.332213"><ele>178.5</ele><time>2025-01-01T13:55:21.000Z</time></trkpt>
      <trkpt lat="52.732964" lon="-1.332212"><ele>178.4</ele><time>2025-01-01T13:55:22.000Z</time></trkpt>
      <trkpt lat="52.732962" lon="-1.332230"><ele>178.4</ele><time>2025-01-01T13:55:23.000Z</time></trkpt>
      <trkpt lat="52.732969" lon="-1.332249"><ele>178.3</ele><time>2025-01-01T13:55:24.000Z</time></trkpt>
      <trkpt lat="52.732989" lon="-1.332287"><ele>178.2</ele><time>2025-01-01T13:55:25.000Z</time></trkpt>
      <trkpt lat="52.732996" lon="-1.332307"><ele>178.2</ele><time>2025-01-01T13:55:26.000Z</time></trkpt>
      <trkpt lat="52.733000" lon="-1.332321"><ele>178.1</ele><time>2025-01-01T13:55:27.000Z</time></trkpt>
      <trkpt lat="52.733017" lon="-1.332352"><ele>178.0</ele><time>2025-01-01T13:55:28.000Z</time></trkpt>
      <trkpt lat="52.733037" lon="-1.332417"><ele>177.9</ele><time>2025-01-01T13:55:29.000Z</time></trkpt>
      <trkpt lat="52.733053" lon="-1.332433"><ele>177.8</ele><time>2025-01-01T13:55:30.000Z</time></trkpt>
      <trkpt lat="52.733061" lon="-1.332441"><ele>177.8</ele><time>2025-01-01T13:55:31.000Z</time></trkpt>
      <trkpt lat="52.733070" lon="-1.332449"><ele>177.8</ele><time>2025-01-01T13:55:32.000Z</time></trkpt>
      <trkpt lat="52.733077" lon="-1.332462"><ele>177.7</ele><time>2025-01-01T13:55:33.000Z</time></trkpt>
      <trkpt lat="52.733082" lon="-1.332470"><ele>177.7</ele><time>2025-01-01T13:55:34.000Z</time></trkpt>
      <trkpt lat="52.733088" lon="-1.332479"><ele>177.7</ele><time>2025-01-01T13:55:35.000Z</time></trkpt>
      <trkpt lat="52.733093" lon="-1.332487"><ele>177.7</ele><time>2025-01-01T13:55:36.000Z</time></trkpt>
      <trkpt lat="52.733098" lon="-1.332495"><ele>177.6</ele><time>2025-01-01T13:55:37.000Z</time></trkpt>
      <trkpt lat="52.733120" lon="-1.332538"><ele>177.5</ele><time>2025-01-01T13:55:38.000Z</time></trkpt>
      <trkpt lat="52.733129" lon="-1.332534"><ele>177.5</ele><time>2025-01-01T13:55:39.000Z</time></trkpt>
      <trkpt lat="52.733135" lon="-1.332551"><ele>177.5</ele><time>2025-01-01T13:55:40.000Z</time></trkpt>
      <trkpt lat="52.733142" lon="-1.332567"><ele>177.4</ele><time>2025-01-01T13:55:41.000Z</time></trkpt>
      <trkpt lat="52.733148" lon="-1.332584"><ele>177.4</ele><time>2025-01-01T13:55:42.000Z</time></trkpt>
      <trkpt lat="52.733172" lon="-1.332613"><ele>177.3</ele><time>2025-01-01T13:55:43.000Z</time></trkpt>
      <trkpt lat="52.733182" lon="-1.332622"><ele>177.3</ele><time>2025-01-01T13:55:44.000Z</time></trkpt>
      <trkpt lat="52.733194" lon="-1.332633"><ele>177.2</ele><time>2025-01-01T13:55:45.000Z</time></trkpt>
      <trkpt lat="52.733198" lon="-1.332643"><ele>177.2</ele><time>2025-01-01T13:55:46.000Z</time></trkpt>
      <trkpt lat="52.733204" lon="-1.332661"><ele>177.2</ele><time>2025-01-01T13:55:47.000Z</time></trkpt>
      <trkpt lat="52.733204" lon="-1.332663"><ele>177.2</ele><time>2025-01-01T13:55:48.000Z</time></trkpt>
      <trkpt lat="52.733209" lon="-1.332669"><ele>177.1</ele><time>2025-01-01T13:55:49.000Z</time></trkpt>
      <trkpt lat="52.733210" lon="-1.332708"><ele>177.1</ele><time>2025-01-01T13:55:50.000Z</time></trkpt>
      <trkpt lat="52.733215" lon="-1.332726"><ele>177.0</ele><time>2025-01-01T13:55:51.000Z</time></trkpt>
      <trkpt lat="52.733229" lon="-1.332747"><ele>177.0</ele><time>2025-01-01T13:55:52.000Z</time></trkpt>
      <trkpt lat="52.733228" lon="-1.332784"><ele>176.9</ele><time>2025-01-01T13:55:53.000Z</time></trkpt>
      <trkpt lat="52.733236" lon="-1.332785"><ele>176.9</ele><time>2025-01-01T13:55:54.000Z</time></trkpt>
      <trkpt lat="52.733238" lon="-1.332799"><ele>176.8</ele><time>2025-01-01T13:55:55.000Z</time></trkpt>
      <trkpt lat="52.733234" lon="-1.332828"><ele>176.8</ele><time>2025-01-01T13:55:56.000Z</time></trkpt>
      <trkpt lat="52.733237" lon="-1.332843"><ele>176.8</ele><time>2025-01-01T13:55:57.000Z</time></trkpt>
      <trkpt lat="52.733264" lon="-1.332874"><ele>176.7</ele><time>2025-01-01T13:55:58.000Z</time></trkpt>
      <trkpt lat="52.733270" lon="-1.332891"><ele>176.6</ele><time>2025-01-01T13:55:59.000Z</time></trkpt>
      <trkpt lat="52.733286" lon="-1.332938"><ele>176.5</ele><time>2025-01-01T13:56:00.000Z</time></trkpt>
      <trkpt lat="52.733292" lon="-1.332948"><ele>176.5</ele><time>2025-01-01T13:56:01.000Z</time></trkpt>
      <trkpt lat="52.733297" lon="-1.332958"><ele>176.5</ele><time>2025-01-01T13:56:02.000Z</time></trkpt>
      <trkpt lat="52.733299" lon="-1.332970"><ele>176.5</ele><time>2025-01-01T13:56:03.000Z</time></trkpt>
      <trkpt lat="52.733307" lon="-1.332984"><ele>176.4</ele><time>2025-01-01T13:56:04.000Z</time></trkpt>
      <trkpt lat="52.733317" lon="-1.333004"><ele>176.4</ele><time>2025-01-01T13:56:05.000Z</time></trkpt>
      <trkpt lat="52.733342" lon="-1.333055"><ele>176.3</ele><time>2025-01-01T13:56:06.000Z</time></trkpt>
      <trkpt lat="52.733346" lon="-1.333092"><ele>176.2</ele><time>2025-01-01T13:56:07.000Z</time></trkpt>
      <trkpt lat="52.733353" lon="-1.333081"><ele>176.2</ele><time>2025-01-01T13:56:08.000Z</time></trkpt>
      <trkpt lat="52.733362" lon="-1.333104"><ele>176.1</ele><time>2025-01-01T13:56:09.000Z</time></trkpt>
      <trkpt lat="52.733380" lon="-1.333107"><ele>176.1</ele><time>2025-01-01T13:56:10.000Z</time></trkpt>
      <trkpt lat="52.733386" lon="-1.333104"><ele>176.1</ele><time>2025-01-01T13:56:11.000Z</time></trkpt>
      <trkpt lat="52.733405" lon="-1.333135"><ele>176.0</ele><time>2025-01-01T13:56:12.000Z</time></trkpt>
      <trkpt lat="52.733412" lon="-1.333133"><ele>176.0</ele><time>2025-01-01T13:56:13.000Z</time></trkpt>
      <trkpt lat="52.733403" lon="-1.333131"><ele>176.0</ele><time>2025-01-01T13:56:14.000Z</time></trkpt>
      <trkpt lat="52.733416" lon="-1.333178"><ele>175.9</ele><time>2025-01-01T13:56:15.000Z</time></trkpt>
      <trkpt lat="52.733443" lon="-1.333204"><ele>175.8</ele><time>2025-01-01T13:56:16.000Z</time></trkpt>
      <trkpt lat="52.733457" lon="-1.333207"><ele>175.8</ele><time>2025-01-01T13:56:17.000Z</time></trkpt>
      <trkpt lat="52.733471" lon="-1.333218"><ele>175.7</ele><time>2025-01-01T13:56:18.000Z</time></trkpt>
      <trkpt lat="52.733482" lon="-1.333232"><ele>175.7</ele><time>2025-01-01T13:56:19.000Z</time></trkpt>
      <trkpt lat="52.733493" lon="-1.333245"><ele>175.6</ele><time>2025-01-01T13:56:20.000Z</time></trkpt>
      <trkpt lat="52.733496" lon="-1.333254"><ele>175.6</ele><time>2025-01-01T13:56:21.000Z</time></trkpt>
      <trkpt lat="52.733490" lon="-1.333255"><ele>175.6</ele><time>2025-01-01T13:56:22.000Z</time></trkpt>
      <trkpt lat="52.733507" lon="-1.333269"><ele>175.6</ele><time>2025-01-01T13:56:23.000Z</time></trkpt>
      <trkpt lat="52.733514" lon="-1.333278"><ele>175.5</ele><time>2025-01-01T13:56:24.000Z</time></trkpt>
      <trkpt lat="52.733536" lon="-1.333324"><ele>175.5</ele><time>2025-01-01T13:56:25.000Z</time></trkpt>
      <trkpt lat="52.733540" lon="-1.333342"><ele>175.4</ele><time>2025-01-01T13:56:26.000Z</time></trkpt>
      <trkpt lat="52.733539" lon="-1.333369"><ele>175.4</ele><time>2025-01-01T13:56:27.000Z</time></trkpt>
      <trkpt lat="52.733548" lon="-1.333385"><ele>175.4</ele><time>2025-01-01T13:56:28.000Z</time></trkpt>
      <trkpt lat="52.733555" lon="-1.333406"><ele>175.3</ele><time>2025-01-01T13:56:29.000Z</time></trkpt>
      <trkpt lat="52.733573" lon="-1.333385"><ele>175.3</ele><time>2025-01-01T13:56:30.000Z</time></trkpt>
      <trkpt lat="52.733573" lon="-1.333387"><ele>175.3</ele><time>2025-01-01T13:56:31.000Z</time></trkpt>
      <trkpt lat="52.733575" lon="-1.333408"><ele>175.3</ele><time>2025-01-01T13:56:32.000Z</time></trkpt>
      <trkpt lat="52.733576" lon="-1.333440"><ele>175.2</ele><time>2025-01-01T13:56:33.000Z</time></trkpt>
      <trkpt lat="52.733577" lon="-1.333454"><ele>175.2</ele><time>2025-01-01T13:56:34.000Z</time></trkpt>
      <trkpt lat="52.733577" lon="-1.333468"><ele>175.2</ele><time>2025-01-01T13:56:35.000Z</time></trkpt>
      <trkpt lat="52.733578" lon="-1.333482"><ele>175.2</ele><time>2025-01-01T13:56:36.000Z</time></trkpt>
      <trkpt lat="52.733582" lon="-1.333513"><ele>175.1</ele><time>2025-01-01T13:56:37.000Z</time></trkpt>
      <trkpt lat="52.733588" lon="-1.333531"><ele>175.1</ele><time>2025-01-01T13:56:38.000Z</time></trkpt>
      <trkpt lat="52.733593" lon="-1.333548"><ele>175.1</ele><time>2025-01-01T13:56:39.000Z</time></trkpt>
      <trkpt lat="52.733618" lon="-1.333574"><ele>175.0</ele><time>2025-01-01T13:56:40.000Z</time></trkpt>
      <trkpt lat="52.733625" lon="-1.333576"><ele>175.0</ele><time>2025-01-01T13:56:41.000Z</time></trkpt>
      <trkpt lat="52.733639" lon="-1.333616"><ele>175.0</ele><time>2025-01-01T13:56:42.000Z</time></trkpt>
      <trkpt lat="52.733641" lon="-1.333647"><ele>174.9</ele><time>2025-01-01T13:56:43.000Z</time></trkpt>
      <trkpt lat="52.733644" lon="-1.333678"><ele>174.9</ele><time>2025-01-01T13:56:44.000Z</time></trkpt>
      <trkpt lat="52.733672" lon="-1.333705"><ele>174.8</ele><time>2025-01-01T13:56:45.000Z</time></trkpt>
      <trkpt lat="52.733697" lon="-1.333731"><ele>174.8</ele><time>2025-01-01T13:56:46.000Z</time></trkpt>
      <trkpt lat="52.733693" lon="-1.333742"><ele>174.8</ele><time>2025-01-01T13:56:47.000Z</time></trkpt>
      <trkpt lat="52.733698" lon="-1.333752"><ele>174.7</ele><time>2025-01-01T13:56:48.000Z</time></trkpt>
      <trkpt lat="52.733702" lon="-1.333762"><ele>174.7</ele><time>2025-01-01T13:56:49.000Z</time></trkpt>
      <trkpt lat="52.733706" lon="-1.333772"><ele>174.7</ele><time>2025-01-01T13:56:50.000Z</time></trkpt>
      <trkpt lat="52.733711" lon="-1.333782"><ele>174.7</ele><time>2025-01-01T13:56:51.000Z</time></trkpt>
      <trkpt lat="52.733715" lon="-1.333792"><ele>174.7</ele><time>2025-01-01T13:56:52.000Z</time></trkpt>
      <trkpt lat="52.733733" lon="-1.333784"><ele>174.7</ele><time>2025-01-01T13:56:53.000Z</time></trkpt>
      <trkpt lat="52.733747" lon="-1.333801"><ele>174.6</ele><time>2025-01-01T13:56:54.000Z</time></trkpt>
      <trkpt lat="52.733760" lon="-1.333819"><ele>174.6</ele><time>2025-01-01T13:56:55.000Z</time></trkpt>
      <trkpt lat="52.733746" lon="-1.333851"><ele>174.6</ele><time>2025-01-01T13:56:56.000Z</time></trkpt>
      <trkpt lat="52.733755" lon="-1.333863"><ele>174.6</ele><time>2025-01-01T13:56:57.000Z</time></trkpt>
      <trkpt lat="52.733748" lon="-1.333921"><ele>174.5</ele><time>2025-01-01T13:56:58.000Z</time></trkpt>
      <trkpt lat="52.733743" lon="-1.333930"><ele>174.5</ele><time>2025-01-01T13:56:59.000Z</time></trkpt>
      <trkpt lat="52.733775" lon="-1.333950"><ele>174.4</ele><time>2025-01-01T13:57:00.000Z</time></trkpt>
      <trkpt lat="52.733817" lon="-1.333900"><ele>174.4</ele><time>2025-01-01T13:57:01.000Z</time></trkpt>
      <trkpt lat="52.733872" lon="-1.333980"><ele>174.3</ele><time>2025-01-01T13:57:02.000Z</time></trkpt>
      <trkpt lat="52.733866" lon="-1.333964"><ele>174.3</ele><time>2025-01-01T13:57:03.000Z</time></trkpt>
      <trkpt lat="52.733873" lon="-1.333954"><ele>174.2</ele><time>2025-01-01T13:57:04.000Z</time></trkpt>
      <trkpt lat="52.733859" lon="-1.333990"><ele>174.2</ele><time>2025-01-01T13:57:05.000Z</time></trkpt>
      <trkpt lat="52.733878" lon="-1.333993"><ele>174.2</ele><time>2025-01-01T13:57:06.000Z</time></trkpt>
      <trkpt lat="52.733877" lon="-1.334002"><ele>174.2</ele><time>2025-01-01T13:57:07.000Z</time></trkpt>
      <trkpt lat="52.733879" lon="-1.334021"><ele>174.2</ele><time>2025-01-01T13:57:08.000Z</time></trkpt>
      <trkpt lat="52.733893" lon="-1.334025"><ele>174.1</ele><time>2025-01-01T13:57:09.000Z</time></trkpt>
      <trkpt lat="52.733892" lon="-1.334036"><ele>174.1</ele><time>2025-01-01T13:57:10.000Z</time></trkpt>
      <trkpt lat="52.733895" lon="-1.334050"><ele>174.1</ele><time>2025-01-01T13:57:11.000Z</time></trkpt>
      <trkpt lat="52.733894" lon="-1.334054"><ele>174.1</ele><time>2025-01-01T13:57:12.000Z</time></trkpt>
      <trkpt lat="52.733887" lon="-1.334048"><ele>174.1</ele><time>2025-01-01T13:57:13.000Z</time></trkpt>
      <trkpt lat="52.733895" lon="-1.334079"><ele>174.1</ele><time>2025-01-01T13:57:14.000Z</time></trkpt>
      <trkpt lat="52.733901" lon="-1.334081"><ele>174.1</ele><time>2025-01-01T13:57:15.000Z</time></trkpt>
      <trkpt lat="52.733920" lon="-1.334102"><ele>174.1</ele><time>2025-01-01T13:57:16.000Z</time></trkpt>
      <trkpt lat="52.733938" lon="-1.334124"><ele>174.0</ele><time>2025-01-01T13:57:17.000Z</time></trkpt>
      <trkpt lat="52.733955" lon="-1.334176"><ele>174.0</ele><time>2025-01-01T13:57:19.000Z</time></trkpt>
      <trkpt lat="52.733979" lon="-1.334216"><ele>174.0</ele><time>2025-01-01T13:57:20.000Z</time></trkpt>
      <trkpt lat="52.734006" lon="-1.334245"><ele>174.0</ele><time>2025-01-01T13:57:21.000Z</time></trkpt>
      <trkpt lat="52.733977" lon="-1.334269"><ele>173.9</ele><time>2025-01-01T13:57:22.000Z</time></trkpt>
      <trkpt lat="52.733971" lon="-1.334283"><ele>173.9</ele><time>2025-01-01T13:57:23.000Z</time></trkpt>
      <trkpt lat="52.733976" lon="-1.334299"><ele>173.9</ele><time>2025-01-01T13:57:24.000Z</time></trkpt>
      <trkpt lat="52.733982" lon="-1.334339"><ele>173.9</ele><time>2025-01-01T13:57:25.000Z</time></trkpt>
      <trkpt lat="52.733982" lon="-1.334383"><ele>173.9</ele><time>2025-01-01T13:57:26.000Z</time></trkpt>
      <trkpt lat="52.733986" lon="-1.334397"><ele>173.9</ele><time>2025-01-01T13:57:27.000Z</time></trkpt>
      <trkpt lat="52.733989" lon="-1.334411"><ele>173.9</ele><time>2025-01-01T13:57:28.000Z</time></trkpt>
      <trkpt lat="52.734006" lon="-1.334447"><ele>173.9</ele><time>2025-01-01T13:57:29.000Z</time></trkpt>
      <trkpt lat="52.734027" lon="-1.334484"><ele>173.9</ele><time>2025-01-01T13:57:30.000Z</time></trkpt>
      <trkpt lat="52.734038" lon="-1.334504"><ele>173.9</ele><time>2025-01-01T13:57:31.000Z</time></trkpt>
      <trkpt lat="52.734038" lon="-1.334528"><ele>173.9</ele><time>2025-01-01T13:57:32.000Z</time></trkpt>
      <trkpt lat="52.734040" lon="-1.334537"><ele>173.9</ele><time>2025-01-01T13:57:33.000Z</time></trkpt>
      <trkpt lat="52.734042" lon="-1.334546"><ele>173.9</ele><time>2025-01-01T13:57:34.000Z</time></trkpt>
      <trkpt lat="52.734043" lon="-1.334556"><ele>173.9</ele><time>2025-01-01T13:57:35.000Z</time></trkpt>
      <trkpt lat="52.734045" lon="-1.334565"><ele>173.9</ele><time>2025-01-01T13:57:36.000Z</time></trkpt>
      <trkpt lat="52.734047" lon="-1.334574"><ele>173.9</ele><time>2025-01-01T13:57:37.000Z</time></trkpt>
      <trkpt lat="52.734062" lon="-1.334621"><ele>173.8</ele><time>2025-01-01T13:57:38.000Z</time></trkpt>
      <trkpt lat="52.734070" lon="-1.334632"><ele>173.8</ele><time>2025-01-01T13:57:39.000Z</time></trkpt>
      <trkpt lat="52.734094" lon="-1.334625"><ele>173.8</ele><time>2025-01-01T13:57:40.000Z</time></trkpt>
      <trkpt lat="52.734102" lon="-1.334651"><ele>173.8</ele><time>2025-01-01T13:57:41.000Z</time></trkpt>
      <trkpt lat="52.734112" lon="-1.334676"><ele>173.8</ele><time>2025-01-01T13:57:42.000Z</time></trkpt>
      <trkpt lat="52.734116" lon="-1.334692"><ele>173.8</ele><time>2025-01-01T13:57:43.000Z</time></trkpt>
      <trkpt lat="52.734121" lon="-1.334709"><ele>173.8</ele><time>2025-01-01T13:57:44.000Z</time></trkpt>
      <trkpt lat="52.734161" lon="-1.334730"><ele>173.7</ele><time>2025-01-01T13:57:45.000Z</time></trkpt>
      <trkpt lat="52.734164" lon="-1.334743"><ele>173.7</ele><time>2025-01-01T13:57:46.000Z</time></trkpt>
      <trkpt lat="52.734176" lon="-1.334751"><ele>173.7</ele><time>2025-01-01T13:57:47.000Z</time></trkpt>
      <trkpt lat="52.734188" lon="-1.334760"><ele>173.7</ele><time>2025-01-01T13:57:48.000Z</time></trkpt>
      <trkpt lat="52.734200" lon="-1.334768"><ele>173.7</ele><time>2025-01-01T13:57:49.000Z</time></trkpt>
      <trkpt lat="52.734199" lon="-1.334810"><ele>173.7</ele><time>2025-01-01T13:57:50.000Z</time></trkpt>
      <trkpt lat="52.734200" lon="-1.334821"><ele>173.8</ele><time>2025-01-01T13:57:51.000Z</time></trkpt>
      <trkpt lat="52.734200" lon="-1.334833"><ele>173.8</ele><time>2025-01-01T13:57:52.000Z</time></trkpt>
      <trkpt lat="52.734206" lon="-1.334874"><ele>173.8</ele><time>2025-01-01T13:57:53.000Z</time></trkpt>
      <trkpt lat="52.734210" lon="-1.334890"><ele>173.8</ele><time>2025-01-01T13:57:54.000Z</time></trkpt>
      <trkpt lat="52.734241" lon="-1.334911"><ele>173.8</ele><time>2025-01-01T13:57:55.000Z</time></trkpt>
      <trkpt lat="52.734250" lon="-1.334923"><ele>173.8</ele><time>2025-01-01T13:57:56.000Z</time></trkpt>
      <trkpt lat="52.734258" lon="-1.334934"><ele>173.8</ele><time>2025-01-01T13:57:57.000Z</time></trkpt>
      <trkpt lat="52.734253" lon="-1.334949"><ele>173.8</ele><time>2025-01-01T13:57:58.000Z</time></trkpt>
      <trkpt lat="52.734251" lon="-1.334968"><ele>173.8</ele><time>2025-01-01T13:57:59.000Z</time></trkpt>
      <trkpt lat="52.734273" lon="-1.334973"><ele>173.8</ele><time>2025-01-01T13:58:00.000Z</time></trkpt>
      <trkpt lat="52.734299" lon="-1.335013"><ele>173.9</ele><time>2025-01-01T13:58:01.000Z</time></trkpt>
      <trkpt lat="52.734307" lon="-1.335029"><ele>173.9</ele><time>2025-01-01T13:58:02.000Z</time></trkpt>
      <trkpt lat="52.734312" lon="-1.335041"><ele>173.9</ele><time>2025-01-01T13:58:03.000Z</time></trkpt>
      <trkpt lat="52.734330" lon="-1.335056"><ele>173.9</ele><time>2025-01-01T13:58:04.000Z</time></trkpt>
      <trkpt lat="52.734340" lon="-1.335064"><ele>173.9</ele><time>2025-01-01T13:58:05.000Z</time></trkpt>
      <trkpt lat="52.734353" lon="-1.335092"><ele>173.9</ele><time>2025-01-01T13:58:06.000Z</time></trkpt>
      <trkpt lat="52.734360" lon="-1.335107"><ele>173.9</ele><time>2025-01-01T13:58:07.000Z</time></trkpt>
      <trkpt lat="52.734368" lon="-1.335129"><ele>174.0</ele><time>2025-01-01T13:58:08.000Z</time></trkpt>
      <trkpt lat="52.734376" lon="-1.335138"><ele>174.0</ele><time>2025-01-01T13:58:09.000Z</time></trkpt>
      <trkpt lat="52.734386" lon="-1.335145"><ele>174.0</ele><time>2025-01-01T13:58:10.000Z</time></trkpt>
      <trkpt lat="52.734397" lon="-1.335151"><ele>174.0</ele><time>2025-01-01T13:58:11.000Z</time></trkpt>
      <trkpt lat="52.734407" lon="-1.335158"><ele>174.0</ele><time>2025-01-01T13:58:12.000Z</time></trkpt>
      <trkpt lat="52.734414" lon="-1.335183"><ele>174.0</ele><time>2025-01-01T13:58:13.000Z</time></trkpt>
      <trkpt lat="52.734417" lon="-1.335195"><ele>174.0</ele><time>2025-01-01T13:58:14.000Z</time></trkpt>
      <trkpt lat="52.734403" lon="-1.335214"><ele>174.1</ele><time>2025-01-01T13:58:15.000Z</time></trkpt>
      <trkpt lat="52.734418" lon="-1.335252"><ele>174.1</ele><time>2025-01-01T13:58:16.000Z</time></trkpt>
      <trkpt lat="52.734417" lon="-1.335275"><ele>174.1</ele><time>2025-01-01T13:58:17.000Z</time></trkpt>
      <trkpt lat="52.734431" lon="-1.335293"><ele>174.1</ele><time>2025-01-01T13:58:18.000Z</time></trkpt>
      <trkpt lat="52.734421" lon="-1.335310"><ele>174.2</ele><time>2025-01-01T13:58:19.000Z</time></trkpt>
      <trkpt lat="52.734415" lon="-1.335327"><ele>174.2</ele><time>2025-01-01T13:58:20.000Z</time></trkpt>
      <trkpt lat="52.734420" lon="-1.335351"><ele>174.2</ele><time>2025-01-01T13:58:21.000Z</time></trkpt>
      <trkpt lat="52.734424" lon="-1.335361"><ele>174.2</ele><time>2025-01-01T13:58:22.000Z</time></trkpt>
      <trkpt lat="52.734429" lon="-1.335372"><ele>174.2</ele><time>2025-01-01T13:58:23.000Z</time></trkpt>
      <trkpt lat="52.734433" lon="-1.335383"><ele>174.2</ele><time>2025-01-01T13:58:24.000Z</time></trkpt>
      <trkpt lat="52.734467" lon="-1.335415"><ele>174.3</ele><time>2025-01-01T13:58:25.000Z</time></trkpt>
      <trkpt lat="52.734487" lon="-1.335464"><ele>174.3</ele><time>2025-01-01T13:58:26.000Z</time></trkpt>
      <trkpt lat="52.734493" lon="-1.335485"><ele>174.4</ele><time>2025-01-01T13:58:27.000Z</time></trkpt>
      <trkpt lat="52.734510" lon="-1.335530"><ele>174.4</ele><time>2025-01-01T13:58:28.000Z</time></trkpt>
      <trkpt lat="52.734517" lon="-1.335542"><ele>174.4</ele><time>2025-01-01T13:58:29.000Z</time></trkpt>
      <trkpt lat="52.734506" lon="-1.335542"><ele>174.5</ele><time>2025-01-01T13:58:30.000Z</time></trkpt>
      <trkpt lat="52.734492" lon="-1.335565"><ele>174.5</ele><time>2025-01-01T13:58:31.000Z</time></trkpt>
      <trkpt lat="52.734497" lon="-1.335601"><ele>174.5</ele><time>2025-01-01T13:58:32.000Z</time></trkpt>
      <trkpt lat="52.734501" lon="-1.335614"><ele>174.6</ele><time>2025-01-01T13:58:33.000Z</time></trkpt>
      <trkpt lat="52.734504" lon="-1.335627"><ele>174.6</ele><time>2025-01-01T13:58:34.000Z</time></trkpt>
      <trkpt lat="52.734517" lon="-1.335622"><ele>174.6</ele><time>2025-01-01T13:58:35.000Z</time></trkpt>
      <trkpt lat="52.734515" lon="-1.335639"><ele>174.6</ele><time>2025-01-01T13:58:36.000Z</time></trkpt>
      <trkpt lat="52.734507" lon="-1.335678"><ele>174.7</ele><time>2025-01-01T13:58:37.000Z</time></trkpt>
      <trkpt lat="52.734514" lon="-1.335722"><ele>174.7</ele><time>2025-01-01T13:58:38.000Z</time></trkpt>
      <trkpt lat="52.734512" lon="-1.335732"><ele>174.7</ele><time>2025-01-01T13:58:39.000Z</time></trkpt>
      <trkpt lat="52.734509" lon="-1.335741"><ele>174.8</ele><time>2025-01-01T13:58:40.000Z</time></trkpt>
      <trkpt lat="52.734530" lon="-1.335774"><ele>174.8</ele><time>2025-01-01T13:58:41.000Z</time></trkpt>
      <trkpt lat="52.734545" lon="-1.335773"><ele>174.9</ele><time>2025-01-01T13:58:42.000Z</time></trkpt>
      <trkpt lat="52.734560" lon="-1.335773"><ele>174.9</ele><time>2025-01-01T13:58:43.000Z</time></trkpt>
      <trkpt lat="52.734621" lon="-1.335804"><ele>175.0</ele><time>2025-01-01T13:58:44.000Z</time></trkpt>
      <trkpt lat="52.734612" lon="-1.335823"><ele>175.1</ele><time>2025-01-01T13:58:45.000Z</time></trkpt>
      <trkpt lat="52.734613" lon="-1.335856"><ele>175.1</ele><time>2025-01-01T13:58:46.000Z</time></trkpt>
      <trkpt lat="52.734613" lon="-1.335888"><ele>175.2</ele><time>2025-01-01T13:58:47.000Z</time></trkpt>
      <trkpt lat="52.734639" lon="-1.335896"><ele>175.3</ele><time>2025-01-01T13:58:48.000Z</time></trkpt>
      <trkpt lat="52.734655" lon="-1.335880"><ele>175.3</ele><time>2025-01-01T13:58:49.000Z</time></trkpt>
      <trkpt lat="52.734653" lon="-1.335877"><ele>175.3</ele><time>2025-01-01T13:58:50.000Z</time></trkpt>
      <trkpt lat="52.734662" lon="-1.335884"><ele>175.4</ele><time>2025-01-01T13:58:51.000Z</time></trkpt>
      <trkpt lat="52.734672" lon="-1.335892"><ele>175.4</ele><time>2025-01-01T13:58:52.000Z</time></trkpt>
      <trkpt lat="52.734681" lon="-1.335899"><ele>175.4</ele><time>2025-01-01T13:58:53.000Z</time></trkpt>
      <trkpt lat="52.734690" lon="-1.335907"><ele>175.5</ele><time>2025-01-01T13:58:54.000Z</time></trkpt>
      <trkpt lat="52.734710" lon="-1.335911"><ele>175.5</ele><time>2025-01-01T13:58:55.000Z</time></trkpt>
      <trkpt lat="52.734720" lon="-1.335914"><ele>175.6</ele><time>2025-01-01T13:58:56.000Z</time></trkpt>
      <trkpt lat="52.734729" lon="-1.335916"><ele>175.6</ele><time>2025-01-01T13:58:57.000Z</time></trkpt>
      <trkpt lat="52.734738" lon="-1.335919"><ele>175.6</ele><time>2025-01-01T13:58:58.000Z</time></trkpt>
      <trkpt lat="52.734741" lon="-1.335926"><ele>175.6</ele><time>2025-01-01T13:58:59.000Z</time></trkpt>
      <trkpt lat="52.734755" lon="-1.335942"><ele>175.7</ele><time>2025-01-01T13:59:00.000Z</time></trkpt>
      <trkpt lat="52.734758" lon="-1.335963"><ele>175.7</ele><time>2025-01-01T13:59:01.000Z</time></trkpt>
      <trkpt lat="52.734766" lon="-1.335986"><ele>175.8</ele><time>2025-01-01T13:59:02.000Z</time></trkpt>
      <trkpt lat="52.734774" lon="-1.336006"><ele>175.8</ele><time>2025-01-01T13:59:03.000Z</time></trkpt>
      <trkpt lat="52.734773" lon="-1.336022"><ele>175.9</ele><time>2025-01-01T13:59:04.000Z</time></trkpt>
      <trkpt lat="52.734786" lon="-1.336024"><ele>175.9</ele><time>2025-01-01T13:59:05.000Z</time></trkpt>
      <trkpt lat="52.734793" lon="-1.336054"><ele>176.0</ele><time>2025-01-01T13:59:06.000Z</time></trkpt>
      <trkpt lat="52.734803" lon="-1.336081"><ele>176.0</ele><time>2025-01-01T13:59:07.000Z</time></trkpt>
      <trkpt lat="52.734803" lon="-1.336104"><ele>176.1</ele><time>2025-01-01T13:59:08.000Z</time></trkpt>
      <trkpt lat="52.734823" lon="-1.336149"><ele>176.2</ele><time>2025-01-01T13:59:09.000Z</time></trkpt>
      <trkpt lat="52.734831" lon="-1.336161"><ele>176.2</ele><time>2025-01-01T13:59:10.000Z</time></trkpt>
      <trkpt lat="52.734831" lon="-1.336190"><ele>176.3</ele><time>2025-01-01T13:59:11.000Z</time></trkpt>
      <trkpt lat="52.734833" lon="-1.336204"><ele>176.3</ele><time>2025-01-01T13:59:12.000Z</time></trkpt>
      <trkpt lat="52.734836" lon="-1.336219"><ele>176.4</ele><time>2025-01-01T13:59:13.000Z</time></trkpt>
      <trkpt lat="52.734838" lon="-1.336233"><ele>176.4</ele><time>2025-01-01T13:59:14.000Z</time></trkpt>
      <trkpt lat="52.734859" lon="-1.336265"><ele>176.5</ele><time>2025-01-01T13:59:15.000Z</time></trkpt>
      <trkpt lat="52.734872" lon="-1.336280"><ele>176.6</ele><time>2025-01-01T13:59:16.000Z</time></trkpt>
      <trkpt lat="52.734885" lon="-1.336328"><ele>176.7</ele><time>2025-01-01T13:59:17.000Z</time></trkpt>
      <trkpt lat="52.734896" lon="-1.336338"><ele>176.7</ele><time>2025-01-01T13:59:18.000Z</time></trkpt>
      <trkpt lat="52.734907" lon="-1.336348"><ele>176.8</ele><time>2025-01-01T13:59:19.000Z</time></trkpt>
      <trkpt lat="52.734916" lon="-1.336360"><ele>176.8</ele><time>2025-01-01T13:59:20.000Z</time></trkpt>
      <trkpt lat="52.734922" lon="-1.336347"><ele>176.9</ele><time>2025-01-01T13:59:21.000Z</time></trkpt>
      <trkpt lat="52.734939" lon="-1.336375"><ele>177.0</ele><time>2025-01-01T13:59:22.000Z</time></trkpt>
      <trkpt lat="52.734952" lon="-1.336405"><ele>177.0</ele><time>2025-01-01T13:59:23.000Z</time></trkpt>
      <trkpt lat="52.734967" lon="-1.336428"><ele>177.1</ele><time>2025-01-01T13:59:25.000Z</time></trkpt>
      <trkpt lat="52.734991" lon="-1.336459"><ele>177.2</ele><time>2025-01-01T13:59:26.000Z</time></trkpt>
      <trkpt lat="52.734996" lon="-1.336467"><ele>177.2</ele><time>2025-01-01T13:59:27.000Z</time></trkpt>
      <trkpt lat="52.735028" lon="-1.336501"><ele>177.4</ele><time>2025-01-01T13:59:28.000Z</time></trkpt>
      <trkpt lat="52.735019" lon="-1.336511"><ele>177.4</ele><time>2025-01-01T13:59:29.000Z</time></trkpt>
      <trkpt lat="52.735023" lon="-1.336516"><ele>177.4</ele><time>2025-01-01T13:59:30.000Z</time></trkpt>
      <trkpt lat="52.735027" lon="-1.336528"><ele>177.4</ele><time>2025-01-01T13:59:31.000Z</time></trkpt>
      <trkpt lat="52.735029" lon="-1.336532"><ele>177.4</ele><time>2025-01-01T13:59:32.000Z</time></trkpt>
      <trkpt lat="52.735038" lon="-1.336540"><ele>177.5</ele><time>2025-01-01T13:59:33.000Z</time></trkpt>
      <trkpt lat="52.735055" lon="-1.336535"><ele>177.5</ele><time>2025-01-01T13:59:34.000Z</time></trkpt>
      <trkpt lat="52.735058" lon="-1.336570"><ele>177.6</ele><time>2025-01-01T13:59:35.000Z</time></trkpt>
      <trkpt lat="52.735063" lon="-1.336587"><ele>177.6</ele><time>2025-01-01T13:59:36.000Z</time></trkpt>
      <trkpt lat="52.735077" lon="-1.336610"><ele>177.7</ele><time>2025-01-01T13:59:37.000Z</time></trkpt>
      <trkpt lat="52.735090" lon="-1.336609"><ele>177.7</ele><time>2025-01-01T13:59:38.000Z</time></trkpt>
      <trkpt lat="52.735116" lon="-1.336623"><ele>177.8</ele><time>2025-01-01T13:59:39.000Z</time></trkpt>
      <trkpt lat="52.735121" lon="-1.336625"><ele>177.8</ele><time>2025-01-01T13:59:40.000Z</time></trkpt>
      <trkpt lat="52.735126" lon="-1.336626"><ele>177.9</ele><time>2025-01-01T13:59:41.000Z</time></trkpt>
      <trkpt lat="52.735124" lon="-1.336681"><ele>178.0</ele><time>2025-01-01T13:59:42.000Z</time></trkpt>
      <trkpt lat="52.735150" lon="-1.336736"><ele>178.1</ele><time>2025-01-01T13:59:43.000Z</time></trkpt>
      <trkpt lat="52.735176" lon="-1.336856"><ele>178.3</ele><time>2025-01-01T13:59:44.000Z</time></trkpt>
      <trkpt lat="52.735167" lon="-1.336874"><ele>178.4</ele><time>2025-01-01T13:59:45.000Z</time></trkpt>
      <trkpt lat="52.735172" lon="-1.336892"><ele>178.4</ele><time>2025-01-01T13:59:46.000Z</time></trkpt>
      <trkpt lat="52.735178" lon="-1.336910"><ele>178.4</ele><time>2025-01-01T13:59:47.000Z</time></trkpt>
      <trkpt lat="52.735177" lon="-1.336937"><ele>178.5</ele><time>2025-01-01T13:59:48.000Z</time></trkpt>
      <trkpt lat="52.735186" lon="-1.336960"><ele>178.5</ele><time>2025-01-01T13:59:49.000Z</time></trkpt>
      <trkpt lat="52.735189" lon="-1.336970"><ele>178.5</ele><time>2025-01-01T13:59:50.000Z</time></trkpt>
      <trkpt lat="52.735190" lon="-1.336997"><ele>178.6</ele><time>2025-01-01T13:59:51.000Z</time></trkpt>
      <trkpt lat="52.735202" lon="-1.337003"><ele>178.6</ele><time>2025-01-01T13:59:52.000Z</time></trkpt>
      <trkpt lat="52.735209" lon="-1.337025"><ele>178.7</ele><time>2025-01-01T13:59:53.000Z</time></trkpt>
      <trkpt lat="52.735217" lon="-1.337044"><ele>178.7</ele><time>2025-01-01T13:59:54.000Z</time></trkpt>
      <trkpt lat="52.735226" lon="-1.337062"><ele>178.7</ele><time>2025-01-01T13:59:55.000Z</time></trkpt>
      <trkpt lat="52.735230" lon="-1.337073"><ele>178.7</ele><time>2025-01-01T13:59:56.000Z</time></trkpt>
      <trkpt lat="52.735235" lon="-1.337084"><ele>178.8</ele><time>2025-01-01T13:59:57.000Z</time></trkpt>
      <trkpt lat="52.735239" lon="-1.337095"><ele>178.8</ele><time>2025-01-01T13:59:58.000Z</time></trkpt>
      <trkpt lat="52.735240" lon="-1.337099"><ele>178.8</ele><time>2025-01-01T13:59:59.000Z</time></trkpt>
      <trkpt lat="52.735245" lon="-1.337123"><ele>178.8</ele><time>2025-01-01T14:00:00.000Z</time></trkpt>
      <trkpt lat="52.735259" lon="-1.337141"><ele>178.9</ele><time>2025-01-01T14:00:01.000Z</time></trkpt>
      <trkpt lat="52.735273" lon="-1.337150"><ele>178.9</ele><time>2025-01-01T14:00:02.000Z</time></trkpt>
      <trkpt lat="52.735287" lon="-1.337172"><ele>178.9</ele><time>2025-01-01T14:00:03.000Z</time></trkpt>
      <trkpt lat="52.735297" lon="-1.337176"><ele>179.0</ele><time>2025-01-01T14:00:04.000Z</time></trkpt>
      <trkpt lat="52.735306" lon="-1.337182"><ele>179.0</ele><time>2025-01-01T14:00:05.000Z</time></trkpt>
      <trkpt lat="52.735316" lon="-1.337187"><ele>179.0</ele><time>2025-01-01T14:00:06.000Z</time></trkpt>
      <trkpt lat="52.735325" lon="-1.337193"><ele>179.0</ele><time>2025-01-01T14:00:07.000Z</time></trkpt>
      <trkpt lat="52.735331" lon="-1.337207"><ele>179.0</ele><time>2025-01-01T14:00:08.000Z</time></trkpt>
      <trkpt lat="52.735331" lon="-1.337214"><ele>179.0</ele><time>2025-01-01T14:00:09.000Z</time></trkpt>
      <trkpt lat="52.735354" lon="-1.337227"><ele>179.1</ele><time>2025-01-01T14:00:10.000Z</time></trkpt>
      <trkpt lat="52.735361" lon="-1.337264"><ele>179.1</ele><time>2025-01-01T14:00:11.000Z</time></trkpt>
      <trkpt lat="52.735366" lon="-1.337286"><ele>179.2</ele><time>2025-01-01T14:00:12.000Z</time></trkpt>
      <trkpt lat="52.735371" lon="-1.337307"><ele>179.2</ele><time>2025-01-01T14:00:13.000Z</time></trkpt>
      <trkpt lat="52.735371" lon="-1.337313"><ele>179.2</ele><time>2025-01-01T14:00:14.000Z</time></trkpt>
      <trkpt lat="52.735381" lon="-1.337304"><ele>179.2</ele><time>2025-01-01T14:00:15.000Z</time></trkpt>
      <trkpt lat="52.735397" lon="-1.337310"><ele>179.2</ele><time>2025-01-01T14:00:16.000Z</time></trkpt>
      <trkpt lat="52.735402" lon="-1.337320"><ele>179.3</ele><time>2025-01-01T14:00:17.000Z</time></trkpt>
      <trkpt lat="52.735421" lon="-1.337362"><ele>179.3</ele><time>2025-01-01T14:00:18.000Z</time></trkpt>
      <trkpt lat="52.735431" lon="-1.337380"><ele>179.3</ele><time>2025-01-01T14:00:19.000Z</time></trkpt>
      <trkpt lat="52.735440" lon="-1.337398"><ele>179.4</ele><time>2025-01-01T14:00:20.000Z</time></trkpt>
      <trkpt lat="52.735439" lon="-1.337406"><ele>179.4</ele><time>2025-01-01T14:00:21.000Z</time></trkpt>
      <trkpt lat="52.735454" lon="-1.337423"><ele>179.4</ele><time>2025-01-01T14:00:22.000Z</time></trkpt>
      <trkpt lat="52.735461" lon="-1.337435"><ele>179.4</ele><time>2025-01-01T14:00:23.000Z</time></trkpt>
      <trkpt lat="52.735465" lon="-1.337461"><ele>179.5</ele><time>2025-01-01T14:00:24.000Z</time></trkpt>
      <trkpt lat="52.735469" lon="-1.337471"><ele>179.5</ele><time>2025-01-01T14:00:25.000Z</time></trkpt>
      <trkpt lat="52.735480" lon="-1.337471"><ele>179.5</ele><time>2025-01-01T14:00:26.000Z</time></trkpt>
      <trkpt lat="52.735508" lon="-1.337489"><ele>179.6</ele><time>2025-01-01T14:00:27.000Z</time></trkpt>
      <trkpt lat="52.735515" lon="-1.337497"><ele>179.6</ele><time>2025-01-01T14:00:28.000Z</time></trkpt>
      <trkpt lat="52.735527" lon="-1.337530"><ele>179.6</ele><time>2025-01-01T14:00:29.000Z</time></trkpt>
      <trkpt lat="52.735529" lon="-1.337548"><ele>179.6</ele><time>2025-01-01T14:00:30.000Z</time></trkpt>
      <trkpt lat="52.735530" lon="-1.337567"><ele>179.7</ele><time>2025-01-01T14:00:31.000Z</time></trkpt>
      <trkpt lat="52.735543" lon="-1.337571"><ele>179.7</ele><time>2025-01-01T14:00:32.000Z</time></trkpt>
      <trkpt lat="52.735560" lon="-1.337577"><ele>179.7</ele><time>2025-01-01T14:00:33.000Z</time></trkpt>
      <trkpt lat="52.735558" lon="-1.337579"><ele>179.7</ele><time>2025-01-01T14:00:34.000Z</time></trkpt>
      <trkpt lat="52.735577" lon="-1.337591"><ele>179.7</ele><time>2025-01-01T14:00:35.000Z</time></trkpt>
      <trkpt lat="52.735591" lon="-1.337604"><ele>179.8</ele><time>2025-01-01T14:00:36.000Z</time></trkpt>
      <trkpt lat="52.735595" lon="-1.337613"><ele>179.8</ele><time>2025-01-01T14:00:37.000Z</time></trkpt>
      <trkpt lat="52.735619" lon="-1.337628"><ele>179.8</ele><time>2025-01-01T14:00:38.000Z</time></trkpt>
      <trkpt lat="52.735617" lon="-1.337640"><ele>179.9</ele><time>2025-01-01T14:00:39.000Z</time></trkpt>
      <trkpt lat="52.735647" lon="-1.337653"><ele>179.9</ele><time>2025-01-01T14:00:40.000Z</time></trkpt>
      <trkpt lat="52.735664" lon="-1.337673"><ele>180.0</ele><time>2025-01-01T14:00:41.000Z</time></trkpt>
      <trkpt lat="52.735680" lon="-1.337688"><ele>180.0</ele><time>2025-01-01T14:00:42.000Z</time></trkpt>
      <trkpt lat="52.735697" lon="-1.337708"><ele>180.0</ele><time>2025-01-01T14:00:43.000Z</time></trkpt>
      <trkpt lat="52.735703" lon="-1.337723"><ele>180.1</ele><time>2025-01-01T14:00:44.000Z</time></trkpt>
      <trkpt lat="52.735709" lon="-1.337737"><ele>180.1</ele><time>2025-01-01T14:00:45.000Z</time></trkpt>
      <trkpt lat="52.735715" lon="-1.337752"><ele>180.1</ele><time>2025-01-01T14:00:46.000Z</time></trkpt>
      <trkpt lat="52.735726" lon="-1.337797"><ele>180.1</ele><time>2025-01-01T14:00:47.000Z</time></trkpt>
      <trkpt lat="52.735732" lon="-1.337807"><ele>180.2</ele><time>2025-01-01T14:00:48.000Z</time></trkpt>
      <trkpt lat="52.735738" lon="-1.337817"><ele>180.2</ele><time>2025-01-01T14:00:49.000Z</time></trkpt>
      <trkpt lat="52.735745" lon="-1.337828"><ele>180.2</ele><time>2025-01-01T14:00:50.000Z</time></trkpt>
      <trkpt lat="52.735764" lon="-1.337850"><ele>180.2</ele><time>2025-01-01T14:00:51.000Z</time></trkpt>
      <trkpt lat="52.735772" lon="-1.337856"><ele>180.3</ele><time>2025-01-01T14:00:52.000Z</time></trkpt>
      <trkpt lat="52.735789" lon="-1.337857"><ele>180.3</ele><time>2025-01-01T14:00:53.000Z</time></trkpt>
      <trkpt lat="52.735794" lon="-1.337852"><ele>180.3</ele><time>2025-01-01T14:00:54.000Z</time></trkpt>
      <trkpt lat="52.735807" lon="-1.337855"><ele>180.3</ele><time>2025-01-01T14:00:55.000Z</time></trkpt>
      <trkpt lat="52.735824" lon="-1.337843"><ele>180.4</ele><time>2025-01-01T14:00:56.000Z</time></trkpt>
      <trkpt lat="52.735825" lon="-1.337858"><ele>180.4</ele><time>2025-01-01T14:00:57.000Z</time></trkpt>
      <trkpt lat="52.735837" lon="-1.337861"><ele>180.4</ele><time>2025-01-01T14:00:58.000Z</time></trkpt>
      <trkpt lat="52.735845" lon="-1.337865"><ele>180.4</ele><time>2025-01-01T14:00:59.000Z</time></trkpt>
      <trkpt lat="52.735848" lon="-1.337874"><ele>180.5</ele><time>2025-01-01T14:01:00.000Z</time></trkpt>
      <trkpt lat="52.735867" lon="-1.337893"><ele>180.5</ele><time>2025-01-01T14:01:01.000Z</time></trkpt>
      <trkpt lat="52.735874" lon="-1.337899"><ele>180.5</ele><time>2025-01-01T14:01:02.000Z</time></trkpt>
      <trkpt lat="52.735880" lon="-1.337906"><ele>180.5</ele><time>2025-01-01T14:01:03.000Z</time></trkpt>
      <trkpt lat="52.735895" lon="-1.337921"><ele>180.6</ele><time>2025-01-01T14:01:04.000Z</time></trkpt>
      <trkpt lat="52.735900" lon="-1.337929"><ele>180.6</ele><time>2025-01-01T14:01:05.000Z</time></trkpt>
      <trkpt lat="52.735904" lon="-1.337949"><ele>180.6</ele><time>2025-01-01T14:01:06.000Z</time></trkpt>
      <trkpt lat="52.735920" lon="-1.337958"><ele>180.7</ele><time>2025-01-01T14:01:07.000Z</time></trkpt>
      <trkpt lat="52.735915" lon="-1.337955"><ele>180.7</ele><time>2025-01-01T14:01:08.000Z</time></trkpt>
      <trkpt lat="52.735935" lon="-1.337975"><ele>180.7</ele><time>2025-01-01T14:01:09.000Z</time></trkpt>
      <trkpt lat="52.735950" lon="-1.337982"><ele>180.8</ele><time>2025-01-01T14:01:10.000Z</time></trkpt>
      <trkpt lat="52.735965" lon="-1.338006"><ele>180.8</ele><time>2025-01-01T14:01:11.000Z</time></trkpt>
      <trkpt lat="52.735997" lon="-1.338061"><ele>180.9</ele><time>2025-01-01T14:01:12.000Z</time></trkpt>
      <trkpt lat="52.735992" lon="-1.338058"><ele>180.9</ele><time>2025-01-01T14:01:13.000Z</time></trkpt>
      <trkpt lat="52.736000" lon="-1.338068"><ele>180.9</ele><time>2025-01-01T14:01:14.000Z</time></trkpt>
      <trkpt lat="52.736014" lon="-1.338081"><ele>181.0</ele><time>2025-01-01T14:01:15.000Z</time></trkpt>
      <trkpt lat="52.736016" lon="-1.338098"><ele>181.0</ele><time>2025-01-01T14:01:16.000Z</time></trkpt>
      <trkpt lat="52.736030" lon="-1.338114"><ele>181.0</ele><time>2025-01-01T14:01:17.000Z</time></trkpt>
      <trkpt lat="52.736037" lon="-1.338126"><ele>181.1</ele><time>2025-01-01T14:01:18.000Z</time></trkpt>
      <trkpt lat="52.736045" lon="-1.338137"><ele>181.1</ele><time>2025-01-01T14:01:19.000Z</time></trkpt>
      <trkpt lat="52.736052" lon="-1.338149"><ele>181.1</ele><time>2025-01-01T14:01:20.000Z</time></trkpt>
      <trkpt lat="52.736072" lon="-1.338165"><ele>181.2</ele><time>2025-01-01T14:01:21.000Z</time></trkpt>
      <trkpt lat="52.736073" lon="-1.338175"><ele>181.2</ele><time>2025-01-01T14:01:22.000Z</time></trkpt>
      <trkpt lat="52.736084" lon="-1.338172"><ele>181.2</ele><time>2025-01-01T14:01:23.000Z</time></trkpt>
      <trkpt lat="52.736098" lon="-1.338179"><ele>181.2</ele><time>2025-01-01T14:01:24.000Z</time></trkpt>
      <trkpt lat="52.736102" lon="-1.338194"><ele>181.2</ele><time>2025-01-01T14:01:25.000Z</time></trkpt>
      <trkpt lat="52.736110" lon="-1.338208"><ele>181.3</ele><time>2025-01-01T14:01:26.000Z</time></trkpt>
      <trkpt lat="52.736122" lon="-1.338213"><ele>181.3</ele><time>2025-01-01T14:01:27.000Z</time></trkpt>
      <trkpt lat="52.736131" lon="-1.338223"><ele>181.3</ele><time>2025-01-01T14:01:28.000Z</time></trkpt>
      <trkpt lat="52.736133" lon="-1.338234"><ele>181.3</ele><time>2025-01-01T14:01:29.000Z</time></trkpt>
      <trkpt lat="52.736151" lon="-1.338252"><ele>181.4</ele><time>2025-01-01T14:01:30.000Z</time></trkpt>
      <trkpt lat="52.736156" lon="-1.338247"><ele>181.4</ele><time>2025-01-01T14:01:31.000Z</time></trkpt>
      <trkpt lat="52.736165" lon="-1.338252"><ele>181.4</ele><time>2025-01-01T14:01:32.000Z</time></trkpt>
      <trkpt lat="52.736169" lon="-1.338256"><ele>181.4</ele><time>2025-01-01T14:01:33.000Z</time></trkpt>
      <trkpt lat="52.736175" lon="-1.338267"><ele>181.4</ele><time>2025-01-01T14:01:34.000Z</time></trkpt>
      <trkpt lat="52.736180" lon="-1.338279"><ele>181.4</ele><time>2025-01-01T14:01:35.000Z</time></trkpt>
      <trkpt lat="52.736186" lon="-1.338290"><ele>181.5</ele><time>2025-01-01T14:01:36.000Z</time></trkpt>
      <trkpt lat="52.736191" lon="-1.338301"><ele>181.5</ele><time>2025-01-01T14:01:37.000Z</time></trkpt>
      <trkpt lat="52.736227" lon="-1.338323"><ele>181.6</ele><time>2025-01-01T14:01:38.000Z</time></trkpt>
      <trkpt lat="52.736249" lon="-1.338339"><ele>181.6</ele><time>2025-01-01T14:01:39.000Z</time></trkpt>
      <trkpt lat="52.736243" lon="-1.338367"><ele>181.6</ele><time>2025-01-01T14:01:40.000Z</time></trkpt>
      <trkpt lat="52.736230" lon="-1.338387"><ele>181.7</ele><time>2025-01-01T14:01:41.000Z</time></trkpt>
      <trkpt lat="52.736250" lon="-1.338424"><ele>181.7</ele><time>2025-01-01T14:01:42.000Z</time></trkpt>
      <trkpt lat="52.736266" lon="-1.338424"><ele>181.8</ele><time>2025-01-01T14:01:43.000Z</time></trkpt>
      <trkpt lat="52.736276" lon="-1.338433"><ele>181.8</ele><time>2025-01-01T14:01:44.000Z</time></trkpt>
      <trkpt lat="52.736286" lon="-1.338443"><ele>181.8</ele><time>2025-01-01T14:01:45.000Z</time></trkpt>
      <trkpt lat="52.736283" lon="-1.338438"><ele>181.8</ele><time>2025-01-01T14:01:46.000Z</time></trkpt>
      <trkpt lat="52.736296" lon="-1.338441"><ele>181.8</ele><time>2025-01-01T14:01:47.000Z</time></trkpt>
      <trkpt lat="52.736310" lon="-1.338443"><ele>181.9</ele><time>2025-01-01T14:01:48.000Z</time></trkpt>
      <trkpt lat="52.736323" lon="-1.338446"><ele>181.9</ele><time>2025-01-01T14:01:49.000Z</time></trkpt>
      <trkpt lat="52.736336" lon="-1.338448"><ele>181.9</ele><time>2025-01-01T14:01:50.000Z</time></trkpt>
      <trkpt lat="52.736347" lon="-1.338438"><ele>181.9</ele><time>2025-01-01T14:01:51.000Z</time></trkpt>
      <trkpt lat="52.736346" lon="-1.338445"><ele>182.0</ele><time>2025-01-01T14:01:52.000Z</time></trkpt>
      <trkpt lat="52.736333" lon="-1.338447"><ele>182.0</ele><time>2025-01-01T14:01:53.000Z</time></trkpt>
      <trkpt lat="52.736343" lon="-1.338446"><ele>182.0</ele><time>2025-01-01T14:01:54.000Z</time></trkpt>
      <trkpt lat="52.736354" lon="-1.338448"><ele>182.0</ele><time>2025-01-01T14:01:55.000Z</time></trkpt>
      <trkpt lat="52.736371" lon="-1.338442"><ele>182.1</ele><time>2025-01-01T14:01:56.000Z</time></trkpt>
      <trkpt lat="52.736381" lon="-1.338459"><ele>182.1</ele><time>2025-01-01T14:01:57.000Z</time></trkpt>
      <trkpt lat="52.736391" lon="-1.338471"><ele>182.1</ele><time>2025-01-01T14:01:58.000Z</time></trkpt>
      <trkpt lat="52.736389" lon="-1.338488"><ele>182.1</ele><time>2025-01-01T14:01:59.000Z</time></trkpt>
      <trkpt lat="52.736408" lon="-1.338507"><ele>182.2</ele><time>2025-01-01T14:02:00.000Z</time></trkpt>
      <trkpt lat="52.736415" lon="-1.338515"><ele>182.2</ele><time>2025-01-01T14:02:01.000Z</time></trkpt>
      <trkpt lat="52.736422" lon="-1.338526"><ele>182.2</ele><time>2025-01-01T14:02:02.000Z</time></trkpt>
      <trkpt lat="52.736434" lon="-1.338553"><ele>182.2</ele><time>2025-01-01T14:02:03.000Z</time></trkpt>
      <trkpt lat="52.736453" lon="-1.338596"><ele>182.3</ele><time>2025-01-01T14:02:04.000Z</time></trkpt>
      <trkpt lat="52.736462" lon="-1.338599"><ele>182.3</ele><time>2025-01-01T14:02:05.000Z</time></trkpt>
      <trkpt lat="52.736484" lon="-1.338613"><ele>182.4</ele><time>2025-01-01T14:02:06.000Z</time></trkpt>
      <trkpt lat="52.736491" lon="-1.338621"><ele>182.4</ele><time>2025-01-01T14:02:07.000Z</time></trkpt>
      <trkpt lat="52.736498" lon="-1.338629"><ele>182.4</ele><time>2025-01-01T14:02:08.000Z</time></trkpt>
      <trkpt lat="52.736513" lon="-1.338647"><ele>182.4</ele><time>2025-01-01T14:02:09.000Z</time></trkpt>
      <trkpt lat="52.736525" lon="-1.338655"><ele>182.4</ele><time>2025-01-01T14:02:10.000Z</time></trkpt>
      <trkpt lat="52.736536" lon="-1.338662"><ele>182.5</ele><time>2025-01-01T14:02:11.000Z</time></trkpt>
      <trkpt lat="52.736542" lon="-1.338679"><ele>182.5</ele><time>2025-01-01T14:02:12.000Z</time></trkpt>
      <trkpt lat="52.736546" lon="-1.338690"><ele>182.5</ele><time>2025-01-01T14:02:13.000Z</time></trkpt>
      <trkpt lat="52.736551" lon="-1.338700"><ele>182.5</ele><time>2025-01-01T14:02:14.000Z</time></trkpt>
      <trkpt lat="52.736555" lon="-1.338710"><ele>182.5</ele><time>2025-01-01T14:02:15.000Z</time></trkpt>
      <trkpt lat="52.736560" lon="-1.338721"><ele>182.5</ele><time>2025-01-01T14:02:16.000Z</time></trkpt>
      <trkpt lat="52.736564" lon="-1.338731"><ele>182.5</ele><time>2025-01-01T14:02:17.000Z</time></trkpt>
      <trkpt lat="52.736584" lon="-1.338766"><ele>182.5</ele><time>2025-01-01T14:02:18.000Z</time></trkpt>
      <trkpt lat="52.736586" lon="-1.338769"><ele>182.5</ele><time>2025-01-01T14:02:19.000Z</time></trkpt>
      <trkpt lat="52.736589" lon="-1.338771"><ele>182.6</ele><time>2025-01-01T14:02:20.000Z</time></trkpt>
      <trkpt lat="52.736591" lon="-1.338773"><ele>182.6</ele><time>2025-01-01T14:02:21.000Z</time></trkpt>
      <trkpt lat="52.736594" lon="-1.338776"><ele>182.6</ele><time>2025-01-01T14:02:22.000Z</time></trkpt>
      <trkpt lat="52.736596" lon="-1.338778"><ele>182.6</ele><time>2025-01-01T14:02:23.000Z</time></trkpt>
      <trkpt lat="52.736625" lon="-1.338823"><ele>182.6</ele><time>2025-01-01T14:02:24.000Z</time></trkpt>
      <trkpt lat="52.736681" lon="-1.338821"><ele>182.7</ele><time>2025-01-01T14:02:25.000Z</time></trkpt>
      <trkpt lat="52.736716" lon="-1.338841"><ele>182.8</ele><time>2025-01-01T14:02:26.000Z</time></trkpt>
      <trkpt lat="52.736766" lon="-1.339028"><ele>183.0</ele><time>2025-01-01T14:02:27.000Z</time></trkpt>
      <trkpt lat="52.736778" lon="-1.339060"><ele>183.0</ele><time>2025-01-01T14:02:28.000Z</time></trkpt>
      <trkpt lat="52.736787" lon="-1.339085"><ele>183.0</ele><time>2025-01-01T14:02:29.000Z</time></trkpt>
      <trkpt lat="52.736799" lon="-1.339165"><ele>183.1</ele><time>2025-01-01T14:02:30.000Z</time></trkpt>
      <trkpt lat="52.736823" lon="-1.339187"><ele>183.1</ele><time>2025-01-01T14:02:31.000Z</time></trkpt>
      <trkpt lat="52.736879" lon="-1.339180"><ele>183.1</ele><time>2025-01-01T14:02:32.000Z</time></trkpt>
      <trkpt lat="52.736879" lon="-1.339206"><ele>183.1</ele><time>2025-01-01T14:02:33.000Z</time></trkpt>
      <trkpt lat="52.736887" lon="-1.339228"><ele>183.1</ele><time>2025-01-01T14:02:34.000Z</time></trkpt>
      <trkpt lat="52.736912" lon="-1.339255"><ele>183.1</ele><time>2025-01-01T14:02:35.000Z</time></trkpt>
      <trkpt lat="52.736918" lon="-1.339264"><ele>183.1</ele><time>2025-01-01T14:02:36.000Z</time></trkpt>
      <trkpt lat="52.736925" lon="-1.339274"><ele>183.1</ele><time>2025-01-01T14:02:37.000Z</time></trkpt>
      <trkpt lat="52.736925" lon="-1.339283"><ele>183.1</ele><time>2025-01-01T14:02:38.000Z</time></trkpt>
      <trkpt lat="52.736933" lon="-1.339300"><ele>183.1</ele><time>2025-01-01T14:02:39.000Z</time></trkpt>
      <trkpt lat="52.736944" lon="-1.339309"><ele>183.1</ele><time>2025-01-01T14:02:40.000Z</time></trkpt>
      <trkpt lat="52.736949" lon="-1.339317"><ele>183.1</ele><time>2025-01-01T14:02:41.000Z</time></trkpt>
      <trkpt lat="52.736960" lon="-1.339333"><ele>183.1</ele><time>2025-01-01T14:02:42.000Z</time></trkpt>
      <trkpt lat="52.736967" lon="-1.339344"><ele>183.1</ele><time>2025-01-01T14:02:43.000Z</time></trkpt>
      <trkpt lat="52.736982" lon="-1.339364"><ele>183.1</ele><time>2025-01-01T14:02:44.000Z</time></trkpt>
      <trkpt lat="52.736984" lon="-1.339383"><ele>183.1</ele><time>2025-01-01T14:02:45.000Z</time></trkpt>
      <trkpt lat="52.736994" lon="-1.339389"><ele>183.1</ele><time>2025-01-01T14:02:46.000Z</time></trkpt>
      <trkpt lat="52.737013" lon="-1.339371"><ele>183.1</ele><time>2025-01-01T14:02:47.000Z</time></trkpt>
      <trkpt lat="52.737030" lon="-1.339379"><ele>183.1</ele><time>2025-01-01T14:02:48.000Z</time></trkpt>
      <trkpt lat="52.737035" lon="-1.339382"><ele>183.1</ele><time>2025-01-01T14:02:49.000Z</time></trkpt>
      <trkpt lat="52.737041" lon="-1.339384"><ele>183.1</ele><time>2025-01-01T14:02:50.000Z</time></trkpt>
      <trkpt lat="52.737046" lon="-1.339387"><ele>183.1</ele><time>2025-01-01T14:02:51.000Z</time></trkpt>
      <trkpt lat="52.737051" lon="-1.339390"><ele>183.1</ele><time>2025-01-01T14:02:52.000Z</time></trkpt>
      <trkpt lat="52.737051" lon="-1.339400"><ele>183.1</ele><time>2025-01-01T14:02:53.000Z</time></trkpt>
      <trkpt lat="52.737053" lon="-1.339408"><ele>183.1</ele><time>2025-01-01T14:02:54.000Z</time></trkpt>
      <trkpt lat="52.737059" lon="-1.339410"><ele>183.1</ele><time>2025-01-01T14:02:55.000Z</time></trkpt>
      <trkpt lat="52.737062" lon="-1.339426"><ele>183.1</ele><time>2025-01-01T14:02:56.000Z</time></trkpt>
      <trkpt lat="52.737064" lon="-1.339444"><ele>183.1</ele><time>2025-01-01T14:02:57.000Z</time></trkpt>
      <trkpt lat="52.737068" lon="-1.339464"><ele>183.1</ele><time>2025-01-01T14:02:58.000Z</time></trkpt>
      <trkpt lat="52.737066" lon="-1.339478"><ele>183.1</ele><time>2025-01-01T14:02:59.000Z</time></trkpt>
      <trkpt lat="52.737074" lon="-1.339493"><ele>183.1</ele><time>2025-01-01T14:03:00.000Z</time></trkpt>
      <trkpt lat="52.737091" lon="-1.339551"><ele>183.0</ele><time>2025-01-01T14:03:01.000Z</time></trkpt>
      <trkpt lat="52.737118" lon="-1.339566"><ele>183.0</ele><time>2025-01-01T14:03:02.000Z</time></trkpt>
      <trkpt lat="52.737115" lon="-1.339592"><ele>183.0</ele><time>2025-01-01T14:03:03.000Z</time></trkpt>
      <trkpt lat="52.737112" lon="-1.339611"><ele>183.0</ele><time>2025-01-01T14:03:04.000Z</time></trkpt>
      <trkpt lat="52.737121" lon="-1.339642"><ele>183.0</ele><time>2025-01-01T14:03:05.000Z</time></trkpt>
      <trkpt lat="52.737126" lon="-1.339658"><ele>183.0</ele><time>2025-01-01T14:03:06.000Z</time></trkpt>
      <trkpt lat="52.737132" lon="-1.339674"><ele>183.0</ele><time>2025-01-01T14:03:07.000Z</time></trkpt>
      <trkpt lat="52.737140" lon="-1.339708"><ele>183.0</ele><time>2025-01-01T14:03:08.000Z</time></trkpt>
      <trkpt lat="52.737141" lon="-1.339726"><ele>182.9</ele><time>2025-01-01T14:03:09.000Z</time></trkpt>
      <trkpt lat="52.737142" lon="-1.339745"><ele>182.9</ele><time>2025-01-01T14:03:10.000Z</time></trkpt>
      <trkpt lat="52.737143" lon="-1.339763"><ele>182.9</ele><time>2025-01-01T14:03:11.000Z</time></trkpt>
      <trkpt lat="52.737152" lon="-1.339761"><ele>182.9</ele><time>2025-01-01T14:03:12.000Z</time></trkpt>
      <trkpt lat="52.737150" lon="-1.339781"><ele>182.9</ele><time>2025-01-01T14:03:13.000Z</time></trkpt>
      <trkpt lat="52.737158" lon="-1.339799"><ele>182.9</ele><time>2025-01-01T14:03:14.000Z</time></trkpt>
      <trkpt lat="52.737170" lon="-1.339800"><ele>182.9</ele><time>2025-01-01T14:03:15.000Z</time></trkpt>
      <trkpt lat="52.737186" lon="-1.339840"><ele>182.8</ele><time>2025-01-01T14:03:16.000Z</time></trkpt>
      <trkpt lat="52.737187" lon="-1.339856"><ele>182.8</ele><time>2025-01-01T14:03:17.000Z</time></trkpt>
      <trkpt lat="52.737198" lon="-1.339850"><ele>182.8</ele><time>2025-01-01T14:03:18.000Z</time></trkpt>
      <trkpt lat="52.737208" lon="-1.339875"><ele>182.8</ele><time>2025-01-01T14:03:19.000Z</time></trkpt>
      <trkpt lat="52.737205" lon="-1.339870"><ele>182.8</ele><time>2025-01-01T14:03:20.000Z</time></trkpt>
      <trkpt lat="52.737210" lon="-1.339881"><ele>182.8</ele><time>2025-01-01T14:03:21.000Z</time></trkpt>
      <trkpt lat="52.737227" lon="-1.339925"><ele>182.7</ele><time>2025-01-01T14:03:22.000Z</time></trkpt>
      <trkpt lat="52.737232" lon="-1.339942"><ele>182.7</ele><time>2025-01-01T14:03:23.000Z</time></trkpt>
      <trkpt lat="52.737239" lon="-1.339959"><ele>182.7</ele><time>2025-01-01T14:03:24.000Z</time></trkpt>
      <trkpt lat="52.737249" lon="-1.339978"><ele>182.7</ele><time>2025-01-01T14:03:25.000Z</time></trkpt>
      <trkpt lat="52.737263" lon="-1.340030"><ele>182.6</ele><time>2025-01-01T14:03:26.000Z</time></trkpt>
      <trkpt lat="52.737266" lon="-1.340046"><ele>182.6</ele><time>2025-01-01T14:03:27.000Z</time></trkpt>
      <trkpt lat="52.737281" lon="-1.340066"><ele>182.6</ele><time>2025-01-01T14:03:28.000Z</time></trkpt>
      <trkpt lat="52.737291" lon="-1.340072"><ele>182.5</ele><time>2025-01-01T14:03:29.000Z</time></trkpt>
      <trkpt lat="52.737301" lon="-1.340079"><ele>182.5</ele><time>2025-01-01T14:03:30.000Z</time></trkpt>
      <trkpt lat="52.737304" lon="-1.340133"><ele>182.5</ele><time>2025-01-01T14:03:31.000Z</time></trkpt>
      <trkpt lat="52.737311" lon="-1.340157"><ele>182.4</ele><time>2025-01-01T14:03:32.000Z</time></trkpt>
      <trkpt lat="52.737316" lon="-1.340169"><ele>182.4</ele><time>2025-01-01T14:03:33.000Z</time></trkpt>
      <trkpt lat="52.737328" lon="-1.340194"><ele>182.4</ele><time>2025-01-01T14:03:34.000Z</time></trkpt>
      <trkpt lat="52.737360" lon="-1.340228"><ele>182.3</ele><time>2025-01-01T14:03:35.000Z</time></trkpt>
      <trkpt lat="52.737375" lon="-1.340256"><ele>182.2</ele><time>2025-01-01T14:03:36.000Z</time></trkpt>
      <trkpt lat="52.737377" lon="-1.340273"><ele>182.2</ele><time>2025-01-01T14:03:37.000Z</time></trkpt>
      <trkpt lat="52.737387" lon="-1.340306"><ele>182.1</ele><time>2025-01-01T14:03:38.000Z</time></trkpt>
      <trkpt lat="52.737389" lon="-1.340321"><ele>182.1</ele><time>2025-01-01T14:03:39.000Z</time></trkpt>
      <trkpt lat="52.737392" lon="-1.340337"><ele>182.1</ele><time>2025-01-01T14:03:40.000Z</time></trkpt>
      <trkpt lat="52.737398" lon="-1.340352"><ele>182.1</ele><time>2025-01-01T14:03:41.000Z</time></trkpt>
      <trkpt lat="52.737424" lon="-1.340339"><ele>182.0</ele><time>2025-01-01T14:03:42.000Z</time></trkpt>
      <trkpt lat="52.737427" lon="-1.340377"><ele>181.9</ele><time>2025-01-01T14:03:43.000Z</time></trkpt>
      <trkpt lat="52.737430" lon="-1.340387"><ele>181.9</ele><time>2025-01-01T14:03:44.000Z</time></trkpt>
      <trkpt lat="52.737432" lon="-1.340398"><ele>181.9</ele><time>2025-01-01T14:03:45.000Z</time></trkpt>
      <trkpt lat="52.737442" lon="-1.340445"><ele>181.8</ele><time>2025-01-01T14:03:46.000Z</time></trkpt>
      <trkpt lat="52.737452" lon="-1.340467"><ele>181.8</ele><time>2025-01-01T14:03:47.000Z</time></trkpt>
      <trkpt lat="52.737458" lon="-1.340496"><ele>181.7</ele><time>2025-01-01T14:03:48.000Z</time></trkpt>
      <trkpt lat="52.737462" lon="-1.340519"><ele>181.7</ele><time>2025-01-01T14:03:49.000Z</time></trkpt>
      <trkpt lat="52.737465" lon="-1.340542"><ele>181.6</ele><time>2025-01-01T14:03:50.000Z</time></trkpt>
      <trkpt lat="52.737506" lon="-1.340552"><ele>181.5</ele><time>2025-01-01T14:03:51.000Z</time></trkpt>
      <trkpt lat="52.737504" lon="-1.340572"><ele>181.5</ele><time>2025-01-01T14:03:52.000Z</time></trkpt>
      <trkpt lat="52.737515" lon="-1.340605"><ele>181.4</ele><time>2025-01-01T14:03:53.000Z</time></trkpt>
      <trkpt lat="52.737517" lon="-1.340646"><ele>181.3</ele><time>2025-01-01T14:03:54.000Z</time></trkpt>
      <trkpt lat="52.737523" lon="-1.340664"><ele>181.3</ele><time>2025-01-01T14:03:55.000Z</time></trkpt>
      <trkpt lat="52.737533" lon="-1.340679"><ele>181.2</ele><time>2025-01-01T14:03:56.000Z</time></trkpt>
      <trkpt lat="52.737543" lon="-1.340698"><ele>181.2</ele><time>2025-01-01T14:03:57.000Z</time></trkpt>
      <trkpt lat="52.737556" lon="-1.340719"><ele>181.1</ele><time>2025-01-01T14:03:58.000Z</time></trkpt>
      <trkpt lat="52.737563" lon="-1.340742"><ele>181.1</ele><time>2025-01-01T14:03:59.000Z</time></trkpt>
      <trkpt lat="52.737570" lon="-1.340768"><ele>181.1</ele><time>2025-01-01T14:04:00.000Z</time></trkpt>
      <trkpt lat="52.737579" lon="-1.340778"><ele>181.0</ele><time>2025-01-01T14:04:01.000Z</time></trkpt>
      <trkpt lat="52.737589" lon="-1.340789"><ele>181.0</ele><time>2025-01-01T14:04:02.000Z</time></trkpt>
      <trkpt lat="52.737597" lon="-1.340812"><ele>181.0</ele><time>2025-01-01T14:04:03.000Z</time></trkpt>
      <trkpt lat="52.737607" lon="-1.340839"><ele>180.9</ele><time>2025-01-01T14:04:04.000Z</time></trkpt>
      <trkpt lat="52.737610" lon="-1.340882"><ele>180.9</ele><time>2025-01-01T14:04:05.000Z</time></trkpt>
      <trkpt lat="52.737615" lon="-1.340898"><ele>180.8</ele><time>2025-01-01T14:04:06.000Z</time></trkpt>
      <trkpt lat="52.737614" lon="-1.340931"><ele>180.8</ele><time>2025-01-01T14:04:07.000Z</time></trkpt>
      <trkpt lat="52.737614" lon="-1.340945"><ele>180.8</ele><time>2025-01-01T14:04:08.000Z</time></trkpt>
      <trkpt lat="52.737614" lon="-1.340959"><ele>180.8</ele><time>2025-01-01T14:04:09.000Z</time></trkpt>
      <trkpt lat="52.737620" lon="-1.340990"><ele>180.7</ele><time>2025-01-01T14:04:10.000Z</time></trkpt>
      <trkpt lat="52.737623" lon="-1.341003"><ele>180.7</ele><time>2025-01-01T14:04:11.000Z</time></trkpt>
      <trkpt lat="52.737626" lon="-1.341016"><ele>180.7</ele><time>2025-01-01T14:04:12.000Z</time></trkpt>
      <trkpt lat="52.737632" lon="-1.341032"><ele>180.7</ele><time>2025-01-01T14:04:13.000Z</time></trkpt>
      <trkpt lat="52.737631" lon="-1.341053"><ele>180.6</ele><time>2025-01-01T14:04:14.000Z</time></trkpt>
      <trkpt lat="52.737634" lon="-1.341072"><ele>180.6</ele><time>2025-01-01T14:04:15.000Z</time></trkpt>
      <trkpt lat="52.737637" lon="-1.341089"><ele>180.6</ele><time>2025-01-01T14:04:16.000Z</time></trkpt>
      <trkpt lat="52.737645" lon="-1.341102"><ele>180.6</ele><time>2025-01-01T14:04:17.000Z</time></trkpt>
      <trkpt lat="52.737653" lon="-1.341120"><ele>180.5</ele><time>2025-01-01T14:04:18.000Z</time></trkpt>
      <trkpt lat="52.737663" lon="-1.341133"><ele>180.5</ele><time>2025-01-01T14:04:19.000Z</time></trkpt>
      <trkpt lat="52.737670" lon="-1.341152"><ele>180.5</ele><time>2025-01-01T14:04:20.000Z</time></trkpt>
      <trkpt lat="52.737673" lon="-1.341168"><ele>180.4</ele><time>2025-01-01T14:04:21.000Z</time></trkpt>
      <trkpt lat="52.737676" lon="-1.341179"><ele>180.4</ele><time>2025-01-01T14:04:22.000Z</time></trkpt>
      <trkpt lat="52.737679" lon="-1.341180"><ele>180.4</ele><time>2025-01-01T14:04:23.000Z</time></trkpt>
      <trkpt lat="52.737686" lon="-1.341202"><ele>180.4</ele><time>2025-01-01T14:04:24.000Z</time></trkpt>
      <trkpt lat="52.737687" lon="-1.341213"><ele>180.4</ele><time>2025-01-01T14:04:25.000Z</time></trkpt>
      <trkpt lat="52.737691" lon="-1.341228"><ele>180.4</ele><time>2025-01-01T14:04:26.000Z</time></trkpt>
      <trkpt lat="52.737694" lon="-1.341246"><ele>180.3</ele><time>2025-01-01T14:04:27.000Z</time></trkpt>
      <trkpt lat="52.737700" lon="-1.341260"><ele>180.3</ele><time>2025-01-01T14:04:28.000Z</time></trkpt>
      <trkpt lat="52.737715" lon="-1.341308"><ele>180.2</ele><time>2025-01-01T14:04:29.000Z</time></trkpt>
      <trkpt lat="52.737717" lon="-1.341318"><ele>180.2</ele><time>2025-01-01T14:04:30.000Z</time></trkpt>
      <trkpt lat="52.737722" lon="-1.341355"><ele>180.2</ele><time>2025-01-01T14:04:31.000Z</time></trkpt>
      <trkpt lat="52.737725" lon="-1.341371"><ele>180.2</ele><time>2025-01-01T14:04:32.000Z</time></trkpt>
      <trkpt lat="52.737728" lon="-1.341386"><ele>180.1</ele><time>2025-01-01T14:04:33.000Z</time></trkpt>
      <trkpt lat="52.737729" lon="-1.341408"><ele>180.1</ele><time>2025-01-01T14:04:34.000Z</time></trkpt>
      <trkpt lat="52.737728" lon="-1.341438"><ele>180.0</ele><time>2025-01-01T14:04:35.000Z</time></trkpt>
      <trkpt lat="52.737730" lon="-1.341463"><ele>180.0</ele><time>2025-01-01T14:04:36.000Z</time></trkpt>
      <trkpt lat="52.737737" lon="-1.341485"><ele>180.0</ele><time>2025-01-01T14:04:37.000Z</time></trkpt>
      <trkpt lat="52.737757" lon="-1.341502"><ele>179.9</ele><time>2025-01-01T14:04:38.000Z</time></trkpt>
      <trkpt lat="52.737758" lon="-1.341529"><ele>179.9</ele><time>2025-01-01T14:04:39.000Z</time></trkpt>
      <trkpt lat="52.737766" lon="-1.341555"><ele>179.8</ele><time>2025-01-01T14:04:40.000Z</time></trkpt>
      <trkpt lat="52.737773" lon="-1.341580"><ele>179.7</ele><time>2025-01-01T14:04:41.000Z</time></trkpt>
      <trkpt lat="52.737779" lon="-1.341602"><ele>179.7</ele><time>2025-01-01T14:04:42.000Z</time></trkpt>
      <trkpt lat="52.737783" lon="-1.341626"><ele>179.6</ele><time>2025-01-01T14:04:43.000Z</time></trkpt>
      <trkpt lat="52.737787" lon="-1.341654"><ele>179.6</ele><time>2025-01-01T14:04:44.000Z</time></trkpt>
      <trkpt lat="52.737790" lon="-1.341671"><ele>179.5</ele><time>2025-01-01T14:04:45.000Z</time></trkpt>
      <trkpt lat="52.737792" lon="-1.341687"><ele>179.5</ele><time>2025-01-01T14:04:46.000Z</time></trkpt>
      <trkpt lat="52.737794" lon="-1.341704"><ele>179.4</ele><time>2025-01-01T14:04:47.000Z</time></trkpt>
      <trkpt lat="52.737797" lon="-1.341739"><ele>179.4</ele><time>2025-01-01T14:04:48.000Z</time></trkpt>
      <trkpt lat="52.737796" lon="-1.341752"><ele>179.3</ele><time>2025-01-01T14:04:49.000Z</time></trkpt>
      <trkpt lat="52.737799" lon="-1.341778"><ele>179.3</ele><time>2025-01-01T14:04:50.000Z</time></trkpt>
      <trkpt lat="52.737799" lon="-1.341803"><ele>179.2</ele><time>2025-01-01T14:04:51.000Z</time></trkpt>
      <trkpt lat="52.737805" lon="-1.341842"><ele>179.1</ele><time>2025-01-01T14:04:52.000Z</time></trkpt>
      <trkpt lat="52.737808" lon="-1.341855"><ele>179.1</ele><time>2025-01-01T14:04:53.000Z</time></trkpt>
      <trkpt lat="52.737810" lon="-1.341868"><ele>179.0</ele><time>2025-01-01T14:04:54.000Z</time></trkpt>
      <trkpt lat="52.737815" lon="-1.341901"><ele>178.9</ele><time>2025-01-01T14:04:55.000Z</time></trkpt>
      <trkpt lat="52.737823" lon="-1.341910"><ele>178.9</ele><time>2025-01-01T14:04:56.000Z</time></trkpt>
      <trkpt lat="52.737830" lon="-1.341942"><ele>178.8</ele><time>2025-01-01T14:04:57.000Z</time></trkpt>
      <trkpt lat="52.737834" lon="-1.341965"><ele>178.7</ele><time>2025-01-01T14:04:58.000Z</time></trkpt>
      <trkpt lat="52.737846" lon="-1.341987"><ele>178.6</ele><time>2025-01-01T14:04:59.000Z</time></trkpt>
      <trkpt lat="52.737844" lon="-1.342011"><ele>178.6</ele><time>2025-01-01T14:05:00.000Z</time></trkpt>
      <trkpt lat="52.737844" lon="-1.342053"><ele>178.5</ele><time>2025-01-01T14:05:01.000Z</time></trkpt>
      <trkpt lat="52.737844" lon="-1.342066"><ele>178.4</ele><time>2025-01-01T14:05:02.000Z</time></trkpt>
      <trkpt lat="52.737843" lon="-1.342080"><ele>178.4</ele><time>2025-01-01T14:05:03.000Z</time></trkpt>
      <trkpt lat="52.737851" lon="-1.342099"><ele>178.3</ele><time>2025-01-01T14:05:04.000Z</time></trkpt>
      <trkpt lat="52.737860" lon="-1.342126"><ele>178.2</ele><time>2025-01-01T14:05:05.000Z</time></trkpt>
      <trkpt lat="52.737865" lon="-1.342148"><ele>178.2</ele><time>2025-01-01T14:05:06.000Z</time></trkpt>
      <trkpt lat="52.737861" lon="-1.342158"><ele>178.1</ele><time>2025-01-01T14:05:07.000Z</time></trkpt>
      <trkpt lat="52.737859" lon="-1.342173"><ele>178.1</ele><time>2025-01-01T14:05:08.000Z</time></trkpt>
      <trkpt lat="52.737869" lon="-1.342219"><ele>178.0</ele><time>2025-01-01T14:05:09.000Z</time></trkpt>
      <trkpt lat="52.737868" lon="-1.342234"><ele>177.9</ele><time>2025-01-01T14:05:10.000Z</time></trkpt>
      <trkpt lat="52.737865" lon="-1.342257"><ele>177.9</ele><time>2025-01-01T14:05:11.000Z</time></trkpt>
      <trkpt lat="52.737869" lon="-1.342284"><ele>177.8</ele><time>2025-01-01T14:05:12.000Z</time></trkpt>
      <trkpt lat="52.737879" lon="-1.342305"><ele>177.7</ele><time>2025-01-01T14:05:13.000Z</time></trkpt>
      <trkpt lat="52.737873" lon="-1.342337"><ele>177.6</ele><time>2025-01-01T14:05:14.000Z</time></trkpt>
      <trkpt lat="52.737888" lon="-1.342353"><ele>177.6</ele><time>2025-01-01T14:05:15.000Z</time></trkpt>
      <trkpt lat="52.737892" lon="-1.342377"><ele>177.5</ele><time>2025-01-01T14:05:16.000Z</time></trkpt>
      <trkpt lat="52.737882" lon="-1.342400"><ele>177.4</ele><time>2025-01-01T14:05:17.000Z</time></trkpt>
      <trkpt lat="52.737883" lon="-1.342425"><ele>177.4</ele><time>2025-01-01T14:05:18.000Z</time></trkpt>
      <trkpt lat="52.737879" lon="-1.342475"><ele>177.3</ele><time>2025-01-01T14:05:19.000Z</time></trkpt>
      <trkpt lat="52.737890" lon="-1.342492"><ele>177.2</ele><time>2025-01-01T14:05:20.000Z</time></trkpt>
      <trkpt lat="52.737888" lon="-1.342509"><ele>177.1</ele><time>2025-01-01T14:05:21.000Z</time></trkpt>
      <trkpt lat="52.737885" lon="-1.342527"><ele>177.1</ele><time>2025-01-01T14:05:22.000Z</time></trkpt>
      <trkpt lat="52.737883" lon="-1.342544"><ele>177.1</ele><time>2025-01-01T14:05:23.000Z</time></trkpt>
      <trkpt lat="52.737885" lon="-1.342564"><ele>177.0</ele><time>2025-01-01T14:05:24.000Z</time></trkpt>
      <trkpt lat="52.737885" lon="-1.342579"><ele>177.0</ele><time>2025-01-01T14:05:25.000Z</time></trkpt>
      <trkpt lat="52.737882" lon="-1.342600"><ele>176.9</ele><time>2025-01-01T14:05:26.000Z</time></trkpt>
      <trkpt lat="52.737888" lon="-1.342627"><ele>176.9</ele><time>2025-01-01T14:05:27.000Z</time></trkpt>
      <trkpt lat="52.737889" lon="-1.342643"><ele>176.8</ele><time>2025-01-01T14:05:28.000Z</time></trkpt>
      <trkpt lat="52.737889" lon="-1.342658"><ele>176.8</ele><time>2025-01-01T14:05:29.000Z</time></trkpt>
      <trkpt lat="52.737890" lon="-1.342687"><ele>176.7</ele><time>2025-01-01T14:05:30.000Z</time></trkpt>
      <trkpt lat="52.737890" lon="-1.342716"><ele>176.7</ele><time>2025-01-01T14:05:31.000Z</time></trkpt>
      <trkpt lat="52.737889" lon="-1.342725"><ele>176.7</ele><time>2025-01-01T14:05:32.000Z</time></trkpt>
      <trkpt lat="52.737897" lon="-1.342747"><ele>176.6</ele><time>2025-01-01T14:05:33.000Z</time></trkpt>
      <trkpt lat="52.737906" lon="-1.342770"><ele>176.5</ele><time>2025-01-01T14:05:34.000Z</time></trkpt>
      <trkpt lat="52.737908" lon="-1.342808"><ele>176.4</ele><time>2025-01-01T14:05:35.000Z</time></trkpt>
      <trkpt lat="52.737912" lon="-1.342818"><ele>176.4</ele><time>2025-01-01T14:05:36.000Z</time></trkpt>
      <trkpt lat="52.737910" lon="-1.342850"><ele>176.3</ele><time>2025-01-01T14:05:37.000Z</time></trkpt>
      <trkpt lat="52.737913" lon="-1.342864"><ele>176.3</ele><time>2025-01-01T14:05:38.000Z</time></trkpt>
      <trkpt lat="52.737915" lon="-1.342878"><ele>176.3</ele><time>2025-01-01T14:05:39.000Z</time></trkpt>
      <trkpt lat="52.737921" lon="-1.342909"><ele>176.2</ele><time>2025-01-01T14:05:40.000Z</time></trkpt>
      <trkpt lat="52.737924" lon="-1.342925"><ele>176.2</ele><time>2025-01-01T14:05:41.000Z</time></trkpt>
      <trkpt lat="52.737926" lon="-1.342942"><ele>176.1</ele><time>2025-01-01T14:05:42.000Z</time></trkpt>
      <trkpt lat="52.737935" lon="-1.342961"><ele>176.1</ele><time>2025-01-01T14:05:43.000Z</time></trkpt>
      <trkpt lat="52.737936" lon="-1.342984"><ele>176.0</ele><time>2025-01-01T14:05:44.000Z</time></trkpt>
      <trkpt lat="52.737942" lon="-1.343020"><ele>175.9</ele><time>2025-01-01T14:05:45.000Z</time></trkpt>
      <trkpt lat="52.737948" lon="-1.343033"><ele>175.9</ele><time>2025-01-01T14:05:46.000Z</time></trkpt>
      <trkpt lat="52.737954" lon="-1.343046"><ele>175.9</ele><time>2025-01-01T14:05:47.000Z</time></trkpt>
      <trkpt lat="52.737962" lon="-1.343078"><ele>175.8</ele><time>2025-01-01T14:05:48.000Z</time></trkpt>
      <trkpt lat="52.737965" lon="-1.343092"><ele>175.8</ele><time>2025-01-01T14:05:49.000Z</time></trkpt>
      <trkpt lat="52.737967" lon="-1.343107"><ele>175.7</ele><time>2025-01-01T14:05:50.000Z</time></trkpt>
      <trkpt lat="52.737975" lon="-1.343117"><ele>175.7</ele><time>2025-01-01T14:05:51.000Z</time></trkpt>
      <trkpt lat="52.737976" lon="-1.343136"><ele>175.6</ele><time>2025-01-01T14:05:52.000Z</time></trkpt>
      <trkpt lat="52.737978" lon="-1.343152"><ele>175.6</ele><time>2025-01-01T14:05:53.000Z</time></trkpt>
      <trkpt lat="52.737978" lon="-1.343186"><ele>175.5</ele><time>2025-01-01T14:05:54.000Z</time></trkpt>
      <trkpt lat="52.737980" lon="-1.343207"><ele>175.5</ele><time>2025-01-01T14:05:55.000Z</time></trkpt>
      <trkpt lat="52.737982" lon="-1.343227"><ele>175.4</ele><time>2025-01-01T14:05:56.000Z</time></trkpt>
      <trkpt lat="52.737983" lon="-1.343261"><ele>175.3</ele><time>2025-01-01T14:05:57.000Z</time></trkpt>
      <trkpt lat="52.737986" lon="-1.343276"><ele>175.3</ele><time>2025-01-01T14:05:58.000Z</time></trkpt>
      <trkpt lat="52.737988" lon="-1.343292"><ele>175.3</ele><time>2025-01-01T14:05:59.000Z</time></trkpt>
      <trkpt lat="52.737998" lon="-1.343339"><ele>175.2</ele><time>2025-01-01T14:06:00.000Z</time></trkpt>
      <trkpt lat="52.738000" lon="-1.343356"><ele>175.1</ele><time>2025-01-01T14:06:01.000Z</time></trkpt>
      <trkpt lat="52.738011" lon="-1.343390"><ele>175.0</ele><time>2025-01-01T14:06:02.000Z</time></trkpt>
      <trkpt lat="52.738016" lon="-1.343403"><ele>175.0</ele><time>2025-01-01T14:06:03.000Z</time></trkpt>
      <trkpt lat="52.738020" lon="-1.343417"><ele>174.9</ele><time>2025-01-01T14:06:04.000Z</time></trkpt>
      <trkpt lat="52.738021" lon="-1.343443"><ele>174.9</ele><time>2025-01-01T14:06:05.000Z</time></trkpt>
      <trkpt lat="52.738023" lon="-1.343471"><ele>174.8</ele><time>2025-01-01T14:06:06.000Z</time></trkpt>
      <trkpt lat="52.738020" lon="-1.343486"><ele>174.8</ele><time>2025-01-01T14:06:07.000Z</time></trkpt>
      <trkpt lat="52.738024" lon="-1.343506"><ele>174.7</ele><time>2025-01-01T14:06:08.000Z</time></trkpt>
      <trkpt lat="52.738024" lon="-1.343519"><ele>174.7</ele><time>2025-01-01T14:06:09.000Z</time></trkpt>
      <trkpt lat="52.738032" lon="-1.343555"><ele>174.6</ele><time>2025-01-01T14:06:10.000Z</time></trkpt>
      <trkpt lat="52.738032" lon="-1.343569"><ele>174.6</ele><time>2025-01-01T14:06:11.000Z</time></trkpt>
      <trkpt lat="52.738032" lon="-1.343584"><ele>174.6</ele><time>2025-01-01T14:06:12.000Z</time></trkpt>
      <trkpt lat="52.738029" lon="-1.343609"><ele>174.5</ele><time>2025-01-01T14:06:13.000Z</time></trkpt>
      <trkpt lat="52.738019" lon="-1.343630"><ele>174.5</ele><time>2025-01-01T14:06:14.000Z</time></trkpt>
      <trkpt lat="52.738027" lon="-1.343661"><ele>174.4</ele><time>2025-01-01T14:06:15.000Z</time></trkpt>
      <trkpt lat="52.738029" lon="-1.343678"><ele>174.4</ele><time>2025-01-01T14:06:16.000Z</time></trkpt>
      <trkpt lat="52.738030" lon="-1.343694"><ele>174.3</ele><time>2025-01-01T14:06:17.000Z</time></trkpt>
      <trkpt lat="52.738034" lon="-1.343711"><ele>174.3</ele><time>2025-01-01T14:06:18.000Z</time></trkpt>
      <trkpt lat="52.738042" lon="-1.343727"><ele>174.3</ele><time>2025-01-01T14:06:19.000Z</time></trkpt>
      <trkpt lat="52.738048" lon="-1.343741"><ele>174.2</ele><time>2025-01-01T14:06:20.000Z</time></trkpt>
      <trkpt lat="52.738060" lon="-1.343769"><ele>174.2</ele><time>2025-01-01T14:06:21.000Z</time></trkpt>
      <trkpt lat="52.738066" lon="-1.343781"><ele>174.2</ele><time>2025-01-01T14:06:22.000Z</time></trkpt>
      <trkpt lat="52.738072" lon="-1.343792"><ele>174.1</ele><time>2025-01-01T14:06:23.000Z</time></trkpt>
      <trkpt lat="52.738092" lon="-1.343830"><ele>174.1</ele><time>2025-01-01T14:06:24.000Z</time></trkpt>
      <trkpt lat="52.738097" lon="-1.343839"><ele>174.1</ele><time>2025-01-01T14:06:25.000Z</time></trkpt>
      <trkpt lat="52.738107" lon="-1.343859"><ele>174.0</ele><time>2025-01-01T14:06:26.000Z</time></trkpt>
      <trkpt lat="52.738116" lon="-1.343877"><ele>174.0</ele><time>2025-01-01T14:06:27.000Z</time></trkpt>
      <trkpt lat="52.738124" lon="-1.343912"><ele>173.9</ele><time>2025-01-01T14:06:28.000Z</time></trkpt>
      <trkpt lat="52.738130" lon="-1.343926"><ele>173.9</ele><time>2025-01-01T14:06:29.000Z</time></trkpt>
      <trkpt lat="52.738136" lon="-1.343940"><ele>173.9</ele><time>2025-01-01T14:06:30.000Z</time></trkpt>
      <trkpt lat="52.738144" lon="-1.343971"><ele>173.8</ele><time>2025-01-01T14:06:31.000Z</time></trkpt>
      <trkpt lat="52.738149" lon="-1.343986"><ele>173.8</ele><time>2025-01-01T14:06:32.000Z</time></trkpt>
      <trkpt lat="52.738154" lon="-1.344000"><ele>173.8</ele><time>2025-01-01T14:06:33.000Z</time></trkpt>
      <trkpt lat="52.738160" lon="-1.344017"><ele>173.8</ele><time>2025-01-01T14:06:34.000Z</time></trkpt>
      <trkpt lat="52.738160" lon="-1.344053"><ele>173.7</ele><time>2025-01-01T14:06:35.000Z</time></trkpt>
      <trkpt lat="52.738164" lon="-1.344064"><ele>173.7</ele><time>2025-01-01T14:06:36.000Z</time></trkpt>
      <trkpt lat="52.738166" lon="-1.344087"><ele>173.6</ele><time>2025-01-01T14:06:37.000Z</time></trkpt>
      <trkpt lat="52.738170" lon="-1.344108"><ele>173.6</ele><time>2025-01-01T14:06:38.000Z</time></trkpt>
      <trkpt lat="52.738171" lon="-1.344116"><ele>173.6</ele><time>2025-01-01T14:06:39.000Z</time></trkpt>
      <trkpt lat="52.738183" lon="-1.344120"><ele>173.6</ele><time>2025-01-01T14:06:40.000Z</time></trkpt>
      <trkpt lat="52.738198" lon="-1.344133"><ele>173.5</ele><time>2025-01-01T14:06:41.000Z</time></trkpt>
      <trkpt lat="52.738214" lon="-1.344154"><ele>173.5</ele><time>2025-01-01T14:06:42.000Z</time></trkpt>
      <trkpt lat="52.738218" lon="-1.344169"><ele>173.4</ele><time>2025-01-01T14:06:43.000Z</time></trkpt>
      <trkpt lat="52.738229" lon="-1.344188"><ele>173.4</ele><time>2025-01-01T14:06:44.000Z</time></trkpt>
      <trkpt lat="52.738238" lon="-1.344210"><ele>173.3</ele><time>2025-01-01T14:06:45.000Z</time></trkpt>
      <trkpt lat="52.738243" lon="-1.344216"><ele>173.3</ele><time>2025-01-01T14:06:46.000Z</time></trkpt>
      <trkpt lat="52.738251" lon="-1.344240"><ele>173.3</ele><time>2025-01-01T14:06:47.000Z</time></trkpt>
      <trkpt lat="52.738252" lon="-1.344257"><ele>173.3</ele><time>2025-01-01T14:06:48.000Z</time></trkpt>
      <trkpt lat="52.738254" lon="-1.344279"><ele>173.2</ele><time>2025-01-01T14:06:49.000Z</time></trkpt>
      <trkpt lat="52.738262" lon="-1.344299"><ele>173.2</ele><time>2025-01-01T14:06:50.000Z</time></trkpt>
      <trkpt lat="52.738262" lon="-1.344307"><ele>173.2</ele><time>2025-01-01T14:06:51.000Z</time></trkpt>
      <trkpt lat="52.738275" lon="-1.344348"><ele>173.1</ele><time>2025-01-01T14:06:52.000Z</time></trkpt>
      <trkpt lat="52.738280" lon="-1.344347"><ele>173.1</ele><time>2025-01-01T14:06:53.000Z</time></trkpt>
      <trkpt lat="52.738289" lon="-1.344403"><ele>173.0</ele><time>2025-01-01T14:06:54.000Z</time></trkpt>
      <trkpt lat="52.738294" lon="-1.344419"><ele>173.0</ele><time>2025-01-01T14:06:55.000Z</time></trkpt>
      <trkpt lat="52.738299" lon="-1.344412"><ele>173.0</ele><time>2025-01-01T14:06:56.000Z</time></trkpt>
      <trkpt lat="52.738308" lon="-1.344415"><ele>172.9</ele><time>2025-01-01T14:06:57.000Z</time></trkpt>
      <trkpt lat="52.738308" lon="-1.344428"><ele>172.9</ele><time>2025-01-01T14:06:58.000Z</time></trkpt>
      <trkpt lat="52.738314" lon="-1.344443"><ele>172.9</ele><time>2025-01-01T14:06:59.000Z</time></trkpt>
      <trkpt lat="52.738336" lon="-1.344477"><ele>172.8</ele><time>2025-01-01T14:07:00.000Z</time></trkpt>
      <trkpt lat="52.738340" lon="-1.344497"><ele>172.8</ele><time>2025-01-01T14:07:01.000Z</time></trkpt>
      <trkpt lat="52.738334" lon="-1.344510"><ele>172.7</ele><time>2025-01-01T14:07:02.000Z</time></trkpt>
      <trkpt lat="52.738352" lon="-1.344533"><ele>172.7</ele><time>2025-01-01T14:07:03.000Z</time></trkpt>
      <trkpt lat="52.738359" lon="-1.344547"><ele>172.6</ele><time>2025-01-01T14:07:04.000Z</time></trkpt>
      <trkpt lat="52.738390" lon="-1.344587"><ele>172.5</ele><time>2025-01-01T14:07:05.000Z</time></trkpt>
      <trkpt lat="52.738398" lon="-1.344595"><ele>172.5</ele><time>2025-01-01T14:07:06.000Z</time></trkpt>
      <trkpt lat="52.738412" lon="-1.344620"><ele>172.4</ele><time>2025-01-01T14:07:07.000Z</time></trkpt>
      <trkpt lat="52.738420" lon="-1.344639"><ele>172.4</ele><time>2025-01-01T14:07:08.000Z</time></trkpt>
      <trkpt lat="52.738424" lon="-1.344653"><ele>172.3</ele><time>2025-01-01T14:07:09.000Z</time></trkpt>
      <trkpt lat="52.738416" lon="-1.344667"><ele>172.3</ele><time>2025-01-01T14:07:10.000Z</time></trkpt>
      <trkpt lat="52.738423" lon="-1.344676"><ele>172.2</ele><time>2025-01-01T14:07:11.000Z</time></trkpt>
      <trkpt lat="52.738431" lon="-1.344700"><ele>172.2</ele><time>2025-01-01T14:07:12.000Z</time></trkpt>
      <trkpt lat="52.738427" lon="-1.344716"><ele>172.1</ele><time>2025-01-01T14:07:13.000Z</time></trkpt>
      <trkpt lat="52.738435" lon="-1.344737"><ele>172.1</ele><time>2025-01-01T14:07:14.000Z</time></trkpt>
      <trkpt lat="52.738432" lon="-1.344757"><ele>172.0</ele><time>2025-01-01T14:07:15.000Z</time></trkpt>
      <trkpt lat="52.738435" lon="-1.344771"><ele>172.0</ele><time>2025-01-01T14:07:16.000Z</time></trkpt>
      <trkpt lat="52.738446" lon="-1.344784"><ele>171.9</ele><time>2025-01-01T14:07:17.000Z</time></trkpt>
      <trkpt lat="52.738454" lon="-1.344801"><ele>171.9</ele><time>2025-01-01T14:07:18.000Z</time></trkpt>
      <trkpt lat="52.738461" lon="-1.344818"><ele>171.8</ele><time>2025-01-01T14:07:19.000Z</time></trkpt>
      <trkpt lat="52.738477" lon="-1.344842"><ele>171.7</ele><time>2025-01-01T14:07:20.000Z</time></trkpt>
      <trkpt lat="52.738483" lon="-1.344854"><ele>171.7</ele><time>2025-01-01T14:07:21.000Z</time></trkpt>
      <trkpt lat="52.738488" lon="-1.344867"><ele>171.6</ele><time>2025-01-01T14:07:22.000Z</time></trkpt>
      <trkpt lat="52.738497" lon="-1.344899"><ele>171.5</ele><time>2025-01-01T14:07:23.000Z</time></trkpt>
      <trkpt lat="52.738504" lon="-1.344912"><ele>171.4</ele><time>2025-01-01T14:07:24.000Z</time></trkpt>
      <trkpt lat="52.738512" lon="-1.344925"><ele>171.3</ele><time>2025-01-01T14:07:25.000Z</time></trkpt>
      <trkpt lat="52.738516" lon="-1.344958"><ele>171.2</ele><time>2025-01-01T14:07:26.000Z</time></trkpt>
      <trkpt lat="52.738517" lon="-1.344972"><ele>171.2</ele><time>2025-01-01T14:07:27.000Z</time></trkpt>
      <trkpt lat="52.738518" lon="-1.344986"><ele>171.1</ele><time>2025-01-01T14:07:28.000Z</time></trkpt>
      <trkpt lat="52.738520" lon="-1.345061"><ele>170.9</ele><time>2025-01-01T14:07:29.000Z</time></trkpt>
      <trkpt lat="52.738523" lon="-1.345095"><ele>170.7</ele><time>2025-01-01T14:07:30.000Z</time></trkpt>
      <trkpt lat="52.738543" lon="-1.345144"><ele>170.5</ele><time>2025-01-01T14:07:31.000Z</time></trkpt>
      <trkpt lat="52.738553" lon="-1.345160"><ele>170.4</ele><time>2025-01-01T14:07:32.000Z</time></trkpt>
      <trkpt lat="52.738557" lon="-1.345182"><ele>170.3</ele><time>2025-01-01T14:07:33.000Z</time></trkpt>
      <trkpt lat="52.738563" lon="-1.345199"><ele>170.3</ele><time>2025-01-01T14:07:34.000Z</time></trkpt>
      <trkpt lat="52.738569" lon="-1.345216"><ele>170.2</ele><time>2025-01-01T14:07:35.000Z</time></trkpt>
      <trkpt lat="52.738575" lon="-1.345230"><ele>170.1</ele><time>2025-01-01T14:07:36.000Z</time></trkpt>
      <trkpt lat="52.738576" lon="-1.345248"><ele>170.1</ele><time>2025-01-01T14:07:37.000Z</time></trkpt>
      <trkpt lat="52.738584" lon="-1.345267"><ele>170.0</ele><time>2025-01-01T14:07:38.000Z</time></trkpt>
      <trkpt lat="52.738589" lon="-1.345290"><ele>169.9</ele><time>2025-01-01T14:07:39.000Z</time></trkpt>
      <trkpt lat="52.738592" lon="-1.345310"><ele>169.8</ele><time>2025-01-01T14:07:40.000Z</time></trkpt>
      <trkpt lat="52.738593" lon="-1.345322"><ele>169.8</ele><time>2025-01-01T14:07:41.000Z</time></trkpt>
      <trkpt lat="52.738601" lon="-1.345356"><ele>169.6</ele><time>2025-01-01T14:07:42.000Z</time></trkpt>
      <trkpt lat="52.738609" lon="-1.345380"><ele>169.5</ele><time>2025-01-01T14:07:43.000Z</time></trkpt>
      <trkpt lat="52.738610" lon="-1.345394"><ele>169.5</ele><time>2025-01-01T14:07:44.000Z</time></trkpt>
      <trkpt lat="52.738610" lon="-1.345407"><ele>169.4</ele><time>2025-01-01T14:07:45.000Z</time></trkpt>
      <trkpt lat="52.738611" lon="-1.345421"><ele>169.3</ele><time>2025-01-01T14:07:46.000Z</time></trkpt>
      <trkpt lat="52.738612" lon="-1.345456"><ele>169.2</ele><time>2025-01-01T14:07:47.000Z</time></trkpt>
      <trkpt lat="52.738614" lon="-1.345472"><ele>169.1</ele><time>2025-01-01T14:07:48.000Z</time></trkpt>
      <trkpt lat="52.738616" lon="-1.345489"><ele>169.1</ele><time>2025-01-01T14:07:49.000Z</time></trkpt>
      <trkpt lat="52.738621" lon="-1.345507"><ele>169.0</ele><time>2025-01-01T14:07:50.000Z</time></trkpt>
      <trkpt lat="52.738624" lon="-1.345528"><ele>168.9</ele><time>2025-01-01T14:07:51.000Z</time></trkpt>
      <trkpt lat="52.738631" lon="-1.345558"><ele>168.8</ele><time>2025-01-01T14:07:53.000Z</time></trkpt>
      <trkpt lat="52.738633" lon="-1.345586"><ele>168.7</ele><time>2025-01-01T14:07:54.000Z</time></trkpt>
      <trkpt lat="52.738649" lon="-1.345606"><ele>168.5</ele><time>2025-01-01T14:07:56.000Z</time></trkpt>
      <trkpt lat="52.738653" lon="-1.345610"><ele>168.5</ele><time>2025-01-01T14:07:57.000Z</time></trkpt>
      <trkpt lat="52.738655" lon="-1.345615"><ele>168.5</ele><time>2025-01-01T14:07:59.000Z</time></trkpt>
      <trkpt lat="52.738654" lon="-1.345651"><ele>168.3</ele><time>2025-01-01T14:08:00.000Z</time></trkpt>
      <trkpt lat="52.738646" lon="-1.345677"><ele>168.2</ele><time>2025-01-01T14:08:02.000Z</time></trkpt>
      <trkpt lat="52.738658" lon="-1.345705"><ele>168.1</ele><time>2025-01-01T14:08:03.000Z</time></trkpt>
      <trkpt lat="52.738663" lon="-1.345718"><ele>168.0</ele><time>2025-01-01T14:08:04.000Z</time></trkpt>
      <trkpt lat="52.738671" lon="-1.345742"><ele>167.9</ele><time>2025-01-01T14:08:05.000Z</time></trkpt>
      <trkpt lat="52.738674" lon="-1.345751"><ele>167.9</ele><time>2025-01-01T14:08:06.000Z</time></trkpt>
      <trkpt lat="52.738677" lon="-1.345772"><ele>167.8</ele><time>2025-01-01T14:08:07.000Z</time></trkpt>
      <trkpt lat="52.738679" lon="-1.345801"><ele>167.7</ele><time>2025-01-01T14:08:08.000Z</time></trkpt>
      <trkpt lat="52.738688" lon="-1.345845"><ele>167.5</ele><time>2025-01-01T14:08:09.000Z</time></trkpt>
      <trkpt lat="52.738690" lon="-1.345854"><ele>167.5</ele><time>2025-01-01T14:08:10.000Z</time></trkpt>
      <trkpt lat="52.738693" lon="-1.345864"><ele>167.4</ele><time>2025-01-01T14:08:11.000Z</time></trkpt>
      <trkpt lat="52.738692" lon="-1.345890"><ele>167.3</ele><time>2025-01-01T14:08:12.000Z</time></trkpt>
      <trkpt lat="52.738696" lon="-1.345915"><ele>167.3</ele><time>2025-01-01T14:08:13.000Z</time></trkpt>
      <trkpt lat="52.738705" lon="-1.345949"><ele>167.2</ele><time>2025-01-01T14:08:14.000Z</time></trkpt>
      <trkpt lat="52.738710" lon="-1.345954"><ele>167.1</ele><time>2025-01-01T14:08:15.000Z</time></trkpt>
      <trkpt lat="52.738714" lon="-1.345974"><ele>167.1</ele><time>2025-01-01T14:08:16.000Z</time></trkpt>
      <trkpt lat="52.738729" lon="-1.345999"><ele>166.9</ele><time>2025-01-01T14:08:17.000Z</time></trkpt>
      <trkpt lat="52.738739" lon="-1.346015"><ele>166.9</ele><time>2025-01-01T14:08:18.000Z</time></trkpt>
      <trkpt lat="52.738748" lon="-1.346036"><ele>166.8</ele><time>2025-01-01T14:08:19.000Z</time></trkpt>
      <trkpt lat="52.738753" lon="-1.346061"><ele>166.7</ele><time>2025-01-01T14:08:20.000Z</time></trkpt>
      <trkpt lat="52.738762" lon="-1.346073"><ele>166.6</ele><time>2025-01-01T14:08:21.000Z</time></trkpt>
      <trkpt lat="52.738770" lon="-1.346084"><ele>166.6</ele><time>2025-01-01T14:08:22.000Z</time></trkpt>
      <trkpt lat="52.738773" lon="-1.346102"><ele>166.5</ele><time>2025-01-01T14:08:23.000Z</time></trkpt>
      <trkpt lat="52.738784" lon="-1.346132"><ele>166.4</ele><time>2025-01-01T14:08:24.000Z</time></trkpt>
      <trkpt lat="52.738791" lon="-1.346168"><ele>166.3</ele><time>2025-01-01T14:08:25.000Z</time></trkpt>
      <trkpt lat="52.738788" lon="-1.346177"><ele>166.3</ele><time>2025-01-01T14:08:26.000Z</time></trkpt>
      <trkpt lat="52.738791" lon="-1.346196"><ele>166.2</ele><time>2025-01-01T14:08:27.000Z</time></trkpt>
      <trkpt lat="52.738796" lon="-1.346225"><ele>166.1</ele><time>2025-01-01T14:08:28.000Z</time></trkpt>
      <trkpt lat="52.738802" lon="-1.346273"><ele>166.0</ele><time>2025-01-01T14:08:29.000Z</time></trkpt>
      <trkpt lat="52.738800" lon="-1.346310"><ele>165.8</ele><time>2025-01-01T14:08:30.000Z</time></trkpt>
      <trkpt lat="52.738799" lon="-1.346321"><ele>165.8</ele><time>2025-01-01T14:08:31.000Z</time></trkpt>
      <trkpt lat="52.738799" lon="-1.346333"><ele>165.8</ele><time>2025-01-01T14:08:32.000Z</time></trkpt>
      <trkpt lat="52.738799" lon="-1.346347"><ele>165.7</ele><time>2025-01-01T14:08:33.000Z</time></trkpt>
      <trkpt lat="52.738811" lon="-1.346390"><ele>165.6</ele><time>2025-01-01T14:08:34.000Z</time></trkpt>
      <trkpt lat="52.738826" lon="-1.346428"><ele>165.4</ele><time>2025-01-01T14:08:35.000Z</time></trkpt>
      <trkpt lat="52.738829" lon="-1.346443"><ele>165.4</ele><time>2025-01-01T14:08:36.000Z</time></trkpt>
      <trkpt lat="52.738832" lon="-1.346457"><ele>165.3</ele><time>2025-01-01T14:08:37.000Z</time></trkpt>
      <trkpt lat="52.738838" lon="-1.346494"><ele>165.2</ele><time>2025-01-01T14:08:38.000Z</time></trkpt>
      <trkpt lat="52.738842" lon="-1.346510"><ele>165.2</ele><time>2025-01-01T14:08:39.000Z</time></trkpt>
      <trkpt lat="52.738846" lon="-1.346526"><ele>165.1</ele><time>2025-01-01T14:08:40.000Z</time></trkpt>
      <trkpt lat="52.738858" lon="-1.346539"><ele>165.0</ele><time>2025-01-01T14:08:41.000Z</time></trkpt>
      <trkpt lat="52.738858" lon="-1.346562"><ele>165.0</ele><time>2025-01-01T14:08:42.000Z</time></trkpt>
      <trkpt lat="52.738851" lon="-1.346581"><ele>164.9</ele><time>2025-01-01T14:08:43.000Z</time></trkpt>
      <trkpt lat="52.738859" lon="-1.346592"><ele>164.8</ele><time>2025-01-01T14:08:44.000Z</time></trkpt>
      <trkpt lat="52.738870" lon="-1.346607"><ele>164.8</ele><time>2025-01-01T14:08:45.000Z</time></trkpt>
      <trkpt lat="52.738875" lon="-1.346618"><ele>164.7</ele><time>2025-01-01T14:08:46.000Z</time></trkpt>
      <trkpt lat="52.738878" lon="-1.346636"><ele>164.7</ele><time>2025-01-01T14:08:47.000Z</time></trkpt>
      <trkpt lat="52.738880" lon="-1.346660"><ele>164.6</ele><time>2025-01-01T14:08:48.000Z</time></trkpt>
      <trkpt lat="52.738882" lon="-1.346672"><ele>164.5</ele><time>2025-01-01T14:08:49.000Z</time></trkpt>
      <trkpt lat="52.738889" lon="-1.346702"><ele>164.4</ele><time>2025-01-01T14:08:50.000Z</time></trkpt>
      <trkpt lat="52.738894" lon="-1.346725"><ele>164.3</ele><time>2025-01-01T14:08:51.000Z</time></trkpt>
      <trkpt lat="52.738886" lon="-1.346748"><ele>164.2</ele><time>2025-01-01T14:08:52.000Z</time></trkpt>
      <trkpt lat="52.738884" lon="-1.346771"><ele>164.2</ele><time>2025-01-01T14:08:53.000Z</time></trkpt>
      <trkpt lat="52.738886" lon="-1.346792"><ele>164.1</ele><time>2025-01-01T14:08:54.000Z</time></trkpt>
      <trkpt lat="52.738891" lon="-1.346826"><ele>163.9</ele><time>2025-01-01T14:08:55.000Z</time></trkpt>
      <trkpt lat="52.738888" lon="-1.346870"><ele>163.8</ele><time>2025-01-01T14:08:56.000Z</time></trkpt>
      <trkpt lat="52.738890" lon="-1.346880"><ele>163.7</ele><time>2025-01-01T14:08:57.000Z</time></trkpt>
      <trkpt lat="52.738896" lon="-1.346899"><ele>163.7</ele><time>2025-01-01T14:08:58.000Z</time></trkpt>
      <trkpt lat="52.738897" lon="-1.346928"><ele>163.5</ele><time>2025-01-01T14:08:59.000Z</time></trkpt>
      <trkpt lat="52.738893" lon="-1.346948"><ele>163.5</ele><time>2025-01-01T14:09:00.000Z</time></trkpt>
      <trkpt lat="52.738902" lon="-1.346959"><ele>163.4</ele><time>2025-01-01T14:09:01.000Z</time></trkpt>
      <trkpt lat="52.738907" lon="-1.346977"><ele>163.3</ele><time>2025-01-01T14:09:02.000Z</time></trkpt>
      <trkpt lat="52.738918" lon="-1.347017"><ele>163.1</ele><time>2025-01-01T14:09:03.000Z</time></trkpt>
      <trkpt lat="52.738922" lon="-1.347038"><ele>163.1</ele><time>2025-01-01T14:09:04.000Z</time></trkpt>
      <trkpt lat="52.738926" lon="-1.347082"><ele>162.9</ele><time>2025-01-01T14:09:05.000Z</time></trkpt>
      <trkpt lat="52.738933" lon="-1.347096"><ele>162.8</ele><time>2025-01-01T14:09:06.000Z</time></trkpt>
      <trkpt lat="52.738943" lon="-1.347129"><ele>162.7</ele><time>2025-01-01T14:09:07.000Z</time></trkpt>
      <trkpt lat="52.738951" lon="-1.347141"><ele>162.6</ele><time>2025-01-01T14:09:08.000Z</time></trkpt>
      <trkpt lat="52.738960" lon="-1.347153"><ele>162.5</ele><time>2025-01-01T14:09:09.000Z</time></trkpt>
      <trkpt lat="52.738967" lon="-1.347201"><ele>162.4</ele><time>2025-01-01T14:09:10.000Z</time></trkpt>
      <trkpt lat="52.738969" lon="-1.347213"><ele>162.3</ele><time>2025-01-01T14:09:11.000Z</time></trkpt>
      <trkpt lat="52.738970" lon="-1.347224"><ele>162.3</ele><time>2025-01-01T14:09:12.000Z</time></trkpt>
      <trkpt lat="52.738975" lon="-1.347274"><ele>162.1</ele><time>2025-01-01T14:09:13.000Z</time></trkpt>
      <trkpt lat="52.738969" lon="-1.347280"><ele>162.0</ele><time>2025-01-01T14:09:14.000Z</time></trkpt>
      <trkpt lat="52.738972" lon="-1.347303"><ele>162.0</ele><time>2025-01-01T14:09:15.000Z</time></trkpt>
      <trkpt lat="52.738979" lon="-1.347305"><ele>161.9</ele><time>2025-01-01T14:09:16.000Z</time></trkpt>
      <trkpt lat="52.738986" lon="-1.347321"><ele>161.9</ele><time>2025-01-01T14:09:17.000Z</time></trkpt>
      <trkpt lat="52.738988" lon="-1.347326"><ele>161.8</ele><time>2025-01-01T14:09:18.000Z</time></trkpt>
      <trkpt lat="52.738991" lon="-1.347339"><ele>161.8</ele><time>2025-01-01T14:09:19.000Z</time></trkpt>
      <trkpt lat="52.739003" lon="-1.347363"><ele>161.7</ele><time>2025-01-01T14:09:20.000Z</time></trkpt>
      <trkpt lat="52.739007" lon="-1.347371"><ele>161.6</ele><time>2025-01-01T14:09:21.000Z</time></trkpt>
      <trkpt lat="52.739007" lon="-1.347383"><ele>161.6</ele><time>2025-01-01T14:09:22.000Z</time></trkpt>
      <trkpt lat="52.739013" lon="-1.347413"><ele>161.5</ele><time>2025-01-01T14:09:23.000Z</time></trkpt>
      <trkpt lat="52.739020" lon="-1.347461"><ele>161.3</ele><time>2025-01-01T14:09:24.000Z</time></trkpt>
      <trkpt lat="52.739018" lon="-1.347464"><ele>161.3</ele><time>2025-01-01T14:09:25.000Z</time></trkpt>
      <trkpt lat="52.739027" lon="-1.347508"><ele>161.2</ele><time>2025-01-01T14:09:26.000Z</time></trkpt>
      <trkpt lat="52.739029" lon="-1.347490"><ele>161.1</ele><time>2025-01-01T14:09:27.000Z</time></trkpt>
      <trkpt lat="52.739019" lon="-1.347526"><ele>161.0</ele><time>2025-01-01T14:09:28.000Z</time></trkpt>
      <trkpt lat="52.739035" lon="-1.347538"><ele>160.9</ele><time>2025-01-01T14:09:29.000Z</time></trkpt>
      <trkpt lat="52.739037" lon="-1.347537"><ele>160.9</ele><time>2025-01-01T14:09:30.000Z</time></trkpt>
      <trkpt lat="52.739039" lon="-1.347559"><ele>160.8</ele><time>2025-01-01T14:09:31.000Z</time></trkpt>
      <trkpt lat="52.739048" lon="-1.347570"><ele>160.7</ele><time>2025-01-01T14:09:32.000Z</time></trkpt>
      <trkpt lat="52.739050" lon="-1.347594"><ele>160.6</ele><time>2025-01-01T14:09:33.000Z</time></trkpt>
      <trkpt lat="52.739062" lon="-1.347568"><ele>160.5</ele><time>2025-01-01T14:09:34.000Z</time></trkpt>
      <trkpt lat="52.739065" lon="-1.347589"><ele>160.5</ele><time>2025-01-01T14:09:35.000Z</time></trkpt>
      <trkpt lat="52.739088" lon="-1.347619"><ele>160.3</ele><time>2025-01-01T14:09:36.000Z</time></trkpt>
      <trkpt lat="52.739089" lon="-1.347642"><ele>160.2</ele><time>2025-01-01T14:09:37.000Z</time></trkpt>
      <trkpt lat="52.739090" lon="-1.347666"><ele>160.2</ele><time>2025-01-01T14:09:38.000Z</time></trkpt>
      <trkpt lat="52.739092" lon="-1.347700"><ele>160.0</ele><time>2025-01-01T14:09:39.000Z</time></trkpt>
      <trkpt lat="52.739094" lon="-1.347727"><ele>160.0</ele><time>2025-01-01T14:09:40.000Z</time></trkpt>
      <trkpt lat="52.739095" lon="-1.347753"><ele>159.9</ele><time>2025-01-01T14:09:41.000Z</time></trkpt>
      <trkpt lat="52.739098" lon="-1.347788"><ele>159.8</ele><time>2025-01-01T14:09:42.000Z</time></trkpt>
      <trkpt lat="52.739079" lon="-1.347800"><ele>159.7</ele><time>2025-01-01T14:09:43.000Z</time></trkpt>
      <trkpt lat="52.739093" lon="-1.347819"><ele>159.6</ele><time>2025-01-01T14:09:44.000Z</time></trkpt>
      <trkpt lat="52.739095" lon="-1.347845"><ele>159.5</ele><time>2025-01-01T14:09:45.000Z</time></trkpt>
      <trkpt lat="52.739101" lon="-1.347885"><ele>159.4</ele><time>2025-01-01T14:09:46.000Z</time></trkpt>
      <trkpt lat="52.739110" lon="-1.347905"><ele>159.3</ele><time>2025-01-01T14:09:47.000Z</time></trkpt>
      <trkpt lat="52.739113" lon="-1.347896"><ele>159.3</ele><time>2025-01-01T14:09:48.000Z</time></trkpt>
      <trkpt lat="52.739112" lon="-1.347928"><ele>159.2</ele><time>2025-01-01T14:09:49.000Z</time></trkpt>
      <trkpt lat="52.739119" lon="-1.347952"><ele>159.1</ele><time>2025-01-01T14:09:50.000Z</time></trkpt>
      <trkpt lat="52.739108" lon="-1.347958"><ele>159.0</ele><time>2025-01-01T14:09:51.000Z</time></trkpt>
      <trkpt lat="52.739107" lon="-1.347972"><ele>159.0</ele><time>2025-01-01T14:09:52.000Z</time></trkpt>
      <trkpt lat="52.739116" lon="-1.348005"><ele>158.9</ele><time>2025-01-01T14:09:53.000Z</time></trkpt>
      <trkpt lat="52.739119" lon="-1.348059"><ele>158.7</ele><time>2025-01-01T14:09:55.000Z</time></trkpt>
      <trkpt lat="52.739123" lon="-1.348079"><ele>158.6</ele><time>2025-01-01T14:09:56.000Z</time></trkpt>
      <trkpt lat="52.739115" lon="-1.348085"><ele>158.6</ele><time>2025-01-01T14:09:57.000Z</time></trkpt>
      <trkpt lat="52.739122" lon="-1.348111"><ele>158.5</ele><time>2025-01-01T14:09:58.000Z</time></trkpt>
      <trkpt lat="52.739119" lon="-1.348133"><ele>158.4</ele><time>2025-01-01T14:09:59.000Z</time></trkpt>
      <trkpt lat="52.739124" lon="-1.348144"><ele>158.4</ele><time>2025-01-01T14:10:00.000Z</time></trkpt>
      <trkpt lat="52.739141" lon="-1.348176"><ele>158.3</ele><time>2025-01-01T14:10:01.000Z</time></trkpt>
      <trkpt lat="52.739144" lon="-1.348203"><ele>158.2</ele><time>2025-01-01T14:10:02.000Z</time></trkpt>
      <trkpt lat="52.739150" lon="-1.348219"><ele>158.1</ele><time>2025-01-01T14:10:03.000Z</time></trkpt>
      <trkpt lat="52.739156" lon="-1.348234"><ele>158.1</ele><time>2025-01-01T14:10:04.000Z</time></trkpt>
      <trkpt lat="52.739151" lon="-1.348255"><ele>158.0</ele><time>2025-01-01T14:10:05.000Z</time></trkpt>
      <trkpt lat="52.739160" lon="-1.348273"><ele>157.9</ele><time>2025-01-01T14:10:06.000Z</time></trkpt>
      <trkpt lat="52.739170" lon="-1.348312"><ele>157.8</ele><time>2025-01-01T14:10:07.000Z</time></trkpt>
      <trkpt lat="52.739178" lon="-1.348320"><ele>157.7</ele><time>2025-01-01T14:10:08.000Z</time></trkpt>
      <trkpt lat="52.739185" lon="-1.348327"><ele>157.7</ele><time>2025-01-01T14:10:09.000Z</time></trkpt>
      <trkpt lat="52.739185" lon="-1.348353"><ele>157.6</ele><time>2025-01-01T14:10:10.000Z</time></trkpt>
      <trkpt lat="52.739187" lon="-1.348377"><ele>157.5</ele><time>2025-01-01T14:10:11.000Z</time></trkpt>
      <trkpt lat="52.739194" lon="-1.348425"><ele>157.4</ele><time>2025-01-01T14:10:12.000Z</time></trkpt>
      <trkpt lat="52.739192" lon="-1.348443"><ele>157.3</ele><time>2025-01-01T14:10:13.000Z</time></trkpt>
      <trkpt lat="52.739193" lon="-1.348472"><ele>157.2</ele><time>2025-01-01T14:10:14.000Z</time></trkpt>
      <trkpt lat="52.739198" lon="-1.348503"><ele>157.1</ele><time>2025-01-01T14:10:15.000Z</time></trkpt>
      <trkpt lat="52.739209" lon="-1.348530"><ele>157.0</ele><time>2025-01-01T14:10:16.000Z</time></trkpt>
      <trkpt lat="52.739214" lon="-1.348556"><ele>157.0</ele><time>2025-01-01T14:10:17.000Z</time></trkpt>
      <trkpt lat="52.739224" lon="-1.348581"><ele>156.9</ele><time>2025-01-01T14:10:18.000Z</time></trkpt>
      <trkpt lat="52.739238" lon="-1.348580"><ele>156.8</ele><time>2025-01-01T14:10:19.000Z</time></trkpt>
      <trkpt lat="52.739253" lon="-1.348627"><ele>156.6</ele><time>2025-01-01T14:10:20.000Z</time></trkpt>
      <trkpt lat="52.739258" lon="-1.348651"><ele>156.5</ele><time>2025-01-01T14:10:21.000Z</time></trkpt>
      <trkpt lat="52.739263" lon="-1.348658"><ele>156.5</ele><time>2025-01-01T14:10:22.000Z</time></trkpt>
      <trkpt lat="52.739259" lon="-1.348674"><ele>156.5</ele><time>2025-01-01T14:10:23.000Z</time></trkpt>
      <trkpt lat="52.739267" lon="-1.348685"><ele>156.4</ele><time>2025-01-01T14:10:24.000Z</time></trkpt>
      <trkpt lat="52.739266" lon="-1.348705"><ele>156.3</ele><time>2025-01-01T14:10:25.000Z</time></trkpt>
      <trkpt lat="52.739266" lon="-1.348726"><ele>156.3</ele><time>2025-01-01T14:10:26.000Z</time></trkpt>
      <trkpt lat="52.739269" lon="-1.348759"><ele>156.2</ele><time>2025-01-01T14:10:27.000Z</time></trkpt>
      <trkpt lat="52.739276" lon="-1.348786"><ele>156.1</ele><time>2025-01-01T14:10:28.000Z</time></trkpt>
      <trkpt lat="52.739274" lon="-1.348804"><ele>156.0</ele><time>2025-01-01T14:10:29.000Z</time></trkpt>
      <trkpt lat="52.739294" lon="-1.348829"><ele>155.9</ele><time>2025-01-01T14:10:30.000Z</time></trkpt>
      <trkpt lat="52.739301" lon="-1.348843"><ele>155.8</ele><time>2025-01-01T14:10:31.000Z</time></trkpt>
      <trkpt lat="52.739308" lon="-1.348856"><ele>155.8</ele><time>2025-01-01T14:10:32.000Z</time></trkpt>
      <trkpt lat="52.739325" lon="-1.348885"><ele>155.7</ele><time>2025-01-01T14:10:33.000Z</time></trkpt>
      <trkpt lat="52.739335" lon="-1.348897"><ele>155.6</ele><time>2025-01-01T14:10:34.000Z</time></trkpt>
      <trkpt lat="52.739345" lon="-1.348910"><ele>155.5</ele><time>2025-01-01T14:10:35.000Z</time></trkpt>
      <trkpt lat="52.739330" lon="-1.348930"><ele>155.4</ele><time>2025-01-01T14:10:36.000Z</time></trkpt>
      <trkpt lat="52.739327" lon="-1.348947"><ele>155.4</ele><time>2025-01-01T14:10:37.000Z</time></trkpt>
      <trkpt lat="52.739325" lon="-1.348964"><ele>155.3</ele><time>2025-01-01T14:10:38.000Z</time></trkpt>
      <trkpt lat="52.739332" lon="-1.348990"><ele>155.2</ele><time>2025-01-01T14:10:39.000Z</time></trkpt>
      <trkpt lat="52.739349" lon="-1.349006"><ele>155.1</ele><time>2025-01-01T14:10:40.000Z</time></trkpt>
      <trkpt lat="52.739356" lon="-1.349015"><ele>155.1</ele><time>2025-01-01T14:10:41.000Z</time></trkpt>
      <trkpt lat="52.739358" lon="-1.349053"><ele>155.0</ele><time>2025-01-01T14:10:42.000Z</time></trkpt>
      <trkpt lat="52.739350" lon="-1.349037"><ele>154.9</ele><time>2025-01-01T14:10:43.000Z</time></trkpt>
      <trkpt lat="52.739354" lon="-1.349065"><ele>154.8</ele><time>2025-01-01T14:10:44.000Z</time></trkpt>
      <trkpt lat="52.739363" lon="-1.349091"><ele>154.7</ele><time>2025-01-01T14:10:45.000Z</time></trkpt>
      <trkpt lat="52.739362" lon="-1.349108"><ele>154.6</ele><time>2025-01-01T14:10:46.000Z</time></trkpt>
      <trkpt lat="52.739367" lon="-1.349172"><ele>154.4</ele><time>2025-01-01T14:10:47.000Z</time></trkpt>
      <trkpt lat="52.739372" lon="-1.349210"><ele>154.3</ele><time>2025-01-01T14:10:48.000Z</time></trkpt>
      <trkpt lat="52.739383" lon="-1.349224"><ele>154.2</ele><time>2025-01-01T14:10:49.000Z</time></trkpt>
      <trkpt lat="52.739387" lon="-1.349247"><ele>154.1</ele><time>2025-01-01T14:10:50.000Z</time></trkpt>
      <trkpt lat="52.739390" lon="-1.349271"><ele>154.0</ele><time>2025-01-01T14:10:51.000Z</time></trkpt>
      <trkpt lat="52.739386" lon="-1.349270"><ele>154.0</ele><time>2025-01-01T14:10:52.000Z</time></trkpt>
      <trkpt lat="52.739398" lon="-1.349283"><ele>153.9</ele><time>2025-01-01T14:10:53.000Z</time></trkpt>
      <trkpt lat="52.739385" lon="-1.349327"><ele>153.8</ele><time>2025-01-01T14:10:54.000Z</time></trkpt>
      <trkpt lat="52.739388" lon="-1.349371"><ele>153.6</ele><time>2025-01-01T14:10:55.000Z</time></trkpt>
      <trkpt lat="52.739381" lon="-1.349375"><ele>153.6</ele><time>2025-01-01T14:10:56.000Z</time></trkpt>
      <trkpt lat="52.739381" lon="-1.349359"><ele>153.5</ele><time>2025-01-01T14:10:57.000Z</time></trkpt>
      <trkpt lat="52.739375" lon="-1.349367"><ele>153.5</ele><time>2025-01-01T14:10:58.000Z</time></trkpt>
      <trkpt lat="52.739385" lon="-1.349400"><ele>153.3</ele><time>2025-01-01T14:10:59.000Z</time></trkpt>
      <trkpt lat="52.739396" lon="-1.349421"><ele>153.2</ele><time>2025-01-01T14:11:00.000Z</time></trkpt>
      <trkpt lat="52.739409" lon="-1.349474"><ele>153.0</ele><time>2025-01-01T14:11:01.000Z</time></trkpt>
      <trkpt lat="52.739411" lon="-1.349489"><ele>153.0</ele><time>2025-01-01T14:11:02.000Z</time></trkpt>
      <trkpt lat="52.739410" lon="-1.349500"><ele>152.9</ele><time>2025-01-01T14:11:03.000Z</time></trkpt>
      <trkpt lat="52.739405" lon="-1.349538"><ele>152.8</ele><time>2025-01-01T14:11:04.000Z</time></trkpt>
      <trkpt lat="52.739401" lon="-1.349541"><ele>152.7</ele><time>2025-01-01T14:11:05.000Z</time></trkpt>
      <trkpt lat="52.739416" lon="-1.349582"><ele>152.6</ele><time>2025-01-01T14:11:06.000Z</time></trkpt>
      <trkpt lat="52.739417" lon="-1.349603"><ele>152.5</ele><time>2025-01-01T14:11:07.000Z</time></trkpt>
      <trkpt lat="52.739431" lon="-1.349611"><ele>152.4</ele><time>2025-01-01T14:11:08.000Z</time></trkpt>
      <trkpt lat="52.739417" lon="-1.349630"><ele>152.3</ele><time>2025-01-01T14:11:09.000Z</time></trkpt>
      <trkpt lat="52.739403" lon="-1.349673"><ele>152.1</ele><time>2025-01-01T14:11:10.000Z</time></trkpt>
      <trkpt lat="52.739389" lon="-1.349681"><ele>152.0</ele><time>2025-01-01T14:11:11.000Z</time></trkpt>
      <trkpt lat="52.739402" lon="-1.349717"><ele>151.8</ele><time>2025-01-01T14:11:12.000Z</time></trkpt>
      <trkpt lat="52.739389" lon="-1.349706"><ele>151.7</ele><time>2025-01-01T14:11:13.000Z</time></trkpt>
      <trkpt lat="52.739392" lon="-1.349718"><ele>151.7</ele><time>2025-01-01T14:11:14.000Z</time></trkpt>
      <trkpt lat="52.739412" lon="-1.349774"><ele>151.4</ele><time>2025-01-01T14:11:15.000Z</time></trkpt>
      <trkpt lat="52.739412" lon="-1.349844"><ele>151.2</ele><time>2025-01-01T14:11:16.000Z</time></trkpt>
      <trkpt lat="52.739399" lon="-1.349800"><ele>151.0</ele><time>2025-01-01T14:11:17.000Z</time></trkpt>
      <trkpt lat="52.739413" lon="-1.349847"><ele>150.8</ele><time>2025-01-01T14:11:18.000Z</time></trkpt>
      <trkpt lat="52.739423" lon="-1.349859"><ele>150.7</ele><time>2025-01-01T14:11:19.000Z</time></trkpt>
      <trkpt lat="52.739437" lon="-1.349879"><ele>150.6</ele><time>2025-01-01T14:11:20.000Z</time></trkpt>
      <trkpt lat="52.739443" lon="-1.349889"><ele>150.5</ele><time>2025-01-01T14:11:21.000Z</time></trkpt>
      <trkpt lat="52.739443" lon="-1.349926"><ele>150.4</ele><time>2025-01-01T14:11:22.000Z</time></trkpt>
      <trkpt lat="52.739445" lon="-1.349940"><ele>150.3</ele><time>2025-01-01T14:11:23.000Z</time></trkpt>
      <trkpt lat="52.739448" lon="-1.349953"><ele>150.3</ele><time>2025-01-01T14:11:24.000Z</time></trkpt>
      <trkpt lat="52.739457" lon="-1.349979"><ele>150.2</ele><time>2025-01-01T14:11:25.000Z</time></trkpt>
      <trkpt lat="52.739473" lon="-1.349994"><ele>150.1</ele><time>2025-01-01T14:11:26.000Z</time></trkpt>
      <trkpt lat="52.739478" lon="-1.350010"><ele>150.0</ele><time>2025-01-01T14:11:27.000Z</time></trkpt>
      <trkpt lat="52.739475" lon="-1.350039"><ele>149.9</ele><time>2025-01-01T14:11:28.000Z</time></trkpt>
      <trkpt lat="52.739478" lon="-1.350077"><ele>149.9</ele><time>2025-01-01T14:11:29.000Z</time></trkpt>
      <trkpt lat="52.739480" lon="-1.350099"><ele>149.9</ele><time>2025-01-01T14:11:30.000Z</time></trkpt>
      <trkpt lat="52.739482" lon="-1.350121"><ele>149.9</ele><time>2025-01-01T14:11:31.000Z</time></trkpt>
      <trkpt lat="52.739490" lon="-1.350140"><ele>150.0</ele><time>2025-01-01T14:11:32.000Z</time></trkpt>
      <trkpt lat="52.739493" lon="-1.350157"><ele>150.0</ele><time>2025-01-01T14:11:33.000Z</time></trkpt>
      <trkpt lat="52.739496" lon="-1.350174"><ele>149.9</ele><time>2025-01-01T14:11:34.000Z</time></trkpt>
      <trkpt lat="52.739499" lon="-1.350191"><ele>149.8</ele><time>2025-01-01T14:11:35.000Z</time></trkpt>
      <trkpt lat="52.739493" lon="-1.350204"><ele>149.7</ele><time>2025-01-01T14:11:36.000Z</time></trkpt>
      <trkpt lat="52.739498" lon="-1.350222"><ele>149.6</ele><time>2025-01-01T14:11:37.000Z</time></trkpt>
      <trkpt lat="52.739498" lon="-1.350249"><ele>149.5</ele><time>2025-01-01T14:11:38.000Z</time></trkpt>
      <trkpt lat="52.739500" lon="-1.350294"><ele>149.2</ele><time>2025-01-01T14:11:39.000Z</time></trkpt>
      <trkpt lat="52.739504" lon="-1.350311"><ele>149.1</ele><time>2025-01-01T14:11:40.000Z</time></trkpt>
      <trkpt lat="52.739519" lon="-1.350333"><ele>149.0</ele><time>2025-01-01T14:11:41.000Z</time></trkpt>
      <trkpt lat="52.739522" lon="-1.350345"><ele>148.9</ele><time>2025-01-01T14:11:42.000Z</time></trkpt>
      <trkpt lat="52.739524" lon="-1.350358"><ele>148.8</ele><time>2025-01-01T14:11:43.000Z</time></trkpt>
      <trkpt lat="52.739527" lon="-1.350370"><ele>148.8</ele><time>2025-01-01T14:11:44.000Z</time></trkpt>
      <trkpt lat="52.739530" lon="-1.350406"><ele>148.6</ele><time>2025-01-01T14:11:45.000Z</time></trkpt>
      <trkpt lat="52.739530" lon="-1.350423"><ele>148.5</ele><time>2025-01-01T14:11:46.000Z</time></trkpt>
      <trkpt lat="52.739529" lon="-1.350439"><ele>148.4</ele><time>2025-01-01T14:11:47.000Z</time></trkpt>
      <trkpt lat="52.739528" lon="-1.350456"><ele>148.3</ele><time>2025-01-01T14:11:48.000Z</time></trkpt>
      <trkpt lat="52.739540" lon="-1.350481"><ele>148.1</ele><time>2025-01-01T14:11:49.000Z</time></trkpt>
      <trkpt lat="52.739535" lon="-1.350485"><ele>148.1</ele><time>2025-01-01T14:11:50.000Z</time></trkpt>
      <trkpt lat="52.739543" lon="-1.350506"><ele>147.9</ele><time>2025-01-01T14:11:51.000Z</time></trkpt>
      <trkpt lat="52.739552" lon="-1.350506"><ele>147.8</ele><time>2025-01-01T14:11:52.000Z</time></trkpt>
      <trkpt lat="52.739557" lon="-1.350513"><ele>147.8</ele><time>2025-01-01T14:11:53.000Z</time></trkpt>
      <trkpt lat="52.739561" lon="-1.350520"><ele>147.7</ele><time>2025-01-01T14:11:54.000Z</time></trkpt>
      <trkpt lat="52.739565" lon="-1.350528"><ele>147.7</ele><time>2025-01-01T14:11:55.000Z</time></trkpt>
      <trkpt lat="52.739570" lon="-1.350535"><ele>147.6</ele><time>2025-01-01T14:11:56.000Z</time></trkpt>
      <trkpt lat="52.739574" lon="-1.350542"><ele>147.6</ele><time>2025-01-01T14:11:57.000Z</time></trkpt>
      <trkpt lat="52.739605" lon="-1.350573"><ele>147.2</ele><time>2025-01-01T14:11:58.000Z</time></trkpt>
      <trkpt lat="52.739606" lon="-1.350610"><ele>147.0</ele><time>2025-01-01T14:11:59.000Z</time></trkpt>
      <trkpt lat="52.739600" lon="-1.350642"><ele>146.8</ele><time>2025-01-01T14:12:01.000Z</time></trkpt>
      <trkpt lat="52.739595" lon="-1.350673"><ele>146.6</ele><time>2025-01-01T14:12:02.000Z</time></trkpt>
      <trkpt lat="52.739589" lon="-1.350705"><ele>146.4</ele><time>2025-01-01T14:12:03.000Z</time></trkpt>
      <trkpt lat="52.739582" lon="-1.350741"><ele>146.2</ele><time>2025-01-01T14:12:04.000Z</time></trkpt>
      <trkpt lat="52.739590" lon="-1.350763"><ele>146.0</ele><time>2025-01-01T14:12:05.000Z</time></trkpt>
      <trkpt lat="52.739597" lon="-1.350784"><ele>145.9</ele><time>2025-01-01T14:12:06.000Z</time></trkpt>
      <trkpt lat="52.739598" lon="-1.350827"><ele>145.6</ele><time>2025-01-01T14:12:07.000Z</time></trkpt>
      <trkpt lat="52.739594" lon="-1.350830"><ele>145.6</ele><time>2025-01-01T14:12:08.000Z</time></trkpt>
      <trkpt lat="52.739595" lon="-1.350869"><ele>145.3</ele><time>2025-01-01T14:12:09.000Z</time></trkpt>
      <trkpt lat="52.739597" lon="-1.350889"><ele>145.2</ele><time>2025-01-01T14:12:10.000Z</time></trkpt>
      <trkpt lat="52.739597" lon="-1.350919"><ele>145.0</ele><time>2025-01-01T14:12:11.000Z</time></trkpt>
      <trkpt lat="52.739599" lon="-1.350936"><ele>144.9</ele><time>2025-01-01T14:12:12.000Z</time></trkpt>
      <trkpt lat="52.739602" lon="-1.350954"><ele>144.8</ele><time>2025-01-01T14:12:13.000Z</time></trkpt>
      <trkpt lat="52.739604" lon="-1.350981"><ele>144.7</ele><time>2025-01-01T14:12:14.000Z</time></trkpt>
      <trkpt lat="52.739607" lon="-1.350992"><ele>144.6</ele><time>2025-01-01T14:12:15.000Z</time></trkpt>
      <trkpt lat="52.739611" lon="-1.351004"><ele>144.5</ele><time>2025-01-01T14:12:16.000Z</time></trkpt>
      <trkpt lat="52.739614" lon="-1.351015"><ele>144.4</ele><time>2025-01-01T14:12:17.000Z</time></trkpt>
      <trkpt lat="52.739622" lon="-1.351023"><ele>144.3</ele><time>2025-01-01T14:12:18.000Z</time></trkpt>
      <trkpt lat="52.739633" lon="-1.351058"><ele>144.1</ele><time>2025-01-01T14:12:19.000Z</time></trkpt>
      <trkpt lat="52.739633" lon="-1.351105"><ele>143.8</ele><time>2025-01-01T14:12:20.000Z</time></trkpt>
      <trkpt lat="52.739628" lon="-1.351118"><ele>143.7</ele><time>2025-01-01T14:12:21.000Z</time></trkpt>
      <trkpt lat="52.739634" lon="-1.351141"><ele>143.6</ele><time>2025-01-01T14:12:22.000Z</time></trkpt>
      <trkpt lat="52.739646" lon="-1.351151"><ele>143.4</ele><time>2025-01-01T14:12:23.000Z</time></trkpt>
      <trkpt lat="52.739657" lon="-1.351161"><ele>143.3</ele><time>2025-01-01T14:12:24.000Z</time></trkpt>
      <trkpt lat="52.739665" lon="-1.351205"><ele>143.0</ele><time>2025-01-01T14:12:25.000Z</time></trkpt>
      <trkpt lat="52.739668" lon="-1.351233"><ele>142.9</ele><time>2025-01-01T14:12:26.000Z</time></trkpt>
      <trkpt lat="52.739657" lon="-1.351277"><ele>142.6</ele><time>2025-01-01T14:12:27.000Z</time></trkpt>
      <trkpt lat="52.739673" lon="-1.351305"><ele>142.3</ele><time>2025-01-01T14:12:28.000Z</time></trkpt>
      <trkpt lat="52.739673" lon="-1.351321"><ele>142.2</ele><time>2025-01-01T14:12:29.000Z</time></trkpt>
      <trkpt lat="52.739674" lon="-1.351336"><ele>142.2</ele><time>2025-01-01T14:12:30.000Z</time></trkpt>
      <trkpt lat="52.739668" lon="-1.351356"><ele>142.0</ele><time>2025-01-01T14:12:31.000Z</time></trkpt>
      <trkpt lat="52.739670" lon="-1.351395"><ele>141.8</ele><time>2025-01-01T14:12:32.000Z</time></trkpt>
      <trkpt lat="52.739679" lon="-1.351428"><ele>141.6</ele><time>2025-01-01T14:12:33.000Z</time></trkpt>
      <trkpt lat="52.739690" lon="-1.351440"><ele>141.5</ele><time>2025-01-01T14:12:34.000Z</time></trkpt>
      <trkpt lat="52.739746" lon="-1.351451"><ele>140.9</ele><time>2025-01-01T14:12:35.000Z</time></trkpt>
      <trkpt lat="52.739739" lon="-1.351456"><ele>140.9</ele><time>2025-01-01T14:12:36.000Z</time></trkpt>
      <trkpt lat="52.739732" lon="-1.351492"><ele>140.6</ele><time>2025-01-01T14:12:37.000Z</time></trkpt>
      <trkpt lat="52.739721" lon="-1.351540"><ele>140.4</ele><time>2025-01-01T14:12:38.000Z</time></trkpt>
      <trkpt lat="52.739717" lon="-1.351557"><ele>140.3</ele><time>2025-01-01T14:12:39.000Z</time></trkpt>
      <trkpt lat="52.739713" lon="-1.351575"><ele>140.2</ele><time>2025-01-01T14:12:40.000Z</time></trkpt>
      <trkpt lat="52.739703" lon="-1.351632"><ele>139.9</ele><time>2025-01-01T14:12:41.000Z</time></trkpt>
      <trkpt lat="52.739694" lon="-1.351647"><ele>139.8</ele><time>2025-01-01T14:12:42.000Z</time></trkpt>
      <trkpt lat="52.739689" lon="-1.351663"><ele>139.7</ele><time>2025-01-01T14:12:43.000Z</time></trkpt>
      <trkpt lat="52.739690" lon="-1.351687"><ele>139.6</ele><time>2025-01-01T14:12:44.000Z</time></trkpt>
      <trkpt lat="52.739693" lon="-1.351706"><ele>139.5</ele><time>2025-01-01T14:12:45.000Z</time></trkpt>
      <trkpt lat="52.739701" lon="-1.351720"><ele>139.4</ele><time>2025-01-01T14:12:46.000Z</time></trkpt>
      <trkpt lat="52.739712" lon="-1.351744"><ele>139.3</ele><time>2025-01-01T14:12:47.000Z</time></trkpt>
      <trkpt lat="52.739721" lon="-1.351762"><ele>139.2</ele><time>2025-01-01T14:12:48.000Z</time></trkpt>
      <trkpt lat="52.739729" lon="-1.351790"><ele>139.0</ele><time>2025-01-01T14:12:49.000Z</time></trkpt>
      <trkpt lat="52.739748" lon="-1.351806"><ele>138.9</ele><time>2025-01-01T14:12:50.000Z</time></trkpt>
      <trkpt lat="52.739752" lon="-1.351832"><ele>138.7</ele><time>2025-01-01T14:12:51.000Z</time></trkpt>
      <trkpt lat="52.739748" lon="-1.351851"><ele>138.6</ele><time>2025-01-01T14:12:52.000Z</time></trkpt>
      <trkpt lat="52.739756" lon="-1.351856"><ele>138.6</ele><time>2025-01-01T14:12:53.000Z</time></trkpt>
      <trkpt lat="52.739752" lon="-1.351868"><ele>138.5</ele><time>2025-01-01T14:12:54.000Z</time></trkpt>
      <trkpt lat="52.739754" lon="-1.351880"><ele>138.4</ele><time>2025-01-01T14:12:55.000Z</time></trkpt>
      <trkpt lat="52.739765" lon="-1.351906"><ele>138.3</ele><time>2025-01-01T14:12:56.000Z</time></trkpt>
      <trkpt lat="52.739766" lon="-1.351926"><ele>138.2</ele><time>2025-01-01T14:12:57.000Z</time></trkpt>
      <trkpt lat="52.739778" lon="-1.351949"><ele>138.1</ele><time>2025-01-01T14:12:58.000Z</time></trkpt>
      <trkpt lat="52.739782" lon="-1.351973"><ele>138.0</ele><time>2025-01-01T14:12:59.000Z</time></trkpt>
      <trkpt lat="52.739789" lon="-1.352001"><ele>137.8</ele><time>2025-01-01T14:13:00.000Z</time></trkpt>
      <trkpt lat="52.739790" lon="-1.352017"><ele>137.8</ele><time>2025-01-01T14:13:01.000Z</time></trkpt>
      <trkpt lat="52.739796" lon="-1.352052"><ele>137.6</ele><time>2025-01-01T14:13:02.000Z</time></trkpt>
      <trkpt lat="52.739797" lon="-1.352066"><ele>137.6</ele><time>2025-01-01T14:13:03.000Z</time></trkpt>
      <trkpt lat="52.739799" lon="-1.352080"><ele>137.5</ele><time>2025-01-01T14:13:04.000Z</time></trkpt>
      <trkpt lat="52.739799" lon="-1.352084"><ele>137.5</ele><time>2025-01-01T14:13:05.000Z</time></trkpt>
      <trkpt lat="52.739801" lon="-1.352107"><ele>137.4</ele><time>2025-01-01T14:13:06.000Z</time></trkpt>
      <trkpt lat="52.739797" lon="-1.352138"><ele>137.3</ele><time>2025-01-01T14:13:07.000Z</time></trkpt>
      <trkpt lat="52.739804" lon="-1.352167"><ele>137.1</ele><time>2025-01-01T14:13:08.000Z</time></trkpt>
      <trkpt lat="52.739802" lon="-1.352197"><ele>137.0</ele><time>2025-01-01T14:13:09.000Z</time></trkpt>
      <trkpt lat="52.739807" lon="-1.352233"><ele>136.9</ele><time>2025-01-01T14:13:10.000Z</time></trkpt>
      <trkpt lat="52.739806" lon="-1.352250"><ele>136.8</ele><time>2025-01-01T14:13:11.000Z</time></trkpt>
      <trkpt lat="52.739806" lon="-1.352266"><ele>136.7</ele><time>2025-01-01T14:13:12.000Z</time></trkpt>
      <trkpt lat="52.739842" lon="-1.352288"><ele>136.5</ele><time>2025-01-01T14:13:13.000Z</time></trkpt>
      <trkpt lat="52.739828" lon="-1.352302"><ele>136.4</ele><time>2025-01-01T14:13:14.000Z</time></trkpt>
      <trkpt lat="52.739822" lon="-1.352317"><ele>136.3</ele><time>2025-01-01T14:13:15.000Z</time></trkpt>
      <trkpt lat="52.739820" lon="-1.352335"><ele>136.2</ele><time>2025-01-01T14:13:16.000Z</time></trkpt>
      <trkpt lat="52.739823" lon="-1.352382"><ele>136.1</ele><time>2025-01-01T14:13:17.000Z</time></trkpt>
      <trkpt lat="52.739824" lon="-1.352403"><ele>136.0</ele><time>2025-01-01T14:13:18.000Z</time></trkpt>
      <trkpt lat="52.739825" lon="-1.352423"><ele>135.9</ele><time>2025-01-01T14:13:19.000Z</time></trkpt>
      <trkpt lat="52.739824" lon="-1.352452"><ele>135.8</ele><time>2025-01-01T14:13:20.000Z</time></trkpt>
      <trkpt lat="52.739805" lon="-1.352466"><ele>135.8</ele><time>2025-01-01T14:13:21.000Z</time></trkpt>
      <trkpt lat="52.739792" lon="-1.352478"><ele>135.8</ele><time>2025-01-01T14:13:22.000Z</time></trkpt>
      <trkpt lat="52.739776" lon="-1.352492"><ele>135.8</ele><time>2025-01-01T14:13:23.000Z</time></trkpt>
      <trkpt lat="52.739760" lon="-1.352514"><ele>135.8</ele><time>2025-01-01T14:13:24.000Z</time></trkpt>
      <trkpt lat="52.739752" lon="-1.352526"><ele>135.8</ele><time>2025-01-01T14:13:25.000Z</time></trkpt>
      <trkpt lat="52.739743" lon="-1.352537"><ele>135.8</ele><time>2025-01-01T14:13:26.000Z</time></trkpt>
      <trkpt lat="52.739735" lon="-1.352549"><ele>135.8</ele><time>2025-01-01T14:13:27.000Z</time></trkpt>
      <trkpt lat="52.739726" lon="-1.352561"><ele>135.8</ele><time>2025-01-01T14:13:28.000Z</time></trkpt>
      <trkpt lat="52.739713" lon="-1.352579"><ele>135.8</ele><time>2025-01-01T14:13:29.000Z</time></trkpt>
      <trkpt lat="52.739703" lon="-1.352574"><ele>135.8</ele><time>2025-01-01T14:13:30.000Z</time></trkpt>
      <trkpt lat="52.739713" lon="-1.352608"><ele>135.8</ele><time>2025-01-01T14:13:31.000Z</time></trkpt>
      <trkpt lat="52.739703" lon="-1.352635"><ele>135.8</ele><time>2025-01-01T14:13:32.000Z</time></trkpt>
      <trkpt lat="52.739699" lon="-1.352655"><ele>135.8</ele><time>2025-01-01T14:13:33.000Z</time></trkpt>
      <trkpt lat="52.739693" lon="-1.352694"><ele>135.8</ele><time>2025-01-01T14:13:34.000Z</time></trkpt>
      <trkpt lat="52.739690" lon="-1.352713"><ele>135.8</ele><time>2025-01-01T14:13:35.000Z</time></trkpt>
      <trkpt lat="52.739680" lon="-1.352745"><ele>135.8</ele><time>2025-01-01T14:13:36.000Z</time></trkpt>
      <trkpt lat="52.739674" lon="-1.352759"><ele>135.8</ele><time>2025-01-01T14:13:37.000Z</time></trkpt>
      <trkpt lat="52.739667" lon="-1.352783"><ele>135.8</ele><time>2025-01-01T14:13:38.000Z</time></trkpt>
      <trkpt lat="52.739652" lon="-1.352794"><ele>135.8</ele><time>2025-01-01T14:13:39.000Z</time></trkpt>
      <trkpt lat="52.739633" lon="-1.352812"><ele>135.7</ele><time>2025-01-01T14:13:40.000Z</time></trkpt>
      <trkpt lat="52.739627" lon="-1.352816"><ele>135.7</ele><time>2025-01-01T14:13:41.000Z</time></trkpt>
      <trkpt lat="52.739598" lon="-1.352840"><ele>135.7</ele><time>2025-01-01T14:13:42.000Z</time></trkpt>
      <trkpt lat="52.739580" lon="-1.352848"><ele>135.8</ele><time>2025-01-01T14:13:43.000Z</time></trkpt>
      <trkpt lat="52.739551" lon="-1.352864"><ele>135.8</ele><time>2025-01-01T14:13:44.000Z</time></trkpt>
      <trkpt lat="52.739545" lon="-1.352869"><ele>135.8</ele><time>2025-01-01T14:13:45.000Z</time></trkpt>
      <trkpt lat="52.739520" lon="-1.352881"><ele>135.9</ele><time>2025-01-01T14:13:46.000Z</time></trkpt>
      <trkpt lat="52.739520" lon="-1.352888"><ele>135.9</ele><time>2025-01-01T14:13:47.000Z</time></trkpt>
      <trkpt lat="52.739499" lon="-1.352905"><ele>135.9</ele><time>2025-01-01T14:13:48.000Z</time></trkpt>
      <trkpt lat="52.739491" lon="-1.352912"><ele>135.9</ele><time>2025-01-01T14:13:49.000Z</time></trkpt>
      <trkpt lat="52.739483" lon="-1.352918"><ele>135.9</ele><time>2025-01-01T14:13:50.000Z</time></trkpt>
      <trkpt lat="52.739463" lon="-1.352930"><ele>136.0</ele><time>2025-01-01T14:13:51.000Z</time></trkpt>
      <trkpt lat="52.739453" lon="-1.352933"><ele>136.0</ele><time>2025-01-01T14:13:52.000Z</time></trkpt>
      <trkpt lat="52.739444" lon="-1.352936"><ele>136.0</ele><time>2025-01-01T14:13:53.000Z</time></trkpt>
      <trkpt lat="52.739427" lon="-1.352938"><ele>136.0</ele><time>2025-01-01T14:13:54.000Z</time></trkpt>
      <trkpt lat="52.739415" lon="-1.352940"><ele>136.0</ele><time>2025-01-01T14:13:55.000Z</time></trkpt>
      <trkpt lat="52.739389" lon="-1.352924"><ele>136.0</ele><time>2025-01-01T14:13:56.000Z</time></trkpt>
      <trkpt lat="52.739380" lon="-1.352915"><ele>136.0</ele><time>2025-01-01T14:13:57.000Z</time></trkpt>
      <trkpt lat="52.739370" lon="-1.352907"><ele>136.0</ele><time>2025-01-01T14:13:58.000Z</time></trkpt>
      <trkpt lat="52.739366" lon="-1.352891"><ele>136.0</ele><time>2025-01-01T14:13:59.000Z</time></trkpt>
      <trkpt lat="52.739353" lon="-1.352894"><ele>136.0</ele><time>2025-01-01T14:14:00.000Z</time></trkpt>
      <trkpt lat="52.739348" lon="-1.352899"><ele>136.0</ele><time>2025-01-01T14:14:01.000Z</time></trkpt>
      <trkpt lat="52.739319" lon="-1.352913"><ele>136.0</ele><time>2025-01-01T14:14:02.000Z</time></trkpt>
      <trkpt lat="52.739312" lon="-1.352909"><ele>136.0</ele><time>2025-01-01T14:14:03.000Z</time></trkpt>
      <trkpt lat="52.739296" lon="-1.352898"><ele>136.1</ele><time>2025-01-01T14:14:04.000Z</time></trkpt>
      <trkpt lat="52.739293" lon="-1.352873"><ele>136.1</ele><time>2025-01-01T14:14:05.000Z</time></trkpt>
      <trkpt lat="52.739292" lon="-1.352835"><ele>136.2</ele><time>2025-01-01T14:14:07.000Z</time></trkpt>
      <trkpt lat="52.739289" lon="-1.352826"><ele>136.2</ele><time>2025-01-01T14:14:08.000Z</time></trkpt>
      <trkpt lat="52.739287" lon="-1.352817"><ele>136.2</ele><time>2025-01-01T14:14:09.000Z</time></trkpt>
      <trkpt lat="52.739284" lon="-1.352808"><ele>136.2</ele><time>2025-01-01T14:14:10.000Z</time></trkpt>
      <trkpt lat="52.739281" lon="-1.352799"><ele>136.2</ele><time>2025-01-01T14:14:11.000Z</time></trkpt>
      <trkpt lat="52.739244" lon="-1.352741"><ele>136.4</ele><time>2025-01-01T14:14:12.000Z</time></trkpt>
      <trkpt lat="52.739222" lon="-1.352714"><ele>136.6</ele><time>2025-01-01T14:14:13.000Z</time></trkpt>
      <trkpt lat="52.739216" lon="-1.352702"><ele>136.6</ele><time>2025-01-01T14:14:14.000Z</time></trkpt>
      <trkpt lat="52.739222" lon="-1.352707"><ele>136.6</ele><time>2025-01-01T14:14:15.000Z</time></trkpt>
      <trkpt lat="52.739209" lon="-1.352687"><ele>136.7</ele><time>2025-01-01T14:14:16.000Z</time></trkpt>
      <trkpt lat="52.739191" lon="-1.352662"><ele>136.8</ele><time>2025-01-01T14:14:17.000Z</time></trkpt>
      <trkpt lat="52.739168" lon="-1.352649"><ele>136.9</ele><time>2025-01-01T14:14:18.000Z</time></trkpt>
      <trkpt lat="52.739161" lon="-1.352643"><ele>137.0</ele><time>2025-01-01T14:14:19.000Z</time></trkpt>
      <trkpt lat="52.739153" lon="-1.352636"><ele>137.0</ele><time>2025-01-01T14:14:20.000Z</time></trkpt>
      <trkpt lat="52.739140" lon="-1.352621"><ele>137.1</ele><time>2025-01-01T14:14:21.000Z</time></trkpt>
      <trkpt lat="52.739126" lon="-1.352612"><ele>137.2</ele><time>2025-01-01T14:14:22.000Z</time></trkpt>
      <trkpt lat="52.739108" lon="-1.352597"><ele>137.2</ele><time>2025-01-01T14:14:23.000Z</time></trkpt>
      <trkpt lat="52.739098" lon="-1.352588"><ele>137.3</ele><time>2025-01-01T14:14:24.000Z</time></trkpt>
      <trkpt lat="52.739087" lon="-1.352578"><ele>137.3</ele><time>2025-01-01T14:14:25.000Z</time></trkpt>
      <trkpt lat="52.739072" lon="-1.352569"><ele>137.4</ele><time>2025-01-01T14:14:26.000Z</time></trkpt>
      <trkpt lat="52.739063" lon="-1.352550"><ele>137.5</ele><time>2025-01-01T14:14:27.000Z</time></trkpt>
      <trkpt lat="52.739056" lon="-1.352544"><ele>137.5</ele><time>2025-01-01T14:14:28.000Z</time></trkpt>
      <trkpt lat="52.739045" lon="-1.352533"><ele>137.6</ele><time>2025-01-01T14:14:29.000Z</time></trkpt>
      <trkpt lat="52.739034" lon="-1.352525"><ele>137.6</ele><time>2025-01-01T14:14:30.000Z</time></trkpt>
      <trkpt lat="52.739029" lon="-1.352516"><ele>137.6</ele><time>2025-01-01T14:14:31.000Z</time></trkpt>
      <trkpt lat="52.739024" lon="-1.352504"><ele>137.7</ele><time>2025-01-01T14:14:32.000Z</time></trkpt>
      <trkpt lat="52.739018" lon="-1.352477"><ele>137.7</ele><time>2025-01-01T14:14:33.000Z</time></trkpt>
      <trkpt lat="52.739002" lon="-1.352466"><ele>137.8</ele><time>2025-01-01T14:14:34.000Z</time></trkpt>
      <trkpt lat="52.738993" lon="-1.352458"><ele>137.8</ele><time>2025-01-01T14:14:35.000Z</time></trkpt>
      <trkpt lat="52.738984" lon="-1.352450"><ele>137.9</ele><time>2025-01-01T14:14:36.000Z</time></trkpt>
      <trkpt lat="52.738971" lon="-1.352414"><ele>138.0</ele><time>2025-01-01T14:14:37.000Z</time></trkpt>
      <trkpt lat="52.738961" lon="-1.352404"><ele>138.0</ele><time>2025-01-01T14:14:38.000Z</time></trkpt>
      <trkpt lat="52.738940" lon="-1.352377"><ele>138.1</ele><time>2025-01-01T14:14:39.000Z</time></trkpt>
      <trkpt lat="52.738930" lon="-1.352363"><ele>138.1</ele><time>2025-01-01T14:14:40.000Z</time></trkpt>
      <trkpt lat="52.738926" lon="-1.352361"><ele>138.2</ele><time>2025-01-01T14:14:41.000Z</time></trkpt>
      <trkpt lat="52.738914" lon="-1.352358"><ele>138.2</ele><time>2025-01-01T14:14:42.000Z</time></trkpt>
      <trkpt lat="52.738904" lon="-1.352348"><ele>138.2</ele><time>2025-01-01T14:14:43.000Z</time></trkpt>
      <trkpt lat="52.738888" lon="-1.352295"><ele>138.4</ele><time>2025-01-01T14:14:44.000Z</time></trkpt>
      <trkpt lat="52.738883" lon="-1.352282"><ele>138.4</ele><time>2025-01-01T14:14:45.000Z</time></trkpt>
      <trkpt lat="52.738890" lon="-1.352242"><ele>138.5</ele><time>2025-01-01T14:14:46.000Z</time></trkpt>
      <trkpt lat="52.738898" lon="-1.352218"><ele>138.5</ele><time>2025-01-01T14:14:47.000Z</time></trkpt>
      <trkpt lat="52.738885" lon="-1.352174"><ele>138.6</ele><time>2025-01-01T14:14:48.000Z</time></trkpt>
      <trkpt lat="52.738873" lon="-1.352157"><ele>138.7</ele><time>2025-01-01T14:14:49.000Z</time></trkpt>
      <trkpt lat="52.738865" lon="-1.352143"><ele>138.7</ele><time>2025-01-01T14:14:50.000Z</time></trkpt>
      <trkpt lat="52.738821" lon="-1.352124"><ele>138.9</ele><time>2025-01-01T14:14:51.000Z</time></trkpt>
      <trkpt lat="52.738797" lon="-1.352132"><ele>139.0</ele><time>2025-01-01T14:14:52.000Z</time></trkpt>
      <trkpt lat="52.738787" lon="-1.352115"><ele>139.0</ele><time>2025-01-01T14:14:53.000Z</time></trkpt>
      <trkpt lat="52.738771" lon="-1.352109"><ele>139.1</ele><time>2025-01-01T14:14:54.000Z</time></trkpt>
      <trkpt lat="52.738762" lon="-1.352092"><ele>139.1</ele><time>2025-01-01T14:14:55.000Z</time></trkpt>
      <trkpt lat="52.738752" lon="-1.352086"><ele>139.2</ele><time>2025-01-01T14:14:56.000Z</time></trkpt>
      <trkpt lat="52.738755" lon="-1.352067"><ele>139.2</ele><time>2025-01-01T14:14:57.000Z</time></trkpt>
      <trkpt lat="52.738729" lon="-1.352045"><ele>139.4</ele><time>2025-01-01T14:14:58.000Z</time></trkpt>
      <trkpt lat="52.738717" lon="-1.352036"><ele>139.4</ele><time>2025-01-01T14:14:59.000Z</time></trkpt>
      <trkpt lat="52.738714" lon="-1.352026"><ele>139.5</ele><time>2025-01-01T14:15:00.000Z</time></trkpt>
      <trkpt lat="52.738704" lon="-1.352007"><ele>139.6</ele><time>2025-01-01T14:15:01.000Z</time></trkpt>
      <trkpt lat="52.738700" lon="-1.351997"><ele>139.6</ele><time>2025-01-01T14:15:02.000Z</time></trkpt>
      <trkpt lat="52.738692" lon="-1.351988"><ele>139.7</ele><time>2025-01-01T14:15:03.000Z</time></trkpt>
      <trkpt lat="52.738678" lon="-1.351977"><ele>139.7</ele><time>2025-01-01T14:15:04.000Z</time></trkpt>
      <trkpt lat="52.738675" lon="-1.351957"><ele>139.8</ele><time>2025-01-01T14:15:05.000Z</time></trkpt>
      <trkpt lat="52.738670" lon="-1.351939"><ele>139.9</ele><time>2025-01-01T14:15:06.000Z</time></trkpt>
      <trkpt lat="52.738658" lon="-1.351918"><ele>140.0</ele><time>2025-01-01T14:15:07.000Z</time></trkpt>
      <trkpt lat="52.738648" lon="-1.351879"><ele>140.1</ele><time>2025-01-01T14:15:08.000Z</time></trkpt>
      <trkpt lat="52.738641" lon="-1.351866"><ele>140.2</ele><time>2025-01-01T14:15:09.000Z</time></trkpt>
      <trkpt lat="52.738634" lon="-1.351852"><ele>140.3</ele><time>2025-01-01T14:15:10.000Z</time></trkpt>
      <trkpt lat="52.738629" lon="-1.351832"><ele>140.3</ele><time>2025-01-01T14:15:11.000Z</time></trkpt>
      <trkpt lat="52.738621" lon="-1.351818"><ele>140.4</ele><time>2025-01-01T14:15:12.000Z</time></trkpt>
      <trkpt lat="52.738613" lon="-1.351803"><ele>140.4</ele><time>2025-01-01T14:15:13.000Z</time></trkpt>
      <trkpt lat="52.738609" lon="-1.351791"><ele>140.5</ele><time>2025-01-01T14:15:14.000Z</time></trkpt>
      <trkpt lat="52.738600" lon="-1.351772"><ele>140.6</ele><time>2025-01-01T14:15:15.000Z</time></trkpt>
      <trkpt lat="52.738593" lon="-1.351760"><ele>140.6</ele><time>2025-01-01T14:15:16.000Z</time></trkpt>
      <trkpt lat="52.738580" lon="-1.351739"><ele>140.7</ele><time>2025-01-01T14:15:17.000Z</time></trkpt>
      <trkpt lat="52.738576" lon="-1.351714"><ele>140.7</ele><time>2025-01-01T14:15:18.000Z</time></trkpt>
      <trkpt lat="52.738577" lon="-1.351705"><ele>140.7</ele><time>2025-01-01T14:15:19.000Z</time></trkpt>
      <trkpt lat="52.738579" lon="-1.351695"><ele>140.8</ele><time>2025-01-01T14:15:20.000Z</time></trkpt>
      <trkpt lat="52.738580" lon="-1.351686"><ele>140.8</ele><time>2025-01-01T14:15:21.000Z</time></trkpt>
      <trkpt lat="52.738581" lon="-1.351677"><ele>140.8</ele><time>2025-01-01T14:15:22.000Z</time></trkpt>
      <trkpt lat="52.738581" lon="-1.351668"><ele>140.8</ele><time>2025-01-01T14:15:23.000Z</time></trkpt>
      <trkpt lat="52.738581" lon="-1.351640"><ele>140.9</ele><time>2025-01-01T14:15:24.000Z</time></trkpt>
      <trkpt lat="52.738582" lon="-1.351630"><ele>140.9</ele><time>2025-01-01T14:15:25.000Z</time></trkpt>
      <trkpt lat="52.738563" lon="-1.351613"><ele>141.0</ele><time>2025-01-01T14:15:26.000Z</time></trkpt>
      <trkpt lat="52.738554" lon="-1.351609"><ele>141.0</ele><time>2025-01-01T14:15:27.000Z</time></trkpt>
      <trkpt lat="52.738546" lon="-1.351606"><ele>141.0</ele><time>2025-01-01T14:15:28.000Z</time></trkpt>
      <trkpt lat="52.738543" lon="-1.351601"><ele>141.0</ele><time>2025-01-01T14:15:29.000Z</time></trkpt>
      <trkpt lat="52.738537" lon="-1.351596"><ele>141.0</ele><time>2025-01-01T14:15:30.000Z</time></trkpt>
      <trkpt lat="52.738527" lon="-1.351590"><ele>141.1</ele><time>2025-01-01T14:15:31.000Z</time></trkpt>
      <trkpt lat="52.738516" lon="-1.351581"><ele>141.1</ele><time>2025-01-01T14:15:32.000Z</time></trkpt>
      <trkpt lat="52.738495" lon="-1.351560"><ele>141.2</ele><time>2025-01-01T14:15:33.000Z</time></trkpt>
      <trkpt lat="52.738483" lon="-1.351552"><ele>141.2</ele><time>2025-01-01T14:15:34.000Z</time></trkpt>
      <trkpt lat="52.738478" lon="-1.351549"><ele>141.2</ele><time>2025-01-01T14:15:35.000Z</time></trkpt>
      <trkpt lat="52.738465" lon="-1.351539"><ele>141.3</ele><time>2025-01-01T14:15:36.000Z</time></trkpt>
      <trkpt lat="52.738455" lon="-1.351525"><ele>141.3</ele><time>2025-01-01T14:15:37.000Z</time></trkpt>
      <trkpt lat="52.738442" lon="-1.351488"><ele>141.4</ele><time>2025-01-01T14:15:38.000Z</time></trkpt>
      <trkpt lat="52.738436" lon="-1.351484"><ele>141.4</ele><time>2025-01-01T14:15:39.000Z</time></trkpt>
      <trkpt lat="52.738428" lon="-1.351436"><ele>141.5</ele><time>2025-01-01T14:15:40.000Z</time></trkpt>
      <trkpt lat="52.738419" lon="-1.351434"><ele>141.5</ele><time>2025-01-01T14:15:41.000Z</time></trkpt>
      <trkpt lat="52.738415" lon="-1.351432"><ele>141.5</ele><time>2025-01-01T14:15:42.000Z</time></trkpt>
      <trkpt lat="52.738395" lon="-1.351424"><ele>141.5</ele><time>2025-01-01T14:15:43.000Z</time></trkpt>
      <trkpt lat="52.738388" lon="-1.351404"><ele>141.6</ele><time>2025-01-01T14:15:44.000Z</time></trkpt>
      <trkpt lat="52.738384" lon="-1.351377"><ele>141.6</ele><time>2025-01-01T14:15:45.000Z</time></trkpt>
      <trkpt lat="52.738367" lon="-1.351366"><ele>141.6</ele><time>2025-01-01T14:15:46.000Z</time></trkpt>
      <trkpt lat="52.738362" lon="-1.351360"><ele>141.6</ele><time>2025-01-01T14:15:47.000Z</time></trkpt>
      <trkpt lat="52.738356" lon="-1.351355"><ele>141.7</ele><time>2025-01-01T14:15:48.000Z</time></trkpt>
      <trkpt lat="52.738350" lon="-1.351350"><ele>141.7</ele><time>2025-01-01T14:15:49.000Z</time></trkpt>
      <trkpt lat="52.738340" lon="-1.351330"><ele>141.7</ele><time>2025-01-01T14:15:50.000Z</time></trkpt>
      <trkpt lat="52.738323" lon="-1.351327"><ele>141.7</ele><time>2025-01-01T14:15:51.000Z</time></trkpt>
      <trkpt lat="52.738312" lon="-1.351322"><ele>141.7</ele><time>2025-01-01T14:15:52.000Z</time></trkpt>
      <trkpt lat="52.738298" lon="-1.351314"><ele>141.8</ele><time>2025-01-01T14:15:53.000Z</time></trkpt>
      <trkpt lat="52.738291" lon="-1.351313"><ele>141.8</ele><time>2025-01-01T14:15:54.000Z</time></trkpt>
      <trkpt lat="52.738255" lon="-1.351300"><ele>141.8</ele><time>2025-01-01T14:15:55.000Z</time></trkpt>
      <trkpt lat="52.738228" lon="-1.351277"><ele>141.9</ele><time>2025-01-01T14:15:56.000Z</time></trkpt>
      <trkpt lat="52.738216" lon="-1.351261"><ele>141.9</ele><time>2025-01-01T14:15:57.000Z</time></trkpt>
      <trkpt lat="52.738216" lon="-1.351255"><ele>141.9</ele><time>2025-01-01T14:15:58.000Z</time></trkpt>
      <trkpt lat="52.738189" lon="-1.351247"><ele>141.9</ele><time>2025-01-01T14:15:59.000Z</time></trkpt>
      <trkpt lat="52.738177" lon="-1.351214"><ele>142.0</ele><time>2025-01-01T14:16:00.000Z</time></trkpt>
      <trkpt lat="52.738171" lon="-1.351192"><ele>142.0</ele><time>2025-01-01T14:16:01.000Z</time></trkpt>
      <trkpt lat="52.738166" lon="-1.351171"><ele>142.0</ele><time>2025-01-01T14:16:02.000Z</time></trkpt>
      <trkpt lat="52.738148" lon="-1.351149"><ele>142.1</ele><time>2025-01-01T14:16:03.000Z</time></trkpt>
      <trkpt lat="52.738141" lon="-1.351142"><ele>142.1</ele><time>2025-01-01T14:16:04.000Z</time></trkpt>
      <trkpt lat="52.738135" lon="-1.351134"><ele>142.1</ele><time>2025-01-01T14:16:05.000Z</time></trkpt>
      <trkpt lat="52.738133" lon="-1.351124"><ele>142.1</ele><time>2025-01-01T14:16:06.000Z</time></trkpt>
      <trkpt lat="52.738123" lon="-1.351120"><ele>142.1</ele><time>2025-01-01T14:16:07.000Z</time></trkpt>
      <trkpt lat="52.738109" lon="-1.351115"><ele>142.1</ele><time>2025-01-01T14:16:08.000Z</time></trkpt>
      <trkpt lat="52.738061" lon="-1.351119"><ele>142.2</ele><time>2025-01-01T14:16:09.000Z</time></trkpt>
      <trkpt lat="52.738043" lon="-1.351101"><ele>142.2</ele><time>2025-01-01T14:16:10.000Z</time></trkpt>
      <trkpt lat="52.738034" lon="-1.351088"><ele>142.2</ele><time>2025-01-01T14:16:11.000Z</time></trkpt>
      <trkpt lat="52.738026" lon="-1.351076"><ele>142.3</ele><time>2025-01-01T14:16:13.000Z</time></trkpt>
      <trkpt lat="52.738017" lon="-1.351063"><ele>142.3</ele><time>2025-01-01T14:16:14.000Z</time></trkpt>
      <trkpt lat="52.738009" lon="-1.351051"><ele>142.3</ele><time>2025-01-01T14:16:15.000Z</time></trkpt>
      <trkpt lat="52.738004" lon="-1.351031"><ele>142.3</ele><time>2025-01-01T14:16:17.000Z</time></trkpt>
      <trkpt lat="52.737993" lon="-1.351029"><ele>142.3</ele><time>2025-01-01T14:16:18.000Z</time></trkpt>
      <trkpt lat="52.737964" lon="-1.351015"><ele>142.4</ele><time>2025-01-01T14:16:20.000Z</time></trkpt>
      <trkpt lat="52.737944" lon="-1.351006"><ele>142.4</ele><time>2025-01-01T14:16:21.000Z</time></trkpt>
      <trkpt lat="52.737909" lon="-1.350999"><ele>142.4</ele><time>2025-01-01T14:16:23.000Z</time></trkpt>
      <trkpt lat="52.737887" lon="-1.350996"><ele>142.5</ele><time>2025-01-01T14:16:24.000Z</time></trkpt>
      <trkpt lat="52.737857" lon="-1.350989"><ele>142.5</ele><time>2025-01-01T14:16:26.000Z</time></trkpt>
      <trkpt lat="52.737840" lon="-1.350990"><ele>142.5</ele><time>2025-01-01T14:16:27.000Z</time></trkpt>
      <trkpt lat="52.737826" lon="-1.350973"><ele>142.6</ele><time>2025-01-01T14:16:28.000Z</time></trkpt>
      <trkpt lat="52.737796" lon="-1.350972"><ele>142.6</ele><time>2025-01-01T14:16:29.000Z</time></trkpt>
      <trkpt lat="52.737785" lon="-1.350970"><ele>142.6</ele><time>2025-01-01T14:16:30.000Z</time></trkpt>
      <trkpt lat="52.737768" lon="-1.350962"><ele>142.6</ele><time>2025-01-01T14:16:31.000Z</time></trkpt>
      <trkpt lat="52.737758" lon="-1.350944"><ele>142.7</ele><time>2025-01-01T14:16:32.000Z</time></trkpt>
      <trkpt lat="52.737752" lon="-1.350936"><ele>142.7</ele><time>2025-01-01T14:16:33.000Z</time></trkpt>
      <trkpt lat="52.737744" lon="-1.350930"><ele>142.7</ele><time>2025-01-01T14:16:34.000Z</time></trkpt>
      <trkpt lat="52.737729" lon="-1.350925"><ele>142.7</ele><time>2025-01-01T14:16:35.000Z</time></trkpt>
      <trkpt lat="52.737705" lon="-1.350904"><ele>142.7</ele><time>2025-01-01T14:16:36.000Z</time></trkpt>
      <trkpt lat="52.737693" lon="-1.350893"><ele>142.8</ele><time>2025-01-01T14:16:37.000Z</time></trkpt>
      <trkpt lat="52.737684" lon="-1.350869"><ele>142.8</ele><time>2025-01-01T14:16:38.000Z</time></trkpt>
      <trkpt lat="52.737671" lon="-1.350853"><ele>142.8</ele><time>2025-01-01T14:16:39.000Z</time></trkpt>
      <trkpt lat="52.737659" lon="-1.350842"><ele>142.8</ele><time>2025-01-01T14:16:40.000Z</time></trkpt>
      <trkpt lat="52.737646" lon="-1.350835"><ele>142.9</ele><time>2025-01-01T14:16:41.000Z</time></trkpt>
      <trkpt lat="52.737622" lon="-1.350815"><ele>142.9</ele><time>2025-01-01T14:16:42.000Z</time></trkpt>
      <trkpt lat="52.737626" lon="-1.350804"><ele>142.9</ele><time>2025-01-01T14:16:43.000Z</time></trkpt>
      <trkpt lat="52.737619" lon="-1.350801"><ele>142.9</ele><time>2025-01-01T14:16:44.000Z</time></trkpt>
      <trkpt lat="52.737599" lon="-1.350818"><ele>143.0</ele><time>2025-01-01T14:16:45.000Z</time></trkpt>
      <trkpt lat="52.737580" lon="-1.350798"><ele>143.0</ele><time>2025-01-01T14:16:46.000Z</time></trkpt>
      <trkpt lat="52.737570" lon="-1.350795"><ele>143.0</ele><time>2025-01-01T14:16:47.000Z</time></trkpt>
      <trkpt lat="52.737557" lon="-1.350792"><ele>143.0</ele><time>2025-01-01T14:16:48.000Z</time></trkpt>
      <trkpt lat="52.737540" lon="-1.350781"><ele>143.1</ele><time>2025-01-01T14:16:49.000Z</time></trkpt>
      <trkpt lat="52.737530" lon="-1.350782"><ele>143.1</ele><time>2025-01-01T14:16:50.000Z</time></trkpt>
      <trkpt lat="52.737518" lon="-1.350773"><ele>143.1</ele><time>2025-01-01T14:16:51.000Z</time></trkpt>
      <trkpt lat="52.737506" lon="-1.350773"><ele>143.1</ele><time>2025-01-01T14:16:52.000Z</time></trkpt>
      <trkpt lat="52.737496" lon="-1.350771"><ele>143.1</ele><time>2025-01-01T14:16:53.000Z</time></trkpt>
      <trkpt lat="52.737489" lon="-1.350776"><ele>143.2</ele><time>2025-01-01T14:16:54.000Z</time></trkpt>
      <trkpt lat="52.737477" lon="-1.350745"><ele>143.2</ele><time>2025-01-01T14:16:55.000Z</time></trkpt>
      <trkpt lat="52.737456" lon="-1.350727"><ele>143.2</ele><time>2025-01-01T14:16:56.000Z</time></trkpt>
      <trkpt lat="52.737448" lon="-1.350719"><ele>143.3</ele><time>2025-01-01T14:16:57.000Z</time></trkpt>
      <trkpt lat="52.737439" lon="-1.350711"><ele>143.3</ele><time>2025-01-01T14:16:58.000Z</time></trkpt>
      <trkpt lat="52.737418" lon="-1.350708"><ele>143.3</ele><time>2025-01-01T14:16:59.000Z</time></trkpt>
      <trkpt lat="52.737409" lon="-1.350712"><ele>143.3</ele><time>2025-01-01T14:17:00.000Z</time></trkpt>
      <trkpt lat="52.737400" lon="-1.350715"><ele>143.3</ele><time>2025-01-01T14:17:01.000Z</time></trkpt>
      <trkpt lat="52.737391" lon="-1.350718"><ele>143.4</ele><time>2025-01-01T14:17:02.000Z</time></trkpt>
      <trkpt lat="52.737369" lon="-1.350714"><ele>143.4</ele><time>2025-01-01T14:17:03.000Z</time></trkpt>
      <trkpt lat="52.737362" lon="-1.350712"><ele>143.4</ele><time>2025-01-01T14:17:04.000Z</time></trkpt>
      <trkpt lat="52.737354" lon="-1.350710"><ele>143.4</ele><time>2025-01-01T14:17:05.000Z</time></trkpt>
      <trkpt lat="52.737327" lon="-1.350700"><ele>143.5</ele><time>2025-01-01T14:17:06.000Z</time></trkpt>
      <trkpt lat="52.737302" lon="-1.350682"><ele>143.5</ele><time>2025-01-01T14:17:07.000Z</time></trkpt>
      <trkpt lat="52.737294" lon="-1.350668"><ele>143.6</ele><time>2025-01-01T14:17:08.000Z</time></trkpt>
      <trkpt lat="52.737293" lon="-1.350638"><ele>143.6</ele><time>2025-01-01T14:17:09.000Z</time></trkpt>
      <trkpt lat="52.737281" lon="-1.350624"><ele>143.6</ele><time>2025-01-01T14:17:10.000Z</time></trkpt>
      <trkpt lat="52.737267" lon="-1.350618"><ele>143.7</ele><time>2025-01-01T14:17:11.000Z</time></trkpt>
      <trkpt lat="52.737257" lon="-1.350603"><ele>143.7</ele><time>2025-01-01T14:17:12.000Z</time></trkpt>
      <trkpt lat="52.737235" lon="-1.350583"><ele>143.7</ele><time>2025-01-01T14:17:13.000Z</time></trkpt>
      <trkpt lat="52.737224" lon="-1.350578"><ele>143.7</ele><time>2025-01-01T14:17:14.000Z</time></trkpt>
      <trkpt lat="52.737221" lon="-1.350573"><ele>143.7</ele><time>2025-01-01T14:17:15.000Z</time></trkpt>
      <trkpt lat="52.737194" lon="-1.350573"><ele>143.7</ele><time>2025-01-01T14:17:16.000Z</time></trkpt>
      <trkpt lat="52.737198" lon="-1.350557"><ele>143.7</ele><time>2025-01-01T14:17:17.000Z</time></trkpt>
      <trkpt lat="52.737167" lon="-1.350558"><ele>143.8</ele><time>2025-01-01T14:17:18.000Z</time></trkpt>
      <trkpt lat="52.737164" lon="-1.350546"><ele>143.8</ele><time>2025-01-01T14:17:19.000Z</time></trkpt>
      <trkpt lat="52.737154" lon="-1.350517"><ele>143.8</ele><time>2025-01-01T14:17:20.000Z</time></trkpt>
      <trkpt lat="52.737137" lon="-1.350493"><ele>143.8</ele><time>2025-01-01T14:17:21.000Z</time></trkpt>
      <trkpt lat="52.737135" lon="-1.350490"><ele>143.8</ele><time>2025-01-01T14:17:22.000Z</time></trkpt>
      <trkpt lat="52.737127" lon="-1.350489"><ele>143.8</ele><time>2025-01-01T14:17:23.000Z</time></trkpt>
      <trkpt lat="52.737109" lon="-1.350478"><ele>143.9</ele><time>2025-01-01T14:17:24.000Z</time></trkpt>
      <trkpt lat="52.737099" lon="-1.350481"><ele>143.9</ele><time>2025-01-01T14:17:25.000Z</time></trkpt>
      <trkpt lat="52.737088" lon="-1.350483"><ele>143.9</ele><time>2025-01-01T14:17:26.000Z</time></trkpt>
      <trkpt lat="52.737063" lon="-1.350489"><ele>143.9</ele><time>2025-01-01T14:17:27.000Z</time></trkpt>
      <trkpt lat="52.737051" lon="-1.350482"><ele>143.9</ele><time>2025-01-01T14:17:28.000Z</time></trkpt>
      <trkpt lat="52.737035" lon="-1.350467"><ele>143.9</ele><time>2025-01-01T14:17:29.000Z</time></trkpt>
      <trkpt lat="52.737028" lon="-1.350472"><ele>143.9</ele><time>2025-01-01T14:17:30.000Z</time></trkpt>
      <trkpt lat="52.737016" lon="-1.350476"><ele>144.0</ele><time>2025-01-01T14:17:31.000Z</time></trkpt>
      <trkpt lat="52.737018" lon="-1.350443"><ele>144.0</ele><time>2025-01-01T14:17:32.000Z</time></trkpt>
      <trkpt lat="52.737006" lon="-1.350444"><ele>144.0</ele><time>2025-01-01T14:17:33.000Z</time></trkpt>
      <trkpt lat="52.736991" lon="-1.350444"><ele>144.0</ele><time>2025-01-01T14:17:34.000Z</time></trkpt>
      <trkpt lat="52.736969" lon="-1.350418"><ele>144.0</ele><time>2025-01-01T14:17:35.000Z</time></trkpt>
      <trkpt lat="52.736962" lon="-1.350402"><ele>144.1</ele><time>2025-01-01T14:17:36.000Z</time></trkpt>
      <trkpt lat="52.736942" lon="-1.350406"><ele>144.1</ele><time>2025-01-01T14:17:37.000Z</time></trkpt>
      <trkpt lat="52.736934" lon="-1.350414"><ele>144.1</ele><time>2025-01-01T14:17:38.000Z</time></trkpt>
      <trkpt lat="52.736922" lon="-1.350409"><ele>144.1</ele><time>2025-01-01T14:17:39.000Z</time></trkpt>
      <trkpt lat="52.736914" lon="-1.350402"><ele>144.1</ele><time>2025-01-01T14:17:40.000Z</time></trkpt>
      <trkpt lat="52.736906" lon="-1.350396"><ele>144.1</ele><time>2025-01-01T14:17:41.000Z</time></trkpt>
      <trkpt lat="52.736898" lon="-1.350390"><ele>144.1</ele><time>2025-01-01T14:17:42.000Z</time></trkpt>
      <trkpt lat="52.736879" lon="-1.350367"><ele>144.2</ele><time>2025-01-01T14:17:43.000Z</time></trkpt>
      <trkpt lat="52.736873" lon="-1.350363"><ele>144.2</ele><time>2025-01-01T14:17:44.000Z</time></trkpt>
      <trkpt lat="52.736867" lon="-1.350359"><ele>144.2</ele><time>2025-01-01T14:17:45.000Z</time></trkpt>
      <trkpt lat="52.736859" lon="-1.350304"><ele>144.2</ele><time>2025-01-01T14:17:46.000Z</time></trkpt>
      <trkpt lat="52.736861" lon="-1.350278"><ele>144.2</ele><time>2025-01-01T14:17:47.000Z</time></trkpt>
      <trkpt lat="52.736840" lon="-1.350227"><ele>144.3</ele><time>2025-01-01T14:17:48.000Z</time></trkpt>
      <trkpt lat="52.736832" lon="-1.350199"><ele>144.3</ele><time>2025-01-01T14:17:49.000Z</time></trkpt>
      <trkpt lat="52.736825" lon="-1.350186"><ele>144.3</ele><time>2025-01-01T14:17:50.000Z</time></trkpt>
      <trkpt lat="52.736809" lon="-1.350160"><ele>144.3</ele><time>2025-01-01T14:17:51.000Z</time></trkpt>
      <trkpt lat="52.736794" lon="-1.350152"><ele>144.4</ele><time>2025-01-01T14:17:52.000Z</time></trkpt>
      <trkpt lat="52.736786" lon="-1.350140"><ele>144.4</ele><time>2025-01-01T14:17:53.000Z</time></trkpt>
      <trkpt lat="52.736777" lon="-1.350127"><ele>144.4</ele><time>2025-01-01T14:17:54.000Z</time></trkpt>
      <trkpt lat="52.736758" lon="-1.350104"><ele>144.4</ele><time>2025-01-01T14:17:55.000Z</time></trkpt>
      <trkpt lat="52.736761" lon="-1.350097"><ele>144.5</ele><time>2025-01-01T14:17:56.000Z</time></trkpt>
      <trkpt lat="52.736758" lon="-1.350081"><ele>144.5</ele><time>2025-01-01T14:17:57.000Z</time></trkpt>
      <trkpt lat="52.736759" lon="-1.350079"><ele>144.5</ele><time>2025-01-01T14:17:58.000Z</time></trkpt>
      <trkpt lat="52.736755" lon="-1.350076"><ele>144.5</ele><time>2025-01-01T14:17:59.000Z</time></trkpt>
      <trkpt lat="52.736746" lon="-1.350075"><ele>144.5</ele><time>2025-01-01T14:18:00.000Z</time></trkpt>
      <trkpt lat="52.736744" lon="-1.350065"><ele>144.5</ele><time>2025-01-01T14:18:01.000Z</time></trkpt>
      <trkpt lat="52.736739" lon="-1.350035"><ele>144.5</ele><time>2025-01-01T14:18:02.000Z</time></trkpt>
      <trkpt lat="52.736742" lon="-1.349979"><ele>144.6</ele><time>2025-01-01T14:18:03.000Z</time></trkpt>
      <trkpt lat="52.736743" lon="-1.349962"><ele>144.6</ele><time>2025-01-01T14:18:04.000Z</time></trkpt>
      <trkpt lat="52.736753" lon="-1.349902"><ele>144.7</ele><time>2025-01-01T14:18:05.000Z</time></trkpt>
      <trkpt lat="52.736755" lon="-1.349878"><ele>144.7</ele><time>2025-01-01T14:18:06.000Z</time></trkpt>
      <trkpt lat="52.736757" lon="-1.349866"><ele>144.7</ele><time>2025-01-01T14:18:07.000Z</time></trkpt>
      <trkpt lat="52.736759" lon="-1.349855"><ele>144.7</ele><time>2025-01-01T14:18:08.000Z</time></trkpt>
      <trkpt lat="52.736761" lon="-1.349843"><ele>144.7</ele><time>2025-01-01T14:18:09.000Z</time></trkpt>
      <trkpt lat="52.736769" lon="-1.349829"><ele>144.7</ele><time>2025-01-01T14:18:10.000Z</time></trkpt>
      <trkpt lat="52.736787" lon="-1.349802"><ele>144.7</ele><time>2025-01-01T14:18:11.000Z</time></trkpt>
      <trkpt lat="52.736816" lon="-1.349784"><ele>144.7</ele><time>2025-01-01T14:18:12.000Z</time></trkpt>
      <trkpt lat="52.736823" lon="-1.349776"><ele>144.7</ele><time>2025-01-01T14:18:13.000Z</time></trkpt>
      <trkpt lat="52.736829" lon="-1.349800"><ele>144.7</ele><time>2025-01-01T14:18:14.000Z</time></trkpt>
      <trkpt lat="52.736826" lon="-1.349793"><ele>144.7</ele><time>2025-01-01T14:18:15.000Z</time></trkpt>
      <trkpt lat="52.736830" lon="-1.349803"><ele>144.7</ele><time>2025-01-01T14:18:16.000Z</time></trkpt>
      <trkpt lat="52.736831" lon="-1.349825"><ele>144.7</ele><time>2025-01-01T14:18:17.000Z</time></trkpt>
      <trkpt lat="52.736836" lon="-1.349818"><ele>144.7</ele><time>2025-01-01T14:18:19.000Z</time></trkpt>
      <trkpt lat="52.736840" lon="-1.349808"><ele>144.7</ele><time>2025-01-01T14:18:20.000Z</time></trkpt>
      <trkpt lat="52.736835" lon="-1.349815"><ele>144.7</ele><time>2025-01-01T14:18:21.000Z</time></trkpt>
      <trkpt lat="52.736834" lon="-1.349815"><ele>144.7</ele><time>2025-01-01T14:18:22.000Z</time></trkpt>
      <trkpt lat="52.736835" lon="-1.349823"><ele>144.7</ele><time>2025-01-01T14:18:23.000Z</time></trkpt>
      <trkpt lat="52.736834" lon="-1.349825"><ele>144.7</ele><time>2025-01-01T14:18:24.000Z</time></trkpt>
      <trkpt lat="52.736827" lon="-1.349859"><ele>144.7</ele><time>2025-01-01T14:18:25.000Z</time></trkpt>
      <trkpt lat="52.736827" lon="-1.349859"><ele>144.7</ele><time>2025-01-01T14:18:26.000Z</time></trkpt>
      <trkpt lat="52.736839" lon="-1.349871"><ele>144.7</ele><time>2025-01-01T14:18:27.000Z</time></trkpt>
      <trkpt lat="52.736850" lon="-1.349862"><ele>144.7</ele><time>2025-01-01T14:18:28.000Z</time></trkpt>
      <trkpt lat="52.736860" lon="-1.349865"><ele>144.7</ele><time>2025-01-01T14:18:29.000Z</time></trkpt>
      <trkpt lat="52.736870" lon="-1.349869"><ele>144.7</ele><time>2025-01-01T14:18:30.000Z</time></trkpt>
      <trkpt lat="52.736880" lon="-1.349873"><ele>144.7</ele><time>2025-01-01T14:18:31.000Z</time></trkpt>
      <trkpt lat="52.736892" lon="-1.349852"><ele>144.7</ele><time>2025-01-01T14:18:32.000Z</time></trkpt>
    </trkseg>
  </trk>
</gpx>
