<?xml version="1.0" encoding="UTF-8"?>
<gpx version="1.1" creator="walkingwithember/fetch-intervals" xmlns="http://www.topografix.com/GPX/1/1">
  <metadata>
    <name>Hike</name>
    <time>2026-03-28T10:13:34.000Z</time>
  </metadata>
  <trk>
    <name>Hike</name>
    <trkseg>
      <trkpt lat="53.432945" lon="-1.869044"><ele>512.2</ele><time>2026-03-28T10:13:34.000Z</time></trkpt>
      <trkpt lat="53.432945" lon="-1.869044"><ele>512.2</ele><time>2026-03-28T10:13:35.000Z</time></trkpt>
      <trkpt lat="53.432934" lon="-1.869045"><ele>512.4</ele><time>2026-03-28T10:13:36.000Z</time></trkpt>
      <trkpt lat="53.432922" lon="-1.869039"><ele>512.4</ele><time>2026-03-28T10:13:37.000Z</time></trkpt>
      <trkpt lat="53.432922" lon="-1.869037"><ele>512.4</ele><time>2026-03-28T10:13:38.000Z</time></trkpt>
      <trkpt lat="53.432930" lon="-1.869050"><ele>512.4</ele><time>2026-03-28T10:13:39.000Z</time></trkpt>
      <trkpt lat="53.432934" lon="-1.869051"><ele>512.6</ele><time>2026-03-28T10:13:40.000Z</time></trkpt>
      <trkpt lat="53.432945" lon="-1.869041"><ele>512.8</ele><time>2026-03-28T10:13:41.000Z</time></trkpt>
      <trkpt lat="53.432953" lon="-1.869039"><ele>512.8</ele><time>2026-03-28T10:13:42.000Z</time></trkpt>
      <trkpt lat="53.432957" lon="-1.869033"><ele>512.8</ele><time>2026-03-28T10:13:43.000Z</time></trkpt>
      <trkpt lat="53.432960" lon="-1.869030"><ele>512.6</ele><time>2026-03-28T10:13:44.000Z</time></trkpt>
      <trkpt lat="53.432964" lon="-1.869027"><ele>512.6</ele><time>2026-03-28T10:13:45.000Z</time></trkpt>
      <trkpt lat="53.432960" lon="-1.869030"><ele>512.4</ele><time>2026-03-28T10:13:46.000Z</time></trkpt>
      <trkpt lat="53.432964" lon="-1.869030"><ele>512.4</ele><time>2026-03-28T10:13:47.000Z</time></trkpt>
      <trkpt lat="53.432970" lon="-1.869031"><ele>512.6</ele><time>2026-03-28T10:13:48.000Z</time></trkpt>
      <trkpt lat="53.432972" lon="-1.869031"><ele>512.4</ele><time>2026-03-28T10:13:49.000Z</time></trkpt>
      <trkpt lat="53.432980" lon="-1.869026"><ele>512.4</ele><time>2026-03-28T10:13:50.000Z</time></trkpt>
      <trkpt lat="53.432976" lon="-1.868998"><ele>512.4</ele><time>2026-03-28T10:13:51.000Z</time></trkpt>
      <trkpt lat="53.432976" lon="-1.868977"><ele>512.4</ele><time>2026-03-28T10:13:52.000Z</time></trkpt>
      <trkpt lat="53.432976" lon="-1.868959"><ele>512.4</ele><time>2026-03-28T10:13:53.000Z</time></trkpt>
      <trkpt lat="53.432972" lon="-1.868942"><ele>512.4</ele><time>2026-03-28T10:13:54.000Z</time></trkpt>
      <trkpt lat="53.432970" lon="-1.868932"><ele>512.6</ele><time>2026-03-28T10:13:55.000Z</time></trkpt>
      <trkpt lat="53.432970" lon="-1.868912"><ele>512.6</ele><time>2026-03-28T10:13:56.000Z</time></trkpt>
      <trkpt lat="53.432972" lon="-1.868898"><ele>512.4</ele><time>2026-03-28T10:13:57.000Z</time></trkpt>
      <trkpt lat="53.432976" lon="-1.868898"><ele>512.4</ele><time>2026-03-28T10:13:58.000Z</time></trkpt>
      <trkpt lat="53.432976" lon="-1.868898"><ele>512.2</ele><time>2026-03-28T10:13:59.000Z</time></trkpt>
      <trkpt lat="53.432976" lon="-1.868903"><ele>512.2</ele><time>2026-03-28T10:14:00.000Z</time></trkpt>
      <trkpt lat="53.432976" lon="-1.868903"><ele>512.2</ele><time>2026-03-28T10:14:01.000Z</time></trkpt>
      <trkpt lat="53.432980" lon="-1.868903"><ele>512.2</ele><time>2026-03-28T10:14:02.000Z</time></trkpt>
      <trkpt lat="53.432980" lon="-1.868907"><ele>512.2</ele><time>2026-03-28T10:14:03.000Z</time></trkpt>
      <trkpt lat="53.432980" lon="-1.868909"><ele>512.2</ele><time>2026-03-28T10:14:04.000Z</time></trkpt>
      <trkpt lat="53.432983" lon="-1.868908"><ele>512.4</ele><time>2026-03-28T10:14:05.000Z</time></trkpt>
      <trkpt lat="53.432983" lon="-1.868907"><ele>512.4</ele><time>2026-03-28T10:14:06.000Z</time></trkpt>
      <trkpt lat="53.432972" lon="-1.868894"><ele>507.2</ele><time>2026-03-28T10:14:07.000Z</time></trkpt>
      <trkpt lat="53.432970" lon="-1.868890"><ele>507.0</ele><time>2026-03-28T10:14:08.000Z</time></trkpt>
      <trkpt lat="53.432964" lon="-1.868887"><ele>507.0</ele><time>2026-03-28T10:14:09.000Z</time></trkpt>
      <trkpt lat="53.432964" lon="-1.868890"><ele>507.0</ele><time>2026-03-28T10:14:10.000Z</time></trkpt>
      <trkpt lat="53.432980" lon="-1.868890"><ele>507.4</ele><time>2026-03-28T10:14:11.000Z</time></trkpt>
      <trkpt lat="53.432990" lon="-1.868892"><ele>507.2</ele><time>2026-03-28T10:14:12.000Z</time></trkpt>
      <trkpt lat="53.433002" lon="-1.868883"><ele>506.6</ele><time>2026-03-28T10:14:13.000Z</time></trkpt>
      <trkpt lat="53.433002" lon="-1.868882"><ele>506.4</ele><time>2026-03-28T10:14:14.000Z</time></trkpt>
      <trkpt lat="53.433002" lon="-1.868882"><ele>506.2</ele><time>2026-03-28T10:14:15.000Z</time></trkpt>
      <trkpt lat="53.433002" lon="-1.868870"><ele>506.0</ele><time>2026-03-28T10:14:16.000Z</time></trkpt>
      <trkpt lat="53.433014" lon="-1.868862"><ele>506.4</ele><time>2026-03-28T10:14:17.000Z</time></trkpt>
      <trkpt lat="53.433025" lon="-1.868845"><ele>506.6</ele><time>2026-03-28T10:14:18.000Z</time></trkpt>
      <trkpt lat="53.433037" lon="-1.868835"><ele>506.0</ele><time>2026-03-28T10:14:19.000Z</time></trkpt>
      <trkpt lat="53.433050" lon="-1.868815"><ele>505.8</ele><time>2026-03-28T10:14:20.000Z</time></trkpt>
      <trkpt lat="53.433052" lon="-1.868808"><ele>506.4</ele><time>2026-03-28T10:14:21.000Z</time></trkpt>
      <trkpt lat="53.433060" lon="-1.868813"><ele>506.0</ele><time>2026-03-28T10:14:22.000Z</time></trkpt>
      <trkpt lat="53.433067" lon="-1.868803"><ele>506.4</ele><time>2026-03-28T10:14:23.000Z</time></trkpt>
      <trkpt lat="53.433075" lon="-1.868802"><ele>505.2</ele><time>2026-03-28T10:14:24.000Z</time></trkpt>
      <trkpt lat="53.433083" lon="-1.868805"><ele>504.8</ele><time>2026-03-28T10:14:25.000Z</time></trkpt>
      <trkpt lat="53.433098" lon="-1.868805"><ele>504.2</ele><time>2026-03-28T10:14:26.000Z</time></trkpt>
      <trkpt lat="53.433105" lon="-1.868803"><ele>504.8</ele><time>2026-03-28T10:14:27.000Z</time></trkpt>
      <trkpt lat="53.433120" lon="-1.868796"><ele>504.4</ele><time>2026-03-28T10:14:28.000Z</time></trkpt>
      <trkpt lat="53.433125" lon="-1.868789"><ele>504.2</ele><time>2026-03-28T10:14:29.000Z</time></trkpt>
      <trkpt lat="53.433130" lon="-1.868785"><ele>503.6</ele><time>2026-03-28T10:14:30.000Z</time></trkpt>
      <trkpt lat="53.433132" lon="-1.868782"><ele>504.4</ele><time>2026-03-28T10:14:31.000Z</time></trkpt>
      <trkpt lat="53.433130" lon="-1.868782"><ele>504.0</ele><time>2026-03-28T10:14:32.000Z</time></trkpt>
      <trkpt lat="53.433130" lon="-1.868780"><ele>503.8</ele><time>2026-03-28T10:14:33.000Z</time></trkpt>
      <trkpt lat="53.433130" lon="-1.868778"><ele>503.6</ele><time>2026-03-28T10:14:34.000Z</time></trkpt>
      <trkpt lat="53.433125" lon="-1.868777"><ele>503.0</ele><time>2026-03-28T10:14:35.000Z</time></trkpt>
      <trkpt lat="53.433125" lon="-1.868775"><ele>503.2</ele><time>2026-03-28T10:14:36.000Z</time></trkpt>
      <trkpt lat="53.433120" lon="-1.868771"><ele>503.2</ele><time>2026-03-28T10:14:37.000Z</time></trkpt>
      <trkpt lat="53.433120" lon="-1.868772"><ele>503.2</ele><time>2026-03-28T10:14:38.000Z</time></trkpt>
      <trkpt lat="53.433117" lon="-1.868775"><ele>503.2</ele><time>2026-03-28T10:14:39.000Z</time></trkpt>
      <trkpt lat="53.433120" lon="-1.868779"><ele>503.4</ele><time>2026-03-28T10:14:40.000Z</time></trkpt>
      <trkpt lat="53.433120" lon="-1.868781"><ele>503.2</ele><time>2026-03-28T10:14:41.000Z</time></trkpt>
      <trkpt lat="53.433120" lon="-1.868776"><ele>503.4</ele><time>2026-03-28T10:14:42.000Z</time></trkpt>
      <trkpt lat="53.433120" lon="-1.868780"><ele>503.0</ele><time>2026-03-28T10:14:43.000Z</time></trkpt>
      <trkpt lat="53.433120" lon="-1.868780"><ele>503.2</ele><time>2026-03-28T10:14:44.000Z</time></trkpt>
      <trkpt lat="53.433125" lon="-1.868786"><ele>502.4</ele><time>2026-03-28T10:14:45.000Z</time></trkpt>
      <trkpt lat="53.433144" lon="-1.868787"><ele>503.2</ele><time>2026-03-28T10:14:46.000Z</time></trkpt>
      <trkpt lat="53.433155" lon="-1.868775"><ele>503.2</ele><time>2026-03-28T10:14:47.000Z</time></trkpt>
      <trkpt lat="53.433170" lon="-1.868769"><ele>502.8</ele><time>2026-03-28T10:14:48.000Z</time></trkpt>
      <trkpt lat="53.433178" lon="-1.868770"><ele>502.8</ele><time>2026-03-28T10:14:49.000Z</time></trkpt>
      <trkpt lat="53.433193" lon="-1.868763"><ele>503.6</ele><time>2026-03-28T10:14:50.000Z</time></trkpt>
      <trkpt lat="53.433205" lon="-1.868757"><ele>503.4</ele><time>2026-03-28T10:14:51.000Z</time></trkpt>
      <trkpt lat="53.433216" lon="-1.868756"><ele>503.6</ele><time>2026-03-28T10:14:52.000Z</time></trkpt>
      <trkpt lat="53.433224" lon="-1.868753"><ele>503.6</ele><time>2026-03-28T10:14:53.000Z</time></trkpt>
      <trkpt lat="53.433240" lon="-1.868748"><ele>503.8</ele><time>2026-03-28T10:14:54.000Z</time></trkpt>
      <trkpt lat="53.433250" lon="-1.868752"><ele>504.0</ele><time>2026-03-28T10:14:55.000Z</time></trkpt>
      <trkpt lat="53.433266" lon="-1.868750"><ele>503.8</ele><time>2026-03-28T10:14:56.000Z</time></trkpt>
      <trkpt lat="53.433277" lon="-1.868745"><ele>504.4</ele><time>2026-03-28T10:14:57.000Z</time></trkpt>
      <trkpt lat="53.433292" lon="-1.868741"><ele>504.6</ele><time>2026-03-28T10:14:58.000Z</time></trkpt>
      <trkpt lat="53.433304" lon="-1.868733"><ele>504.4</ele><time>2026-03-28T10:14:59.000Z</time></trkpt>
      <trkpt lat="53.433310" lon="-1.868728"><ele>504.0</ele><time>2026-03-28T10:15:00.000Z</time></trkpt>
      <trkpt lat="53.433330" lon="-1.868721"><ele>504.0</ele><time>2026-03-28T10:15:01.000Z</time></trkpt>
      <trkpt lat="53.433340" lon="-1.868718"><ele>504.0</ele><time>2026-03-28T10:15:02.000Z</time></trkpt>
      <trkpt lat="53.433353" lon="-1.868715"><ele>504.2</ele><time>2026-03-28T10:15:03.000Z</time></trkpt>
      <trkpt lat="53.433365" lon="-1.868709"><ele>504.6</ele><time>2026-03-28T10:15:04.000Z</time></trkpt>
      <trkpt lat="53.433372" lon="-1.868708"><ele>504.4</ele><time>2026-03-28T10:15:05.000Z</time></trkpt>
      <trkpt lat="53.433388" lon="-1.868701"><ele>504.4</ele><time>2026-03-28T10:15:06.000Z</time></trkpt>
      <trkpt lat="53.433395" lon="-1.868696"><ele>504.2</ele><time>2026-03-28T10:15:07.000Z</time></trkpt>
      <trkpt lat="53.433407" lon="-1.868691"><ele>504.0</ele><time>2026-03-28T10:15:08.000Z</time></trkpt>
      <trkpt lat="53.433420" lon="-1.868694"><ele>503.8</ele><time>2026-03-28T10:15:09.000Z</time></trkpt>
      <trkpt lat="53.433434" lon="-1.868688"><ele>504.2</ele><time>2026-03-28T10:15:10.000Z</time></trkpt>
      <trkpt lat="53.433445" lon="-1.868687"><ele>504.2</ele><time>2026-03-28T10:15:11.000Z</time></trkpt>
      <trkpt lat="53.433460" lon="-1.868683"><ele>504.4</ele><time>2026-03-28T10:15:12.000Z</time></trkpt>
      <trkpt lat="53.433470" lon="-1.868681"><ele>504.6</ele><time>2026-03-28T10:15:13.000Z</time></trkpt>
      <trkpt lat="53.433483" lon="-1.868675"><ele>504.2</ele><time>2026-03-28T10:15:14.000Z</time></trkpt>
      <trkpt lat="53.433487" lon="-1.868670"><ele>504.2</ele><time>2026-03-28T10:15:15.000Z</time></trkpt>
      <trkpt lat="53.433480" lon="-1.868664"><ele>504.0</ele><time>2026-03-28T10:15:16.000Z</time></trkpt>
      <trkpt lat="53.433480" lon="-1.868667"><ele>504.0</ele><time>2026-03-28T10:15:17.000Z</time></trkpt>
      <trkpt lat="53.433480" lon="-1.868662"><ele>503.8</ele><time>2026-03-28T10:15:18.000Z</time></trkpt>
      <trkpt lat="53.433480" lon="-1.868662"><ele>503.6</ele><time>2026-03-28T10:15:19.000Z</time></trkpt>
      <trkpt lat="53.433475" lon="-1.868663"><ele>503.8</ele><time>2026-03-28T10:15:20.000Z</time></trkpt>
      <trkpt lat="53.433475" lon="-1.868660"><ele>503.2</ele><time>2026-03-28T10:15:21.000Z</time></trkpt>
      <trkpt lat="53.433475" lon="-1.868662"><ele>503.4</ele><time>2026-03-28T10:15:22.000Z</time></trkpt>
      <trkpt lat="53.433475" lon="-1.868660"><ele>503.2</ele><time>2026-03-28T10:15:23.000Z</time></trkpt>
      <trkpt lat="53.433475" lon="-1.868660"><ele>503.6</ele><time>2026-03-28T10:15:24.000Z</time></trkpt>
      <trkpt lat="53.433483" lon="-1.868661"><ele>503.0</ele><time>2026-03-28T10:15:25.000Z</time></trkpt>
      <trkpt lat="53.433487" lon="-1.868652"><ele>503.4</ele><time>2026-03-28T10:15:26.000Z</time></trkpt>
      <trkpt lat="53.433483" lon="-1.868652"><ele>503.4</ele><time>2026-03-28T10:15:27.000Z</time></trkpt>
      <trkpt lat="53.433483" lon="-1.868637"><ele>503.4</ele><time>2026-03-28T10:15:28.000Z</time></trkpt>
      <trkpt lat="53.433470" lon="-1.868629"><ele>503.0</ele><time>2026-03-28T10:15:29.000Z</time></trkpt>
      <trkpt lat="53.433470" lon="-1.868637"><ele>503.4</ele><time>2026-03-28T10:15:30.000Z</time></trkpt>
      <trkpt lat="53.433470" lon="-1.868634"><ele>503.8</ele><time>2026-03-28T10:15:31.000Z</time></trkpt>
      <trkpt lat="53.433480" lon="-1.868640"><ele>503.8</ele><time>2026-03-28T10:15:32.000Z</time></trkpt>
      <trkpt lat="53.433490" lon="-1.868651"><ele>504.4</ele><time>2026-03-28T10:15:33.000Z</time></trkpt>
      <trkpt lat="53.433510" lon="-1.868655"><ele>504.2</ele><time>2026-03-28T10:15:34.000Z</time></trkpt>
      <trkpt lat="53.433525" lon="-1.868644"><ele>504.2</ele><time>2026-03-28T10:15:35.000Z</time></trkpt>
      <trkpt lat="53.433540" lon="-1.868635"><ele>504.2</ele><time>2026-03-28T10:15:36.000Z</time></trkpt>
      <trkpt lat="53.433550" lon="-1.868626"><ele>504.2</ele><time>2026-03-28T10:15:37.000Z</time></trkpt>
      <trkpt lat="53.433567" lon="-1.868622"><ele>504.4</ele><time>2026-03-28T10:15:38.000Z</time></trkpt>
      <trkpt lat="53.433580" lon="-1.868618"><ele>504.6</ele><time>2026-03-28T10:15:39.000Z</time></trkpt>
      <trkpt lat="53.433590" lon="-1.868612"><ele>504.4</ele><time>2026-03-28T10:15:40.000Z</time></trkpt>
      <trkpt lat="53.433605" lon="-1.868604"><ele>504.4</ele><time>2026-03-28T10:15:41.000Z</time></trkpt>
      <trkpt lat="53.433617" lon="-1.868596"><ele>504.4</ele><time>2026-03-28T10:15:42.000Z</time></trkpt>
      <trkpt lat="53.433630" lon="-1.868587"><ele>504.6</ele><time>2026-03-28T10:15:43.000Z</time></trkpt>
      <trkpt lat="53.433640" lon="-1.868580"><ele>504.8</ele><time>2026-03-28T10:15:44.000Z</time></trkpt>
      <trkpt lat="53.433655" lon="-1.868579"><ele>504.8</ele><time>2026-03-28T10:15:45.000Z</time></trkpt>
      <trkpt lat="53.433666" lon="-1.868571"><ele>504.6</ele><time>2026-03-28T10:15:46.000Z</time></trkpt>
      <trkpt lat="53.433678" lon="-1.868564"><ele>504.4</ele><time>2026-03-28T10:15:47.000Z</time></trkpt>
      <trkpt lat="53.433693" lon="-1.868556"><ele>504.0</ele><time>2026-03-28T10:15:48.000Z</time></trkpt>
      <trkpt lat="53.433704" lon="-1.868547"><ele>504.0</ele><time>2026-03-28T10:15:49.000Z</time></trkpt>
      <trkpt lat="53.433716" lon="-1.868537"><ele>504.0</ele><time>2026-03-28T10:15:50.000Z</time></trkpt>
      <trkpt lat="53.433730" lon="-1.868527"><ele>504.2</ele><time>2026-03-28T10:15:51.000Z</time></trkpt>
      <trkpt lat="53.433740" lon="-1.868510"><ele>504.0</ele><time>2026-03-28T10:15:52.000Z</time></trkpt>
      <trkpt lat="53.433743" lon="-1.868494"><ele>503.8</ele><time>2026-03-28T10:15:53.000Z</time></trkpt>
      <trkpt lat="53.433743" lon="-1.868489"><ele>503.6</ele><time>2026-03-28T10:15:54.000Z</time></trkpt>
      <trkpt lat="53.433740" lon="-1.868489"><ele>503.4</ele><time>2026-03-28T10:15:55.000Z</time></trkpt>
      <trkpt lat="53.433740" lon="-1.868490"><ele>503.4</ele><time>2026-03-28T10:15:56.000Z</time></trkpt>
      <trkpt lat="53.433740" lon="-1.868493"><ele>503.8</ele><time>2026-03-28T10:15:57.000Z</time></trkpt>
      <trkpt lat="53.433743" lon="-1.868491"><ele>503.4</ele><time>2026-03-28T10:15:58.000Z</time></trkpt>
      <trkpt lat="53.433743" lon="-1.868481"><ele>503.6</ele><time>2026-03-28T10:15:59.000Z</time></trkpt>
      <trkpt lat="53.433750" lon="-1.868473"><ele>504.0</ele><time>2026-03-28T10:16:00.000Z</time></trkpt>
      <trkpt lat="53.433758" lon="-1.868464"><ele>504.4</ele><time>2026-03-28T10:16:01.000Z</time></trkpt>
      <trkpt lat="53.433760" lon="-1.868456"><ele>504.4</ele><time>2026-03-28T10:16:02.000Z</time></trkpt>
      <trkpt lat="53.433758" lon="-1.868461"><ele>503.8</ele><time>2026-03-28T10:16:03.000Z</time></trkpt>
      <trkpt lat="53.433754" lon="-1.868469"><ele>503.8</ele><time>2026-03-28T10:16:04.000Z</time></trkpt>
      <trkpt lat="53.433750" lon="-1.868461"><ele>504.0</ele><time>2026-03-28T10:16:05.000Z</time></trkpt>
      <trkpt lat="53.433760" lon="-1.868451"><ele>504.6</ele><time>2026-03-28T10:16:06.000Z</time></trkpt>
      <trkpt lat="53.433777" lon="-1.868454"><ele>505.0</ele><time>2026-03-28T10:16:07.000Z</time></trkpt>
      <trkpt lat="53.433792" lon="-1.868462"><ele>504.8</ele><time>2026-03-28T10:16:08.000Z</time></trkpt>
      <trkpt lat="53.433810" lon="-1.868463"><ele>504.4</ele><time>2026-03-28T10:16:09.000Z</time></trkpt>
      <trkpt lat="53.433826" lon="-1.868453"><ele>504.4</ele><time>2026-03-28T10:16:10.000Z</time></trkpt>
      <trkpt lat="53.433838" lon="-1.868441"><ele>504.4</ele><time>2026-03-28T10:16:11.000Z</time></trkpt>
      <trkpt lat="53.433853" lon="-1.868433"><ele>504.8</ele><time>2026-03-28T10:16:12.000Z</time></trkpt>
      <trkpt lat="53.433870" lon="-1.868428"><ele>504.6</ele><time>2026-03-28T10:16:13.000Z</time></trkpt>
      <trkpt lat="53.433880" lon="-1.868424"><ele>504.6</ele><time>2026-03-28T10:16:14.000Z</time></trkpt>
      <trkpt lat="53.433900" lon="-1.868412"><ele>504.4</ele><time>2026-03-28T10:16:15.000Z</time></trkpt>
      <trkpt lat="53.433910" lon="-1.868400"><ele>504.6</ele><time>2026-03-28T10:16:16.000Z</time></trkpt>
      <trkpt lat="53.433920" lon="-1.868387"><ele>504.4</ele><time>2026-03-28T10:16:17.000Z</time></trkpt>
      <trkpt lat="53.433933" lon="-1.868375"><ele>504.4</ele><time>2026-03-28T10:16:18.000Z</time></trkpt>
      <trkpt lat="53.433950" lon="-1.868364"><ele>504.4</ele><time>2026-03-28T10:16:19.000Z</time></trkpt>
      <trkpt lat="53.433960" lon="-1.868354"><ele>504.4</ele><time>2026-03-28T10:16:20.000Z</time></trkpt>
      <trkpt lat="53.433970" lon="-1.868340"><ele>504.2</ele><time>2026-03-28T10:16:21.000Z</time></trkpt>
      <trkpt lat="53.433983" lon="-1.868329"><ele>504.2</ele><time>2026-03-28T10:16:22.000Z</time></trkpt>
      <trkpt lat="53.433994" lon="-1.868323"><ele>504.4</ele><time>2026-03-28T10:16:23.000Z</time></trkpt>
      <trkpt lat="53.434006" lon="-1.868314"><ele>504.0</ele><time>2026-03-28T10:16:24.000Z</time></trkpt>
      <trkpt lat="53.434020" lon="-1.868308"><ele>503.8</ele><time>2026-03-28T10:16:25.000Z</time></trkpt>
      <trkpt lat="53.434036" lon="-1.868299"><ele>504.4</ele><time>2026-03-28T10:16:26.000Z</time></trkpt>
      <trkpt lat="53.434048" lon="-1.868294"><ele>504.6</ele><time>2026-03-28T10:16:27.000Z</time></trkpt>
      <trkpt lat="53.434060" lon="-1.868287"><ele>504.6</ele><time>2026-03-28T10:16:28.000Z</time></trkpt>
      <trkpt lat="53.434070" lon="-1.868275"><ele>504.2</ele><time>2026-03-28T10:16:29.000Z</time></trkpt>
      <trkpt lat="53.434086" lon="-1.868266"><ele>504.8</ele><time>2026-03-28T10:16:30.000Z</time></trkpt>
      <trkpt lat="53.434097" lon="-1.868256"><ele>504.8</ele><time>2026-03-28T10:16:31.000Z</time></trkpt>
      <trkpt lat="53.434105" lon="-1.868244"><ele>504.4</ele><time>2026-03-28T10:16:32.000Z</time></trkpt>
      <trkpt lat="53.434116" lon="-1.868234"><ele>504.6</ele><time>2026-03-28T10:16:33.000Z</time></trkpt>
      <trkpt lat="53.434128" lon="-1.868222"><ele>504.2</ele><time>2026-03-28T10:16:34.000Z</time></trkpt>
      <trkpt lat="53.434140" lon="-1.868210"><ele>504.4</ele><time>2026-03-28T10:16:35.000Z</time></trkpt>
      <trkpt lat="53.434150" lon="-1.868204"><ele>504.6</ele><time>2026-03-28T10:16:36.000Z</time></trkpt>
      <trkpt lat="53.434166" lon="-1.868194"><ele>504.8</ele><time>2026-03-28T10:16:37.000Z</time></trkpt>
      <trkpt lat="53.434177" lon="-1.868184"><ele>505.0</ele><time>2026-03-28T10:16:38.000Z</time></trkpt>
      <trkpt lat="53.434190" lon="-1.868174"><ele>504.6</ele><time>2026-03-28T10:16:39.000Z</time></trkpt>
      <trkpt lat="53.434200" lon="-1.868165"><ele>505.2</ele><time>2026-03-28T10:16:40.000Z</time></trkpt>
      <trkpt lat="53.434208" lon="-1.868155"><ele>505.2</ele><time>2026-03-28T10:16:41.000Z</time></trkpt>
      <trkpt lat="53.434220" lon="-1.868148"><ele>504.6</ele><time>2026-03-28T10:16:42.000Z</time></trkpt>
      <trkpt lat="53.434235" lon="-1.868139"><ele>505.0</ele><time>2026-03-28T10:16:43.000Z</time></trkpt>
      <trkpt lat="53.434246" lon="-1.868130"><ele>505.0</ele><time>2026-03-28T10:16:44.000Z</time></trkpt>
      <trkpt lat="53.434258" lon="-1.868118"><ele>504.8</ele><time>2026-03-28T10:16:45.000Z</time></trkpt>
      <trkpt lat="53.434270" lon="-1.868110"><ele>505.0</ele><time>2026-03-28T10:16:46.000Z</time></trkpt>
      <trkpt lat="53.434280" lon="-1.868104"><ele>505.4</ele><time>2026-03-28T10:16:47.000Z</time></trkpt>
      <trkpt lat="53.434290" lon="-1.868093"><ele>505.4</ele><time>2026-03-28T10:16:48.000Z</time></trkpt>
      <trkpt lat="53.434303" lon="-1.868084"><ele>505.2</ele><time>2026-03-28T10:16:49.000Z</time></trkpt>
      <trkpt lat="53.434320" lon="-1.868074"><ele>505.0</ele><time>2026-03-28T10:16:50.000Z</time></trkpt>
      <trkpt lat="53.434330" lon="-1.868066"><ele>505.0</ele><time>2026-03-28T10:16:51.000Z</time></trkpt>
      <trkpt lat="53.434345" lon="-1.868071"><ele>504.6</ele><time>2026-03-28T10:16:52.000Z</time></trkpt>
      <trkpt lat="53.434357" lon="-1.868053"><ele>504.4</ele><time>2026-03-28T10:16:53.000Z</time></trkpt>
      <trkpt lat="53.434364" lon="-1.868048"><ele>504.2</ele><time>2026-03-28T10:16:54.000Z</time></trkpt>
      <trkpt lat="53.434376" lon="-1.868036"><ele>503.8</ele><time>2026-03-28T10:16:55.000Z</time></trkpt>
      <trkpt lat="53.434387" lon="-1.868026"><ele>504.0</ele><time>2026-03-28T10:16:56.000Z</time></trkpt>
      <trkpt lat="53.434395" lon="-1.868016"><ele>504.6</ele><time>2026-03-28T10:16:57.000Z</time></trkpt>
      <trkpt lat="53.434410" lon="-1.868008"><ele>505.0</ele><time>2026-03-28T10:16:58.000Z</time></trkpt>
      <trkpt lat="53.434418" lon="-1.868000"><ele>505.6</ele><time>2026-03-28T10:16:59.000Z</time></trkpt>
      <trkpt lat="53.434433" lon="-1.867989"><ele>505.8</ele><time>2026-03-28T10:17:00.000Z</time></trkpt>
      <trkpt lat="53.434444" lon="-1.867981"><ele>505.6</ele><time>2026-03-28T10:17:01.000Z</time></trkpt>
      <trkpt lat="53.434456" lon="-1.867971"><ele>505.4</ele><time>2026-03-28T10:17:02.000Z</time></trkpt>
      <trkpt lat="53.434467" lon="-1.867961"><ele>505.4</ele><time>2026-03-28T10:17:03.000Z</time></trkpt>
      <trkpt lat="53.434480" lon="-1.867953"><ele>505.4</ele><time>2026-03-28T10:17:04.000Z</time></trkpt>
      <trkpt lat="53.434490" lon="-1.867943"><ele>505.2</ele><time>2026-03-28T10:17:05.000Z</time></trkpt>
      <trkpt lat="53.434500" lon="-1.867933"><ele>505.0</ele><time>2026-03-28T10:17:06.000Z</time></trkpt>
      <trkpt lat="53.434513" lon="-1.867921"><ele>505.2</ele><time>2026-03-28T10:17:07.000Z</time></trkpt>
      <trkpt lat="53.434525" lon="-1.867911"><ele>505.4</ele><time>2026-03-28T10:17:08.000Z</time></trkpt>
      <trkpt lat="53.434536" lon="-1.867903"><ele>505.2</ele><time>2026-03-28T10:17:09.000Z</time></trkpt>
      <trkpt lat="53.434547" lon="-1.867894"><ele>505.2</ele><time>2026-03-28T10:17:10.000Z</time></trkpt>
      <trkpt lat="53.434560" lon="-1.867883"><ele>505.0</ele><time>2026-03-28T10:17:11.000Z</time></trkpt>
      <trkpt lat="53.434570" lon="-1.867869"><ele>504.8</ele><time>2026-03-28T10:17:12.000Z</time></trkpt>
      <trkpt lat="53.434580" lon="-1.867859"><ele>505.0</ele><time>2026-03-28T10:17:13.000Z</time></trkpt>
      <trkpt lat="53.434593" lon="-1.867850"><ele>505.6</ele><time>2026-03-28T10:17:14.000Z</time></trkpt>
      <trkpt lat="53.434605" lon="-1.867836"><ele>504.8</ele><time>2026-03-28T10:17:15.000Z</time></trkpt>
      <trkpt lat="53.434616" lon="-1.867826"><ele>504.6</ele><time>2026-03-28T10:17:16.000Z</time></trkpt>
      <trkpt lat="53.434624" lon="-1.867820"><ele>505.0</ele><time>2026-03-28T10:17:17.000Z</time></trkpt>
      <trkpt lat="53.434635" lon="-1.867813"><ele>505.2</ele><time>2026-03-28T10:17:18.000Z</time></trkpt>
      <trkpt lat="53.434650" lon="-1.867800"><ele>505.0</ele><time>2026-03-28T10:17:19.000Z</time></trkpt>
      <trkpt lat="53.434658" lon="-1.867791"><ele>504.8</ele><time>2026-03-28T10:17:20.000Z</time></trkpt>
      <trkpt lat="53.434666" lon="-1.867778"><ele>504.8</ele><time>2026-03-28T10:17:21.000Z</time></trkpt>
      <trkpt lat="53.434677" lon="-1.867774"><ele>504.6</ele><time>2026-03-28T10:17:22.000Z</time></trkpt>
      <trkpt lat="53.434692" lon="-1.867770"><ele>504.8</ele><time>2026-03-28T10:17:23.000Z</time></trkpt>
      <trkpt lat="53.434700" lon="-1.867753"><ele>505.6</ele><time>2026-03-28T10:17:24.000Z</time></trkpt>
      <trkpt lat="53.434708" lon="-1.867743"><ele>505.2</ele><time>2026-03-28T10:17:25.000Z</time></trkpt>
      <trkpt lat="53.434715" lon="-1.867736"><ele>505.0</ele><time>2026-03-28T10:17:26.000Z</time></trkpt>
      <trkpt lat="53.434723" lon="-1.867726"><ele>504.6</ele><time>2026-03-28T10:17:27.000Z</time></trkpt>
      <trkpt lat="53.434734" lon="-1.867718"><ele>504.2</ele><time>2026-03-28T10:17:28.000Z</time></trkpt>
      <trkpt lat="53.434746" lon="-1.867714"><ele>504.0</ele><time>2026-03-28T10:17:29.000Z</time></trkpt>
      <trkpt lat="53.434757" lon="-1.867700"><ele>504.0</ele><time>2026-03-28T10:17:30.000Z</time></trkpt>
      <trkpt lat="53.434770" lon="-1.867696"><ele>504.2</ele><time>2026-03-28T10:17:31.000Z</time></trkpt>
      <trkpt lat="53.434780" lon="-1.867691"><ele>504.0</ele><time>2026-03-28T10:17:32.000Z</time></trkpt>
      <trkpt lat="53.434795" lon="-1.867684"><ele>504.0</ele><time>2026-03-28T10:17:33.000Z</time></trkpt>
      <trkpt lat="53.434807" lon="-1.867674"><ele>504.2</ele><time>2026-03-28T10:17:34.000Z</time></trkpt>
      <trkpt lat="53.434820" lon="-1.867664"><ele>504.4</ele><time>2026-03-28T10:17:35.000Z</time></trkpt>
      <trkpt lat="53.434826" lon="-1.867654"><ele>504.6</ele><time>2026-03-28T10:17:36.000Z</time></trkpt>
      <trkpt lat="53.434837" lon="-1.867647"><ele>505.0</ele><time>2026-03-28T10:17:37.000Z</time></trkpt>
      <trkpt lat="53.434853" lon="-1.867642"><ele>505.0</ele><time>2026-03-28T10:17:38.000Z</time></trkpt>
      <trkpt lat="53.434864" lon="-1.867633"><ele>505.0</ele><time>2026-03-28T10:17:39.000Z</time></trkpt>
      <trkpt lat="53.434875" lon="-1.867621"><ele>505.0</ele><time>2026-03-28T10:17:40.000Z</time></trkpt>
      <trkpt lat="53.434887" lon="-1.867611"><ele>505.2</ele><time>2026-03-28T10:17:41.000Z</time></trkpt>
      <trkpt lat="53.434900" lon="-1.867604"><ele>505.4</ele><time>2026-03-28T10:17:42.000Z</time></trkpt>
      <trkpt lat="53.434910" lon="-1.867592"><ele>505.2</ele><time>2026-03-28T10:17:43.000Z</time></trkpt>
      <trkpt lat="53.434920" lon="-1.867583"><ele>505.2</ele><time>2026-03-28T10:17:44.000Z</time></trkpt>
      <trkpt lat="53.434937" lon="-1.867573"><ele>505.2</ele><time>2026-03-28T10:17:45.000Z</time></trkpt>
      <trkpt lat="53.434948" lon="-1.867564"><ele>505.2</ele><time>2026-03-28T10:17:46.000Z</time></trkpt>
      <trkpt lat="53.434963" lon="-1.867552"><ele>505.2</ele><time>2026-03-28T10:17:47.000Z</time></trkpt>
      <trkpt lat="53.434975" lon="-1.867542"><ele>505.2</ele><time>2026-03-28T10:17:48.000Z</time></trkpt>
      <trkpt lat="53.434986" lon="-1.867530"><ele>505.0</ele><time>2026-03-28T10:17:49.000Z</time></trkpt>
      <trkpt lat="53.434998" lon="-1.867521"><ele>505.4</ele><time>2026-03-28T10:17:50.000Z</time></trkpt>
      <trkpt lat="53.435010" lon="-1.867506"><ele>505.8</ele><time>2026-03-28T10:17:51.000Z</time></trkpt>
      <trkpt lat="53.435020" lon="-1.867499"><ele>505.8</ele><time>2026-03-28T10:17:52.000Z</time></trkpt>
      <trkpt lat="53.435028" lon="-1.867490"><ele>505.6</ele><time>2026-03-28T10:17:53.000Z</time></trkpt>
      <trkpt lat="53.435043" lon="-1.867480"><ele>506.0</ele><time>2026-03-28T10:17:54.000Z</time></trkpt>
      <trkpt lat="53.435050" lon="-1.867469"><ele>506.0</ele><time>2026-03-28T10:17:55.000Z</time></trkpt>
      <trkpt lat="53.435062" lon="-1.867462"><ele>505.8</ele><time>2026-03-28T10:17:56.000Z</time></trkpt>
      <trkpt lat="53.435074" lon="-1.867453"><ele>506.0</ele><time>2026-03-28T10:17:57.000Z</time></trkpt>
      <trkpt lat="53.435085" lon="-1.867440"><ele>505.8</ele><time>2026-03-28T10:17:58.000Z</time></trkpt>
      <trkpt lat="53.435097" lon="-1.867432"><ele>505.4</ele><time>2026-03-28T10:17:59.000Z</time></trkpt>
      <trkpt lat="53.435110" lon="-1.867420"><ele>505.6</ele><time>2026-03-28T10:18:00.000Z</time></trkpt>
      <trkpt lat="53.435116" lon="-1.867411"><ele>505.4</ele><time>2026-03-28T10:18:01.000Z</time></trkpt>
      <trkpt lat="53.435130" lon="-1.867398"><ele>505.0</ele><time>2026-03-28T10:18:02.000Z</time></trkpt>
      <trkpt lat="53.435140" lon="-1.867386"><ele>505.0</ele><time>2026-03-28T10:18:03.000Z</time></trkpt>
      <trkpt lat="53.435150" lon="-1.867377"><ele>505.4</ele><time>2026-03-28T10:18:04.000Z</time></trkpt>
      <trkpt lat="53.435165" lon="-1.867366"><ele>505.6</ele><time>2026-03-28T10:18:05.000Z</time></trkpt>
      <trkpt lat="53.435177" lon="-1.867358"><ele>505.2</ele><time>2026-03-28T10:18:06.000Z</time></trkpt>
      <trkpt lat="53.435184" lon="-1.867349"><ele>505.0</ele><time>2026-03-28T10:18:07.000Z</time></trkpt>
      <trkpt lat="53.435196" lon="-1.867342"><ele>505.0</ele><time>2026-03-28T10:18:08.000Z</time></trkpt>
      <trkpt lat="53.435207" lon="-1.867332"><ele>504.8</ele><time>2026-03-28T10:18:09.000Z</time></trkpt>
      <trkpt lat="53.435220" lon="-1.867324"><ele>505.0</ele><time>2026-03-28T10:18:10.000Z</time></trkpt>
      <trkpt lat="53.435234" lon="-1.867311"><ele>504.8</ele><time>2026-03-28T10:18:11.000Z</time></trkpt>
      <trkpt lat="53.435246" lon="-1.867305"><ele>505.2</ele><time>2026-03-28T10:18:12.000Z</time></trkpt>
      <trkpt lat="53.435260" lon="-1.867295"><ele>505.2</ele><time>2026-03-28T10:18:13.000Z</time></trkpt>
      <trkpt lat="53.435272" lon="-1.867283"><ele>505.4</ele><time>2026-03-28T10:18:14.000Z</time></trkpt>
      <trkpt lat="53.435284" lon="-1.867268"><ele>505.2</ele><time>2026-03-28T10:18:15.000Z</time></trkpt>
      <trkpt lat="53.435295" lon="-1.867259"><ele>505.6</ele><time>2026-03-28T10:18:16.000Z</time></trkpt>
      <trkpt lat="53.435307" lon="-1.867248"><ele>505.4</ele><time>2026-03-28T10:18:17.000Z</time></trkpt>
      <trkpt lat="53.435320" lon="-1.867238"><ele>505.2</ele><time>2026-03-28T10:18:18.000Z</time></trkpt>
      <trkpt lat="53.435330" lon="-1.867228"><ele>505.0</ele><time>2026-03-28T10:18:19.000Z</time></trkpt>
      <trkpt lat="53.435340" lon="-1.867217"><ele>505.4</ele><time>2026-03-28T10:18:20.000Z</time></trkpt>
      <trkpt lat="53.435352" lon="-1.867208"><ele>505.6</ele><time>2026-03-28T10:18:21.000Z</time></trkpt>
      <trkpt lat="53.435368" lon="-1.867196"><ele>505.8</ele><time>2026-03-28T10:18:22.000Z</time></trkpt>
      <trkpt lat="53.435375" lon="-1.867185"><ele>505.2</ele><time>2026-03-28T10:18:23.000Z</time></trkpt>
      <trkpt lat="53.435387" lon="-1.867172"><ele>505.4</ele><time>2026-03-28T10:18:24.000Z</time></trkpt>
      <trkpt lat="53.435400" lon="-1.867163"><ele>505.4</ele><time>2026-03-28T10:18:25.000Z</time></trkpt>
      <trkpt lat="53.435410" lon="-1.867158"><ele>505.4</ele><time>2026-03-28T10:18:26.000Z</time></trkpt>
      <trkpt lat="53.435410" lon="-1.867156"><ele>505.6</ele><time>2026-03-28T10:18:27.000Z</time></trkpt>
      <trkpt lat="53.435406" lon="-1.867158"><ele>505.4</ele><time>2026-03-28T10:18:28.000Z</time></trkpt>
      <trkpt lat="53.435406" lon="-1.867157"><ele>505.4</ele><time>2026-03-28T10:18:29.000Z</time></trkpt>
      <trkpt lat="53.435406" lon="-1.867157"><ele>505.4</ele><time>2026-03-28T10:18:30.000Z</time></trkpt>
      <trkpt lat="53.435420" lon="-1.867143"><ele>505.4</ele><time>2026-03-28T10:18:31.000Z</time></trkpt>
      <trkpt lat="53.435440" lon="-1.867134"><ele>505.0</ele><time>2026-03-28T10:18:32.000Z</time></trkpt>
      <trkpt lat="53.435448" lon="-1.867124"><ele>505.4</ele><time>2026-03-28T10:18:33.000Z</time></trkpt>
      <trkpt lat="53.435463" lon="-1.867118"><ele>505.4</ele><time>2026-03-28T10:18:34.000Z</time></trkpt>
      <trkpt lat="53.435474" lon="-1.867110"><ele>505.2</ele><time>2026-03-28T10:18:35.000Z</time></trkpt>
      <trkpt lat="53.435486" lon="-1.867101"><ele>505.8</ele><time>2026-03-28T10:18:36.000Z</time></trkpt>
      <trkpt lat="53.435497" lon="-1.867089"><ele>505.4</ele><time>2026-03-28T10:18:37.000Z</time></trkpt>
      <trkpt lat="53.435510" lon="-1.867078"><ele>505.2</ele><time>2026-03-28T10:18:38.000Z</time></trkpt>
      <trkpt lat="53.435520" lon="-1.867071"><ele>505.6</ele><time>2026-03-28T10:18:39.000Z</time></trkpt>
      <trkpt lat="53.435530" lon="-1.867059"><ele>506.4</ele><time>2026-03-28T10:18:40.000Z</time></trkpt>
      <trkpt lat="53.435543" lon="-1.867052"><ele>506.2</ele><time>2026-03-28T10:18:41.000Z</time></trkpt>
      <trkpt lat="53.435560" lon="-1.867039"><ele>506.2</ele><time>2026-03-28T10:18:42.000Z</time></trkpt>
      <trkpt lat="53.435570" lon="-1.867031"><ele>505.8</ele><time>2026-03-28T10:18:43.000Z</time></trkpt>
      <trkpt lat="53.435580" lon="-1.867017"><ele>506.4</ele><time>2026-03-28T10:18:44.000Z</time></trkpt>
      <trkpt lat="53.435593" lon="-1.867009"><ele>506.2</ele><time>2026-03-28T10:18:45.000Z</time></trkpt>
      <trkpt lat="53.435604" lon="-1.867002"><ele>506.4</ele><time>2026-03-28T10:18:46.000Z</time></trkpt>
      <trkpt lat="53.435616" lon="-1.866994"><ele>506.2</ele><time>2026-03-28T10:18:47.000Z</time></trkpt>
      <trkpt lat="53.435627" lon="-1.866983"><ele>506.4</ele><time>2026-03-28T10:18:48.000Z</time></trkpt>
      <trkpt lat="53.435640" lon="-1.866974"><ele>506.4</ele><time>2026-03-28T10:18:49.000Z</time></trkpt>
      <trkpt lat="53.435650" lon="-1.866965"><ele>506.6</ele><time>2026-03-28T10:18:50.000Z</time></trkpt>
      <trkpt lat="53.435660" lon="-1.866956"><ele>506.6</ele><time>2026-03-28T10:18:51.000Z</time></trkpt>
      <trkpt lat="53.435673" lon="-1.866948"><ele>506.4</ele><time>2026-03-28T10:18:52.000Z</time></trkpt>
      <trkpt lat="53.435688" lon="-1.866939"><ele>506.4</ele><time>2026-03-28T10:18:53.000Z</time></trkpt>
      <trkpt lat="53.435700" lon="-1.866933"><ele>506.6</ele><time>2026-03-28T10:18:54.000Z</time></trkpt>
      <trkpt lat="53.435710" lon="-1.866927"><ele>506.2</ele><time>2026-03-28T10:18:55.000Z</time></trkpt>
      <trkpt lat="53.435726" lon="-1.866918"><ele>507.0</ele><time>2026-03-28T10:18:56.000Z</time></trkpt>
      <trkpt lat="53.435738" lon="-1.866911"><ele>506.8</ele><time>2026-03-28T10:18:57.000Z</time></trkpt>
      <trkpt lat="53.435750" lon="-1.866903"><ele>506.4</ele><time>2026-03-28T10:18:58.000Z</time></trkpt>
      <trkpt lat="53.435753" lon="-1.866898"><ele>506.4</ele><time>2026-03-28T10:18:59.000Z</time></trkpt>
      <trkpt lat="53.435764" lon="-1.866892"><ele>506.4</ele><time>2026-03-28T10:19:00.000Z</time></trkpt>
      <trkpt lat="53.435772" lon="-1.866886"><ele>506.6</ele><time>2026-03-28T10:19:01.000Z</time></trkpt>
      <trkpt lat="53.435787" lon="-1.866878"><ele>506.4</ele><time>2026-03-28T10:19:02.000Z</time></trkpt>
      <trkpt lat="53.435800" lon="-1.866869"><ele>506.2</ele><time>2026-03-28T10:19:03.000Z</time></trkpt>
      <trkpt lat="53.435810" lon="-1.866862"><ele>506.6</ele><time>2026-03-28T10:19:04.000Z</time></trkpt>
      <trkpt lat="53.435825" lon="-1.866854"><ele>506.8</ele><time>2026-03-28T10:19:05.000Z</time></trkpt>
      <trkpt lat="53.435837" lon="-1.866846"><ele>507.2</ele><time>2026-03-28T10:19:06.000Z</time></trkpt>
      <trkpt lat="53.435844" lon="-1.866834"><ele>506.6</ele><time>2026-03-28T10:19:07.000Z</time></trkpt>
      <trkpt lat="53.435860" lon="-1.866825"><ele>506.6</ele><time>2026-03-28T10:19:08.000Z</time></trkpt>
      <trkpt lat="53.435870" lon="-1.866817"><ele>506.4</ele><time>2026-03-28T10:19:09.000Z</time></trkpt>
      <trkpt lat="53.435883" lon="-1.866809"><ele>506.6</ele><time>2026-03-28T10:19:10.000Z</time></trkpt>
      <trkpt lat="53.435898" lon="-1.866800"><ele>507.0</ele><time>2026-03-28T10:19:11.000Z</time></trkpt>
      <trkpt lat="53.435910" lon="-1.866794"><ele>506.8</ele><time>2026-03-28T10:19:12.000Z</time></trkpt>
      <trkpt lat="53.435920" lon="-1.866786"><ele>506.8</ele><time>2026-03-28T10:19:13.000Z</time></trkpt>
      <trkpt lat="53.435932" lon="-1.866778"><ele>506.6</ele><time>2026-03-28T10:19:14.000Z</time></trkpt>
      <trkpt lat="53.435944" lon="-1.866774"><ele>506.6</ele><time>2026-03-28T10:19:15.000Z</time></trkpt>
      <trkpt lat="53.435955" lon="-1.866764"><ele>506.8</ele><time>2026-03-28T10:19:16.000Z</time></trkpt>
      <trkpt lat="53.435970" lon="-1.866754"><ele>507.2</ele><time>2026-03-28T10:19:17.000Z</time></trkpt>
      <trkpt lat="53.435978" lon="-1.866745"><ele>507.4</ele><time>2026-03-28T10:19:18.000Z</time></trkpt>
      <trkpt lat="53.435990" lon="-1.866736"><ele>507.6</ele><time>2026-03-28T10:19:19.000Z</time></trkpt>
      <trkpt lat="53.436000" lon="-1.866726"><ele>507.4</ele><time>2026-03-28T10:19:20.000Z</time></trkpt>
      <trkpt lat="53.436012" lon="-1.866714"><ele>507.2</ele><time>2026-03-28T10:19:21.000Z</time></trkpt>
      <trkpt lat="53.436024" lon="-1.866705"><ele>507.4</ele><time>2026-03-28T10:19:22.000Z</time></trkpt>
      <trkpt lat="53.436035" lon="-1.866701"><ele>507.6</ele><time>2026-03-28T10:19:23.000Z</time></trkpt>
      <trkpt lat="53.436047" lon="-1.866693"><ele>507.4</ele><time>2026-03-28T10:19:24.000Z</time></trkpt>
      <trkpt lat="53.436058" lon="-1.866683"><ele>507.6</ele><time>2026-03-28T10:19:25.000Z</time></trkpt>
      <trkpt lat="53.436070" lon="-1.866672"><ele>507.8</ele><time>2026-03-28T10:19:26.000Z</time></trkpt>
      <trkpt lat="53.436077" lon="-1.866664"><ele>507.6</ele><time>2026-03-28T10:19:27.000Z</time></trkpt>
      <trkpt lat="53.436092" lon="-1.866656"><ele>507.6</ele><time>2026-03-28T10:19:28.000Z</time></trkpt>
      <trkpt lat="53.436100" lon="-1.866649"><ele>507.8</ele><time>2026-03-28T10:19:29.000Z</time></trkpt>
      <trkpt lat="53.436115" lon="-1.866638"><ele>507.8</ele><time>2026-03-28T10:19:30.000Z</time></trkpt>
      <trkpt lat="53.436127" lon="-1.866629"><ele>508.0</ele><time>2026-03-28T10:19:31.000Z</time></trkpt>
      <trkpt lat="53.436140" lon="-1.866625"><ele>508.2</ele><time>2026-03-28T10:19:32.000Z</time></trkpt>
      <trkpt lat="53.436150" lon="-1.866617"><ele>508.0</ele><time>2026-03-28T10:19:33.000Z</time></trkpt>
      <trkpt lat="53.436157" lon="-1.866610"><ele>507.6</ele><time>2026-03-28T10:19:34.000Z</time></trkpt>
      <trkpt lat="53.436172" lon="-1.866604"><ele>507.6</ele><time>2026-03-28T10:19:35.000Z</time></trkpt>
      <trkpt lat="53.436184" lon="-1.866598"><ele>507.8</ele><time>2026-03-28T10:19:36.000Z</time></trkpt>
      <trkpt lat="53.436200" lon="-1.866587"><ele>508.0</ele><time>2026-03-28T10:19:37.000Z</time></trkpt>
      <trkpt lat="53.436210" lon="-1.866581"><ele>508.0</ele><time>2026-03-28T10:19:38.000Z</time></trkpt>
      <trkpt lat="53.436222" lon="-1.866572"><ele>507.8</ele><time>2026-03-28T10:19:39.000Z</time></trkpt>
      <trkpt lat="53.436237" lon="-1.866566"><ele>507.6</ele><time>2026-03-28T10:19:40.000Z</time></trkpt>
      <trkpt lat="53.436250" lon="-1.866556"><ele>507.6</ele><time>2026-03-28T10:19:41.000Z</time></trkpt>
      <trkpt lat="53.436260" lon="-1.866550"><ele>507.6</ele><time>2026-03-28T10:19:42.000Z</time></trkpt>
      <trkpt lat="53.436275" lon="-1.866545"><ele>507.8</ele><time>2026-03-28T10:19:43.000Z</time></trkpt>
      <trkpt lat="53.436287" lon="-1.866538"><ele>507.8</ele><time>2026-03-28T10:19:44.000Z</time></trkpt>
      <trkpt lat="53.436300" lon="-1.866530"><ele>507.6</ele><time>2026-03-28T10:19:45.000Z</time></trkpt>
      <trkpt lat="53.436314" lon="-1.866524"><ele>507.4</ele><time>2026-03-28T10:19:46.000Z</time></trkpt>
      <trkpt lat="53.436320" lon="-1.866518"><ele>507.6</ele><time>2026-03-28T10:19:47.000Z</time></trkpt>
      <trkpt lat="53.436337" lon="-1.866513"><ele>507.4</ele><time>2026-03-28T10:19:48.000Z</time></trkpt>
      <trkpt lat="53.436348" lon="-1.866505"><ele>507.4</ele><time>2026-03-28T10:19:49.000Z</time></trkpt>
      <trkpt lat="53.436360" lon="-1.866498"><ele>507.6</ele><time>2026-03-28T10:19:50.000Z</time></trkpt>
      <trkpt lat="53.436370" lon="-1.866486"><ele>507.6</ele><time>2026-03-28T10:19:51.000Z</time></trkpt>
      <trkpt lat="53.436382" lon="-1.866475"><ele>507.4</ele><time>2026-03-28T10:19:52.000Z</time></trkpt>
      <trkpt lat="53.436398" lon="-1.866468"><ele>507.6</ele><time>2026-03-28T10:19:53.000Z</time></trkpt>
      <trkpt lat="53.436410" lon="-1.866462"><ele>507.4</ele><time>2026-03-28T10:19:54.000Z</time></trkpt>
      <trkpt lat="53.436420" lon="-1.866454"><ele>507.2</ele><time>2026-03-28T10:19:55.000Z</time></trkpt>
      <trkpt lat="53.436430" lon="-1.866442"><ele>507.0</ele><time>2026-03-28T10:19:56.000Z</time></trkpt>
      <trkpt lat="53.436443" lon="-1.866437"><ele>507.2</ele><time>2026-03-28T10:19:57.000Z</time></trkpt>
      <trkpt lat="53.436455" lon="-1.866431"><ele>507.0</ele><time>2026-03-28T10:19:58.000Z</time></trkpt>
      <trkpt lat="53.436470" lon="-1.866418"><ele>507.0</ele><time>2026-03-28T10:19:59.000Z</time></trkpt>
      <trkpt lat="53.436478" lon="-1.866416"><ele>507.0</ele><time>2026-03-28T10:20:00.000Z</time></trkpt>
      <trkpt lat="53.436490" lon="-1.866407"><ele>506.4</ele><time>2026-03-28T10:20:01.000Z</time></trkpt>
      <trkpt lat="53.436500" lon="-1.866400"><ele>506.4</ele><time>2026-03-28T10:20:02.000Z</time></trkpt>
      <trkpt lat="53.436512" lon="-1.866388"><ele>506.4</ele><time>2026-03-28T10:20:03.000Z</time></trkpt>
      <trkpt lat="53.436523" lon="-1.866378"><ele>506.2</ele><time>2026-03-28T10:20:04.000Z</time></trkpt>
      <trkpt lat="53.436535" lon="-1.866371"><ele>505.8</ele><time>2026-03-28T10:20:05.000Z</time></trkpt>
      <trkpt lat="53.436546" lon="-1.866363"><ele>506.0</ele><time>2026-03-28T10:20:06.000Z</time></trkpt>
      <trkpt lat="53.436560" lon="-1.866357"><ele>506.2</ele><time>2026-03-28T10:20:07.000Z</time></trkpt>
      <trkpt lat="53.436570" lon="-1.866348"><ele>506.0</ele><time>2026-03-28T10:20:08.000Z</time></trkpt>
      <trkpt lat="53.436580" lon="-1.866334"><ele>506.2</ele><time>2026-03-28T10:20:09.000Z</time></trkpt>
      <trkpt lat="53.436592" lon="-1.866325"><ele>506.4</ele><time>2026-03-28T10:20:10.000Z</time></trkpt>
      <trkpt lat="53.436604" lon="-1.866314"><ele>506.6</ele><time>2026-03-28T10:20:11.000Z</time></trkpt>
      <trkpt lat="53.436620" lon="-1.866301"><ele>506.4</ele><time>2026-03-28T10:20:12.000Z</time></trkpt>
      <trkpt lat="53.436626" lon="-1.866290"><ele>506.4</ele><time>2026-03-28T10:20:13.000Z</time></trkpt>
      <trkpt lat="53.436638" lon="-1.866280"><ele>506.2</ele><time>2026-03-28T10:20:14.000Z</time></trkpt>
      <trkpt lat="53.436650" lon="-1.866268"><ele>506.4</ele><time>2026-03-28T10:20:15.000Z</time></trkpt>
      <trkpt lat="53.436660" lon="-1.866255"><ele>506.4</ele><time>2026-03-28T10:20:16.000Z</time></trkpt>
      <trkpt lat="53.436672" lon="-1.866243"><ele>507.0</ele><time>2026-03-28T10:20:17.000Z</time></trkpt>
      <trkpt lat="53.436687" lon="-1.866234"><ele>507.2</ele><time>2026-03-28T10:20:18.000Z</time></trkpt>
      <trkpt lat="53.436695" lon="-1.866221"><ele>507.4</ele><time>2026-03-28T10:20:19.000Z</time></trkpt>
      <trkpt lat="53.436707" lon="-1.866212"><ele>507.6</ele><time>2026-03-28T10:20:20.000Z</time></trkpt>
      <trkpt lat="53.436720" lon="-1.866203"><ele>507.4</ele><time>2026-03-28T10:20:21.000Z</time></trkpt>
      <trkpt lat="53.436730" lon="-1.866197"><ele>507.4</ele><time>2026-03-28T10:20:22.000Z</time></trkpt>
      <trkpt lat="53.436745" lon="-1.866195"><ele>507.6</ele><time>2026-03-28T10:20:23.000Z</time></trkpt>
      <trkpt lat="53.436760" lon="-1.866197"><ele>508.4</ele><time>2026-03-28T10:20:24.000Z</time></trkpt>
      <trkpt lat="53.436770" lon="-1.866195"><ele>508.6</ele><time>2026-03-28T10:20:25.000Z</time></trkpt>
      <trkpt lat="53.436783" lon="-1.866190"><ele>509.0</ele><time>2026-03-28T10:20:26.000Z</time></trkpt>
      <trkpt lat="53.436794" lon="-1.866181"><ele>509.2</ele><time>2026-03-28T10:20:27.000Z</time></trkpt>
      <trkpt lat="53.436810" lon="-1.866173"><ele>509.6</ele><time>2026-03-28T10:20:28.000Z</time></trkpt>
      <trkpt lat="53.436817" lon="-1.866162"><ele>509.4</ele><time>2026-03-28T10:20:29.000Z</time></trkpt>
      <trkpt lat="53.436825" lon="-1.866150"><ele>510.0</ele><time>2026-03-28T10:20:30.000Z</time></trkpt>
      <trkpt lat="53.436836" lon="-1.866136"><ele>510.2</ele><time>2026-03-28T10:20:31.000Z</time></trkpt>
      <trkpt lat="53.436848" lon="-1.866121"><ele>510.2</ele><time>2026-03-28T10:20:32.000Z</time></trkpt>
      <trkpt lat="53.436860" lon="-1.866108"><ele>510.2</ele><time>2026-03-28T10:20:33.000Z</time></trkpt>
      <trkpt lat="53.436867" lon="-1.866091"><ele>510.0</ele><time>2026-03-28T10:20:34.000Z</time></trkpt>
      <trkpt lat="53.436874" lon="-1.866071"><ele>509.8</ele><time>2026-03-28T10:20:35.000Z</time></trkpt>
      <trkpt lat="53.436882" lon="-1.866049"><ele>510.0</ele><time>2026-03-28T10:20:36.000Z</time></trkpt>
      <trkpt lat="53.436890" lon="-1.866032"><ele>510.0</ele><time>2026-03-28T10:20:37.000Z</time></trkpt>
      <trkpt lat="53.436900" lon="-1.866012"><ele>509.6</ele><time>2026-03-28T10:20:38.000Z</time></trkpt>
      <trkpt lat="53.436905" lon="-1.865990"><ele>509.8</ele><time>2026-03-28T10:20:39.000Z</time></trkpt>
      <trkpt lat="53.436913" lon="-1.865973"><ele>509.8</ele><time>2026-03-28T10:20:40.000Z</time></trkpt>
      <trkpt lat="53.436924" lon="-1.865957"><ele>509.6</ele><time>2026-03-28T10:20:41.000Z</time></trkpt>
      <trkpt lat="53.436930" lon="-1.865941"><ele>509.8</ele><time>2026-03-28T10:20:42.000Z</time></trkpt>
      <trkpt lat="53.436940" lon="-1.865925"><ele>510.4</ele><time>2026-03-28T10:20:43.000Z</time></trkpt>
      <trkpt lat="53.436950" lon="-1.865913"><ele>510.4</ele><time>2026-03-28T10:20:44.000Z</time></trkpt>
      <trkpt lat="53.436960" lon="-1.865898"><ele>510.2</ele><time>2026-03-28T10:20:45.000Z</time></trkpt>
      <trkpt lat="53.436970" lon="-1.865883"><ele>510.4</ele><time>2026-03-28T10:20:46.000Z</time></trkpt>
      <trkpt lat="53.436980" lon="-1.865869"><ele>510.4</ele><time>2026-03-28T10:20:47.000Z</time></trkpt>
      <trkpt lat="53.436990" lon="-1.865857"><ele>510.0</ele><time>2026-03-28T10:20:48.000Z</time></trkpt>
      <trkpt lat="53.437000" lon="-1.865839"><ele>510.4</ele><time>2026-03-28T10:20:49.000Z</time></trkpt>
      <trkpt lat="53.437010" lon="-1.865827"><ele>510.6</ele><time>2026-03-28T10:20:50.000Z</time></trkpt>
      <trkpt lat="53.437023" lon="-1.865815"><ele>510.0</ele><time>2026-03-28T10:20:51.000Z</time></trkpt>
      <trkpt lat="53.437035" lon="-1.865797"><ele>510.2</ele><time>2026-03-28T10:20:52.000Z</time></trkpt>
      <trkpt lat="53.437042" lon="-1.865786"><ele>510.4</ele><time>2026-03-28T10:20:53.000Z</time></trkpt>
      <trkpt lat="53.437050" lon="-1.865769"><ele>510.4</ele><time>2026-03-28T10:20:54.000Z</time></trkpt>
      <trkpt lat="53.437060" lon="-1.865755"><ele>510.2</ele><time>2026-03-28T10:20:55.000Z</time></trkpt>
      <trkpt lat="53.437077" lon="-1.865741"><ele>510.4</ele><time>2026-03-28T10:20:56.000Z</time></trkpt>
      <trkpt lat="53.437084" lon="-1.865726"><ele>510.6</ele><time>2026-03-28T10:20:57.000Z</time></trkpt>
      <trkpt lat="53.437090" lon="-1.865712"><ele>510.6</ele><time>2026-03-28T10:20:58.000Z</time></trkpt>
      <trkpt lat="53.437103" lon="-1.865695"><ele>510.4</ele><time>2026-03-28T10:20:59.000Z</time></trkpt>
      <trkpt lat="53.437115" lon="-1.865684"><ele>510.4</ele><time>2026-03-28T10:21:00.000Z</time></trkpt>
      <trkpt lat="53.437122" lon="-1.865668"><ele>510.6</ele><time>2026-03-28T10:21:01.000Z</time></trkpt>
      <trkpt lat="53.437134" lon="-1.865653"><ele>510.4</ele><time>2026-03-28T10:21:02.000Z</time></trkpt>
      <trkpt lat="53.437145" lon="-1.865638"><ele>510.6</ele><time>2026-03-28T10:21:03.000Z</time></trkpt>
      <trkpt lat="53.437153" lon="-1.865630"><ele>511.0</ele><time>2026-03-28T10:21:04.000Z</time></trkpt>
      <trkpt lat="53.437164" lon="-1.865613"><ele>511.2</ele><time>2026-03-28T10:21:05.000Z</time></trkpt>
      <trkpt lat="53.437172" lon="-1.865598"><ele>511.2</ele><time>2026-03-28T10:21:06.000Z</time></trkpt>
      <trkpt lat="53.437183" lon="-1.865587"><ele>511.2</ele><time>2026-03-28T10:21:07.000Z</time></trkpt>
      <trkpt lat="53.437190" lon="-1.865575"><ele>511.2</ele><time>2026-03-28T10:21:08.000Z</time></trkpt>
      <trkpt lat="53.437206" lon="-1.865561"><ele>511.2</ele><time>2026-03-28T10:21:09.000Z</time></trkpt>
      <trkpt lat="53.437214" lon="-1.865548"><ele>511.2</ele><time>2026-03-28T10:21:10.000Z</time></trkpt>
      <trkpt lat="53.437225" lon="-1.865539"><ele>511.2</ele><time>2026-03-28T10:21:11.000Z</time></trkpt>
      <trkpt lat="53.437237" lon="-1.865528"><ele>511.2</ele><time>2026-03-28T10:21:12.000Z</time></trkpt>
      <trkpt lat="53.437250" lon="-1.865513"><ele>511.4</ele><time>2026-03-28T10:21:13.000Z</time></trkpt>
      <trkpt lat="53.437256" lon="-1.865500"><ele>511.4</ele><time>2026-03-28T10:21:14.000Z</time></trkpt>
      <trkpt lat="53.437267" lon="-1.865487"><ele>511.4</ele><time>2026-03-28T10:21:15.000Z</time></trkpt>
      <trkpt lat="53.437280" lon="-1.865477"><ele>511.0</ele><time>2026-03-28T10:21:16.000Z</time></trkpt>
      <trkpt lat="53.437286" lon="-1.865466"><ele>511.4</ele><time>2026-03-28T10:21:17.000Z</time></trkpt>
      <trkpt lat="53.437298" lon="-1.865456"><ele>511.2</ele><time>2026-03-28T10:21:18.000Z</time></trkpt>
      <trkpt lat="53.437310" lon="-1.865444"><ele>511.2</ele><time>2026-03-28T10:21:19.000Z</time></trkpt>
      <trkpt lat="53.437320" lon="-1.865429"><ele>511.2</ele><time>2026-03-28T10:21:20.000Z</time></trkpt>
      <trkpt lat="53.437332" lon="-1.865417"><ele>511.2</ele><time>2026-03-28T10:21:21.000Z</time></trkpt>
      <trkpt lat="53.437344" lon="-1.865404"><ele>511.0</ele><time>2026-03-28T10:21:22.000Z</time></trkpt>
      <trkpt lat="53.437355" lon="-1.865396"><ele>511.0</ele><time>2026-03-28T10:21:23.000Z</time></trkpt>
      <trkpt lat="53.437366" lon="-1.865383"><ele>511.2</ele><time>2026-03-28T10:21:24.000Z</time></trkpt>
      <trkpt lat="53.437374" lon="-1.865376"><ele>511.2</ele><time>2026-03-28T10:21:25.000Z</time></trkpt>
      <trkpt lat="53.437386" lon="-1.865368"><ele>511.4</ele><time>2026-03-28T10:21:26.000Z</time></trkpt>
      <trkpt lat="53.437397" lon="-1.865357"><ele>511.6</ele><time>2026-03-28T10:21:27.000Z</time></trkpt>
      <trkpt lat="53.437412" lon="-1.865344"><ele>511.6</ele><time>2026-03-28T10:21:28.000Z</time></trkpt>
      <trkpt lat="53.437420" lon="-1.865336"><ele>510.6</ele><time>2026-03-28T10:21:29.000Z</time></trkpt>
      <trkpt lat="53.437430" lon="-1.865324"><ele>511.0</ele><time>2026-03-28T10:21:30.000Z</time></trkpt>
      <trkpt lat="53.437443" lon="-1.865312"><ele>511.2</ele><time>2026-03-28T10:21:31.000Z</time></trkpt>
      <trkpt lat="53.437454" lon="-1.865299"><ele>511.0</ele><time>2026-03-28T10:21:32.000Z</time></trkpt>
      <trkpt lat="53.437466" lon="-1.865292"><ele>511.2</ele><time>2026-03-28T10:21:33.000Z</time></trkpt>
      <trkpt lat="53.437473" lon="-1.865283"><ele>511.4</ele><time>2026-03-28T10:21:34.000Z</time></trkpt>
      <trkpt lat="53.437485" lon="-1.865280"><ele>511.0</ele><time>2026-03-28T10:21:35.000Z</time></trkpt>
      <trkpt lat="53.437492" lon="-1.865270"><ele>510.8</ele><time>2026-03-28T10:21:36.000Z</time></trkpt>
      <trkpt lat="53.437504" lon="-1.865258"><ele>511.0</ele><time>2026-03-28T10:21:37.000Z</time></trkpt>
      <trkpt lat="53.437515" lon="-1.865245"><ele>510.8</ele><time>2026-03-28T10:21:38.000Z</time></trkpt>
      <trkpt lat="53.437523" lon="-1.865235"><ele>511.0</ele><time>2026-03-28T10:21:39.000Z</time></trkpt>
      <trkpt lat="53.437534" lon="-1.865222"><ele>511.0</ele><time>2026-03-28T10:21:40.000Z</time></trkpt>
      <trkpt lat="53.437546" lon="-1.865212"><ele>511.0</ele><time>2026-03-28T10:21:41.000Z</time></trkpt>
      <trkpt lat="53.437553" lon="-1.865203"><ele>511.4</ele><time>2026-03-28T10:21:42.000Z</time></trkpt>
      <trkpt lat="53.437560" lon="-1.865189"><ele>511.0</ele><time>2026-03-28T10:21:43.000Z</time></trkpt>
      <trkpt lat="53.437572" lon="-1.865178"><ele>510.8</ele><time>2026-03-28T10:21:44.000Z</time></trkpt>
      <trkpt lat="53.437584" lon="-1.865169"><ele>511.0</ele><time>2026-03-28T10:21:45.000Z</time></trkpt>
      <trkpt lat="53.437595" lon="-1.865152"><ele>511.2</ele><time>2026-03-28T10:21:46.000Z</time></trkpt>
      <trkpt lat="53.437607" lon="-1.865144"><ele>511.4</ele><time>2026-03-28T10:21:47.000Z</time></trkpt>
      <trkpt lat="53.437622" lon="-1.865128"><ele>511.6</ele><time>2026-03-28T10:21:48.000Z</time></trkpt>
      <trkpt lat="53.437634" lon="-1.865122"><ele>511.6</ele><time>2026-03-28T10:21:49.000Z</time></trkpt>
      <trkpt lat="53.437645" lon="-1.865105"><ele>511.4</ele><time>2026-03-28T10:21:50.000Z</time></trkpt>
      <trkpt lat="53.437653" lon="-1.865092"><ele>511.2</ele><time>2026-03-28T10:21:51.000Z</time></trkpt>
      <trkpt lat="53.437664" lon="-1.865080"><ele>511.4</ele><time>2026-03-28T10:21:52.000Z</time></trkpt>
      <trkpt lat="53.437675" lon="-1.865070"><ele>511.4</ele><time>2026-03-28T10:21:53.000Z</time></trkpt>
      <trkpt lat="53.437687" lon="-1.865055"><ele>511.2</ele><time>2026-03-28T10:21:54.000Z</time></trkpt>
      <trkpt lat="53.437695" lon="-1.865038"><ele>511.0</ele><time>2026-03-28T10:21:55.000Z</time></trkpt>
      <trkpt lat="53.437706" lon="-1.865028"><ele>511.6</ele><time>2026-03-28T10:21:56.000Z</time></trkpt>
      <trkpt lat="53.437717" lon="-1.865015"><ele>511.6</ele><time>2026-03-28T10:21:57.000Z</time></trkpt>
      <trkpt lat="53.437730" lon="-1.865004"><ele>511.4</ele><time>2026-03-28T10:21:58.000Z</time></trkpt>
      <trkpt lat="53.437737" lon="-1.864994"><ele>511.4</ele><time>2026-03-28T10:21:59.000Z</time></trkpt>
      <trkpt lat="53.437750" lon="-1.864985"><ele>511.6</ele><time>2026-03-28T10:22:00.000Z</time></trkpt>
      <trkpt lat="53.437763" lon="-1.864975"><ele>511.8</ele><time>2026-03-28T10:22:01.000Z</time></trkpt>
      <trkpt lat="53.437770" lon="-1.864967"><ele>511.6</ele><time>2026-03-28T10:22:02.000Z</time></trkpt>
      <trkpt lat="53.437782" lon="-1.864952"><ele>512.2</ele><time>2026-03-28T10:22:03.000Z</time></trkpt>
      <trkpt lat="53.437790" lon="-1.864941"><ele>512.2</ele><time>2026-03-28T10:22:04.000Z</time></trkpt>
      <trkpt lat="53.437798" lon="-1.864929"><ele>512.0</ele><time>2026-03-28T10:22:05.000Z</time></trkpt>
      <trkpt lat="53.437810" lon="-1.864918"><ele>512.2</ele><time>2026-03-28T10:22:06.000Z</time></trkpt>
      <trkpt lat="53.437820" lon="-1.864905"><ele>512.4</ele><time>2026-03-28T10:22:07.000Z</time></trkpt>
      <trkpt lat="53.437830" lon="-1.864894"><ele>512.4</ele><time>2026-03-28T10:22:08.000Z</time></trkpt>
      <trkpt lat="53.437843" lon="-1.864882"><ele>512.4</ele><time>2026-03-28T10:22:09.000Z</time></trkpt>
      <trkpt lat="53.437850" lon="-1.864866"><ele>512.6</ele><time>2026-03-28T10:22:10.000Z</time></trkpt>
      <trkpt lat="53.437862" lon="-1.864856"><ele>512.4</ele><time>2026-03-28T10:22:11.000Z</time></trkpt>
      <trkpt lat="53.437870" lon="-1.864843"><ele>512.4</ele><time>2026-03-28T10:22:12.000Z</time></trkpt>
      <trkpt lat="53.437885" lon="-1.864831"><ele>512.2</ele><time>2026-03-28T10:22:13.000Z</time></trkpt>
      <trkpt lat="53.437893" lon="-1.864820"><ele>512.2</ele><time>2026-03-28T10:22:14.000Z</time></trkpt>
      <trkpt lat="53.437904" lon="-1.864808"><ele>512.4</ele><time>2026-03-28T10:22:15.000Z</time></trkpt>
      <trkpt lat="53.437912" lon="-1.864791"><ele>512.2</ele><time>2026-03-28T10:22:16.000Z</time></trkpt>
      <trkpt lat="53.437920" lon="-1.864776"><ele>512.6</ele><time>2026-03-28T10:22:17.000Z</time></trkpt>
      <trkpt lat="53.437935" lon="-1.864763"><ele>512.6</ele><time>2026-03-28T10:22:18.000Z</time></trkpt>
      <trkpt lat="53.437943" lon="-1.864753"><ele>512.4</ele><time>2026-03-28T10:22:19.000Z</time></trkpt>
      <trkpt lat="53.437954" lon="-1.864737"><ele>512.2</ele><time>2026-03-28T10:22:20.000Z</time></trkpt>
      <trkpt lat="53.437960" lon="-1.864722"><ele>512.0</ele><time>2026-03-28T10:22:21.000Z</time></trkpt>
      <trkpt lat="53.437973" lon="-1.864708"><ele>512.2</ele><time>2026-03-28T10:22:22.000Z</time></trkpt>
      <trkpt lat="53.437984" lon="-1.864697"><ele>512.2</ele><time>2026-03-28T10:22:23.000Z</time></trkpt>
      <trkpt lat="53.437996" lon="-1.864679"><ele>512.2</ele><time>2026-03-28T10:22:24.000Z</time></trkpt>
      <trkpt lat="53.438004" lon="-1.864665"><ele>512.4</ele><time>2026-03-28T10:22:25.000Z</time></trkpt>
      <trkpt lat="53.438015" lon="-1.864652"><ele>512.4</ele><time>2026-03-28T10:22:26.000Z</time></trkpt>
      <trkpt lat="53.438023" lon="-1.864636"><ele>512.0</ele><time>2026-03-28T10:22:27.000Z</time></trkpt>
      <trkpt lat="53.438034" lon="-1.864623"><ele>512.2</ele><time>2026-03-28T10:22:28.000Z</time></trkpt>
      <trkpt lat="53.438040" lon="-1.864604"><ele>512.6</ele><time>2026-03-28T10:22:29.000Z</time></trkpt>
      <trkpt lat="53.438050" lon="-1.864588"><ele>512.6</ele><time>2026-03-28T10:22:30.000Z</time></trkpt>
      <trkpt lat="53.438060" lon="-1.864574"><ele>512.4</ele><time>2026-03-28T10:22:31.000Z</time></trkpt>
      <trkpt lat="53.438070" lon="-1.864558"><ele>512.6</ele><time>2026-03-28T10:22:32.000Z</time></trkpt>
      <trkpt lat="53.438080" lon="-1.864540"><ele>512.8</ele><time>2026-03-28T10:22:33.000Z</time></trkpt>
      <trkpt lat="53.438087" lon="-1.864525"><ele>512.6</ele><time>2026-03-28T10:22:34.000Z</time></trkpt>
      <trkpt lat="53.438095" lon="-1.864506"><ele>513.0</ele><time>2026-03-28T10:22:35.000Z</time></trkpt>
      <trkpt lat="53.438107" lon="-1.864488"><ele>513.0</ele><time>2026-03-28T10:22:36.000Z</time></trkpt>
      <trkpt lat="53.438114" lon="-1.864469"><ele>512.8</ele><time>2026-03-28T10:22:37.000Z</time></trkpt>
      <trkpt lat="53.438120" lon="-1.864454"><ele>512.6</ele><time>2026-03-28T10:22:38.000Z</time></trkpt>
      <trkpt lat="53.438133" lon="-1.864434"><ele>513.0</ele><time>2026-03-28T10:22:39.000Z</time></trkpt>
      <trkpt lat="53.438140" lon="-1.864418"><ele>513.2</ele><time>2026-03-28T10:22:40.000Z</time></trkpt>
      <trkpt lat="53.438150" lon="-1.864400"><ele>513.4</ele><time>2026-03-28T10:22:41.000Z</time></trkpt>
      <trkpt lat="53.438156" lon="-1.864385"><ele>513.2</ele><time>2026-03-28T10:22:42.000Z</time></trkpt>
      <trkpt lat="53.438164" lon="-1.864369"><ele>513.0</ele><time>2026-03-28T10:22:43.000Z</time></trkpt>
      <trkpt lat="53.438170" lon="-1.864353"><ele>513.6</ele><time>2026-03-28T10:22:44.000Z</time></trkpt>
      <trkpt lat="53.438183" lon="-1.864341"><ele>513.8</ele><time>2026-03-28T10:22:45.000Z</time></trkpt>
      <trkpt lat="53.438194" lon="-1.864321"><ele>513.6</ele><time>2026-03-28T10:22:46.000Z</time></trkpt>
      <trkpt lat="53.438200" lon="-1.864308"><ele>513.8</ele><time>2026-03-28T10:22:47.000Z</time></trkpt>
      <trkpt lat="53.438213" lon="-1.864289"><ele>513.6</ele><time>2026-03-28T10:22:48.000Z</time></trkpt>
      <trkpt lat="53.438220" lon="-1.864275"><ele>513.6</ele><time>2026-03-28T10:22:49.000Z</time></trkpt>
      <trkpt lat="53.438230" lon="-1.864259"><ele>513.8</ele><time>2026-03-28T10:22:50.000Z</time></trkpt>
      <trkpt lat="53.438236" lon="-1.864247"><ele>513.6</ele><time>2026-03-28T10:22:51.000Z</time></trkpt>
      <trkpt lat="53.438248" lon="-1.864229"><ele>513.6</ele><time>2026-03-28T10:22:52.000Z</time></trkpt>
      <trkpt lat="53.438255" lon="-1.864215"><ele>513.6</ele><time>2026-03-28T10:22:53.000Z</time></trkpt>
      <trkpt lat="53.438270" lon="-1.864201"><ele>513.6</ele><time>2026-03-28T10:22:54.000Z</time></trkpt>
      <trkpt lat="53.438280" lon="-1.864191"><ele>513.6</ele><time>2026-03-28T10:22:55.000Z</time></trkpt>
      <trkpt lat="53.438290" lon="-1.864176"><ele>513.6</ele><time>2026-03-28T10:22:56.000Z</time></trkpt>
      <trkpt lat="53.438297" lon="-1.864165"><ele>513.2</ele><time>2026-03-28T10:22:57.000Z</time></trkpt>
      <trkpt lat="53.438310" lon="-1.864150"><ele>513.6</ele><time>2026-03-28T10:22:58.000Z</time></trkpt>
      <trkpt lat="53.438316" lon="-1.864137"><ele>513.8</ele><time>2026-03-28T10:22:59.000Z</time></trkpt>
      <trkpt lat="53.438328" lon="-1.864124"><ele>514.2</ele><time>2026-03-28T10:23:00.000Z</time></trkpt>
      <trkpt lat="53.438335" lon="-1.864112"><ele>513.8</ele><time>2026-03-28T10:23:01.000Z</time></trkpt>
      <trkpt lat="53.438347" lon="-1.864104"><ele>513.8</ele><time>2026-03-28T10:23:02.000Z</time></trkpt>
      <trkpt lat="53.438360" lon="-1.864089"><ele>514.0</ele><time>2026-03-28T10:23:03.000Z</time></trkpt>
      <trkpt lat="53.438370" lon="-1.864078"><ele>513.8</ele><time>2026-03-28T10:23:04.000Z</time></trkpt>
      <trkpt lat="53.438380" lon="-1.864061"><ele>514.2</ele><time>2026-03-28T10:23:05.000Z</time></trkpt>
      <trkpt lat="53.438390" lon="-1.864049"><ele>514.4</ele><time>2026-03-28T10:23:06.000Z</time></trkpt>
      <trkpt lat="53.438400" lon="-1.864029"><ele>514.0</ele><time>2026-03-28T10:23:07.000Z</time></trkpt>
      <trkpt lat="53.438408" lon="-1.864016"><ele>514.2</ele><time>2026-03-28T10:23:08.000Z</time></trkpt>
      <trkpt lat="53.438416" lon="-1.864002"><ele>514.2</ele><time>2026-03-28T10:23:09.000Z</time></trkpt>
      <trkpt lat="53.438427" lon="-1.863988"><ele>514.2</ele><time>2026-03-28T10:23:10.000Z</time></trkpt>
      <trkpt lat="53.438435" lon="-1.863974"><ele>514.0</ele><time>2026-03-28T10:23:11.000Z</time></trkpt>
      <trkpt lat="53.438440" lon="-1.863963"><ele>514.0</ele><time>2026-03-28T10:23:12.000Z</time></trkpt>
      <trkpt lat="53.438442" lon="-1.863952"><ele>514.2</ele><time>2026-03-28T10:23:13.000Z</time></trkpt>
      <trkpt lat="53.438454" lon="-1.863934"><ele>514.0</ele><time>2026-03-28T10:23:14.000Z</time></trkpt>
      <trkpt lat="53.438460" lon="-1.863915"><ele>514.2</ele><time>2026-03-28T10:23:15.000Z</time></trkpt>
      <trkpt lat="53.438470" lon="-1.863893"><ele>514.0</ele><time>2026-03-28T10:23:16.000Z</time></trkpt>
      <trkpt lat="53.438473" lon="-1.863877"><ele>514.0</ele><time>2026-03-28T10:23:17.000Z</time></trkpt>
      <trkpt lat="53.438484" lon="-1.863858"><ele>514.6</ele><time>2026-03-28T10:23:18.000Z</time></trkpt>
      <trkpt lat="53.438490" lon="-1.863841"><ele>514.4</ele><time>2026-03-28T10:23:19.000Z</time></trkpt>
      <trkpt lat="53.438500" lon="-1.863821"><ele>514.4</ele><time>2026-03-28T10:23:20.000Z</time></trkpt>
      <trkpt lat="53.438507" lon="-1.863800"><ele>514.4</ele><time>2026-03-28T10:23:21.000Z</time></trkpt>
      <trkpt lat="53.438515" lon="-1.863783"><ele>514.0</ele><time>2026-03-28T10:23:22.000Z</time></trkpt>
      <trkpt lat="53.438526" lon="-1.863764"><ele>514.2</ele><time>2026-03-28T10:23:23.000Z</time></trkpt>
      <trkpt lat="53.438534" lon="-1.863748"><ele>514.2</ele><time>2026-03-28T10:23:24.000Z</time></trkpt>
      <trkpt lat="53.438540" lon="-1.863730"><ele>514.0</ele><time>2026-03-28T10:23:25.000Z</time></trkpt>
      <trkpt lat="53.438553" lon="-1.863712"><ele>514.2</ele><time>2026-03-28T10:23:26.000Z</time></trkpt>
      <trkpt lat="53.438564" lon="-1.863696"><ele>514.4</ele><time>2026-03-28T10:23:27.000Z</time></trkpt>
      <trkpt lat="53.438576" lon="-1.863678"><ele>514.6</ele><time>2026-03-28T10:23:28.000Z</time></trkpt>
      <trkpt lat="53.438583" lon="-1.863662"><ele>514.6</ele><time>2026-03-28T10:23:29.000Z</time></trkpt>
      <trkpt lat="53.438590" lon="-1.863645"><ele>514.4</ele><time>2026-03-28T10:23:30.000Z</time></trkpt>
      <trkpt lat="53.438602" lon="-1.863629"><ele>514.6</ele><time>2026-03-28T10:23:31.000Z</time></trkpt>
      <trkpt lat="53.438614" lon="-1.863615"><ele>514.4</ele><time>2026-03-28T10:23:32.000Z</time></trkpt>
      <trkpt lat="53.438625" lon="-1.863599"><ele>514.4</ele><time>2026-03-28T10:23:33.000Z</time></trkpt>
      <trkpt lat="53.438637" lon="-1.863589"><ele>514.4</ele><time>2026-03-28T10:23:34.000Z</time></trkpt>
      <trkpt lat="53.438644" lon="-1.863579"><ele>514.4</ele><time>2026-03-28T10:23:35.000Z</time></trkpt>
      <trkpt lat="53.438656" lon="-1.863565"><ele>514.6</ele><time>2026-03-28T10:23:36.000Z</time></trkpt>
      <trkpt lat="53.438660" lon="-1.863552"><ele>513.2</ele><time>2026-03-28T10:23:37.000Z</time></trkpt>
      <trkpt lat="53.438670" lon="-1.863541"><ele>513.8</ele><time>2026-03-28T10:23:38.000Z</time></trkpt>
      <trkpt lat="53.438683" lon="-1.863529"><ele>513.8</ele><time>2026-03-28T10:23:39.000Z</time></trkpt>
      <trkpt lat="53.438694" lon="-1.863517"><ele>513.8</ele><time>2026-03-28T10:23:40.000Z</time></trkpt>
      <trkpt lat="53.438705" lon="-1.863509"><ele>514.2</ele><time>2026-03-28T10:23:41.000Z</time></trkpt>
      <trkpt lat="53.438720" lon="-1.863499"><ele>513.6</ele><time>2026-03-28T10:23:42.000Z</time></trkpt>
      <trkpt lat="53.438732" lon="-1.863494"><ele>514.0</ele><time>2026-03-28T10:23:43.000Z</time></trkpt>
      <trkpt lat="53.438747" lon="-1.863489"><ele>514.2</ele><time>2026-03-28T10:23:44.000Z</time></trkpt>
      <trkpt lat="53.438763" lon="-1.863480"><ele>514.0</ele><time>2026-03-28T10:23:45.000Z</time></trkpt>
      <trkpt lat="53.438774" lon="-1.863473"><ele>514.4</ele><time>2026-03-28T10:23:46.000Z</time></trkpt>
      <trkpt lat="53.438786" lon="-1.863462"><ele>514.0</ele><time>2026-03-28T10:23:47.000Z</time></trkpt>
      <trkpt lat="53.438797" lon="-1.863450"><ele>514.4</ele><time>2026-03-28T10:23:48.000Z</time></trkpt>
      <trkpt lat="53.438810" lon="-1.863441"><ele>514.6</ele><time>2026-03-28T10:23:49.000Z</time></trkpt>
      <trkpt lat="53.438824" lon="-1.863429"><ele>514.4</ele><time>2026-03-28T10:23:50.000Z</time></trkpt>
      <trkpt lat="53.438830" lon="-1.863422"><ele>514.4</ele><time>2026-03-28T10:23:51.000Z</time></trkpt>
      <trkpt lat="53.438847" lon="-1.863414"><ele>514.6</ele><time>2026-03-28T10:23:52.000Z</time></trkpt>
      <trkpt lat="53.438854" lon="-1.863401"><ele>514.4</ele><time>2026-03-28T10:23:53.000Z</time></trkpt>
      <trkpt lat="53.438866" lon="-1.863387"><ele>514.0</ele><time>2026-03-28T10:23:54.000Z</time></trkpt>
      <trkpt lat="53.438880" lon="-1.863371"><ele>514.6</ele><time>2026-03-28T10:23:55.000Z</time></trkpt>
      <trkpt lat="53.438890" lon="-1.863360"><ele>514.6</ele><time>2026-03-28T10:23:56.000Z</time></trkpt>
      <trkpt lat="53.438904" lon="-1.863349"><ele>514.6</ele><time>2026-03-28T10:23:57.000Z</time></trkpt>
      <trkpt lat="53.438915" lon="-1.863333"><ele>514.8</ele><time>2026-03-28T10:23:58.000Z</time></trkpt>
      <trkpt lat="53.438927" lon="-1.863324"><ele>514.8</ele><time>2026-03-28T10:23:59.000Z</time></trkpt>
      <trkpt lat="53.438942" lon="-1.863311"><ele>514.8</ele><time>2026-03-28T10:24:00.000Z</time></trkpt>
      <trkpt lat="53.438953" lon="-1.863301"><ele>514.8</ele><time>2026-03-28T10:24:01.000Z</time></trkpt>
      <trkpt lat="53.438960" lon="-1.863284"><ele>515.0</ele><time>2026-03-28T10:24:02.000Z</time></trkpt>
      <trkpt lat="53.438972" lon="-1.863267"><ele>515.2</ele><time>2026-03-28T10:24:03.000Z</time></trkpt>
      <trkpt lat="53.438984" lon="-1.863249"><ele>515.4</ele><time>2026-03-28T10:24:04.000Z</time></trkpt>
      <trkpt lat="53.438990" lon="-1.863232"><ele>515.6</ele><time>2026-03-28T10:24:05.000Z</time></trkpt>
      <trkpt lat="53.439000" lon="-1.863217"><ele>515.2</ele><time>2026-03-28T10:24:06.000Z</time></trkpt>
      <trkpt lat="53.439007" lon="-1.863198"><ele>515.6</ele><time>2026-03-28T10:24:07.000Z</time></trkpt>
      <trkpt lat="53.439014" lon="-1.863179"><ele>515.8</ele><time>2026-03-28T10:24:08.000Z</time></trkpt>
      <trkpt lat="53.439026" lon="-1.863162"><ele>516.0</ele><time>2026-03-28T10:24:09.000Z</time></trkpt>
      <trkpt lat="53.439034" lon="-1.863144"><ele>515.8</ele><time>2026-03-28T10:24:10.000Z</time></trkpt>
      <trkpt lat="53.439045" lon="-1.863128"><ele>515.6</ele><time>2026-03-28T10:24:11.000Z</time></trkpt>
      <trkpt lat="53.439053" lon="-1.863108"><ele>515.8</ele><time>2026-03-28T10:24:12.000Z</time></trkpt>
      <trkpt lat="53.439064" lon="-1.863090"><ele>516.0</ele><time>2026-03-28T10:24:13.000Z</time></trkpt>
      <trkpt lat="53.439070" lon="-1.863073"><ele>515.4</ele><time>2026-03-28T10:24:14.000Z</time></trkpt>
      <trkpt lat="53.439080" lon="-1.863054"><ele>515.6</ele><time>2026-03-28T10:24:15.000Z</time></trkpt>
      <trkpt lat="53.439087" lon="-1.863035"><ele>515.8</ele><time>2026-03-28T10:24:16.000Z</time></trkpt>
      <trkpt lat="53.439100" lon="-1.863019"><ele>515.8</ele><time>2026-03-28T10:24:17.000Z</time></trkpt>
      <trkpt lat="53.439106" lon="-1.863001"><ele>515.8</ele><time>2026-03-28T10:24:18.000Z</time></trkpt>
      <trkpt lat="53.439114" lon="-1.862983"><ele>516.0</ele><time>2026-03-28T10:24:19.000Z</time></trkpt>
      <trkpt lat="53.439120" lon="-1.862966"><ele>516.2</ele><time>2026-03-28T10:24:20.000Z</time></trkpt>
      <trkpt lat="53.439133" lon="-1.862948"><ele>516.2</ele><time>2026-03-28T10:24:21.000Z</time></trkpt>
      <trkpt lat="53.439140" lon="-1.862930"><ele>516.0</ele><time>2026-03-28T10:24:22.000Z</time></trkpt>
      <trkpt lat="53.439148" lon="-1.862912"><ele>516.2</ele><time>2026-03-28T10:24:23.000Z</time></trkpt>
      <trkpt lat="53.439156" lon="-1.862894"><ele>516.6</ele><time>2026-03-28T10:24:24.000Z</time></trkpt>
      <trkpt lat="53.439167" lon="-1.862879"><ele>516.4</ele><time>2026-03-28T10:24:25.000Z</time></trkpt>
      <trkpt lat="53.439180" lon="-1.862867"><ele>516.2</ele><time>2026-03-28T10:24:26.000Z</time></trkpt>
      <trkpt lat="53.439186" lon="-1.862854"><ele>516.0</ele><time>2026-03-28T10:24:27.000Z</time></trkpt>
      <trkpt lat="53.439194" lon="-1.862844"><ele>516.2</ele><time>2026-03-28T10:24:28.000Z</time></trkpt>
      <trkpt lat="53.439198" lon="-1.862837"><ele>515.8</ele><time>2026-03-28T10:24:29.000Z</time></trkpt>
      <trkpt lat="53.439205" lon="-1.862827"><ele>515.8</ele><time>2026-03-28T10:24:30.000Z</time></trkpt>
      <trkpt lat="53.439205" lon="-1.862819"><ele>515.6</ele><time>2026-03-28T10:24:31.000Z</time></trkpt>
      <trkpt lat="53.439210" lon="-1.862815"><ele>515.6</ele><time>2026-03-28T10:24:32.000Z</time></trkpt>
      <trkpt lat="53.439217" lon="-1.862803"><ele>515.6</ele><time>2026-03-28T10:24:33.000Z</time></trkpt>
      <trkpt lat="53.439220" lon="-1.862797"><ele>515.4</ele><time>2026-03-28T10:24:34.000Z</time></trkpt>
      <trkpt lat="53.439224" lon="-1.862792"><ele>515.4</ele><time>2026-03-28T10:24:35.000Z</time></trkpt>
      <trkpt lat="53.439228" lon="-1.862785"><ele>515.0</ele><time>2026-03-28T10:24:36.000Z</time></trkpt>
      <trkpt lat="53.439230" lon="-1.862777"><ele>515.0</ele><time>2026-03-28T10:24:37.000Z</time></trkpt>
      <trkpt lat="53.439240" lon="-1.862766"><ele>515.2</ele><time>2026-03-28T10:24:38.000Z</time></trkpt>
      <trkpt lat="53.439243" lon="-1.862761"><ele>514.8</ele><time>2026-03-28T10:24:39.000Z</time></trkpt>
      <trkpt lat="53.439247" lon="-1.862754"><ele>514.8</ele><time>2026-03-28T10:24:40.000Z</time></trkpt>
      <trkpt lat="53.439250" lon="-1.862745"><ele>514.8</ele><time>2026-03-28T10:24:41.000Z</time></trkpt>
      <trkpt lat="53.439255" lon="-1.862740"><ele>514.6</ele><time>2026-03-28T10:24:42.000Z</time></trkpt>
      <trkpt lat="53.439266" lon="-1.862727"><ele>514.6</ele><time>2026-03-28T10:24:43.000Z</time></trkpt>
      <trkpt lat="53.439278" lon="-1.862717"><ele>515.0</ele><time>2026-03-28T10:24:44.000Z</time></trkpt>
      <trkpt lat="53.439290" lon="-1.862710"><ele>515.0</ele><time>2026-03-28T10:24:45.000Z</time></trkpt>
      <trkpt lat="53.439297" lon="-1.862715"><ele>515.4</ele><time>2026-03-28T10:24:46.000Z</time></trkpt>
      <trkpt lat="53.439310" lon="-1.862710"><ele>515.6</ele><time>2026-03-28T10:24:47.000Z</time></trkpt>
      <trkpt lat="53.439316" lon="-1.862701"><ele>515.8</ele><time>2026-03-28T10:24:48.000Z</time></trkpt>
      <trkpt lat="53.439323" lon="-1.862685"><ele>515.4</ele><time>2026-03-28T10:24:49.000Z</time></trkpt>
      <trkpt lat="53.439330" lon="-1.862673"><ele>515.6</ele><time>2026-03-28T10:24:50.000Z</time></trkpt>
      <trkpt lat="53.439340" lon="-1.862657"><ele>515.4</ele><time>2026-03-28T10:24:51.000Z</time></trkpt>
      <trkpt lat="53.439342" lon="-1.862641"><ele>515.4</ele><time>2026-03-28T10:24:52.000Z</time></trkpt>
      <trkpt lat="53.439346" lon="-1.862631"><ele>515.0</ele><time>2026-03-28T10:24:53.000Z</time></trkpt>
      <trkpt lat="53.439358" lon="-1.862613"><ele>514.4</ele><time>2026-03-28T10:24:54.000Z</time></trkpt>
      <trkpt lat="53.439370" lon="-1.862607"><ele>514.6</ele><time>2026-03-28T10:24:55.000Z</time></trkpt>
      <trkpt lat="53.439377" lon="-1.862592"><ele>514.2</ele><time>2026-03-28T10:24:56.000Z</time></trkpt>
      <trkpt lat="53.439384" lon="-1.862577"><ele>514.6</ele><time>2026-03-28T10:24:57.000Z</time></trkpt>
      <trkpt lat="53.439396" lon="-1.862560"><ele>514.8</ele><time>2026-03-28T10:24:58.000Z</time></trkpt>
      <trkpt lat="53.439404" lon="-1.862548"><ele>514.4</ele><time>2026-03-28T10:24:59.000Z</time></trkpt>
      <trkpt lat="53.439410" lon="-1.862537"><ele>514.0</ele><time>2026-03-28T10:25:00.000Z</time></trkpt>
      <trkpt lat="53.439423" lon="-1.862523"><ele>514.2</ele><time>2026-03-28T10:25:01.000Z</time></trkpt>
      <trkpt lat="53.439430" lon="-1.862513"><ele>514.2</ele><time>2026-03-28T10:25:02.000Z</time></trkpt>
      <trkpt lat="53.439440" lon="-1.862498"><ele>514.2</ele><time>2026-03-28T10:25:03.000Z</time></trkpt>
      <trkpt lat="53.439450" lon="-1.862484"><ele>514.6</ele><time>2026-03-28T10:25:04.000Z</time></trkpt>
      <trkpt lat="53.439453" lon="-1.862468"><ele>514.2</ele><time>2026-03-28T10:25:05.000Z</time></trkpt>
      <trkpt lat="53.439460" lon="-1.862458"><ele>514.4</ele><time>2026-03-28T10:25:06.000Z</time></trkpt>
      <trkpt lat="53.439470" lon="-1.862450"><ele>514.4</ele><time>2026-03-28T10:25:07.000Z</time></trkpt>
      <trkpt lat="53.439476" lon="-1.862440"><ele>514.2</ele><time>2026-03-28T10:25:08.000Z</time></trkpt>
      <trkpt lat="53.439490" lon="-1.862432"><ele>514.8</ele><time>2026-03-28T10:25:09.000Z</time></trkpt>
      <trkpt lat="53.439503" lon="-1.862416"><ele>514.6</ele><time>2026-03-28T10:25:10.000Z</time></trkpt>
      <trkpt lat="53.439507" lon="-1.862401"><ele>514.6</ele><time>2026-03-28T10:25:11.000Z</time></trkpt>
      <trkpt lat="53.439514" lon="-1.862382"><ele>514.8</ele><time>2026-03-28T10:25:12.000Z</time></trkpt>
      <trkpt lat="53.439520" lon="-1.862367"><ele>514.8</ele><time>2026-03-28T10:25:13.000Z</time></trkpt>
      <trkpt lat="53.439533" lon="-1.862352"><ele>515.0</ele><time>2026-03-28T10:25:14.000Z</time></trkpt>
      <trkpt lat="53.439540" lon="-1.862335"><ele>515.0</ele><time>2026-03-28T10:25:15.000Z</time></trkpt>
      <trkpt lat="53.439552" lon="-1.862324"><ele>515.2</ele><time>2026-03-28T10:25:16.000Z</time></trkpt>
      <trkpt lat="53.439564" lon="-1.862310"><ele>515.8</ele><time>2026-03-28T10:25:17.000Z</time></trkpt>
      <trkpt lat="53.439570" lon="-1.862298"><ele>515.4</ele><time>2026-03-28T10:25:18.000Z</time></trkpt>
      <trkpt lat="53.439580" lon="-1.862290"><ele>515.4</ele><time>2026-03-28T10:25:19.000Z</time></trkpt>
      <trkpt lat="53.439587" lon="-1.862277"><ele>514.6</ele><time>2026-03-28T10:25:20.000Z</time></trkpt>
      <trkpt lat="53.439587" lon="-1.862264"><ele>514.6</ele><time>2026-03-28T10:25:21.000Z</time></trkpt>
      <trkpt lat="53.439598" lon="-1.862248"><ele>515.0</ele><time>2026-03-28T10:25:22.000Z</time></trkpt>
      <trkpt lat="53.439606" lon="-1.862238"><ele>515.4</ele><time>2026-03-28T10:25:23.000Z</time></trkpt>
      <trkpt lat="53.439613" lon="-1.862221"><ele>514.6</ele><time>2026-03-28T10:25:24.000Z</time></trkpt>
      <trkpt lat="53.439625" lon="-1.862203"><ele>514.8</ele><time>2026-03-28T10:25:25.000Z</time></trkpt>
      <trkpt lat="53.439632" lon="-1.862189"><ele>514.2</ele><time>2026-03-28T10:25:26.000Z</time></trkpt>
      <trkpt lat="53.439636" lon="-1.862180"><ele>514.6</ele><time>2026-03-28T10:25:27.000Z</time></trkpt>
      <trkpt lat="53.439644" lon="-1.862166"><ele>515.8</ele><time>2026-03-28T10:25:28.000Z</time></trkpt>
      <trkpt lat="53.439650" lon="-1.862154"><ele>515.6</ele><time>2026-03-28T10:25:29.000Z</time></trkpt>
      <trkpt lat="53.439663" lon="-1.862147"><ele>515.2</ele><time>2026-03-28T10:25:30.000Z</time></trkpt>
      <trkpt lat="53.439680" lon="-1.862135"><ele>515.2</ele><time>2026-03-28T10:25:31.000Z</time></trkpt>
      <trkpt lat="53.439686" lon="-1.862110"><ele>515.6</ele><time>2026-03-28T10:25:32.000Z</time></trkpt>
      <trkpt lat="53.439690" lon="-1.862095"><ele>515.4</ele><time>2026-03-28T10:25:33.000Z</time></trkpt>
      <trkpt lat="53.439697" lon="-1.862075"><ele>515.8</ele><time>2026-03-28T10:25:34.000Z</time></trkpt>
      <trkpt lat="53.439710" lon="-1.862051"><ele>515.8</ele><time>2026-03-28T10:25:35.000Z</time></trkpt>
      <trkpt lat="53.439713" lon="-1.862039"><ele>516.0</ele><time>2026-03-28T10:25:36.000Z</time></trkpt>
      <trkpt lat="53.439720" lon="-1.862021"><ele>516.6</ele><time>2026-03-28T10:25:37.000Z</time></trkpt>
      <trkpt lat="53.439728" lon="-1.862005"><ele>516.0</ele><time>2026-03-28T10:25:38.000Z</time></trkpt>
      <trkpt lat="53.439735" lon="-1.861984"><ele>515.4</ele><time>2026-03-28T10:25:39.000Z</time></trkpt>
      <trkpt lat="53.439740" lon="-1.861970"><ele>515.2</ele><time>2026-03-28T10:25:40.000Z</time></trkpt>
      <trkpt lat="53.439750" lon="-1.861955"><ele>515.2</ele><time>2026-03-28T10:25:41.000Z</time></trkpt>
      <trkpt lat="53.439762" lon="-1.861939"><ele>515.4</ele><time>2026-03-28T10:25:42.000Z</time></trkpt>
      <trkpt lat="53.439770" lon="-1.861927"><ele>515.2</ele><time>2026-03-28T10:25:43.000Z</time></trkpt>
      <trkpt lat="53.439777" lon="-1.861909"><ele>515.0</ele><time>2026-03-28T10:25:44.000Z</time></trkpt>
      <trkpt lat="53.439785" lon="-1.861893"><ele>515.2</ele><time>2026-03-28T10:25:45.000Z</time></trkpt>
      <trkpt lat="53.439793" lon="-1.861875"><ele>515.2</ele><time>2026-03-28T10:25:46.000Z</time></trkpt>
      <trkpt lat="53.439800" lon="-1.861856"><ele>515.6</ele><time>2026-03-28T10:25:47.000Z</time></trkpt>
      <trkpt lat="53.439808" lon="-1.861838"><ele>515.2</ele><time>2026-03-28T10:25:48.000Z</time></trkpt>
      <trkpt lat="53.439810" lon="-1.861819"><ele>515.4</ele><time>2026-03-28T10:25:49.000Z</time></trkpt>
      <trkpt lat="53.439820" lon="-1.861799"><ele>515.2</ele><time>2026-03-28T10:25:50.000Z</time></trkpt>
      <trkpt lat="53.439823" lon="-1.861776"><ele>515.4</ele><time>2026-03-28T10:25:51.000Z</time></trkpt>
      <trkpt lat="53.439830" lon="-1.861763"><ele>515.6</ele><time>2026-03-28T10:25:52.000Z</time></trkpt>
      <trkpt lat="53.439842" lon="-1.861751"><ele>515.4</ele><time>2026-03-28T10:25:53.000Z</time></trkpt>
      <trkpt lat="53.439850" lon="-1.861738"><ele>515.8</ele><time>2026-03-28T10:25:54.000Z</time></trkpt>
      <trkpt lat="53.439857" lon="-1.861724"><ele>515.8</ele><time>2026-03-28T10:25:55.000Z</time></trkpt>
      <trkpt lat="53.439865" lon="-1.861705"><ele>516.4</ele><time>2026-03-28T10:25:56.000Z</time></trkpt>
      <trkpt lat="53.439870" lon="-1.861692"><ele>516.6</ele><time>2026-03-28T10:25:57.000Z</time></trkpt>
      <trkpt lat="53.439877" lon="-1.861674"><ele>516.6</ele><time>2026-03-28T10:25:58.000Z</time></trkpt>
      <trkpt lat="53.439884" lon="-1.861659"><ele>516.8</ele><time>2026-03-28T10:25:59.000Z</time></trkpt>
      <trkpt lat="53.439896" lon="-1.861643"><ele>517.0</ele><time>2026-03-28T10:26:00.000Z</time></trkpt>
      <trkpt lat="53.439903" lon="-1.861626"><ele>517.2</ele><time>2026-03-28T10:26:01.000Z</time></trkpt>
      <trkpt lat="53.439910" lon="-1.861610"><ele>517.0</ele><time>2026-03-28T10:26:02.000Z</time></trkpt>
      <trkpt lat="53.439915" lon="-1.861596"><ele>516.8</ele><time>2026-03-28T10:26:03.000Z</time></trkpt>
      <trkpt lat="53.439922" lon="-1.861581"><ele>516.8</ele><time>2026-03-28T10:26:04.000Z</time></trkpt>
      <trkpt lat="53.439934" lon="-1.861566"><ele>516.8</ele><time>2026-03-28T10:26:05.000Z</time></trkpt>
      <trkpt lat="53.439940" lon="-1.861555"><ele>516.8</ele><time>2026-03-28T10:26:06.000Z</time></trkpt>
      <trkpt lat="53.439950" lon="-1.861540"><ele>516.6</ele><time>2026-03-28T10:26:07.000Z</time></trkpt>
      <trkpt lat="53.439957" lon="-1.861526"><ele>516.2</ele><time>2026-03-28T10:26:08.000Z</time></trkpt>
      <trkpt lat="53.439964" lon="-1.861508"><ele>515.8</ele><time>2026-03-28T10:26:09.000Z</time></trkpt>
      <trkpt lat="53.439976" lon="-1.861493"><ele>516.4</ele><time>2026-03-28T10:26:10.000Z</time></trkpt>
      <trkpt lat="53.439987" lon="-1.861480"><ele>516.4</ele><time>2026-03-28T10:26:11.000Z</time></trkpt>
      <trkpt lat="53.440000" lon="-1.861467"><ele>516.0</ele><time>2026-03-28T10:26:12.000Z</time></trkpt>
      <trkpt lat="53.440010" lon="-1.861453"><ele>516.8</ele><time>2026-03-28T10:26:13.000Z</time></trkpt>
      <trkpt lat="53.440018" lon="-1.861437"><ele>517.2</ele><time>2026-03-28T10:26:14.000Z</time></trkpt>
      <trkpt lat="53.440030" lon="-1.861412"><ele>516.8</ele><time>2026-03-28T10:26:15.000Z</time></trkpt>
      <trkpt lat="53.440030" lon="-1.861393"><ele>516.8</ele><time>2026-03-28T10:26:16.000Z</time></trkpt>
      <trkpt lat="53.440040" lon="-1.861372"><ele>516.8</ele><time>2026-03-28T10:26:17.000Z</time></trkpt>
      <trkpt lat="53.440050" lon="-1.861355"><ele>516.4</ele><time>2026-03-28T10:26:18.000Z</time></trkpt>
      <trkpt lat="53.440056" lon="-1.861339"><ele>516.6</ele><time>2026-03-28T10:26:19.000Z</time></trkpt>
      <trkpt lat="53.440063" lon="-1.861324"><ele>516.8</ele><time>2026-03-28T10:26:20.000Z</time></trkpt>
      <trkpt lat="53.440070" lon="-1.861309"><ele>517.0</ele><time>2026-03-28T10:26:21.000Z</time></trkpt>
      <trkpt lat="53.440080" lon="-1.861291"><ele>516.6</ele><time>2026-03-28T10:26:22.000Z</time></trkpt>
      <trkpt lat="53.440086" lon="-1.861277"><ele>516.6</ele><time>2026-03-28T10:26:23.000Z</time></trkpt>
      <trkpt lat="53.440094" lon="-1.861260"><ele>517.2</ele><time>2026-03-28T10:26:24.000Z</time></trkpt>
      <trkpt lat="53.440105" lon="-1.861244"><ele>516.6</ele><time>2026-03-28T10:26:25.000Z</time></trkpt>
      <trkpt lat="53.440113" lon="-1.861236"><ele>517.0</ele><time>2026-03-28T10:26:26.000Z</time></trkpt>
      <trkpt lat="53.440130" lon="-1.861224"><ele>517.4</ele><time>2026-03-28T10:26:27.000Z</time></trkpt>
      <trkpt lat="53.440140" lon="-1.861213"><ele>517.6</ele><time>2026-03-28T10:26:28.000Z</time></trkpt>
      <trkpt lat="53.440144" lon="-1.861202"><ele>517.2</ele><time>2026-03-28T10:26:29.000Z</time></trkpt>
      <trkpt lat="53.440150" lon="-1.861194"><ele>517.4</ele><time>2026-03-28T10:26:30.000Z</time></trkpt>
      <trkpt lat="53.440155" lon="-1.861184"><ele>518.4</ele><time>2026-03-28T10:26:31.000Z</time></trkpt>
      <trkpt lat="53.440166" lon="-1.861166"><ele>518.0</ele><time>2026-03-28T10:26:32.000Z</time></trkpt>
      <trkpt lat="53.440174" lon="-1.861146"><ele>518.0</ele><time>2026-03-28T10:26:33.000Z</time></trkpt>
      <trkpt lat="53.440186" lon="-1.861133"><ele>518.0</ele><time>2026-03-28T10:26:34.000Z</time></trkpt>
      <trkpt lat="53.440190" lon="-1.861114"><ele>518.0</ele><time>2026-03-28T10:26:35.000Z</time></trkpt>
      <trkpt lat="53.440193" lon="-1.861090"><ele>517.2</ele><time>2026-03-28T10:26:36.000Z</time></trkpt>
      <trkpt lat="53.440197" lon="-1.861076"><ele>517.8</ele><time>2026-03-28T10:26:37.000Z</time></trkpt>
      <trkpt lat="53.440200" lon="-1.861063"><ele>517.0</ele><time>2026-03-28T10:26:38.000Z</time></trkpt>
      <trkpt lat="53.440205" lon="-1.861047"><ele>516.6</ele><time>2026-03-28T10:26:39.000Z</time></trkpt>
      <trkpt lat="53.440216" lon="-1.861029"><ele>516.6</ele><time>2026-03-28T10:26:40.000Z</time></trkpt>
      <trkpt lat="53.440228" lon="-1.861016"><ele>517.0</ele><time>2026-03-28T10:26:41.000Z</time></trkpt>
      <trkpt lat="53.440230" lon="-1.861004"><ele>516.6</ele><time>2026-03-28T10:26:42.000Z</time></trkpt>
      <trkpt lat="53.440240" lon="-1.860987"><ele>516.8</ele><time>2026-03-28T10:26:43.000Z</time></trkpt>
      <trkpt lat="53.440247" lon="-1.860962"><ele>517.0</ele><time>2026-03-28T10:26:44.000Z</time></trkpt>
      <trkpt lat="53.440250" lon="-1.860944"><ele>517.2</ele><time>2026-03-28T10:26:45.000Z</time></trkpt>
      <trkpt lat="53.440260" lon="-1.860933"><ele>517.0</ele><time>2026-03-28T10:26:46.000Z</time></trkpt>
      <trkpt lat="53.440273" lon="-1.860924"><ele>517.0</ele><time>2026-03-28T10:26:47.000Z</time></trkpt>
      <trkpt lat="53.440285" lon="-1.860903"><ele>517.2</ele><time>2026-03-28T10:26:48.000Z</time></trkpt>
      <trkpt lat="53.440292" lon="-1.860887"><ele>517.2</ele><time>2026-03-28T10:26:49.000Z</time></trkpt>
      <trkpt lat="53.440304" lon="-1.860860"><ele>517.8</ele><time>2026-03-28T10:26:50.000Z</time></trkpt>
      <trkpt lat="53.440310" lon="-1.860848"><ele>517.6</ele><time>2026-03-28T10:26:51.000Z</time></trkpt>
      <trkpt lat="53.440320" lon="-1.860831"><ele>517.2</ele><time>2026-03-28T10:26:52.000Z</time></trkpt>
      <trkpt lat="53.440327" lon="-1.860824"><ele>516.6</ele><time>2026-03-28T10:26:53.000Z</time></trkpt>
      <trkpt lat="53.440334" lon="-1.860811"><ele>516.8</ele><time>2026-03-28T10:26:54.000Z</time></trkpt>
      <trkpt lat="53.440342" lon="-1.860796"><ele>517.0</ele><time>2026-03-28T10:26:55.000Z</time></trkpt>
      <trkpt lat="53.440353" lon="-1.860785"><ele>517.0</ele><time>2026-03-28T10:26:56.000Z</time></trkpt>
      <trkpt lat="53.440360" lon="-1.860773"><ele>517.0</ele><time>2026-03-28T10:26:57.000Z</time></trkpt>
      <trkpt lat="53.440370" lon="-1.860753"><ele>517.0</ele><time>2026-03-28T10:26:58.000Z</time></trkpt>
      <trkpt lat="53.440376" lon="-1.860737"><ele>518.2</ele><time>2026-03-28T10:26:59.000Z</time></trkpt>
      <trkpt lat="53.440380" lon="-1.860723"><ele>517.4</ele><time>2026-03-28T10:27:00.000Z</time></trkpt>
      <trkpt lat="53.440388" lon="-1.860713"><ele>517.2</ele><time>2026-03-28T10:27:01.000Z</time></trkpt>
      <trkpt lat="53.440400" lon="-1.860695"><ele>517.6</ele><time>2026-03-28T10:27:02.000Z</time></trkpt>
      <trkpt lat="53.440407" lon="-1.860685"><ele>517.4</ele><time>2026-03-28T10:27:03.000Z</time></trkpt>
      <trkpt lat="53.440410" lon="-1.860676"><ele>517.2</ele><time>2026-03-28T10:27:04.000Z</time></trkpt>
      <trkpt lat="53.440420" lon="-1.860659"><ele>517.0</ele><time>2026-03-28T10:27:05.000Z</time></trkpt>
      <trkpt lat="53.440430" lon="-1.860644"><ele>517.2</ele><time>2026-03-28T10:27:06.000Z</time></trkpt>
      <trkpt lat="53.440440" lon="-1.860626"><ele>517.2</ele><time>2026-03-28T10:27:07.000Z</time></trkpt>
      <trkpt lat="53.440450" lon="-1.860618"><ele>517.6</ele><time>2026-03-28T10:27:08.000Z</time></trkpt>
      <trkpt lat="53.440456" lon="-1.860606"><ele>517.2</ele><time>2026-03-28T10:27:09.000Z</time></trkpt>
      <trkpt lat="53.440460" lon="-1.860607"><ele>517.0</ele><time>2026-03-28T10:27:10.000Z</time></trkpt>
      <trkpt lat="53.440470" lon="-1.860586"><ele>517.4</ele><time>2026-03-28T10:27:11.000Z</time></trkpt>
      <trkpt lat="53.440480" lon="-1.860575"><ele>517.8</ele><time>2026-03-28T10:27:12.000Z</time></trkpt>
      <trkpt lat="53.440483" lon="-1.860558"><ele>518.2</ele><time>2026-03-28T10:27:13.000Z</time></trkpt>
      <trkpt lat="53.440490" lon="-1.860550"><ele>517.8</ele><time>2026-03-28T10:27:14.000Z</time></trkpt>
      <trkpt lat="53.440502" lon="-1.860534"><ele>518.0</ele><time>2026-03-28T10:27:15.000Z</time></trkpt>
      <trkpt lat="53.440514" lon="-1.860517"><ele>518.0</ele><time>2026-03-28T10:27:16.000Z</time></trkpt>
      <trkpt lat="53.440517" lon="-1.860503"><ele>519.0</ele><time>2026-03-28T10:27:17.000Z</time></trkpt>
      <trkpt lat="53.440525" lon="-1.860491"><ele>518.8</ele><time>2026-03-28T10:27:18.000Z</time></trkpt>
      <trkpt lat="53.440530" lon="-1.860478"><ele>519.0</ele><time>2026-03-28T10:27:19.000Z</time></trkpt>
      <trkpt lat="53.440536" lon="-1.860473"><ele>518.4</ele><time>2026-03-28T10:27:20.000Z</time></trkpt>
      <trkpt lat="53.440548" lon="-1.860464"><ele>518.2</ele><time>2026-03-28T10:27:21.000Z</time></trkpt>
      <trkpt lat="53.440556" lon="-1.860448"><ele>518.8</ele><time>2026-03-28T10:27:22.000Z</time></trkpt>
      <trkpt lat="53.440563" lon="-1.860432"><ele>519.0</ele><time>2026-03-28T10:27:23.000Z</time></trkpt>
      <trkpt lat="53.440570" lon="-1.860420"><ele>518.8</ele><time>2026-03-28T10:27:24.000Z</time></trkpt>
      <trkpt lat="53.440580" lon="-1.860404"><ele>518.8</ele><time>2026-03-28T10:27:25.000Z</time></trkpt>
      <trkpt lat="53.440582" lon="-1.860392"><ele>519.6</ele><time>2026-03-28T10:27:26.000Z</time></trkpt>
      <trkpt lat="53.440590" lon="-1.860378"><ele>519.6</ele><time>2026-03-28T10:27:27.000Z</time></trkpt>
      <trkpt lat="53.440605" lon="-1.860357"><ele>519.8</ele><time>2026-03-28T10:27:28.000Z</time></trkpt>
      <trkpt lat="53.440610" lon="-1.860339"><ele>519.8</ele><time>2026-03-28T10:27:29.000Z</time></trkpt>
      <trkpt lat="53.440613" lon="-1.860324"><ele>520.0</ele><time>2026-03-28T10:27:30.000Z</time></trkpt>
      <trkpt lat="53.440620" lon="-1.860305"><ele>519.2</ele><time>2026-03-28T10:27:31.000Z</time></trkpt>
      <trkpt lat="53.440628" lon="-1.860285"><ele>520.2</ele><time>2026-03-28T10:27:32.000Z</time></trkpt>
      <trkpt lat="53.440630" lon="-1.860269"><ele>519.8</ele><time>2026-03-28T10:27:33.000Z</time></trkpt>
      <trkpt lat="53.440640" lon="-1.860256"><ele>519.4</ele><time>2026-03-28T10:27:34.000Z</time></trkpt>
      <trkpt lat="53.440643" lon="-1.860237"><ele>519.8</ele><time>2026-03-28T10:27:35.000Z</time></trkpt>
      <trkpt lat="53.440650" lon="-1.860228"><ele>519.4</ele><time>2026-03-28T10:27:36.000Z</time></trkpt>
      <trkpt lat="53.440662" lon="-1.860215"><ele>519.8</ele><time>2026-03-28T10:27:37.000Z</time></trkpt>
      <trkpt lat="53.440674" lon="-1.860194"><ele>519.6</ele><time>2026-03-28T10:27:38.000Z</time></trkpt>
      <trkpt lat="53.440678" lon="-1.860180"><ele>521.2</ele><time>2026-03-28T10:27:39.000Z</time></trkpt>
      <trkpt lat="53.440680" lon="-1.860157"><ele>522.6</ele><time>2026-03-28T10:27:40.000Z</time></trkpt>
      <trkpt lat="53.440685" lon="-1.860130"><ele>523.4</ele><time>2026-03-28T10:27:41.000Z</time></trkpt>
      <trkpt lat="53.440685" lon="-1.860110"><ele>523.2</ele><time>2026-03-28T10:27:42.000Z</time></trkpt>
      <trkpt lat="53.440690" lon="-1.860085"><ele>524.4</ele><time>2026-03-28T10:27:43.000Z</time></trkpt>
      <trkpt lat="53.440693" lon="-1.860075"><ele>525.2</ele><time>2026-03-28T10:27:44.000Z</time></trkpt>
      <trkpt lat="53.440700" lon="-1.860062"><ele>525.8</ele><time>2026-03-28T10:27:45.000Z</time></trkpt>
      <trkpt lat="53.440712" lon="-1.860048"><ele>527.0</ele><time>2026-03-28T10:27:46.000Z</time></trkpt>
      <trkpt lat="53.440720" lon="-1.860036"><ele>527.2</ele><time>2026-03-28T10:27:47.000Z</time></trkpt>
      <trkpt lat="53.440735" lon="-1.860030"><ele>528.0</ele><time>2026-03-28T10:27:48.000Z</time></trkpt>
      <trkpt lat="53.440742" lon="-1.860018"><ele>527.6</ele><time>2026-03-28T10:27:49.000Z</time></trkpt>
      <trkpt lat="53.440750" lon="-1.860007"><ele>527.8</ele><time>2026-03-28T10:27:50.000Z</time></trkpt>
      <trkpt lat="53.440758" lon="-1.859996"><ele>528.4</ele><time>2026-03-28T10:27:51.000Z</time></trkpt>
      <trkpt lat="53.440773" lon="-1.859985"><ele>528.2</ele><time>2026-03-28T10:27:52.000Z</time></trkpt>
      <trkpt lat="53.440780" lon="-1.859982"><ele>528.4</ele><time>2026-03-28T10:27:53.000Z</time></trkpt>
      <trkpt lat="53.440790" lon="-1.859968"><ele>527.8</ele><time>2026-03-28T10:27:54.000Z</time></trkpt>
      <trkpt lat="53.440796" lon="-1.859956"><ele>527.8</ele><time>2026-03-28T10:27:55.000Z</time></trkpt>
      <trkpt lat="53.440800" lon="-1.859941"><ele>528.0</ele><time>2026-03-28T10:27:56.000Z</time></trkpt>
      <trkpt lat="53.440807" lon="-1.859922"><ele>528.4</ele><time>2026-03-28T10:27:57.000Z</time></trkpt>
      <trkpt lat="53.440810" lon="-1.859912"><ele>528.6</ele><time>2026-03-28T10:27:58.000Z</time></trkpt>
      <trkpt lat="53.440820" lon="-1.859905"><ele>528.6</ele><time>2026-03-28T10:27:59.000Z</time></trkpt>
      <trkpt lat="53.440826" lon="-1.859889"><ele>528.2</ele><time>2026-03-28T10:28:00.000Z</time></trkpt>
      <trkpt lat="53.440834" lon="-1.859874"><ele>528.6</ele><time>2026-03-28T10:28:01.000Z</time></trkpt>
      <trkpt lat="53.440838" lon="-1.859861"><ele>528.8</ele><time>2026-03-28T10:28:02.000Z</time></trkpt>
      <trkpt lat="53.440840" lon="-1.859853"><ele>529.4</ele><time>2026-03-28T10:28:03.000Z</time></trkpt>
      <trkpt lat="53.440845" lon="-1.859835"><ele>529.6</ele><time>2026-03-28T10:28:04.000Z</time></trkpt>
      <trkpt lat="53.440853" lon="-1.859814"><ele>530.2</ele><time>2026-03-28T10:28:05.000Z</time></trkpt>
      <trkpt lat="53.440860" lon="-1.859805"><ele>530.4</ele><time>2026-03-28T10:28:06.000Z</time></trkpt>
      <trkpt lat="53.440870" lon="-1.859793"><ele>530.2</ele><time>2026-03-28T10:28:07.000Z</time></trkpt>
      <trkpt lat="53.440872" lon="-1.859779"><ele>529.6</ele><time>2026-03-28T10:28:08.000Z</time></trkpt>
      <trkpt lat="53.440880" lon="-1.859758"><ele>530.0</ele><time>2026-03-28T10:28:09.000Z</time></trkpt>
      <trkpt lat="53.440890" lon="-1.859733"><ele>530.4</ele><time>2026-03-28T10:28:10.000Z</time></trkpt>
      <trkpt lat="53.440895" lon="-1.859724"><ele>530.4</ele><time>2026-03-28T10:28:11.000Z</time></trkpt>
      <trkpt lat="53.440900" lon="-1.859709"><ele>530.6</ele><time>2026-03-28T10:28:12.000Z</time></trkpt>
      <trkpt lat="53.440907" lon="-1.859695"><ele>530.6</ele><time>2026-03-28T10:28:13.000Z</time></trkpt>
      <trkpt lat="53.440914" lon="-1.859673"><ele>530.4</ele><time>2026-03-28T10:28:14.000Z</time></trkpt>
      <trkpt lat="53.440918" lon="-1.859656"><ele>530.6</ele><time>2026-03-28T10:28:15.000Z</time></trkpt>
      <trkpt lat="53.440930" lon="-1.859644"><ele>530.8</ele><time>2026-03-28T10:28:16.000Z</time></trkpt>
      <trkpt lat="53.440937" lon="-1.859632"><ele>530.8</ele><time>2026-03-28T10:28:17.000Z</time></trkpt>
      <trkpt lat="53.440940" lon="-1.859623"><ele>531.0</ele><time>2026-03-28T10:28:18.000Z</time></trkpt>
      <trkpt lat="53.440945" lon="-1.859607"><ele>530.4</ele><time>2026-03-28T10:28:19.000Z</time></trkpt>
      <trkpt lat="53.440952" lon="-1.859588"><ele>530.8</ele><time>2026-03-28T10:28:20.000Z</time></trkpt>
      <trkpt lat="53.440956" lon="-1.859571"><ele>530.8</ele><time>2026-03-28T10:28:21.000Z</time></trkpt>
      <trkpt lat="53.440960" lon="-1.859560"><ele>531.0</ele><time>2026-03-28T10:28:22.000Z</time></trkpt>
      <trkpt lat="53.440968" lon="-1.859550"><ele>531.2</ele><time>2026-03-28T10:28:23.000Z</time></trkpt>
      <trkpt lat="53.440987" lon="-1.859532"><ele>530.4</ele><time>2026-03-28T10:28:24.000Z</time></trkpt>
      <trkpt lat="53.440994" lon="-1.859523"><ele>531.0</ele><time>2026-03-28T10:28:25.000Z</time></trkpt>
      <trkpt lat="53.440998" lon="-1.859507"><ele>530.8</ele><time>2026-03-28T10:28:26.000Z</time></trkpt>
      <trkpt lat="53.441000" lon="-1.859492"><ele>531.6</ele><time>2026-03-28T10:28:27.000Z</time></trkpt>
      <trkpt lat="53.441006" lon="-1.859485"><ele>531.6</ele><time>2026-03-28T10:28:28.000Z</time></trkpt>
      <trkpt lat="53.441017" lon="-1.859473"><ele>531.8</ele><time>2026-03-28T10:28:29.000Z</time></trkpt>
      <trkpt lat="53.441025" lon="-1.859463"><ele>531.0</ele><time>2026-03-28T10:28:30.000Z</time></trkpt>
      <trkpt lat="53.441032" lon="-1.859469"><ele>530.8</ele><time>2026-03-28T10:28:31.000Z</time></trkpt>
      <trkpt lat="53.441044" lon="-1.859459"><ele>531.4</ele><time>2026-03-28T10:28:32.000Z</time></trkpt>
      <trkpt lat="53.441048" lon="-1.859448"><ele>531.8</ele><time>2026-03-28T10:28:33.000Z</time></trkpt>
      <trkpt lat="53.441055" lon="-1.859424"><ele>531.8</ele><time>2026-03-28T10:28:34.000Z</time></trkpt>
      <trkpt lat="53.441060" lon="-1.859408"><ele>532.0</ele><time>2026-03-28T10:28:35.000Z</time></trkpt>
      <trkpt lat="53.441067" lon="-1.859391"><ele>532.4</ele><time>2026-03-28T10:28:36.000Z</time></trkpt>
      <trkpt lat="53.441070" lon="-1.859367"><ele>532.0</ele><time>2026-03-28T10:28:37.000Z</time></trkpt>
      <trkpt lat="53.441074" lon="-1.859350"><ele>532.2</ele><time>2026-03-28T10:28:38.000Z</time></trkpt>
      <trkpt lat="53.441086" lon="-1.859339"><ele>532.4</ele><time>2026-03-28T10:28:39.000Z</time></trkpt>
      <trkpt lat="53.441090" lon="-1.859322"><ele>532.2</ele><time>2026-03-28T10:28:40.000Z</time></trkpt>
      <trkpt lat="53.441093" lon="-1.859300"><ele>532.6</ele><time>2026-03-28T10:28:41.000Z</time></trkpt>
      <trkpt lat="53.441093" lon="-1.859278"><ele>532.2</ele><time>2026-03-28T10:28:42.000Z</time></trkpt>
      <trkpt lat="53.441100" lon="-1.859260"><ele>532.6</ele><time>2026-03-28T10:28:43.000Z</time></trkpt>
      <trkpt lat="53.441110" lon="-1.859240"><ele>532.6</ele><time>2026-03-28T10:28:44.000Z</time></trkpt>
      <trkpt lat="53.441113" lon="-1.859223"><ele>532.6</ele><time>2026-03-28T10:28:45.000Z</time></trkpt>
      <trkpt lat="53.441120" lon="-1.859205"><ele>532.4</ele><time>2026-03-28T10:28:46.000Z</time></trkpt>
      <trkpt lat="53.441128" lon="-1.859187"><ele>532.2</ele><time>2026-03-28T10:28:47.000Z</time></trkpt>
      <trkpt lat="53.441135" lon="-1.859170"><ele>532.8</ele><time>2026-03-28T10:28:48.000Z</time></trkpt>
      <trkpt lat="53.441143" lon="-1.859149"><ele>533.0</ele><time>2026-03-28T10:28:49.000Z</time></trkpt>
      <trkpt lat="53.441150" lon="-1.859136"><ele>532.8</ele><time>2026-03-28T10:28:50.000Z</time></trkpt>
      <trkpt lat="53.441154" lon="-1.859124"><ele>533.0</ele><time>2026-03-28T10:28:51.000Z</time></trkpt>
      <trkpt lat="53.441166" lon="-1.859117"><ele>532.8</ele><time>2026-03-28T10:28:52.000Z</time></trkpt>
      <trkpt lat="53.441170" lon="-1.859110"><ele>532.6</ele><time>2026-03-28T10:28:53.000Z</time></trkpt>
      <trkpt lat="53.441185" lon="-1.859101"><ele>532.6</ele><time>2026-03-28T10:28:54.000Z</time></trkpt>
      <trkpt lat="53.441196" lon="-1.859087"><ele>533.2</ele><time>2026-03-28T10:28:55.000Z</time></trkpt>
      <trkpt lat="53.441204" lon="-1.859082"><ele>532.8</ele><time>2026-03-28T10:28:56.000Z</time></trkpt>
      <trkpt lat="53.441210" lon="-1.859070"><ele>531.8</ele><time>2026-03-28T10:28:57.000Z</time></trkpt>
      <trkpt lat="53.441220" lon="-1.859060"><ele>532.4</ele><time>2026-03-28T10:28:58.000Z</time></trkpt>
      <trkpt lat="53.441227" lon="-1.859047"><ele>532.6</ele><time>2026-03-28T10:28:59.000Z</time></trkpt>
      <trkpt lat="53.441230" lon="-1.859030"><ele>531.4</ele><time>2026-03-28T10:29:00.000Z</time></trkpt>
      <trkpt lat="53.441235" lon="-1.859007"><ele>531.2</ele><time>2026-03-28T10:29:01.000Z</time></trkpt>
      <trkpt lat="53.441242" lon="-1.859002"><ele>532.0</ele><time>2026-03-28T10:29:02.000Z</time></trkpt>
      <trkpt lat="53.441246" lon="-1.858990"><ele>532.0</ele><time>2026-03-28T10:29:03.000Z</time></trkpt>
      <trkpt lat="53.441250" lon="-1.858969"><ele>532.4</ele><time>2026-03-28T10:29:04.000Z</time></trkpt>
      <trkpt lat="53.441246" lon="-1.858953"><ele>532.0</ele><time>2026-03-28T10:29:05.000Z</time></trkpt>
      <trkpt lat="53.441254" lon="-1.858942"><ele>531.6</ele><time>2026-03-28T10:29:06.000Z</time></trkpt>
      <trkpt lat="53.441260" lon="-1.858927"><ele>531.4</ele><time>2026-03-28T10:29:07.000Z</time></trkpt>
      <trkpt lat="53.441273" lon="-1.858909"><ele>531.4</ele><time>2026-03-28T10:29:08.000Z</time></trkpt>
      <trkpt lat="53.441284" lon="-1.858900"><ele>532.0</ele><time>2026-03-28T10:29:09.000Z</time></trkpt>
      <trkpt lat="53.441290" lon="-1.858882"><ele>532.4</ele><time>2026-03-28T10:29:10.000Z</time></trkpt>
      <trkpt lat="53.441300" lon="-1.858871"><ele>532.4</ele><time>2026-03-28T10:29:11.000Z</time></trkpt>
      <trkpt lat="53.441307" lon="-1.858856"><ele>531.6</ele><time>2026-03-28T10:29:12.000Z</time></trkpt>
      <trkpt lat="53.441320" lon="-1.858834"><ele>532.4</ele><time>2026-03-28T10:29:13.000Z</time></trkpt>
      <trkpt lat="53.441326" lon="-1.858817"><ele>531.6</ele><time>2026-03-28T10:29:14.000Z</time></trkpt>
      <trkpt lat="53.441330" lon="-1.858797"><ele>531.0</ele><time>2026-03-28T10:29:15.000Z</time></trkpt>
      <trkpt lat="53.441334" lon="-1.858781"><ele>531.2</ele><time>2026-03-28T10:29:16.000Z</time></trkpt>
      <trkpt lat="53.441334" lon="-1.858765"><ele>531.8</ele><time>2026-03-28T10:29:17.000Z</time></trkpt>
      <trkpt lat="53.441338" lon="-1.858739"><ele>530.8</ele><time>2026-03-28T10:29:18.000Z</time></trkpt>
      <trkpt lat="53.441340" lon="-1.858716"><ele>531.2</ele><time>2026-03-28T10:29:19.000Z</time></trkpt>
      <trkpt lat="53.441353" lon="-1.858707"><ele>531.4</ele><time>2026-03-28T10:29:20.000Z</time></trkpt>
      <trkpt lat="53.441357" lon="-1.858692"><ele>531.8</ele><time>2026-03-28T10:29:21.000Z</time></trkpt>
      <trkpt lat="53.441364" lon="-1.858680"><ele>531.8</ele><time>2026-03-28T10:29:22.000Z</time></trkpt>
      <trkpt lat="53.441372" lon="-1.858663"><ele>531.8</ele><time>2026-03-28T10:29:23.000Z</time></trkpt>
      <trkpt lat="53.441376" lon="-1.858648"><ele>531.8</ele><time>2026-03-28T10:29:24.000Z</time></trkpt>
      <trkpt lat="53.441387" lon="-1.858627"><ele>532.4</ele><time>2026-03-28T10:29:25.000Z</time></trkpt>
      <trkpt lat="53.441390" lon="-1.858621"><ele>531.6</ele><time>2026-03-28T10:29:26.000Z</time></trkpt>
      <trkpt lat="53.441400" lon="-1.858614"><ele>530.6</ele><time>2026-03-28T10:29:27.000Z</time></trkpt>
      <trkpt lat="53.441410" lon="-1.858594"><ele>532.0</ele><time>2026-03-28T10:29:28.000Z</time></trkpt>
      <trkpt lat="53.441418" lon="-1.858580"><ele>531.8</ele><time>2026-03-28T10:29:29.000Z</time></trkpt>
      <trkpt lat="53.441420" lon="-1.858572"><ele>532.6</ele><time>2026-03-28T10:29:30.000Z</time></trkpt>
      <trkpt lat="53.441430" lon="-1.858560"><ele>532.8</ele><time>2026-03-28T10:29:31.000Z</time></trkpt>
      <trkpt lat="53.441440" lon="-1.858545"><ele>533.0</ele><time>2026-03-28T10:29:32.000Z</time></trkpt>
      <trkpt lat="53.441450" lon="-1.858527"><ele>533.4</ele><time>2026-03-28T10:29:33.000Z</time></trkpt>
      <trkpt lat="53.441452" lon="-1.858510"><ele>533.2</ele><time>2026-03-28T10:29:34.000Z</time></trkpt>
      <trkpt lat="53.441460" lon="-1.858494"><ele>533.4</ele><time>2026-03-28T10:29:35.000Z</time></trkpt>
      <trkpt lat="53.441470" lon="-1.858477"><ele>533.2</ele><time>2026-03-28T10:29:36.000Z</time></trkpt>
      <trkpt lat="53.441480" lon="-1.858461"><ele>533.8</ele><time>2026-03-28T10:29:37.000Z</time></trkpt>
      <trkpt lat="53.441483" lon="-1.858448"><ele>533.4</ele><time>2026-03-28T10:29:38.000Z</time></trkpt>
      <trkpt lat="53.441486" lon="-1.858435"><ele>533.8</ele><time>2026-03-28T10:29:39.000Z</time></trkpt>
      <trkpt lat="53.441494" lon="-1.858415"><ele>534.2</ele><time>2026-03-28T10:29:40.000Z</time></trkpt>
      <trkpt lat="53.441494" lon="-1.858404"><ele>533.0</ele><time>2026-03-28T10:29:41.000Z</time></trkpt>
      <trkpt lat="53.441498" lon="-1.858396"><ele>533.2</ele><time>2026-03-28T10:29:42.000Z</time></trkpt>
      <trkpt lat="53.441505" lon="-1.858383"><ele>533.6</ele><time>2026-03-28T10:29:43.000Z</time></trkpt>
      <trkpt lat="53.441510" lon="-1.858370"><ele>533.6</ele><time>2026-03-28T10:29:44.000Z</time></trkpt>
      <trkpt lat="53.441513" lon="-1.858355"><ele>533.4</ele><time>2026-03-28T10:29:45.000Z</time></trkpt>
      <trkpt lat="53.441520" lon="-1.858337"><ele>533.2</ele><time>2026-03-28T10:29:46.000Z</time></trkpt>
      <trkpt lat="53.441532" lon="-1.858321"><ele>534.0</ele><time>2026-03-28T10:29:47.000Z</time></trkpt>
      <trkpt lat="53.441536" lon="-1.858303"><ele>533.8</ele><time>2026-03-28T10:29:48.000Z</time></trkpt>
      <trkpt lat="53.441540" lon="-1.858295"><ele>533.4</ele><time>2026-03-28T10:29:49.000Z</time></trkpt>
      <trkpt lat="53.441547" lon="-1.858284"><ele>533.2</ele><time>2026-03-28T10:29:50.000Z</time></trkpt>
      <trkpt lat="53.441560" lon="-1.858264"><ele>533.6</ele><time>2026-03-28T10:29:51.000Z</time></trkpt>
      <trkpt lat="53.441566" lon="-1.858252"><ele>534.2</ele><time>2026-03-28T10:29:52.000Z</time></trkpt>
      <trkpt lat="53.441578" lon="-1.858248"><ele>534.6</ele><time>2026-03-28T10:29:53.000Z</time></trkpt>
      <trkpt lat="53.441586" lon="-1.858238"><ele>535.0</ele><time>2026-03-28T10:29:54.000Z</time></trkpt>
      <trkpt lat="53.441597" lon="-1.858220"><ele>533.8</ele><time>2026-03-28T10:29:55.000Z</time></trkpt>
      <trkpt lat="53.441600" lon="-1.858208"><ele>534.0</ele><time>2026-03-28T10:29:56.000Z</time></trkpt>
      <trkpt lat="53.441605" lon="-1.858187"><ele>534.2</ele><time>2026-03-28T10:29:57.000Z</time></trkpt>
      <trkpt lat="53.441612" lon="-1.858171"><ele>533.2</ele><time>2026-03-28T10:29:58.000Z</time></trkpt>
      <trkpt lat="53.441620" lon="-1.858156"><ele>533.8</ele><time>2026-03-28T10:29:59.000Z</time></trkpt>
      <trkpt lat="53.441630" lon="-1.858137"><ele>534.0</ele><time>2026-03-28T10:30:00.000Z</time></trkpt>
      <trkpt lat="53.441640" lon="-1.858129"><ele>534.4</ele><time>2026-03-28T10:30:01.000Z</time></trkpt>
      <trkpt lat="53.441643" lon="-1.858111"><ele>534.0</ele><time>2026-03-28T10:30:02.000Z</time></trkpt>
      <trkpt lat="53.441650" lon="-1.858095"><ele>534.2</ele><time>2026-03-28T10:30:03.000Z</time></trkpt>
      <trkpt lat="53.441660" lon="-1.858074"><ele>534.6</ele><time>2026-03-28T10:30:04.000Z</time></trkpt>
      <trkpt lat="53.441670" lon="-1.858063"><ele>534.6</ele><time>2026-03-28T10:30:05.000Z</time></trkpt>
      <trkpt lat="53.441673" lon="-1.858046"><ele>534.4</ele><time>2026-03-28T10:30:06.000Z</time></trkpt>
      <trkpt lat="53.441680" lon="-1.858035"><ele>533.4</ele><time>2026-03-28T10:30:07.000Z</time></trkpt>
      <trkpt lat="53.441692" lon="-1.858020"><ele>533.6</ele><time>2026-03-28T10:30:08.000Z</time></trkpt>
      <trkpt lat="53.441700" lon="-1.858003"><ele>534.4</ele><time>2026-03-28T10:30:09.000Z</time></trkpt>
      <trkpt lat="53.441708" lon="-1.857984"><ele>534.4</ele><time>2026-03-28T10:30:10.000Z</time></trkpt>
      <trkpt lat="53.441715" lon="-1.857975"><ele>533.6</ele><time>2026-03-28T10:30:11.000Z</time></trkpt>
      <trkpt lat="53.441720" lon="-1.857962"><ele>532.6</ele><time>2026-03-28T10:30:12.000Z</time></trkpt>
      <trkpt lat="53.441723" lon="-1.857942"><ele>533.6</ele><time>2026-03-28T10:30:13.000Z</time></trkpt>
      <trkpt lat="53.441730" lon="-1.857924"><ele>534.2</ele><time>2026-03-28T10:30:14.000Z</time></trkpt>
      <trkpt lat="53.441742" lon="-1.857907"><ele>534.6</ele><time>2026-03-28T10:30:15.000Z</time></trkpt>
      <trkpt lat="53.441753" lon="-1.857899"><ele>534.8</ele><time>2026-03-28T10:30:16.000Z</time></trkpt>
      <trkpt lat="53.441757" lon="-1.857885"><ele>533.6</ele><time>2026-03-28T10:30:17.000Z</time></trkpt>
      <trkpt lat="53.441765" lon="-1.857866"><ele>534.6</ele><time>2026-03-28T10:30:18.000Z</time></trkpt>
      <trkpt lat="53.441772" lon="-1.857854"><ele>534.8</ele><time>2026-03-28T10:30:19.000Z</time></trkpt>
      <trkpt lat="53.441772" lon="-1.857848"><ele>534.6</ele><time>2026-03-28T10:30:20.000Z</time></trkpt>
      <trkpt lat="53.441780" lon="-1.857833"><ele>535.2</ele><time>2026-03-28T10:30:21.000Z</time></trkpt>
      <trkpt lat="53.441788" lon="-1.857816"><ele>535.4</ele><time>2026-03-28T10:30:22.000Z</time></trkpt>
      <trkpt lat="53.441800" lon="-1.857803"><ele>536.0</ele><time>2026-03-28T10:30:23.000Z</time></trkpt>
      <trkpt lat="53.441803" lon="-1.857796"><ele>536.0</ele><time>2026-03-28T10:30:24.000Z</time></trkpt>
      <trkpt lat="53.441810" lon="-1.857783"><ele>535.0</ele><time>2026-03-28T10:30:25.000Z</time></trkpt>
      <trkpt lat="53.441820" lon="-1.857771"><ele>534.6</ele><time>2026-03-28T10:30:26.000Z</time></trkpt>
      <trkpt lat="53.441822" lon="-1.857759"><ele>534.4</ele><time>2026-03-28T10:30:27.000Z</time></trkpt>
      <trkpt lat="53.441830" lon="-1.857743"><ele>535.2</ele><time>2026-03-28T10:30:28.000Z</time></trkpt>
      <trkpt lat="53.441837" lon="-1.857730"><ele>535.6</ele><time>2026-03-28T10:30:29.000Z</time></trkpt>
      <trkpt lat="53.441845" lon="-1.857713"><ele>535.8</ele><time>2026-03-28T10:30:30.000Z</time></trkpt>
      <trkpt lat="53.441845" lon="-1.857698"><ele>535.8</ele><time>2026-03-28T10:30:31.000Z</time></trkpt>
      <trkpt lat="53.441850" lon="-1.857685"><ele>536.4</ele><time>2026-03-28T10:30:32.000Z</time></trkpt>
      <trkpt lat="53.441856" lon="-1.857669"><ele>536.0</ele><time>2026-03-28T10:30:33.000Z</time></trkpt>
      <trkpt lat="53.441870" lon="-1.857662"><ele>535.8</ele><time>2026-03-28T10:30:34.000Z</time></trkpt>
      <trkpt lat="53.441880" lon="-1.857648"><ele>535.8</ele><time>2026-03-28T10:30:35.000Z</time></trkpt>
      <trkpt lat="53.441887" lon="-1.857641"><ele>536.4</ele><time>2026-03-28T10:30:36.000Z</time></trkpt>
      <trkpt lat="53.441900" lon="-1.857621"><ele>536.6</ele><time>2026-03-28T10:30:37.000Z</time></trkpt>
      <trkpt lat="53.441906" lon="-1.857601"><ele>535.4</ele><time>2026-03-28T10:30:38.000Z</time></trkpt>
      <trkpt lat="53.441910" lon="-1.857581"><ele>535.0</ele><time>2026-03-28T10:30:39.000Z</time></trkpt>
      <trkpt lat="53.441914" lon="-1.857562"><ele>535.4</ele><time>2026-03-28T10:30:40.000Z</time></trkpt>
      <trkpt lat="53.441920" lon="-1.857549"><ele>535.8</ele><time>2026-03-28T10:30:41.000Z</time></trkpt>
      <trkpt lat="53.441930" lon="-1.857538"><ele>536.0</ele><time>2026-03-28T10:30:42.000Z</time></trkpt>
      <trkpt lat="53.441936" lon="-1.857512"><ele>536.2</ele><time>2026-03-28T10:30:43.000Z</time></trkpt>
      <trkpt lat="53.441944" lon="-1.857501"><ele>536.2</ele><time>2026-03-28T10:30:44.000Z</time></trkpt>
      <trkpt lat="53.441948" lon="-1.857488"><ele>536.2</ele><time>2026-03-28T10:30:45.000Z</time></trkpt>
      <trkpt lat="53.441960" lon="-1.857479"><ele>536.4</ele><time>2026-03-28T10:30:46.000Z</time></trkpt>
      <trkpt lat="53.441967" lon="-1.857465"><ele>536.2</ele><time>2026-03-28T10:30:47.000Z</time></trkpt>
      <trkpt lat="53.441980" lon="-1.857453"><ele>535.8</ele><time>2026-03-28T10:30:48.000Z</time></trkpt>
      <trkpt lat="53.441986" lon="-1.857438"><ele>535.6</ele><time>2026-03-28T10:30:49.000Z</time></trkpt>
      <trkpt lat="53.441990" lon="-1.857425"><ele>535.8</ele><time>2026-03-28T10:30:50.000Z</time></trkpt>
      <trkpt lat="53.442000" lon="-1.857419"><ele>535.8</ele><time>2026-03-28T10:30:51.000Z</time></trkpt>
      <trkpt lat="53.442013" lon="-1.857398"><ele>536.0</ele><time>2026-03-28T10:30:52.000Z</time></trkpt>
      <trkpt lat="53.442017" lon="-1.857378"><ele>536.2</ele><time>2026-03-28T10:30:53.000Z</time></trkpt>
      <trkpt lat="53.442020" lon="-1.857361"><ele>536.0</ele><time>2026-03-28T10:30:54.000Z</time></trkpt>
      <trkpt lat="53.442028" lon="-1.857345"><ele>536.0</ele><time>2026-03-28T10:30:55.000Z</time></trkpt>
      <trkpt lat="53.442036" lon="-1.857336"><ele>536.0</ele><time>2026-03-28T10:30:56.000Z</time></trkpt>
      <trkpt lat="53.442043" lon="-1.857318"><ele>536.6</ele><time>2026-03-28T10:30:57.000Z</time></trkpt>
      <trkpt lat="53.442060" lon="-1.857293"><ele>537.2</ele><time>2026-03-28T10:30:58.000Z</time></trkpt>
      <trkpt lat="53.442062" lon="-1.857282"><ele>537.2</ele><time>2026-03-28T10:30:59.000Z</time></trkpt>
      <trkpt lat="53.442070" lon="-1.857266"><ele>537.4</ele><time>2026-03-28T10:31:00.000Z</time></trkpt>
      <trkpt lat="53.442078" lon="-1.857250"><ele>536.0</ele><time>2026-03-28T10:31:01.000Z</time></trkpt>
      <trkpt lat="53.442078" lon="-1.857246"><ele>536.0</ele><time>2026-03-28T10:31:02.000Z</time></trkpt>
      <trkpt lat="53.442090" lon="-1.857230"><ele>536.4</ele><time>2026-03-28T10:31:03.000Z</time></trkpt>
      <trkpt lat="53.442097" lon="-1.857216"><ele>535.4</ele><time>2026-03-28T10:31:04.000Z</time></trkpt>
      <trkpt lat="53.442110" lon="-1.857201"><ele>536.2</ele><time>2026-03-28T10:31:05.000Z</time></trkpt>
      <trkpt lat="53.442120" lon="-1.857187"><ele>537.0</ele><time>2026-03-28T10:31:06.000Z</time></trkpt>
      <trkpt lat="53.442127" lon="-1.857176"><ele>537.2</ele><time>2026-03-28T10:31:07.000Z</time></trkpt>
      <trkpt lat="53.442140" lon="-1.857161"><ele>537.0</ele><time>2026-03-28T10:31:08.000Z</time></trkpt>
      <trkpt lat="53.442150" lon="-1.857150"><ele>537.4</ele><time>2026-03-28T10:31:09.000Z</time></trkpt>
      <trkpt lat="53.442158" lon="-1.857133"><ele>536.0</ele><time>2026-03-28T10:31:10.000Z</time></trkpt>
      <trkpt lat="53.442160" lon="-1.857121"><ele>535.8</ele><time>2026-03-28T10:31:11.000Z</time></trkpt>
      <trkpt lat="53.442170" lon="-1.857109"><ele>536.2</ele><time>2026-03-28T10:31:12.000Z</time></trkpt>
      <trkpt lat="53.442177" lon="-1.857086"><ele>536.2</ele><time>2026-03-28T10:31:13.000Z</time></trkpt>
      <trkpt lat="53.442190" lon="-1.857074"><ele>536.6</ele><time>2026-03-28T10:31:14.000Z</time></trkpt>
      <trkpt lat="53.442192" lon="-1.857063"><ele>537.0</ele><time>2026-03-28T10:31:15.000Z</time></trkpt>
      <trkpt lat="53.442204" lon="-1.857037"><ele>536.8</ele><time>2026-03-28T10:31:16.000Z</time></trkpt>
      <trkpt lat="53.442207" lon="-1.857026"><ele>537.6</ele><time>2026-03-28T10:31:17.000Z</time></trkpt>
      <trkpt lat="53.442223" lon="-1.857016"><ele>536.6</ele><time>2026-03-28T10:31:18.000Z</time></trkpt>
      <trkpt lat="53.442234" lon="-1.856996"><ele>537.4</ele><time>2026-03-28T10:31:19.000Z</time></trkpt>
      <trkpt lat="53.442240" lon="-1.856989"><ele>537.4</ele><time>2026-03-28T10:31:20.000Z</time></trkpt>
      <trkpt lat="53.442250" lon="-1.856972"><ele>537.4</ele><time>2026-03-28T10:31:21.000Z</time></trkpt>
      <trkpt lat="53.442253" lon="-1.856960"><ele>536.8</ele><time>2026-03-28T10:31:22.000Z</time></trkpt>
      <trkpt lat="53.442265" lon="-1.856934"><ele>536.0</ele><time>2026-03-28T10:31:23.000Z</time></trkpt>
      <trkpt lat="53.442270" lon="-1.856919"><ele>535.8</ele><time>2026-03-28T10:31:24.000Z</time></trkpt>
      <trkpt lat="53.442276" lon="-1.856906"><ele>536.6</ele><time>2026-03-28T10:31:25.000Z</time></trkpt>
      <trkpt lat="53.442284" lon="-1.856897"><ele>537.2</ele><time>2026-03-28T10:31:26.000Z</time></trkpt>
      <trkpt lat="53.442287" lon="-1.856874"><ele>536.8</ele><time>2026-03-28T10:31:27.000Z</time></trkpt>
      <trkpt lat="53.442287" lon="-1.856853"><ele>537.2</ele><time>2026-03-28T10:31:28.000Z</time></trkpt>
      <trkpt lat="53.442295" lon="-1.856836"><ele>537.6</ele><time>2026-03-28T10:31:29.000Z</time></trkpt>
      <trkpt lat="53.442303" lon="-1.856822"><ele>537.8</ele><time>2026-03-28T10:31:30.000Z</time></trkpt>
      <trkpt lat="53.442314" lon="-1.856804"><ele>536.8</ele><time>2026-03-28T10:31:31.000Z</time></trkpt>
      <trkpt lat="53.442318" lon="-1.856782"><ele>537.0</ele><time>2026-03-28T10:31:32.000Z</time></trkpt>
      <trkpt lat="53.442320" lon="-1.856760"><ele>537.4</ele><time>2026-03-28T10:31:33.000Z</time></trkpt>
      <trkpt lat="53.442320" lon="-1.856738"><ele>537.4</ele><time>2026-03-28T10:31:34.000Z</time></trkpt>
      <trkpt lat="53.442326" lon="-1.856712"><ele>537.4</ele><time>2026-03-28T10:31:35.000Z</time></trkpt>
      <trkpt lat="53.442333" lon="-1.856699"><ele>537.4</ele><time>2026-03-28T10:31:36.000Z</time></trkpt>
      <trkpt lat="53.442345" lon="-1.856688"><ele>538.2</ele><time>2026-03-28T10:31:37.000Z</time></trkpt>
      <trkpt lat="53.442356" lon="-1.856679"><ele>538.0</ele><time>2026-03-28T10:31:38.000Z</time></trkpt>
      <trkpt lat="53.442364" lon="-1.856663"><ele>538.0</ele><time>2026-03-28T10:31:39.000Z</time></trkpt>
      <trkpt lat="53.442375" lon="-1.856649"><ele>538.2</ele><time>2026-03-28T10:31:40.000Z</time></trkpt>
      <trkpt lat="53.442380" lon="-1.856633"><ele>538.2</ele><time>2026-03-28T10:31:41.000Z</time></trkpt>
      <trkpt lat="53.442387" lon="-1.856618"><ele>538.4</ele><time>2026-03-28T10:31:42.000Z</time></trkpt>
      <trkpt lat="53.442394" lon="-1.856600"><ele>538.6</ele><time>2026-03-28T10:31:43.000Z</time></trkpt>
      <trkpt lat="53.442400" lon="-1.856585"><ele>538.0</ele><time>2026-03-28T10:31:44.000Z</time></trkpt>
      <trkpt lat="53.442413" lon="-1.856570"><ele>538.2</ele><time>2026-03-28T10:31:45.000Z</time></trkpt>
      <trkpt lat="53.442420" lon="-1.856560"><ele>538.2</ele><time>2026-03-28T10:31:46.000Z</time></trkpt>
      <trkpt lat="53.442430" lon="-1.856547"><ele>538.0</ele><time>2026-03-28T10:31:47.000Z</time></trkpt>
      <trkpt lat="53.442436" lon="-1.856536"><ele>538.0</ele><time>2026-03-28T10:31:48.000Z</time></trkpt>
      <trkpt lat="53.442450" lon="-1.856523"><ele>538.0</ele><time>2026-03-28T10:31:49.000Z</time></trkpt>
      <trkpt lat="53.442460" lon="-1.856513"><ele>538.2</ele><time>2026-03-28T10:31:50.000Z</time></trkpt>
      <trkpt lat="53.442463" lon="-1.856497"><ele>538.2</ele><time>2026-03-28T10:31:51.000Z</time></trkpt>
      <trkpt lat="53.442474" lon="-1.856485"><ele>538.0</ele><time>2026-03-28T10:31:52.000Z</time></trkpt>
      <trkpt lat="53.442482" lon="-1.856477"><ele>538.6</ele><time>2026-03-28T10:31:53.000Z</time></trkpt>
      <trkpt lat="53.442497" lon="-1.856464"><ele>538.2</ele><time>2026-03-28T10:31:54.000Z</time></trkpt>
      <trkpt lat="53.442505" lon="-1.856462"><ele>538.6</ele><time>2026-03-28T10:31:55.000Z</time></trkpt>
      <trkpt lat="53.442516" lon="-1.856461"><ele>538.2</ele><time>2026-03-28T10:31:56.000Z</time></trkpt>
      <trkpt lat="53.442528" lon="-1.856453"><ele>538.8</ele><time>2026-03-28T10:31:57.000Z</time></trkpt>
      <trkpt lat="53.442540" lon="-1.856443"><ele>538.8</ele><time>2026-03-28T10:31:58.000Z</time></trkpt>
      <trkpt lat="53.442547" lon="-1.856434"><ele>539.2</ele><time>2026-03-28T10:31:59.000Z</time></trkpt>
      <trkpt lat="53.442554" lon="-1.856430"><ele>539.0</ele><time>2026-03-28T10:32:00.000Z</time></trkpt>
      <trkpt lat="53.442566" lon="-1.856415"><ele>540.2</ele><time>2026-03-28T10:32:01.000Z</time></trkpt>
      <trkpt lat="53.442574" lon="-1.856397"><ele>540.2</ele><time>2026-03-28T10:32:02.000Z</time></trkpt>
      <trkpt lat="53.442580" lon="-1.856384"><ele>540.0</ele><time>2026-03-28T10:32:03.000Z</time></trkpt>
      <trkpt lat="53.442590" lon="-1.856371"><ele>540.0</ele><time>2026-03-28T10:32:04.000Z</time></trkpt>
      <trkpt lat="53.442596" lon="-1.856360"><ele>540.4</ele><time>2026-03-28T10:32:05.000Z</time></trkpt>
      <trkpt lat="53.442608" lon="-1.856349"><ele>540.8</ele><time>2026-03-28T10:32:06.000Z</time></trkpt>
      <trkpt lat="53.442610" lon="-1.856337"><ele>540.6</ele><time>2026-03-28T10:32:07.000Z</time></trkpt>
      <trkpt lat="53.442616" lon="-1.856323"><ele>540.2</ele><time>2026-03-28T10:32:08.000Z</time></trkpt>
      <trkpt lat="53.442620" lon="-1.856310"><ele>540.2</ele><time>2026-03-28T10:32:09.000Z</time></trkpt>
      <trkpt lat="53.442627" lon="-1.856293"><ele>539.6</ele><time>2026-03-28T10:32:10.000Z</time></trkpt>
      <trkpt lat="53.442630" lon="-1.856278"><ele>538.6</ele><time>2026-03-28T10:32:11.000Z</time></trkpt>
      <trkpt lat="53.442640" lon="-1.856264"><ele>539.0</ele><time>2026-03-28T10:32:12.000Z</time></trkpt>
      <trkpt lat="53.442650" lon="-1.856250"><ele>539.6</ele><time>2026-03-28T10:32:13.000Z</time></trkpt>
      <trkpt lat="53.442660" lon="-1.856236"><ele>539.8</ele><time>2026-03-28T10:32:14.000Z</time></trkpt>
      <trkpt lat="53.442670" lon="-1.856227"><ele>540.2</ele><time>2026-03-28T10:32:15.000Z</time></trkpt>
      <trkpt lat="53.442673" lon="-1.856213"><ele>540.6</ele><time>2026-03-28T10:32:16.000Z</time></trkpt>
      <trkpt lat="53.442680" lon="-1.856200"><ele>540.6</ele><time>2026-03-28T10:32:17.000Z</time></trkpt>
      <trkpt lat="53.442684" lon="-1.856184"><ele>541.0</ele><time>2026-03-28T10:32:18.000Z</time></trkpt>
      <trkpt lat="53.442690" lon="-1.856170"><ele>540.6</ele><time>2026-03-28T10:32:19.000Z</time></trkpt>
      <trkpt lat="53.442700" lon="-1.856167"><ele>540.8</ele><time>2026-03-28T10:32:20.000Z</time></trkpt>
      <trkpt lat="53.442715" lon="-1.856147"><ele>540.0</ele><time>2026-03-28T10:32:21.000Z</time></trkpt>
      <trkpt lat="53.442722" lon="-1.856132"><ele>539.8</ele><time>2026-03-28T10:32:22.000Z</time></trkpt>
      <trkpt lat="53.442726" lon="-1.856110"><ele>539.8</ele><time>2026-03-28T10:32:23.000Z</time></trkpt>
      <trkpt lat="53.442738" lon="-1.856098"><ele>540.0</ele><time>2026-03-28T10:32:24.000Z</time></trkpt>
      <trkpt lat="53.442745" lon="-1.856090"><ele>539.8</ele><time>2026-03-28T10:32:25.000Z</time></trkpt>
      <trkpt lat="53.442753" lon="-1.856075"><ele>539.6</ele><time>2026-03-28T10:32:26.000Z</time></trkpt>
      <trkpt lat="53.442760" lon="-1.856067"><ele>539.8</ele><time>2026-03-28T10:32:27.000Z</time></trkpt>
      <trkpt lat="53.442770" lon="-1.856059"><ele>539.8</ele><time>2026-03-28T10:32:28.000Z</time></trkpt>
      <trkpt lat="53.442780" lon="-1.856050"><ele>539.8</ele><time>2026-03-28T10:32:29.000Z</time></trkpt>
      <trkpt lat="53.442790" lon="-1.856038"><ele>540.0</ele><time>2026-03-28T10:32:30.000Z</time></trkpt>
      <trkpt lat="53.442802" lon="-1.856029"><ele>540.6</ele><time>2026-03-28T10:32:31.000Z</time></trkpt>
      <trkpt lat="53.442810" lon="-1.856020"><ele>540.6</ele><time>2026-03-28T10:32:32.000Z</time></trkpt>
      <trkpt lat="53.442820" lon="-1.856005"><ele>540.8</ele><time>2026-03-28T10:32:33.000Z</time></trkpt>
      <trkpt lat="53.442833" lon="-1.855994"><ele>540.8</ele><time>2026-03-28T10:32:34.000Z</time></trkpt>
      <trkpt lat="53.442840" lon="-1.855980"><ele>540.0</ele><time>2026-03-28T10:32:35.000Z</time></trkpt>
      <trkpt lat="53.442852" lon="-1.855970"><ele>539.4</ele><time>2026-03-28T10:32:36.000Z</time></trkpt>
      <trkpt lat="53.442860" lon="-1.855960"><ele>540.2</ele><time>2026-03-28T10:32:37.000Z</time></trkpt>
      <trkpt lat="53.442870" lon="-1.855946"><ele>539.4</ele><time>2026-03-28T10:32:38.000Z</time></trkpt>
      <trkpt lat="53.442880" lon="-1.855939"><ele>539.0</ele><time>2026-03-28T10:32:39.000Z</time></trkpt>
      <trkpt lat="53.442886" lon="-1.855929"><ele>539.8</ele><time>2026-03-28T10:32:40.000Z</time></trkpt>
      <trkpt lat="53.442898" lon="-1.855913"><ele>540.2</ele><time>2026-03-28T10:32:41.000Z</time></trkpt>
      <trkpt lat="53.442905" lon="-1.855890"><ele>540.6</ele><time>2026-03-28T10:32:42.000Z</time></trkpt>
      <trkpt lat="53.442913" lon="-1.855878"><ele>541.2</ele><time>2026-03-28T10:32:43.000Z</time></trkpt>
      <trkpt lat="53.442920" lon="-1.855858"><ele>541.8</ele><time>2026-03-28T10:32:44.000Z</time></trkpt>
      <trkpt lat="53.442930" lon="-1.855844"><ele>541.4</ele><time>2026-03-28T10:32:45.000Z</time></trkpt>
      <trkpt lat="53.442940" lon="-1.855835"><ele>541.6</ele><time>2026-03-28T10:32:46.000Z</time></trkpt>
      <trkpt lat="53.442947" lon="-1.855817"><ele>542.0</ele><time>2026-03-28T10:32:47.000Z</time></trkpt>
      <trkpt lat="53.442955" lon="-1.855800"><ele>541.8</ele><time>2026-03-28T10:32:48.000Z</time></trkpt>
      <trkpt lat="53.442960" lon="-1.855786"><ele>541.6</ele><time>2026-03-28T10:32:49.000Z</time></trkpt>
      <trkpt lat="53.442963" lon="-1.855769"><ele>541.4</ele><time>2026-03-28T10:32:50.000Z</time></trkpt>
      <trkpt lat="53.442974" lon="-1.855761"><ele>542.2</ele><time>2026-03-28T10:32:51.000Z</time></trkpt>
      <trkpt lat="53.442980" lon="-1.855747"><ele>541.2</ele><time>2026-03-28T10:32:52.000Z</time></trkpt>
      <trkpt lat="53.442986" lon="-1.855735"><ele>541.0</ele><time>2026-03-28T10:32:53.000Z</time></trkpt>
      <trkpt lat="53.442993" lon="-1.855728"><ele>541.0</ele><time>2026-03-28T10:32:54.000Z</time></trkpt>
      <trkpt lat="53.443005" lon="-1.855716"><ele>541.6</ele><time>2026-03-28T10:32:55.000Z</time></trkpt>
      <trkpt lat="53.443010" lon="-1.855705"><ele>541.6</ele><time>2026-03-28T10:32:56.000Z</time></trkpt>
      <trkpt lat="53.443012" lon="-1.855695"><ele>542.0</ele><time>2026-03-28T10:32:57.000Z</time></trkpt>
      <trkpt lat="53.443020" lon="-1.855679"><ele>542.0</ele><time>2026-03-28T10:32:58.000Z</time></trkpt>
      <trkpt lat="53.443024" lon="-1.855667"><ele>542.4</ele><time>2026-03-28T10:32:59.000Z</time></trkpt>
      <trkpt lat="53.443027" lon="-1.855656"><ele>542.2</ele><time>2026-03-28T10:33:00.000Z</time></trkpt>
      <trkpt lat="53.443035" lon="-1.855646"><ele>542.2</ele><time>2026-03-28T10:33:01.000Z</time></trkpt>
      <trkpt lat="53.443050" lon="-1.855635"><ele>541.6</ele><time>2026-03-28T10:33:02.000Z</time></trkpt>
      <trkpt lat="53.443058" lon="-1.855633"><ele>542.0</ele><time>2026-03-28T10:33:03.000Z</time></trkpt>
      <trkpt lat="53.443070" lon="-1.855619"><ele>541.2</ele><time>2026-03-28T10:33:04.000Z</time></trkpt>
      <trkpt lat="53.443077" lon="-1.855609"><ele>541.6</ele><time>2026-03-28T10:33:05.000Z</time></trkpt>
      <trkpt lat="53.443090" lon="-1.855600"><ele>542.2</ele><time>2026-03-28T10:33:06.000Z</time></trkpt>
      <trkpt lat="53.443100" lon="-1.855590"><ele>542.6</ele><time>2026-03-28T10:33:07.000Z</time></trkpt>
      <trkpt lat="53.443108" lon="-1.855578"><ele>542.8</ele><time>2026-03-28T10:33:08.000Z</time></trkpt>
      <trkpt lat="53.443110" lon="-1.855568"><ele>543.0</ele><time>2026-03-28T10:33:09.000Z</time></trkpt>
      <trkpt lat="53.443127" lon="-1.855560"><ele>543.4</ele><time>2026-03-28T10:33:10.000Z</time></trkpt>
      <trkpt lat="53.443140" lon="-1.855557"><ele>544.4</ele><time>2026-03-28T10:33:11.000Z</time></trkpt>
      <trkpt lat="53.443153" lon="-1.855546"><ele>544.2</ele><time>2026-03-28T10:33:12.000Z</time></trkpt>
      <trkpt lat="53.443157" lon="-1.855535"><ele>544.6</ele><time>2026-03-28T10:33:13.000Z</time></trkpt>
      <trkpt lat="53.443165" lon="-1.855526"><ele>545.2</ele><time>2026-03-28T10:33:14.000Z</time></trkpt>
      <trkpt lat="53.443176" lon="-1.855514"><ele>545.0</ele><time>2026-03-28T10:33:15.000Z</time></trkpt>
      <trkpt lat="53.443188" lon="-1.855498"><ele>545.0</ele><time>2026-03-28T10:33:16.000Z</time></trkpt>
      <trkpt lat="53.443200" lon="-1.855483"><ele>544.4</ele><time>2026-03-28T10:33:17.000Z</time></trkpt>
      <trkpt lat="53.443207" lon="-1.855470"><ele>544.6</ele><time>2026-03-28T10:33:18.000Z</time></trkpt>
      <trkpt lat="53.443210" lon="-1.855454"><ele>544.6</ele><time>2026-03-28T10:33:19.000Z</time></trkpt>
      <trkpt lat="53.443220" lon="-1.855441"><ele>544.8</ele><time>2026-03-28T10:33:20.000Z</time></trkpt>
      <trkpt lat="53.443226" lon="-1.855431"><ele>545.4</ele><time>2026-03-28T10:33:21.000Z</time></trkpt>
      <trkpt lat="53.443233" lon="-1.855412"><ele>545.2</ele><time>2026-03-28T10:33:22.000Z</time></trkpt>
      <trkpt lat="53.443240" lon="-1.855400"><ele>545.4</ele><time>2026-03-28T10:33:23.000Z</time></trkpt>
      <trkpt lat="53.443250" lon="-1.855387"><ele>545.6</ele><time>2026-03-28T10:33:24.000Z</time></trkpt>
      <trkpt lat="53.443256" lon="-1.855382"><ele>544.4</ele><time>2026-03-28T10:33:25.000Z</time></trkpt>
      <trkpt lat="53.443268" lon="-1.855373"><ele>543.8</ele><time>2026-03-28T10:33:26.000Z</time></trkpt>
      <trkpt lat="53.443275" lon="-1.855352"><ele>544.2</ele><time>2026-03-28T10:33:27.000Z</time></trkpt>
      <trkpt lat="53.443283" lon="-1.855342"><ele>544.8</ele><time>2026-03-28T10:33:28.000Z</time></trkpt>
      <trkpt lat="53.443290" lon="-1.855334"><ele>544.6</ele><time>2026-03-28T10:33:29.000Z</time></trkpt>
      <trkpt lat="53.443302" lon="-1.855323"><ele>544.6</ele><time>2026-03-28T10:33:30.000Z</time></trkpt>
      <trkpt lat="53.443314" lon="-1.855309"><ele>545.2</ele><time>2026-03-28T10:33:31.000Z</time></trkpt>
      <trkpt lat="53.443325" lon="-1.855300"><ele>544.8</ele><time>2026-03-28T10:33:32.000Z</time></trkpt>
      <trkpt lat="53.443333" lon="-1.855289"><ele>545.4</ele><time>2026-03-28T10:33:33.000Z</time></trkpt>
      <trkpt lat="53.443344" lon="-1.855277"><ele>546.0</ele><time>2026-03-28T10:33:34.000Z</time></trkpt>
      <trkpt lat="53.443350" lon="-1.855265"><ele>545.6</ele><time>2026-03-28T10:33:35.000Z</time></trkpt>
      <trkpt lat="53.443363" lon="-1.855256"><ele>545.8</ele><time>2026-03-28T10:33:36.000Z</time></trkpt>
      <trkpt lat="53.443370" lon="-1.855247"><ele>546.2</ele><time>2026-03-28T10:33:37.000Z</time></trkpt>
      <trkpt lat="53.443380" lon="-1.855241"><ele>545.8</ele><time>2026-03-28T10:33:38.000Z</time></trkpt>
      <trkpt lat="53.443386" lon="-1.855228"><ele>546.4</ele><time>2026-03-28T10:33:39.000Z</time></trkpt>
      <trkpt lat="53.443398" lon="-1.855218"><ele>545.8</ele><time>2026-03-28T10:33:40.000Z</time></trkpt>
      <trkpt lat="53.443400" lon="-1.855208"><ele>546.0</ele><time>2026-03-28T10:33:41.000Z</time></trkpt>
      <trkpt lat="53.443405" lon="-1.855195"><ele>546.0</ele><time>2026-03-28T10:33:42.000Z</time></trkpt>
      <trkpt lat="53.443420" lon="-1.855169"><ele>545.2</ele><time>2026-03-28T10:33:43.000Z</time></trkpt>
      <trkpt lat="53.443428" lon="-1.855158"><ele>546.0</ele><time>2026-03-28T10:33:44.000Z</time></trkpt>
      <trkpt lat="53.443436" lon="-1.855144"><ele>546.6</ele><time>2026-03-28T10:33:45.000Z</time></trkpt>
      <trkpt lat="53.443436" lon="-1.855132"><ele>547.0</ele><time>2026-03-28T10:33:46.000Z</time></trkpt>
      <trkpt lat="53.443440" lon="-1.855114"><ele>547.2</ele><time>2026-03-28T10:33:47.000Z</time></trkpt>
      <trkpt lat="53.443450" lon="-1.855093"><ele>547.8</ele><time>2026-03-28T10:33:48.000Z</time></trkpt>
      <trkpt lat="53.443455" lon="-1.855085"><ele>547.8</ele><time>2026-03-28T10:33:49.000Z</time></trkpt>
      <trkpt lat="53.443462" lon="-1.855079"><ele>547.8</ele><time>2026-03-28T10:33:50.000Z</time></trkpt>
      <trkpt lat="53.443470" lon="-1.855068"><ele>547.8</ele><time>2026-03-28T10:33:51.000Z</time></trkpt>
      <trkpt lat="53.443480" lon="-1.855045"><ele>546.6</ele><time>2026-03-28T10:33:52.000Z</time></trkpt>
      <trkpt lat="53.443490" lon="-1.855033"><ele>547.6</ele><time>2026-03-28T10:33:53.000Z</time></trkpt>
      <trkpt lat="53.443493" lon="-1.855026"><ele>547.0</ele><time>2026-03-28T10:33:54.000Z</time></trkpt>
      <trkpt lat="53.443500" lon="-1.855014"><ele>547.4</ele><time>2026-03-28T10:33:55.000Z</time></trkpt>
      <trkpt lat="53.443512" lon="-1.854991"><ele>546.6</ele><time>2026-03-28T10:33:56.000Z</time></trkpt>
      <trkpt lat="53.443520" lon="-1.854986"><ele>547.2</ele><time>2026-03-28T10:33:57.000Z</time></trkpt>
      <trkpt lat="53.443527" lon="-1.854977"><ele>547.6</ele><time>2026-03-28T10:33:58.000Z</time></trkpt>
      <trkpt lat="53.443540" lon="-1.854962"><ele>548.2</ele><time>2026-03-28T10:33:59.000Z</time></trkpt>
      <trkpt lat="53.443550" lon="-1.854952"><ele>548.8</ele><time>2026-03-28T10:34:00.000Z</time></trkpt>
      <trkpt lat="53.443558" lon="-1.854944"><ele>548.2</ele><time>2026-03-28T10:34:01.000Z</time></trkpt>
      <trkpt lat="53.443560" lon="-1.854934"><ele>548.2</ele><time>2026-03-28T10:34:02.000Z</time></trkpt>
      <trkpt lat="53.443570" lon="-1.854926"><ele>547.4</ele><time>2026-03-28T10:34:03.000Z</time></trkpt>
      <trkpt lat="53.443577" lon="-1.854916"><ele>546.8</ele><time>2026-03-28T10:34:04.000Z</time></trkpt>
      <trkpt lat="53.443590" lon="-1.854908"><ele>547.4</ele><time>2026-03-28T10:34:05.000Z</time></trkpt>
      <trkpt lat="53.443596" lon="-1.854901"><ele>548.0</ele><time>2026-03-28T10:34:06.000Z</time></trkpt>
      <trkpt lat="53.443607" lon="-1.854894"><ele>548.6</ele><time>2026-03-28T10:34:07.000Z</time></trkpt>
      <trkpt lat="53.443615" lon="-1.854889"><ele>548.8</ele><time>2026-03-28T10:34:08.000Z</time></trkpt>
      <trkpt lat="53.443623" lon="-1.854887"><ele>548.4</ele><time>2026-03-28T10:34:09.000Z</time></trkpt>
      <trkpt lat="53.443638" lon="-1.854881"><ele>549.8</ele><time>2026-03-28T10:34:10.000Z</time></trkpt>
      <trkpt lat="53.443653" lon="-1.854884"><ele>549.6</ele><time>2026-03-28T10:34:11.000Z</time></trkpt>
      <trkpt lat="53.443665" lon="-1.854875"><ele>550.0</ele><time>2026-03-28T10:34:12.000Z</time></trkpt>
      <trkpt lat="53.443672" lon="-1.854858"><ele>550.2</ele><time>2026-03-28T10:34:13.000Z</time></trkpt>
      <trkpt lat="53.443680" lon="-1.854843"><ele>549.4</ele><time>2026-03-28T10:34:14.000Z</time></trkpt>
      <trkpt lat="53.443684" lon="-1.854831"><ele>549.8</ele><time>2026-03-28T10:34:15.000Z</time></trkpt>
      <trkpt lat="53.443690" lon="-1.854811"><ele>550.0</ele><time>2026-03-28T10:34:16.000Z</time></trkpt>
      <trkpt lat="53.443695" lon="-1.854795"><ele>550.0</ele><time>2026-03-28T10:34:17.000Z</time></trkpt>
      <trkpt lat="53.443703" lon="-1.854779"><ele>549.6</ele><time>2026-03-28T10:34:18.000Z</time></trkpt>
      <trkpt lat="53.443707" lon="-1.854775"><ele>550.2</ele><time>2026-03-28T10:34:19.000Z</time></trkpt>
      <trkpt lat="53.443718" lon="-1.854761"><ele>550.6</ele><time>2026-03-28T10:34:20.000Z</time></trkpt>
      <trkpt lat="53.443726" lon="-1.854752"><ele>549.8</ele><time>2026-03-28T10:34:21.000Z</time></trkpt>
      <trkpt lat="53.443730" lon="-1.854740"><ele>549.8</ele><time>2026-03-28T10:34:22.000Z</time></trkpt>
      <trkpt lat="53.443737" lon="-1.854713"><ele>549.6</ele><time>2026-03-28T10:34:23.000Z</time></trkpt>
      <trkpt lat="53.443750" lon="-1.854690"><ele>550.2</ele><time>2026-03-28T10:34:24.000Z</time></trkpt>
      <trkpt lat="53.443752" lon="-1.854681"><ele>550.8</ele><time>2026-03-28T10:34:25.000Z</time></trkpt>
      <trkpt lat="53.443760" lon="-1.854670"><ele>550.4</ele><time>2026-03-28T10:34:26.000Z</time></trkpt>
      <trkpt lat="53.443764" lon="-1.854655"><ele>551.0</ele><time>2026-03-28T10:34:27.000Z</time></trkpt>
      <trkpt lat="53.443770" lon="-1.854640"><ele>550.6</ele><time>2026-03-28T10:34:28.000Z</time></trkpt>
      <trkpt lat="53.443775" lon="-1.854624"><ele>551.0</ele><time>2026-03-28T10:34:29.000Z</time></trkpt>
      <trkpt lat="53.443783" lon="-1.854604"><ele>551.8</ele><time>2026-03-28T10:34:30.000Z</time></trkpt>
      <trkpt lat="53.443790" lon="-1.854588"><ele>552.2</ele><time>2026-03-28T10:34:31.000Z</time></trkpt>
      <trkpt lat="53.443798" lon="-1.854585"><ele>551.2</ele><time>2026-03-28T10:34:32.000Z</time></trkpt>
      <trkpt lat="53.443800" lon="-1.854583"><ele>551.8</ele><time>2026-03-28T10:34:33.000Z</time></trkpt>
      <trkpt lat="53.443820" lon="-1.854564"><ele>550.4</ele><time>2026-03-28T10:34:34.000Z</time></trkpt>
      <trkpt lat="53.443830" lon="-1.854551"><ele>549.8</ele><time>2026-03-28T10:34:35.000Z</time></trkpt>
      <trkpt lat="53.443840" lon="-1.854549"><ele>550.4</ele><time>2026-03-28T10:34:36.000Z</time></trkpt>
      <trkpt lat="53.443848" lon="-1.854539"><ele>551.2</ele><time>2026-03-28T10:34:37.000Z</time></trkpt>
      <trkpt lat="53.443860" lon="-1.854529"><ele>549.8</ele><time>2026-03-28T10:34:38.000Z</time></trkpt>
      <trkpt lat="53.443867" lon="-1.854516"><ele>550.0</ele><time>2026-03-28T10:34:39.000Z</time></trkpt>
      <trkpt lat="53.443874" lon="-1.854504"><ele>550.6</ele><time>2026-03-28T10:34:40.000Z</time></trkpt>
      <trkpt lat="53.443882" lon="-1.854501"><ele>551.2</ele><time>2026-03-28T10:34:41.000Z</time></trkpt>
      <trkpt lat="53.443890" lon="-1.854493"><ele>551.2</ele><time>2026-03-28T10:34:42.000Z</time></trkpt>
      <trkpt lat="53.443900" lon="-1.854476"><ele>551.2</ele><time>2026-03-28T10:34:43.000Z</time></trkpt>
      <trkpt lat="53.443905" lon="-1.854460"><ele>551.6</ele><time>2026-03-28T10:34:44.000Z</time></trkpt>
      <trkpt lat="53.443910" lon="-1.854447"><ele>552.4</ele><time>2026-03-28T10:34:45.000Z</time></trkpt>
      <trkpt lat="53.443913" lon="-1.854428"><ele>552.4</ele><time>2026-03-28T10:34:46.000Z</time></trkpt>
      <trkpt lat="53.443924" lon="-1.854406"><ele>552.4</ele><time>2026-03-28T10:34:47.000Z</time></trkpt>
      <trkpt lat="53.443930" lon="-1.854392"><ele>552.8</ele><time>2026-03-28T10:34:48.000Z</time></trkpt>
      <trkpt lat="53.443943" lon="-1.854379"><ele>551.8</ele><time>2026-03-28T10:34:49.000Z</time></trkpt>
      <trkpt lat="53.443947" lon="-1.854367"><ele>552.2</ele><time>2026-03-28T10:34:50.000Z</time></trkpt>
      <trkpt lat="53.443954" lon="-1.854353"><ele>552.4</ele><time>2026-03-28T10:34:51.000Z</time></trkpt>
      <trkpt lat="53.443962" lon="-1.854340"><ele>552.8</ele><time>2026-03-28T10:34:52.000Z</time></trkpt>
      <trkpt lat="53.443974" lon="-1.854331"><ele>551.8</ele><time>2026-03-28T10:34:53.000Z</time></trkpt>
      <trkpt lat="53.443977" lon="-1.854318"><ele>552.2</ele><time>2026-03-28T10:34:54.000Z</time></trkpt>
      <trkpt lat="53.443985" lon="-1.854302"><ele>552.2</ele><time>2026-03-28T10:34:55.000Z</time></trkpt>
      <trkpt lat="53.443990" lon="-1.854294"><ele>553.0</ele><time>2026-03-28T10:34:56.000Z</time></trkpt>
      <trkpt lat="53.443996" lon="-1.854281"><ele>553.2</ele><time>2026-03-28T10:34:57.000Z</time></trkpt>
      <trkpt lat="53.444004" lon="-1.854279"><ele>553.0</ele><time>2026-03-28T10:34:58.000Z</time></trkpt>
      <trkpt lat="53.444016" lon="-1.854275"><ele>553.6</ele><time>2026-03-28T10:34:59.000Z</time></trkpt>
      <trkpt lat="53.444027" lon="-1.854265"><ele>553.6</ele><time>2026-03-28T10:35:00.000Z</time></trkpt>
      <trkpt lat="53.444030" lon="-1.854262"><ele>554.0</ele><time>2026-03-28T10:35:01.000Z</time></trkpt>
      <trkpt lat="53.444042" lon="-1.854248"><ele>552.8</ele><time>2026-03-28T10:35:02.000Z</time></trkpt>
      <trkpt lat="53.444057" lon="-1.854235"><ele>553.8</ele><time>2026-03-28T10:35:03.000Z</time></trkpt>
      <trkpt lat="53.444070" lon="-1.854229"><ele>552.6</ele><time>2026-03-28T10:35:04.000Z</time></trkpt>
      <trkpt lat="53.444080" lon="-1.854219"><ele>553.2</ele><time>2026-03-28T10:35:05.000Z</time></trkpt>
      <trkpt lat="53.444088" lon="-1.854213"><ele>553.6</ele><time>2026-03-28T10:35:06.000Z</time></trkpt>
      <trkpt lat="53.444096" lon="-1.854196"><ele>553.2</ele><time>2026-03-28T10:35:07.000Z</time></trkpt>
      <trkpt lat="53.444103" lon="-1.854181"><ele>553.6</ele><time>2026-03-28T10:35:08.000Z</time></trkpt>
      <trkpt lat="53.444120" lon="-1.854170"><ele>553.2</ele><time>2026-03-28T10:35:09.000Z</time></trkpt>
      <trkpt lat="53.444122" lon="-1.854164"><ele>553.4</ele><time>2026-03-28T10:35:10.000Z</time></trkpt>
      <trkpt lat="53.444134" lon="-1.854155"><ele>553.8</ele><time>2026-03-28T10:35:11.000Z</time></trkpt>
      <trkpt lat="53.444145" lon="-1.854136"><ele>553.0</ele><time>2026-03-28T10:35:12.000Z</time></trkpt>
      <trkpt lat="53.444150" lon="-1.854127"><ele>553.4</ele><time>2026-03-28T10:35:13.000Z</time></trkpt>
      <trkpt lat="53.444160" lon="-1.854109"><ele>553.6</ele><time>2026-03-28T10:35:14.000Z</time></trkpt>
      <trkpt lat="53.444164" lon="-1.854105"><ele>553.8</ele><time>2026-03-28T10:35:15.000Z</time></trkpt>
      <trkpt lat="53.444170" lon="-1.854091"><ele>554.8</ele><time>2026-03-28T10:35:16.000Z</time></trkpt>
      <trkpt lat="53.444183" lon="-1.854074"><ele>555.4</ele><time>2026-03-28T10:35:17.000Z</time></trkpt>
      <trkpt lat="53.444190" lon="-1.854067"><ele>555.2</ele><time>2026-03-28T10:35:18.000Z</time></trkpt>
      <trkpt lat="53.444195" lon="-1.854057"><ele>555.0</ele><time>2026-03-28T10:35:19.000Z</time></trkpt>
      <trkpt lat="53.444202" lon="-1.854047"><ele>555.4</ele><time>2026-03-28T10:35:20.000Z</time></trkpt>
      <trkpt lat="53.444210" lon="-1.854037"><ele>555.8</ele><time>2026-03-28T10:35:21.000Z</time></trkpt>
      <trkpt lat="53.444220" lon="-1.854018"><ele>557.0</ele><time>2026-03-28T10:35:22.000Z</time></trkpt>
      <trkpt lat="53.444230" lon="-1.854004"><ele>557.2</ele><time>2026-03-28T10:35:23.000Z</time></trkpt>
      <trkpt lat="53.444233" lon="-1.853994"><ele>557.0</ele><time>2026-03-28T10:35:24.000Z</time></trkpt>
      <trkpt lat="53.444237" lon="-1.853973"><ele>556.8</ele><time>2026-03-28T10:35:25.000Z</time></trkpt>
      <trkpt lat="53.444250" lon="-1.853954"><ele>557.4</ele><time>2026-03-28T10:35:26.000Z</time></trkpt>
      <trkpt lat="53.444256" lon="-1.853953"><ele>557.2</ele><time>2026-03-28T10:35:27.000Z</time></trkpt>
      <trkpt lat="53.444267" lon="-1.853946"><ele>556.6</ele><time>2026-03-28T10:35:28.000Z</time></trkpt>
      <trkpt lat="53.444270" lon="-1.853933"><ele>556.4</ele><time>2026-03-28T10:35:29.000Z</time></trkpt>
      <trkpt lat="53.444283" lon="-1.853920"><ele>557.2</ele><time>2026-03-28T10:35:30.000Z</time></trkpt>
      <trkpt lat="53.444290" lon="-1.853916"><ele>557.8</ele><time>2026-03-28T10:35:31.000Z</time></trkpt>
      <trkpt lat="53.444300" lon="-1.853904"><ele>557.8</ele><time>2026-03-28T10:35:32.000Z</time></trkpt>
      <trkpt lat="53.444310" lon="-1.853897"><ele>558.6</ele><time>2026-03-28T10:35:33.000Z</time></trkpt>
      <trkpt lat="53.444313" lon="-1.853884"><ele>558.6</ele><time>2026-03-28T10:35:34.000Z</time></trkpt>
      <trkpt lat="53.444324" lon="-1.853871"><ele>557.8</ele><time>2026-03-28T10:35:35.000Z</time></trkpt>
      <trkpt lat="53.444336" lon="-1.853848"><ele>558.0</ele><time>2026-03-28T10:35:36.000Z</time></trkpt>
      <trkpt lat="53.444336" lon="-1.853826"><ele>556.8</ele><time>2026-03-28T10:35:37.000Z</time></trkpt>
      <trkpt lat="53.444332" lon="-1.853809"><ele>557.4</ele><time>2026-03-28T10:35:38.000Z</time></trkpt>
      <trkpt lat="53.444336" lon="-1.853800"><ele>557.0</ele><time>2026-03-28T10:35:39.000Z</time></trkpt>
      <trkpt lat="53.444344" lon="-1.853780"><ele>557.8</ele><time>2026-03-28T10:35:40.000Z</time></trkpt>
      <trkpt lat="53.444350" lon="-1.853763"><ele>556.2</ele><time>2026-03-28T10:35:41.000Z</time></trkpt>
      <trkpt lat="53.444366" lon="-1.853759"><ele>556.8</ele><time>2026-03-28T10:35:42.000Z</time></trkpt>
      <trkpt lat="53.444374" lon="-1.853753"><ele>557.8</ele><time>2026-03-28T10:35:43.000Z</time></trkpt>
      <trkpt lat="53.444380" lon="-1.853742"><ele>557.4</ele><time>2026-03-28T10:35:44.000Z</time></trkpt>
      <trkpt lat="53.444393" lon="-1.853728"><ele>556.8</ele><time>2026-03-28T10:35:45.000Z</time></trkpt>
      <trkpt lat="53.444405" lon="-1.853720"><ele>557.0</ele><time>2026-03-28T10:35:46.000Z</time></trkpt>
      <trkpt lat="53.444410" lon="-1.853712"><ele>557.4</ele><time>2026-03-28T10:35:47.000Z</time></trkpt>
      <trkpt lat="53.444420" lon="-1.853704"><ele>557.8</ele><time>2026-03-28T10:35:48.000Z</time></trkpt>
      <trkpt lat="53.444427" lon="-1.853690"><ele>558.0</ele><time>2026-03-28T10:35:49.000Z</time></trkpt>
      <trkpt lat="53.444440" lon="-1.853682"><ele>558.6</ele><time>2026-03-28T10:35:50.000Z</time></trkpt>
      <trkpt lat="53.444450" lon="-1.853673"><ele>558.0</ele><time>2026-03-28T10:35:51.000Z</time></trkpt>
      <trkpt lat="53.444460" lon="-1.853665"><ele>558.8</ele><time>2026-03-28T10:35:52.000Z</time></trkpt>
      <trkpt lat="53.444470" lon="-1.853659"><ele>558.6</ele><time>2026-03-28T10:35:53.000Z</time></trkpt>
      <trkpt lat="53.444480" lon="-1.853651"><ele>559.2</ele><time>2026-03-28T10:35:54.000Z</time></trkpt>
      <trkpt lat="53.444492" lon="-1.853637"><ele>559.2</ele><time>2026-03-28T10:35:55.000Z</time></trkpt>
      <trkpt lat="53.444496" lon="-1.853627"><ele>559.6</ele><time>2026-03-28T10:35:56.000Z</time></trkpt>
      <trkpt lat="53.444504" lon="-1.853616"><ele>559.4</ele><time>2026-03-28T10:35:57.000Z</time></trkpt>
      <trkpt lat="53.444508" lon="-1.853597"><ele>560.0</ele><time>2026-03-28T10:35:58.000Z</time></trkpt>
      <trkpt lat="53.444515" lon="-1.853581"><ele>560.2</ele><time>2026-03-28T10:35:59.000Z</time></trkpt>
      <trkpt lat="53.444523" lon="-1.853572"><ele>560.2</ele><time>2026-03-28T10:36:00.000Z</time></trkpt>
      <trkpt lat="53.444527" lon="-1.853563"><ele>560.6</ele><time>2026-03-28T10:36:01.000Z</time></trkpt>
      <trkpt lat="53.444530" lon="-1.853544"><ele>560.0</ele><time>2026-03-28T10:36:02.000Z</time></trkpt>
      <trkpt lat="53.444534" lon="-1.853521"><ele>560.4</ele><time>2026-03-28T10:36:03.000Z</time></trkpt>
      <trkpt lat="53.444540" lon="-1.853509"><ele>559.6</ele><time>2026-03-28T10:36:04.000Z</time></trkpt>
      <trkpt lat="53.444542" lon="-1.853507"><ele>559.6</ele><time>2026-03-28T10:36:05.000Z</time></trkpt>
      <trkpt lat="53.444550" lon="-1.853494"><ele>559.4</ele><time>2026-03-28T10:36:06.000Z</time></trkpt>
      <trkpt lat="53.444557" lon="-1.853484"><ele>559.8</ele><time>2026-03-28T10:36:07.000Z</time></trkpt>
      <trkpt lat="53.444565" lon="-1.853472"><ele>559.8</ele><time>2026-03-28T10:36:08.000Z</time></trkpt>
      <trkpt lat="53.444572" lon="-1.853459"><ele>560.4</ele><time>2026-03-28T10:36:09.000Z</time></trkpt>
      <trkpt lat="53.444576" lon="-1.853455"><ele>560.6</ele><time>2026-03-28T10:36:10.000Z</time></trkpt>
      <trkpt lat="53.444580" lon="-1.853457"><ele>561.2</ele><time>2026-03-28T10:36:11.000Z</time></trkpt>
      <trkpt lat="53.444600" lon="-1.853451"><ele>561.0</ele><time>2026-03-28T10:36:12.000Z</time></trkpt>
      <trkpt lat="53.444610" lon="-1.853447"><ele>561.0</ele><time>2026-03-28T10:36:13.000Z</time></trkpt>
      <trkpt lat="53.444614" lon="-1.853444"><ele>561.2</ele><time>2026-03-28T10:36:14.000Z</time></trkpt>
      <trkpt lat="53.444626" lon="-1.853436"><ele>560.8</ele><time>2026-03-28T10:36:15.000Z</time></trkpt>
      <trkpt lat="53.444640" lon="-1.853423"><ele>561.2</ele><time>2026-03-28T10:36:16.000Z</time></trkpt>
      <trkpt lat="53.444645" lon="-1.853409"><ele>561.2</ele><time>2026-03-28T10:36:17.000Z</time></trkpt>
      <trkpt lat="53.444656" lon="-1.853399"><ele>560.8</ele><time>2026-03-28T10:36:18.000Z</time></trkpt>
      <trkpt lat="53.444664" lon="-1.853386"><ele>561.8</ele><time>2026-03-28T10:36:19.000Z</time></trkpt>
      <trkpt lat="53.444668" lon="-1.853373"><ele>561.2</ele><time>2026-03-28T10:36:20.000Z</time></trkpt>
      <trkpt lat="53.444683" lon="-1.853356"><ele>561.4</ele><time>2026-03-28T10:36:21.000Z</time></trkpt>
      <trkpt lat="53.444690" lon="-1.853345"><ele>560.4</ele><time>2026-03-28T10:36:22.000Z</time></trkpt>
      <trkpt lat="53.444700" lon="-1.853330"><ele>560.6</ele><time>2026-03-28T10:36:23.000Z</time></trkpt>
      <trkpt lat="53.444702" lon="-1.853316"><ele>560.6</ele><time>2026-03-28T10:36:24.000Z</time></trkpt>
      <trkpt lat="53.444714" lon="-1.853297"><ele>562.0</ele><time>2026-03-28T10:36:25.000Z</time></trkpt>
      <trkpt lat="53.444717" lon="-1.853286"><ele>561.8</ele><time>2026-03-28T10:36:26.000Z</time></trkpt>
      <trkpt lat="53.444730" lon="-1.853279"><ele>561.6</ele><time>2026-03-28T10:36:27.000Z</time></trkpt>
      <trkpt lat="53.444740" lon="-1.853267"><ele>561.6</ele><time>2026-03-28T10:36:28.000Z</time></trkpt>
      <trkpt lat="53.444756" lon="-1.853261"><ele>561.0</ele><time>2026-03-28T10:36:29.000Z</time></trkpt>
      <trkpt lat="53.444763" lon="-1.853252"><ele>561.0</ele><time>2026-03-28T10:36:30.000Z</time></trkpt>
      <trkpt lat="53.444780" lon="-1.853239"><ele>561.8</ele><time>2026-03-28T10:36:31.000Z</time></trkpt>
      <trkpt lat="53.444782" lon="-1.853232"><ele>561.6</ele><time>2026-03-28T10:36:32.000Z</time></trkpt>
      <trkpt lat="53.444798" lon="-1.853219"><ele>561.4</ele><time>2026-03-28T10:36:33.000Z</time></trkpt>
      <trkpt lat="53.444805" lon="-1.853206"><ele>561.6</ele><time>2026-03-28T10:36:34.000Z</time></trkpt>
      <trkpt lat="53.444813" lon="-1.853195"><ele>561.0</ele><time>2026-03-28T10:36:35.000Z</time></trkpt>
      <trkpt lat="53.444824" lon="-1.853189"><ele>561.4</ele><time>2026-03-28T10:36:36.000Z</time></trkpt>
      <trkpt lat="53.444836" lon="-1.853177"><ele>561.6</ele><time>2026-03-28T10:36:37.000Z</time></trkpt>
      <trkpt lat="53.444840" lon="-1.853170"><ele>561.4</ele><time>2026-03-28T10:36:38.000Z</time></trkpt>
      <trkpt lat="53.444850" lon="-1.853157"><ele>562.2</ele><time>2026-03-28T10:36:39.000Z</time></trkpt>
      <trkpt lat="53.444862" lon="-1.853143"><ele>562.6</ele><time>2026-03-28T10:36:40.000Z</time></trkpt>
      <trkpt lat="53.444870" lon="-1.853132"><ele>562.6</ele><time>2026-03-28T10:36:41.000Z</time></trkpt>
      <trkpt lat="53.444878" lon="-1.853122"><ele>562.4</ele><time>2026-03-28T10:36:42.000Z</time></trkpt>
      <trkpt lat="53.444880" lon="-1.853126"><ele>563.4</ele><time>2026-03-28T10:36:43.000Z</time></trkpt>
      <trkpt lat="53.444890" lon="-1.853122"><ele>562.8</ele><time>2026-03-28T10:36:44.000Z</time></trkpt>
      <trkpt lat="53.444900" lon="-1.853116"><ele>563.6</ele><time>2026-03-28T10:36:45.000Z</time></trkpt>
      <trkpt lat="53.444910" lon="-1.853109"><ele>564.0</ele><time>2026-03-28T10:36:46.000Z</time></trkpt>
      <trkpt lat="53.444916" lon="-1.853097"><ele>564.0</ele><time>2026-03-28T10:36:47.000Z</time></trkpt>
      <trkpt lat="53.444930" lon="-1.853085"><ele>562.6</ele><time>2026-03-28T10:36:48.000Z</time></trkpt>
      <trkpt lat="53.444942" lon="-1.853081"><ele>563.2</ele><time>2026-03-28T10:36:49.000Z</time></trkpt>
      <trkpt lat="53.444950" lon="-1.853075"><ele>563.6</ele><time>2026-03-28T10:36:50.000Z</time></trkpt>
      <trkpt lat="53.444960" lon="-1.853068"><ele>563.2</ele><time>2026-03-28T10:36:51.000Z</time></trkpt>
      <trkpt lat="53.444965" lon="-1.853054"><ele>563.2</ele><time>2026-03-28T10:36:52.000Z</time></trkpt>
      <trkpt lat="53.444973" lon="-1.853039"><ele>563.4</ele><time>2026-03-28T10:36:53.000Z</time></trkpt>
      <trkpt lat="53.444977" lon="-1.853025"><ele>563.6</ele><time>2026-03-28T10:36:54.000Z</time></trkpt>
      <trkpt lat="53.444992" lon="-1.853023"><ele>564.4</ele><time>2026-03-28T10:36:55.000Z</time></trkpt>
      <trkpt lat="53.445004" lon="-1.853010"><ele>564.2</ele><time>2026-03-28T10:36:56.000Z</time></trkpt>
      <trkpt lat="53.445010" lon="-1.852997"><ele>564.2</ele><time>2026-03-28T10:36:57.000Z</time></trkpt>
      <trkpt lat="53.445023" lon="-1.852988"><ele>564.6</ele><time>2026-03-28T10:36:58.000Z</time></trkpt>
      <trkpt lat="53.445034" lon="-1.852985"><ele>563.4</ele><time>2026-03-28T10:36:59.000Z</time></trkpt>
      <trkpt lat="53.445050" lon="-1.852983"><ele>565.0</ele><time>2026-03-28T10:37:00.000Z</time></trkpt>
      <trkpt lat="53.445057" lon="-1.852977"><ele>565.2</ele><time>2026-03-28T10:37:01.000Z</time></trkpt>
      <trkpt lat="53.445072" lon="-1.852971"><ele>565.2</ele><time>2026-03-28T10:37:02.000Z</time></trkpt>
      <trkpt lat="53.445080" lon="-1.852964"><ele>565.2</ele><time>2026-03-28T10:37:03.000Z</time></trkpt>
      <trkpt lat="53.445090" lon="-1.852955"><ele>565.0</ele><time>2026-03-28T10:37:04.000Z</time></trkpt>
      <trkpt lat="53.445100" lon="-1.852952"><ele>564.4</ele><time>2026-03-28T10:37:05.000Z</time></trkpt>
      <trkpt lat="53.445107" lon="-1.852950"><ele>564.4</ele><time>2026-03-28T10:37:06.000Z</time></trkpt>
      <trkpt lat="53.445118" lon="-1.852942"><ele>563.0</ele><time>2026-03-28T10:37:07.000Z</time></trkpt>
      <trkpt lat="53.445130" lon="-1.852936"><ele>563.0</ele><time>2026-03-28T10:37:08.000Z</time></trkpt>
      <trkpt lat="53.445140" lon="-1.852928"><ele>564.4</ele><time>2026-03-28T10:37:09.000Z</time></trkpt>
      <trkpt lat="53.445150" lon="-1.852923"><ele>564.8</ele><time>2026-03-28T10:37:10.000Z</time></trkpt>
      <trkpt lat="53.445160" lon="-1.852921"><ele>565.0</ele><time>2026-03-28T10:37:11.000Z</time></trkpt>
      <trkpt lat="53.445168" lon="-1.852923"><ele>564.8</ele><time>2026-03-28T10:37:12.000Z</time></trkpt>
      <trkpt lat="53.445183" lon="-1.852924"><ele>563.8</ele><time>2026-03-28T10:37:13.000Z</time></trkpt>
      <trkpt lat="53.445187" lon="-1.852913"><ele>562.8</ele><time>2026-03-28T10:37:14.000Z</time></trkpt>
      <trkpt lat="53.445194" lon="-1.852901"><ele>563.0</ele><time>2026-03-28T10:37:15.000Z</time></trkpt>
      <trkpt lat="53.445210" lon="-1.852889"><ele>562.6</ele><time>2026-03-28T10:37:16.000Z</time></trkpt>
      <trkpt lat="53.445220" lon="-1.852890"><ele>563.8</ele><time>2026-03-28T10:37:17.000Z</time></trkpt>
      <trkpt lat="53.445236" lon="-1.852882"><ele>562.6</ele><time>2026-03-28T10:37:18.000Z</time></trkpt>
      <trkpt lat="53.445244" lon="-1.852875"><ele>563.2</ele><time>2026-03-28T10:37:19.000Z</time></trkpt>
      <trkpt lat="53.445250" lon="-1.852863"><ele>563.4</ele><time>2026-03-28T10:37:20.000Z</time></trkpt>
      <trkpt lat="53.445260" lon="-1.852854"><ele>563.2</ele><time>2026-03-28T10:37:21.000Z</time></trkpt>
      <trkpt lat="53.445270" lon="-1.852842"><ele>564.0</ele><time>2026-03-28T10:37:22.000Z</time></trkpt>
      <trkpt lat="53.445280" lon="-1.852847"><ele>564.2</ele><time>2026-03-28T10:37:23.000Z</time></trkpt>
      <trkpt lat="53.445286" lon="-1.852844"><ele>564.8</ele><time>2026-03-28T10:37:24.000Z</time></trkpt>
      <trkpt lat="53.445293" lon="-1.852839"><ele>565.4</ele><time>2026-03-28T10:37:25.000Z</time></trkpt>
      <trkpt lat="53.445290" lon="-1.852837"><ele>564.4</ele><time>2026-03-28T10:37:26.000Z</time></trkpt>
      <trkpt lat="53.445286" lon="-1.852833"><ele>564.8</ele><time>2026-03-28T10:37:27.000Z</time></trkpt>
      <trkpt lat="53.445286" lon="-1.852835"><ele>564.8</ele><time>2026-03-28T10:37:28.000Z</time></trkpt>
      <trkpt lat="53.445282" lon="-1.852835"><ele>564.6</ele><time>2026-03-28T10:37:29.000Z</time></trkpt>
      <trkpt lat="53.445282" lon="-1.852837"><ele>565.0</ele><time>2026-03-28T10:37:30.000Z</time></trkpt>
      <trkpt lat="53.445282" lon="-1.852837"><ele>565.2</ele><time>2026-03-28T10:37:31.000Z</time></trkpt>
      <trkpt lat="53.445282" lon="-1.852837"><ele>565.4</ele><time>2026-03-28T10:37:32.000Z</time></trkpt>
      <trkpt lat="53.445282" lon="-1.852837"><ele>565.0</ele><time>2026-03-28T10:37:33.000Z</time></trkpt>
      <trkpt lat="53.445286" lon="-1.852841"><ele>565.2</ele><time>2026-03-28T10:37:34.000Z</time></trkpt>
      <trkpt lat="53.445286" lon="-1.852846"><ele>565.2</ele><time>2026-03-28T10:37:35.000Z</time></trkpt>
      <trkpt lat="53.445286" lon="-1.852845"><ele>565.4</ele><time>2026-03-28T10:37:36.000Z</time></trkpt>
      <trkpt lat="53.445282" lon="-1.852845"><ele>565.6</ele><time>2026-03-28T10:37:37.000Z</time></trkpt>
      <trkpt lat="53.445282" lon="-1.852845"><ele>565.8</ele><time>2026-03-28T10:37:38.000Z</time></trkpt>
      <trkpt lat="53.445290" lon="-1.852841"><ele>565.2</ele><time>2026-03-28T10:37:39.000Z</time></trkpt>
      <trkpt lat="53.445305" lon="-1.852840"><ele>565.4</ele><time>2026-03-28T10:37:40.000Z</time></trkpt>
      <trkpt lat="53.445312" lon="-1.852837"><ele>566.2</ele><time>2026-03-28T10:37:41.000Z</time></trkpt>
      <trkpt lat="53.445316" lon="-1.852838"><ele>566.2</ele><time>2026-03-28T10:37:42.000Z</time></trkpt>
      <trkpt lat="53.445312" lon="-1.852841"><ele>566.4</ele><time>2026-03-28T10:37:43.000Z</time></trkpt>
      <trkpt lat="53.445312" lon="-1.852842"><ele>566.6</ele><time>2026-03-28T10:37:44.000Z</time></trkpt>
      <trkpt lat="53.445310" lon="-1.852842"><ele>566.8</ele><time>2026-03-28T10:37:45.000Z</time></trkpt>
      <trkpt lat="53.445320" lon="-1.852833"><ele>566.4</ele><time>2026-03-28T10:37:46.000Z</time></trkpt>
      <trkpt lat="53.445330" lon="-1.852823"><ele>565.8</ele><time>2026-03-28T10:37:47.000Z</time></trkpt>
      <trkpt lat="53.445347" lon="-1.852825"><ele>566.8</ele><time>2026-03-28T10:37:48.000Z</time></trkpt>
      <trkpt lat="53.445362" lon="-1.852826"><ele>566.6</ele><time>2026-03-28T10:37:49.000Z</time></trkpt>
      <trkpt lat="53.445377" lon="-1.852828"><ele>567.2</ele><time>2026-03-28T10:37:50.000Z</time></trkpt>
      <trkpt lat="53.445390" lon="-1.852821"><ele>565.8</ele><time>2026-03-28T10:37:51.000Z</time></trkpt>
      <trkpt lat="53.445396" lon="-1.852817"><ele>566.4</ele><time>2026-03-28T10:37:52.000Z</time></trkpt>
      <trkpt lat="53.445415" lon="-1.852818"><ele>566.8</ele><time>2026-03-28T10:37:53.000Z</time></trkpt>
      <trkpt lat="53.445430" lon="-1.852816"><ele>566.8</ele><time>2026-03-28T10:37:54.000Z</time></trkpt>
      <trkpt lat="53.445450" lon="-1.852807"><ele>568.0</ele><time>2026-03-28T10:37:55.000Z</time></trkpt>
      <trkpt lat="53.445465" lon="-1.852801"><ele>568.2</ele><time>2026-03-28T10:37:56.000Z</time></trkpt>
      <trkpt lat="53.445477" lon="-1.852800"><ele>567.6</ele><time>2026-03-28T10:37:57.000Z</time></trkpt>
      <trkpt lat="53.445484" lon="-1.852800"><ele>567.4</ele><time>2026-03-28T10:37:58.000Z</time></trkpt>
      <trkpt lat="53.445496" lon="-1.852802"><ele>568.0</ele><time>2026-03-28T10:37:59.000Z</time></trkpt>
      <trkpt lat="53.445510" lon="-1.852800"><ele>568.4</ele><time>2026-03-28T10:38:00.000Z</time></trkpt>
      <trkpt lat="53.445522" lon="-1.852792"><ele>568.4</ele><time>2026-03-28T10:38:01.000Z</time></trkpt>
      <trkpt lat="53.445534" lon="-1.852777"><ele>567.4</ele><time>2026-03-28T10:38:02.000Z</time></trkpt>
      <trkpt lat="53.445545" lon="-1.852764"><ele>568.0</ele><time>2026-03-28T10:38:03.000Z</time></trkpt>
      <trkpt lat="53.445564" lon="-1.852747"><ele>568.4</ele><time>2026-03-28T10:38:04.000Z</time></trkpt>
      <trkpt lat="53.445568" lon="-1.852734"><ele>568.4</ele><time>2026-03-28T10:38:05.000Z</time></trkpt>
      <trkpt lat="53.445576" lon="-1.852722"><ele>568.0</ele><time>2026-03-28T10:38:06.000Z</time></trkpt>
      <trkpt lat="53.445590" lon="-1.852719"><ele>567.8</ele><time>2026-03-28T10:38:07.000Z</time></trkpt>
      <trkpt lat="53.445602" lon="-1.852698"><ele>567.4</ele><time>2026-03-28T10:38:08.000Z</time></trkpt>
      <trkpt lat="53.445614" lon="-1.852684"><ele>567.4</ele><time>2026-03-28T10:38:09.000Z</time></trkpt>
      <trkpt lat="53.445620" lon="-1.852671"><ele>566.4</ele><time>2026-03-28T10:38:10.000Z</time></trkpt>
      <trkpt lat="53.445640" lon="-1.852664"><ele>567.8</ele><time>2026-03-28T10:38:11.000Z</time></trkpt>
      <trkpt lat="53.445652" lon="-1.852658"><ele>568.2</ele><time>2026-03-28T10:38:12.000Z</time></trkpt>
      <trkpt lat="53.445667" lon="-1.852653"><ele>568.4</ele><time>2026-03-28T10:38:13.000Z</time></trkpt>
      <trkpt lat="53.445675" lon="-1.852645"><ele>567.6</ele><time>2026-03-28T10:38:14.000Z</time></trkpt>
      <trkpt lat="53.445686" lon="-1.852640"><ele>568.0</ele><time>2026-03-28T10:38:15.000Z</time></trkpt>
      <trkpt lat="53.445694" lon="-1.852636"><ele>568.2</ele><time>2026-03-28T10:38:16.000Z</time></trkpt>
      <trkpt lat="53.445705" lon="-1.852632"><ele>568.8</ele><time>2026-03-28T10:38:17.000Z</time></trkpt>
      <trkpt lat="53.445720" lon="-1.852619"><ele>568.4</ele><time>2026-03-28T10:38:18.000Z</time></trkpt>
      <trkpt lat="53.445730" lon="-1.852615"><ele>567.8</ele><time>2026-03-28T10:38:19.000Z</time></trkpt>
      <trkpt lat="53.445740" lon="-1.852614"><ele>567.4</ele><time>2026-03-28T10:38:20.000Z</time></trkpt>
      <trkpt lat="53.445747" lon="-1.852615"><ele>569.0</ele><time>2026-03-28T10:38:21.000Z</time></trkpt>
      <trkpt lat="53.445763" lon="-1.852610"><ele>568.8</ele><time>2026-03-28T10:38:22.000Z</time></trkpt>
      <trkpt lat="53.445778" lon="-1.852606"><ele>569.2</ele><time>2026-03-28T10:38:23.000Z</time></trkpt>
      <trkpt lat="53.445790" lon="-1.852602"><ele>569.0</ele><time>2026-03-28T10:38:24.000Z</time></trkpt>
      <trkpt lat="53.445800" lon="-1.852599"><ele>569.4</ele><time>2026-03-28T10:38:25.000Z</time></trkpt>
      <trkpt lat="53.445812" lon="-1.852590"><ele>569.0</ele><time>2026-03-28T10:38:26.000Z</time></trkpt>
      <trkpt lat="53.445824" lon="-1.852587"><ele>568.8</ele><time>2026-03-28T10:38:27.000Z</time></trkpt>
      <trkpt lat="53.445835" lon="-1.852582"><ele>570.0</ele><time>2026-03-28T10:38:28.000Z</time></trkpt>
      <trkpt lat="53.445847" lon="-1.852579"><ele>569.8</ele><time>2026-03-28T10:38:29.000Z</time></trkpt>
      <trkpt lat="53.445858" lon="-1.852581"><ele>570.0</ele><time>2026-03-28T10:38:30.000Z</time></trkpt>
      <trkpt lat="53.445870" lon="-1.852580"><ele>569.8</ele><time>2026-03-28T10:38:31.000Z</time></trkpt>
      <trkpt lat="53.445880" lon="-1.852581"><ele>569.2</ele><time>2026-03-28T10:38:32.000Z</time></trkpt>
      <trkpt lat="53.445892" lon="-1.852576"><ele>568.4</ele><time>2026-03-28T10:38:33.000Z</time></trkpt>
      <trkpt lat="53.445904" lon="-1.852571"><ele>567.8</ele><time>2026-03-28T10:38:34.000Z</time></trkpt>
      <trkpt lat="53.445910" lon="-1.852572"><ele>567.4</ele><time>2026-03-28T10:38:35.000Z</time></trkpt>
      <trkpt lat="53.445923" lon="-1.852571"><ele>567.8</ele><time>2026-03-28T10:38:36.000Z</time></trkpt>
      <trkpt lat="53.445942" lon="-1.852567"><ele>568.4</ele><time>2026-03-28T10:38:37.000Z</time></trkpt>
      <trkpt lat="53.445950" lon="-1.852560"><ele>566.8</ele><time>2026-03-28T10:38:38.000Z</time></trkpt>
      <trkpt lat="53.445960" lon="-1.852562"><ele>567.4</ele><time>2026-03-28T10:38:39.000Z</time></trkpt>
      <trkpt lat="53.445970" lon="-1.852563"><ele>567.6</ele><time>2026-03-28T10:38:40.000Z</time></trkpt>
      <trkpt lat="53.445980" lon="-1.852569"><ele>568.0</ele><time>2026-03-28T10:38:41.000Z</time></trkpt>
      <trkpt lat="53.446000" lon="-1.852570"><ele>567.0</ele><time>2026-03-28T10:38:42.000Z</time></trkpt>
      <trkpt lat="53.446014" lon="-1.852568"><ele>566.2</ele><time>2026-03-28T10:38:43.000Z</time></trkpt>
      <trkpt lat="53.446026" lon="-1.852567"><ele>566.4</ele><time>2026-03-28T10:38:44.000Z</time></trkpt>
      <trkpt lat="53.446037" lon="-1.852566"><ele>567.0</ele><time>2026-03-28T10:38:45.000Z</time></trkpt>
      <trkpt lat="53.446050" lon="-1.852564"><ele>567.0</ele><time>2026-03-28T10:38:46.000Z</time></trkpt>
      <trkpt lat="53.446064" lon="-1.852558"><ele>567.4</ele><time>2026-03-28T10:38:47.000Z</time></trkpt>
      <trkpt lat="53.446075" lon="-1.852550"><ele>567.6</ele><time>2026-03-28T10:38:48.000Z</time></trkpt>
      <trkpt lat="53.446090" lon="-1.852540"><ele>568.6</ele><time>2026-03-28T10:38:49.000Z</time></trkpt>
      <trkpt lat="53.446100" lon="-1.852529"><ele>568.2</ele><time>2026-03-28T10:38:50.000Z</time></trkpt>
      <trkpt lat="53.446110" lon="-1.852523"><ele>568.0</ele><time>2026-03-28T10:38:51.000Z</time></trkpt>
      <trkpt lat="53.446102" lon="-1.852511"><ele>567.4</ele><time>2026-03-28T10:38:52.000Z</time></trkpt>
      <trkpt lat="53.446110" lon="-1.852512"><ele>567.4</ele><time>2026-03-28T10:38:53.000Z</time></trkpt>
      <trkpt lat="53.446125" lon="-1.852509"><ele>568.6</ele><time>2026-03-28T10:38:54.000Z</time></trkpt>
      <trkpt lat="53.446140" lon="-1.852508"><ele>569.2</ele><time>2026-03-28T10:38:55.000Z</time></trkpt>
      <trkpt lat="53.446156" lon="-1.852512"><ele>569.4</ele><time>2026-03-28T10:38:56.000Z</time></trkpt>
      <trkpt lat="53.446170" lon="-1.852521"><ele>569.8</ele><time>2026-03-28T10:38:57.000Z</time></trkpt>
      <trkpt lat="53.446180" lon="-1.852535"><ele>570.2</ele><time>2026-03-28T10:38:58.000Z</time></trkpt>
      <trkpt lat="53.446190" lon="-1.852549"><ele>569.6</ele><time>2026-03-28T10:38:59.000Z</time></trkpt>
      <trkpt lat="53.446200" lon="-1.852550"><ele>570.0</ele><time>2026-03-28T10:39:00.000Z</time></trkpt>
      <trkpt lat="53.446210" lon="-1.852549"><ele>569.6</ele><time>2026-03-28T10:39:01.000Z</time></trkpt>
      <trkpt lat="53.446213" lon="-1.852559"><ele>570.0</ele><time>2026-03-28T10:39:02.000Z</time></trkpt>
      <trkpt lat="53.446228" lon="-1.852569"><ele>570.6</ele><time>2026-03-28T10:39:03.000Z</time></trkpt>
      <trkpt lat="53.446247" lon="-1.852573"><ele>570.4</ele><time>2026-03-28T10:39:04.000Z</time></trkpt>
      <trkpt lat="53.446255" lon="-1.852580"><ele>570.4</ele><time>2026-03-28T10:39:05.000Z</time></trkpt>
      <trkpt lat="53.446266" lon="-1.852591"><ele>568.8</ele><time>2026-03-28T10:39:06.000Z</time></trkpt>
      <trkpt lat="53.446274" lon="-1.852604"><ele>569.6</ele><time>2026-03-28T10:39:07.000Z</time></trkpt>
      <trkpt lat="53.446274" lon="-1.852623"><ele>570.4</ele><time>2026-03-28T10:39:08.000Z</time></trkpt>
      <trkpt lat="53.446280" lon="-1.852646"><ele>570.0</ele><time>2026-03-28T10:39:09.000Z</time></trkpt>
      <trkpt lat="53.446285" lon="-1.852676"><ele>570.8</ele><time>2026-03-28T10:39:10.000Z</time></trkpt>
      <trkpt lat="53.446293" lon="-1.852690"><ele>569.4</ele><time>2026-03-28T10:39:11.000Z</time></trkpt>
      <trkpt lat="53.446293" lon="-1.852709"><ele>569.8</ele><time>2026-03-28T10:39:12.000Z</time></trkpt>
      <trkpt lat="53.446310" lon="-1.852720"><ele>568.0</ele><time>2026-03-28T10:39:13.000Z</time></trkpt>
      <trkpt lat="53.446316" lon="-1.852731"><ele>568.0</ele><time>2026-03-28T10:39:14.000Z</time></trkpt>
      <trkpt lat="53.446327" lon="-1.852744"><ele>568.8</ele><time>2026-03-28T10:39:15.000Z</time></trkpt>
      <trkpt lat="53.446342" lon="-1.852752"><ele>569.4</ele><time>2026-03-28T10:39:16.000Z</time></trkpt>
      <trkpt lat="53.446358" lon="-1.852746"><ele>569.4</ele><time>2026-03-28T10:39:17.000Z</time></trkpt>
      <trkpt lat="53.446370" lon="-1.852740"><ele>570.2</ele><time>2026-03-28T10:39:18.000Z</time></trkpt>
      <trkpt lat="53.446380" lon="-1.852729"><ele>568.8</ele><time>2026-03-28T10:39:19.000Z</time></trkpt>
      <trkpt lat="53.446392" lon="-1.852717"><ele>569.8</ele><time>2026-03-28T10:39:20.000Z</time></trkpt>
      <trkpt lat="53.446404" lon="-1.852703"><ele>569.4</ele><time>2026-03-28T10:39:21.000Z</time></trkpt>
      <trkpt lat="53.446404" lon="-1.852691"><ele>569.6</ele><time>2026-03-28T10:39:22.000Z</time></trkpt>
      <trkpt lat="53.446423" lon="-1.852674"><ele>570.0</ele><time>2026-03-28T10:39:23.000Z</time></trkpt>
      <trkpt lat="53.446434" lon="-1.852663"><ele>570.6</ele><time>2026-03-28T10:39:24.000Z</time></trkpt>
      <trkpt lat="53.446450" lon="-1.852658"><ele>570.4</ele><time>2026-03-28T10:39:25.000Z</time></trkpt>
      <trkpt lat="53.446460" lon="-1.852657"><ele>570.0</ele><time>2026-03-28T10:39:26.000Z</time></trkpt>
      <trkpt lat="53.446476" lon="-1.852651"><ele>570.2</ele><time>2026-03-28T10:39:27.000Z</time></trkpt>
      <trkpt lat="53.446487" lon="-1.852646"><ele>570.8</ele><time>2026-03-28T10:39:28.000Z</time></trkpt>
      <trkpt lat="53.446500" lon="-1.852644"><ele>571.0</ele><time>2026-03-28T10:39:29.000Z</time></trkpt>
      <trkpt lat="53.446514" lon="-1.852637"><ele>571.2</ele><time>2026-03-28T10:39:30.000Z</time></trkpt>
      <trkpt lat="53.446526" lon="-1.852635"><ele>571.6</ele><time>2026-03-28T10:39:31.000Z</time></trkpt>
      <trkpt lat="53.446540" lon="-1.852630"><ele>572.0</ele><time>2026-03-28T10:39:32.000Z</time></trkpt>
      <trkpt lat="53.446552" lon="-1.852629"><ele>572.4</ele><time>2026-03-28T10:39:33.000Z</time></trkpt>
      <trkpt lat="53.446564" lon="-1.852626"><ele>572.8</ele><time>2026-03-28T10:39:34.000Z</time></trkpt>
      <trkpt lat="53.446575" lon="-1.852623"><ele>572.6</ele><time>2026-03-28T10:39:35.000Z</time></trkpt>
      <trkpt lat="53.446587" lon="-1.852621"><ele>573.0</ele><time>2026-03-28T10:39:36.000Z</time></trkpt>
      <trkpt lat="53.446600" lon="-1.852624"><ele>572.8</ele><time>2026-03-28T10:39:37.000Z</time></trkpt>
      <trkpt lat="53.446610" lon="-1.852616"><ele>572.6</ele><time>2026-03-28T10:39:38.000Z</time></trkpt>
      <trkpt lat="53.446620" lon="-1.852611"><ele>573.4</ele><time>2026-03-28T10:39:39.000Z</time></trkpt>
      <trkpt lat="53.446630" lon="-1.852608"><ele>573.2</ele><time>2026-03-28T10:39:40.000Z</time></trkpt>
      <trkpt lat="53.446640" lon="-1.852609"><ele>573.2</ele><time>2026-03-28T10:39:41.000Z</time></trkpt>
      <trkpt lat="53.446650" lon="-1.852610"><ele>573.0</ele><time>2026-03-28T10:39:42.000Z</time></trkpt>
      <trkpt lat="53.446663" lon="-1.852605"><ele>573.4</ele><time>2026-03-28T10:39:43.000Z</time></trkpt>
      <trkpt lat="53.446680" lon="-1.852595"><ele>572.6</ele><time>2026-03-28T10:39:44.000Z</time></trkpt>
      <trkpt lat="53.446693" lon="-1.852581"><ele>571.6</ele><time>2026-03-28T10:39:45.000Z</time></trkpt>
      <trkpt lat="53.446697" lon="-1.852570"><ele>572.0</ele><time>2026-03-28T10:39:46.000Z</time></trkpt>
      <trkpt lat="53.446710" lon="-1.852554"><ele>572.6</ele><time>2026-03-28T10:39:47.000Z</time></trkpt>
      <trkpt lat="53.446716" lon="-1.852544"><ele>572.0</ele><time>2026-03-28T10:39:48.000Z</time></trkpt>
      <trkpt lat="53.446724" lon="-1.852536"><ele>572.2</ele><time>2026-03-28T10:39:49.000Z</time></trkpt>
      <trkpt lat="53.446730" lon="-1.852532"><ele>573.6</ele><time>2026-03-28T10:39:50.000Z</time></trkpt>
      <trkpt lat="53.446743" lon="-1.852524"><ele>573.0</ele><time>2026-03-28T10:39:51.000Z</time></trkpt>
      <trkpt lat="53.446754" lon="-1.852523"><ele>571.8</ele><time>2026-03-28T10:39:52.000Z</time></trkpt>
      <trkpt lat="53.446762" lon="-1.852527"><ele>572.8</ele><time>2026-03-28T10:39:53.000Z</time></trkpt>
      <trkpt lat="53.446766" lon="-1.852534"><ele>572.0</ele><time>2026-03-28T10:39:54.000Z</time></trkpt>
      <trkpt lat="53.446777" lon="-1.852542"><ele>572.2</ele><time>2026-03-28T10:39:55.000Z</time></trkpt>
      <trkpt lat="53.446790" lon="-1.852560"><ele>573.4</ele><time>2026-03-28T10:39:56.000Z</time></trkpt>
      <trkpt lat="53.446796" lon="-1.852573"><ele>571.6</ele><time>2026-03-28T10:39:57.000Z</time></trkpt>
      <trkpt lat="53.446800" lon="-1.852589"><ele>572.4</ele><time>2026-03-28T10:39:58.000Z</time></trkpt>
      <trkpt lat="53.446804" lon="-1.852615"><ele>572.2</ele><time>2026-03-28T10:39:59.000Z</time></trkpt>
      <trkpt lat="53.446808" lon="-1.852632"><ele>572.6</ele><time>2026-03-28T10:40:00.000Z</time></trkpt>
      <trkpt lat="53.446810" lon="-1.852651"><ele>572.8</ele><time>2026-03-28T10:40:01.000Z</time></trkpt>
      <trkpt lat="53.446815" lon="-1.852669"><ele>573.6</ele><time>2026-03-28T10:40:02.000Z</time></trkpt>
      <trkpt lat="53.446823" lon="-1.852685"><ele>574.0</ele><time>2026-03-28T10:40:03.000Z</time></trkpt>
      <trkpt lat="53.446830" lon="-1.852699"><ele>574.0</ele><time>2026-03-28T10:40:04.000Z</time></trkpt>
      <trkpt lat="53.446840" lon="-1.852706"><ele>573.8</ele><time>2026-03-28T10:40:05.000Z</time></trkpt>
      <trkpt lat="53.446846" lon="-1.852714"><ele>574.8</ele><time>2026-03-28T10:40:06.000Z</time></trkpt>
      <trkpt lat="53.446860" lon="-1.852721"><ele>573.6</ele><time>2026-03-28T10:40:07.000Z</time></trkpt>
      <trkpt lat="53.446873" lon="-1.852729"><ele>572.2</ele><time>2026-03-28T10:40:08.000Z</time></trkpt>
      <trkpt lat="53.446880" lon="-1.852740"><ele>572.6</ele><time>2026-03-28T10:40:09.000Z</time></trkpt>
      <trkpt lat="53.446900" lon="-1.852745"><ele>573.4</ele><time>2026-03-28T10:40:10.000Z</time></trkpt>
      <trkpt lat="53.446907" lon="-1.852750"><ele>573.4</ele><time>2026-03-28T10:40:11.000Z</time></trkpt>
      <trkpt lat="53.446920" lon="-1.852745"><ele>573.8</ele><time>2026-03-28T10:40:12.000Z</time></trkpt>
      <trkpt lat="53.446930" lon="-1.852738"><ele>573.6</ele><time>2026-03-28T10:40:13.000Z</time></trkpt>
      <trkpt lat="53.446940" lon="-1.852724"><ele>574.2</ele><time>2026-03-28T10:40:14.000Z</time></trkpt>
      <trkpt lat="53.446957" lon="-1.852706"><ele>573.6</ele><time>2026-03-28T10:40:15.000Z</time></trkpt>
      <trkpt lat="53.446964" lon="-1.852698"><ele>573.0</ele><time>2026-03-28T10:40:16.000Z</time></trkpt>
      <trkpt lat="53.446976" lon="-1.852696"><ele>573.2</ele><time>2026-03-28T10:40:17.000Z</time></trkpt>
      <trkpt lat="53.446987" lon="-1.852691"><ele>574.0</ele><time>2026-03-28T10:40:18.000Z</time></trkpt>
      <trkpt lat="53.447000" lon="-1.852680"><ele>574.6</ele><time>2026-03-28T10:40:19.000Z</time></trkpt>
      <trkpt lat="53.447002" lon="-1.852658"><ele>574.2</ele><time>2026-03-28T10:40:20.000Z</time></trkpt>
      <trkpt lat="53.447006" lon="-1.852642"><ele>573.8</ele><time>2026-03-28T10:40:21.000Z</time></trkpt>
      <trkpt lat="53.447014" lon="-1.852631"><ele>573.8</ele><time>2026-03-28T10:40:22.000Z</time></trkpt>
      <trkpt lat="53.447033" lon="-1.852623"><ele>574.0</ele><time>2026-03-28T10:40:23.000Z</time></trkpt>
      <trkpt lat="53.447044" lon="-1.852618"><ele>573.2</ele><time>2026-03-28T10:40:24.000Z</time></trkpt>
      <trkpt lat="53.447060" lon="-1.852608"><ele>573.4</ele><time>2026-03-28T10:40:25.000Z</time></trkpt>
      <trkpt lat="53.447067" lon="-1.852595"><ele>573.4</ele><time>2026-03-28T10:40:26.000Z</time></trkpt>
      <trkpt lat="53.447080" lon="-1.852585"><ele>573.2</ele><time>2026-03-28T10:40:27.000Z</time></trkpt>
      <trkpt lat="53.447094" lon="-1.852573"><ele>573.8</ele><time>2026-03-28T10:40:28.000Z</time></trkpt>
      <trkpt lat="53.447100" lon="-1.852569"><ele>574.2</ele><time>2026-03-28T10:40:29.000Z</time></trkpt>
      <trkpt lat="53.447120" lon="-1.852555"><ele>574.2</ele><time>2026-03-28T10:40:30.000Z</time></trkpt>
      <trkpt lat="53.447130" lon="-1.852545"><ele>573.6</ele><time>2026-03-28T10:40:31.000Z</time></trkpt>
      <trkpt lat="53.447144" lon="-1.852537"><ele>573.8</ele><time>2026-03-28T10:40:32.000Z</time></trkpt>
      <trkpt lat="53.447150" lon="-1.852529"><ele>573.6</ele><time>2026-03-28T10:40:33.000Z</time></trkpt>
      <trkpt lat="53.447160" lon="-1.852521"><ele>573.8</ele><time>2026-03-28T10:40:34.000Z</time></trkpt>
      <trkpt lat="53.447170" lon="-1.852504"><ele>573.8</ele><time>2026-03-28T10:40:35.000Z</time></trkpt>
      <trkpt lat="53.447186" lon="-1.852488"><ele>575.2</ele><time>2026-03-28T10:40:36.000Z</time></trkpt>
      <trkpt lat="53.447190" lon="-1.852475"><ele>574.2</ele><time>2026-03-28T10:40:37.000Z</time></trkpt>
      <trkpt lat="53.447200" lon="-1.852463"><ele>573.0</ele><time>2026-03-28T10:40:38.000Z</time></trkpt>
      <trkpt lat="53.447205" lon="-1.852458"><ele>573.0</ele><time>2026-03-28T10:40:39.000Z</time></trkpt>
      <trkpt lat="53.447220" lon="-1.852451"><ele>572.4</ele><time>2026-03-28T10:40:40.000Z</time></trkpt>
      <trkpt lat="53.447230" lon="-1.852440"><ele>573.2</ele><time>2026-03-28T10:40:41.000Z</time></trkpt>
      <trkpt lat="53.447243" lon="-1.852434"><ele>573.8</ele><time>2026-03-28T10:40:42.000Z</time></trkpt>
      <trkpt lat="53.447247" lon="-1.852426"><ele>573.6</ele><time>2026-03-28T10:40:43.000Z</time></trkpt>
      <trkpt lat="53.447260" lon="-1.852416"><ele>573.0</ele><time>2026-03-28T10:40:44.000Z</time></trkpt>
      <trkpt lat="53.447277" lon="-1.852405"><ele>573.8</ele><time>2026-03-28T10:40:45.000Z</time></trkpt>
      <trkpt lat="53.447290" lon="-1.852402"><ele>574.4</ele><time>2026-03-28T10:40:46.000Z</time></trkpt>
      <trkpt lat="53.447296" lon="-1.852395"><ele>574.8</ele><time>2026-03-28T10:40:47.000Z</time></trkpt>
      <trkpt lat="53.447308" lon="-1.852388"><ele>576.0</ele><time>2026-03-28T10:40:48.000Z</time></trkpt>
      <trkpt lat="53.447323" lon="-1.852380"><ele>575.0</ele><time>2026-03-28T10:40:49.000Z</time></trkpt>
      <trkpt lat="53.447330" lon="-1.852375"><ele>575.8</ele><time>2026-03-28T10:40:50.000Z</time></trkpt>
      <trkpt lat="53.447334" lon="-1.852369"><ele>574.2</ele><time>2026-03-28T10:40:51.000Z</time></trkpt>
      <trkpt lat="53.447342" lon="-1.852360"><ele>574.6</ele><time>2026-03-28T10:40:52.000Z</time></trkpt>
      <trkpt lat="53.447360" lon="-1.852353"><ele>575.4</ele><time>2026-03-28T10:40:53.000Z</time></trkpt>
      <trkpt lat="53.447370" lon="-1.852353"><ele>575.2</ele><time>2026-03-28T10:40:54.000Z</time></trkpt>
      <trkpt lat="53.447376" lon="-1.852350"><ele>575.8</ele><time>2026-03-28T10:40:55.000Z</time></trkpt>
      <trkpt lat="53.447380" lon="-1.852347"><ele>574.8</ele><time>2026-03-28T10:40:56.000Z</time></trkpt>
      <trkpt lat="53.447395" lon="-1.852343"><ele>576.0</ele><time>2026-03-28T10:40:57.000Z</time></trkpt>
      <trkpt lat="53.447407" lon="-1.852341"><ele>576.0</ele><time>2026-03-28T10:40:58.000Z</time></trkpt>
      <trkpt lat="53.447422" lon="-1.852327"><ele>576.0</ele><time>2026-03-28T10:40:59.000Z</time></trkpt>
      <trkpt lat="53.447430" lon="-1.852324"><ele>576.0</ele><time>2026-03-28T10:41:00.000Z</time></trkpt>
      <trkpt lat="53.447437" lon="-1.852323"><ele>575.4</ele><time>2026-03-28T10:41:01.000Z</time></trkpt>
      <trkpt lat="53.447450" lon="-1.852321"><ele>575.0</ele><time>2026-03-28T10:41:02.000Z</time></trkpt>
      <trkpt lat="53.447456" lon="-1.852322"><ele>574.4</ele><time>2026-03-28T10:41:03.000Z</time></trkpt>
      <trkpt lat="53.447470" lon="-1.852321"><ele>574.4</ele><time>2026-03-28T10:41:04.000Z</time></trkpt>
      <trkpt lat="53.447475" lon="-1.852312"><ele>575.4</ele><time>2026-03-28T10:41:05.000Z</time></trkpt>
      <trkpt lat="53.447483" lon="-1.852311"><ele>575.2</ele><time>2026-03-28T10:41:06.000Z</time></trkpt>
      <trkpt lat="53.447487" lon="-1.852313"><ele>575.0</ele><time>2026-03-28T10:41:07.000Z</time></trkpt>
      <trkpt lat="53.447502" lon="-1.852315"><ele>575.6</ele><time>2026-03-28T10:41:08.000Z</time></trkpt>
      <trkpt lat="53.447514" lon="-1.852315"><ele>576.0</ele><time>2026-03-28T10:41:09.000Z</time></trkpt>
      <trkpt lat="53.447510" lon="-1.852316"><ele>576.0</ele><time>2026-03-28T10:41:10.000Z</time></trkpt>
      <trkpt lat="53.447510" lon="-1.852317"><ele>576.0</ele><time>2026-03-28T10:41:11.000Z</time></trkpt>
      <trkpt lat="53.447510" lon="-1.852318"><ele>576.2</ele><time>2026-03-28T10:41:12.000Z</time></trkpt>
      <trkpt lat="53.447510" lon="-1.852318"><ele>576.4</ele><time>2026-03-28T10:41:13.000Z</time></trkpt>
      <trkpt lat="53.447514" lon="-1.852319"><ele>576.0</ele><time>2026-03-28T10:41:14.000Z</time></trkpt>
      <trkpt lat="53.447510" lon="-1.852321"><ele>575.8</ele><time>2026-03-28T10:41:15.000Z</time></trkpt>
      <trkpt lat="53.447510" lon="-1.852321"><ele>576.0</ele><time>2026-03-28T10:41:16.000Z</time></trkpt>
      <trkpt lat="53.447510" lon="-1.852321"><ele>576.0</ele><time>2026-03-28T10:41:17.000Z</time></trkpt>
      <trkpt lat="53.447510" lon="-1.852320"><ele>575.6</ele><time>2026-03-28T10:41:18.000Z</time></trkpt>
      <trkpt lat="53.447510" lon="-1.852320"><ele>575.6</ele><time>2026-03-28T10:41:19.000Z</time></trkpt>
      <trkpt lat="53.447510" lon="-1.852320"><ele>575.6</ele><time>2026-03-28T10:41:20.000Z</time></trkpt>
      <trkpt lat="53.447510" lon="-1.852320"><ele>575.6</ele><time>2026-03-28T10:41:21.000Z</time></trkpt>
      <trkpt lat="53.447510" lon="-1.852320"><ele>575.6</ele><time>2026-03-28T10:41:22.000Z</time></trkpt>
      <trkpt lat="53.447510" lon="-1.852316"><ele>575.2</ele><time>2026-03-28T10:41:23.000Z</time></trkpt>
      <trkpt lat="53.447520" lon="-1.852313"><ele>575.4</ele><time>2026-03-28T10:41:24.000Z</time></trkpt>
      <trkpt lat="53.447520" lon="-1.852311"><ele>575.0</ele><time>2026-03-28T10:41:25.000Z</time></trkpt>
      <trkpt lat="53.447525" lon="-1.852316"><ele>575.2</ele><time>2026-03-28T10:41:26.000Z</time></trkpt>
      <trkpt lat="53.447530" lon="-1.852319"><ele>574.6</ele><time>2026-03-28T10:41:27.000Z</time></trkpt>
      <trkpt lat="53.447530" lon="-1.852323"><ele>574.8</ele><time>2026-03-28T10:41:28.000Z</time></trkpt>
      <trkpt lat="53.447533" lon="-1.852324"><ele>575.0</ele><time>2026-03-28T10:41:29.000Z</time></trkpt>
      <trkpt lat="53.447530" lon="-1.852325"><ele>574.6</ele><time>2026-03-28T10:41:30.000Z</time></trkpt>
      <trkpt lat="53.447530" lon="-1.852326"><ele>574.8</ele><time>2026-03-28T10:41:31.000Z</time></trkpt>
      <trkpt lat="53.447530" lon="-1.852326"><ele>574.8</ele><time>2026-03-28T10:41:32.000Z</time></trkpt>
      <trkpt lat="53.447530" lon="-1.852326"><ele>574.8</ele><time>2026-03-28T10:41:33.000Z</time></trkpt>
      <trkpt lat="53.447530" lon="-1.852326"><ele>574.8</ele><time>2026-03-28T10:41:34.000Z</time></trkpt>
      <trkpt lat="53.447530" lon="-1.852325"><ele>575.0</ele><time>2026-03-28T10:41:35.000Z</time></trkpt>
      <trkpt lat="53.447530" lon="-1.852325"><ele>575.0</ele><time>2026-03-28T10:41:36.000Z</time></trkpt>
      <trkpt lat="53.447530" lon="-1.852325"><ele>575.0</ele><time>2026-03-28T10:41:37.000Z</time></trkpt>
      <trkpt lat="53.447530" lon="-1.852325"><ele>575.0</ele><time>2026-03-28T10:41:38.000Z</time></trkpt>
      <trkpt lat="53.447530" lon="-1.852324"><ele>574.8</ele><time>2026-03-28T10:41:39.000Z</time></trkpt>
      <trkpt lat="53.447530" lon="-1.852324"><ele>574.8</ele><time>2026-03-28T10:41:40.000Z</time></trkpt>
      <trkpt lat="53.447530" lon="-1.852325"><ele>574.8</ele><time>2026-03-28T10:41:41.000Z</time></trkpt>
      <trkpt lat="53.447533" lon="-1.852327"><ele>574.6</ele><time>2026-03-28T10:41:42.000Z</time></trkpt>
      <trkpt lat="53.447533" lon="-1.852328"><ele>574.2</ele><time>2026-03-28T10:41:43.000Z</time></trkpt>
      <trkpt lat="53.447536" lon="-1.852329"><ele>574.4</ele><time>2026-03-28T10:41:44.000Z</time></trkpt>
      <trkpt lat="53.447540" lon="-1.852329"><ele>574.6</ele><time>2026-03-28T10:41:45.000Z</time></trkpt>
      <trkpt lat="53.447540" lon="-1.852330"><ele>574.6</ele><time>2026-03-28T10:41:46.000Z</time></trkpt>
      <trkpt lat="53.447540" lon="-1.852330"><ele>574.8</ele><time>2026-03-28T10:41:47.000Z</time></trkpt>
      <trkpt lat="53.447540" lon="-1.852331"><ele>574.8</ele><time>2026-03-28T10:41:48.000Z</time></trkpt>
      <trkpt lat="53.447544" lon="-1.852330"><ele>575.0</ele><time>2026-03-28T10:41:49.000Z</time></trkpt>
      <trkpt lat="53.447548" lon="-1.852331"><ele>575.0</ele><time>2026-03-28T10:41:50.000Z</time></trkpt>
      <trkpt lat="53.447544" lon="-1.852330"><ele>574.6</ele><time>2026-03-28T10:41:51.000Z</time></trkpt>
      <trkpt lat="53.447544" lon="-1.852330"><ele>574.8</ele><time>2026-03-28T10:41:52.000Z</time></trkpt>
      <trkpt lat="53.447544" lon="-1.852331"><ele>574.8</ele><time>2026-03-28T10:41:53.000Z</time></trkpt>
      <trkpt lat="53.447544" lon="-1.852331"><ele>574.8</ele><time>2026-03-28T10:41:54.000Z</time></trkpt>
      <trkpt lat="53.447544" lon="-1.852331"><ele>575.0</ele><time>2026-03-28T10:41:55.000Z</time></trkpt>
      <trkpt lat="53.447544" lon="-1.852333"><ele>575.0</ele><time>2026-03-28T10:41:56.000Z</time></trkpt>
      <trkpt lat="53.447544" lon="-1.852332"><ele>575.0</ele><time>2026-03-28T10:41:57.000Z</time></trkpt>
      <trkpt lat="53.447544" lon="-1.852332"><ele>575.0</ele><time>2026-03-28T10:41:58.000Z</time></trkpt>
      <trkpt lat="53.447544" lon="-1.852332"><ele>575.2</ele><time>2026-03-28T10:41:59.000Z</time></trkpt>
      <trkpt lat="53.447544" lon="-1.852331"><ele>575.2</ele><time>2026-03-28T10:42:00.000Z</time></trkpt>
      <trkpt lat="53.447544" lon="-1.852330"><ele>574.6</ele><time>2026-03-28T10:42:01.000Z</time></trkpt>
      <trkpt lat="53.447550" lon="-1.852335"><ele>574.6</ele><time>2026-03-28T10:42:02.000Z</time></trkpt>
      <trkpt lat="53.447563" lon="-1.852340"><ele>574.6</ele><time>2026-03-28T10:42:03.000Z</time></trkpt>
      <trkpt lat="53.447567" lon="-1.852346"><ele>575.0</ele><time>2026-03-28T10:42:04.000Z</time></trkpt>
      <trkpt lat="53.447580" lon="-1.852359"><ele>574.8</ele><time>2026-03-28T10:42:05.000Z</time></trkpt>
      <trkpt lat="53.447582" lon="-1.852371"><ele>574.8</ele><time>2026-03-28T10:42:06.000Z</time></trkpt>
      <trkpt lat="53.447586" lon="-1.852389"><ele>575.0</ele><time>2026-03-28T10:42:07.000Z</time></trkpt>
      <trkpt lat="53.447590" lon="-1.852402"><ele>575.2</ele><time>2026-03-28T10:42:08.000Z</time></trkpt>
      <trkpt lat="53.447600" lon="-1.852417"><ele>576.6</ele><time>2026-03-28T10:42:09.000Z</time></trkpt>
      <trkpt lat="53.447613" lon="-1.852420"><ele>575.8</ele><time>2026-03-28T10:42:10.000Z</time></trkpt>
      <trkpt lat="53.447620" lon="-1.852425"><ele>575.6</ele><time>2026-03-28T10:42:11.000Z</time></trkpt>
      <trkpt lat="53.447628" lon="-1.852439"><ele>575.4</ele><time>2026-03-28T10:42:12.000Z</time></trkpt>
      <trkpt lat="53.447636" lon="-1.852451"><ele>575.6</ele><time>2026-03-28T10:42:13.000Z</time></trkpt>
      <trkpt lat="53.447643" lon="-1.852461"><ele>575.6</ele><time>2026-03-28T10:42:14.000Z</time></trkpt>
      <trkpt lat="53.447650" lon="-1.852458"><ele>575.6</ele><time>2026-03-28T10:42:15.000Z</time></trkpt>
      <trkpt lat="53.447650" lon="-1.852454"><ele>575.8</ele><time>2026-03-28T10:42:16.000Z</time></trkpt>
      <trkpt lat="53.447660" lon="-1.852463"><ele>575.4</ele><time>2026-03-28T10:42:17.000Z</time></trkpt>
      <trkpt lat="53.447662" lon="-1.852475"><ele>575.2</ele><time>2026-03-28T10:42:18.000Z</time></trkpt>
      <trkpt lat="53.447666" lon="-1.852494"><ele>575.6</ele><time>2026-03-28T10:42:19.000Z</time></trkpt>
      <trkpt lat="53.447674" lon="-1.852512"><ele>575.8</ele><time>2026-03-28T10:42:20.000Z</time></trkpt>
      <trkpt lat="53.447674" lon="-1.852526"><ele>575.8</ele><time>2026-03-28T10:42:21.000Z</time></trkpt>
      <trkpt lat="53.447670" lon="-1.852537"><ele>576.4</ele><time>2026-03-28T10:42:22.000Z</time></trkpt>
      <trkpt lat="53.447662" lon="-1.852559"><ele>575.4</ele><time>2026-03-28T10:42:23.000Z</time></trkpt>
      <trkpt lat="53.447655" lon="-1.852593"><ele>575.0</ele><time>2026-03-28T10:42:24.000Z</time></trkpt>
      <trkpt lat="53.447660" lon="-1.852603"><ele>575.2</ele><time>2026-03-28T10:42:25.000Z</time></trkpt>
      <trkpt lat="53.447666" lon="-1.852619"><ele>574.8</ele><time>2026-03-28T10:42:26.000Z</time></trkpt>
      <trkpt lat="53.447674" lon="-1.852631"><ele>574.0</ele><time>2026-03-28T10:42:27.000Z</time></trkpt>
      <trkpt lat="53.447693" lon="-1.852645"><ele>575.0</ele><time>2026-03-28T10:42:28.000Z</time></trkpt>
      <trkpt lat="53.447704" lon="-1.852651"><ele>574.4</ele><time>2026-03-28T10:42:29.000Z</time></trkpt>
      <trkpt lat="53.447716" lon="-1.852660"><ele>572.6</ele><time>2026-03-28T10:42:30.000Z</time></trkpt>
      <trkpt lat="53.447730" lon="-1.852673"><ele>573.6</ele><time>2026-03-28T10:42:31.000Z</time></trkpt>
      <trkpt lat="53.447742" lon="-1.852676"><ele>573.8</ele><time>2026-03-28T10:42:32.000Z</time></trkpt>
      <trkpt lat="53.447750" lon="-1.852686"><ele>574.0</ele><time>2026-03-28T10:42:33.000Z</time></trkpt>
      <trkpt lat="53.447765" lon="-1.852691"><ele>574.6</ele><time>2026-03-28T10:42:34.000Z</time></trkpt>
      <trkpt lat="53.447784" lon="-1.852690"><ele>574.8</ele><time>2026-03-28T10:42:35.000Z</time></trkpt>
      <trkpt lat="53.447792" lon="-1.852691"><ele>575.2</ele><time>2026-03-28T10:42:36.000Z</time></trkpt>
      <trkpt lat="53.447803" lon="-1.852690"><ele>575.6</ele><time>2026-03-28T10:42:37.000Z</time></trkpt>
      <trkpt lat="53.447815" lon="-1.852691"><ele>574.8</ele><time>2026-03-28T10:42:38.000Z</time></trkpt>
      <trkpt lat="53.447826" lon="-1.852702"><ele>575.0</ele><time>2026-03-28T10:42:39.000Z</time></trkpt>
      <trkpt lat="53.447834" lon="-1.852705"><ele>574.6</ele><time>2026-03-28T10:42:40.000Z</time></trkpt>
      <trkpt lat="53.447845" lon="-1.852701"><ele>574.8</ele><time>2026-03-28T10:42:41.000Z</time></trkpt>
      <trkpt lat="53.447860" lon="-1.852703"><ele>574.8</ele><time>2026-03-28T10:42:42.000Z</time></trkpt>
      <trkpt lat="53.447870" lon="-1.852717"><ele>575.2</ele><time>2026-03-28T10:42:43.000Z</time></trkpt>
      <trkpt lat="53.447884" lon="-1.852725"><ele>575.2</ele><time>2026-03-28T10:42:44.000Z</time></trkpt>
      <trkpt lat="53.447890" lon="-1.852735"><ele>574.0</ele><time>2026-03-28T10:42:45.000Z</time></trkpt>
      <trkpt lat="53.447900" lon="-1.852739"><ele>574.2</ele><time>2026-03-28T10:42:46.000Z</time></trkpt>
      <trkpt lat="53.447914" lon="-1.852744"><ele>573.8</ele><time>2026-03-28T10:42:47.000Z</time></trkpt>
      <trkpt lat="53.447926" lon="-1.852762"><ele>573.2</ele><time>2026-03-28T10:42:48.000Z</time></trkpt>
      <trkpt lat="53.447930" lon="-1.852776"><ele>573.4</ele><time>2026-03-28T10:42:49.000Z</time></trkpt>
      <trkpt lat="53.447937" lon="-1.852787"><ele>573.4</ele><time>2026-03-28T10:42:50.000Z</time></trkpt>
      <trkpt lat="53.447945" lon="-1.852797"><ele>573.6</ele><time>2026-03-28T10:42:51.000Z</time></trkpt>
      <trkpt lat="53.447956" lon="-1.852809"><ele>573.8</ele><time>2026-03-28T10:42:52.000Z</time></trkpt>
      <trkpt lat="53.447970" lon="-1.852817"><ele>574.0</ele><time>2026-03-28T10:42:53.000Z</time></trkpt>
      <trkpt lat="53.447983" lon="-1.852820"><ele>574.4</ele><time>2026-03-28T10:42:54.000Z</time></trkpt>
      <trkpt lat="53.447998" lon="-1.852830"><ele>574.6</ele><time>2026-03-28T10:42:55.000Z</time></trkpt>
      <trkpt lat="53.448010" lon="-1.852842"><ele>574.8</ele><time>2026-03-28T10:42:56.000Z</time></trkpt>
      <trkpt lat="53.448013" lon="-1.852855"><ele>575.0</ele><time>2026-03-28T10:42:57.000Z</time></trkpt>
      <trkpt lat="53.448030" lon="-1.852866"><ele>573.6</ele><time>2026-03-28T10:42:58.000Z</time></trkpt>
      <trkpt lat="53.448036" lon="-1.852884"><ele>574.2</ele><time>2026-03-28T10:42:59.000Z</time></trkpt>
      <trkpt lat="53.448036" lon="-1.852906"><ele>573.8</ele><time>2026-03-28T10:43:00.000Z</time></trkpt>
      <trkpt lat="53.448044" lon="-1.852927"><ele>573.6</ele><time>2026-03-28T10:43:01.000Z</time></trkpt>
      <trkpt lat="53.448048" lon="-1.852946"><ele>573.8</ele><time>2026-03-28T10:43:02.000Z</time></trkpt>
      <trkpt lat="53.448050" lon="-1.852961"><ele>574.2</ele><time>2026-03-28T10:43:03.000Z</time></trkpt>
      <trkpt lat="53.448055" lon="-1.852977"><ele>574.2</ele><time>2026-03-28T10:43:04.000Z</time></trkpt>
      <trkpt lat="53.448067" lon="-1.852998"><ele>574.8</ele><time>2026-03-28T10:43:05.000Z</time></trkpt>
      <trkpt lat="53.448074" lon="-1.853019"><ele>575.4</ele><time>2026-03-28T10:43:06.000Z</time></trkpt>
      <trkpt lat="53.448080" lon="-1.853040"><ele>576.0</ele><time>2026-03-28T10:43:07.000Z</time></trkpt>
      <trkpt lat="53.448080" lon="-1.853064"><ele>575.6</ele><time>2026-03-28T10:43:08.000Z</time></trkpt>
      <trkpt lat="53.448082" lon="-1.853084"><ele>575.8</ele><time>2026-03-28T10:43:09.000Z</time></trkpt>
      <trkpt lat="53.448082" lon="-1.853100"><ele>576.0</ele><time>2026-03-28T10:43:10.000Z</time></trkpt>
      <trkpt lat="53.448082" lon="-1.853117"><ele>575.6</ele><time>2026-03-28T10:43:11.000Z</time></trkpt>
      <trkpt lat="53.448086" lon="-1.853141"><ele>575.8</ele><time>2026-03-28T10:43:12.000Z</time></trkpt>
      <trkpt lat="53.448090" lon="-1.853162"><ele>575.6</ele><time>2026-03-28T10:43:13.000Z</time></trkpt>
      <trkpt lat="53.448090" lon="-1.853186"><ele>575.0</ele><time>2026-03-28T10:43:14.000Z</time></trkpt>
      <trkpt lat="53.448093" lon="-1.853206"><ele>575.4</ele><time>2026-03-28T10:43:15.000Z</time></trkpt>
      <trkpt lat="53.448100" lon="-1.853227"><ele>575.2</ele><time>2026-03-28T10:43:16.000Z</time></trkpt>
      <trkpt lat="53.448110" lon="-1.853244"><ele>575.4</ele><time>2026-03-28T10:43:17.000Z</time></trkpt>
      <trkpt lat="53.448116" lon="-1.853267"><ele>575.6</ele><time>2026-03-28T10:43:18.000Z</time></trkpt>
      <trkpt lat="53.448124" lon="-1.853280"><ele>575.8</ele><time>2026-03-28T10:43:19.000Z</time></trkpt>
      <trkpt lat="53.448140" lon="-1.853300"><ele>575.2</ele><time>2026-03-28T10:43:20.000Z</time></trkpt>
      <trkpt lat="53.448147" lon="-1.853309"><ele>575.8</ele><time>2026-03-28T10:43:21.000Z</time></trkpt>
      <trkpt lat="53.448150" lon="-1.853321"><ele>576.2</ele><time>2026-03-28T10:43:22.000Z</time></trkpt>
      <trkpt lat="53.448162" lon="-1.853340"><ele>576.6</ele><time>2026-03-28T10:43:23.000Z</time></trkpt>
      <trkpt lat="53.448170" lon="-1.853352"><ele>576.2</ele><time>2026-03-28T10:43:24.000Z</time></trkpt>
      <trkpt lat="53.448177" lon="-1.853365"><ele>576.6</ele><time>2026-03-28T10:43:25.000Z</time></trkpt>
      <trkpt lat="53.448180" lon="-1.853375"><ele>576.2</ele><time>2026-03-28T10:43:26.000Z</time></trkpt>
      <trkpt lat="53.448190" lon="-1.853389"><ele>575.2</ele><time>2026-03-28T10:43:27.000Z</time></trkpt>
      <trkpt lat="53.448204" lon="-1.853407"><ele>574.6</ele><time>2026-03-28T10:43:28.000Z</time></trkpt>
      <trkpt lat="53.448210" lon="-1.853424"><ele>575.2</ele><time>2026-03-28T10:43:29.000Z</time></trkpt>
      <trkpt lat="53.448223" lon="-1.853448"><ele>575.4</ele><time>2026-03-28T10:43:30.000Z</time></trkpt>
      <trkpt lat="53.448230" lon="-1.853462"><ele>575.4</ele><time>2026-03-28T10:43:31.000Z</time></trkpt>
      <trkpt lat="53.448240" lon="-1.853480"><ele>574.4</ele><time>2026-03-28T10:43:32.000Z</time></trkpt>
      <trkpt lat="53.448242" lon="-1.853500"><ele>575.0</ele><time>2026-03-28T10:43:33.000Z</time></trkpt>
      <trkpt lat="53.448250" lon="-1.853525"><ele>575.4</ele><time>2026-03-28T10:43:34.000Z</time></trkpt>
      <trkpt lat="53.448254" lon="-1.853544"><ele>574.8</ele><time>2026-03-28T10:43:35.000Z</time></trkpt>
      <trkpt lat="53.448257" lon="-1.853566"><ele>575.2</ele><time>2026-03-28T10:43:36.000Z</time></trkpt>
      <trkpt lat="53.448265" lon="-1.853580"><ele>575.0</ele><time>2026-03-28T10:43:37.000Z</time></trkpt>
      <trkpt lat="53.448270" lon="-1.853603"><ele>574.8</ele><time>2026-03-28T10:43:38.000Z</time></trkpt>
      <trkpt lat="53.448273" lon="-1.853622"><ele>574.8</ele><time>2026-03-28T10:43:39.000Z</time></trkpt>
      <trkpt lat="53.448284" lon="-1.853641"><ele>574.6</ele><time>2026-03-28T10:43:40.000Z</time></trkpt>
      <trkpt lat="53.448288" lon="-1.853652"><ele>574.4</ele><time>2026-03-28T10:43:41.000Z</time></trkpt>
      <trkpt lat="53.448296" lon="-1.853672"><ele>574.6</ele><time>2026-03-28T10:43:42.000Z</time></trkpt>
      <trkpt lat="53.448303" lon="-1.853688"><ele>573.8</ele><time>2026-03-28T10:43:43.000Z</time></trkpt>
      <trkpt lat="53.448310" lon="-1.853701"><ele>573.6</ele><time>2026-03-28T10:43:44.000Z</time></trkpt>
      <trkpt lat="53.448315" lon="-1.853712"><ele>573.2</ele><time>2026-03-28T10:43:45.000Z</time></trkpt>
      <trkpt lat="53.448320" lon="-1.853719"><ele>573.4</ele><time>2026-03-28T10:43:46.000Z</time></trkpt>
      <trkpt lat="53.448320" lon="-1.853721"><ele>573.6</ele><time>2026-03-28T10:43:47.000Z</time></trkpt>
      <trkpt lat="53.448322" lon="-1.853731"><ele>573.6</ele><time>2026-03-28T10:43:48.000Z</time></trkpt>
      <trkpt lat="53.448326" lon="-1.853735"><ele>573.8</ele><time>2026-03-28T10:43:49.000Z</time></trkpt>
      <trkpt lat="53.448330" lon="-1.853738"><ele>573.6</ele><time>2026-03-28T10:43:50.000Z</time></trkpt>
      <trkpt lat="53.448334" lon="-1.853737"><ele>573.2</ele><time>2026-03-28T10:43:51.000Z</time></trkpt>
      <trkpt lat="53.448338" lon="-1.853744"><ele>572.8</ele><time>2026-03-28T10:43:52.000Z</time></trkpt>
      <trkpt lat="53.448340" lon="-1.853759"><ele>573.0</ele><time>2026-03-28T10:43:53.000Z</time></trkpt>
      <trkpt lat="53.448353" lon="-1.853773"><ele>572.8</ele><time>2026-03-28T10:43:54.000Z</time></trkpt>
      <trkpt lat="53.448360" lon="-1.853790"><ele>572.2</ele><time>2026-03-28T10:43:55.000Z</time></trkpt>
      <trkpt lat="53.448370" lon="-1.853809"><ele>572.4</ele><time>2026-03-28T10:43:56.000Z</time></trkpt>
      <trkpt lat="53.448380" lon="-1.853828"><ele>572.2</ele><time>2026-03-28T10:43:57.000Z</time></trkpt>
      <trkpt lat="53.448387" lon="-1.853846"><ele>572.4</ele><time>2026-03-28T10:43:58.000Z</time></trkpt>
      <trkpt lat="53.448395" lon="-1.853859"><ele>572.2</ele><time>2026-03-28T10:43:59.000Z</time></trkpt>
      <trkpt lat="53.448402" lon="-1.853868"><ele>572.4</ele><time>2026-03-28T10:44:00.000Z</time></trkpt>
      <trkpt lat="53.448420" lon="-1.853875"><ele>571.8</ele><time>2026-03-28T10:44:01.000Z</time></trkpt>
      <trkpt lat="53.448440" lon="-1.853871"><ele>572.6</ele><time>2026-03-28T10:44:02.000Z</time></trkpt>
      <trkpt lat="53.448452" lon="-1.853875"><ele>572.2</ele><time>2026-03-28T10:44:03.000Z</time></trkpt>
      <trkpt lat="53.448467" lon="-1.853878"><ele>572.0</ele><time>2026-03-28T10:44:04.000Z</time></trkpt>
      <trkpt lat="53.448483" lon="-1.853882"><ele>571.8</ele><time>2026-03-28T10:44:05.000Z</time></trkpt>
      <trkpt lat="53.448494" lon="-1.853888"><ele>572.2</ele><time>2026-03-28T10:44:06.000Z</time></trkpt>
      <trkpt lat="53.448500" lon="-1.853898"><ele>572.2</ele><time>2026-03-28T10:44:07.000Z</time></trkpt>
      <trkpt lat="53.448517" lon="-1.853915"><ele>571.8</ele><time>2026-03-28T10:44:08.000Z</time></trkpt>
      <trkpt lat="53.448530" lon="-1.853922"><ele>570.6</ele><time>2026-03-28T10:44:09.000Z</time></trkpt>
      <trkpt lat="53.448540" lon="-1.853928"><ele>571.6</ele><time>2026-03-28T10:44:10.000Z</time></trkpt>
      <trkpt lat="53.448550" lon="-1.853920"><ele>571.4</ele><time>2026-03-28T10:44:11.000Z</time></trkpt>
      <trkpt lat="53.448563" lon="-1.853917"><ele>571.6</ele><time>2026-03-28T10:44:12.000Z</time></trkpt>
      <trkpt lat="53.448574" lon="-1.853898"><ele>572.4</ele><time>2026-03-28T10:44:13.000Z</time></trkpt>
      <trkpt lat="53.448590" lon="-1.853883"><ele>572.4</ele><time>2026-03-28T10:44:14.000Z</time></trkpt>
      <trkpt lat="53.448600" lon="-1.853871"><ele>572.4</ele><time>2026-03-28T10:44:15.000Z</time></trkpt>
      <trkpt lat="53.448612" lon="-1.853857"><ele>572.8</ele><time>2026-03-28T10:44:16.000Z</time></trkpt>
      <trkpt lat="53.448627" lon="-1.853839"><ele>572.8</ele><time>2026-03-28T10:44:17.000Z</time></trkpt>
      <trkpt lat="53.448640" lon="-1.853837"><ele>572.6</ele><time>2026-03-28T10:44:18.000Z</time></trkpt>
      <trkpt lat="53.448650" lon="-1.853835"><ele>573.4</ele><time>2026-03-28T10:44:19.000Z</time></trkpt>
      <trkpt lat="53.448660" lon="-1.853828"><ele>573.0</ele><time>2026-03-28T10:44:20.000Z</time></trkpt>
      <trkpt lat="53.448673" lon="-1.853819"><ele>573.6</ele><time>2026-03-28T10:44:21.000Z</time></trkpt>
      <trkpt lat="53.448670" lon="-1.853819"><ele>573.6</ele><time>2026-03-28T10:44:22.000Z</time></trkpt>
      <trkpt lat="53.448670" lon="-1.853821"><ele>573.6</ele><time>2026-03-28T10:44:23.000Z</time></trkpt>
      <trkpt lat="53.448673" lon="-1.853823"><ele>573.0</ele><time>2026-03-28T10:44:24.000Z</time></trkpt>
      <trkpt lat="53.448680" lon="-1.853813"><ele>571.8</ele><time>2026-03-28T10:44:25.000Z</time></trkpt>
      <trkpt lat="53.448692" lon="-1.853813"><ele>572.6</ele><time>2026-03-28T10:44:26.000Z</time></trkpt>
      <trkpt lat="53.448704" lon="-1.853802"><ele>573.0</ele><time>2026-03-28T10:44:27.000Z</time></trkpt>
      <trkpt lat="53.448708" lon="-1.853801"><ele>572.0</ele><time>2026-03-28T10:44:28.000Z</time></trkpt>
      <trkpt lat="53.448715" lon="-1.853792"><ele>571.8</ele><time>2026-03-28T10:44:29.000Z</time></trkpt>
      <trkpt lat="53.448727" lon="-1.853782"><ele>572.0</ele><time>2026-03-28T10:44:30.000Z</time></trkpt>
      <trkpt lat="53.448734" lon="-1.853777"><ele>571.8</ele><time>2026-03-28T10:44:31.000Z</time></trkpt>
      <trkpt lat="53.448742" lon="-1.853769"><ele>571.4</ele><time>2026-03-28T10:44:32.000Z</time></trkpt>
      <trkpt lat="53.448757" lon="-1.853757"><ele>571.0</ele><time>2026-03-28T10:44:33.000Z</time></trkpt>
      <trkpt lat="53.448770" lon="-1.853748"><ele>571.0</ele><time>2026-03-28T10:44:34.000Z</time></trkpt>
      <trkpt lat="53.448776" lon="-1.853727"><ele>571.6</ele><time>2026-03-28T10:44:35.000Z</time></trkpt>
      <trkpt lat="53.448772" lon="-1.853701"><ele>571.6</ele><time>2026-03-28T10:44:36.000Z</time></trkpt>
      <trkpt lat="53.448776" lon="-1.853673"><ele>571.6</ele><time>2026-03-28T10:44:37.000Z</time></trkpt>
      <trkpt lat="53.448784" lon="-1.853661"><ele>571.0</ele><time>2026-03-28T10:44:38.000Z</time></trkpt>
      <trkpt lat="53.448795" lon="-1.853641"><ele>570.8</ele><time>2026-03-28T10:44:39.000Z</time></trkpt>
      <trkpt lat="53.448803" lon="-1.853621"><ele>571.2</ele><time>2026-03-28T10:44:40.000Z</time></trkpt>
      <trkpt lat="53.448807" lon="-1.853604"><ele>570.4</ele><time>2026-03-28T10:44:41.000Z</time></trkpt>
      <trkpt lat="53.448810" lon="-1.853585"><ele>570.2</ele><time>2026-03-28T10:44:42.000Z</time></trkpt>
      <trkpt lat="53.448820" lon="-1.853563"><ele>570.4</ele><time>2026-03-28T10:44:43.000Z</time></trkpt>
      <trkpt lat="53.448826" lon="-1.853546"><ele>571.2</ele><time>2026-03-28T10:44:44.000Z</time></trkpt>
      <trkpt lat="53.448833" lon="-1.853522"><ele>570.4</ele><time>2026-03-28T10:44:45.000Z</time></trkpt>
      <trkpt lat="53.448840" lon="-1.853508"><ele>570.0</ele><time>2026-03-28T10:44:46.000Z</time></trkpt>
      <trkpt lat="53.448850" lon="-1.853495"><ele>569.6</ele><time>2026-03-28T10:44:47.000Z</time></trkpt>
      <trkpt lat="53.448856" lon="-1.853481"><ele>569.6</ele><time>2026-03-28T10:44:48.000Z</time></trkpt>
      <trkpt lat="53.448868" lon="-1.853469"><ele>569.6</ele><time>2026-03-28T10:44:49.000Z</time></trkpt>
      <trkpt lat="53.448870" lon="-1.853458"><ele>569.6</ele><time>2026-03-28T10:44:50.000Z</time></trkpt>
      <trkpt lat="53.448880" lon="-1.853457"><ele>570.0</ele><time>2026-03-28T10:44:51.000Z</time></trkpt>
      <trkpt lat="53.448890" lon="-1.853453"><ele>569.4</ele><time>2026-03-28T10:44:52.000Z</time></trkpt>
      <trkpt lat="53.448902" lon="-1.853447"><ele>570.0</ele><time>2026-03-28T10:44:53.000Z</time></trkpt>
      <trkpt lat="53.448914" lon="-1.853442"><ele>571.0</ele><time>2026-03-28T10:44:54.000Z</time></trkpt>
      <trkpt lat="53.448920" lon="-1.853442"><ele>570.4</ele><time>2026-03-28T10:44:55.000Z</time></trkpt>
      <trkpt lat="53.448925" lon="-1.853443"><ele>570.0</ele><time>2026-03-28T10:44:56.000Z</time></trkpt>
      <trkpt lat="53.448930" lon="-1.853440"><ele>569.2</ele><time>2026-03-28T10:44:57.000Z</time></trkpt>
      <trkpt lat="53.448936" lon="-1.853438"><ele>569.0</ele><time>2026-03-28T10:44:58.000Z</time></trkpt>
      <trkpt lat="53.448948" lon="-1.853436"><ele>569.0</ele><time>2026-03-28T10:44:59.000Z</time></trkpt>
      <trkpt lat="53.448960" lon="-1.853430"><ele>568.8</ele><time>2026-03-28T10:45:00.000Z</time></trkpt>
      <trkpt lat="53.448970" lon="-1.853422"><ele>569.0</ele><time>2026-03-28T10:45:01.000Z</time></trkpt>
      <trkpt lat="53.448986" lon="-1.853418"><ele>569.2</ele><time>2026-03-28T10:45:02.000Z</time></trkpt>
      <trkpt lat="53.448994" lon="-1.853420"><ele>568.8</ele><time>2026-03-28T10:45:03.000Z</time></trkpt>
      <trkpt lat="53.449000" lon="-1.853422"><ele>568.8</ele><time>2026-03-28T10:45:04.000Z</time></trkpt>
      <trkpt lat="53.449005" lon="-1.853426"><ele>567.8</ele><time>2026-03-28T10:45:05.000Z</time></trkpt>
      <trkpt lat="53.449017" lon="-1.853437"><ele>568.2</ele><time>2026-03-28T10:45:06.000Z</time></trkpt>
      <trkpt lat="53.449024" lon="-1.853449"><ele>567.6</ele><time>2026-03-28T10:45:07.000Z</time></trkpt>
      <trkpt lat="53.449036" lon="-1.853460"><ele>568.0</ele><time>2026-03-28T10:45:08.000Z</time></trkpt>
      <trkpt lat="53.449036" lon="-1.853457"><ele>567.4</ele><time>2026-03-28T10:45:09.000Z</time></trkpt>
      <trkpt lat="53.449036" lon="-1.853458"><ele>567.6</ele><time>2026-03-28T10:45:10.000Z</time></trkpt>
      <trkpt lat="53.449043" lon="-1.853459"><ele>567.2</ele><time>2026-03-28T10:45:11.000Z</time></trkpt>
      <trkpt lat="53.449055" lon="-1.853457"><ele>567.2</ele><time>2026-03-28T10:45:12.000Z</time></trkpt>
      <trkpt lat="53.449062" lon="-1.853457"><ele>567.4</ele><time>2026-03-28T10:45:13.000Z</time></trkpt>
      <trkpt lat="53.449074" lon="-1.853465"><ele>567.6</ele><time>2026-03-28T10:45:14.000Z</time></trkpt>
      <trkpt lat="53.449078" lon="-1.853476"><ele>567.0</ele><time>2026-03-28T10:45:15.000Z</time></trkpt>
      <trkpt lat="53.449078" lon="-1.853492"><ele>567.2</ele><time>2026-03-28T10:45:16.000Z</time></trkpt>
      <trkpt lat="53.449078" lon="-1.853510"><ele>567.6</ele><time>2026-03-28T10:45:17.000Z</time></trkpt>
      <trkpt lat="53.449078" lon="-1.853520"><ele>567.8</ele><time>2026-03-28T10:45:18.000Z</time></trkpt>
      <trkpt lat="53.449074" lon="-1.853528"><ele>567.6</ele><time>2026-03-28T10:45:19.000Z</time></trkpt>
      <trkpt lat="53.449074" lon="-1.853546"><ele>567.4</ele><time>2026-03-28T10:45:20.000Z</time></trkpt>
      <trkpt lat="53.449078" lon="-1.853561"><ele>567.8</ele><time>2026-03-28T10:45:21.000Z</time></trkpt>
      <trkpt lat="53.449085" lon="-1.853578"><ele>567.4</ele><time>2026-03-28T10:45:22.000Z</time></trkpt>
      <trkpt lat="53.449093" lon="-1.853593"><ele>567.8</ele><time>2026-03-28T10:45:23.000Z</time></trkpt>
      <trkpt lat="53.449093" lon="-1.853602"><ele>567.8</ele><time>2026-03-28T10:45:24.000Z</time></trkpt>
      <trkpt lat="53.449093" lon="-1.853614"><ele>567.8</ele><time>2026-03-28T10:45:25.000Z</time></trkpt>
      <trkpt lat="53.449093" lon="-1.853627"><ele>567.4</ele><time>2026-03-28T10:45:26.000Z</time></trkpt>
      <trkpt lat="53.449100" lon="-1.853636"><ele>567.8</ele><time>2026-03-28T10:45:27.000Z</time></trkpt>
      <trkpt lat="53.449116" lon="-1.853650"><ele>567.4</ele><time>2026-03-28T10:45:28.000Z</time></trkpt>
      <trkpt lat="53.449120" lon="-1.853664"><ele>567.0</ele><time>2026-03-28T10:45:29.000Z</time></trkpt>
      <trkpt lat="53.449123" lon="-1.853676"><ele>566.4</ele><time>2026-03-28T10:45:30.000Z</time></trkpt>
      <trkpt lat="53.449127" lon="-1.853684"><ele>567.0</ele><time>2026-03-28T10:45:31.000Z</time></trkpt>
      <trkpt lat="53.449140" lon="-1.853696"><ele>566.6</ele><time>2026-03-28T10:45:32.000Z</time></trkpt>
      <trkpt lat="53.449158" lon="-1.853717"><ele>567.2</ele><time>2026-03-28T10:45:33.000Z</time></trkpt>
      <trkpt lat="53.449160" lon="-1.853726"><ele>567.8</ele><time>2026-03-28T10:45:34.000Z</time></trkpt>
      <trkpt lat="53.449160" lon="-1.853729"><ele>567.2</ele><time>2026-03-28T10:45:35.000Z</time></trkpt>
      <trkpt lat="53.449160" lon="-1.853733"><ele>567.4</ele><time>2026-03-28T10:45:36.000Z</time></trkpt>
      <trkpt lat="53.449170" lon="-1.853758"><ele>567.4</ele><time>2026-03-28T10:45:37.000Z</time></trkpt>
      <trkpt lat="53.449177" lon="-1.853780"><ele>566.6</ele><time>2026-03-28T10:45:38.000Z</time></trkpt>
      <trkpt lat="53.449184" lon="-1.853801"><ele>567.0</ele><time>2026-03-28T10:45:39.000Z</time></trkpt>
      <trkpt lat="53.449190" lon="-1.853812"><ele>567.4</ele><time>2026-03-28T10:45:40.000Z</time></trkpt>
      <trkpt lat="53.449192" lon="-1.853827"><ele>566.2</ele><time>2026-03-28T10:45:41.000Z</time></trkpt>
      <trkpt lat="53.449200" lon="-1.853853"><ele>566.6</ele><time>2026-03-28T10:45:42.000Z</time></trkpt>
      <trkpt lat="53.449210" lon="-1.853866"><ele>565.6</ele><time>2026-03-28T10:45:43.000Z</time></trkpt>
      <trkpt lat="53.449210" lon="-1.853889"><ele>566.0</ele><time>2026-03-28T10:45:44.000Z</time></trkpt>
      <trkpt lat="53.449215" lon="-1.853907"><ele>566.2</ele><time>2026-03-28T10:45:45.000Z</time></trkpt>
      <trkpt lat="53.449220" lon="-1.853923"><ele>565.6</ele><time>2026-03-28T10:45:46.000Z</time></trkpt>
      <trkpt lat="53.449223" lon="-1.853945"><ele>565.4</ele><time>2026-03-28T10:45:47.000Z</time></trkpt>
      <trkpt lat="53.449230" lon="-1.853960"><ele>566.0</ele><time>2026-03-28T10:45:48.000Z</time></trkpt>
      <trkpt lat="53.449238" lon="-1.853977"><ele>567.0</ele><time>2026-03-28T10:45:49.000Z</time></trkpt>
      <trkpt lat="53.449240" lon="-1.853993"><ele>566.8</ele><time>2026-03-28T10:45:50.000Z</time></trkpt>
      <trkpt lat="53.449245" lon="-1.854006"><ele>566.6</ele><time>2026-03-28T10:45:51.000Z</time></trkpt>
      <trkpt lat="53.449245" lon="-1.854027"><ele>566.2</ele><time>2026-03-28T10:45:52.000Z</time></trkpt>
      <trkpt lat="53.449245" lon="-1.854052"><ele>566.0</ele><time>2026-03-28T10:45:53.000Z</time></trkpt>
      <trkpt lat="53.449257" lon="-1.854073"><ele>566.6</ele><time>2026-03-28T10:45:54.000Z</time></trkpt>
      <trkpt lat="53.449257" lon="-1.854094"><ele>567.0</ele><time>2026-03-28T10:45:55.000Z</time></trkpt>
      <trkpt lat="53.449257" lon="-1.854112"><ele>566.6</ele><time>2026-03-28T10:45:56.000Z</time></trkpt>
      <trkpt lat="53.449257" lon="-1.854130"><ele>566.8</ele><time>2026-03-28T10:45:57.000Z</time></trkpt>
      <trkpt lat="53.449257" lon="-1.854150"><ele>566.2</ele><time>2026-03-28T10:45:58.000Z</time></trkpt>
      <trkpt lat="53.449260" lon="-1.854178"><ele>567.0</ele><time>2026-03-28T10:45:59.000Z</time></trkpt>
      <trkpt lat="53.449265" lon="-1.854191"><ele>566.6</ele><time>2026-03-28T10:46:00.000Z</time></trkpt>
      <trkpt lat="53.449270" lon="-1.854209"><ele>566.2</ele><time>2026-03-28T10:46:01.000Z</time></trkpt>
      <trkpt lat="53.449276" lon="-1.854220"><ele>565.6</ele><time>2026-03-28T10:46:02.000Z</time></trkpt>
      <trkpt lat="53.449287" lon="-1.854227"><ele>565.6</ele><time>2026-03-28T10:46:03.000Z</time></trkpt>
      <trkpt lat="53.449303" lon="-1.854237"><ele>566.2</ele><time>2026-03-28T10:46:04.000Z</time></trkpt>
      <trkpt lat="53.449310" lon="-1.854254"><ele>566.2</ele><time>2026-03-28T10:46:05.000Z</time></trkpt>
      <trkpt lat="53.449314" lon="-1.854271"><ele>566.4</ele><time>2026-03-28T10:46:06.000Z</time></trkpt>
      <trkpt lat="53.449310" lon="-1.854291"><ele>566.6</ele><time>2026-03-28T10:46:07.000Z</time></trkpt>
      <trkpt lat="53.449314" lon="-1.854307"><ele>566.6</ele><time>2026-03-28T10:46:08.000Z</time></trkpt>
      <trkpt lat="53.449320" lon="-1.854332"><ele>566.6</ele><time>2026-03-28T10:46:09.000Z</time></trkpt>
      <trkpt lat="53.449330" lon="-1.854352"><ele>567.8</ele><time>2026-03-28T10:46:10.000Z</time></trkpt>
      <trkpt lat="53.449333" lon="-1.854368"><ele>567.6</ele><time>2026-03-28T10:46:11.000Z</time></trkpt>
      <trkpt lat="53.449337" lon="-1.854386"><ele>567.2</ele><time>2026-03-28T10:46:12.000Z</time></trkpt>
      <trkpt lat="53.449350" lon="-1.854403"><ele>567.4</ele><time>2026-03-28T10:46:13.000Z</time></trkpt>
      <trkpt lat="53.449352" lon="-1.854417"><ele>566.6</ele><time>2026-03-28T10:46:14.000Z</time></trkpt>
      <trkpt lat="53.449360" lon="-1.854428"><ele>566.2</ele><time>2026-03-28T10:46:15.000Z</time></trkpt>
      <trkpt lat="53.449370" lon="-1.854448"><ele>566.2</ele><time>2026-03-28T10:46:16.000Z</time></trkpt>
      <trkpt lat="53.449383" lon="-1.854461"><ele>566.2</ele><time>2026-03-28T10:46:17.000Z</time></trkpt>
      <trkpt lat="53.449394" lon="-1.854480"><ele>566.2</ele><time>2026-03-28T10:46:18.000Z</time></trkpt>
      <trkpt lat="53.449394" lon="-1.854500"><ele>565.8</ele><time>2026-03-28T10:46:19.000Z</time></trkpt>
      <trkpt lat="53.449398" lon="-1.854520"><ele>565.4</ele><time>2026-03-28T10:46:20.000Z</time></trkpt>
      <trkpt lat="53.449400" lon="-1.854542"><ele>565.2</ele><time>2026-03-28T10:46:21.000Z</time></trkpt>
      <trkpt lat="53.449410" lon="-1.854561"><ele>565.0</ele><time>2026-03-28T10:46:22.000Z</time></trkpt>
      <trkpt lat="53.449413" lon="-1.854587"><ele>566.2</ele><time>2026-03-28T10:46:23.000Z</time></trkpt>
      <trkpt lat="53.449420" lon="-1.854607"><ele>565.6</ele><time>2026-03-28T10:46:24.000Z</time></trkpt>
      <trkpt lat="53.449430" lon="-1.854622"><ele>566.0</ele><time>2026-03-28T10:46:25.000Z</time></trkpt>
      <trkpt lat="53.449436" lon="-1.854642"><ele>565.6</ele><time>2026-03-28T10:46:26.000Z</time></trkpt>
      <trkpt lat="53.449440" lon="-1.854661"><ele>565.4</ele><time>2026-03-28T10:46:27.000Z</time></trkpt>
      <trkpt lat="53.449444" lon="-1.854675"><ele>565.0</ele><time>2026-03-28T10:46:28.000Z</time></trkpt>
      <trkpt lat="53.449450" lon="-1.854691"><ele>564.6</ele><time>2026-03-28T10:46:29.000Z</time></trkpt>
      <trkpt lat="53.449460" lon="-1.854715"><ele>565.2</ele><time>2026-03-28T10:46:30.000Z</time></trkpt>
      <trkpt lat="53.449463" lon="-1.854733"><ele>565.2</ele><time>2026-03-28T10:46:31.000Z</time></trkpt>
      <trkpt lat="53.449463" lon="-1.854755"><ele>565.0</ele><time>2026-03-28T10:46:32.000Z</time></trkpt>
      <trkpt lat="53.449467" lon="-1.854773"><ele>565.6</ele><time>2026-03-28T10:46:33.000Z</time></trkpt>
      <trkpt lat="53.449474" lon="-1.854792"><ele>566.0</ele><time>2026-03-28T10:46:34.000Z</time></trkpt>
      <trkpt lat="53.449482" lon="-1.854807"><ele>566.6</ele><time>2026-03-28T10:46:35.000Z</time></trkpt>
      <trkpt lat="53.449486" lon="-1.854827"><ele>566.6</ele><time>2026-03-28T10:46:36.000Z</time></trkpt>
      <trkpt lat="53.449482" lon="-1.854843"><ele>566.0</ele><time>2026-03-28T10:46:37.000Z</time></trkpt>
      <trkpt lat="53.449480" lon="-1.854863"><ele>565.6</ele><time>2026-03-28T10:46:38.000Z</time></trkpt>
      <trkpt lat="53.449482" lon="-1.854879"><ele>565.0</ele><time>2026-03-28T10:46:39.000Z</time></trkpt>
      <trkpt lat="53.449493" lon="-1.854899"><ele>565.0</ele><time>2026-03-28T10:46:40.000Z</time></trkpt>
      <trkpt lat="53.449510" lon="-1.854918"><ele>565.4</ele><time>2026-03-28T10:46:41.000Z</time></trkpt>
      <trkpt lat="53.449516" lon="-1.854930"><ele>565.2</ele><time>2026-03-28T10:46:42.000Z</time></trkpt>
      <trkpt lat="53.449524" lon="-1.854948"><ele>566.2</ele><time>2026-03-28T10:46:43.000Z</time></trkpt>
      <trkpt lat="53.449528" lon="-1.854963"><ele>566.8</ele><time>2026-03-28T10:46:44.000Z</time></trkpt>
      <trkpt lat="53.449535" lon="-1.854977"><ele>567.0</ele><time>2026-03-28T10:46:45.000Z</time></trkpt>
      <trkpt lat="53.449540" lon="-1.854996"><ele>566.4</ele><time>2026-03-28T10:46:46.000Z</time></trkpt>
      <trkpt lat="53.449543" lon="-1.855017"><ele>566.0</ele><time>2026-03-28T10:46:47.000Z</time></trkpt>
      <trkpt lat="53.449547" lon="-1.855034"><ele>565.4</ele><time>2026-03-28T10:46:48.000Z</time></trkpt>
      <trkpt lat="53.449560" lon="-1.855048"><ele>565.8</ele><time>2026-03-28T10:46:49.000Z</time></trkpt>
      <trkpt lat="53.449566" lon="-1.855055"><ele>566.4</ele><time>2026-03-28T10:46:50.000Z</time></trkpt>
      <trkpt lat="53.449566" lon="-1.855068"><ele>566.8</ele><time>2026-03-28T10:46:51.000Z</time></trkpt>
      <trkpt lat="53.449566" lon="-1.855077"><ele>565.8</ele><time>2026-03-28T10:46:52.000Z</time></trkpt>
      <trkpt lat="53.449570" lon="-1.855083"><ele>566.0</ele><time>2026-03-28T10:46:53.000Z</time></trkpt>
      <trkpt lat="53.449570" lon="-1.855088"><ele>565.8</ele><time>2026-03-28T10:46:54.000Z</time></trkpt>
      <trkpt lat="53.449574" lon="-1.855093"><ele>565.8</ele><time>2026-03-28T10:46:55.000Z</time></trkpt>
      <trkpt lat="53.449580" lon="-1.855111"><ele>565.6</ele><time>2026-03-28T10:46:56.000Z</time></trkpt>
      <trkpt lat="53.449590" lon="-1.855136"><ele>565.8</ele><time>2026-03-28T10:46:57.000Z</time></trkpt>
      <trkpt lat="53.449590" lon="-1.855145"><ele>565.6</ele><time>2026-03-28T10:46:58.000Z</time></trkpt>
      <trkpt lat="53.449585" lon="-1.855145"><ele>565.6</ele><time>2026-03-28T10:46:59.000Z</time></trkpt>
      <trkpt lat="53.449585" lon="-1.855148"><ele>565.6</ele><time>2026-03-28T10:47:00.000Z</time></trkpt>
      <trkpt lat="53.449585" lon="-1.855147"><ele>565.6</ele><time>2026-03-28T10:47:01.000Z</time></trkpt>
      <trkpt lat="53.449590" lon="-1.855159"><ele>565.4</ele><time>2026-03-28T10:47:02.000Z</time></trkpt>
      <trkpt lat="53.449596" lon="-1.855170"><ele>565.4</ele><time>2026-03-28T10:47:03.000Z</time></trkpt>
      <trkpt lat="53.449604" lon="-1.855183"><ele>565.4</ele><time>2026-03-28T10:47:04.000Z</time></trkpt>
      <trkpt lat="53.449615" lon="-1.855193"><ele>565.0</ele><time>2026-03-28T10:47:05.000Z</time></trkpt>
      <trkpt lat="53.449627" lon="-1.855208"><ele>565.4</ele><time>2026-03-28T10:47:06.000Z</time></trkpt>
      <trkpt lat="53.449635" lon="-1.855210"><ele>564.8</ele><time>2026-03-28T10:47:07.000Z</time></trkpt>
      <trkpt lat="53.449640" lon="-1.855222"><ele>564.6</ele><time>2026-03-28T10:47:08.000Z</time></trkpt>
      <trkpt lat="53.449654" lon="-1.855236"><ele>564.4</ele><time>2026-03-28T10:47:09.000Z</time></trkpt>
      <trkpt lat="53.449665" lon="-1.855255"><ele>565.2</ele><time>2026-03-28T10:47:10.000Z</time></trkpt>
      <trkpt lat="53.449673" lon="-1.855275"><ele>564.4</ele><time>2026-03-28T10:47:11.000Z</time></trkpt>
      <trkpt lat="53.449684" lon="-1.855295"><ele>565.0</ele><time>2026-03-28T10:47:12.000Z</time></trkpt>
      <trkpt lat="53.449696" lon="-1.855312"><ele>565.6</ele><time>2026-03-28T10:47:13.000Z</time></trkpt>
      <trkpt lat="53.449690" lon="-1.855323"><ele>565.0</ele><time>2026-03-28T10:47:14.000Z</time></trkpt>
      <trkpt lat="53.449690" lon="-1.855335"><ele>564.6</ele><time>2026-03-28T10:47:15.000Z</time></trkpt>
      <trkpt lat="53.449696" lon="-1.855341"><ele>565.0</ele><time>2026-03-28T10:47:16.000Z</time></trkpt>
      <trkpt lat="53.449703" lon="-1.855357"><ele>564.8</ele><time>2026-03-28T10:47:17.000Z</time></trkpt>
      <trkpt lat="53.449710" lon="-1.855376"><ele>564.8</ele><time>2026-03-28T10:47:18.000Z</time></trkpt>
      <trkpt lat="53.449715" lon="-1.855395"><ele>564.2</ele><time>2026-03-28T10:47:19.000Z</time></trkpt>
      <trkpt lat="53.449715" lon="-1.855416"><ele>564.8</ele><time>2026-03-28T10:47:20.000Z</time></trkpt>
      <trkpt lat="53.449720" lon="-1.855422"><ele>565.0</ele><time>2026-03-28T10:47:21.000Z</time></trkpt>
      <trkpt lat="53.449722" lon="-1.855425"><ele>564.8</ele><time>2026-03-28T10:47:22.000Z</time></trkpt>
      <trkpt lat="53.449730" lon="-1.855434"><ele>564.8</ele><time>2026-03-28T10:47:23.000Z</time></trkpt>
      <trkpt lat="53.449730" lon="-1.855442"><ele>565.6</ele><time>2026-03-28T10:47:24.000Z</time></trkpt>
      <trkpt lat="53.449745" lon="-1.855460"><ele>565.0</ele><time>2026-03-28T10:47:25.000Z</time></trkpt>
      <trkpt lat="53.449753" lon="-1.855471"><ele>564.8</ele><time>2026-03-28T10:47:26.000Z</time></trkpt>
      <trkpt lat="53.449760" lon="-1.855480"><ele>564.8</ele><time>2026-03-28T10:47:27.000Z</time></trkpt>
      <trkpt lat="53.449768" lon="-1.855498"><ele>564.8</ele><time>2026-03-28T10:47:28.000Z</time></trkpt>
      <trkpt lat="53.449787" lon="-1.855500"><ele>565.2</ele><time>2026-03-28T10:47:29.000Z</time></trkpt>
      <trkpt lat="53.449795" lon="-1.855499"><ele>565.0</ele><time>2026-03-28T10:47:30.000Z</time></trkpt>
      <trkpt lat="53.449787" lon="-1.855495"><ele>565.2</ele><time>2026-03-28T10:47:31.000Z</time></trkpt>
      <trkpt lat="53.449787" lon="-1.855499"><ele>565.4</ele><time>2026-03-28T10:47:32.000Z</time></trkpt>
      <trkpt lat="53.449783" lon="-1.855505"><ele>565.2</ele><time>2026-03-28T10:47:33.000Z</time></trkpt>
      <trkpt lat="53.449780" lon="-1.855519"><ele>565.4</ele><time>2026-03-28T10:47:34.000Z</time></trkpt>
      <trkpt lat="53.449783" lon="-1.855549"><ele>564.8</ele><time>2026-03-28T10:47:35.000Z</time></trkpt>
      <trkpt lat="53.449795" lon="-1.855566"><ele>564.6</ele><time>2026-03-28T10:47:36.000Z</time></trkpt>
      <trkpt lat="53.449810" lon="-1.855565"><ele>564.4</ele><time>2026-03-28T10:47:37.000Z</time></trkpt>
      <trkpt lat="53.449814" lon="-1.855551"><ele>565.0</ele><time>2026-03-28T10:47:38.000Z</time></trkpt>
      <trkpt lat="53.449830" lon="-1.855536"><ele>565.0</ele><time>2026-03-28T10:47:39.000Z</time></trkpt>
      <trkpt lat="53.449833" lon="-1.855534"><ele>565.8</ele><time>2026-03-28T10:47:40.000Z</time></trkpt>
      <trkpt lat="53.449818" lon="-1.855533"><ele>566.2</ele><time>2026-03-28T10:47:41.000Z</time></trkpt>
      <trkpt lat="53.449818" lon="-1.855537"><ele>565.6</ele><time>2026-03-28T10:47:42.000Z</time></trkpt>
      <trkpt lat="53.449830" lon="-1.855531"><ele>565.2</ele><time>2026-03-28T10:47:43.000Z</time></trkpt>
      <trkpt lat="53.449840" lon="-1.855517"><ele>565.0</ele><time>2026-03-28T10:47:44.000Z</time></trkpt>
      <trkpt lat="53.449840" lon="-1.855529"><ele>565.0</ele><time>2026-03-28T10:47:45.000Z</time></trkpt>
      <trkpt lat="53.449840" lon="-1.855529"><ele>564.6</ele><time>2026-03-28T10:47:46.000Z</time></trkpt>
      <trkpt lat="53.449844" lon="-1.855520"><ele>565.0</ele><time>2026-03-28T10:47:47.000Z</time></trkpt>
      <trkpt lat="53.449850" lon="-1.855533"><ele>565.0</ele><time>2026-03-28T10:47:48.000Z</time></trkpt>
      <trkpt lat="53.449844" lon="-1.855553"><ele>565.0</ele><time>2026-03-28T10:47:49.000Z</time></trkpt>
      <trkpt lat="53.449867" lon="-1.855553"><ele>565.2</ele><time>2026-03-28T10:47:50.000Z</time></trkpt>
      <trkpt lat="53.449875" lon="-1.855549"><ele>565.6</ele><time>2026-03-28T10:47:51.000Z</time></trkpt>
      <trkpt lat="53.449880" lon="-1.855551"><ele>565.2</ele><time>2026-03-28T10:47:52.000Z</time></trkpt>
      <trkpt lat="53.449875" lon="-1.855552"><ele>565.2</ele><time>2026-03-28T10:47:53.000Z</time></trkpt>
      <trkpt lat="53.449883" lon="-1.855550"><ele>564.6</ele><time>2026-03-28T10:47:54.000Z</time></trkpt>
      <trkpt lat="53.449898" lon="-1.855554"><ele>565.0</ele><time>2026-03-28T10:47:55.000Z</time></trkpt>
      <trkpt lat="53.449900" lon="-1.855554"><ele>565.2</ele><time>2026-03-28T10:47:56.000Z</time></trkpt>
      <trkpt lat="53.449905" lon="-1.855565"><ele>565.6</ele><time>2026-03-28T10:47:57.000Z</time></trkpt>
      <trkpt lat="53.449917" lon="-1.855579"><ele>566.0</ele><time>2026-03-28T10:47:58.000Z</time></trkpt>
      <trkpt lat="53.449924" lon="-1.855584"><ele>566.0</ele><time>2026-03-28T10:47:59.000Z</time></trkpt>
      <trkpt lat="53.449936" lon="-1.855575"><ele>565.8</ele><time>2026-03-28T10:48:00.000Z</time></trkpt>
      <trkpt lat="53.449936" lon="-1.855578"><ele>564.6</ele><time>2026-03-28T10:48:01.000Z</time></trkpt>
      <trkpt lat="53.449940" lon="-1.855586"><ele>564.6</ele><time>2026-03-28T10:48:02.000Z</time></trkpt>
      <trkpt lat="53.449955" lon="-1.855589"><ele>565.2</ele><time>2026-03-28T10:48:03.000Z</time></trkpt>
      <trkpt lat="53.449960" lon="-1.855579"><ele>565.2</ele><time>2026-03-28T10:48:04.000Z</time></trkpt>
      <trkpt lat="53.449963" lon="-1.855561"><ele>564.6</ele><time>2026-03-28T10:48:05.000Z</time></trkpt>
      <trkpt lat="53.449970" lon="-1.855539"><ele>565.0</ele><time>2026-03-28T10:48:06.000Z</time></trkpt>
      <trkpt lat="53.449978" lon="-1.855534"><ele>565.6</ele><time>2026-03-28T10:48:07.000Z</time></trkpt>
      <trkpt lat="53.449986" lon="-1.855541"><ele>566.0</ele><time>2026-03-28T10:48:08.000Z</time></trkpt>
      <trkpt lat="53.449997" lon="-1.855546"><ele>565.6</ele><time>2026-03-28T10:48:09.000Z</time></trkpt>
      <trkpt lat="53.450012" lon="-1.855550"><ele>565.6</ele><time>2026-03-28T10:48:10.000Z</time></trkpt>
      <trkpt lat="53.450020" lon="-1.855552"><ele>565.4</ele><time>2026-03-28T10:48:11.000Z</time></trkpt>
      <trkpt lat="53.450027" lon="-1.855550"><ele>565.8</ele><time>2026-03-28T10:48:12.000Z</time></trkpt>
      <trkpt lat="53.450030" lon="-1.855554"><ele>565.8</ele><time>2026-03-28T10:48:13.000Z</time></trkpt>
      <trkpt lat="53.450043" lon="-1.855570"><ele>566.0</ele><time>2026-03-28T10:48:14.000Z</time></trkpt>
      <trkpt lat="53.450050" lon="-1.855587"><ele>565.6</ele><time>2026-03-28T10:48:15.000Z</time></trkpt>
      <trkpt lat="53.450050" lon="-1.855593"><ele>565.6</ele><time>2026-03-28T10:48:16.000Z</time></trkpt>
      <trkpt lat="53.450058" lon="-1.855587"><ele>565.4</ele><time>2026-03-28T10:48:17.000Z</time></trkpt>
      <trkpt lat="53.450058" lon="-1.855574"><ele>564.8</ele><time>2026-03-28T10:48:18.000Z</time></trkpt>
      <trkpt lat="53.450070" lon="-1.855563"><ele>564.8</ele><time>2026-03-28T10:48:19.000Z</time></trkpt>
      <trkpt lat="53.450073" lon="-1.855554"><ele>565.4</ele><time>2026-03-28T10:48:20.000Z</time></trkpt>
      <trkpt lat="53.450092" lon="-1.855546"><ele>566.0</ele><time>2026-03-28T10:48:21.000Z</time></trkpt>
      <trkpt lat="53.450108" lon="-1.855547"><ele>566.0</ele><time>2026-03-28T10:48:22.000Z</time></trkpt>
      <trkpt lat="53.450120" lon="-1.855546"><ele>566.2</ele><time>2026-03-28T10:48:23.000Z</time></trkpt>
      <trkpt lat="53.450130" lon="-1.855547"><ele>566.2</ele><time>2026-03-28T10:48:24.000Z</time></trkpt>
      <trkpt lat="53.450138" lon="-1.855555"><ele>566.2</ele><time>2026-03-28T10:48:25.000Z</time></trkpt>
      <trkpt lat="53.450140" lon="-1.855558"><ele>566.2</ele><time>2026-03-28T10:48:26.000Z</time></trkpt>
      <trkpt lat="53.450153" lon="-1.855568"><ele>566.2</ele><time>2026-03-28T10:48:27.000Z</time></trkpt>
      <trkpt lat="53.450170" lon="-1.855586"><ele>566.6</ele><time>2026-03-28T10:48:28.000Z</time></trkpt>
      <trkpt lat="53.450176" lon="-1.855589"><ele>566.4</ele><time>2026-03-28T10:48:29.000Z</time></trkpt>
      <trkpt lat="53.450184" lon="-1.855581"><ele>566.0</ele><time>2026-03-28T10:48:30.000Z</time></trkpt>
      <trkpt lat="53.450200" lon="-1.855575"><ele>566.8</ele><time>2026-03-28T10:48:31.000Z</time></trkpt>
      <trkpt lat="53.450210" lon="-1.855581"><ele>567.4</ele><time>2026-03-28T10:48:32.000Z</time></trkpt>
      <trkpt lat="53.450222" lon="-1.855584"><ele>567.0</ele><time>2026-03-28T10:48:33.000Z</time></trkpt>
      <trkpt lat="53.450233" lon="-1.855585"><ele>567.0</ele><time>2026-03-28T10:48:34.000Z</time></trkpt>
      <trkpt lat="53.450245" lon="-1.855582"><ele>566.6</ele><time>2026-03-28T10:48:35.000Z</time></trkpt>
      <trkpt lat="53.450256" lon="-1.855576"><ele>566.8</ele><time>2026-03-28T10:48:36.000Z</time></trkpt>
      <trkpt lat="53.450275" lon="-1.855576"><ele>566.8</ele><time>2026-03-28T10:48:37.000Z</time></trkpt>
      <trkpt lat="53.450283" lon="-1.855581"><ele>566.6</ele><time>2026-03-28T10:48:38.000Z</time></trkpt>
      <trkpt lat="53.450294" lon="-1.855585"><ele>567.2</ele><time>2026-03-28T10:48:39.000Z</time></trkpt>
      <trkpt lat="53.450302" lon="-1.855599"><ele>567.4</ele><time>2026-03-28T10:48:40.000Z</time></trkpt>
      <trkpt lat="53.450317" lon="-1.855605"><ele>566.8</ele><time>2026-03-28T10:48:41.000Z</time></trkpt>
      <trkpt lat="53.450330" lon="-1.855604"><ele>566.6</ele><time>2026-03-28T10:48:42.000Z</time></trkpt>
      <trkpt lat="53.450344" lon="-1.855596"><ele>566.8</ele><time>2026-03-28T10:48:43.000Z</time></trkpt>
      <trkpt lat="53.450350" lon="-1.855588"><ele>566.2</ele><time>2026-03-28T10:48:44.000Z</time></trkpt>
      <trkpt lat="53.450363" lon="-1.855586"><ele>566.6</ele><time>2026-03-28T10:48:45.000Z</time></trkpt>
      <trkpt lat="53.450375" lon="-1.855592"><ele>566.8</ele><time>2026-03-28T10:48:46.000Z</time></trkpt>
      <trkpt lat="53.450390" lon="-1.855593"><ele>566.4</ele><time>2026-03-28T10:48:47.000Z</time></trkpt>
      <trkpt lat="53.450394" lon="-1.855586"><ele>566.4</ele><time>2026-03-28T10:48:48.000Z</time></trkpt>
      <trkpt lat="53.450400" lon="-1.855585"><ele>566.6</ele><time>2026-03-28T10:48:49.000Z</time></trkpt>
      <trkpt lat="53.450410" lon="-1.855579"><ele>566.2</ele><time>2026-03-28T10:48:50.000Z</time></trkpt>
      <trkpt lat="53.450417" lon="-1.855576"><ele>566.0</ele><time>2026-03-28T10:48:51.000Z</time></trkpt>
      <trkpt lat="53.450428" lon="-1.855575"><ele>566.4</ele><time>2026-03-28T10:48:52.000Z</time></trkpt>
      <trkpt lat="53.450443" lon="-1.855577"><ele>567.8</ele><time>2026-03-28T10:48:53.000Z</time></trkpt>
      <trkpt lat="53.450447" lon="-1.855576"><ele>566.8</ele><time>2026-03-28T10:48:54.000Z</time></trkpt>
      <trkpt lat="53.450455" lon="-1.855583"><ele>566.8</ele><time>2026-03-28T10:48:55.000Z</time></trkpt>
      <trkpt lat="53.450462" lon="-1.855586"><ele>566.4</ele><time>2026-03-28T10:48:56.000Z</time></trkpt>
      <trkpt lat="53.450470" lon="-1.855594"><ele>566.6</ele><time>2026-03-28T10:48:57.000Z</time></trkpt>
      <trkpt lat="53.450480" lon="-1.855594"><ele>566.6</ele><time>2026-03-28T10:48:58.000Z</time></trkpt>
      <trkpt lat="53.450485" lon="-1.855592"><ele>566.2</ele><time>2026-03-28T10:48:59.000Z</time></trkpt>
      <trkpt lat="53.450493" lon="-1.855599"><ele>567.2</ele><time>2026-03-28T10:49:00.000Z</time></trkpt>
      <trkpt lat="53.450510" lon="-1.855617"><ele>567.2</ele><time>2026-03-28T10:49:01.000Z</time></trkpt>
      <trkpt lat="53.450516" lon="-1.855622"><ele>567.6</ele><time>2026-03-28T10:49:02.000Z</time></trkpt>
      <trkpt lat="53.450520" lon="-1.855619"><ele>567.0</ele><time>2026-03-28T10:49:03.000Z</time></trkpt>
      <trkpt lat="53.450523" lon="-1.855613"><ele>566.8</ele><time>2026-03-28T10:49:04.000Z</time></trkpt>
      <trkpt lat="53.450535" lon="-1.855606"><ele>567.8</ele><time>2026-03-28T10:49:05.000Z</time></trkpt>
      <trkpt lat="53.450542" lon="-1.855608"><ele>567.6</ele><time>2026-03-28T10:49:06.000Z</time></trkpt>
      <trkpt lat="53.450550" lon="-1.855615"><ele>567.8</ele><time>2026-03-28T10:49:07.000Z</time></trkpt>
      <trkpt lat="53.450558" lon="-1.855615"><ele>568.0</ele><time>2026-03-28T10:49:08.000Z</time></trkpt>
      <trkpt lat="53.450584" lon="-1.855601"><ele>568.8</ele><time>2026-03-28T10:49:09.000Z</time></trkpt>
      <trkpt lat="53.450580" lon="-1.855589"><ele>567.6</ele><time>2026-03-28T10:49:10.000Z</time></trkpt>
      <trkpt lat="53.450590" lon="-1.855572"><ele>567.2</ele><time>2026-03-28T10:49:11.000Z</time></trkpt>
      <trkpt lat="53.450600" lon="-1.855574"><ele>567.4</ele><time>2026-03-28T10:49:12.000Z</time></trkpt>
      <trkpt lat="53.450615" lon="-1.855573"><ele>568.2</ele><time>2026-03-28T10:49:13.000Z</time></trkpt>
      <trkpt lat="53.450626" lon="-1.855562"><ele>568.4</ele><time>2026-03-28T10:49:14.000Z</time></trkpt>
      <trkpt lat="53.450634" lon="-1.855550"><ele>569.0</ele><time>2026-03-28T10:49:15.000Z</time></trkpt>
      <trkpt lat="53.450634" lon="-1.855540"><ele>569.8</ele><time>2026-03-28T10:49:16.000Z</time></trkpt>
      <trkpt lat="53.450630" lon="-1.855524"><ele>569.2</ele><time>2026-03-28T10:49:17.000Z</time></trkpt>
      <trkpt lat="53.450620" lon="-1.855507"><ele>569.0</ele><time>2026-03-28T10:49:18.000Z</time></trkpt>
      <trkpt lat="53.450610" lon="-1.855494"><ele>568.8</ele><time>2026-03-28T10:49:19.000Z</time></trkpt>
      <trkpt lat="53.450607" lon="-1.855480"><ele>567.6</ele><time>2026-03-28T10:49:20.000Z</time></trkpt>
      <trkpt lat="53.450610" lon="-1.855466"><ele>568.4</ele><time>2026-03-28T10:49:21.000Z</time></trkpt>
      <trkpt lat="53.450610" lon="-1.855457"><ele>568.2</ele><time>2026-03-28T10:49:22.000Z</time></trkpt>
      <trkpt lat="53.450615" lon="-1.855446"><ele>568.2</ele><time>2026-03-28T10:49:23.000Z</time></trkpt>
      <trkpt lat="53.450626" lon="-1.855417"><ele>568.4</ele><time>2026-03-28T10:49:24.000Z</time></trkpt>
      <trkpt lat="53.450626" lon="-1.855404"><ele>568.0</ele><time>2026-03-28T10:49:25.000Z</time></trkpt>
      <trkpt lat="53.450630" lon="-1.855399"><ele>569.0</ele><time>2026-03-28T10:49:26.000Z</time></trkpt>
      <trkpt lat="53.450634" lon="-1.855395"><ele>569.4</ele><time>2026-03-28T10:49:27.000Z</time></trkpt>
      <trkpt lat="53.450630" lon="-1.855383"><ele>569.4</ele><time>2026-03-28T10:49:28.000Z</time></trkpt>
      <trkpt lat="53.450634" lon="-1.855393"><ele>569.8</ele><time>2026-03-28T10:49:29.000Z</time></trkpt>
      <trkpt lat="53.450626" lon="-1.855406"><ele>569.8</ele><time>2026-03-28T10:49:30.000Z</time></trkpt>
      <trkpt lat="53.450620" lon="-1.855418"><ele>570.0</ele><time>2026-03-28T10:49:31.000Z</time></trkpt>
      <trkpt lat="53.450620" lon="-1.855430"><ele>570.0</ele><time>2026-03-28T10:49:32.000Z</time></trkpt>
      <trkpt lat="53.450620" lon="-1.855435"><ele>569.6</ele><time>2026-03-28T10:49:33.000Z</time></trkpt>
      <trkpt lat="53.450615" lon="-1.855449"><ele>569.4</ele><time>2026-03-28T10:49:34.000Z</time></trkpt>
      <trkpt lat="53.450610" lon="-1.855470"><ele>570.2</ele><time>2026-03-28T10:49:35.000Z</time></trkpt>
      <trkpt lat="53.450607" lon="-1.855474"><ele>569.4</ele><time>2026-03-28T10:49:36.000Z</time></trkpt>
      <trkpt lat="53.450603" lon="-1.855489"><ele>569.6</ele><time>2026-03-28T10:49:37.000Z</time></trkpt>
      <trkpt lat="53.450600" lon="-1.855506"><ele>570.2</ele><time>2026-03-28T10:49:38.000Z</time></trkpt>
      <trkpt lat="53.450600" lon="-1.855507"><ele>569.4</ele><time>2026-03-28T10:49:39.000Z</time></trkpt>
      <trkpt lat="53.450603" lon="-1.855533"><ele>569.6</ele><time>2026-03-28T10:49:40.000Z</time></trkpt>
      <trkpt lat="53.450610" lon="-1.855540"><ele>569.6</ele><time>2026-03-28T10:49:41.000Z</time></trkpt>
      <trkpt lat="53.450607" lon="-1.855552"><ele>569.2</ele><time>2026-03-28T10:49:42.000Z</time></trkpt>
      <trkpt lat="53.450603" lon="-1.855560"><ele>569.2</ele><time>2026-03-28T10:49:43.000Z</time></trkpt>
      <trkpt lat="53.450577" lon="-1.855563"><ele>569.2</ele><time>2026-03-28T10:49:44.000Z</time></trkpt>
      <trkpt lat="53.450565" lon="-1.855584"><ele>568.8</ele><time>2026-03-28T10:49:45.000Z</time></trkpt>
      <trkpt lat="53.450560" lon="-1.855590"><ele>569.0</ele><time>2026-03-28T10:49:46.000Z</time></trkpt>
      <trkpt lat="53.450565" lon="-1.855598"><ele>568.4</ele><time>2026-03-28T10:49:47.000Z</time></trkpt>
      <trkpt lat="53.450565" lon="-1.855605"><ele>567.4</ele><time>2026-03-28T10:49:48.000Z</time></trkpt>
      <trkpt lat="53.450560" lon="-1.855612"><ele>567.4</ele><time>2026-03-28T10:49:49.000Z</time></trkpt>
      <trkpt lat="53.450554" lon="-1.855619"><ele>567.0</ele><time>2026-03-28T10:49:50.000Z</time></trkpt>
      <trkpt lat="53.450542" lon="-1.855623"><ele>567.4</ele><time>2026-03-28T10:49:51.000Z</time></trkpt>
      <trkpt lat="53.450540" lon="-1.855627"><ele>567.2</ele><time>2026-03-28T10:49:52.000Z</time></trkpt>
      <trkpt lat="53.450540" lon="-1.855625"><ele>566.8</ele><time>2026-03-28T10:49:53.000Z</time></trkpt>
      <trkpt lat="53.450542" lon="-1.855624"><ele>567.0</ele><time>2026-03-28T10:49:54.000Z</time></trkpt>
      <trkpt lat="53.450542" lon="-1.855624"><ele>567.2</ele><time>2026-03-28T10:49:55.000Z</time></trkpt>
      <trkpt lat="53.450540" lon="-1.855625"><ele>567.4</ele><time>2026-03-28T10:49:56.000Z</time></trkpt>
      <trkpt lat="53.450540" lon="-1.855628"><ele>567.2</ele><time>2026-03-28T10:49:57.000Z</time></trkpt>
      <trkpt lat="53.450542" lon="-1.855626"><ele>566.8</ele><time>2026-03-28T10:49:58.000Z</time></trkpt>
      <trkpt lat="53.450540" lon="-1.855626"><ele>566.8</ele><time>2026-03-28T10:49:59.000Z</time></trkpt>
      <trkpt lat="53.450540" lon="-1.855627"><ele>567.0</ele><time>2026-03-28T10:50:00.000Z</time></trkpt>
      <trkpt lat="53.450540" lon="-1.855631"><ele>566.8</ele><time>2026-03-28T10:50:01.000Z</time></trkpt>
      <trkpt lat="53.450540" lon="-1.855634"><ele>567.2</ele><time>2026-03-28T10:50:02.000Z</time></trkpt>
      <trkpt lat="53.450540" lon="-1.855635"><ele>567.6</ele><time>2026-03-28T10:50:03.000Z</time></trkpt>
      <trkpt lat="53.450540" lon="-1.855635"><ele>567.6</ele><time>2026-03-28T10:50:04.000Z</time></trkpt>
      <trkpt lat="53.450540" lon="-1.855636"><ele>567.8</ele><time>2026-03-28T10:50:05.000Z</time></trkpt>
      <trkpt lat="53.450540" lon="-1.855637"><ele>568.0</ele><time>2026-03-28T10:50:06.000Z</time></trkpt>
      <trkpt lat="53.450540" lon="-1.855636"><ele>568.0</ele><time>2026-03-28T10:50:07.000Z</time></trkpt>
      <trkpt lat="53.450540" lon="-1.855636"><ele>568.0</ele><time>2026-03-28T10:50:08.000Z</time></trkpt>
      <trkpt lat="53.450540" lon="-1.855635"><ele>568.0</ele><time>2026-03-28T10:50:09.000Z</time></trkpt>
      <trkpt lat="53.450540" lon="-1.855635"><ele>568.0</ele><time>2026-03-28T10:50:10.000Z</time></trkpt>
      <trkpt lat="53.450540" lon="-1.855635"><ele>568.0</ele><time>2026-03-28T10:50:11.000Z</time></trkpt>
      <trkpt lat="53.450540" lon="-1.855635"><ele>568.0</ele><time>2026-03-28T10:50:12.000Z</time></trkpt>
      <trkpt lat="53.450540" lon="-1.855635"><ele>568.0</ele><time>2026-03-28T10:50:13.000Z</time></trkpt>
      <trkpt lat="53.450542" lon="-1.855629"><ele>568.4</ele><time>2026-03-28T10:50:14.000Z</time></trkpt>
      <trkpt lat="53.450546" lon="-1.855629"><ele>568.4</ele><time>2026-03-28T10:50:15.000Z</time></trkpt>
      <trkpt lat="53.450546" lon="-1.855630"><ele>568.4</ele><time>2026-03-28T10:50:16.000Z</time></trkpt>
      <trkpt lat="53.450546" lon="-1.855630"><ele>568.6</ele><time>2026-03-28T10:50:17.000Z</time></trkpt>
      <trkpt lat="53.450546" lon="-1.855630"><ele>568.4</ele><time>2026-03-28T10:50:18.000Z</time></trkpt>
      <trkpt lat="53.450546" lon="-1.855632"><ele>568.6</ele><time>2026-03-28T10:50:19.000Z</time></trkpt>
      <trkpt lat="53.450542" lon="-1.855638"><ele>568.4</ele><time>2026-03-28T10:50:20.000Z</time></trkpt>
      <trkpt lat="53.450542" lon="-1.855647"><ele>568.2</ele><time>2026-03-28T10:50:21.000Z</time></trkpt>
      <trkpt lat="53.450542" lon="-1.855649"><ele>568.4</ele><time>2026-03-28T10:50:22.000Z</time></trkpt>
      <trkpt lat="53.450542" lon="-1.855646"><ele>568.4</ele><time>2026-03-28T10:50:23.000Z</time></trkpt>
      <trkpt lat="53.450542" lon="-1.855646"><ele>568.4</ele><time>2026-03-28T10:50:24.000Z</time></trkpt>
      <trkpt lat="53.450542" lon="-1.855644"><ele>568.4</ele><time>2026-03-28T10:50:25.000Z</time></trkpt>
      <trkpt lat="53.450542" lon="-1.855645"><ele>568.2</ele><time>2026-03-28T10:50:26.000Z</time></trkpt>
      <trkpt lat="53.450542" lon="-1.855644"><ele>568.4</ele><time>2026-03-28T10:50:27.000Z</time></trkpt>
      <trkpt lat="53.450542" lon="-1.855643"><ele>568.4</ele><time>2026-03-28T10:50:28.000Z</time></trkpt>
      <trkpt lat="53.450542" lon="-1.855644"><ele>568.4</ele><time>2026-03-28T10:50:29.000Z</time></trkpt>
      <trkpt lat="53.450542" lon="-1.855644"><ele>568.4</ele><time>2026-03-28T10:50:30.000Z</time></trkpt>
      <trkpt lat="53.450542" lon="-1.855644"><ele>568.4</ele><time>2026-03-28T10:50:31.000Z</time></trkpt>
      <trkpt lat="53.450542" lon="-1.855644"><ele>568.4</ele><time>2026-03-28T10:50:32.000Z</time></trkpt>
      <trkpt lat="53.450542" lon="-1.855644"><ele>568.4</ele><time>2026-03-28T10:50:33.000Z</time></trkpt>
      <trkpt lat="53.450542" lon="-1.855644"><ele>568.4</ele><time>2026-03-28T10:50:34.000Z</time></trkpt>
      <trkpt lat="53.450542" lon="-1.855644"><ele>568.4</ele><time>2026-03-28T10:50:35.000Z</time></trkpt>
      <trkpt lat="53.450542" lon="-1.855644"><ele>568.4</ele><time>2026-03-28T10:50:36.000Z</time></trkpt>
      <trkpt lat="53.450540" lon="-1.855643"><ele>568.6</ele><time>2026-03-28T10:50:37.000Z</time></trkpt>
      <trkpt lat="53.450540" lon="-1.855644"><ele>568.6</ele><time>2026-03-28T10:50:38.000Z</time></trkpt>
      <trkpt lat="53.450535" lon="-1.855646"><ele>568.4</ele><time>2026-03-28T10:50:39.000Z</time></trkpt>
      <trkpt lat="53.450535" lon="-1.855644"><ele>568.6</ele><time>2026-03-28T10:50:40.000Z</time></trkpt>
      <trkpt lat="53.450535" lon="-1.855641"><ele>568.8</ele><time>2026-03-28T10:50:41.000Z</time></trkpt>
      <trkpt lat="53.450535" lon="-1.855640"><ele>568.8</ele><time>2026-03-28T10:50:42.000Z</time></trkpt>
      <trkpt lat="53.450535" lon="-1.855637"><ele>569.0</ele><time>2026-03-28T10:50:43.000Z</time></trkpt>
      <trkpt lat="53.450535" lon="-1.855639"><ele>569.0</ele><time>2026-03-28T10:50:44.000Z</time></trkpt>
      <trkpt lat="53.450540" lon="-1.855635"><ele>569.2</ele><time>2026-03-28T10:50:45.000Z</time></trkpt>
      <trkpt lat="53.450535" lon="-1.855635"><ele>569.2</ele><time>2026-03-28T10:50:46.000Z</time></trkpt>
      <trkpt lat="53.450535" lon="-1.855635"><ele>569.4</ele><time>2026-03-28T10:50:47.000Z</time></trkpt>
      <trkpt lat="53.450535" lon="-1.855633"><ele>569.2</ele><time>2026-03-28T10:50:48.000Z</time></trkpt>
      <trkpt lat="53.450535" lon="-1.855632"><ele>569.4</ele><time>2026-03-28T10:50:49.000Z</time></trkpt>
      <trkpt lat="53.450535" lon="-1.855632"><ele>569.4</ele><time>2026-03-28T10:50:50.000Z</time></trkpt>
      <trkpt lat="53.450535" lon="-1.855632"><ele>569.4</ele><time>2026-03-28T10:50:51.000Z</time></trkpt>
      <trkpt lat="53.450535" lon="-1.855632"><ele>568.8</ele><time>2026-03-28T10:50:52.000Z</time></trkpt>
      <trkpt lat="53.450535" lon="-1.855632"><ele>568.8</ele><time>2026-03-28T10:50:53.000Z</time></trkpt>
      <trkpt lat="53.450535" lon="-1.855632"><ele>568.8</ele><time>2026-03-28T10:50:54.000Z</time></trkpt>
      <trkpt lat="53.450535" lon="-1.855632"><ele>568.8</ele><time>2026-03-28T10:50:55.000Z</time></trkpt>
      <trkpt lat="53.450535" lon="-1.855632"><ele>568.8</ele><time>2026-03-28T10:50:56.000Z</time></trkpt>
      <trkpt lat="53.450530" lon="-1.855632"><ele>569.0</ele><time>2026-03-28T10:50:57.000Z</time></trkpt>
      <trkpt lat="53.450527" lon="-1.855638"><ele>569.0</ele><time>2026-03-28T10:50:58.000Z</time></trkpt>
      <trkpt lat="53.450527" lon="-1.855635"><ele>569.2</ele><time>2026-03-28T10:50:59.000Z</time></trkpt>
      <trkpt lat="53.450527" lon="-1.855634"><ele>569.2</ele><time>2026-03-28T10:51:00.000Z</time></trkpt>
      <trkpt lat="53.450527" lon="-1.855634"><ele>569.2</ele><time>2026-03-28T10:51:01.000Z</time></trkpt>
      <trkpt lat="53.450527" lon="-1.855631"><ele>569.4</ele><time>2026-03-28T10:51:02.000Z</time></trkpt>
      <trkpt lat="53.450527" lon="-1.855630"><ele>569.2</ele><time>2026-03-28T10:51:03.000Z</time></trkpt>
      <trkpt lat="53.450527" lon="-1.855630"><ele>569.2</ele><time>2026-03-28T10:51:04.000Z</time></trkpt>
      <trkpt lat="53.450527" lon="-1.855630"><ele>569.2</ele><time>2026-03-28T10:51:05.000Z</time></trkpt>
      <trkpt lat="53.450527" lon="-1.855627"><ele>569.0</ele><time>2026-03-28T10:51:06.000Z</time></trkpt>
      <trkpt lat="53.450527" lon="-1.855625"><ele>569.2</ele><time>2026-03-28T10:51:07.000Z</time></trkpt>
      <trkpt lat="53.450527" lon="-1.855626"><ele>569.2</ele><time>2026-03-28T10:51:08.000Z</time></trkpt>
      <trkpt lat="53.450527" lon="-1.855624"><ele>569.2</ele><time>2026-03-28T10:51:09.000Z</time></trkpt>
      <trkpt lat="53.450527" lon="-1.855624"><ele>569.0</ele><time>2026-03-28T10:51:10.000Z</time></trkpt>
      <trkpt lat="53.450527" lon="-1.855622"><ele>569.2</ele><time>2026-03-28T10:51:11.000Z</time></trkpt>
      <trkpt lat="53.450527" lon="-1.855622"><ele>569.2</ele><time>2026-03-28T10:51:12.000Z</time></trkpt>
      <trkpt lat="53.450527" lon="-1.855622"><ele>569.0</ele><time>2026-03-28T10:51:13.000Z</time></trkpt>
      <trkpt lat="53.450527" lon="-1.855621"><ele>569.2</ele><time>2026-03-28T10:51:14.000Z</time></trkpt>
      <trkpt lat="53.450527" lon="-1.855621"><ele>569.2</ele><time>2026-03-28T10:51:15.000Z</time></trkpt>
      <trkpt lat="53.450527" lon="-1.855621"><ele>569.2</ele><time>2026-03-28T10:51:16.000Z</time></trkpt>
      <trkpt lat="53.450527" lon="-1.855619"><ele>569.2</ele><time>2026-03-28T10:51:17.000Z</time></trkpt>
      <trkpt lat="53.450527" lon="-1.855619"><ele>569.2</ele><time>2026-03-28T10:51:18.000Z</time></trkpt>
      <trkpt lat="53.450530" lon="-1.855620"><ele>569.2</ele><time>2026-03-28T10:51:19.000Z</time></trkpt>
      <trkpt lat="53.450527" lon="-1.855621"><ele>569.0</ele><time>2026-03-28T10:51:20.000Z</time></trkpt>
      <trkpt lat="53.450527" lon="-1.855618"><ele>569.2</ele><time>2026-03-28T10:51:21.000Z</time></trkpt>
      <trkpt lat="53.450527" lon="-1.855619"><ele>569.0</ele><time>2026-03-28T10:51:22.000Z</time></trkpt>
      <trkpt lat="53.450527" lon="-1.855620"><ele>569.2</ele><time>2026-03-28T10:51:23.000Z</time></trkpt>
      <trkpt lat="53.450527" lon="-1.855618"><ele>569.2</ele><time>2026-03-28T10:51:24.000Z</time></trkpt>
      <trkpt lat="53.450527" lon="-1.855618"><ele>569.2</ele><time>2026-03-28T10:51:25.000Z</time></trkpt>
      <trkpt lat="53.450527" lon="-1.855617"><ele>569.2</ele><time>2026-03-28T10:51:26.000Z</time></trkpt>
      <trkpt lat="53.450527" lon="-1.855618"><ele>569.2</ele><time>2026-03-28T10:51:27.000Z</time></trkpt>
      <trkpt lat="53.450527" lon="-1.855618"><ele>569.2</ele><time>2026-03-28T10:51:28.000Z</time></trkpt>
      <trkpt lat="53.450527" lon="-1.855617"><ele>569.2</ele><time>2026-03-28T10:51:29.000Z</time></trkpt>
      <trkpt lat="53.450527" lon="-1.855617"><ele>569.4</ele><time>2026-03-28T10:51:30.000Z</time></trkpt>
      <trkpt lat="53.450527" lon="-1.855617"><ele>569.4</ele><time>2026-03-28T10:51:31.000Z</time></trkpt>
      <trkpt lat="53.450523" lon="-1.855616"><ele>569.0</ele><time>2026-03-28T10:51:32.000Z</time></trkpt>
      <trkpt lat="53.450527" lon="-1.855617"><ele>569.0</ele><time>2026-03-28T10:51:33.000Z</time></trkpt>
      <trkpt lat="53.450527" lon="-1.855617"><ele>569.0</ele><time>2026-03-28T10:51:34.000Z</time></trkpt>
      <trkpt lat="53.450527" lon="-1.855616"><ele>569.0</ele><time>2026-03-28T10:51:35.000Z</time></trkpt>
      <trkpt lat="53.450527" lon="-1.855617"><ele>569.0</ele><time>2026-03-28T10:51:36.000Z</time></trkpt>
      <trkpt lat="53.450527" lon="-1.855615"><ele>569.2</ele><time>2026-03-28T10:51:37.000Z</time></trkpt>
      <trkpt lat="53.450527" lon="-1.855616"><ele>569.0</ele><time>2026-03-28T10:51:38.000Z</time></trkpt>
      <trkpt lat="53.450527" lon="-1.855616"><ele>569.0</ele><time>2026-03-28T10:51:39.000Z</time></trkpt>
      <trkpt lat="53.450527" lon="-1.855615"><ele>569.0</ele><time>2026-03-28T10:51:40.000Z</time></trkpt>
      <trkpt lat="53.450527" lon="-1.855616"><ele>569.2</ele><time>2026-03-28T10:51:41.000Z</time></trkpt>
      <trkpt lat="53.450527" lon="-1.855615"><ele>569.0</ele><time>2026-03-28T10:51:42.000Z</time></trkpt>
      <trkpt lat="53.450527" lon="-1.855615"><ele>569.2</ele><time>2026-03-28T10:51:43.000Z</time></trkpt>
      <trkpt lat="53.450527" lon="-1.855616"><ele>568.6</ele><time>2026-03-28T10:51:44.000Z</time></trkpt>
      <trkpt lat="53.450527" lon="-1.855616"><ele>568.6</ele><time>2026-03-28T10:51:45.000Z</time></trkpt>
      <trkpt lat="53.450530" lon="-1.855617"><ele>568.6</ele><time>2026-03-28T10:51:46.000Z</time></trkpt>
      <trkpt lat="53.450530" lon="-1.855619"><ele>568.8</ele><time>2026-03-28T10:51:47.000Z</time></trkpt>
      <trkpt lat="53.450530" lon="-1.855616"><ele>568.8</ele><time>2026-03-28T10:51:48.000Z</time></trkpt>
      <trkpt lat="53.450530" lon="-1.855617"><ele>568.8</ele><time>2026-03-28T10:51:49.000Z</time></trkpt>
      <trkpt lat="53.450530" lon="-1.855619"><ele>568.6</ele><time>2026-03-28T10:51:50.000Z</time></trkpt>
      <trkpt lat="53.450530" lon="-1.855619"><ele>568.6</ele><time>2026-03-28T10:51:51.000Z</time></trkpt>
      <trkpt lat="53.450535" lon="-1.855618"><ele>568.4</ele><time>2026-03-28T10:51:52.000Z</time></trkpt>
      <trkpt lat="53.450535" lon="-1.855619"><ele>568.2</ele><time>2026-03-28T10:51:53.000Z</time></trkpt>
      <trkpt lat="53.450535" lon="-1.855619"><ele>568.2</ele><time>2026-03-28T10:51:54.000Z</time></trkpt>
      <trkpt lat="53.450535" lon="-1.855620"><ele>568.2</ele><time>2026-03-28T10:51:55.000Z</time></trkpt>
      <trkpt lat="53.450535" lon="-1.855620"><ele>568.2</ele><time>2026-03-28T10:51:56.000Z</time></trkpt>
      <trkpt lat="53.450535" lon="-1.855620"><ele>568.2</ele><time>2026-03-28T10:51:57.000Z</time></trkpt>
      <trkpt lat="53.450535" lon="-1.855620"><ele>568.2</ele><time>2026-03-28T10:51:58.000Z</time></trkpt>
      <trkpt lat="53.450535" lon="-1.855620"><ele>568.2</ele><time>2026-03-28T10:51:59.000Z</time></trkpt>
      <trkpt lat="53.450535" lon="-1.855620"><ele>568.2</ele><time>2026-03-28T10:52:00.000Z</time></trkpt>
      <trkpt lat="53.450540" lon="-1.855621"><ele>568.2</ele><time>2026-03-28T10:52:01.000Z</time></trkpt>
      <trkpt lat="53.450540" lon="-1.855620"><ele>568.2</ele><time>2026-03-28T10:52:02.000Z</time></trkpt>
      <trkpt lat="53.450535" lon="-1.855621"><ele>568.4</ele><time>2026-03-28T10:52:03.000Z</time></trkpt>
      <trkpt lat="53.450535" lon="-1.855619"><ele>568.4</ele><time>2026-03-28T10:52:04.000Z</time></trkpt>
      <trkpt lat="53.450535" lon="-1.855619"><ele>568.4</ele><time>2026-03-28T10:52:05.000Z</time></trkpt>
      <trkpt lat="53.450535" lon="-1.855622"><ele>568.4</ele><time>2026-03-28T10:52:06.000Z</time></trkpt>
      <trkpt lat="53.450535" lon="-1.855621"><ele>568.2</ele><time>2026-03-28T10:52:07.000Z</time></trkpt>
      <trkpt lat="53.450535" lon="-1.855621"><ele>568.2</ele><time>2026-03-28T10:52:08.000Z</time></trkpt>
      <trkpt lat="53.450535" lon="-1.855619"><ele>568.2</ele><time>2026-03-28T10:52:09.000Z</time></trkpt>
      <trkpt lat="53.450535" lon="-1.855619"><ele>568.0</ele><time>2026-03-28T10:52:10.000Z</time></trkpt>
      <trkpt lat="53.450535" lon="-1.855620"><ele>568.0</ele><time>2026-03-28T10:52:11.000Z</time></trkpt>
      <trkpt lat="53.450535" lon="-1.855619"><ele>567.8</ele><time>2026-03-28T10:52:12.000Z</time></trkpt>
      <trkpt lat="53.450535" lon="-1.855619"><ele>567.8</ele><time>2026-03-28T10:52:13.000Z</time></trkpt>
      <trkpt lat="53.450535" lon="-1.855619"><ele>567.8</ele><time>2026-03-28T10:52:14.000Z</time></trkpt>
      <trkpt lat="53.450535" lon="-1.855619"><ele>567.8</ele><time>2026-03-28T10:52:15.000Z</time></trkpt>
      <trkpt lat="53.450535" lon="-1.855619"><ele>567.8</ele><time>2026-03-28T10:52:16.000Z</time></trkpt>
      <trkpt lat="53.450535" lon="-1.855619"><ele>567.8</ele><time>2026-03-28T10:52:17.000Z</time></trkpt>
      <trkpt lat="53.450535" lon="-1.855619"><ele>568.0</ele><time>2026-03-28T10:52:18.000Z</time></trkpt>
      <trkpt lat="53.450535" lon="-1.855620"><ele>567.8</ele><time>2026-03-28T10:52:19.000Z</time></trkpt>
      <trkpt lat="53.450535" lon="-1.855618"><ele>567.8</ele><time>2026-03-28T10:52:20.000Z</time></trkpt>
      <trkpt lat="53.450540" lon="-1.855622"><ele>567.8</ele><time>2026-03-28T10:52:21.000Z</time></trkpt>
      <trkpt lat="53.450540" lon="-1.855619"><ele>568.0</ele><time>2026-03-28T10:52:22.000Z</time></trkpt>
      <trkpt lat="53.450535" lon="-1.855622"><ele>567.8</ele><time>2026-03-28T10:52:23.000Z</time></trkpt>
      <trkpt lat="53.450540" lon="-1.855620"><ele>568.0</ele><time>2026-03-28T10:52:24.000Z</time></trkpt>
      <trkpt lat="53.450540" lon="-1.855621"><ele>567.8</ele><time>2026-03-28T10:52:25.000Z</time></trkpt>
      <trkpt lat="53.450540" lon="-1.855620"><ele>567.8</ele><time>2026-03-28T10:52:26.000Z</time></trkpt>
      <trkpt lat="53.450540" lon="-1.855619"><ele>567.8</ele><time>2026-03-28T10:52:27.000Z</time></trkpt>
      <trkpt lat="53.450540" lon="-1.855619"><ele>567.8</ele><time>2026-03-28T10:52:28.000Z</time></trkpt>
      <trkpt lat="53.450540" lon="-1.855619"><ele>567.8</ele><time>2026-03-28T10:52:29.000Z</time></trkpt>
      <trkpt lat="53.450540" lon="-1.855618"><ele>568.0</ele><time>2026-03-28T10:52:30.000Z</time></trkpt>
      <trkpt lat="53.450540" lon="-1.855617"><ele>568.0</ele><time>2026-03-28T10:52:31.000Z</time></trkpt>
      <trkpt lat="53.450540" lon="-1.855617"><ele>568.0</ele><time>2026-03-28T10:52:32.000Z</time></trkpt>
      <trkpt lat="53.450540" lon="-1.855617"><ele>568.0</ele><time>2026-03-28T10:52:33.000Z</time></trkpt>
      <trkpt lat="53.450540" lon="-1.855617"><ele>568.0</ele><time>2026-03-28T10:52:34.000Z</time></trkpt>
      <trkpt lat="53.450540" lon="-1.855616"><ele>568.0</ele><time>2026-03-28T10:52:35.000Z</time></trkpt>
      <trkpt lat="53.450535" lon="-1.855618"><ele>568.0</ele><time>2026-03-28T10:52:36.000Z</time></trkpt>
      <trkpt lat="53.450535" lon="-1.855616"><ele>568.0</ele><time>2026-03-28T10:52:37.000Z</time></trkpt>
      <trkpt lat="53.450540" lon="-1.855619"><ele>568.0</ele><time>2026-03-28T10:52:38.000Z</time></trkpt>
      <trkpt lat="53.450540" lon="-1.855617"><ele>568.0</ele><time>2026-03-28T10:52:39.000Z</time></trkpt>
      <trkpt lat="53.450540" lon="-1.855617"><ele>568.4</ele><time>2026-03-28T10:52:40.000Z</time></trkpt>
      <trkpt lat="53.450540" lon="-1.855617"><ele>568.2</ele><time>2026-03-28T10:52:41.000Z</time></trkpt>
      <trkpt lat="53.450542" lon="-1.855618"><ele>568.4</ele><time>2026-03-28T10:52:42.000Z</time></trkpt>
      <trkpt lat="53.450540" lon="-1.855617"><ele>568.4</ele><time>2026-03-28T10:52:43.000Z</time></trkpt>
      <trkpt lat="53.450540" lon="-1.855614"><ele>568.6</ele><time>2026-03-28T10:52:44.000Z</time></trkpt>
      <trkpt lat="53.450540" lon="-1.855613"><ele>568.6</ele><time>2026-03-28T10:52:45.000Z</time></trkpt>
      <trkpt lat="53.450540" lon="-1.855614"><ele>568.6</ele><time>2026-03-28T10:52:46.000Z</time></trkpt>
      <trkpt lat="53.450540" lon="-1.855614"><ele>568.6</ele><time>2026-03-28T10:52:47.000Z</time></trkpt>
      <trkpt lat="53.450540" lon="-1.855614"><ele>568.6</ele><time>2026-03-28T10:52:48.000Z</time></trkpt>
      <trkpt lat="53.450540" lon="-1.855613"><ele>568.8</ele><time>2026-03-28T10:52:49.000Z</time></trkpt>
      <trkpt lat="53.450540" lon="-1.855614"><ele>568.8</ele><time>2026-03-28T10:52:50.000Z</time></trkpt>
      <trkpt lat="53.450540" lon="-1.855613"><ele>568.8</ele><time>2026-03-28T10:52:51.000Z</time></trkpt>
      <trkpt lat="53.450540" lon="-1.855613"><ele>568.8</ele><time>2026-03-28T10:52:52.000Z</time></trkpt>
      <trkpt lat="53.450540" lon="-1.855614"><ele>568.6</ele><time>2026-03-28T10:52:53.000Z</time></trkpt>
      <trkpt lat="53.450540" lon="-1.855620"><ele>568.0</ele><time>2026-03-28T10:52:54.000Z</time></trkpt>
      <trkpt lat="53.450540" lon="-1.855619"><ele>568.2</ele><time>2026-03-28T10:52:55.000Z</time></trkpt>
      <trkpt lat="53.450540" lon="-1.855615"><ele>568.4</ele><time>2026-03-28T10:52:56.000Z</time></trkpt>
      <trkpt lat="53.450540" lon="-1.855617"><ele>568.2</ele><time>2026-03-28T10:52:57.000Z</time></trkpt>
      <trkpt lat="53.450540" lon="-1.855616"><ele>568.2</ele><time>2026-03-28T10:52:58.000Z</time></trkpt>
      <trkpt lat="53.450540" lon="-1.855616"><ele>568.2</ele><time>2026-03-28T10:52:59.000Z</time></trkpt>
      <trkpt lat="53.450540" lon="-1.855619"><ele>568.2</ele><time>2026-03-28T10:53:00.000Z</time></trkpt>
      <trkpt lat="53.450540" lon="-1.855618"><ele>568.2</ele><time>2026-03-28T10:53:01.000Z</time></trkpt>
      <trkpt lat="53.450540" lon="-1.855617"><ele>568.2</ele><time>2026-03-28T10:53:02.000Z</time></trkpt>
      <trkpt lat="53.450542" lon="-1.855621"><ele>568.2</ele><time>2026-03-28T10:53:03.000Z</time></trkpt>
      <trkpt lat="53.450542" lon="-1.855622"><ele>568.2</ele><time>2026-03-28T10:53:04.000Z</time></trkpt>
      <trkpt lat="53.450542" lon="-1.855623"><ele>568.2</ele><time>2026-03-28T10:53:05.000Z</time></trkpt>
      <trkpt lat="53.450542" lon="-1.855623"><ele>568.2</ele><time>2026-03-28T10:53:06.000Z</time></trkpt>
      <trkpt lat="53.450542" lon="-1.855622"><ele>568.2</ele><time>2026-03-28T10:53:07.000Z</time></trkpt>
      <trkpt lat="53.450546" lon="-1.855622"><ele>568.4</ele><time>2026-03-28T10:53:08.000Z</time></trkpt>
      <trkpt lat="53.450546" lon="-1.855622"><ele>568.4</ele><time>2026-03-28T10:53:09.000Z</time></trkpt>
      <trkpt lat="53.450546" lon="-1.855622"><ele>568.4</ele><time>2026-03-28T10:53:10.000Z</time></trkpt>
      <trkpt lat="53.450546" lon="-1.855622"><ele>568.4</ele><time>2026-03-28T10:53:11.000Z</time></trkpt>
      <trkpt lat="53.450550" lon="-1.855626"><ele>568.6</ele><time>2026-03-28T10:53:12.000Z</time></trkpt>
      <trkpt lat="53.450554" lon="-1.855629"><ele>568.6</ele><time>2026-03-28T10:53:13.000Z</time></trkpt>
      <trkpt lat="53.450554" lon="-1.855629"><ele>568.4</ele><time>2026-03-28T10:53:14.000Z</time></trkpt>
      <trkpt lat="53.450558" lon="-1.855631"><ele>568.2</ele><time>2026-03-28T10:53:15.000Z</time></trkpt>
      <trkpt lat="53.450565" lon="-1.855625"><ele>568.4</ele><time>2026-03-28T10:53:16.000Z</time></trkpt>
      <trkpt lat="53.450570" lon="-1.855612"><ele>568.2</ele><time>2026-03-28T10:53:17.000Z</time></trkpt>
      <trkpt lat="53.450573" lon="-1.855598"><ele>568.4</ele><time>2026-03-28T10:53:18.000Z</time></trkpt>
      <trkpt lat="53.450580" lon="-1.855592"><ele>568.2</ele><time>2026-03-28T10:53:19.000Z</time></trkpt>
      <trkpt lat="53.450590" lon="-1.855588"><ele>568.2</ele><time>2026-03-28T10:53:20.000Z</time></trkpt>
      <trkpt lat="53.450592" lon="-1.855578"><ele>568.0</ele><time>2026-03-28T10:53:21.000Z</time></trkpt>
      <trkpt lat="53.450596" lon="-1.855571"><ele>568.0</ele><time>2026-03-28T10:53:22.000Z</time></trkpt>
      <trkpt lat="53.450603" lon="-1.855572"><ele>567.8</ele><time>2026-03-28T10:53:23.000Z</time></trkpt>
      <trkpt lat="53.450615" lon="-1.855569"><ele>567.2</ele><time>2026-03-28T10:53:24.000Z</time></trkpt>
      <trkpt lat="53.450623" lon="-1.855567"><ele>567.6</ele><time>2026-03-28T10:53:25.000Z</time></trkpt>
      <trkpt lat="53.450634" lon="-1.855562"><ele>567.6</ele><time>2026-03-28T10:53:26.000Z</time></trkpt>
      <trkpt lat="53.450650" lon="-1.855553"><ele>567.8</ele><time>2026-03-28T10:53:27.000Z</time></trkpt>
      <trkpt lat="53.450657" lon="-1.855546"><ele>567.8</ele><time>2026-03-28T10:53:28.000Z</time></trkpt>
      <trkpt lat="53.450665" lon="-1.855544"><ele>568.2</ele><time>2026-03-28T10:53:29.000Z</time></trkpt>
      <trkpt lat="53.450672" lon="-1.855545"><ele>568.0</ele><time>2026-03-28T10:53:30.000Z</time></trkpt>
      <trkpt lat="53.450684" lon="-1.855545"><ele>568.0</ele><time>2026-03-28T10:53:31.000Z</time></trkpt>
      <trkpt lat="53.450690" lon="-1.855537"><ele>568.0</ele><time>2026-03-28T10:53:32.000Z</time></trkpt>
      <trkpt lat="53.450700" lon="-1.855537"><ele>568.2</ele><time>2026-03-28T10:53:33.000Z</time></trkpt>
      <trkpt lat="53.450710" lon="-1.855543"><ele>568.0</ele><time>2026-03-28T10:53:34.000Z</time></trkpt>
      <trkpt lat="53.450718" lon="-1.855556"><ele>568.0</ele><time>2026-03-28T10:53:35.000Z</time></trkpt>
      <trkpt lat="53.450730" lon="-1.855562"><ele>568.4</ele><time>2026-03-28T10:53:36.000Z</time></trkpt>
      <trkpt lat="53.450745" lon="-1.855567"><ele>568.2</ele><time>2026-03-28T10:53:37.000Z</time></trkpt>
      <trkpt lat="53.450756" lon="-1.855569"><ele>568.0</ele><time>2026-03-28T10:53:38.000Z</time></trkpt>
      <trkpt lat="53.450764" lon="-1.855578"><ele>567.8</ele><time>2026-03-28T10:53:39.000Z</time></trkpt>
      <trkpt lat="53.450775" lon="-1.855582"><ele>567.8</ele><time>2026-03-28T10:53:40.000Z</time></trkpt>
      <trkpt lat="53.450783" lon="-1.855587"><ele>567.8</ele><time>2026-03-28T10:53:41.000Z</time></trkpt>
      <trkpt lat="53.450790" lon="-1.855598"><ele>567.8</ele><time>2026-03-28T10:53:42.000Z</time></trkpt>
      <trkpt lat="53.450806" lon="-1.855607"><ele>567.8</ele><time>2026-03-28T10:53:43.000Z</time></trkpt>
      <trkpt lat="53.450817" lon="-1.855598"><ele>567.6</ele><time>2026-03-28T10:53:44.000Z</time></trkpt>
      <trkpt lat="53.450825" lon="-1.855595"><ele>568.0</ele><time>2026-03-28T10:53:45.000Z</time></trkpt>
      <trkpt lat="53.450832" lon="-1.855599"><ele>568.2</ele><time>2026-03-28T10:53:46.000Z</time></trkpt>
      <trkpt lat="53.450844" lon="-1.855618"><ele>568.4</ele><time>2026-03-28T10:53:47.000Z</time></trkpt>
      <trkpt lat="53.450855" lon="-1.855626"><ele>568.2</ele><time>2026-03-28T10:53:48.000Z</time></trkpt>
      <trkpt lat="53.450863" lon="-1.855628"><ele>568.6</ele><time>2026-03-28T10:53:49.000Z</time></trkpt>
      <trkpt lat="53.450874" lon="-1.855631"><ele>568.6</ele><time>2026-03-28T10:53:50.000Z</time></trkpt>
      <trkpt lat="53.450897" lon="-1.855631"><ele>568.6</ele><time>2026-03-28T10:53:51.000Z</time></trkpt>
      <trkpt lat="53.450905" lon="-1.855622"><ele>568.4</ele><time>2026-03-28T10:53:52.000Z</time></trkpt>
      <trkpt lat="53.450924" lon="-1.855622"><ele>568.4</ele><time>2026-03-28T10:53:53.000Z</time></trkpt>
      <trkpt lat="53.450930" lon="-1.855625"><ele>568.0</ele><time>2026-03-28T10:53:54.000Z</time></trkpt>
      <trkpt lat="53.450940" lon="-1.855624"><ele>568.2</ele><time>2026-03-28T10:53:55.000Z</time></trkpt>
      <trkpt lat="53.450947" lon="-1.855624"><ele>568.4</ele><time>2026-03-28T10:53:56.000Z</time></trkpt>
      <trkpt lat="53.450962" lon="-1.855627"><ele>569.4</ele><time>2026-03-28T10:53:57.000Z</time></trkpt>
      <trkpt lat="53.450966" lon="-1.855639"><ele>569.4</ele><time>2026-03-28T10:53:58.000Z</time></trkpt>
      <trkpt lat="53.450970" lon="-1.855642"><ele>569.4</ele><time>2026-03-28T10:53:59.000Z</time></trkpt>
      <trkpt lat="53.450966" lon="-1.855648"><ele>569.2</ele><time>2026-03-28T10:54:00.000Z</time></trkpt>
      <trkpt lat="53.450974" lon="-1.855663"><ele>569.6</ele><time>2026-03-28T10:54:01.000Z</time></trkpt>
      <trkpt lat="53.450980" lon="-1.855665"><ele>569.4</ele><time>2026-03-28T10:54:02.000Z</time></trkpt>
      <trkpt lat="53.450990" lon="-1.855657"><ele>569.0</ele><time>2026-03-28T10:54:03.000Z</time></trkpt>
      <trkpt lat="53.451000" lon="-1.855653"><ele>569.2</ele><time>2026-03-28T10:54:04.000Z</time></trkpt>
      <trkpt lat="53.451008" lon="-1.855658"><ele>569.8</ele><time>2026-03-28T10:54:05.000Z</time></trkpt>
      <trkpt lat="53.451020" lon="-1.855668"><ele>570.4</ele><time>2026-03-28T10:54:06.000Z</time></trkpt>
      <trkpt lat="53.451023" lon="-1.855671"><ele>569.8</ele><time>2026-03-28T10:54:07.000Z</time></trkpt>
      <trkpt lat="53.451027" lon="-1.855683"><ele>570.6</ele><time>2026-03-28T10:54:08.000Z</time></trkpt>
      <trkpt lat="53.451030" lon="-1.855693"><ele>570.0</ele><time>2026-03-28T10:54:09.000Z</time></trkpt>
      <trkpt lat="53.451030" lon="-1.855702"><ele>570.2</ele><time>2026-03-28T10:54:10.000Z</time></trkpt>
      <trkpt lat="53.451035" lon="-1.855719"><ele>570.8</ele><time>2026-03-28T10:54:11.000Z</time></trkpt>
      <trkpt lat="53.451040" lon="-1.855739"><ele>571.4</ele><time>2026-03-28T10:54:12.000Z</time></trkpt>
      <trkpt lat="53.451035" lon="-1.855746"><ele>572.0</ele><time>2026-03-28T10:54:13.000Z</time></trkpt>
      <trkpt lat="53.451035" lon="-1.855755"><ele>571.6</ele><time>2026-03-28T10:54:14.000Z</time></trkpt>
      <trkpt lat="53.451040" lon="-1.855768"><ele>571.8</ele><time>2026-03-28T10:54:15.000Z</time></trkpt>
      <trkpt lat="53.451042" lon="-1.855773"><ele>571.2</ele><time>2026-03-28T10:54:16.000Z</time></trkpt>
      <trkpt lat="53.451042" lon="-1.855777"><ele>571.0</ele><time>2026-03-28T10:54:17.000Z</time></trkpt>
      <trkpt lat="53.451046" lon="-1.855782"><ele>571.2</ele><time>2026-03-28T10:54:18.000Z</time></trkpt>
      <trkpt lat="53.451046" lon="-1.855789"><ele>571.2</ele><time>2026-03-28T10:54:19.000Z</time></trkpt>
      <trkpt lat="53.451054" lon="-1.855804"><ele>570.8</ele><time>2026-03-28T10:54:20.000Z</time></trkpt>
      <trkpt lat="53.451050" lon="-1.855807"><ele>571.2</ele><time>2026-03-28T10:54:21.000Z</time></trkpt>
      <trkpt lat="53.451057" lon="-1.855815"><ele>571.4</ele><time>2026-03-28T10:54:22.000Z</time></trkpt>
      <trkpt lat="53.451060" lon="-1.855830"><ele>570.8</ele><time>2026-03-28T10:54:23.000Z</time></trkpt>
      <trkpt lat="53.451073" lon="-1.855835"><ele>570.2</ele><time>2026-03-28T10:54:24.000Z</time></trkpt>
      <trkpt lat="53.451096" lon="-1.855842"><ele>570.4</ele><time>2026-03-28T10:54:25.000Z</time></trkpt>
      <trkpt lat="53.451110" lon="-1.855822"><ele>570.8</ele><time>2026-03-28T10:54:26.000Z</time></trkpt>
      <trkpt lat="53.451120" lon="-1.855825"><ele>570.6</ele><time>2026-03-28T10:54:27.000Z</time></trkpt>
      <trkpt lat="53.451122" lon="-1.855827"><ele>570.6</ele><time>2026-03-28T10:54:28.000Z</time></trkpt>
      <trkpt lat="53.451130" lon="-1.855832"><ele>570.6</ele><time>2026-03-28T10:54:29.000Z</time></trkpt>
      <trkpt lat="53.451140" lon="-1.855841"><ele>570.8</ele><time>2026-03-28T10:54:30.000Z</time></trkpt>
      <trkpt lat="53.451153" lon="-1.855842"><ele>571.2</ele><time>2026-03-28T10:54:31.000Z</time></trkpt>
      <trkpt lat="53.451164" lon="-1.855837"><ele>571.0</ele><time>2026-03-28T10:54:32.000Z</time></trkpt>
      <trkpt lat="53.451170" lon="-1.855838"><ele>570.8</ele><time>2026-03-28T10:54:33.000Z</time></trkpt>
      <trkpt lat="53.451183" lon="-1.855843"><ele>570.6</ele><time>2026-03-28T10:54:34.000Z</time></trkpt>
      <trkpt lat="53.451190" lon="-1.855850"><ele>571.2</ele><time>2026-03-28T10:54:35.000Z</time></trkpt>
      <trkpt lat="53.451195" lon="-1.855858"><ele>572.2</ele><time>2026-03-28T10:54:36.000Z</time></trkpt>
      <trkpt lat="53.451202" lon="-1.855865"><ele>572.2</ele><time>2026-03-28T10:54:37.000Z</time></trkpt>
      <trkpt lat="53.451218" lon="-1.855875"><ele>572.2</ele><time>2026-03-28T10:54:38.000Z</time></trkpt>
      <trkpt lat="53.451230" lon="-1.855875"><ele>572.0</ele><time>2026-03-28T10:54:39.000Z</time></trkpt>
      <trkpt lat="53.451240" lon="-1.855861"><ele>571.8</ele><time>2026-03-28T10:54:40.000Z</time></trkpt>
      <trkpt lat="53.451250" lon="-1.855840"><ele>572.6</ele><time>2026-03-28T10:54:41.000Z</time></trkpt>
      <trkpt lat="53.451252" lon="-1.855821"><ele>572.8</ele><time>2026-03-28T10:54:42.000Z</time></trkpt>
      <trkpt lat="53.451250" lon="-1.855822"><ele>572.6</ele><time>2026-03-28T10:54:43.000Z</time></trkpt>
      <trkpt lat="53.451244" lon="-1.855823"><ele>572.2</ele><time>2026-03-28T10:54:44.000Z</time></trkpt>
      <trkpt lat="53.451260" lon="-1.855814"><ele>572.6</ele><time>2026-03-28T10:54:45.000Z</time></trkpt>
      <trkpt lat="53.451270" lon="-1.855815"><ele>572.8</ele><time>2026-03-28T10:54:46.000Z</time></trkpt>
      <trkpt lat="53.451280" lon="-1.855817"><ele>572.8</ele><time>2026-03-28T10:54:47.000Z</time></trkpt>
      <trkpt lat="53.451286" lon="-1.855822"><ele>573.2</ele><time>2026-03-28T10:54:48.000Z</time></trkpt>
      <trkpt lat="53.451290" lon="-1.855834"><ele>573.4</ele><time>2026-03-28T10:54:49.000Z</time></trkpt>
      <trkpt lat="53.451298" lon="-1.855845"><ele>573.0</ele><time>2026-03-28T10:54:50.000Z</time></trkpt>
      <trkpt lat="53.451300" lon="-1.855865"><ele>572.2</ele><time>2026-03-28T10:54:51.000Z</time></trkpt>
      <trkpt lat="53.451305" lon="-1.855871"><ele>572.0</ele><time>2026-03-28T10:54:52.000Z</time></trkpt>
      <trkpt lat="53.451310" lon="-1.855870"><ele>572.6</ele><time>2026-03-28T10:54:53.000Z</time></trkpt>
      <trkpt lat="53.451320" lon="-1.855872"><ele>572.0</ele><time>2026-03-28T10:54:54.000Z</time></trkpt>
      <trkpt lat="53.451320" lon="-1.855876"><ele>572.0</ele><time>2026-03-28T10:54:55.000Z</time></trkpt>
      <trkpt lat="53.451324" lon="-1.855891"><ele>572.2</ele><time>2026-03-28T10:54:56.000Z</time></trkpt>
      <trkpt lat="53.451332" lon="-1.855898"><ele>572.2</ele><time>2026-03-28T10:54:57.000Z</time></trkpt>
      <trkpt lat="53.451330" lon="-1.855897"><ele>572.4</ele><time>2026-03-28T10:54:58.000Z</time></trkpt>
      <trkpt lat="53.451340" lon="-1.855894"><ele>572.4</ele><time>2026-03-28T10:54:59.000Z</time></trkpt>
      <trkpt lat="53.451347" lon="-1.855893"><ele>572.6</ele><time>2026-03-28T10:55:00.000Z</time></trkpt>
      <trkpt lat="53.451355" lon="-1.855897"><ele>572.6</ele><time>2026-03-28T10:55:01.000Z</time></trkpt>
      <trkpt lat="53.451366" lon="-1.855908"><ele>572.4</ele><time>2026-03-28T10:55:02.000Z</time></trkpt>
      <trkpt lat="53.451378" lon="-1.855925"><ele>573.2</ele><time>2026-03-28T10:55:03.000Z</time></trkpt>
      <trkpt lat="53.451385" lon="-1.855941"><ele>573.8</ele><time>2026-03-28T10:55:04.000Z</time></trkpt>
      <trkpt lat="53.451397" lon="-1.855946"><ele>573.4</ele><time>2026-03-28T10:55:05.000Z</time></trkpt>
      <trkpt lat="53.451410" lon="-1.855949"><ele>574.0</ele><time>2026-03-28T10:55:06.000Z</time></trkpt>
      <trkpt lat="53.451416" lon="-1.855960"><ele>574.4</ele><time>2026-03-28T10:55:07.000Z</time></trkpt>
      <trkpt lat="53.451420" lon="-1.855976"><ele>575.0</ele><time>2026-03-28T10:55:08.000Z</time></trkpt>
      <trkpt lat="53.451420" lon="-1.855983"><ele>574.6</ele><time>2026-03-28T10:55:09.000Z</time></trkpt>
      <trkpt lat="53.451427" lon="-1.855991"><ele>574.2</ele><time>2026-03-28T10:55:10.000Z</time></trkpt>
      <trkpt lat="53.451447" lon="-1.855982"><ele>574.2</ele><time>2026-03-28T10:55:11.000Z</time></trkpt>
      <trkpt lat="53.451450" lon="-1.855984"><ele>574.6</ele><time>2026-03-28T10:55:12.000Z</time></trkpt>
      <trkpt lat="53.451458" lon="-1.855992"><ele>574.4</ele><time>2026-03-28T10:55:13.000Z</time></trkpt>
      <trkpt lat="53.451477" lon="-1.856009"><ele>574.6</ele><time>2026-03-28T10:55:14.000Z</time></trkpt>
      <trkpt lat="53.451490" lon="-1.856014"><ele>574.6</ele><time>2026-03-28T10:55:15.000Z</time></trkpt>
      <trkpt lat="53.451496" lon="-1.855999"><ele>574.8</ele><time>2026-03-28T10:55:16.000Z</time></trkpt>
      <trkpt lat="53.451504" lon="-1.856006"><ele>575.2</ele><time>2026-03-28T10:55:17.000Z</time></trkpt>
      <trkpt lat="53.451515" lon="-1.856016"><ele>574.6</ele><time>2026-03-28T10:55:18.000Z</time></trkpt>
      <trkpt lat="53.451527" lon="-1.856017"><ele>574.4</ele><time>2026-03-28T10:55:19.000Z</time></trkpt>
      <trkpt lat="53.451538" lon="-1.856005"><ele>574.0</ele><time>2026-03-28T10:55:20.000Z</time></trkpt>
      <trkpt lat="53.451553" lon="-1.855991"><ele>574.2</ele><time>2026-03-28T10:55:21.000Z</time></trkpt>
      <trkpt lat="53.451560" lon="-1.855988"><ele>574.4</ele><time>2026-03-28T10:55:22.000Z</time></trkpt>
      <trkpt lat="53.451570" lon="-1.855996"><ele>574.6</ele><time>2026-03-28T10:55:23.000Z</time></trkpt>
      <trkpt lat="53.451580" lon="-1.855996"><ele>574.6</ele><time>2026-03-28T10:55:24.000Z</time></trkpt>
      <trkpt lat="53.451580" lon="-1.855996"><ele>574.2</ele><time>2026-03-28T10:55:25.000Z</time></trkpt>
      <trkpt lat="53.451588" lon="-1.855996"><ele>574.0</ele><time>2026-03-28T10:55:26.000Z</time></trkpt>
      <trkpt lat="53.451595" lon="-1.856000"><ele>574.4</ele><time>2026-03-28T10:55:27.000Z</time></trkpt>
      <trkpt lat="53.451603" lon="-1.856006"><ele>574.6</ele><time>2026-03-28T10:55:28.000Z</time></trkpt>
      <trkpt lat="53.451610" lon="-1.856012"><ele>574.0</ele><time>2026-03-28T10:55:29.000Z</time></trkpt>
      <trkpt lat="53.451614" lon="-1.856019"><ele>574.0</ele><time>2026-03-28T10:55:30.000Z</time></trkpt>
      <trkpt lat="53.451626" lon="-1.856028"><ele>574.2</ele><time>2026-03-28T10:55:31.000Z</time></trkpt>
      <trkpt lat="53.451637" lon="-1.856021"><ele>573.8</ele><time>2026-03-28T10:55:32.000Z</time></trkpt>
      <trkpt lat="53.451645" lon="-1.855999"><ele>574.0</ele><time>2026-03-28T10:55:33.000Z</time></trkpt>
      <trkpt lat="53.451653" lon="-1.855990"><ele>574.4</ele><time>2026-03-28T10:55:34.000Z</time></trkpt>
      <trkpt lat="53.451664" lon="-1.855994"><ele>574.2</ele><time>2026-03-28T10:55:35.000Z</time></trkpt>
      <trkpt lat="53.451670" lon="-1.856002"><ele>573.8</ele><time>2026-03-28T10:55:36.000Z</time></trkpt>
      <trkpt lat="53.451675" lon="-1.856002"><ele>573.8</ele><time>2026-03-28T10:55:37.000Z</time></trkpt>
      <trkpt lat="53.451683" lon="-1.856003"><ele>574.0</ele><time>2026-03-28T10:55:38.000Z</time></trkpt>
      <trkpt lat="53.451687" lon="-1.856007"><ele>573.8</ele><time>2026-03-28T10:55:39.000Z</time></trkpt>
      <trkpt lat="53.451700" lon="-1.856014"><ele>574.2</ele><time>2026-03-28T10:55:40.000Z</time></trkpt>
      <trkpt lat="53.451702" lon="-1.856014"><ele>574.2</ele><time>2026-03-28T10:55:41.000Z</time></trkpt>
      <trkpt lat="53.451710" lon="-1.856014"><ele>574.0</ele><time>2026-03-28T10:55:42.000Z</time></trkpt>
      <trkpt lat="53.451717" lon="-1.856016"><ele>574.0</ele><time>2026-03-28T10:55:43.000Z</time></trkpt>
      <trkpt lat="53.451720" lon="-1.856016"><ele>573.6</ele><time>2026-03-28T10:55:44.000Z</time></trkpt>
      <trkpt lat="53.451730" lon="-1.856013"><ele>573.6</ele><time>2026-03-28T10:55:45.000Z</time></trkpt>
      <trkpt lat="53.451730" lon="-1.856021"><ele>573.8</ele><time>2026-03-28T10:55:46.000Z</time></trkpt>
      <trkpt lat="53.451725" lon="-1.856020"><ele>573.8</ele><time>2026-03-28T10:55:47.000Z</time></trkpt>
      <trkpt lat="53.451730" lon="-1.856021"><ele>573.8</ele><time>2026-03-28T10:55:48.000Z</time></trkpt>
      <trkpt lat="53.451730" lon="-1.856022"><ele>574.0</ele><time>2026-03-28T10:55:49.000Z</time></trkpt>
      <trkpt lat="53.451740" lon="-1.856021"><ele>574.2</ele><time>2026-03-28T10:55:50.000Z</time></trkpt>
      <trkpt lat="53.451744" lon="-1.856021"><ele>574.2</ele><time>2026-03-28T10:55:51.000Z</time></trkpt>
      <trkpt lat="53.451750" lon="-1.856017"><ele>574.0</ele><time>2026-03-28T10:55:52.000Z</time></trkpt>
      <trkpt lat="53.451760" lon="-1.856016"><ele>573.6</ele><time>2026-03-28T10:55:53.000Z</time></trkpt>
      <trkpt lat="53.451767" lon="-1.856014"><ele>574.2</ele><time>2026-03-28T10:55:54.000Z</time></trkpt>
      <trkpt lat="53.451770" lon="-1.856006"><ele>574.0</ele><time>2026-03-28T10:55:55.000Z</time></trkpt>
      <trkpt lat="53.451782" lon="-1.856004"><ele>575.0</ele><time>2026-03-28T10:55:56.000Z</time></trkpt>
      <trkpt lat="53.451790" lon="-1.856005"><ele>574.6</ele><time>2026-03-28T10:55:57.000Z</time></trkpt>
      <trkpt lat="53.451800" lon="-1.856015"><ele>576.6</ele><time>2026-03-28T10:55:58.000Z</time></trkpt>
      <trkpt lat="53.451805" lon="-1.856020"><ele>576.2</ele><time>2026-03-28T10:55:59.000Z</time></trkpt>
      <trkpt lat="53.451805" lon="-1.856041"><ele>576.0</ele><time>2026-03-28T10:56:00.000Z</time></trkpt>
      <trkpt lat="53.451817" lon="-1.856062"><ele>576.2</ele><time>2026-03-28T10:56:01.000Z</time></trkpt>
      <trkpt lat="53.451820" lon="-1.856073"><ele>576.2</ele><time>2026-03-28T10:56:02.000Z</time></trkpt>
      <trkpt lat="53.451830" lon="-1.856078"><ele>576.0</ele><time>2026-03-28T10:56:03.000Z</time></trkpt>
      <trkpt lat="53.451836" lon="-1.856080"><ele>575.8</ele><time>2026-03-28T10:56:04.000Z</time></trkpt>
      <trkpt lat="53.451840" lon="-1.856092"><ele>575.6</ele><time>2026-03-28T10:56:05.000Z</time></trkpt>
      <trkpt lat="53.451843" lon="-1.856106"><ele>575.4</ele><time>2026-03-28T10:56:06.000Z</time></trkpt>
      <trkpt lat="53.451847" lon="-1.856127"><ele>575.2</ele><time>2026-03-28T10:56:07.000Z</time></trkpt>
      <trkpt lat="53.451860" lon="-1.856139"><ele>575.6</ele><time>2026-03-28T10:56:08.000Z</time></trkpt>
      <trkpt lat="53.451874" lon="-1.856147"><ele>575.2</ele><time>2026-03-28T10:56:09.000Z</time></trkpt>
      <trkpt lat="53.451885" lon="-1.856162"><ele>575.8</ele><time>2026-03-28T10:56:10.000Z</time></trkpt>
      <trkpt lat="53.451893" lon="-1.856173"><ele>575.8</ele><time>2026-03-28T10:56:11.000Z</time></trkpt>
      <trkpt lat="53.451890" lon="-1.856163"><ele>576.2</ele><time>2026-03-28T10:56:12.000Z</time></trkpt>
      <trkpt lat="53.451893" lon="-1.856167"><ele>576.0</ele><time>2026-03-28T10:56:13.000Z</time></trkpt>
      <trkpt lat="53.451910" lon="-1.856162"><ele>575.4</ele><time>2026-03-28T10:56:14.000Z</time></trkpt>
      <trkpt lat="53.451935" lon="-1.856159"><ele>576.0</ele><time>2026-03-28T10:56:15.000Z</time></trkpt>
      <trkpt lat="53.451940" lon="-1.856173"><ele>575.4</ele><time>2026-03-28T10:56:16.000Z</time></trkpt>
      <trkpt lat="53.451946" lon="-1.856168"><ele>575.2</ele><time>2026-03-28T10:56:17.000Z</time></trkpt>
      <trkpt lat="53.451960" lon="-1.856170"><ele>575.4</ele><time>2026-03-28T10:56:18.000Z</time></trkpt>
      <trkpt lat="53.451965" lon="-1.856178"><ele>576.0</ele><time>2026-03-28T10:56:19.000Z</time></trkpt>
      <trkpt lat="53.451960" lon="-1.856186"><ele>575.8</ele><time>2026-03-28T10:56:20.000Z</time></trkpt>
      <trkpt lat="53.451965" lon="-1.856194"><ele>575.6</ele><time>2026-03-28T10:56:21.000Z</time></trkpt>
      <trkpt lat="53.451970" lon="-1.856215"><ele>575.8</ele><time>2026-03-28T10:56:22.000Z</time></trkpt>
      <trkpt lat="53.451990" lon="-1.856215"><ele>575.8</ele><time>2026-03-28T10:56:23.000Z</time></trkpt>
      <trkpt lat="53.451996" lon="-1.856235"><ele>576.4</ele><time>2026-03-28T10:56:24.000Z</time></trkpt>
      <trkpt lat="53.452003" lon="-1.856232"><ele>576.6</ele><time>2026-03-28T10:56:25.000Z</time></trkpt>
      <trkpt lat="53.452010" lon="-1.856220"><ele>576.8</ele><time>2026-03-28T10:56:26.000Z</time></trkpt>
      <trkpt lat="53.452020" lon="-1.856215"><ele>576.4</ele><time>2026-03-28T10:56:27.000Z</time></trkpt>
      <trkpt lat="53.452026" lon="-1.856215"><ele>576.8</ele><time>2026-03-28T10:56:28.000Z</time></trkpt>
      <trkpt lat="53.452034" lon="-1.856221"><ele>576.6</ele><time>2026-03-28T10:56:29.000Z</time></trkpt>
      <trkpt lat="53.452045" lon="-1.856226"><ele>576.6</ele><time>2026-03-28T10:56:30.000Z</time></trkpt>
      <trkpt lat="53.452065" lon="-1.856227"><ele>577.0</ele><time>2026-03-28T10:56:31.000Z</time></trkpt>
      <trkpt lat="53.452065" lon="-1.856229"><ele>577.2</ele><time>2026-03-28T10:56:32.000Z</time></trkpt>
      <trkpt lat="53.452057" lon="-1.856232"><ele>576.8</ele><time>2026-03-28T10:56:33.000Z</time></trkpt>
      <trkpt lat="53.452060" lon="-1.856244"><ele>576.8</ele><time>2026-03-28T10:56:34.000Z</time></trkpt>
      <trkpt lat="53.452060" lon="-1.856246"><ele>577.0</ele><time>2026-03-28T10:56:35.000Z</time></trkpt>
      <trkpt lat="53.452057" lon="-1.856247"><ele>577.2</ele><time>2026-03-28T10:56:36.000Z</time></trkpt>
      <trkpt lat="53.452060" lon="-1.856253"><ele>577.4</ele><time>2026-03-28T10:56:37.000Z</time></trkpt>
      <trkpt lat="53.452060" lon="-1.856259"><ele>578.0</ele><time>2026-03-28T10:56:38.000Z</time></trkpt>
      <trkpt lat="53.452060" lon="-1.856272"><ele>577.6</ele><time>2026-03-28T10:56:39.000Z</time></trkpt>
      <trkpt lat="53.452060" lon="-1.856268"><ele>577.4</ele><time>2026-03-28T10:56:40.000Z</time></trkpt>
      <trkpt lat="53.452070" lon="-1.856278"><ele>577.6</ele><time>2026-03-28T10:56:41.000Z</time></trkpt>
      <trkpt lat="53.452072" lon="-1.856291"><ele>577.8</ele><time>2026-03-28T10:56:42.000Z</time></trkpt>
      <trkpt lat="53.452072" lon="-1.856303"><ele>578.0</ele><time>2026-03-28T10:56:43.000Z</time></trkpt>
      <trkpt lat="53.452076" lon="-1.856305"><ele>578.2</ele><time>2026-03-28T10:56:44.000Z</time></trkpt>
      <trkpt lat="53.452076" lon="-1.856310"><ele>577.8</ele><time>2026-03-28T10:56:45.000Z</time></trkpt>
      <trkpt lat="53.452080" lon="-1.856322"><ele>578.2</ele><time>2026-03-28T10:56:46.000Z</time></trkpt>
      <trkpt lat="53.452084" lon="-1.856322"><ele>578.4</ele><time>2026-03-28T10:56:47.000Z</time></trkpt>
      <trkpt lat="53.452084" lon="-1.856322"><ele>578.4</ele><time>2026-03-28T10:56:48.000Z</time></trkpt>
      <trkpt lat="53.452084" lon="-1.856325"><ele>578.2</ele><time>2026-03-28T10:56:49.000Z</time></trkpt>
      <trkpt lat="53.452087" lon="-1.856323"><ele>578.2</ele><time>2026-03-28T10:56:50.000Z</time></trkpt>
      <trkpt lat="53.452087" lon="-1.856326"><ele>578.0</ele><time>2026-03-28T10:56:51.000Z</time></trkpt>
      <trkpt lat="53.452087" lon="-1.856329"><ele>578.0</ele><time>2026-03-28T10:56:52.000Z</time></trkpt>
      <trkpt lat="53.452095" lon="-1.856342"><ele>578.2</ele><time>2026-03-28T10:56:53.000Z</time></trkpt>
      <trkpt lat="53.452090" lon="-1.856342"><ele>578.0</ele><time>2026-03-28T10:56:54.000Z</time></trkpt>
      <trkpt lat="53.452090" lon="-1.856340"><ele>578.0</ele><time>2026-03-28T10:56:55.000Z</time></trkpt>
      <trkpt lat="53.452090" lon="-1.856344"><ele>578.2</ele><time>2026-03-28T10:56:56.000Z</time></trkpt>
      <trkpt lat="53.452090" lon="-1.856345"><ele>578.2</ele><time>2026-03-28T10:56:57.000Z</time></trkpt>
      <trkpt lat="53.452095" lon="-1.856343"><ele>578.2</ele><time>2026-03-28T10:56:58.000Z</time></trkpt>
      <trkpt lat="53.452095" lon="-1.856349"><ele>578.2</ele><time>2026-03-28T10:56:59.000Z</time></trkpt>
      <trkpt lat="53.452103" lon="-1.856355"><ele>578.6</ele><time>2026-03-28T10:57:00.000Z</time></trkpt>
      <trkpt lat="53.452106" lon="-1.856346"><ele>578.6</ele><time>2026-03-28T10:57:01.000Z</time></trkpt>
      <trkpt lat="53.452106" lon="-1.856348"><ele>578.6</ele><time>2026-03-28T10:57:02.000Z</time></trkpt>
      <trkpt lat="53.452103" lon="-1.856349"><ele>578.4</ele><time>2026-03-28T10:57:03.000Z</time></trkpt>
      <trkpt lat="53.452103" lon="-1.856350"><ele>578.4</ele><time>2026-03-28T10:57:04.000Z</time></trkpt>
      <trkpt lat="53.452106" lon="-1.856349"><ele>578.2</ele><time>2026-03-28T10:57:05.000Z</time></trkpt>
      <trkpt lat="53.452106" lon="-1.856352"><ele>578.2</ele><time>2026-03-28T10:57:06.000Z</time></trkpt>
      <trkpt lat="53.452114" lon="-1.856353"><ele>578.0</ele><time>2026-03-28T10:57:07.000Z</time></trkpt>
      <trkpt lat="53.452126" lon="-1.856359"><ele>578.0</ele><time>2026-03-28T10:57:08.000Z</time></trkpt>
      <trkpt lat="53.452137" lon="-1.856371"><ele>577.6</ele><time>2026-03-28T10:57:09.000Z</time></trkpt>
      <trkpt lat="53.452145" lon="-1.856375"><ele>577.8</ele><time>2026-03-28T10:57:10.000Z</time></trkpt>
      <trkpt lat="53.452152" lon="-1.856377"><ele>578.0</ele><time>2026-03-28T10:57:11.000Z</time></trkpt>
      <trkpt lat="53.452152" lon="-1.856389"><ele>578.0</ele><time>2026-03-28T10:57:12.000Z</time></trkpt>
      <trkpt lat="53.452156" lon="-1.856394"><ele>578.0</ele><time>2026-03-28T10:57:13.000Z</time></trkpt>
      <trkpt lat="53.452168" lon="-1.856409"><ele>578.0</ele><time>2026-03-28T10:57:14.000Z</time></trkpt>
      <trkpt lat="53.452175" lon="-1.856426"><ele>578.4</ele><time>2026-03-28T10:57:15.000Z</time></trkpt>
      <trkpt lat="53.452180" lon="-1.856438"><ele>578.6</ele><time>2026-03-28T10:57:16.000Z</time></trkpt>
      <trkpt lat="53.452175" lon="-1.856448"><ele>578.0</ele><time>2026-03-28T10:57:17.000Z</time></trkpt>
      <trkpt lat="53.452187" lon="-1.856468"><ele>578.2</ele><time>2026-03-28T10:57:18.000Z</time></trkpt>
      <trkpt lat="53.452194" lon="-1.856478"><ele>578.2</ele><time>2026-03-28T10:57:19.000Z</time></trkpt>
      <trkpt lat="53.452206" lon="-1.856485"><ele>578.0</ele><time>2026-03-28T10:57:20.000Z</time></trkpt>
      <trkpt lat="53.452217" lon="-1.856491"><ele>577.8</ele><time>2026-03-28T10:57:21.000Z</time></trkpt>
      <trkpt lat="53.452236" lon="-1.856492"><ele>578.0</ele><time>2026-03-28T10:57:22.000Z</time></trkpt>
      <trkpt lat="53.452236" lon="-1.856494"><ele>578.2</ele><time>2026-03-28T10:57:23.000Z</time></trkpt>
      <trkpt lat="53.452244" lon="-1.856496"><ele>578.2</ele><time>2026-03-28T10:57:24.000Z</time></trkpt>
      <trkpt lat="53.452250" lon="-1.856508"><ele>577.8</ele><time>2026-03-28T10:57:25.000Z</time></trkpt>
      <trkpt lat="53.452260" lon="-1.856516"><ele>578.0</ele><time>2026-03-28T10:57:26.000Z</time></trkpt>
      <trkpt lat="53.452267" lon="-1.856524"><ele>578.2</ele><time>2026-03-28T10:57:27.000Z</time></trkpt>
      <trkpt lat="53.452270" lon="-1.856531"><ele>578.2</ele><time>2026-03-28T10:57:28.000Z</time></trkpt>
      <trkpt lat="53.452280" lon="-1.856533"><ele>578.2</ele><time>2026-03-28T10:57:29.000Z</time></trkpt>
      <trkpt lat="53.452286" lon="-1.856533"><ele>578.4</ele><time>2026-03-28T10:57:30.000Z</time></trkpt>
      <trkpt lat="53.452297" lon="-1.856535"><ele>578.6</ele><time>2026-03-28T10:57:31.000Z</time></trkpt>
      <trkpt lat="53.452293" lon="-1.856542"><ele>578.2</ele><time>2026-03-28T10:57:32.000Z</time></trkpt>
      <trkpt lat="53.452300" lon="-1.856548"><ele>578.4</ele><time>2026-03-28T10:57:33.000Z</time></trkpt>
      <trkpt lat="53.452312" lon="-1.856571"><ele>578.4</ele><time>2026-03-28T10:57:34.000Z</time></trkpt>
      <trkpt lat="53.452324" lon="-1.856579"><ele>579.0</ele><time>2026-03-28T10:57:35.000Z</time></trkpt>
      <trkpt lat="53.452335" lon="-1.856572"><ele>579.4</ele><time>2026-03-28T10:57:36.000Z</time></trkpt>
      <trkpt lat="53.452343" lon="-1.856579"><ele>579.4</ele><time>2026-03-28T10:57:37.000Z</time></trkpt>
      <trkpt lat="53.452350" lon="-1.856593"><ele>579.2</ele><time>2026-03-28T10:57:38.000Z</time></trkpt>
      <trkpt lat="53.452360" lon="-1.856596"><ele>579.4</ele><time>2026-03-28T10:57:39.000Z</time></trkpt>
      <trkpt lat="53.452370" lon="-1.856598"><ele>579.6</ele><time>2026-03-28T10:57:40.000Z</time></trkpt>
      <trkpt lat="53.452380" lon="-1.856607"><ele>579.6</ele><time>2026-03-28T10:57:41.000Z</time></trkpt>
      <trkpt lat="53.452390" lon="-1.856622"><ele>579.6</ele><time>2026-03-28T10:57:42.000Z</time></trkpt>
      <trkpt lat="53.452400" lon="-1.856621"><ele>579.4</ele><time>2026-03-28T10:57:43.000Z</time></trkpt>
      <trkpt lat="53.452408" lon="-1.856625"><ele>579.6</ele><time>2026-03-28T10:57:44.000Z</time></trkpt>
      <trkpt lat="53.452410" lon="-1.856623"><ele>579.6</ele><time>2026-03-28T10:57:45.000Z</time></trkpt>
      <trkpt lat="53.452415" lon="-1.856622"><ele>579.6</ele><time>2026-03-28T10:57:46.000Z</time></trkpt>
      <trkpt lat="53.452415" lon="-1.856623"><ele>579.8</ele><time>2026-03-28T10:57:47.000Z</time></trkpt>
      <trkpt lat="53.452420" lon="-1.856613"><ele>580.0</ele><time>2026-03-28T10:57:48.000Z</time></trkpt>
      <trkpt lat="53.452427" lon="-1.856607"><ele>579.6</ele><time>2026-03-28T10:57:49.000Z</time></trkpt>
      <trkpt lat="53.452430" lon="-1.856605"><ele>579.8</ele><time>2026-03-28T10:57:50.000Z</time></trkpt>
      <trkpt lat="53.452427" lon="-1.856608"><ele>579.8</ele><time>2026-03-28T10:57:51.000Z</time></trkpt>
      <trkpt lat="53.452430" lon="-1.856614"><ele>579.6</ele><time>2026-03-28T10:57:52.000Z</time></trkpt>
      <trkpt lat="53.452435" lon="-1.856620"><ele>579.8</ele><time>2026-03-28T10:57:53.000Z</time></trkpt>
      <trkpt lat="53.452440" lon="-1.856624"><ele>579.8</ele><time>2026-03-28T10:57:54.000Z</time></trkpt>
      <trkpt lat="53.452446" lon="-1.856634"><ele>579.6</ele><time>2026-03-28T10:57:55.000Z</time></trkpt>
      <trkpt lat="53.452454" lon="-1.856635"><ele>579.8</ele><time>2026-03-28T10:57:56.000Z</time></trkpt>
      <trkpt lat="53.452465" lon="-1.856641"><ele>579.0</ele><time>2026-03-28T10:57:57.000Z</time></trkpt>
      <trkpt lat="53.452473" lon="-1.856646"><ele>579.8</ele><time>2026-03-28T10:57:58.000Z</time></trkpt>
      <trkpt lat="53.452477" lon="-1.856654"><ele>579.4</ele><time>2026-03-28T10:57:59.000Z</time></trkpt>
      <trkpt lat="53.452488" lon="-1.856661"><ele>579.4</ele><time>2026-03-28T10:58:00.000Z</time></trkpt>
      <trkpt lat="53.452496" lon="-1.856672"><ele>579.6</ele><time>2026-03-28T10:58:01.000Z</time></trkpt>
      <trkpt lat="53.452500" lon="-1.856679"><ele>580.0</ele><time>2026-03-28T10:58:02.000Z</time></trkpt>
      <trkpt lat="53.452503" lon="-1.856691"><ele>579.4</ele><time>2026-03-28T10:58:03.000Z</time></trkpt>
      <trkpt lat="53.452510" lon="-1.856714"><ele>580.0</ele><time>2026-03-28T10:58:04.000Z</time></trkpt>
      <trkpt lat="53.452510" lon="-1.856733"><ele>580.4</ele><time>2026-03-28T10:58:05.000Z</time></trkpt>
      <trkpt lat="53.452520" lon="-1.856751"><ele>580.6</ele><time>2026-03-28T10:58:06.000Z</time></trkpt>
      <trkpt lat="53.452522" lon="-1.856766"><ele>580.2</ele><time>2026-03-28T10:58:07.000Z</time></trkpt>
      <trkpt lat="53.452534" lon="-1.856779"><ele>581.0</ele><time>2026-03-28T10:58:08.000Z</time></trkpt>
      <trkpt lat="53.452540" lon="-1.856787"><ele>581.2</ele><time>2026-03-28T10:58:09.000Z</time></trkpt>
      <trkpt lat="53.452540" lon="-1.856803"><ele>581.8</ele><time>2026-03-28T10:58:10.000Z</time></trkpt>
      <trkpt lat="53.452550" lon="-1.856812"><ele>581.4</ele><time>2026-03-28T10:58:11.000Z</time></trkpt>
      <trkpt lat="53.452553" lon="-1.856824"><ele>581.2</ele><time>2026-03-28T10:58:12.000Z</time></trkpt>
      <trkpt lat="53.452557" lon="-1.856830"><ele>581.2</ele><time>2026-03-28T10:58:13.000Z</time></trkpt>
      <trkpt lat="53.452557" lon="-1.856824"><ele>581.2</ele><time>2026-03-28T10:58:14.000Z</time></trkpt>
      <trkpt lat="53.452564" lon="-1.856833"><ele>581.0</ele><time>2026-03-28T10:58:15.000Z</time></trkpt>
      <trkpt lat="53.452570" lon="-1.856831"><ele>581.0</ele><time>2026-03-28T10:58:16.000Z</time></trkpt>
      <trkpt lat="53.452583" lon="-1.856827"><ele>581.2</ele><time>2026-03-28T10:58:17.000Z</time></trkpt>
      <trkpt lat="53.452595" lon="-1.856820"><ele>581.6</ele><time>2026-03-28T10:58:18.000Z</time></trkpt>
      <trkpt lat="53.452590" lon="-1.856826"><ele>581.4</ele><time>2026-03-28T10:58:19.000Z</time></trkpt>
      <trkpt lat="53.452602" lon="-1.856825"><ele>581.6</ele><time>2026-03-28T10:58:20.000Z</time></trkpt>
      <trkpt lat="53.452600" lon="-1.856822"><ele>581.6</ele><time>2026-03-28T10:58:21.000Z</time></trkpt>
      <trkpt lat="53.452602" lon="-1.856820"><ele>581.6</ele><time>2026-03-28T10:58:22.000Z</time></trkpt>
      <trkpt lat="53.452602" lon="-1.856818"><ele>581.8</ele><time>2026-03-28T10:58:23.000Z</time></trkpt>
      <trkpt lat="53.452614" lon="-1.856822"><ele>581.8</ele><time>2026-03-28T10:58:24.000Z</time></trkpt>
      <trkpt lat="53.452620" lon="-1.856840"><ele>581.6</ele><time>2026-03-28T10:58:25.000Z</time></trkpt>
      <trkpt lat="53.452630" lon="-1.856849"><ele>581.8</ele><time>2026-03-28T10:58:26.000Z</time></trkpt>
      <trkpt lat="53.452630" lon="-1.856853"><ele>581.0</ele><time>2026-03-28T10:58:27.000Z</time></trkpt>
      <trkpt lat="53.452644" lon="-1.856863"><ele>581.4</ele><time>2026-03-28T10:58:28.000Z</time></trkpt>
      <trkpt lat="53.452656" lon="-1.856872"><ele>581.4</ele><time>2026-03-28T10:58:29.000Z</time></trkpt>
      <trkpt lat="53.452660" lon="-1.856880"><ele>581.4</ele><time>2026-03-28T10:58:30.000Z</time></trkpt>
      <trkpt lat="53.452667" lon="-1.856893"><ele>582.4</ele><time>2026-03-28T10:58:31.000Z</time></trkpt>
      <trkpt lat="53.452680" lon="-1.856901"><ele>582.2</ele><time>2026-03-28T10:58:32.000Z</time></trkpt>
      <trkpt lat="53.452680" lon="-1.856904"><ele>582.6</ele><time>2026-03-28T10:58:33.000Z</time></trkpt>
      <trkpt lat="53.452675" lon="-1.856906"><ele>582.2</ele><time>2026-03-28T10:58:34.000Z</time></trkpt>
      <trkpt lat="53.452680" lon="-1.856916"><ele>582.6</ele><time>2026-03-28T10:58:35.000Z</time></trkpt>
      <trkpt lat="53.452680" lon="-1.856926"><ele>582.6</ele><time>2026-03-28T10:58:36.000Z</time></trkpt>
      <trkpt lat="53.452686" lon="-1.856928"><ele>582.8</ele><time>2026-03-28T10:58:37.000Z</time></trkpt>
      <trkpt lat="53.452705" lon="-1.856936"><ele>583.2</ele><time>2026-03-28T10:58:38.000Z</time></trkpt>
      <trkpt lat="53.452700" lon="-1.856944"><ele>583.6</ele><time>2026-03-28T10:58:39.000Z</time></trkpt>
      <trkpt lat="53.452694" lon="-1.856953"><ele>584.2</ele><time>2026-03-28T10:58:40.000Z</time></trkpt>
      <trkpt lat="53.452698" lon="-1.856970"><ele>583.8</ele><time>2026-03-28T10:58:41.000Z</time></trkpt>
      <trkpt lat="53.452700" lon="-1.856980"><ele>583.8</ele><time>2026-03-28T10:58:42.000Z</time></trkpt>
      <trkpt lat="53.452710" lon="-1.856980"><ele>583.8</ele><time>2026-03-28T10:58:43.000Z</time></trkpt>
      <trkpt lat="53.452713" lon="-1.856985"><ele>583.8</ele><time>2026-03-28T10:58:44.000Z</time></trkpt>
      <trkpt lat="53.452720" lon="-1.856987"><ele>584.0</ele><time>2026-03-28T10:58:45.000Z</time></trkpt>
      <trkpt lat="53.452724" lon="-1.856994"><ele>584.2</ele><time>2026-03-28T10:58:46.000Z</time></trkpt>
      <trkpt lat="53.452732" lon="-1.857022"><ele>584.2</ele><time>2026-03-28T10:58:47.000Z</time></trkpt>
      <trkpt lat="53.452732" lon="-1.857046"><ele>584.4</ele><time>2026-03-28T10:58:48.000Z</time></trkpt>
      <trkpt lat="53.452732" lon="-1.857060"><ele>584.4</ele><time>2026-03-28T10:58:49.000Z</time></trkpt>
      <trkpt lat="53.452732" lon="-1.857069"><ele>584.6</ele><time>2026-03-28T10:58:50.000Z</time></trkpt>
      <trkpt lat="53.452732" lon="-1.857070"><ele>584.6</ele><time>2026-03-28T10:58:51.000Z</time></trkpt>
      <trkpt lat="53.452736" lon="-1.857096"><ele>584.6</ele><time>2026-03-28T10:58:52.000Z</time></trkpt>
      <trkpt lat="53.452736" lon="-1.857108"><ele>584.4</ele><time>2026-03-28T10:58:53.000Z</time></trkpt>
      <trkpt lat="53.452732" lon="-1.857107"><ele>584.4</ele><time>2026-03-28T10:58:54.000Z</time></trkpt>
      <trkpt lat="53.452736" lon="-1.857126"><ele>584.0</ele><time>2026-03-28T10:58:55.000Z</time></trkpt>
      <trkpt lat="53.452740" lon="-1.857145"><ele>583.6</ele><time>2026-03-28T10:58:56.000Z</time></trkpt>
      <trkpt lat="53.452744" lon="-1.857157"><ele>584.2</ele><time>2026-03-28T10:58:57.000Z</time></trkpt>
      <trkpt lat="53.452747" lon="-1.857169"><ele>584.2</ele><time>2026-03-28T10:58:58.000Z</time></trkpt>
      <trkpt lat="53.452755" lon="-1.857172"><ele>584.4</ele><time>2026-03-28T10:58:59.000Z</time></trkpt>
      <trkpt lat="53.452760" lon="-1.857171"><ele>584.8</ele><time>2026-03-28T10:59:00.000Z</time></trkpt>
      <trkpt lat="53.452766" lon="-1.857177"><ele>585.0</ele><time>2026-03-28T10:59:01.000Z</time></trkpt>
      <trkpt lat="53.452770" lon="-1.857180"><ele>585.0</ele><time>2026-03-28T10:59:02.000Z</time></trkpt>
      <trkpt lat="53.452766" lon="-1.857181"><ele>585.4</ele><time>2026-03-28T10:59:03.000Z</time></trkpt>
      <trkpt lat="53.452770" lon="-1.857188"><ele>585.2</ele><time>2026-03-28T10:59:04.000Z</time></trkpt>
      <trkpt lat="53.452780" lon="-1.857200"><ele>585.2</ele><time>2026-03-28T10:59:05.000Z</time></trkpt>
      <trkpt lat="53.452790" lon="-1.857202"><ele>585.2</ele><time>2026-03-28T10:59:06.000Z</time></trkpt>
      <trkpt lat="53.452785" lon="-1.857198"><ele>585.0</ele><time>2026-03-28T10:59:07.000Z</time></trkpt>
      <trkpt lat="53.452780" lon="-1.857198"><ele>585.0</ele><time>2026-03-28T10:59:08.000Z</time></trkpt>
      <trkpt lat="53.452780" lon="-1.857196"><ele>585.0</ele><time>2026-03-28T10:59:09.000Z</time></trkpt>
      <trkpt lat="53.452785" lon="-1.857198"><ele>585.2</ele><time>2026-03-28T10:59:10.000Z</time></trkpt>
      <trkpt lat="53.452785" lon="-1.857199"><ele>585.0</ele><time>2026-03-28T10:59:11.000Z</time></trkpt>
      <trkpt lat="53.452785" lon="-1.857199"><ele>585.0</ele><time>2026-03-28T10:59:12.000Z</time></trkpt>
      <trkpt lat="53.452785" lon="-1.857196"><ele>585.0</ele><time>2026-03-28T10:59:13.000Z</time></trkpt>
      <trkpt lat="53.452790" lon="-1.857193"><ele>585.2</ele><time>2026-03-28T10:59:14.000Z</time></trkpt>
      <trkpt lat="53.452785" lon="-1.857192"><ele>585.2</ele><time>2026-03-28T10:59:15.000Z</time></trkpt>
      <trkpt lat="53.452785" lon="-1.857192"><ele>585.2</ele><time>2026-03-28T10:59:16.000Z</time></trkpt>
      <trkpt lat="53.452790" lon="-1.857187"><ele>585.2</ele><time>2026-03-28T10:59:17.000Z</time></trkpt>
      <trkpt lat="53.452793" lon="-1.857187"><ele>585.2</ele><time>2026-03-28T10:59:18.000Z</time></trkpt>
      <trkpt lat="53.452793" lon="-1.857186"><ele>585.6</ele><time>2026-03-28T10:59:19.000Z</time></trkpt>
      <trkpt lat="53.452797" lon="-1.857200"><ele>586.2</ele><time>2026-03-28T10:59:20.000Z</time></trkpt>
      <trkpt lat="53.452800" lon="-1.857192"><ele>587.0</ele><time>2026-03-28T10:59:21.000Z</time></trkpt>
      <trkpt lat="53.452800" lon="-1.857194"><ele>586.6</ele><time>2026-03-28T10:59:22.000Z</time></trkpt>
      <trkpt lat="53.452805" lon="-1.857198"><ele>586.6</ele><time>2026-03-28T10:59:23.000Z</time></trkpt>
      <trkpt lat="53.452810" lon="-1.857207"><ele>586.4</ele><time>2026-03-28T10:59:24.000Z</time></trkpt>
      <trkpt lat="53.452820" lon="-1.857215"><ele>586.2</ele><time>2026-03-28T10:59:25.000Z</time></trkpt>
      <trkpt lat="53.452830" lon="-1.857233"><ele>586.8</ele><time>2026-03-28T10:59:26.000Z</time></trkpt>
      <trkpt lat="53.452835" lon="-1.857256"><ele>587.2</ele><time>2026-03-28T10:59:27.000Z</time></trkpt>
      <trkpt lat="53.452835" lon="-1.857270"><ele>587.2</ele><time>2026-03-28T10:59:28.000Z</time></trkpt>
      <trkpt lat="53.452843" lon="-1.857279"><ele>587.0</ele><time>2026-03-28T10:59:29.000Z</time></trkpt>
      <trkpt lat="53.452847" lon="-1.857288"><ele>587.0</ele><time>2026-03-28T10:59:30.000Z</time></trkpt>
      <trkpt lat="53.452854" lon="-1.857302"><ele>587.4</ele><time>2026-03-28T10:59:31.000Z</time></trkpt>
      <trkpt lat="53.452854" lon="-1.857314"><ele>587.4</ele><time>2026-03-28T10:59:32.000Z</time></trkpt>
      <trkpt lat="53.452854" lon="-1.857327"><ele>587.2</ele><time>2026-03-28T10:59:33.000Z</time></trkpt>
      <trkpt lat="53.452860" lon="-1.857354"><ele>587.4</ele><time>2026-03-28T10:59:34.000Z</time></trkpt>
      <trkpt lat="53.452870" lon="-1.857365"><ele>587.6</ele><time>2026-03-28T10:59:35.000Z</time></trkpt>
      <trkpt lat="53.452873" lon="-1.857390"><ele>587.0</ele><time>2026-03-28T10:59:36.000Z</time></trkpt>
      <trkpt lat="53.452885" lon="-1.857406"><ele>587.6</ele><time>2026-03-28T10:59:37.000Z</time></trkpt>
      <trkpt lat="53.452892" lon="-1.857420"><ele>587.8</ele><time>2026-03-28T10:59:38.000Z</time></trkpt>
      <trkpt lat="53.452896" lon="-1.857437"><ele>588.6</ele><time>2026-03-28T10:59:39.000Z</time></trkpt>
      <trkpt lat="53.452904" lon="-1.857457"><ele>588.0</ele><time>2026-03-28T10:59:40.000Z</time></trkpt>
      <trkpt lat="53.452910" lon="-1.857475"><ele>587.6</ele><time>2026-03-28T10:59:41.000Z</time></trkpt>
      <trkpt lat="53.452920" lon="-1.857495"><ele>587.8</ele><time>2026-03-28T10:59:42.000Z</time></trkpt>
      <trkpt lat="53.452923" lon="-1.857512"><ele>587.2</ele><time>2026-03-28T10:59:43.000Z</time></trkpt>
      <trkpt lat="53.452934" lon="-1.857522"><ele>586.8</ele><time>2026-03-28T10:59:44.000Z</time></trkpt>
      <trkpt lat="53.452946" lon="-1.857522"><ele>586.8</ele><time>2026-03-28T10:59:45.000Z</time></trkpt>
      <trkpt lat="53.452953" lon="-1.857530"><ele>587.6</ele><time>2026-03-28T10:59:46.000Z</time></trkpt>
      <trkpt lat="53.452953" lon="-1.857532"><ele>587.2</ele><time>2026-03-28T10:59:47.000Z</time></trkpt>
      <trkpt lat="53.452950" lon="-1.857532"><ele>587.4</ele><time>2026-03-28T10:59:48.000Z</time></trkpt>
      <trkpt lat="53.452953" lon="-1.857564"><ele>588.2</ele><time>2026-03-28T10:59:49.000Z</time></trkpt>
      <trkpt lat="53.452953" lon="-1.857566"><ele>588.0</ele><time>2026-03-28T10:59:50.000Z</time></trkpt>
      <trkpt lat="53.452953" lon="-1.857571"><ele>588.2</ele><time>2026-03-28T10:59:51.000Z</time></trkpt>
      <trkpt lat="53.452953" lon="-1.857582"><ele>588.8</ele><time>2026-03-28T10:59:52.000Z</time></trkpt>
      <trkpt lat="53.452950" lon="-1.857590"><ele>589.0</ele><time>2026-03-28T10:59:53.000Z</time></trkpt>
      <trkpt lat="53.452950" lon="-1.857600"><ele>589.2</ele><time>2026-03-28T10:59:54.000Z</time></trkpt>
      <trkpt lat="53.452950" lon="-1.857603"><ele>589.0</ele><time>2026-03-28T10:59:55.000Z</time></trkpt>
      <trkpt lat="53.452950" lon="-1.857614"><ele>589.2</ele><time>2026-03-28T10:59:56.000Z</time></trkpt>
      <trkpt lat="53.452950" lon="-1.857626"><ele>589.4</ele><time>2026-03-28T10:59:57.000Z</time></trkpt>
      <trkpt lat="53.452950" lon="-1.857636"><ele>590.0</ele><time>2026-03-28T10:59:58.000Z</time></trkpt>
      <trkpt lat="53.452950" lon="-1.857641"><ele>590.0</ele><time>2026-03-28T10:59:59.000Z</time></trkpt>
      <trkpt lat="53.452957" lon="-1.857654"><ele>590.0</ele><time>2026-03-28T11:00:00.000Z</time></trkpt>
      <trkpt lat="53.452965" lon="-1.857666"><ele>589.8</ele><time>2026-03-28T11:00:01.000Z</time></trkpt>
      <trkpt lat="53.452972" lon="-1.857685"><ele>589.8</ele><time>2026-03-28T11:00:02.000Z</time></trkpt>
      <trkpt lat="53.452972" lon="-1.857697"><ele>589.4</ele><time>2026-03-28T11:00:03.000Z</time></trkpt>
      <trkpt lat="53.452980" lon="-1.857704"><ele>591.2</ele><time>2026-03-28T11:00:04.000Z</time></trkpt>
      <trkpt lat="53.452984" lon="-1.857722"><ele>591.2</ele><time>2026-03-28T11:00:05.000Z</time></trkpt>
      <trkpt lat="53.452984" lon="-1.857746"><ele>591.2</ele><time>2026-03-28T11:00:06.000Z</time></trkpt>
      <trkpt lat="53.452990" lon="-1.857766"><ele>590.2</ele><time>2026-03-28T11:00:07.000Z</time></trkpt>
      <trkpt lat="53.452995" lon="-1.857779"><ele>590.4</ele><time>2026-03-28T11:00:08.000Z</time></trkpt>
      <trkpt lat="53.453003" lon="-1.857791"><ele>590.6</ele><time>2026-03-28T11:00:09.000Z</time></trkpt>
      <trkpt lat="53.453003" lon="-1.857800"><ele>590.0</ele><time>2026-03-28T11:00:10.000Z</time></trkpt>
      <trkpt lat="53.453010" lon="-1.857809"><ele>590.2</ele><time>2026-03-28T11:00:11.000Z</time></trkpt>
      <trkpt lat="53.453007" lon="-1.857812"><ele>590.6</ele><time>2026-03-28T11:00:12.000Z</time></trkpt>
      <trkpt lat="53.453007" lon="-1.857818"><ele>591.2</ele><time>2026-03-28T11:00:13.000Z</time></trkpt>
      <trkpt lat="53.453014" lon="-1.857837"><ele>590.8</ele><time>2026-03-28T11:00:14.000Z</time></trkpt>
      <trkpt lat="53.453020" lon="-1.857848"><ele>590.8</ele><time>2026-03-28T11:00:15.000Z</time></trkpt>
      <trkpt lat="53.453020" lon="-1.857858"><ele>590.6</ele><time>2026-03-28T11:00:16.000Z</time></trkpt>
      <trkpt lat="53.453022" lon="-1.857877"><ele>590.8</ele><time>2026-03-28T11:00:17.000Z</time></trkpt>
      <trkpt lat="53.453030" lon="-1.857899"><ele>591.4</ele><time>2026-03-28T11:00:18.000Z</time></trkpt>
      <trkpt lat="53.453033" lon="-1.857909"><ele>590.8</ele><time>2026-03-28T11:00:19.000Z</time></trkpt>
      <trkpt lat="53.453040" lon="-1.857921"><ele>590.4</ele><time>2026-03-28T11:00:20.000Z</time></trkpt>
      <trkpt lat="53.453040" lon="-1.857936"><ele>590.0</ele><time>2026-03-28T11:00:21.000Z</time></trkpt>
      <trkpt lat="53.453053" lon="-1.857955"><ele>590.0</ele><time>2026-03-28T11:00:22.000Z</time></trkpt>
      <trkpt lat="53.453064" lon="-1.857964"><ele>589.4</ele><time>2026-03-28T11:00:23.000Z</time></trkpt>
      <trkpt lat="53.453080" lon="-1.857969"><ele>590.2</ele><time>2026-03-28T11:00:24.000Z</time></trkpt>
      <trkpt lat="53.453083" lon="-1.857992"><ele>591.0</ele><time>2026-03-28T11:00:25.000Z</time></trkpt>
      <trkpt lat="53.453083" lon="-1.858015"><ele>590.4</ele><time>2026-03-28T11:00:26.000Z</time></trkpt>
      <trkpt lat="53.453080" lon="-1.858021"><ele>589.8</ele><time>2026-03-28T11:00:27.000Z</time></trkpt>
      <trkpt lat="53.453083" lon="-1.858036"><ele>591.2</ele><time>2026-03-28T11:00:28.000Z</time></trkpt>
      <trkpt lat="53.453080" lon="-1.858049"><ele>590.6</ele><time>2026-03-28T11:00:29.000Z</time></trkpt>
      <trkpt lat="53.453080" lon="-1.858051"><ele>590.8</ele><time>2026-03-28T11:00:30.000Z</time></trkpt>
      <trkpt lat="53.453083" lon="-1.858081"><ele>591.8</ele><time>2026-03-28T11:00:31.000Z</time></trkpt>
      <trkpt lat="53.453090" lon="-1.858092"><ele>591.2</ele><time>2026-03-28T11:00:32.000Z</time></trkpt>
      <trkpt lat="53.453090" lon="-1.858106"><ele>591.2</ele><time>2026-03-28T11:00:33.000Z</time></trkpt>
      <trkpt lat="53.453090" lon="-1.858112"><ele>591.0</ele><time>2026-03-28T11:00:34.000Z</time></trkpt>
      <trkpt lat="53.453090" lon="-1.858129"><ele>591.0</ele><time>2026-03-28T11:00:35.000Z</time></trkpt>
      <trkpt lat="53.453094" lon="-1.858135"><ele>591.4</ele><time>2026-03-28T11:00:36.000Z</time></trkpt>
      <trkpt lat="53.453100" lon="-1.858156"><ele>591.6</ele><time>2026-03-28T11:00:37.000Z</time></trkpt>
      <trkpt lat="53.453100" lon="-1.858170"><ele>591.2</ele><time>2026-03-28T11:00:38.000Z</time></trkpt>
      <trkpt lat="53.453100" lon="-1.858171"><ele>591.2</ele><time>2026-03-28T11:00:39.000Z</time></trkpt>
      <trkpt lat="53.453102" lon="-1.858171"><ele>591.4</ele><time>2026-03-28T11:00:40.000Z</time></trkpt>
      <trkpt lat="53.453100" lon="-1.858193"><ele>591.0</ele><time>2026-03-28T11:00:41.000Z</time></trkpt>
      <trkpt lat="53.453110" lon="-1.858200"><ele>591.0</ele><time>2026-03-28T11:00:42.000Z</time></trkpt>
      <trkpt lat="53.453117" lon="-1.858203"><ele>590.2</ele><time>2026-03-28T11:00:43.000Z</time></trkpt>
      <trkpt lat="53.453120" lon="-1.858202"><ele>590.8</ele><time>2026-03-28T11:00:44.000Z</time></trkpt>
      <trkpt lat="53.453125" lon="-1.858207"><ele>590.6</ele><time>2026-03-28T11:00:45.000Z</time></trkpt>
      <trkpt lat="53.453136" lon="-1.858224"><ele>591.2</ele><time>2026-03-28T11:00:46.000Z</time></trkpt>
      <trkpt lat="53.453144" lon="-1.858246"><ele>591.8</ele><time>2026-03-28T11:00:47.000Z</time></trkpt>
      <trkpt lat="53.453140" lon="-1.858249"><ele>591.4</ele><time>2026-03-28T11:00:48.000Z</time></trkpt>
      <trkpt lat="53.453140" lon="-1.858256"><ele>591.4</ele><time>2026-03-28T11:00:49.000Z</time></trkpt>
      <trkpt lat="53.453140" lon="-1.858255"><ele>591.4</ele><time>2026-03-28T11:00:50.000Z</time></trkpt>
      <trkpt lat="53.453140" lon="-1.858268"><ele>591.2</ele><time>2026-03-28T11:00:51.000Z</time></trkpt>
      <trkpt lat="53.453140" lon="-1.858275"><ele>590.8</ele><time>2026-03-28T11:00:52.000Z</time></trkpt>
      <trkpt lat="53.453148" lon="-1.858276"><ele>591.4</ele><time>2026-03-28T11:00:53.000Z</time></trkpt>
      <trkpt lat="53.453175" lon="-1.858298"><ele>591.6</ele><time>2026-03-28T11:00:54.000Z</time></trkpt>
      <trkpt lat="53.453182" lon="-1.858310"><ele>591.8</ele><time>2026-03-28T11:00:55.000Z</time></trkpt>
      <trkpt lat="53.453186" lon="-1.858337"><ele>592.2</ele><time>2026-03-28T11:00:56.000Z</time></trkpt>
      <trkpt lat="53.453186" lon="-1.858356"><ele>591.4</ele><time>2026-03-28T11:00:57.000Z</time></trkpt>
      <trkpt lat="53.453186" lon="-1.858361"><ele>592.2</ele><time>2026-03-28T11:00:58.000Z</time></trkpt>
      <trkpt lat="53.453197" lon="-1.858375"><ele>592.0</ele><time>2026-03-28T11:00:59.000Z</time></trkpt>
      <trkpt lat="53.453210" lon="-1.858391"><ele>591.6</ele><time>2026-03-28T11:01:00.000Z</time></trkpt>
      <trkpt lat="53.453217" lon="-1.858398"><ele>591.8</ele><time>2026-03-28T11:01:01.000Z</time></trkpt>
      <trkpt lat="53.453228" lon="-1.858405"><ele>592.6</ele><time>2026-03-28T11:01:02.000Z</time></trkpt>
      <trkpt lat="53.453236" lon="-1.858409"><ele>592.2</ele><time>2026-03-28T11:01:03.000Z</time></trkpt>
      <trkpt lat="53.453243" lon="-1.858419"><ele>591.6</ele><time>2026-03-28T11:01:04.000Z</time></trkpt>
      <trkpt lat="53.453255" lon="-1.858432"><ele>591.2</ele><time>2026-03-28T11:01:05.000Z</time></trkpt>
      <trkpt lat="53.453260" lon="-1.858443"><ele>592.0</ele><time>2026-03-28T11:01:06.000Z</time></trkpt>
      <trkpt lat="53.453262" lon="-1.858459"><ele>591.8</ele><time>2026-03-28T11:01:07.000Z</time></trkpt>
      <trkpt lat="53.453274" lon="-1.858468"><ele>591.4</ele><time>2026-03-28T11:01:08.000Z</time></trkpt>
      <trkpt lat="53.453285" lon="-1.858471"><ele>592.2</ele><time>2026-03-28T11:01:09.000Z</time></trkpt>
      <trkpt lat="53.453297" lon="-1.858474"><ele>592.8</ele><time>2026-03-28T11:01:10.000Z</time></trkpt>
      <trkpt lat="53.453304" lon="-1.858481"><ele>592.8</ele><time>2026-03-28T11:01:11.000Z</time></trkpt>
      <trkpt lat="53.453316" lon="-1.858489"><ele>592.6</ele><time>2026-03-28T11:01:12.000Z</time></trkpt>
      <trkpt lat="53.453327" lon="-1.858489"><ele>592.0</ele><time>2026-03-28T11:01:13.000Z</time></trkpt>
      <trkpt lat="53.453340" lon="-1.858494"><ele>592.6</ele><time>2026-03-28T11:01:14.000Z</time></trkpt>
      <trkpt lat="53.453350" lon="-1.858498"><ele>593.6</ele><time>2026-03-28T11:01:15.000Z</time></trkpt>
      <trkpt lat="53.453365" lon="-1.858508"><ele>594.0</ele><time>2026-03-28T11:01:16.000Z</time></trkpt>
      <trkpt lat="53.453373" lon="-1.858517"><ele>592.8</ele><time>2026-03-28T11:01:17.000Z</time></trkpt>
      <trkpt lat="53.453380" lon="-1.858529"><ele>593.0</ele><time>2026-03-28T11:01:18.000Z</time></trkpt>
      <trkpt lat="53.453390" lon="-1.858546"><ele>592.8</ele><time>2026-03-28T11:01:19.000Z</time></trkpt>
      <trkpt lat="53.453396" lon="-1.858556"><ele>593.0</ele><time>2026-03-28T11:01:20.000Z</time></trkpt>
      <trkpt lat="53.453403" lon="-1.858573"><ele>593.2</ele><time>2026-03-28T11:01:21.000Z</time></trkpt>
      <trkpt lat="53.453410" lon="-1.858584"><ele>593.0</ele><time>2026-03-28T11:01:22.000Z</time></trkpt>
      <trkpt lat="53.453423" lon="-1.858598"><ele>592.8</ele><time>2026-03-28T11:01:23.000Z</time></trkpt>
      <trkpt lat="53.453430" lon="-1.858607"><ele>593.0</ele><time>2026-03-28T11:01:24.000Z</time></trkpt>
      <trkpt lat="53.453434" lon="-1.858618"><ele>593.2</ele><time>2026-03-28T11:01:25.000Z</time></trkpt>
      <trkpt lat="53.453445" lon="-1.858641"><ele>592.6</ele><time>2026-03-28T11:01:26.000Z</time></trkpt>
      <trkpt lat="53.453453" lon="-1.858644"><ele>592.4</ele><time>2026-03-28T11:01:27.000Z</time></trkpt>
      <trkpt lat="53.453460" lon="-1.858654"><ele>593.4</ele><time>2026-03-28T11:01:28.000Z</time></trkpt>
      <trkpt lat="53.453470" lon="-1.858666"><ele>593.6</ele><time>2026-03-28T11:01:29.000Z</time></trkpt>
      <trkpt lat="53.453484" lon="-1.858682"><ele>593.6</ele><time>2026-03-28T11:01:30.000Z</time></trkpt>
      <trkpt lat="53.453490" lon="-1.858691"><ele>593.6</ele><time>2026-03-28T11:01:31.000Z</time></trkpt>
      <trkpt lat="53.453503" lon="-1.858702"><ele>593.4</ele><time>2026-03-28T11:01:32.000Z</time></trkpt>
      <trkpt lat="53.453510" lon="-1.858706"><ele>593.8</ele><time>2026-03-28T11:01:33.000Z</time></trkpt>
      <trkpt lat="53.453520" lon="-1.858717"><ele>594.2</ele><time>2026-03-28T11:01:34.000Z</time></trkpt>
      <trkpt lat="53.453533" lon="-1.858733"><ele>594.6</ele><time>2026-03-28T11:01:35.000Z</time></trkpt>
      <trkpt lat="53.453540" lon="-1.858747"><ele>594.4</ele><time>2026-03-28T11:01:36.000Z</time></trkpt>
      <trkpt lat="53.453550" lon="-1.858759"><ele>594.4</ele><time>2026-03-28T11:01:37.000Z</time></trkpt>
      <trkpt lat="53.453556" lon="-1.858773"><ele>594.0</ele><time>2026-03-28T11:01:38.000Z</time></trkpt>
      <trkpt lat="53.453564" lon="-1.858792"><ele>593.8</ele><time>2026-03-28T11:01:39.000Z</time></trkpt>
      <trkpt lat="53.453570" lon="-1.858814"><ele>594.2</ele><time>2026-03-28T11:01:40.000Z</time></trkpt>
      <trkpt lat="53.453580" lon="-1.858824"><ele>594.2</ele><time>2026-03-28T11:01:41.000Z</time></trkpt>
      <trkpt lat="53.453587" lon="-1.858830"><ele>594.2</ele><time>2026-03-28T11:01:42.000Z</time></trkpt>
      <trkpt lat="53.453590" lon="-1.858841"><ele>594.2</ele><time>2026-03-28T11:01:43.000Z</time></trkpt>
      <trkpt lat="53.453598" lon="-1.858856"><ele>594.0</ele><time>2026-03-28T11:01:44.000Z</time></trkpt>
      <trkpt lat="53.453606" lon="-1.858879"><ele>594.2</ele><time>2026-03-28T11:01:45.000Z</time></trkpt>
      <trkpt lat="53.453610" lon="-1.858890"><ele>594.0</ele><time>2026-03-28T11:01:46.000Z</time></trkpt>
      <trkpt lat="53.453620" lon="-1.858903"><ele>594.6</ele><time>2026-03-28T11:01:47.000Z</time></trkpt>
      <trkpt lat="53.453630" lon="-1.858912"><ele>593.0</ele><time>2026-03-28T11:01:48.000Z</time></trkpt>
      <trkpt lat="53.453644" lon="-1.858927"><ele>593.0</ele><time>2026-03-28T11:01:49.000Z</time></trkpt>
      <trkpt lat="53.453650" lon="-1.858938"><ele>593.4</ele><time>2026-03-28T11:01:50.000Z</time></trkpt>
      <trkpt lat="53.453650" lon="-1.858953"><ele>593.2</ele><time>2026-03-28T11:01:51.000Z</time></trkpt>
      <trkpt lat="53.453655" lon="-1.858969"><ele>593.0</ele><time>2026-03-28T11:01:52.000Z</time></trkpt>
      <trkpt lat="53.453667" lon="-1.858991"><ele>594.2</ele><time>2026-03-28T11:01:53.000Z</time></trkpt>
      <trkpt lat="53.453680" lon="-1.859002"><ele>594.2</ele><time>2026-03-28T11:01:54.000Z</time></trkpt>
      <trkpt lat="53.453686" lon="-1.859017"><ele>595.0</ele><time>2026-03-28T11:01:55.000Z</time></trkpt>
      <trkpt lat="53.453690" lon="-1.859026"><ele>594.0</ele><time>2026-03-28T11:01:56.000Z</time></trkpt>
      <trkpt lat="53.453697" lon="-1.859039"><ele>594.4</ele><time>2026-03-28T11:01:57.000Z</time></trkpt>
      <trkpt lat="53.453710" lon="-1.859055"><ele>594.2</ele><time>2026-03-28T11:01:58.000Z</time></trkpt>
      <trkpt lat="53.453712" lon="-1.859071"><ele>594.0</ele><time>2026-03-28T11:01:59.000Z</time></trkpt>
      <trkpt lat="53.453720" lon="-1.859080"><ele>594.0</ele><time>2026-03-28T11:02:00.000Z</time></trkpt>
      <trkpt lat="53.453728" lon="-1.859088"><ele>593.6</ele><time>2026-03-28T11:02:01.000Z</time></trkpt>
      <trkpt lat="53.453743" lon="-1.859092"><ele>592.8</ele><time>2026-03-28T11:02:02.000Z</time></trkpt>
      <trkpt lat="53.453750" lon="-1.859099"><ele>593.8</ele><time>2026-03-28T11:02:03.000Z</time></trkpt>
      <trkpt lat="53.453760" lon="-1.859101"><ele>593.6</ele><time>2026-03-28T11:02:04.000Z</time></trkpt>
      <trkpt lat="53.453766" lon="-1.859110"><ele>593.8</ele><time>2026-03-28T11:02:05.000Z</time></trkpt>
      <trkpt lat="53.453777" lon="-1.859120"><ele>593.4</ele><time>2026-03-28T11:02:06.000Z</time></trkpt>
      <trkpt lat="53.453785" lon="-1.859128"><ele>593.2</ele><time>2026-03-28T11:02:07.000Z</time></trkpt>
      <trkpt lat="53.453796" lon="-1.859135"><ele>592.8</ele><time>2026-03-28T11:02:08.000Z</time></trkpt>
      <trkpt lat="53.453808" lon="-1.859142"><ele>592.8</ele><time>2026-03-28T11:02:09.000Z</time></trkpt>
      <trkpt lat="53.453820" lon="-1.859152"><ele>594.0</ele><time>2026-03-28T11:02:10.000Z</time></trkpt>
      <trkpt lat="53.453823" lon="-1.859172"><ele>594.6</ele><time>2026-03-28T11:02:11.000Z</time></trkpt>
      <trkpt lat="53.453830" lon="-1.859198"><ele>594.0</ele><time>2026-03-28T11:02:12.000Z</time></trkpt>
      <trkpt lat="53.453840" lon="-1.859208"><ele>594.0</ele><time>2026-03-28T11:02:13.000Z</time></trkpt>
      <trkpt lat="53.453846" lon="-1.859219"><ele>594.0</ele><time>2026-03-28T11:02:14.000Z</time></trkpt>
      <trkpt lat="53.453854" lon="-1.859238"><ele>594.4</ele><time>2026-03-28T11:02:15.000Z</time></trkpt>
      <trkpt lat="53.453865" lon="-1.859253"><ele>594.6</ele><time>2026-03-28T11:02:16.000Z</time></trkpt>
      <trkpt lat="53.453873" lon="-1.859261"><ele>594.2</ele><time>2026-03-28T11:02:17.000Z</time></trkpt>
      <trkpt lat="53.453884" lon="-1.859263"><ele>594.6</ele><time>2026-03-28T11:02:18.000Z</time></trkpt>
      <trkpt lat="53.453890" lon="-1.859261"><ele>594.8</ele><time>2026-03-28T11:02:19.000Z</time></trkpt>
      <trkpt lat="53.453903" lon="-1.859267"><ele>595.4</ele><time>2026-03-28T11:02:20.000Z</time></trkpt>
      <trkpt lat="53.453920" lon="-1.859273"><ele>595.6</ele><time>2026-03-28T11:02:21.000Z</time></trkpt>
      <trkpt lat="53.453926" lon="-1.859282"><ele>595.2</ele><time>2026-03-28T11:02:22.000Z</time></trkpt>
      <trkpt lat="53.453938" lon="-1.859289"><ele>595.4</ele><time>2026-03-28T11:02:23.000Z</time></trkpt>
      <trkpt lat="53.453953" lon="-1.859291"><ele>595.8</ele><time>2026-03-28T11:02:24.000Z</time></trkpt>
      <trkpt lat="53.453964" lon="-1.859296"><ele>596.4</ele><time>2026-03-28T11:02:25.000Z</time></trkpt>
      <trkpt lat="53.453970" lon="-1.859307"><ele>596.2</ele><time>2026-03-28T11:02:26.000Z</time></trkpt>
      <trkpt lat="53.453970" lon="-1.859316"><ele>596.4</ele><time>2026-03-28T11:02:27.000Z</time></trkpt>
      <trkpt lat="53.453968" lon="-1.859342"><ele>596.6</ele><time>2026-03-28T11:02:28.000Z</time></trkpt>
      <trkpt lat="53.453983" lon="-1.859363"><ele>597.0</ele><time>2026-03-28T11:02:29.000Z</time></trkpt>
      <trkpt lat="53.453995" lon="-1.859380"><ele>597.6</ele><time>2026-03-28T11:02:30.000Z</time></trkpt>
      <trkpt lat="53.454002" lon="-1.859393"><ele>597.4</ele><time>2026-03-28T11:02:31.000Z</time></trkpt>
      <trkpt lat="53.454002" lon="-1.859398"><ele>597.8</ele><time>2026-03-28T11:02:32.000Z</time></trkpt>
      <trkpt lat="53.454006" lon="-1.859402"><ele>597.2</ele><time>2026-03-28T11:02:33.000Z</time></trkpt>
      <trkpt lat="53.454014" lon="-1.859416"><ele>595.8</ele><time>2026-03-28T11:02:34.000Z</time></trkpt>
      <trkpt lat="53.454020" lon="-1.859433"><ele>595.8</ele><time>2026-03-28T11:02:35.000Z</time></trkpt>
      <trkpt lat="53.454033" lon="-1.859444"><ele>595.8</ele><time>2026-03-28T11:02:36.000Z</time></trkpt>
      <trkpt lat="53.454044" lon="-1.859446"><ele>594.0</ele><time>2026-03-28T11:02:37.000Z</time></trkpt>
      <trkpt lat="53.454060" lon="-1.859447"><ele>594.2</ele><time>2026-03-28T11:02:38.000Z</time></trkpt>
      <trkpt lat="53.454075" lon="-1.859444"><ele>595.4</ele><time>2026-03-28T11:02:39.000Z</time></trkpt>
      <trkpt lat="53.454082" lon="-1.859445"><ele>594.6</ele><time>2026-03-28T11:02:40.000Z</time></trkpt>
      <trkpt lat="53.454090" lon="-1.859444"><ele>594.4</ele><time>2026-03-28T11:02:41.000Z</time></trkpt>
      <trkpt lat="53.454100" lon="-1.859449"><ele>595.6</ele><time>2026-03-28T11:02:42.000Z</time></trkpt>
      <trkpt lat="53.454110" lon="-1.859460"><ele>595.2</ele><time>2026-03-28T11:02:43.000Z</time></trkpt>
      <trkpt lat="53.454120" lon="-1.859473"><ele>595.6</ele><time>2026-03-28T11:02:44.000Z</time></trkpt>
      <trkpt lat="53.454136" lon="-1.859490"><ele>595.8</ele><time>2026-03-28T11:02:45.000Z</time></trkpt>
      <trkpt lat="53.454140" lon="-1.859497"><ele>595.6</ele><time>2026-03-28T11:02:46.000Z</time></trkpt>
      <trkpt lat="53.454147" lon="-1.859502"><ele>595.6</ele><time>2026-03-28T11:02:47.000Z</time></trkpt>
      <trkpt lat="53.454163" lon="-1.859512"><ele>595.8</ele><time>2026-03-28T11:02:48.000Z</time></trkpt>
      <trkpt lat="53.454170" lon="-1.859525"><ele>596.2</ele><time>2026-03-28T11:02:49.000Z</time></trkpt>
      <trkpt lat="53.454178" lon="-1.859531"><ele>596.0</ele><time>2026-03-28T11:02:50.000Z</time></trkpt>
      <trkpt lat="53.454180" lon="-1.859541"><ele>596.4</ele><time>2026-03-28T11:02:51.000Z</time></trkpt>
      <trkpt lat="53.454193" lon="-1.859557"><ele>596.0</ele><time>2026-03-28T11:02:52.000Z</time></trkpt>
      <trkpt lat="53.454200" lon="-1.859575"><ele>596.0</ele><time>2026-03-28T11:02:53.000Z</time></trkpt>
      <trkpt lat="53.454210" lon="-1.859588"><ele>596.0</ele><time>2026-03-28T11:02:54.000Z</time></trkpt>
      <trkpt lat="53.454212" lon="-1.859595"><ele>595.4</ele><time>2026-03-28T11:02:55.000Z</time></trkpt>
      <trkpt lat="53.454224" lon="-1.859609"><ele>596.4</ele><time>2026-03-28T11:02:56.000Z</time></trkpt>
      <trkpt lat="53.454235" lon="-1.859625"><ele>596.8</ele><time>2026-03-28T11:02:57.000Z</time></trkpt>
      <trkpt lat="53.454247" lon="-1.859634"><ele>596.6</ele><time>2026-03-28T11:02:58.000Z</time></trkpt>
      <trkpt lat="53.454243" lon="-1.859644"><ele>596.6</ele><time>2026-03-28T11:02:59.000Z</time></trkpt>
      <trkpt lat="53.454247" lon="-1.859659"><ele>597.2</ele><time>2026-03-28T11:03:00.000Z</time></trkpt>
      <trkpt lat="53.454258" lon="-1.859680"><ele>598.0</ele><time>2026-03-28T11:03:01.000Z</time></trkpt>
      <trkpt lat="53.454260" lon="-1.859693"><ele>597.8</ele><time>2026-03-28T11:03:02.000Z</time></trkpt>
      <trkpt lat="53.454266" lon="-1.859711"><ele>597.2</ele><time>2026-03-28T11:03:03.000Z</time></trkpt>
      <trkpt lat="53.454270" lon="-1.859726"><ele>596.6</ele><time>2026-03-28T11:03:04.000Z</time></trkpt>
      <trkpt lat="53.454277" lon="-1.859738"><ele>596.6</ele><time>2026-03-28T11:03:05.000Z</time></trkpt>
      <trkpt lat="53.454290" lon="-1.859754"><ele>597.0</ele><time>2026-03-28T11:03:06.000Z</time></trkpt>
      <trkpt lat="53.454300" lon="-1.859756"><ele>595.6</ele><time>2026-03-28T11:03:07.000Z</time></trkpt>
      <trkpt lat="53.454315" lon="-1.859757"><ele>596.4</ele><time>2026-03-28T11:03:08.000Z</time></trkpt>
      <trkpt lat="53.454327" lon="-1.859764"><ele>596.8</ele><time>2026-03-28T11:03:09.000Z</time></trkpt>
      <trkpt lat="53.454334" lon="-1.859774"><ele>597.0</ele><time>2026-03-28T11:03:10.000Z</time></trkpt>
      <trkpt lat="53.454346" lon="-1.859783"><ele>596.4</ele><time>2026-03-28T11:03:11.000Z</time></trkpt>
      <trkpt lat="53.454353" lon="-1.859795"><ele>596.8</ele><time>2026-03-28T11:03:12.000Z</time></trkpt>
      <trkpt lat="53.454357" lon="-1.859796"><ele>596.4</ele><time>2026-03-28T11:03:13.000Z</time></trkpt>
      <trkpt lat="53.454353" lon="-1.859792"><ele>597.0</ele><time>2026-03-28T11:03:14.000Z</time></trkpt>
      <trkpt lat="53.454357" lon="-1.859795"><ele>596.8</ele><time>2026-03-28T11:03:15.000Z</time></trkpt>
      <trkpt lat="53.454370" lon="-1.859806"><ele>597.0</ele><time>2026-03-28T11:03:16.000Z</time></trkpt>
      <trkpt lat="53.454376" lon="-1.859820"><ele>597.4</ele><time>2026-03-28T11:03:17.000Z</time></trkpt>
      <trkpt lat="53.454384" lon="-1.859827"><ele>597.6</ele><time>2026-03-28T11:03:18.000Z</time></trkpt>
      <trkpt lat="53.454395" lon="-1.859837"><ele>597.6</ele><time>2026-03-28T11:03:19.000Z</time></trkpt>
      <trkpt lat="53.454400" lon="-1.859843"><ele>597.6</ele><time>2026-03-28T11:03:20.000Z</time></trkpt>
      <trkpt lat="53.454407" lon="-1.859855"><ele>597.6</ele><time>2026-03-28T11:03:21.000Z</time></trkpt>
      <trkpt lat="53.454420" lon="-1.859868"><ele>597.4</ele><time>2026-03-28T11:03:22.000Z</time></trkpt>
      <trkpt lat="53.454426" lon="-1.859877"><ele>597.2</ele><time>2026-03-28T11:03:23.000Z</time></trkpt>
      <trkpt lat="53.454430" lon="-1.859888"><ele>597.4</ele><time>2026-03-28T11:03:24.000Z</time></trkpt>
      <trkpt lat="53.454437" lon="-1.859891"><ele>597.6</ele><time>2026-03-28T11:03:25.000Z</time></trkpt>
      <trkpt lat="53.454450" lon="-1.859892"><ele>597.6</ele><time>2026-03-28T11:03:26.000Z</time></trkpt>
      <trkpt lat="53.454453" lon="-1.859897"><ele>597.2</ele><time>2026-03-28T11:03:27.000Z</time></trkpt>
      <trkpt lat="53.454456" lon="-1.859900"><ele>597.6</ele><time>2026-03-28T11:03:28.000Z</time></trkpt>
      <trkpt lat="53.454468" lon="-1.859909"><ele>598.0</ele><time>2026-03-28T11:03:29.000Z</time></trkpt>
      <trkpt lat="53.454483" lon="-1.859914"><ele>597.8</ele><time>2026-03-28T11:03:30.000Z</time></trkpt>
      <trkpt lat="53.454487" lon="-1.859917"><ele>598.0</ele><time>2026-03-28T11:03:31.000Z</time></trkpt>
      <trkpt lat="53.454490" lon="-1.859923"><ele>597.8</ele><time>2026-03-28T11:03:32.000Z</time></trkpt>
      <trkpt lat="53.454490" lon="-1.859920"><ele>597.6</ele><time>2026-03-28T11:03:33.000Z</time></trkpt>
      <trkpt lat="53.454487" lon="-1.859917"><ele>597.8</ele><time>2026-03-28T11:03:34.000Z</time></trkpt>
      <trkpt lat="53.454490" lon="-1.859918"><ele>598.0</ele><time>2026-03-28T11:03:35.000Z</time></trkpt>
      <trkpt lat="53.454490" lon="-1.859917"><ele>598.4</ele><time>2026-03-28T11:03:36.000Z</time></trkpt>
      <trkpt lat="53.454500" lon="-1.859917"><ele>598.6</ele><time>2026-03-28T11:03:37.000Z</time></trkpt>
      <trkpt lat="53.454502" lon="-1.859912"><ele>598.4</ele><time>2026-03-28T11:03:38.000Z</time></trkpt>
      <trkpt lat="53.454514" lon="-1.859906"><ele>598.8</ele><time>2026-03-28T11:03:39.000Z</time></trkpt>
      <trkpt lat="53.454517" lon="-1.859905"><ele>598.0</ele><time>2026-03-28T11:03:40.000Z</time></trkpt>
      <trkpt lat="53.454520" lon="-1.859909"><ele>597.8</ele><time>2026-03-28T11:03:41.000Z</time></trkpt>
      <trkpt lat="53.454520" lon="-1.859905"><ele>597.8</ele><time>2026-03-28T11:03:42.000Z</time></trkpt>
      <trkpt lat="53.454530" lon="-1.859907"><ele>598.0</ele><time>2026-03-28T11:03:43.000Z</time></trkpt>
      <trkpt lat="53.454530" lon="-1.859904"><ele>598.0</ele><time>2026-03-28T11:03:44.000Z</time></trkpt>
      <trkpt lat="53.454530" lon="-1.859905"><ele>598.0</ele><time>2026-03-28T11:03:45.000Z</time></trkpt>
      <trkpt lat="53.454525" lon="-1.859905"><ele>598.0</ele><time>2026-03-28T11:03:46.000Z</time></trkpt>
      <trkpt lat="53.454525" lon="-1.859904"><ele>598.2</ele><time>2026-03-28T11:03:47.000Z</time></trkpt>
      <trkpt lat="53.454530" lon="-1.859902"><ele>598.0</ele><time>2026-03-28T11:03:48.000Z</time></trkpt>
      <trkpt lat="53.454530" lon="-1.859899"><ele>597.8</ele><time>2026-03-28T11:03:49.000Z</time></trkpt>
      <trkpt lat="53.454530" lon="-1.859900"><ele>597.6</ele><time>2026-03-28T11:03:50.000Z</time></trkpt>
      <trkpt lat="53.454533" lon="-1.859899"><ele>597.4</ele><time>2026-03-28T11:03:51.000Z</time></trkpt>
      <trkpt lat="53.454536" lon="-1.859886"><ele>596.8</ele><time>2026-03-28T11:03:52.000Z</time></trkpt>
      <trkpt lat="53.454540" lon="-1.859872"><ele>596.4</ele><time>2026-03-28T11:03:53.000Z</time></trkpt>
      <trkpt lat="53.454550" lon="-1.859858"><ele>597.4</ele><time>2026-03-28T11:03:54.000Z</time></trkpt>
      <trkpt lat="53.454548" lon="-1.859856"><ele>597.4</ele><time>2026-03-28T11:03:55.000Z</time></trkpt>
      <trkpt lat="53.454550" lon="-1.859850"><ele>597.2</ele><time>2026-03-28T11:03:56.000Z</time></trkpt>
      <trkpt lat="53.454556" lon="-1.859838"><ele>597.2</ele><time>2026-03-28T11:03:57.000Z</time></trkpt>
      <trkpt lat="53.454556" lon="-1.859845"><ele>595.6</ele><time>2026-03-28T11:03:58.000Z</time></trkpt>
      <trkpt lat="53.454570" lon="-1.859844"><ele>596.2</ele><time>2026-03-28T11:03:59.000Z</time></trkpt>
      <trkpt lat="53.454586" lon="-1.859839"><ele>597.4</ele><time>2026-03-28T11:04:00.000Z</time></trkpt>
      <trkpt lat="53.454582" lon="-1.859834"><ele>597.8</ele><time>2026-03-28T11:04:01.000Z</time></trkpt>
      <trkpt lat="53.454580" lon="-1.859838"><ele>597.4</ele><time>2026-03-28T11:04:02.000Z</time></trkpt>
      <trkpt lat="53.454580" lon="-1.859837"><ele>597.4</ele><time>2026-03-28T11:04:03.000Z</time></trkpt>
      <trkpt lat="53.454582" lon="-1.859834"><ele>597.6</ele><time>2026-03-28T11:04:04.000Z</time></trkpt>
      <trkpt lat="53.454580" lon="-1.859832"><ele>597.4</ele><time>2026-03-28T11:04:05.000Z</time></trkpt>
      <trkpt lat="53.454580" lon="-1.859830"><ele>597.6</ele><time>2026-03-28T11:04:06.000Z</time></trkpt>
      <trkpt lat="53.454580" lon="-1.859828"><ele>597.4</ele><time>2026-03-28T11:04:07.000Z</time></trkpt>
      <trkpt lat="53.454580" lon="-1.859835"><ele>597.2</ele><time>2026-03-28T11:04:08.000Z</time></trkpt>
      <trkpt lat="53.454580" lon="-1.859839"><ele>597.0</ele><time>2026-03-28T11:04:09.000Z</time></trkpt>
      <trkpt lat="53.454580" lon="-1.859835"><ele>596.8</ele><time>2026-03-28T11:04:10.000Z</time></trkpt>
      <trkpt lat="53.454580" lon="-1.859835"><ele>597.0</ele><time>2026-03-28T11:04:11.000Z</time></trkpt>
      <trkpt lat="53.454580" lon="-1.859835"><ele>596.8</ele><time>2026-03-28T11:04:12.000Z</time></trkpt>
      <trkpt lat="53.454586" lon="-1.859822"><ele>597.0</ele><time>2026-03-28T11:04:13.000Z</time></trkpt>
      <trkpt lat="53.454586" lon="-1.859817"><ele>596.8</ele><time>2026-03-28T11:04:14.000Z</time></trkpt>
      <trkpt lat="53.454580" lon="-1.859822"><ele>595.6</ele><time>2026-03-28T11:04:15.000Z</time></trkpt>
      <trkpt lat="53.454575" lon="-1.859780"><ele>595.2</ele><time>2026-03-28T11:04:16.000Z</time></trkpt>
      <trkpt lat="53.454580" lon="-1.859762"><ele>595.8</ele><time>2026-03-28T11:04:17.000Z</time></trkpt>
      <trkpt lat="53.454586" lon="-1.859754"><ele>595.8</ele><time>2026-03-28T11:04:18.000Z</time></trkpt>
      <trkpt lat="53.454600" lon="-1.859741"><ele>596.0</ele><time>2026-03-28T11:04:19.000Z</time></trkpt>
      <trkpt lat="53.454610" lon="-1.859733"><ele>596.2</ele><time>2026-03-28T11:04:20.000Z</time></trkpt>
      <trkpt lat="53.454613" lon="-1.859720"><ele>596.0</ele><time>2026-03-28T11:04:21.000Z</time></trkpt>
      <trkpt lat="53.454620" lon="-1.859709"><ele>596.6</ele><time>2026-03-28T11:04:22.000Z</time></trkpt>
      <trkpt lat="53.454624" lon="-1.859705"><ele>597.6</ele><time>2026-03-28T11:04:23.000Z</time></trkpt>
      <trkpt lat="53.454630" lon="-1.859698"><ele>597.4</ele><time>2026-03-28T11:04:24.000Z</time></trkpt>
      <trkpt lat="53.454640" lon="-1.859686"><ele>597.0</ele><time>2026-03-28T11:04:25.000Z</time></trkpt>
      <trkpt lat="53.454640" lon="-1.859691"><ele>596.2</ele><time>2026-03-28T11:04:26.000Z</time></trkpt>
      <trkpt lat="53.454650" lon="-1.859683"><ele>596.6</ele><time>2026-03-28T11:04:27.000Z</time></trkpt>
      <trkpt lat="53.454655" lon="-1.859675"><ele>596.6</ele><time>2026-03-28T11:04:28.000Z</time></trkpt>
      <trkpt lat="53.454655" lon="-1.859667"><ele>596.0</ele><time>2026-03-28T11:04:29.000Z</time></trkpt>
      <trkpt lat="53.454662" lon="-1.859656"><ele>596.8</ele><time>2026-03-28T11:04:30.000Z</time></trkpt>
      <trkpt lat="53.454655" lon="-1.859650"><ele>596.6</ele><time>2026-03-28T11:04:31.000Z</time></trkpt>
      <trkpt lat="53.454655" lon="-1.859653"><ele>596.6</ele><time>2026-03-28T11:04:32.000Z</time></trkpt>
      <trkpt lat="53.454660" lon="-1.859652"><ele>596.8</ele><time>2026-03-28T11:04:33.000Z</time></trkpt>
      <trkpt lat="53.454660" lon="-1.859640"><ele>596.8</ele><time>2026-03-28T11:04:34.000Z</time></trkpt>
      <trkpt lat="53.454662" lon="-1.859630"><ele>597.0</ele><time>2026-03-28T11:04:35.000Z</time></trkpt>
      <trkpt lat="53.454670" lon="-1.859632"><ele>596.8</ele><time>2026-03-28T11:04:36.000Z</time></trkpt>
      <trkpt lat="53.454670" lon="-1.859641"><ele>596.6</ele><time>2026-03-28T11:04:37.000Z</time></trkpt>
      <trkpt lat="53.454680" lon="-1.859636"><ele>596.8</ele><time>2026-03-28T11:04:38.000Z</time></trkpt>
      <trkpt lat="53.454690" lon="-1.859637"><ele>597.4</ele><time>2026-03-28T11:04:39.000Z</time></trkpt>
      <trkpt lat="53.454697" lon="-1.859634"><ele>597.8</ele><time>2026-03-28T11:04:40.000Z</time></trkpt>
      <trkpt lat="53.454697" lon="-1.859645"><ele>597.2</ele><time>2026-03-28T11:04:41.000Z</time></trkpt>
      <trkpt lat="53.454704" lon="-1.859655"><ele>597.0</ele><time>2026-03-28T11:04:42.000Z</time></trkpt>
      <trkpt lat="53.454712" lon="-1.859656"><ele>596.8</ele><time>2026-03-28T11:04:43.000Z</time></trkpt>
      <trkpt lat="53.454720" lon="-1.859654"><ele>597.0</ele><time>2026-03-28T11:04:44.000Z</time></trkpt>
      <trkpt lat="53.454723" lon="-1.859653"><ele>597.8</ele><time>2026-03-28T11:04:45.000Z</time></trkpt>
      <trkpt lat="53.454727" lon="-1.859662"><ele>598.4</ele><time>2026-03-28T11:04:46.000Z</time></trkpt>
      <trkpt lat="53.454735" lon="-1.859677"><ele>598.6</ele><time>2026-03-28T11:04:47.000Z</time></trkpt>
      <trkpt lat="53.454740" lon="-1.859684"><ele>598.6</ele><time>2026-03-28T11:04:48.000Z</time></trkpt>
      <trkpt lat="53.454746" lon="-1.859698"><ele>598.6</ele><time>2026-03-28T11:04:49.000Z</time></trkpt>
      <trkpt lat="53.454758" lon="-1.859711"><ele>598.0</ele><time>2026-03-28T11:04:50.000Z</time></trkpt>
      <trkpt lat="53.454765" lon="-1.859713"><ele>597.6</ele><time>2026-03-28T11:04:51.000Z</time></trkpt>
      <trkpt lat="53.454780" lon="-1.859723"><ele>597.8</ele><time>2026-03-28T11:04:52.000Z</time></trkpt>
      <trkpt lat="53.454790" lon="-1.859733"><ele>598.6</ele><time>2026-03-28T11:04:53.000Z</time></trkpt>
      <trkpt lat="53.454792" lon="-1.859747"><ele>599.8</ele><time>2026-03-28T11:04:54.000Z</time></trkpt>
      <trkpt lat="53.454790" lon="-1.859764"><ele>599.8</ele><time>2026-03-28T11:04:55.000Z</time></trkpt>
      <trkpt lat="53.454796" lon="-1.859773"><ele>598.8</ele><time>2026-03-28T11:04:56.000Z</time></trkpt>
      <trkpt lat="53.454800" lon="-1.859783"><ele>599.2</ele><time>2026-03-28T11:04:57.000Z</time></trkpt>
      <trkpt lat="53.454810" lon="-1.859793"><ele>598.6</ele><time>2026-03-28T11:04:58.000Z</time></trkpt>
      <trkpt lat="53.454815" lon="-1.859804"><ele>598.8</ele><time>2026-03-28T11:04:59.000Z</time></trkpt>
      <trkpt lat="53.454820" lon="-1.859807"><ele>599.2</ele><time>2026-03-28T11:05:00.000Z</time></trkpt>
      <trkpt lat="53.454823" lon="-1.859812"><ele>598.6</ele><time>2026-03-28T11:05:01.000Z</time></trkpt>
      <trkpt lat="53.454830" lon="-1.859815"><ele>598.4</ele><time>2026-03-28T11:05:02.000Z</time></trkpt>
      <trkpt lat="53.454845" lon="-1.859836"><ele>599.4</ele><time>2026-03-28T11:05:03.000Z</time></trkpt>
      <trkpt lat="53.454850" lon="-1.859838"><ele>598.8</ele><time>2026-03-28T11:05:04.000Z</time></trkpt>
      <trkpt lat="53.454853" lon="-1.859826"><ele>599.0</ele><time>2026-03-28T11:05:05.000Z</time></trkpt>
      <trkpt lat="53.454853" lon="-1.859823"><ele>598.8</ele><time>2026-03-28T11:05:06.000Z</time></trkpt>
      <trkpt lat="53.454860" lon="-1.859824"><ele>598.6</ele><time>2026-03-28T11:05:07.000Z</time></trkpt>
      <trkpt lat="53.454870" lon="-1.859817"><ele>598.0</ele><time>2026-03-28T11:05:08.000Z</time></trkpt>
      <trkpt lat="53.454880" lon="-1.859805"><ele>597.8</ele><time>2026-03-28T11:05:09.000Z</time></trkpt>
      <trkpt lat="53.454884" lon="-1.859800"><ele>598.2</ele><time>2026-03-28T11:05:10.000Z</time></trkpt>
      <trkpt lat="53.454887" lon="-1.859795"><ele>598.2</ele><time>2026-03-28T11:05:11.000Z</time></trkpt>
      <trkpt lat="53.454900" lon="-1.859784"><ele>598.8</ele><time>2026-03-28T11:05:12.000Z</time></trkpt>
      <trkpt lat="53.454910" lon="-1.859773"><ele>598.8</ele><time>2026-03-28T11:05:13.000Z</time></trkpt>
      <trkpt lat="53.454920" lon="-1.859754"><ele>599.0</ele><time>2026-03-28T11:05:14.000Z</time></trkpt>
      <trkpt lat="53.454926" lon="-1.859748"><ele>598.8</ele><time>2026-03-28T11:05:15.000Z</time></trkpt>
      <trkpt lat="53.454930" lon="-1.859754"><ele>599.0</ele><time>2026-03-28T11:05:16.000Z</time></trkpt>
      <trkpt lat="53.454940" lon="-1.859753"><ele>599.4</ele><time>2026-03-28T11:05:17.000Z</time></trkpt>
      <trkpt lat="53.454950" lon="-1.859751"><ele>599.0</ele><time>2026-03-28T11:05:18.000Z</time></trkpt>
      <trkpt lat="53.454952" lon="-1.859743"><ele>599.0</ele><time>2026-03-28T11:05:19.000Z</time></trkpt>
      <trkpt lat="53.454964" lon="-1.859745"><ele>599.0</ele><time>2026-03-28T11:05:20.000Z</time></trkpt>
      <trkpt lat="53.454975" lon="-1.859744"><ele>598.8</ele><time>2026-03-28T11:05:21.000Z</time></trkpt>
      <trkpt lat="53.454987" lon="-1.859736"><ele>598.8</ele><time>2026-03-28T11:05:22.000Z</time></trkpt>
      <trkpt lat="53.454994" lon="-1.859724"><ele>598.0</ele><time>2026-03-28T11:05:23.000Z</time></trkpt>
      <trkpt lat="53.454998" lon="-1.859713"><ele>597.6</ele><time>2026-03-28T11:05:24.000Z</time></trkpt>
      <trkpt lat="53.455000" lon="-1.859713"><ele>598.0</ele><time>2026-03-28T11:05:25.000Z</time></trkpt>
      <trkpt lat="53.455013" lon="-1.859709"><ele>598.2</ele><time>2026-03-28T11:05:26.000Z</time></trkpt>
      <trkpt lat="53.455017" lon="-1.859705"><ele>597.8</ele><time>2026-03-28T11:05:27.000Z</time></trkpt>
      <trkpt lat="53.455030" lon="-1.859697"><ele>597.4</ele><time>2026-03-28T11:05:28.000Z</time></trkpt>
      <trkpt lat="53.455036" lon="-1.859690"><ele>598.0</ele><time>2026-03-28T11:05:29.000Z</time></trkpt>
      <trkpt lat="53.455044" lon="-1.859695"><ele>598.2</ele><time>2026-03-28T11:05:30.000Z</time></trkpt>
      <trkpt lat="53.455048" lon="-1.859699"><ele>597.6</ele><time>2026-03-28T11:05:31.000Z</time></trkpt>
      <trkpt lat="53.455060" lon="-1.859699"><ele>597.8</ele><time>2026-03-28T11:05:32.000Z</time></trkpt>
      <trkpt lat="53.455067" lon="-1.859697"><ele>597.6</ele><time>2026-03-28T11:05:33.000Z</time></trkpt>
      <trkpt lat="53.455070" lon="-1.859699"><ele>597.8</ele><time>2026-03-28T11:05:34.000Z</time></trkpt>
      <trkpt lat="53.455082" lon="-1.859700"><ele>597.8</ele><time>2026-03-28T11:05:35.000Z</time></trkpt>
      <trkpt lat="53.455097" lon="-1.859689"><ele>597.2</ele><time>2026-03-28T11:05:36.000Z</time></trkpt>
      <trkpt lat="53.455105" lon="-1.859678"><ele>598.6</ele><time>2026-03-28T11:05:37.000Z</time></trkpt>
      <trkpt lat="53.455105" lon="-1.859679"><ele>598.8</ele><time>2026-03-28T11:05:38.000Z</time></trkpt>
      <trkpt lat="53.455110" lon="-1.859685"><ele>598.6</ele><time>2026-03-28T11:05:39.000Z</time></trkpt>
      <trkpt lat="53.455120" lon="-1.859696"><ele>598.8</ele><time>2026-03-28T11:05:40.000Z</time></trkpt>
      <trkpt lat="53.455128" lon="-1.859711"><ele>599.0</ele><time>2026-03-28T11:05:41.000Z</time></trkpt>
      <trkpt lat="53.455140" lon="-1.859702"><ele>599.2</ele><time>2026-03-28T11:05:42.000Z</time></trkpt>
      <trkpt lat="53.455143" lon="-1.859680"><ele>599.6</ele><time>2026-03-28T11:05:43.000Z</time></trkpt>
      <trkpt lat="53.455150" lon="-1.859659"><ele>599.2</ele><time>2026-03-28T11:05:44.000Z</time></trkpt>
      <trkpt lat="53.455154" lon="-1.859642"><ele>599.2</ele><time>2026-03-28T11:05:45.000Z</time></trkpt>
      <trkpt lat="53.455160" lon="-1.859627"><ele>599.2</ele><time>2026-03-28T11:05:46.000Z</time></trkpt>
      <trkpt lat="53.455166" lon="-1.859621"><ele>599.2</ele><time>2026-03-28T11:05:47.000Z</time></trkpt>
      <trkpt lat="53.455173" lon="-1.859625"><ele>599.6</ele><time>2026-03-28T11:05:48.000Z</time></trkpt>
      <trkpt lat="53.455185" lon="-1.859629"><ele>599.8</ele><time>2026-03-28T11:05:49.000Z</time></trkpt>
      <trkpt lat="53.455196" lon="-1.859630"><ele>599.4</ele><time>2026-03-28T11:05:50.000Z</time></trkpt>
      <trkpt lat="53.455208" lon="-1.859629"><ele>599.4</ele><time>2026-03-28T11:05:51.000Z</time></trkpt>
      <trkpt lat="53.455223" lon="-1.859626"><ele>599.4</ele><time>2026-03-28T11:05:52.000Z</time></trkpt>
      <trkpt lat="53.455230" lon="-1.859625"><ele>599.4</ele><time>2026-03-28T11:05:53.000Z</time></trkpt>
      <trkpt lat="53.455240" lon="-1.859623"><ele>600.4</ele><time>2026-03-28T11:05:54.000Z</time></trkpt>
      <trkpt lat="53.455250" lon="-1.859622"><ele>600.0</ele><time>2026-03-28T11:05:55.000Z</time></trkpt>
      <trkpt lat="53.455257" lon="-1.859622"><ele>599.2</ele><time>2026-03-28T11:05:56.000Z</time></trkpt>
      <trkpt lat="53.455270" lon="-1.859619"><ele>599.4</ele><time>2026-03-28T11:05:57.000Z</time></trkpt>
      <trkpt lat="53.455273" lon="-1.859613"><ele>599.6</ele><time>2026-03-28T11:05:58.000Z</time></trkpt>
      <trkpt lat="53.455288" lon="-1.859612"><ele>600.0</ele><time>2026-03-28T11:05:59.000Z</time></trkpt>
      <trkpt lat="53.455296" lon="-1.859614"><ele>599.8</ele><time>2026-03-28T11:06:00.000Z</time></trkpt>
      <trkpt lat="53.455290" lon="-1.859617"><ele>599.8</ele><time>2026-03-28T11:06:01.000Z</time></trkpt>
      <trkpt lat="53.455288" lon="-1.859614"><ele>599.4</ele><time>2026-03-28T11:06:02.000Z</time></trkpt>
      <trkpt lat="53.455296" lon="-1.859616"><ele>599.8</ele><time>2026-03-28T11:06:03.000Z</time></trkpt>
      <trkpt lat="53.455310" lon="-1.859613"><ele>599.8</ele><time>2026-03-28T11:06:04.000Z</time></trkpt>
      <trkpt lat="53.455326" lon="-1.859612"><ele>600.2</ele><time>2026-03-28T11:06:05.000Z</time></trkpt>
      <trkpt lat="53.455334" lon="-1.859613"><ele>600.4</ele><time>2026-03-28T11:06:06.000Z</time></trkpt>
      <trkpt lat="53.455334" lon="-1.859616"><ele>600.0</ele><time>2026-03-28T11:06:07.000Z</time></trkpt>
      <trkpt lat="53.455330" lon="-1.859615"><ele>600.0</ele><time>2026-03-28T11:06:08.000Z</time></trkpt>
      <trkpt lat="53.455330" lon="-1.859614"><ele>600.0</ele><time>2026-03-28T11:06:09.000Z</time></trkpt>
      <trkpt lat="53.455326" lon="-1.859613"><ele>600.0</ele><time>2026-03-28T11:06:10.000Z</time></trkpt>
      <trkpt lat="53.455330" lon="-1.859614"><ele>600.0</ele><time>2026-03-28T11:06:11.000Z</time></trkpt>
      <trkpt lat="53.455330" lon="-1.859614"><ele>599.8</ele><time>2026-03-28T11:06:12.000Z</time></trkpt>
      <trkpt lat="53.455338" lon="-1.859611"><ele>600.0</ele><time>2026-03-28T11:06:13.000Z</time></trkpt>
      <trkpt lat="53.455345" lon="-1.859613"><ele>600.0</ele><time>2026-03-28T11:06:14.000Z</time></trkpt>
      <trkpt lat="53.455345" lon="-1.859613"><ele>599.8</ele><time>2026-03-28T11:06:15.000Z</time></trkpt>
      <trkpt lat="53.455350" lon="-1.859618"><ele>599.8</ele><time>2026-03-28T11:06:16.000Z</time></trkpt>
      <trkpt lat="53.455357" lon="-1.859625"><ele>599.8</ele><time>2026-03-28T11:06:17.000Z</time></trkpt>
      <trkpt lat="53.455364" lon="-1.859628"><ele>599.6</ele><time>2026-03-28T11:06:18.000Z</time></trkpt>
      <trkpt lat="53.455364" lon="-1.859626"><ele>600.2</ele><time>2026-03-28T11:06:19.000Z</time></trkpt>
      <trkpt lat="53.455368" lon="-1.859627"><ele>600.8</ele><time>2026-03-28T11:06:20.000Z</time></trkpt>
      <trkpt lat="53.455370" lon="-1.859629"><ele>601.0</ele><time>2026-03-28T11:06:21.000Z</time></trkpt>
      <trkpt lat="53.455370" lon="-1.859629"><ele>600.6</ele><time>2026-03-28T11:06:22.000Z</time></trkpt>
      <trkpt lat="53.455370" lon="-1.859631"><ele>600.4</ele><time>2026-03-28T11:06:23.000Z</time></trkpt>
      <trkpt lat="53.455376" lon="-1.859630"><ele>600.6</ele><time>2026-03-28T11:06:24.000Z</time></trkpt>
      <trkpt lat="53.455376" lon="-1.859631"><ele>600.4</ele><time>2026-03-28T11:06:25.000Z</time></trkpt>
      <trkpt lat="53.455376" lon="-1.859631"><ele>600.4</ele><time>2026-03-28T11:06:26.000Z</time></trkpt>
      <trkpt lat="53.455380" lon="-1.859633"><ele>600.4</ele><time>2026-03-28T11:06:27.000Z</time></trkpt>
      <trkpt lat="53.455383" lon="-1.859640"><ele>600.4</ele><time>2026-03-28T11:06:28.000Z</time></trkpt>
      <trkpt lat="53.455383" lon="-1.859640"><ele>600.4</ele><time>2026-03-28T11:06:29.000Z</time></trkpt>
      <trkpt lat="53.455387" lon="-1.859641"><ele>600.6</ele><time>2026-03-28T11:06:30.000Z</time></trkpt>
      <trkpt lat="53.455387" lon="-1.859638"><ele>600.2</ele><time>2026-03-28T11:06:31.000Z</time></trkpt>
      <trkpt lat="53.455383" lon="-1.859640"><ele>600.2</ele><time>2026-03-28T11:06:32.000Z</time></trkpt>
      <trkpt lat="53.455387" lon="-1.859647"><ele>600.8</ele><time>2026-03-28T11:06:33.000Z</time></trkpt>
      <trkpt lat="53.455383" lon="-1.859651"><ele>600.8</ele><time>2026-03-28T11:06:34.000Z</time></trkpt>
      <trkpt lat="53.455390" lon="-1.859656"><ele>600.8</ele><time>2026-03-28T11:06:35.000Z</time></trkpt>
      <trkpt lat="53.455395" lon="-1.859658"><ele>600.8</ele><time>2026-03-28T11:06:36.000Z</time></trkpt>
      <trkpt lat="53.455395" lon="-1.859655"><ele>600.4</ele><time>2026-03-28T11:06:37.000Z</time></trkpt>
      <trkpt lat="53.455395" lon="-1.859660"><ele>600.8</ele><time>2026-03-28T11:06:38.000Z</time></trkpt>
      <trkpt lat="53.455390" lon="-1.859661"><ele>601.0</ele><time>2026-03-28T11:06:39.000Z</time></trkpt>
      <trkpt lat="53.455390" lon="-1.859664"><ele>601.0</ele><time>2026-03-28T11:06:40.000Z</time></trkpt>
      <trkpt lat="53.455395" lon="-1.859671"><ele>601.0</ele><time>2026-03-28T11:06:41.000Z</time></trkpt>
      <trkpt lat="53.455395" lon="-1.859673"><ele>601.0</ele><time>2026-03-28T11:06:42.000Z</time></trkpt>
      <trkpt lat="53.455395" lon="-1.859672"><ele>601.0</ele><time>2026-03-28T11:06:43.000Z</time></trkpt>
      <trkpt lat="53.455395" lon="-1.859672"><ele>600.8</ele><time>2026-03-28T11:06:44.000Z</time></trkpt>
      <trkpt lat="53.455400" lon="-1.859673"><ele>600.4</ele><time>2026-03-28T11:06:45.000Z</time></trkpt>
      <trkpt lat="53.455410" lon="-1.859687"><ele>601.4</ele><time>2026-03-28T11:06:46.000Z</time></trkpt>
      <trkpt lat="53.455418" lon="-1.859692"><ele>601.8</ele><time>2026-03-28T11:06:47.000Z</time></trkpt>
      <trkpt lat="53.455414" lon="-1.859685"><ele>601.0</ele><time>2026-03-28T11:06:48.000Z</time></trkpt>
      <trkpt lat="53.455418" lon="-1.859688"><ele>600.8</ele><time>2026-03-28T11:06:49.000Z</time></trkpt>
      <trkpt lat="53.455420" lon="-1.859719"><ele>600.4</ele><time>2026-03-28T11:06:50.000Z</time></trkpt>
      <trkpt lat="53.455420" lon="-1.859740"><ele>601.2</ele><time>2026-03-28T11:06:51.000Z</time></trkpt>
      <trkpt lat="53.455437" lon="-1.859717"><ele>601.6</ele><time>2026-03-28T11:06:52.000Z</time></trkpt>
      <trkpt lat="53.455437" lon="-1.859715"><ele>601.2</ele><time>2026-03-28T11:06:53.000Z</time></trkpt>
      <trkpt lat="53.455433" lon="-1.859716"><ele>601.2</ele><time>2026-03-28T11:06:54.000Z</time></trkpt>
      <trkpt lat="53.455433" lon="-1.859716"><ele>601.4</ele><time>2026-03-28T11:06:55.000Z</time></trkpt>
      <trkpt lat="53.455433" lon="-1.859714"><ele>601.2</ele><time>2026-03-28T11:06:56.000Z</time></trkpt>
      <trkpt lat="53.455433" lon="-1.859713"><ele>601.4</ele><time>2026-03-28T11:06:57.000Z</time></trkpt>
      <trkpt lat="53.455433" lon="-1.859712"><ele>601.4</ele><time>2026-03-28T11:06:58.000Z</time></trkpt>
      <trkpt lat="53.455430" lon="-1.859712"><ele>601.0</ele><time>2026-03-28T11:06:59.000Z</time></trkpt>
      <trkpt lat="53.455430" lon="-1.859710"><ele>601.0</ele><time>2026-03-28T11:07:00.000Z</time></trkpt>
      <trkpt lat="53.455430" lon="-1.859710"><ele>601.0</ele><time>2026-03-28T11:07:01.000Z</time></trkpt>
      <trkpt lat="53.455430" lon="-1.859710"><ele>601.0</ele><time>2026-03-28T11:07:02.000Z</time></trkpt>
      <trkpt lat="53.455430" lon="-1.859710"><ele>601.0</ele><time>2026-03-28T11:07:03.000Z</time></trkpt>
      <trkpt lat="53.455430" lon="-1.859710"><ele>601.0</ele><time>2026-03-28T11:07:04.000Z</time></trkpt>
      <trkpt lat="53.455437" lon="-1.859711"><ele>600.6</ele><time>2026-03-28T11:07:05.000Z</time></trkpt>
      <trkpt lat="53.455444" lon="-1.859710"><ele>600.8</ele><time>2026-03-28T11:07:06.000Z</time></trkpt>
      <trkpt lat="53.455440" lon="-1.859708"><ele>600.6</ele><time>2026-03-28T11:07:07.000Z</time></trkpt>
      <trkpt lat="53.455440" lon="-1.859708"><ele>600.4</ele><time>2026-03-28T11:07:08.000Z</time></trkpt>
      <trkpt lat="53.455440" lon="-1.859706"><ele>600.4</ele><time>2026-03-28T11:07:09.000Z</time></trkpt>
      <trkpt lat="53.455444" lon="-1.859700"><ele>600.6</ele><time>2026-03-28T11:07:10.000Z</time></trkpt>
      <trkpt lat="53.455450" lon="-1.859687"><ele>600.6</ele><time>2026-03-28T11:07:11.000Z</time></trkpt>
      <trkpt lat="53.455452" lon="-1.859687"><ele>600.8</ele><time>2026-03-28T11:07:12.000Z</time></trkpt>
      <trkpt lat="53.455450" lon="-1.859690"><ele>601.2</ele><time>2026-03-28T11:07:13.000Z</time></trkpt>
      <trkpt lat="53.455450" lon="-1.859689"><ele>601.2</ele><time>2026-03-28T11:07:14.000Z</time></trkpt>
      <trkpt lat="53.455444" lon="-1.859686"><ele>601.0</ele><time>2026-03-28T11:07:15.000Z</time></trkpt>
      <trkpt lat="53.455450" lon="-1.859686"><ele>601.0</ele><time>2026-03-28T11:07:16.000Z</time></trkpt>
      <trkpt lat="53.455444" lon="-1.859687"><ele>601.0</ele><time>2026-03-28T11:07:17.000Z</time></trkpt>
      <trkpt lat="53.455444" lon="-1.859688"><ele>601.2</ele><time>2026-03-28T11:07:18.000Z</time></trkpt>
      <trkpt lat="53.455444" lon="-1.859687"><ele>601.0</ele><time>2026-03-28T11:07:19.000Z</time></trkpt>
      <trkpt lat="53.455444" lon="-1.859687"><ele>601.2</ele><time>2026-03-28T11:07:20.000Z</time></trkpt>
      <trkpt lat="53.455444" lon="-1.859688"><ele>601.2</ele><time>2026-03-28T11:07:21.000Z</time></trkpt>
      <trkpt lat="53.455444" lon="-1.859688"><ele>601.2</ele><time>2026-03-28T11:07:22.000Z</time></trkpt>
      <trkpt lat="53.455444" lon="-1.859688"><ele>601.0</ele><time>2026-03-28T11:07:23.000Z</time></trkpt>
      <trkpt lat="53.455450" lon="-1.859688"><ele>601.0</ele><time>2026-03-28T11:07:24.000Z</time></trkpt>
      <trkpt lat="53.455456" lon="-1.859696"><ele>600.8</ele><time>2026-03-28T11:07:25.000Z</time></trkpt>
      <trkpt lat="53.455470" lon="-1.859713"><ele>600.6</ele><time>2026-03-28T11:07:26.000Z</time></trkpt>
      <trkpt lat="53.455475" lon="-1.859724"><ele>600.4</ele><time>2026-03-28T11:07:27.000Z</time></trkpt>
      <trkpt lat="53.455482" lon="-1.859732"><ele>601.4</ele><time>2026-03-28T11:07:28.000Z</time></trkpt>
      <trkpt lat="53.455498" lon="-1.859742"><ele>601.0</ele><time>2026-03-28T11:07:29.000Z</time></trkpt>
      <trkpt lat="53.455505" lon="-1.859745"><ele>600.8</ele><time>2026-03-28T11:07:30.000Z</time></trkpt>
      <trkpt lat="53.455510" lon="-1.859750"><ele>600.8</ele><time>2026-03-28T11:07:31.000Z</time></trkpt>
      <trkpt lat="53.455505" lon="-1.859746"><ele>600.8</ele><time>2026-03-28T11:07:32.000Z</time></trkpt>
      <trkpt lat="53.455505" lon="-1.859749"><ele>601.2</ele><time>2026-03-28T11:07:33.000Z</time></trkpt>
      <trkpt lat="53.455505" lon="-1.859748"><ele>601.2</ele><time>2026-03-28T11:07:34.000Z</time></trkpt>
      <trkpt lat="53.455510" lon="-1.859753"><ele>600.8</ele><time>2026-03-28T11:07:35.000Z</time></trkpt>
      <trkpt lat="53.455517" lon="-1.859766"><ele>600.4</ele><time>2026-03-28T11:07:36.000Z</time></trkpt>
      <trkpt lat="53.455517" lon="-1.859784"><ele>600.6</ele><time>2026-03-28T11:07:37.000Z</time></trkpt>
      <trkpt lat="53.455520" lon="-1.859793"><ele>601.4</ele><time>2026-03-28T11:07:38.000Z</time></trkpt>
      <trkpt lat="53.455530" lon="-1.859815"><ele>601.4</ele><time>2026-03-28T11:07:39.000Z</time></trkpt>
      <trkpt lat="53.455530" lon="-1.859825"><ele>601.4</ele><time>2026-03-28T11:07:40.000Z</time></trkpt>
      <trkpt lat="53.455532" lon="-1.859843"><ele>601.2</ele><time>2026-03-28T11:07:41.000Z</time></trkpt>
      <trkpt lat="53.455536" lon="-1.859851"><ele>601.2</ele><time>2026-03-28T11:07:42.000Z</time></trkpt>
      <trkpt lat="53.455544" lon="-1.859866"><ele>601.4</ele><time>2026-03-28T11:07:43.000Z</time></trkpt>
      <trkpt lat="53.455547" lon="-1.859861"><ele>601.0</ele><time>2026-03-28T11:07:44.000Z</time></trkpt>
      <trkpt lat="53.455547" lon="-1.859854"><ele>600.8</ele><time>2026-03-28T11:07:45.000Z</time></trkpt>
      <trkpt lat="53.455547" lon="-1.859860"><ele>600.6</ele><time>2026-03-28T11:07:46.000Z</time></trkpt>
      <trkpt lat="53.455560" lon="-1.859859"><ele>600.2</ele><time>2026-03-28T11:07:47.000Z</time></trkpt>
      <trkpt lat="53.455566" lon="-1.859844"><ele>600.4</ele><time>2026-03-28T11:07:48.000Z</time></trkpt>
      <trkpt lat="53.455578" lon="-1.859844"><ele>600.8</ele><time>2026-03-28T11:07:49.000Z</time></trkpt>
      <trkpt lat="53.455585" lon="-1.859850"><ele>601.6</ele><time>2026-03-28T11:07:50.000Z</time></trkpt>
      <trkpt lat="53.455597" lon="-1.859853"><ele>602.0</ele><time>2026-03-28T11:07:51.000Z</time></trkpt>
      <trkpt lat="53.455610" lon="-1.859871"><ele>602.6</ele><time>2026-03-28T11:07:52.000Z</time></trkpt>
      <trkpt lat="53.455605" lon="-1.859885"><ele>602.0</ele><time>2026-03-28T11:07:53.000Z</time></trkpt>
      <trkpt lat="53.455612" lon="-1.859890"><ele>602.6</ele><time>2026-03-28T11:07:54.000Z</time></trkpt>
      <trkpt lat="53.455616" lon="-1.859912"><ele>601.8</ele><time>2026-03-28T11:07:55.000Z</time></trkpt>
      <trkpt lat="53.455616" lon="-1.859927"><ele>601.8</ele><time>2026-03-28T11:07:56.000Z</time></trkpt>
      <trkpt lat="53.455616" lon="-1.859934"><ele>601.6</ele><time>2026-03-28T11:07:57.000Z</time></trkpt>
      <trkpt lat="53.455620" lon="-1.859943"><ele>601.6</ele><time>2026-03-28T11:07:58.000Z</time></trkpt>
      <trkpt lat="53.455630" lon="-1.859949"><ele>602.2</ele><time>2026-03-28T11:07:59.000Z</time></trkpt>
      <trkpt lat="53.455635" lon="-1.859956"><ele>602.2</ele><time>2026-03-28T11:08:00.000Z</time></trkpt>
      <trkpt lat="53.455640" lon="-1.859965"><ele>601.8</ele><time>2026-03-28T11:08:01.000Z</time></trkpt>
      <trkpt lat="53.455640" lon="-1.859975"><ele>602.0</ele><time>2026-03-28T11:08:02.000Z</time></trkpt>
      <trkpt lat="53.455635" lon="-1.859996"><ele>602.6</ele><time>2026-03-28T11:08:03.000Z</time></trkpt>
      <trkpt lat="53.455630" lon="-1.860015"><ele>602.6</ele><time>2026-03-28T11:08:04.000Z</time></trkpt>
      <trkpt lat="53.455630" lon="-1.860022"><ele>602.6</ele><time>2026-03-28T11:08:05.000Z</time></trkpt>
      <trkpt lat="53.455635" lon="-1.860019"><ele>602.2</ele><time>2026-03-28T11:08:06.000Z</time></trkpt>
      <trkpt lat="53.455640" lon="-1.860017"><ele>602.4</ele><time>2026-03-28T11:08:07.000Z</time></trkpt>
      <trkpt lat="53.455640" lon="-1.860024"><ele>602.6</ele><time>2026-03-28T11:08:08.000Z</time></trkpt>
      <trkpt lat="53.455640" lon="-1.860022"><ele>602.4</ele><time>2026-03-28T11:08:09.000Z</time></trkpt>
      <trkpt lat="53.455640" lon="-1.860021"><ele>602.4</ele><time>2026-03-28T11:08:10.000Z</time></trkpt>
      <trkpt lat="53.455640" lon="-1.860023"><ele>602.4</ele><time>2026-03-28T11:08:11.000Z</time></trkpt>
      <trkpt lat="53.455643" lon="-1.860023"><ele>602.4</ele><time>2026-03-28T11:08:12.000Z</time></trkpt>
      <trkpt lat="53.455640" lon="-1.860025"><ele>602.4</ele><time>2026-03-28T11:08:13.000Z</time></trkpt>
      <trkpt lat="53.455643" lon="-1.860023"><ele>602.6</ele><time>2026-03-28T11:08:14.000Z</time></trkpt>
      <trkpt lat="53.455640" lon="-1.860025"><ele>602.6</ele><time>2026-03-28T11:08:15.000Z</time></trkpt>
      <trkpt lat="53.455640" lon="-1.860024"><ele>602.6</ele><time>2026-03-28T11:08:16.000Z</time></trkpt>
      <trkpt lat="53.455640" lon="-1.860024"><ele>602.6</ele><time>2026-03-28T11:08:17.000Z</time></trkpt>
      <trkpt lat="53.455640" lon="-1.860024"><ele>602.6</ele><time>2026-03-28T11:08:18.000Z</time></trkpt>
      <trkpt lat="53.455640" lon="-1.860024"><ele>602.6</ele><time>2026-03-28T11:08:19.000Z</time></trkpt>
      <trkpt lat="53.455640" lon="-1.860024"><ele>602.6</ele><time>2026-03-28T11:08:20.000Z</time></trkpt>
      <trkpt lat="53.455640" lon="-1.860024"><ele>602.6</ele><time>2026-03-28T11:08:21.000Z</time></trkpt>
      <trkpt lat="53.455640" lon="-1.860029"><ele>603.0</ele><time>2026-03-28T11:08:22.000Z</time></trkpt>
      <trkpt lat="53.455640" lon="-1.860028"><ele>603.2</ele><time>2026-03-28T11:08:23.000Z</time></trkpt>
      <trkpt lat="53.455640" lon="-1.860028"><ele>603.2</ele><time>2026-03-28T11:08:24.000Z</time></trkpt>
      <trkpt lat="53.455640" lon="-1.860028"><ele>603.2</ele><time>2026-03-28T11:08:25.000Z</time></trkpt>
      <trkpt lat="53.455640" lon="-1.860028"><ele>603.2</ele><time>2026-03-28T11:08:26.000Z</time></trkpt>
      <trkpt lat="53.455635" lon="-1.860030"><ele>603.4</ele><time>2026-03-28T11:08:27.000Z</time></trkpt>
      <trkpt lat="53.455635" lon="-1.860030"><ele>603.4</ele><time>2026-03-28T11:08:28.000Z</time></trkpt>
      <trkpt lat="53.455635" lon="-1.860031"><ele>603.4</ele><time>2026-03-28T11:08:29.000Z</time></trkpt>
      <trkpt lat="53.455635" lon="-1.860030"><ele>603.4</ele><time>2026-03-28T11:08:30.000Z</time></trkpt>
      <trkpt lat="53.455635" lon="-1.860030"><ele>603.4</ele><time>2026-03-28T11:08:31.000Z</time></trkpt>
      <trkpt lat="53.455635" lon="-1.860030"><ele>603.4</ele><time>2026-03-28T11:08:32.000Z</time></trkpt>
      <trkpt lat="53.455635" lon="-1.860030"><ele>603.4</ele><time>2026-03-28T11:08:33.000Z</time></trkpt>
      <trkpt lat="53.455635" lon="-1.860030"><ele>603.4</ele><time>2026-03-28T11:08:34.000Z</time></trkpt>
      <trkpt lat="53.455630" lon="-1.860031"><ele>603.6</ele><time>2026-03-28T11:08:35.000Z</time></trkpt>
      <trkpt lat="53.455630" lon="-1.860030"><ele>603.6</ele><time>2026-03-28T11:08:36.000Z</time></trkpt>
      <trkpt lat="53.455630" lon="-1.860032"><ele>603.4</ele><time>2026-03-28T11:08:37.000Z</time></trkpt>
      <trkpt lat="53.455630" lon="-1.860030"><ele>603.4</ele><time>2026-03-28T11:08:38.000Z</time></trkpt>
      <trkpt lat="53.455630" lon="-1.860028"><ele>603.4</ele><time>2026-03-28T11:08:39.000Z</time></trkpt>
      <trkpt lat="53.455630" lon="-1.860030"><ele>603.2</ele><time>2026-03-28T11:08:40.000Z</time></trkpt>
      <trkpt lat="53.455630" lon="-1.860031"><ele>603.2</ele><time>2026-03-28T11:08:41.000Z</time></trkpt>
      <trkpt lat="53.455627" lon="-1.860030"><ele>603.2</ele><time>2026-03-28T11:08:42.000Z</time></trkpt>
      <trkpt lat="53.455627" lon="-1.860031"><ele>603.0</ele><time>2026-03-28T11:08:43.000Z</time></trkpt>
      <trkpt lat="53.455627" lon="-1.860030"><ele>603.0</ele><time>2026-03-28T11:08:44.000Z</time></trkpt>
      <trkpt lat="53.455627" lon="-1.860030"><ele>602.6</ele><time>2026-03-28T11:08:45.000Z</time></trkpt>
      <trkpt lat="53.455627" lon="-1.860030"><ele>602.8</ele><time>2026-03-28T11:08:46.000Z</time></trkpt>
      <trkpt lat="53.455627" lon="-1.860029"><ele>602.8</ele><time>2026-03-28T11:08:47.000Z</time></trkpt>
      <trkpt lat="53.455627" lon="-1.860030"><ele>602.8</ele><time>2026-03-28T11:08:48.000Z</time></trkpt>
      <trkpt lat="53.455627" lon="-1.860029"><ele>602.8</ele><time>2026-03-28T11:08:49.000Z</time></trkpt>
      <trkpt lat="53.455627" lon="-1.860029"><ele>602.6</ele><time>2026-03-28T11:08:50.000Z</time></trkpt>
      <trkpt lat="53.455627" lon="-1.860028"><ele>602.8</ele><time>2026-03-28T11:08:51.000Z</time></trkpt>
      <trkpt lat="53.455627" lon="-1.860028"><ele>602.8</ele><time>2026-03-28T11:08:52.000Z</time></trkpt>
      <trkpt lat="53.455627" lon="-1.860030"><ele>602.8</ele><time>2026-03-28T11:08:53.000Z</time></trkpt>
      <trkpt lat="53.455627" lon="-1.860032"><ele>602.8</ele><time>2026-03-28T11:08:54.000Z</time></trkpt>
      <trkpt lat="53.455627" lon="-1.860031"><ele>602.8</ele><time>2026-03-28T11:08:55.000Z</time></trkpt>
      <trkpt lat="53.455627" lon="-1.860031"><ele>602.8</ele><time>2026-03-28T11:08:56.000Z</time></trkpt>
      <trkpt lat="53.455624" lon="-1.860030"><ele>603.0</ele><time>2026-03-28T11:08:57.000Z</time></trkpt>
      <trkpt lat="53.455624" lon="-1.860032"><ele>603.0</ele><time>2026-03-28T11:08:58.000Z</time></trkpt>
      <trkpt lat="53.455624" lon="-1.860030"><ele>603.0</ele><time>2026-03-28T11:08:59.000Z</time></trkpt>
      <trkpt lat="53.455624" lon="-1.860030"><ele>603.0</ele><time>2026-03-28T11:09:00.000Z</time></trkpt>
      <trkpt lat="53.455627" lon="-1.860028"><ele>603.2</ele><time>2026-03-28T11:09:01.000Z</time></trkpt>
      <trkpt lat="53.455624" lon="-1.860031"><ele>603.0</ele><time>2026-03-28T11:09:02.000Z</time></trkpt>
      <trkpt lat="53.455627" lon="-1.860027"><ele>603.0</ele><time>2026-03-28T11:09:03.000Z</time></trkpt>
      <trkpt lat="53.455627" lon="-1.860028"><ele>603.0</ele><time>2026-03-28T11:09:04.000Z</time></trkpt>
      <trkpt lat="53.455627" lon="-1.860027"><ele>603.0</ele><time>2026-03-28T11:09:05.000Z</time></trkpt>
      <trkpt lat="53.455624" lon="-1.860028"><ele>603.0</ele><time>2026-03-28T11:09:06.000Z</time></trkpt>
      <trkpt lat="53.455627" lon="-1.860028"><ele>603.0</ele><time>2026-03-28T11:09:07.000Z</time></trkpt>
      <trkpt lat="53.455624" lon="-1.860026"><ele>602.8</ele><time>2026-03-28T11:09:08.000Z</time></trkpt>
      <trkpt lat="53.455627" lon="-1.860028"><ele>602.6</ele><time>2026-03-28T11:09:09.000Z</time></trkpt>
      <trkpt lat="53.455627" lon="-1.860027"><ele>602.8</ele><time>2026-03-28T11:09:10.000Z</time></trkpt>
      <trkpt lat="53.455627" lon="-1.860032"><ele>602.6</ele><time>2026-03-28T11:09:11.000Z</time></trkpt>
      <trkpt lat="53.455627" lon="-1.860030"><ele>602.6</ele><time>2026-03-28T11:09:12.000Z</time></trkpt>
      <trkpt lat="53.455627" lon="-1.860030"><ele>602.6</ele><time>2026-03-28T11:09:13.000Z</time></trkpt>
      <trkpt lat="53.455630" lon="-1.860032"><ele>602.6</ele><time>2026-03-28T11:09:14.000Z</time></trkpt>
      <trkpt lat="53.455630" lon="-1.860029"><ele>602.6</ele><time>2026-03-28T11:09:15.000Z</time></trkpt>
      <trkpt lat="53.455627" lon="-1.860030"><ele>602.6</ele><time>2026-03-28T11:09:16.000Z</time></trkpt>
      <trkpt lat="53.455627" lon="-1.860031"><ele>602.6</ele><time>2026-03-28T11:09:17.000Z</time></trkpt>
      <trkpt lat="53.455627" lon="-1.860033"><ele>602.8</ele><time>2026-03-28T11:09:18.000Z</time></trkpt>
      <trkpt lat="53.455627" lon="-1.860033"><ele>602.6</ele><time>2026-03-28T11:09:19.000Z</time></trkpt>
      <trkpt lat="53.455627" lon="-1.860034"><ele>602.6</ele><time>2026-03-28T11:09:20.000Z</time></trkpt>
      <trkpt lat="53.455627" lon="-1.860033"><ele>602.6</ele><time>2026-03-28T11:09:21.000Z</time></trkpt>
      <trkpt lat="53.455627" lon="-1.860033"><ele>602.6</ele><time>2026-03-28T11:09:22.000Z</time></trkpt>
      <trkpt lat="53.455627" lon="-1.860034"><ele>602.8</ele><time>2026-03-28T11:09:23.000Z</time></trkpt>
      <trkpt lat="53.455627" lon="-1.860033"><ele>602.8</ele><time>2026-03-28T11:09:24.000Z</time></trkpt>
      <trkpt lat="53.455627" lon="-1.860035"><ele>602.8</ele><time>2026-03-28T11:09:25.000Z</time></trkpt>
      <trkpt lat="53.455627" lon="-1.860034"><ele>602.8</ele><time>2026-03-28T11:09:26.000Z</time></trkpt>
      <trkpt lat="53.455627" lon="-1.860032"><ele>602.8</ele><time>2026-03-28T11:09:27.000Z</time></trkpt>
      <trkpt lat="53.455627" lon="-1.860035"><ele>602.8</ele><time>2026-03-28T11:09:28.000Z</time></trkpt>
      <trkpt lat="53.455627" lon="-1.860031"><ele>602.6</ele><time>2026-03-28T11:09:29.000Z</time></trkpt>
      <trkpt lat="53.455627" lon="-1.860032"><ele>602.6</ele><time>2026-03-28T11:09:30.000Z</time></trkpt>
      <trkpt lat="53.455627" lon="-1.860032"><ele>602.6</ele><time>2026-03-28T11:09:31.000Z</time></trkpt>
      <trkpt lat="53.455627" lon="-1.860034"><ele>602.8</ele><time>2026-03-28T11:09:32.000Z</time></trkpt>
      <trkpt lat="53.455627" lon="-1.860035"><ele>602.8</ele><time>2026-03-28T11:09:33.000Z</time></trkpt>
      <trkpt lat="53.455627" lon="-1.860035"><ele>602.8</ele><time>2026-03-28T11:09:34.000Z</time></trkpt>
      <trkpt lat="53.455627" lon="-1.860035"><ele>602.8</ele><time>2026-03-28T11:09:35.000Z</time></trkpt>
      <trkpt lat="53.455627" lon="-1.860035"><ele>602.8</ele><time>2026-03-28T11:09:36.000Z</time></trkpt>
      <trkpt lat="53.455627" lon="-1.860035"><ele>602.8</ele><time>2026-03-28T11:09:37.000Z</time></trkpt>
      <trkpt lat="53.455627" lon="-1.860035"><ele>603.0</ele><time>2026-03-28T11:09:38.000Z</time></trkpt>
      <trkpt lat="53.455627" lon="-1.860036"><ele>603.2</ele><time>2026-03-28T11:09:39.000Z</time></trkpt>
      <trkpt lat="53.455630" lon="-1.860037"><ele>603.2</ele><time>2026-03-28T11:09:40.000Z</time></trkpt>
      <trkpt lat="53.455630" lon="-1.860046"><ele>603.2</ele><time>2026-03-28T11:09:41.000Z</time></trkpt>
      <trkpt lat="53.455635" lon="-1.860056"><ele>603.4</ele><time>2026-03-28T11:09:42.000Z</time></trkpt>
      <trkpt lat="53.455630" lon="-1.860058"><ele>603.6</ele><time>2026-03-28T11:09:43.000Z</time></trkpt>
      <trkpt lat="53.455630" lon="-1.860069"><ele>603.8</ele><time>2026-03-28T11:09:44.000Z</time></trkpt>
      <trkpt lat="53.455635" lon="-1.860082"><ele>603.6</ele><time>2026-03-28T11:09:45.000Z</time></trkpt>
      <trkpt lat="53.455640" lon="-1.860085"><ele>603.4</ele><time>2026-03-28T11:09:46.000Z</time></trkpt>
      <trkpt lat="53.455647" lon="-1.860081"><ele>603.2</ele><time>2026-03-28T11:09:47.000Z</time></trkpt>
      <trkpt lat="53.455666" lon="-1.860087"><ele>602.8</ele><time>2026-03-28T11:09:48.000Z</time></trkpt>
      <trkpt lat="53.455666" lon="-1.860091"><ele>602.8</ele><time>2026-03-28T11:09:49.000Z</time></trkpt>
      <trkpt lat="53.455666" lon="-1.860096"><ele>603.2</ele><time>2026-03-28T11:09:50.000Z</time></trkpt>
      <trkpt lat="53.455677" lon="-1.860114"><ele>603.2</ele><time>2026-03-28T11:09:51.000Z</time></trkpt>
      <trkpt lat="53.455690" lon="-1.860130"><ele>603.0</ele><time>2026-03-28T11:09:52.000Z</time></trkpt>
      <trkpt lat="53.455708" lon="-1.860119"><ele>603.0</ele><time>2026-03-28T11:09:53.000Z</time></trkpt>
      <trkpt lat="53.455715" lon="-1.860116"><ele>603.2</ele><time>2026-03-28T11:09:54.000Z</time></trkpt>
      <trkpt lat="53.455715" lon="-1.860116"><ele>603.2</ele><time>2026-03-28T11:09:55.000Z</time></trkpt>
      <trkpt lat="53.455727" lon="-1.860127"><ele>602.6</ele><time>2026-03-28T11:09:56.000Z</time></trkpt>
      <trkpt lat="53.455734" lon="-1.860151"><ele>602.4</ele><time>2026-03-28T11:09:57.000Z</time></trkpt>
      <trkpt lat="53.455746" lon="-1.860168"><ele>603.0</ele><time>2026-03-28T11:09:58.000Z</time></trkpt>
      <trkpt lat="53.455753" lon="-1.860184"><ele>603.2</ele><time>2026-03-28T11:09:59.000Z</time></trkpt>
      <trkpt lat="53.455765" lon="-1.860193"><ele>603.6</ele><time>2026-03-28T11:10:00.000Z</time></trkpt>
      <trkpt lat="53.455772" lon="-1.860202"><ele>603.6</ele><time>2026-03-28T11:10:01.000Z</time></trkpt>
      <trkpt lat="53.455784" lon="-1.860210"><ele>604.2</ele><time>2026-03-28T11:10:02.000Z</time></trkpt>
      <trkpt lat="53.455790" lon="-1.860214"><ele>604.2</ele><time>2026-03-28T11:10:03.000Z</time></trkpt>
      <trkpt lat="53.455790" lon="-1.860215"><ele>604.4</ele><time>2026-03-28T11:10:04.000Z</time></trkpt>
      <trkpt lat="53.455795" lon="-1.860210"><ele>604.2</ele><time>2026-03-28T11:10:05.000Z</time></trkpt>
      <trkpt lat="53.455807" lon="-1.860200"><ele>604.6</ele><time>2026-03-28T11:10:06.000Z</time></trkpt>
      <trkpt lat="53.455810" lon="-1.860202"><ele>605.0</ele><time>2026-03-28T11:10:07.000Z</time></trkpt>
      <trkpt lat="53.455820" lon="-1.860211"><ele>604.8</ele><time>2026-03-28T11:10:08.000Z</time></trkpt>
      <trkpt lat="53.455826" lon="-1.860224"><ele>605.0</ele><time>2026-03-28T11:10:09.000Z</time></trkpt>
      <trkpt lat="53.455830" lon="-1.860230"><ele>604.4</ele><time>2026-03-28T11:10:10.000Z</time></trkpt>
      <trkpt lat="53.455840" lon="-1.860250"><ele>603.6</ele><time>2026-03-28T11:10:11.000Z</time></trkpt>
      <trkpt lat="53.455845" lon="-1.860260"><ele>603.4</ele><time>2026-03-28T11:10:12.000Z</time></trkpt>
      <trkpt lat="53.455850" lon="-1.860261"><ele>603.2</ele><time>2026-03-28T11:10:13.000Z</time></trkpt>
      <trkpt lat="53.455860" lon="-1.860259"><ele>603.2</ele><time>2026-03-28T11:10:14.000Z</time></trkpt>
      <trkpt lat="53.455868" lon="-1.860272"><ele>603.2</ele><time>2026-03-28T11:10:15.000Z</time></trkpt>
      <trkpt lat="53.455864" lon="-1.860284"><ele>603.4</ele><time>2026-03-28T11:10:16.000Z</time></trkpt>
      <trkpt lat="53.455870" lon="-1.860307"><ele>603.8</ele><time>2026-03-28T11:10:17.000Z</time></trkpt>
      <trkpt lat="53.455875" lon="-1.860318"><ele>603.2</ele><time>2026-03-28T11:10:18.000Z</time></trkpt>
      <trkpt lat="53.455880" lon="-1.860316"><ele>603.8</ele><time>2026-03-28T11:10:19.000Z</time></trkpt>
      <trkpt lat="53.455875" lon="-1.860321"><ele>604.0</ele><time>2026-03-28T11:10:20.000Z</time></trkpt>
      <trkpt lat="53.455875" lon="-1.860331"><ele>604.2</ele><time>2026-03-28T11:10:21.000Z</time></trkpt>
      <trkpt lat="53.455883" lon="-1.860347"><ele>604.6</ele><time>2026-03-28T11:10:22.000Z</time></trkpt>
      <trkpt lat="53.455894" lon="-1.860356"><ele>605.0</ele><time>2026-03-28T11:10:23.000Z</time></trkpt>
      <trkpt lat="53.455902" lon="-1.860365"><ele>605.0</ele><time>2026-03-28T11:10:24.000Z</time></trkpt>
      <trkpt lat="53.455900" lon="-1.860369"><ele>604.6</ele><time>2026-03-28T11:10:25.000Z</time></trkpt>
      <trkpt lat="53.455910" lon="-1.860391"><ele>604.8</ele><time>2026-03-28T11:10:26.000Z</time></trkpt>
      <trkpt lat="53.455920" lon="-1.860402"><ele>605.0</ele><time>2026-03-28T11:10:27.000Z</time></trkpt>
      <trkpt lat="53.455930" lon="-1.860402"><ele>604.2</ele><time>2026-03-28T11:10:28.000Z</time></trkpt>
      <trkpt lat="53.455940" lon="-1.860397"><ele>604.4</ele><time>2026-03-28T11:10:29.000Z</time></trkpt>
      <trkpt lat="53.455944" lon="-1.860399"><ele>605.2</ele><time>2026-03-28T11:10:30.000Z</time></trkpt>
      <trkpt lat="53.455948" lon="-1.860412"><ele>605.4</ele><time>2026-03-28T11:10:31.000Z</time></trkpt>
      <trkpt lat="53.455948" lon="-1.860416"><ele>604.8</ele><time>2026-03-28T11:10:32.000Z</time></trkpt>
      <trkpt lat="53.455950" lon="-1.860431"><ele>605.0</ele><time>2026-03-28T11:10:33.000Z</time></trkpt>
      <trkpt lat="53.455948" lon="-1.860445"><ele>604.4</ele><time>2026-03-28T11:10:34.000Z</time></trkpt>
      <trkpt lat="53.455950" lon="-1.860456"><ele>605.0</ele><time>2026-03-28T11:10:35.000Z</time></trkpt>
      <trkpt lat="53.455950" lon="-1.860472"><ele>604.8</ele><time>2026-03-28T11:10:36.000Z</time></trkpt>
      <trkpt lat="53.455956" lon="-1.860478"><ele>604.2</ele><time>2026-03-28T11:10:37.000Z</time></trkpt>
      <trkpt lat="53.455956" lon="-1.860489"><ele>604.2</ele><time>2026-03-28T11:10:38.000Z</time></trkpt>
      <trkpt lat="53.455960" lon="-1.860499"><ele>603.2</ele><time>2026-03-28T11:10:39.000Z</time></trkpt>
      <trkpt lat="53.455963" lon="-1.860501"><ele>603.6</ele><time>2026-03-28T11:10:40.000Z</time></trkpt>
      <trkpt lat="53.455970" lon="-1.860516"><ele>604.0</ele><time>2026-03-28T11:10:41.000Z</time></trkpt>
      <trkpt lat="53.455980" lon="-1.860534"><ele>603.6</ele><time>2026-03-28T11:10:42.000Z</time></trkpt>
      <trkpt lat="53.455975" lon="-1.860551"><ele>604.0</ele><time>2026-03-28T11:10:43.000Z</time></trkpt>
      <trkpt lat="53.455970" lon="-1.860562"><ele>603.8</ele><time>2026-03-28T11:10:44.000Z</time></trkpt>
      <trkpt lat="53.455970" lon="-1.860573"><ele>603.2</ele><time>2026-03-28T11:10:45.000Z</time></trkpt>
      <trkpt lat="53.455970" lon="-1.860578"><ele>603.6</ele><time>2026-03-28T11:10:46.000Z</time></trkpt>
      <trkpt lat="53.455970" lon="-1.860589"><ele>603.6</ele><time>2026-03-28T11:10:47.000Z</time></trkpt>
      <trkpt lat="53.455975" lon="-1.860596"><ele>603.4</ele><time>2026-03-28T11:10:48.000Z</time></trkpt>
      <trkpt lat="53.455980" lon="-1.860600"><ele>603.0</ele><time>2026-03-28T11:10:49.000Z</time></trkpt>
      <trkpt lat="53.455975" lon="-1.860598"><ele>603.4</ele><time>2026-03-28T11:10:50.000Z</time></trkpt>
      <trkpt lat="53.455980" lon="-1.860596"><ele>603.2</ele><time>2026-03-28T11:10:51.000Z</time></trkpt>
      <trkpt lat="53.455980" lon="-1.860595"><ele>603.4</ele><time>2026-03-28T11:10:52.000Z</time></trkpt>
      <trkpt lat="53.455980" lon="-1.860599"><ele>602.8</ele><time>2026-03-28T11:10:53.000Z</time></trkpt>
      <trkpt lat="53.455982" lon="-1.860604"><ele>603.0</ele><time>2026-03-28T11:10:54.000Z</time></trkpt>
      <trkpt lat="53.455980" lon="-1.860609"><ele>602.8</ele><time>2026-03-28T11:10:55.000Z</time></trkpt>
      <trkpt lat="53.455980" lon="-1.860619"><ele>603.2</ele><time>2026-03-28T11:10:56.000Z</time></trkpt>
      <trkpt lat="53.455975" lon="-1.860633"><ele>603.0</ele><time>2026-03-28T11:10:57.000Z</time></trkpt>
      <trkpt lat="53.455975" lon="-1.860643"><ele>603.0</ele><time>2026-03-28T11:10:58.000Z</time></trkpt>
      <trkpt lat="53.455975" lon="-1.860652"><ele>602.8</ele><time>2026-03-28T11:10:59.000Z</time></trkpt>
      <trkpt lat="53.455967" lon="-1.860662"><ele>603.4</ele><time>2026-03-28T11:11:00.000Z</time></trkpt>
      <trkpt lat="53.455960" lon="-1.860671"><ele>603.0</ele><time>2026-03-28T11:11:01.000Z</time></trkpt>
      <trkpt lat="53.455944" lon="-1.860668"><ele>603.6</ele><time>2026-03-28T11:11:02.000Z</time></trkpt>
      <trkpt lat="53.455930" lon="-1.860677"><ele>604.2</ele><time>2026-03-28T11:11:03.000Z</time></trkpt>
      <trkpt lat="53.455920" lon="-1.860693"><ele>603.6</ele><time>2026-03-28T11:11:04.000Z</time></trkpt>
      <trkpt lat="53.455920" lon="-1.860689"><ele>603.8</ele><time>2026-03-28T11:11:05.000Z</time></trkpt>
      <trkpt lat="53.455917" lon="-1.860699"><ele>603.8</ele><time>2026-03-28T11:11:06.000Z</time></trkpt>
      <trkpt lat="53.455910" lon="-1.860726"><ele>604.0</ele><time>2026-03-28T11:11:07.000Z</time></trkpt>
      <trkpt lat="53.455917" lon="-1.860740"><ele>604.0</ele><time>2026-03-28T11:11:08.000Z</time></trkpt>
      <trkpt lat="53.455920" lon="-1.860749"><ele>605.0</ele><time>2026-03-28T11:11:09.000Z</time></trkpt>
      <trkpt lat="53.455925" lon="-1.860763"><ele>605.0</ele><time>2026-03-28T11:11:10.000Z</time></trkpt>
      <trkpt lat="53.455925" lon="-1.860774"><ele>605.2</ele><time>2026-03-28T11:11:11.000Z</time></trkpt>
      <trkpt lat="53.455925" lon="-1.860794"><ele>605.8</ele><time>2026-03-28T11:11:12.000Z</time></trkpt>
      <trkpt lat="53.455930" lon="-1.860809"><ele>604.6</ele><time>2026-03-28T11:11:13.000Z</time></trkpt>
      <trkpt lat="53.455925" lon="-1.860818"><ele>603.8</ele><time>2026-03-28T11:11:14.000Z</time></trkpt>
      <trkpt lat="53.455920" lon="-1.860830"><ele>604.6</ele><time>2026-03-28T11:11:15.000Z</time></trkpt>
      <trkpt lat="53.455917" lon="-1.860842"><ele>605.2</ele><time>2026-03-28T11:11:16.000Z</time></trkpt>
      <trkpt lat="53.455920" lon="-1.860860"><ele>605.4</ele><time>2026-03-28T11:11:17.000Z</time></trkpt>
      <trkpt lat="53.455933" lon="-1.860884"><ele>605.4</ele><time>2026-03-28T11:11:18.000Z</time></trkpt>
      <trkpt lat="53.455940" lon="-1.860898"><ele>604.8</ele><time>2026-03-28T11:11:19.000Z</time></trkpt>
      <trkpt lat="53.455950" lon="-1.860911"><ele>604.8</ele><time>2026-03-28T11:11:20.000Z</time></trkpt>
      <trkpt lat="53.455960" lon="-1.860923"><ele>605.2</ele><time>2026-03-28T11:11:21.000Z</time></trkpt>
      <trkpt lat="53.455970" lon="-1.860935"><ele>605.8</ele><time>2026-03-28T11:11:22.000Z</time></trkpt>
      <trkpt lat="53.455982" lon="-1.860937"><ele>606.4</ele><time>2026-03-28T11:11:23.000Z</time></trkpt>
      <trkpt lat="53.455986" lon="-1.860945"><ele>606.2</ele><time>2026-03-28T11:11:24.000Z</time></trkpt>
      <trkpt lat="53.455994" lon="-1.860957"><ele>605.6</ele><time>2026-03-28T11:11:25.000Z</time></trkpt>
      <trkpt lat="53.456000" lon="-1.860972"><ele>605.8</ele><time>2026-03-28T11:11:26.000Z</time></trkpt>
      <trkpt lat="53.456013" lon="-1.860983"><ele>605.8</ele><time>2026-03-28T11:11:27.000Z</time></trkpt>
      <trkpt lat="53.456020" lon="-1.860993"><ele>605.8</ele><time>2026-03-28T11:11:28.000Z</time></trkpt>
      <trkpt lat="53.456040" lon="-1.860993"><ele>605.8</ele><time>2026-03-28T11:11:29.000Z</time></trkpt>
      <trkpt lat="53.456047" lon="-1.860997"><ele>605.8</ele><time>2026-03-28T11:11:30.000Z</time></trkpt>
      <trkpt lat="53.456055" lon="-1.861006"><ele>606.0</ele><time>2026-03-28T11:11:31.000Z</time></trkpt>
      <trkpt lat="53.456062" lon="-1.861014"><ele>606.4</ele><time>2026-03-28T11:11:32.000Z</time></trkpt>
      <trkpt lat="53.456078" lon="-1.861009"><ele>607.0</ele><time>2026-03-28T11:11:33.000Z</time></trkpt>
      <trkpt lat="53.456090" lon="-1.860994"><ele>607.2</ele><time>2026-03-28T11:11:34.000Z</time></trkpt>
      <trkpt lat="53.456093" lon="-1.860977"><ele>607.0</ele><time>2026-03-28T11:11:35.000Z</time></trkpt>
      <trkpt lat="53.456100" lon="-1.860967"><ele>607.2</ele><time>2026-03-28T11:11:36.000Z</time></trkpt>
      <trkpt lat="53.456112" lon="-1.860954"><ele>607.4</ele><time>2026-03-28T11:11:37.000Z</time></trkpt>
      <trkpt lat="53.456123" lon="-1.860939"><ele>607.0</ele><time>2026-03-28T11:11:38.000Z</time></trkpt>
      <trkpt lat="53.456127" lon="-1.860928"><ele>607.4</ele><time>2026-03-28T11:11:39.000Z</time></trkpt>
      <trkpt lat="53.456140" lon="-1.860923"><ele>607.6</ele><time>2026-03-28T11:11:40.000Z</time></trkpt>
      <trkpt lat="53.456150" lon="-1.860914"><ele>607.4</ele><time>2026-03-28T11:11:41.000Z</time></trkpt>
      <trkpt lat="53.456150" lon="-1.860903"><ele>607.2</ele><time>2026-03-28T11:11:42.000Z</time></trkpt>
      <trkpt lat="53.456146" lon="-1.860908"><ele>607.2</ele><time>2026-03-28T11:11:43.000Z</time></trkpt>
      <trkpt lat="53.456150" lon="-1.860911"><ele>607.4</ele><time>2026-03-28T11:11:44.000Z</time></trkpt>
      <trkpt lat="53.456154" lon="-1.860910"><ele>607.4</ele><time>2026-03-28T11:11:45.000Z</time></trkpt>
      <trkpt lat="53.456158" lon="-1.860907"><ele>607.8</ele><time>2026-03-28T11:11:46.000Z</time></trkpt>
      <trkpt lat="53.456154" lon="-1.860907"><ele>607.6</ele><time>2026-03-28T11:11:47.000Z</time></trkpt>
      <trkpt lat="53.456158" lon="-1.860902"><ele>607.4</ele><time>2026-03-28T11:11:48.000Z</time></trkpt>
      <trkpt lat="53.456170" lon="-1.860892"><ele>607.0</ele><time>2026-03-28T11:11:49.000Z</time></trkpt>
      <trkpt lat="53.456173" lon="-1.860883"><ele>606.6</ele><time>2026-03-28T11:11:50.000Z</time></trkpt>
      <trkpt lat="53.456177" lon="-1.860871"><ele>607.0</ele><time>2026-03-28T11:11:51.000Z</time></trkpt>
      <trkpt lat="53.456177" lon="-1.860866"><ele>607.0</ele><time>2026-03-28T11:11:52.000Z</time></trkpt>
      <trkpt lat="53.456180" lon="-1.860836"><ele>607.0</ele><time>2026-03-28T11:11:53.000Z</time></trkpt>
      <trkpt lat="53.456173" lon="-1.860821"><ele>607.4</ele><time>2026-03-28T11:11:54.000Z</time></trkpt>
      <trkpt lat="53.456173" lon="-1.860837"><ele>607.4</ele><time>2026-03-28T11:11:55.000Z</time></trkpt>
      <trkpt lat="53.456177" lon="-1.860839"><ele>607.2</ele><time>2026-03-28T11:11:56.000Z</time></trkpt>
      <trkpt lat="53.456180" lon="-1.860837"><ele>607.2</ele><time>2026-03-28T11:11:57.000Z</time></trkpt>
      <trkpt lat="53.456196" lon="-1.860835"><ele>607.4</ele><time>2026-03-28T11:11:58.000Z</time></trkpt>
      <trkpt lat="53.456210" lon="-1.860840"><ele>607.8</ele><time>2026-03-28T11:11:59.000Z</time></trkpt>
      <trkpt lat="53.456215" lon="-1.860852"><ele>607.6</ele><time>2026-03-28T11:12:00.000Z</time></trkpt>
      <trkpt lat="53.456226" lon="-1.860861"><ele>607.4</ele><time>2026-03-28T11:12:01.000Z</time></trkpt>
      <trkpt lat="53.456238" lon="-1.860870"><ele>607.6</ele><time>2026-03-28T11:12:02.000Z</time></trkpt>
      <trkpt lat="53.456245" lon="-1.860885"><ele>607.4</ele><time>2026-03-28T11:12:03.000Z</time></trkpt>
      <trkpt lat="53.456253" lon="-1.860899"><ele>607.4</ele><time>2026-03-28T11:12:04.000Z</time></trkpt>
      <trkpt lat="53.456264" lon="-1.860896"><ele>607.8</ele><time>2026-03-28T11:12:05.000Z</time></trkpt>
      <trkpt lat="53.456276" lon="-1.860909"><ele>608.6</ele><time>2026-03-28T11:12:06.000Z</time></trkpt>
      <trkpt lat="53.456284" lon="-1.860920"><ele>607.6</ele><time>2026-03-28T11:12:07.000Z</time></trkpt>
      <trkpt lat="53.456284" lon="-1.860917"><ele>607.6</ele><time>2026-03-28T11:12:08.000Z</time></trkpt>
      <trkpt lat="53.456276" lon="-1.860917"><ele>607.0</ele><time>2026-03-28T11:12:09.000Z</time></trkpt>
      <trkpt lat="53.456276" lon="-1.860924"><ele>607.8</ele><time>2026-03-28T11:12:10.000Z</time></trkpt>
      <trkpt lat="53.456280" lon="-1.860935"><ele>607.2</ele><time>2026-03-28T11:12:11.000Z</time></trkpt>
      <trkpt lat="53.456290" lon="-1.860950"><ele>606.6</ele><time>2026-03-28T11:12:12.000Z</time></trkpt>
      <trkpt lat="53.456303" lon="-1.860955"><ele>606.8</ele><time>2026-03-28T11:12:13.000Z</time></trkpt>
      <trkpt lat="53.456306" lon="-1.860954"><ele>607.0</ele><time>2026-03-28T11:12:14.000Z</time></trkpt>
      <trkpt lat="53.456314" lon="-1.860948"><ele>606.4</ele><time>2026-03-28T11:12:15.000Z</time></trkpt>
      <trkpt lat="53.456326" lon="-1.860948"><ele>606.4</ele><time>2026-03-28T11:12:16.000Z</time></trkpt>
      <trkpt lat="53.456340" lon="-1.860958"><ele>606.6</ele><time>2026-03-28T11:12:17.000Z</time></trkpt>
      <trkpt lat="53.456350" lon="-1.860966"><ele>606.2</ele><time>2026-03-28T11:12:18.000Z</time></trkpt>
      <trkpt lat="53.456352" lon="-1.860966"><ele>605.8</ele><time>2026-03-28T11:12:19.000Z</time></trkpt>
      <trkpt lat="53.456367" lon="-1.860963"><ele>606.0</ele><time>2026-03-28T11:12:20.000Z</time></trkpt>
      <trkpt lat="53.456375" lon="-1.860957"><ele>606.6</ele><time>2026-03-28T11:12:21.000Z</time></trkpt>
      <trkpt lat="53.456387" lon="-1.860952"><ele>607.2</ele><time>2026-03-28T11:12:22.000Z</time></trkpt>
      <trkpt lat="53.456394" lon="-1.860947"><ele>608.2</ele><time>2026-03-28T11:12:23.000Z</time></trkpt>
      <trkpt lat="53.456398" lon="-1.860940"><ele>608.2</ele><time>2026-03-28T11:12:24.000Z</time></trkpt>
      <trkpt lat="53.456400" lon="-1.860944"><ele>608.4</ele><time>2026-03-28T11:12:25.000Z</time></trkpt>
      <trkpt lat="53.456410" lon="-1.860955"><ele>607.8</ele><time>2026-03-28T11:12:26.000Z</time></trkpt>
      <trkpt lat="53.456420" lon="-1.860953"><ele>608.2</ele><time>2026-03-28T11:12:27.000Z</time></trkpt>
      <trkpt lat="53.456425" lon="-1.860951"><ele>607.8</ele><time>2026-03-28T11:12:28.000Z</time></trkpt>
      <trkpt lat="53.456425" lon="-1.860958"><ele>607.6</ele><time>2026-03-28T11:12:29.000Z</time></trkpt>
      <trkpt lat="53.456430" lon="-1.860973"><ele>607.2</ele><time>2026-03-28T11:12:30.000Z</time></trkpt>
      <trkpt lat="53.456432" lon="-1.860977"><ele>608.2</ele><time>2026-03-28T11:12:31.000Z</time></trkpt>
      <trkpt lat="53.456432" lon="-1.860986"><ele>608.6</ele><time>2026-03-28T11:12:32.000Z</time></trkpt>
      <trkpt lat="53.456432" lon="-1.861004"><ele>608.6</ele><time>2026-03-28T11:12:33.000Z</time></trkpt>
      <trkpt lat="53.456436" lon="-1.861022"><ele>609.2</ele><time>2026-03-28T11:12:34.000Z</time></trkpt>
      <trkpt lat="53.456448" lon="-1.861031"><ele>608.4</ele><time>2026-03-28T11:12:35.000Z</time></trkpt>
      <trkpt lat="53.456460" lon="-1.861041"><ele>608.4</ele><time>2026-03-28T11:12:36.000Z</time></trkpt>
      <trkpt lat="53.456460" lon="-1.861033"><ele>608.6</ele><time>2026-03-28T11:12:37.000Z</time></trkpt>
      <trkpt lat="53.456463" lon="-1.861037"><ele>609.0</ele><time>2026-03-28T11:12:38.000Z</time></trkpt>
      <trkpt lat="53.456467" lon="-1.861039"><ele>609.0</ele><time>2026-03-28T11:12:39.000Z</time></trkpt>
      <trkpt lat="53.456474" lon="-1.861050"><ele>609.2</ele><time>2026-03-28T11:12:40.000Z</time></trkpt>
      <trkpt lat="53.456480" lon="-1.861060"><ele>609.0</ele><time>2026-03-28T11:12:41.000Z</time></trkpt>
      <trkpt lat="53.456480" lon="-1.861069"><ele>609.0</ele><time>2026-03-28T11:12:42.000Z</time></trkpt>
      <trkpt lat="53.456480" lon="-1.861073"><ele>609.2</ele><time>2026-03-28T11:12:43.000Z</time></trkpt>
      <trkpt lat="53.456480" lon="-1.861082"><ele>609.2</ele><time>2026-03-28T11:12:44.000Z</time></trkpt>
      <trkpt lat="53.456482" lon="-1.861103"><ele>609.2</ele><time>2026-03-28T11:12:45.000Z</time></trkpt>
      <trkpt lat="53.456486" lon="-1.861116"><ele>609.2</ele><time>2026-03-28T11:12:46.000Z</time></trkpt>
      <trkpt lat="53.456497" lon="-1.861121"><ele>609.0</ele><time>2026-03-28T11:12:47.000Z</time></trkpt>
      <trkpt lat="53.456505" lon="-1.861124"><ele>609.2</ele><time>2026-03-28T11:12:48.000Z</time></trkpt>
      <trkpt lat="53.456512" lon="-1.861122"><ele>608.8</ele><time>2026-03-28T11:12:49.000Z</time></trkpt>
      <trkpt lat="53.456516" lon="-1.861122"><ele>609.0</ele><time>2026-03-28T11:12:50.000Z</time></trkpt>
      <trkpt lat="53.456520" lon="-1.861118"><ele>608.8</ele><time>2026-03-28T11:12:51.000Z</time></trkpt>
      <trkpt lat="53.456520" lon="-1.861106"><ele>608.4</ele><time>2026-03-28T11:12:52.000Z</time></trkpt>
      <trkpt lat="53.456528" lon="-1.861080"><ele>608.8</ele><time>2026-03-28T11:12:53.000Z</time></trkpt>
      <trkpt lat="53.456524" lon="-1.861050"><ele>607.6</ele><time>2026-03-28T11:12:54.000Z</time></trkpt>
      <trkpt lat="53.456516" lon="-1.861054"><ele>607.8</ele><time>2026-03-28T11:12:55.000Z</time></trkpt>
      <trkpt lat="53.456520" lon="-1.861061"><ele>607.8</ele><time>2026-03-28T11:12:56.000Z</time></trkpt>
      <trkpt lat="53.456528" lon="-1.861044"><ele>608.2</ele><time>2026-03-28T11:12:57.000Z</time></trkpt>
      <trkpt lat="53.456520" lon="-1.861020"><ele>607.0</ele><time>2026-03-28T11:12:58.000Z</time></trkpt>
      <trkpt lat="53.456520" lon="-1.861008"><ele>606.6</ele><time>2026-03-28T11:12:59.000Z</time></trkpt>
      <trkpt lat="53.456520" lon="-1.860992"><ele>606.8</ele><time>2026-03-28T11:13:00.000Z</time></trkpt>
      <trkpt lat="53.456520" lon="-1.860979"><ele>607.0</ele><time>2026-03-28T11:13:01.000Z</time></trkpt>
      <trkpt lat="53.456520" lon="-1.860961"><ele>607.4</ele><time>2026-03-28T11:13:02.000Z</time></trkpt>
      <trkpt lat="53.456520" lon="-1.860944"><ele>607.2</ele><time>2026-03-28T11:13:03.000Z</time></trkpt>
      <trkpt lat="53.456524" lon="-1.860933"><ele>607.6</ele><time>2026-03-28T11:13:04.000Z</time></trkpt>
      <trkpt lat="53.456528" lon="-1.860921"><ele>607.6</ele><time>2026-03-28T11:13:05.000Z</time></trkpt>
      <trkpt lat="53.456528" lon="-1.860912"><ele>607.4</ele><time>2026-03-28T11:13:06.000Z</time></trkpt>
      <trkpt lat="53.456535" lon="-1.860889"><ele>607.8</ele><time>2026-03-28T11:13:07.000Z</time></trkpt>
      <trkpt lat="53.456535" lon="-1.860871"><ele>607.8</ele><time>2026-03-28T11:13:08.000Z</time></trkpt>
      <trkpt lat="53.456543" lon="-1.860864"><ele>607.6</ele><time>2026-03-28T11:13:09.000Z</time></trkpt>
      <trkpt lat="53.456550" lon="-1.860857"><ele>607.2</ele><time>2026-03-28T11:13:10.000Z</time></trkpt>
      <trkpt lat="53.456562" lon="-1.860851"><ele>607.8</ele><time>2026-03-28T11:13:11.000Z</time></trkpt>
      <trkpt lat="53.456570" lon="-1.860841"><ele>607.8</ele><time>2026-03-28T11:13:12.000Z</time></trkpt>
      <trkpt lat="53.456580" lon="-1.860828"><ele>607.6</ele><time>2026-03-28T11:13:13.000Z</time></trkpt>
      <trkpt lat="53.456590" lon="-1.860816"><ele>608.2</ele><time>2026-03-28T11:13:14.000Z</time></trkpt>
      <trkpt lat="53.456590" lon="-1.860813"><ele>608.4</ele><time>2026-03-28T11:13:15.000Z</time></trkpt>
      <trkpt lat="53.456596" lon="-1.860803"><ele>608.4</ele><time>2026-03-28T11:13:16.000Z</time></trkpt>
      <trkpt lat="53.456608" lon="-1.860794"><ele>608.2</ele><time>2026-03-28T11:13:17.000Z</time></trkpt>
      <trkpt lat="53.456615" lon="-1.860793"><ele>608.4</ele><time>2026-03-28T11:13:18.000Z</time></trkpt>
      <trkpt lat="53.456620" lon="-1.860793"><ele>608.4</ele><time>2026-03-28T11:13:19.000Z</time></trkpt>
      <trkpt lat="53.456623" lon="-1.860778"><ele>607.6</ele><time>2026-03-28T11:13:20.000Z</time></trkpt>
      <trkpt lat="53.456630" lon="-1.860763"><ele>608.8</ele><time>2026-03-28T11:13:21.000Z</time></trkpt>
      <trkpt lat="53.456642" lon="-1.860748"><ele>609.2</ele><time>2026-03-28T11:13:22.000Z</time></trkpt>
      <trkpt lat="53.456650" lon="-1.860752"><ele>609.0</ele><time>2026-03-28T11:13:23.000Z</time></trkpt>
      <trkpt lat="53.456657" lon="-1.860758"><ele>608.4</ele><time>2026-03-28T11:13:24.000Z</time></trkpt>
      <trkpt lat="53.456673" lon="-1.860756"><ele>608.0</ele><time>2026-03-28T11:13:25.000Z</time></trkpt>
      <trkpt lat="53.456680" lon="-1.860756"><ele>608.8</ele><time>2026-03-28T11:13:26.000Z</time></trkpt>
      <trkpt lat="53.456690" lon="-1.860764"><ele>609.0</ele><time>2026-03-28T11:13:27.000Z</time></trkpt>
      <trkpt lat="53.456700" lon="-1.860780"><ele>608.6</ele><time>2026-03-28T11:13:28.000Z</time></trkpt>
      <trkpt lat="53.456710" lon="-1.860789"><ele>609.0</ele><time>2026-03-28T11:13:29.000Z</time></trkpt>
      <trkpt lat="53.456722" lon="-1.860792"><ele>608.6</ele><time>2026-03-28T11:13:30.000Z</time></trkpt>
      <trkpt lat="53.456726" lon="-1.860782"><ele>609.6</ele><time>2026-03-28T11:13:31.000Z</time></trkpt>
      <trkpt lat="53.456720" lon="-1.860780"><ele>609.4</ele><time>2026-03-28T11:13:32.000Z</time></trkpt>
      <trkpt lat="53.456715" lon="-1.860783"><ele>608.6</ele><time>2026-03-28T11:13:33.000Z</time></trkpt>
      <trkpt lat="53.456715" lon="-1.860785"><ele>609.0</ele><time>2026-03-28T11:13:34.000Z</time></trkpt>
      <trkpt lat="53.456715" lon="-1.860785"><ele>608.4</ele><time>2026-03-28T11:13:35.000Z</time></trkpt>
      <trkpt lat="53.456720" lon="-1.860785"><ele>609.0</ele><time>2026-03-28T11:13:36.000Z</time></trkpt>
      <trkpt lat="53.456730" lon="-1.860789"><ele>608.6</ele><time>2026-03-28T11:13:37.000Z</time></trkpt>
      <trkpt lat="53.456738" lon="-1.860793"><ele>609.0</ele><time>2026-03-28T11:13:38.000Z</time></trkpt>
      <trkpt lat="53.456740" lon="-1.860789"><ele>609.0</ele><time>2026-03-28T11:13:39.000Z</time></trkpt>
      <trkpt lat="53.456760" lon="-1.860774"><ele>609.6</ele><time>2026-03-28T11:13:40.000Z</time></trkpt>
      <trkpt lat="53.456768" lon="-1.860764"><ele>609.8</ele><time>2026-03-28T11:13:41.000Z</time></trkpt>
      <trkpt lat="53.456770" lon="-1.860751"><ele>610.0</ele><time>2026-03-28T11:13:42.000Z</time></trkpt>
      <trkpt lat="53.456780" lon="-1.860742"><ele>610.0</ele><time>2026-03-28T11:13:43.000Z</time></trkpt>
      <trkpt lat="53.456783" lon="-1.860737"><ele>609.2</ele><time>2026-03-28T11:13:44.000Z</time></trkpt>
      <trkpt lat="53.456795" lon="-1.860720"><ele>609.4</ele><time>2026-03-28T11:13:45.000Z</time></trkpt>
      <trkpt lat="53.456800" lon="-1.860706"><ele>609.6</ele><time>2026-03-28T11:13:46.000Z</time></trkpt>
      <trkpt lat="53.456802" lon="-1.860696"><ele>609.4</ele><time>2026-03-28T11:13:47.000Z</time></trkpt>
      <trkpt lat="53.456810" lon="-1.860679"><ele>609.4</ele><time>2026-03-28T11:13:48.000Z</time></trkpt>
      <trkpt lat="53.456814" lon="-1.860677"><ele>609.6</ele><time>2026-03-28T11:13:49.000Z</time></trkpt>
      <trkpt lat="53.456818" lon="-1.860671"><ele>609.6</ele><time>2026-03-28T11:13:50.000Z</time></trkpt>
      <trkpt lat="53.456830" lon="-1.860658"><ele>609.4</ele><time>2026-03-28T11:13:51.000Z</time></trkpt>
      <trkpt lat="53.456833" lon="-1.860644"><ele>610.0</ele><time>2026-03-28T11:13:52.000Z</time></trkpt>
      <trkpt lat="53.456844" lon="-1.860624"><ele>610.0</ele><time>2026-03-28T11:13:53.000Z</time></trkpt>
      <trkpt lat="53.456850" lon="-1.860624"><ele>609.8</ele><time>2026-03-28T11:13:54.000Z</time></trkpt>
      <trkpt lat="53.456856" lon="-1.860617"><ele>609.8</ele><time>2026-03-28T11:13:55.000Z</time></trkpt>
      <trkpt lat="53.456863" lon="-1.860618"><ele>609.8</ele><time>2026-03-28T11:13:56.000Z</time></trkpt>
      <trkpt lat="53.456867" lon="-1.860619"><ele>610.4</ele><time>2026-03-28T11:13:57.000Z</time></trkpt>
      <trkpt lat="53.456875" lon="-1.860623"><ele>610.2</ele><time>2026-03-28T11:13:58.000Z</time></trkpt>
      <trkpt lat="53.456882" lon="-1.860621"><ele>609.6</ele><time>2026-03-28T11:13:59.000Z</time></trkpt>
      <trkpt lat="53.456880" lon="-1.860621"><ele>609.6</ele><time>2026-03-28T11:14:00.000Z</time></trkpt>
      <trkpt lat="53.456875" lon="-1.860623"><ele>609.6</ele><time>2026-03-28T11:14:01.000Z</time></trkpt>
      <trkpt lat="53.456880" lon="-1.860619"><ele>609.4</ele><time>2026-03-28T11:14:02.000Z</time></trkpt>
      <trkpt lat="53.456886" lon="-1.860612"><ele>609.6</ele><time>2026-03-28T11:14:03.000Z</time></trkpt>
      <trkpt lat="53.456890" lon="-1.860611"><ele>609.8</ele><time>2026-03-28T11:14:04.000Z</time></trkpt>
      <trkpt lat="53.456894" lon="-1.860603"><ele>609.6</ele><time>2026-03-28T11:14:05.000Z</time></trkpt>
      <trkpt lat="53.456900" lon="-1.860590"><ele>609.4</ele><time>2026-03-28T11:14:06.000Z</time></trkpt>
      <trkpt lat="53.456905" lon="-1.860589"><ele>609.4</ele><time>2026-03-28T11:14:07.000Z</time></trkpt>
      <trkpt lat="53.456910" lon="-1.860587"><ele>609.6</ele><time>2026-03-28T11:14:08.000Z</time></trkpt>
      <trkpt lat="53.456913" lon="-1.860583"><ele>609.8</ele><time>2026-03-28T11:14:09.000Z</time></trkpt>
      <trkpt lat="53.456920" lon="-1.860577"><ele>609.4</ele><time>2026-03-28T11:14:10.000Z</time></trkpt>
      <trkpt lat="53.456932" lon="-1.860570"><ele>609.8</ele><time>2026-03-28T11:14:11.000Z</time></trkpt>
      <trkpt lat="53.456944" lon="-1.860560"><ele>610.2</ele><time>2026-03-28T11:14:12.000Z</time></trkpt>
      <trkpt lat="53.456950" lon="-1.860547"><ele>610.4</ele><time>2026-03-28T11:14:13.000Z</time></trkpt>
      <trkpt lat="53.456960" lon="-1.860541"><ele>610.2</ele><time>2026-03-28T11:14:14.000Z</time></trkpt>
      <trkpt lat="53.456963" lon="-1.860534"><ele>610.0</ele><time>2026-03-28T11:14:15.000Z</time></trkpt>
      <trkpt lat="53.456966" lon="-1.860533"><ele>610.0</ele><time>2026-03-28T11:14:16.000Z</time></trkpt>
      <trkpt lat="53.456974" lon="-1.860532"><ele>609.8</ele><time>2026-03-28T11:14:17.000Z</time></trkpt>
      <trkpt lat="53.456978" lon="-1.860530"><ele>609.4</ele><time>2026-03-28T11:14:18.000Z</time></trkpt>
      <trkpt lat="53.456985" lon="-1.860523"><ele>609.4</ele><time>2026-03-28T11:14:19.000Z</time></trkpt>
      <trkpt lat="53.456990" lon="-1.860520"><ele>609.8</ele><time>2026-03-28T11:14:20.000Z</time></trkpt>
      <trkpt lat="53.457005" lon="-1.860516"><ele>610.2</ele><time>2026-03-28T11:14:21.000Z</time></trkpt>
      <trkpt lat="53.457012" lon="-1.860516"><ele>611.4</ele><time>2026-03-28T11:14:22.000Z</time></trkpt>
      <trkpt lat="53.457016" lon="-1.860522"><ele>610.4</ele><time>2026-03-28T11:14:23.000Z</time></trkpt>
      <trkpt lat="53.457027" lon="-1.860521"><ele>610.4</ele><time>2026-03-28T11:14:24.000Z</time></trkpt>
      <trkpt lat="53.457035" lon="-1.860502"><ele>610.4</ele><time>2026-03-28T11:14:25.000Z</time></trkpt>
      <trkpt lat="53.457047" lon="-1.860486"><ele>610.2</ele><time>2026-03-28T11:14:26.000Z</time></trkpt>
      <trkpt lat="53.457054" lon="-1.860480"><ele>610.4</ele><time>2026-03-28T11:14:27.000Z</time></trkpt>
      <trkpt lat="53.457060" lon="-1.860479"><ele>610.2</ele><time>2026-03-28T11:14:28.000Z</time></trkpt>
      <trkpt lat="53.457066" lon="-1.860467"><ele>610.0</ele><time>2026-03-28T11:14:29.000Z</time></trkpt>
      <trkpt lat="53.457070" lon="-1.860460"><ele>610.4</ele><time>2026-03-28T11:14:30.000Z</time></trkpt>
      <trkpt lat="53.457077" lon="-1.860456"><ele>610.6</ele><time>2026-03-28T11:14:31.000Z</time></trkpt>
      <trkpt lat="53.457080" lon="-1.860446"><ele>610.4</ele><time>2026-03-28T11:14:32.000Z</time></trkpt>
      <trkpt lat="53.457080" lon="-1.860442"><ele>610.8</ele><time>2026-03-28T11:14:33.000Z</time></trkpt>
      <trkpt lat="53.457080" lon="-1.860446"><ele>610.8</ele><time>2026-03-28T11:14:34.000Z</time></trkpt>
      <trkpt lat="53.457085" lon="-1.860435"><ele>610.6</ele><time>2026-03-28T11:14:35.000Z</time></trkpt>
      <trkpt lat="53.457090" lon="-1.860430"><ele>610.6</ele><time>2026-03-28T11:14:36.000Z</time></trkpt>
      <trkpt lat="53.457096" lon="-1.860419"><ele>610.6</ele><time>2026-03-28T11:14:37.000Z</time></trkpt>
      <trkpt lat="53.457104" lon="-1.860409"><ele>610.2</ele><time>2026-03-28T11:14:38.000Z</time></trkpt>
      <trkpt lat="53.457104" lon="-1.860399"><ele>610.2</ele><time>2026-03-28T11:14:39.000Z</time></trkpt>
      <trkpt lat="53.457110" lon="-1.860386"><ele>610.4</ele><time>2026-03-28T11:14:40.000Z</time></trkpt>
      <trkpt lat="53.457108" lon="-1.860371"><ele>610.4</ele><time>2026-03-28T11:14:41.000Z</time></trkpt>
      <trkpt lat="53.457108" lon="-1.860351"><ele>610.0</ele><time>2026-03-28T11:14:42.000Z</time></trkpt>
      <trkpt lat="53.457108" lon="-1.860334"><ele>609.8</ele><time>2026-03-28T11:14:43.000Z</time></trkpt>
      <trkpt lat="53.457100" lon="-1.860317"><ele>610.2</ele><time>2026-03-28T11:14:44.000Z</time></trkpt>
      <trkpt lat="53.457092" lon="-1.860302"><ele>609.6</ele><time>2026-03-28T11:14:45.000Z</time></trkpt>
      <trkpt lat="53.457090" lon="-1.860289"><ele>610.0</ele><time>2026-03-28T11:14:46.000Z</time></trkpt>
      <trkpt lat="53.457092" lon="-1.860276"><ele>609.8</ele><time>2026-03-28T11:14:47.000Z</time></trkpt>
      <trkpt lat="53.457096" lon="-1.860265"><ele>610.2</ele><time>2026-03-28T11:14:48.000Z</time></trkpt>
      <trkpt lat="53.457104" lon="-1.860247"><ele>610.8</ele><time>2026-03-28T11:14:49.000Z</time></trkpt>
      <trkpt lat="53.457108" lon="-1.860239"><ele>610.2</ele><time>2026-03-28T11:14:50.000Z</time></trkpt>
      <trkpt lat="53.457120" lon="-1.860223"><ele>610.8</ele><time>2026-03-28T11:14:51.000Z</time></trkpt>
      <trkpt lat="53.457120" lon="-1.860208"><ele>610.2</ele><time>2026-03-28T11:14:52.000Z</time></trkpt>
      <trkpt lat="53.457127" lon="-1.860193"><ele>610.8</ele><time>2026-03-28T11:14:53.000Z</time></trkpt>
      <trkpt lat="53.457130" lon="-1.860180"><ele>611.0</ele><time>2026-03-28T11:14:54.000Z</time></trkpt>
      <trkpt lat="53.457138" lon="-1.860168"><ele>611.2</ele><time>2026-03-28T11:14:55.000Z</time></trkpt>
      <trkpt lat="53.457146" lon="-1.860161"><ele>611.0</ele><time>2026-03-28T11:14:56.000Z</time></trkpt>
      <trkpt lat="53.457150" lon="-1.860152"><ele>611.0</ele><time>2026-03-28T11:14:57.000Z</time></trkpt>
      <trkpt lat="53.457153" lon="-1.860135"><ele>611.4</ele><time>2026-03-28T11:14:58.000Z</time></trkpt>
      <trkpt lat="53.457165" lon="-1.860120"><ele>611.8</ele><time>2026-03-28T11:14:59.000Z</time></trkpt>
      <trkpt lat="53.457165" lon="-1.860098"><ele>612.0</ele><time>2026-03-28T11:15:00.000Z</time></trkpt>
      <trkpt lat="53.457160" lon="-1.860087"><ele>612.0</ele><time>2026-03-28T11:15:01.000Z</time></trkpt>
      <trkpt lat="53.457157" lon="-1.860066"><ele>611.4</ele><time>2026-03-28T11:15:02.000Z</time></trkpt>
      <trkpt lat="53.457153" lon="-1.860052"><ele>611.6</ele><time>2026-03-28T11:15:03.000Z</time></trkpt>
      <trkpt lat="53.457153" lon="-1.860043"><ele>611.2</ele><time>2026-03-28T11:15:04.000Z</time></trkpt>
      <trkpt lat="53.457157" lon="-1.860029"><ele>611.6</ele><time>2026-03-28T11:15:05.000Z</time></trkpt>
      <trkpt lat="53.457160" lon="-1.860008"><ele>611.4</ele><time>2026-03-28T11:15:06.000Z</time></trkpt>
      <trkpt lat="53.457170" lon="-1.859990"><ele>611.0</ele><time>2026-03-28T11:15:07.000Z</time></trkpt>
      <trkpt lat="53.457176" lon="-1.859979"><ele>611.6</ele><time>2026-03-28T11:15:08.000Z</time></trkpt>
      <trkpt lat="53.457184" lon="-1.859972"><ele>611.2</ele><time>2026-03-28T11:15:09.000Z</time></trkpt>
      <trkpt lat="53.457190" lon="-1.859967"><ele>611.6</ele><time>2026-03-28T11:15:10.000Z</time></trkpt>
      <trkpt lat="53.457203" lon="-1.859966"><ele>611.4</ele><time>2026-03-28T11:15:11.000Z</time></trkpt>
      <trkpt lat="53.457210" lon="-1.859965"><ele>612.0</ele><time>2026-03-28T11:15:12.000Z</time></trkpt>
      <trkpt lat="53.457214" lon="-1.859961"><ele>612.8</ele><time>2026-03-28T11:15:13.000Z</time></trkpt>
      <trkpt lat="53.457222" lon="-1.859943"><ele>613.8</ele><time>2026-03-28T11:15:14.000Z</time></trkpt>
      <trkpt lat="53.457240" lon="-1.859924"><ele>613.0</ele><time>2026-03-28T11:15:15.000Z</time></trkpt>
      <trkpt lat="53.457245" lon="-1.859912"><ele>612.8</ele><time>2026-03-28T11:15:16.000Z</time></trkpt>
      <trkpt lat="53.457253" lon="-1.859892"><ele>613.4</ele><time>2026-03-28T11:15:17.000Z</time></trkpt>
      <trkpt lat="53.457260" lon="-1.859881"><ele>613.0</ele><time>2026-03-28T11:15:18.000Z</time></trkpt>
      <trkpt lat="53.457275" lon="-1.859879"><ele>612.8</ele><time>2026-03-28T11:15:19.000Z</time></trkpt>
      <trkpt lat="53.457283" lon="-1.859877"><ele>613.6</ele><time>2026-03-28T11:15:20.000Z</time></trkpt>
      <trkpt lat="53.457294" lon="-1.859869"><ele>614.0</ele><time>2026-03-28T11:15:21.000Z</time></trkpt>
      <trkpt lat="53.457302" lon="-1.859860"><ele>614.2</ele><time>2026-03-28T11:15:22.000Z</time></trkpt>
      <trkpt lat="53.457310" lon="-1.859846"><ele>613.6</ele><time>2026-03-28T11:15:23.000Z</time></trkpt>
      <trkpt lat="53.457314" lon="-1.859830"><ele>613.2</ele><time>2026-03-28T11:15:24.000Z</time></trkpt>
      <trkpt lat="53.457317" lon="-1.859815"><ele>612.8</ele><time>2026-03-28T11:15:25.000Z</time></trkpt>
      <trkpt lat="53.457325" lon="-1.859809"><ele>612.6</ele><time>2026-03-28T11:15:26.000Z</time></trkpt>
      <trkpt lat="53.457336" lon="-1.859810"><ele>613.0</ele><time>2026-03-28T11:15:27.000Z</time></trkpt>
      <trkpt lat="53.457344" lon="-1.859807"><ele>613.0</ele><time>2026-03-28T11:15:28.000Z</time></trkpt>
      <trkpt lat="53.457348" lon="-1.859803"><ele>613.2</ele><time>2026-03-28T11:15:29.000Z</time></trkpt>
      <trkpt lat="53.457344" lon="-1.859808"><ele>613.2</ele><time>2026-03-28T11:15:30.000Z</time></trkpt>
      <trkpt lat="53.457344" lon="-1.859810"><ele>613.4</ele><time>2026-03-28T11:15:31.000Z</time></trkpt>
      <trkpt lat="53.457344" lon="-1.859810"><ele>613.4</ele><time>2026-03-28T11:15:32.000Z</time></trkpt>
      <trkpt lat="53.457348" lon="-1.859814"><ele>613.8</ele><time>2026-03-28T11:15:33.000Z</time></trkpt>
      <trkpt lat="53.457355" lon="-1.859813"><ele>614.2</ele><time>2026-03-28T11:15:34.000Z</time></trkpt>
      <trkpt lat="53.457363" lon="-1.859813"><ele>613.6</ele><time>2026-03-28T11:15:35.000Z</time></trkpt>
      <trkpt lat="53.457367" lon="-1.859814"><ele>613.2</ele><time>2026-03-28T11:15:36.000Z</time></trkpt>
      <trkpt lat="53.457380" lon="-1.859826"><ele>613.0</ele><time>2026-03-28T11:15:37.000Z</time></trkpt>
      <trkpt lat="53.457386" lon="-1.859831"><ele>613.4</ele><time>2026-03-28T11:15:38.000Z</time></trkpt>
      <trkpt lat="53.457380" lon="-1.859831"><ele>613.2</ele><time>2026-03-28T11:15:39.000Z</time></trkpt>
      <trkpt lat="53.457382" lon="-1.859847"><ele>613.0</ele><time>2026-03-28T11:15:40.000Z</time></trkpt>
      <trkpt lat="53.457386" lon="-1.859854"><ele>613.2</ele><time>2026-03-28T11:15:41.000Z</time></trkpt>
      <trkpt lat="53.457390" lon="-1.859859"><ele>613.4</ele><time>2026-03-28T11:15:42.000Z</time></trkpt>
      <trkpt lat="53.457397" lon="-1.859867"><ele>613.6</ele><time>2026-03-28T11:15:43.000Z</time></trkpt>
      <trkpt lat="53.457397" lon="-1.859876"><ele>613.4</ele><time>2026-03-28T11:15:44.000Z</time></trkpt>
      <trkpt lat="53.457400" lon="-1.859888"><ele>613.6</ele><time>2026-03-28T11:15:45.000Z</time></trkpt>
      <trkpt lat="53.457400" lon="-1.859895"><ele>613.6</ele><time>2026-03-28T11:15:46.000Z</time></trkpt>
      <trkpt lat="53.457405" lon="-1.859910"><ele>614.2</ele><time>2026-03-28T11:15:47.000Z</time></trkpt>
      <trkpt lat="53.457410" lon="-1.859923"><ele>614.4</ele><time>2026-03-28T11:15:48.000Z</time></trkpt>
      <trkpt lat="53.457410" lon="-1.859927"><ele>613.6</ele><time>2026-03-28T11:15:49.000Z</time></trkpt>
      <trkpt lat="53.457405" lon="-1.859941"><ele>614.0</ele><time>2026-03-28T11:15:50.000Z</time></trkpt>
      <trkpt lat="53.457405" lon="-1.859957"><ele>614.2</ele><time>2026-03-28T11:15:51.000Z</time></trkpt>
      <trkpt lat="53.457410" lon="-1.859965"><ele>614.0</ele><time>2026-03-28T11:15:52.000Z</time></trkpt>
      <trkpt lat="53.457413" lon="-1.859968"><ele>614.4</ele><time>2026-03-28T11:15:53.000Z</time></trkpt>
      <trkpt lat="53.457413" lon="-1.859968"><ele>614.2</ele><time>2026-03-28T11:15:54.000Z</time></trkpt>
      <trkpt lat="53.457417" lon="-1.859976"><ele>614.0</ele><time>2026-03-28T11:15:55.000Z</time></trkpt>
      <trkpt lat="53.457424" lon="-1.859978"><ele>613.8</ele><time>2026-03-28T11:15:56.000Z</time></trkpt>
      <trkpt lat="53.457436" lon="-1.859977"><ele>614.4</ele><time>2026-03-28T11:15:57.000Z</time></trkpt>
      <trkpt lat="53.457455" lon="-1.859977"><ele>614.8</ele><time>2026-03-28T11:15:58.000Z</time></trkpt>
      <trkpt lat="53.457455" lon="-1.859976"><ele>614.2</ele><time>2026-03-28T11:15:59.000Z</time></trkpt>
      <trkpt lat="53.457462" lon="-1.859977"><ele>614.0</ele><time>2026-03-28T11:16:00.000Z</time></trkpt>
      <trkpt lat="53.457466" lon="-1.859980"><ele>614.2</ele><time>2026-03-28T11:16:01.000Z</time></trkpt>
      <trkpt lat="53.457466" lon="-1.859981"><ele>613.4</ele><time>2026-03-28T11:16:02.000Z</time></trkpt>
      <trkpt lat="53.457470" lon="-1.859987"><ele>613.6</ele><time>2026-03-28T11:16:03.000Z</time></trkpt>
      <trkpt lat="53.457474" lon="-1.859991"><ele>613.6</ele><time>2026-03-28T11:16:04.000Z</time></trkpt>
      <trkpt lat="53.457474" lon="-1.859999"><ele>613.0</ele><time>2026-03-28T11:16:05.000Z</time></trkpt>
      <trkpt lat="53.457478" lon="-1.860007"><ele>612.6</ele><time>2026-03-28T11:16:06.000Z</time></trkpt>
      <trkpt lat="53.457478" lon="-1.860011"><ele>612.6</ele><time>2026-03-28T11:16:07.000Z</time></trkpt>
      <trkpt lat="53.457474" lon="-1.860021"><ele>612.8</ele><time>2026-03-28T11:16:08.000Z</time></trkpt>
      <trkpt lat="53.457470" lon="-1.860035"><ele>613.4</ele><time>2026-03-28T11:16:09.000Z</time></trkpt>
      <trkpt lat="53.457470" lon="-1.860027"><ele>613.0</ele><time>2026-03-28T11:16:10.000Z</time></trkpt>
      <trkpt lat="53.457474" lon="-1.860025"><ele>613.0</ele><time>2026-03-28T11:16:11.000Z</time></trkpt>
      <trkpt lat="53.457474" lon="-1.860026"><ele>613.0</ele><time>2026-03-28T11:16:12.000Z</time></trkpt>
      <trkpt lat="53.457474" lon="-1.860024"><ele>613.0</ele><time>2026-03-28T11:16:13.000Z</time></trkpt>
      <trkpt lat="53.457474" lon="-1.860023"><ele>613.2</ele><time>2026-03-28T11:16:14.000Z</time></trkpt>
      <trkpt lat="53.457474" lon="-1.860024"><ele>613.4</ele><time>2026-03-28T11:16:15.000Z</time></trkpt>
      <trkpt lat="53.457474" lon="-1.860023"><ele>613.4</ele><time>2026-03-28T11:16:16.000Z</time></trkpt>
      <trkpt lat="53.457474" lon="-1.860024"><ele>613.4</ele><time>2026-03-28T11:16:17.000Z</time></trkpt>
      <trkpt lat="53.457474" lon="-1.860024"><ele>613.4</ele><time>2026-03-28T11:16:18.000Z</time></trkpt>
      <trkpt lat="53.457478" lon="-1.860024"><ele>613.4</ele><time>2026-03-28T11:16:19.000Z</time></trkpt>
      <trkpt lat="53.457478" lon="-1.860023"><ele>613.4</ele><time>2026-03-28T11:16:20.000Z</time></trkpt>
      <trkpt lat="53.457478" lon="-1.860023"><ele>613.4</ele><time>2026-03-28T11:16:21.000Z</time></trkpt>
      <trkpt lat="53.457478" lon="-1.860022"><ele>613.4</ele><time>2026-03-28T11:16:22.000Z</time></trkpt>
      <trkpt lat="53.457474" lon="-1.860029"><ele>613.4</ele><time>2026-03-28T11:16:23.000Z</time></trkpt>
      <trkpt lat="53.457474" lon="-1.860030"><ele>613.4</ele><time>2026-03-28T11:16:24.000Z</time></trkpt>
      <trkpt lat="53.457474" lon="-1.860031"><ele>613.2</ele><time>2026-03-28T11:16:25.000Z</time></trkpt>
      <trkpt lat="53.457478" lon="-1.860029"><ele>613.6</ele><time>2026-03-28T11:16:26.000Z</time></trkpt>
      <trkpt lat="53.457478" lon="-1.860033"><ele>613.6</ele><time>2026-03-28T11:16:27.000Z</time></trkpt>
      <trkpt lat="53.457490" lon="-1.860036"><ele>613.6</ele><time>2026-03-28T11:16:28.000Z</time></trkpt>
      <trkpt lat="53.457508" lon="-1.860027"><ele>613.2</ele><time>2026-03-28T11:16:29.000Z</time></trkpt>
      <trkpt lat="53.457510" lon="-1.860009"><ele>613.6</ele><time>2026-03-28T11:16:30.000Z</time></trkpt>
      <trkpt lat="53.457520" lon="-1.859999"><ele>613.8</ele><time>2026-03-28T11:16:31.000Z</time></trkpt>
      <trkpt lat="53.457530" lon="-1.859987"><ele>614.0</ele><time>2026-03-28T11:16:32.000Z</time></trkpt>
      <trkpt lat="53.457540" lon="-1.859983"><ele>614.6</ele><time>2026-03-28T11:16:33.000Z</time></trkpt>
      <trkpt lat="53.457546" lon="-1.859980"><ele>614.2</ele><time>2026-03-28T11:16:34.000Z</time></trkpt>
      <trkpt lat="53.457558" lon="-1.859975"><ele>614.2</ele><time>2026-03-28T11:16:35.000Z</time></trkpt>
      <trkpt lat="53.457565" lon="-1.859976"><ele>613.8</ele><time>2026-03-28T11:16:36.000Z</time></trkpt>
      <trkpt lat="53.457577" lon="-1.859981"><ele>613.6</ele><time>2026-03-28T11:16:37.000Z</time></trkpt>
      <trkpt lat="53.457584" lon="-1.859982"><ele>613.6</ele><time>2026-03-28T11:16:38.000Z</time></trkpt>
      <trkpt lat="53.457592" lon="-1.859983"><ele>613.2</ele><time>2026-03-28T11:16:39.000Z</time></trkpt>
      <trkpt lat="53.457600" lon="-1.859989"><ele>613.0</ele><time>2026-03-28T11:16:40.000Z</time></trkpt>
      <trkpt lat="53.457610" lon="-1.859994"><ele>613.4</ele><time>2026-03-28T11:16:41.000Z</time></trkpt>
      <trkpt lat="53.457620" lon="-1.860003"><ele>614.0</ele><time>2026-03-28T11:16:42.000Z</time></trkpt>
      <trkpt lat="53.457626" lon="-1.860016"><ele>614.2</ele><time>2026-03-28T11:16:43.000Z</time></trkpt>
      <trkpt lat="53.457634" lon="-1.860011"><ele>613.4</ele><time>2026-03-28T11:16:44.000Z</time></trkpt>
      <trkpt lat="53.457638" lon="-1.859990"><ele>613.8</ele><time>2026-03-28T11:16:45.000Z</time></trkpt>
      <trkpt lat="53.457638" lon="-1.859987"><ele>614.6</ele><time>2026-03-28T11:16:46.000Z</time></trkpt>
      <trkpt lat="53.457630" lon="-1.859989"><ele>613.0</ele><time>2026-03-28T11:16:47.000Z</time></trkpt>
      <trkpt lat="53.457638" lon="-1.859995"><ele>613.6</ele><time>2026-03-28T11:16:48.000Z</time></trkpt>
      <trkpt lat="53.457640" lon="-1.859995"><ele>613.6</ele><time>2026-03-28T11:16:49.000Z</time></trkpt>
      <trkpt lat="53.457650" lon="-1.860002"><ele>613.6</ele><time>2026-03-28T11:16:50.000Z</time></trkpt>
      <trkpt lat="53.457657" lon="-1.859995"><ele>613.8</ele><time>2026-03-28T11:16:51.000Z</time></trkpt>
      <trkpt lat="53.457672" lon="-1.859986"><ele>613.4</ele><time>2026-03-28T11:16:52.000Z</time></trkpt>
      <trkpt lat="53.457684" lon="-1.859983"><ele>612.8</ele><time>2026-03-28T11:16:53.000Z</time></trkpt>
      <trkpt lat="53.457695" lon="-1.859986"><ele>613.4</ele><time>2026-03-28T11:16:54.000Z</time></trkpt>
      <trkpt lat="53.457700" lon="-1.859999"><ele>612.4</ele><time>2026-03-28T11:16:55.000Z</time></trkpt>
      <trkpt lat="53.457706" lon="-1.860004"><ele>613.4</ele><time>2026-03-28T11:16:56.000Z</time></trkpt>
      <trkpt lat="53.457710" lon="-1.860013"><ele>613.8</ele><time>2026-03-28T11:16:57.000Z</time></trkpt>
      <trkpt lat="53.457720" lon="-1.860019"><ele>614.2</ele><time>2026-03-28T11:16:58.000Z</time></trkpt>
      <trkpt lat="53.457737" lon="-1.860027"><ele>614.4</ele><time>2026-03-28T11:16:59.000Z</time></trkpt>
      <trkpt lat="53.457740" lon="-1.860025"><ele>614.2</ele><time>2026-03-28T11:17:00.000Z</time></trkpt>
      <trkpt lat="53.457750" lon="-1.860026"><ele>614.2</ele><time>2026-03-28T11:17:01.000Z</time></trkpt>
      <trkpt lat="53.457750" lon="-1.860025"><ele>613.8</ele><time>2026-03-28T11:17:02.000Z</time></trkpt>
      <trkpt lat="53.457750" lon="-1.860027"><ele>614.0</ele><time>2026-03-28T11:17:03.000Z</time></trkpt>
      <trkpt lat="53.457750" lon="-1.860027"><ele>614.0</ele><time>2026-03-28T11:17:04.000Z</time></trkpt>
      <trkpt lat="53.457750" lon="-1.860028"><ele>614.0</ele><time>2026-03-28T11:17:05.000Z</time></trkpt>
      <trkpt lat="53.457750" lon="-1.860026"><ele>613.8</ele><time>2026-03-28T11:17:06.000Z</time></trkpt>
      <trkpt lat="53.457750" lon="-1.860026"><ele>614.0</ele><time>2026-03-28T11:17:07.000Z</time></trkpt>
      <trkpt lat="53.457750" lon="-1.860026"><ele>614.0</ele><time>2026-03-28T11:17:08.000Z</time></trkpt>
      <trkpt lat="53.457745" lon="-1.860019"><ele>614.4</ele><time>2026-03-28T11:17:09.000Z</time></trkpt>
      <trkpt lat="53.457745" lon="-1.860024"><ele>614.4</ele><time>2026-03-28T11:17:10.000Z</time></trkpt>
      <trkpt lat="53.457745" lon="-1.860024"><ele>614.4</ele><time>2026-03-28T11:17:11.000Z</time></trkpt>
      <trkpt lat="53.457745" lon="-1.860025"><ele>614.2</ele><time>2026-03-28T11:17:12.000Z</time></trkpt>
      <trkpt lat="53.457745" lon="-1.860026"><ele>614.0</ele><time>2026-03-28T11:17:13.000Z</time></trkpt>
      <trkpt lat="53.457745" lon="-1.860026"><ele>613.8</ele><time>2026-03-28T11:17:14.000Z</time></trkpt>
      <trkpt lat="53.457745" lon="-1.860024"><ele>614.0</ele><time>2026-03-28T11:17:15.000Z</time></trkpt>
      <trkpt lat="53.457745" lon="-1.860024"><ele>614.0</ele><time>2026-03-28T11:17:16.000Z</time></trkpt>
      <trkpt lat="53.457745" lon="-1.860024"><ele>614.0</ele><time>2026-03-28T11:17:17.000Z</time></trkpt>
      <trkpt lat="53.457740" lon="-1.860025"><ele>614.2</ele><time>2026-03-28T11:17:18.000Z</time></trkpt>
      <trkpt lat="53.457740" lon="-1.860025"><ele>614.2</ele><time>2026-03-28T11:17:19.000Z</time></trkpt>
      <trkpt lat="53.457740" lon="-1.860024"><ele>614.2</ele><time>2026-03-28T11:17:20.000Z</time></trkpt>
      <trkpt lat="53.457740" lon="-1.860025"><ele>614.2</ele><time>2026-03-28T11:17:21.000Z</time></trkpt>
      <trkpt lat="53.457740" lon="-1.860025"><ele>614.4</ele><time>2026-03-28T11:17:22.000Z</time></trkpt>
      <trkpt lat="53.457740" lon="-1.860025"><ele>614.4</ele><time>2026-03-28T11:17:23.000Z</time></trkpt>
      <trkpt lat="53.457740" lon="-1.860025"><ele>614.4</ele><time>2026-03-28T11:17:24.000Z</time></trkpt>
      <trkpt lat="53.457740" lon="-1.860024"><ele>614.4</ele><time>2026-03-28T11:17:25.000Z</time></trkpt>
      <trkpt lat="53.457740" lon="-1.860024"><ele>614.4</ele><time>2026-03-28T11:17:26.000Z</time></trkpt>
      <trkpt lat="53.457740" lon="-1.860024"><ele>614.6</ele><time>2026-03-28T11:17:27.000Z</time></trkpt>
      <trkpt lat="53.457740" lon="-1.860024"><ele>614.6</ele><time>2026-03-28T11:17:28.000Z</time></trkpt>
      <trkpt lat="53.457740" lon="-1.860024"><ele>614.6</ele><time>2026-03-28T11:17:29.000Z</time></trkpt>
      <trkpt lat="53.457740" lon="-1.860024"><ele>614.6</ele><time>2026-03-28T11:17:30.000Z</time></trkpt>
      <trkpt lat="53.457745" lon="-1.860023"><ele>614.8</ele><time>2026-03-28T11:17:31.000Z</time></trkpt>
      <trkpt lat="53.457745" lon="-1.860024"><ele>615.0</ele><time>2026-03-28T11:17:32.000Z</time></trkpt>
      <trkpt lat="53.457740" lon="-1.860021"><ele>615.0</ele><time>2026-03-28T11:17:33.000Z</time></trkpt>
      <trkpt lat="53.457745" lon="-1.860021"><ele>614.8</ele><time>2026-03-28T11:17:34.000Z</time></trkpt>
      <trkpt lat="53.457745" lon="-1.860021"><ele>614.8</ele><time>2026-03-28T11:17:35.000Z</time></trkpt>
      <trkpt lat="53.457745" lon="-1.860019"><ele>615.0</ele><time>2026-03-28T11:17:36.000Z</time></trkpt>
      <trkpt lat="53.457745" lon="-1.860019"><ele>615.0</ele><time>2026-03-28T11:17:37.000Z</time></trkpt>
      <trkpt lat="53.457745" lon="-1.860018"><ele>614.8</ele><time>2026-03-28T11:17:38.000Z</time></trkpt>
      <trkpt lat="53.457745" lon="-1.860016"><ele>614.8</ele><time>2026-03-28T11:17:39.000Z</time></trkpt>
      <trkpt lat="53.457745" lon="-1.860016"><ele>615.0</ele><time>2026-03-28T11:17:40.000Z</time></trkpt>
      <trkpt lat="53.457745" lon="-1.860015"><ele>615.0</ele><time>2026-03-28T11:17:41.000Z</time></trkpt>
      <trkpt lat="53.457745" lon="-1.860015"><ele>615.2</ele><time>2026-03-28T11:17:42.000Z</time></trkpt>
      <trkpt lat="53.457745" lon="-1.860014"><ele>615.0</ele><time>2026-03-28T11:17:43.000Z</time></trkpt>
      <trkpt lat="53.457745" lon="-1.860014"><ele>615.2</ele><time>2026-03-28T11:17:44.000Z</time></trkpt>
      <trkpt lat="53.457745" lon="-1.860011"><ele>615.2</ele><time>2026-03-28T11:17:45.000Z</time></trkpt>
      <trkpt lat="53.457745" lon="-1.860011"><ele>615.4</ele><time>2026-03-28T11:17:46.000Z</time></trkpt>
      <trkpt lat="53.457745" lon="-1.860010"><ele>615.4</ele><time>2026-03-28T11:17:47.000Z</time></trkpt>
      <trkpt lat="53.457745" lon="-1.860010"><ele>615.4</ele><time>2026-03-28T11:17:48.000Z</time></trkpt>
      <trkpt lat="53.457745" lon="-1.860010"><ele>615.4</ele><time>2026-03-28T11:17:49.000Z</time></trkpt>
      <trkpt lat="53.457745" lon="-1.860008"><ele>615.4</ele><time>2026-03-28T11:17:50.000Z</time></trkpt>
      <trkpt lat="53.457745" lon="-1.860008"><ele>615.6</ele><time>2026-03-28T11:17:51.000Z</time></trkpt>
      <trkpt lat="53.457745" lon="-1.860008"><ele>615.6</ele><time>2026-03-28T11:17:52.000Z</time></trkpt>
      <trkpt lat="53.457745" lon="-1.860008"><ele>615.6</ele><time>2026-03-28T11:17:53.000Z</time></trkpt>
      <trkpt lat="53.457745" lon="-1.860008"><ele>615.6</ele><time>2026-03-28T11:17:54.000Z</time></trkpt>
      <trkpt lat="53.457745" lon="-1.860008"><ele>615.6</ele><time>2026-03-28T11:17:55.000Z</time></trkpt>
      <trkpt lat="53.457745" lon="-1.860008"><ele>615.6</ele><time>2026-03-28T11:17:56.000Z</time></trkpt>
      <trkpt lat="53.457750" lon="-1.860005"><ele>615.0</ele><time>2026-03-28T11:17:57.000Z</time></trkpt>
      <trkpt lat="53.457750" lon="-1.860005"><ele>615.0</ele><time>2026-03-28T11:17:58.000Z</time></trkpt>
      <trkpt lat="53.457752" lon="-1.860006"><ele>614.8</ele><time>2026-03-28T11:17:59.000Z</time></trkpt>
      <trkpt lat="53.457760" lon="-1.860010"><ele>614.6</ele><time>2026-03-28T11:18:00.000Z</time></trkpt>
      <trkpt lat="53.457770" lon="-1.860006"><ele>614.2</ele><time>2026-03-28T11:18:01.000Z</time></trkpt>
      <trkpt lat="53.457783" lon="-1.860005"><ele>614.6</ele><time>2026-03-28T11:18:02.000Z</time></trkpt>
      <trkpt lat="53.457800" lon="-1.860010"><ele>614.2</ele><time>2026-03-28T11:18:03.000Z</time></trkpt>
      <trkpt lat="53.457813" lon="-1.860024"><ele>614.0</ele><time>2026-03-28T11:18:04.000Z</time></trkpt>
      <trkpt lat="53.457817" lon="-1.860028"><ele>613.8</ele><time>2026-03-28T11:18:05.000Z</time></trkpt>
      <trkpt lat="53.457825" lon="-1.860037"><ele>614.2</ele><time>2026-03-28T11:18:06.000Z</time></trkpt>
      <trkpt lat="53.457836" lon="-1.860054"><ele>614.4</ele><time>2026-03-28T11:18:07.000Z</time></trkpt>
      <trkpt lat="53.457844" lon="-1.860056"><ele>614.0</ele><time>2026-03-28T11:18:08.000Z</time></trkpt>
      <trkpt lat="53.457848" lon="-1.860056"><ele>613.6</ele><time>2026-03-28T11:18:09.000Z</time></trkpt>
      <trkpt lat="53.457855" lon="-1.860060"><ele>613.4</ele><time>2026-03-28T11:18:10.000Z</time></trkpt>
      <trkpt lat="53.457855" lon="-1.860067"><ele>613.2</ele><time>2026-03-28T11:18:11.000Z</time></trkpt>
      <trkpt lat="53.457860" lon="-1.860079"><ele>613.0</ele><time>2026-03-28T11:18:12.000Z</time></trkpt>
      <trkpt lat="53.457863" lon="-1.860088"><ele>613.2</ele><time>2026-03-28T11:18:13.000Z</time></trkpt>
      <trkpt lat="53.457860" lon="-1.860100"><ele>613.2</ele><time>2026-03-28T11:18:14.000Z</time></trkpt>
      <trkpt lat="53.457855" lon="-1.860100"><ele>613.4</ele><time>2026-03-28T11:18:15.000Z</time></trkpt>
      <trkpt lat="53.457860" lon="-1.860096"><ele>613.6</ele><time>2026-03-28T11:18:16.000Z</time></trkpt>
      <trkpt lat="53.457860" lon="-1.860097"><ele>613.4</ele><time>2026-03-28T11:18:17.000Z</time></trkpt>
      <trkpt lat="53.457860" lon="-1.860098"><ele>613.4</ele><time>2026-03-28T11:18:18.000Z</time></trkpt>
      <trkpt lat="53.457863" lon="-1.860104"><ele>613.0</ele><time>2026-03-28T11:18:19.000Z</time></trkpt>
      <trkpt lat="53.457874" lon="-1.860108"><ele>613.6</ele><time>2026-03-28T11:18:20.000Z</time></trkpt>
      <trkpt lat="53.457886" lon="-1.860120"><ele>613.6</ele><time>2026-03-28T11:18:21.000Z</time></trkpt>
      <trkpt lat="53.457897" lon="-1.860136"><ele>612.8</ele><time>2026-03-28T11:18:22.000Z</time></trkpt>
      <trkpt lat="53.457897" lon="-1.860143"><ele>612.8</ele><time>2026-03-28T11:18:23.000Z</time></trkpt>
      <trkpt lat="53.457905" lon="-1.860155"><ele>612.8</ele><time>2026-03-28T11:18:24.000Z</time></trkpt>
      <trkpt lat="53.457920" lon="-1.860169"><ele>612.8</ele><time>2026-03-28T11:18:25.000Z</time></trkpt>
      <trkpt lat="53.457943" lon="-1.860169"><ele>613.2</ele><time>2026-03-28T11:18:26.000Z</time></trkpt>
      <trkpt lat="53.457954" lon="-1.860164"><ele>613.4</ele><time>2026-03-28T11:18:27.000Z</time></trkpt>
      <trkpt lat="53.457960" lon="-1.860158"><ele>613.8</ele><time>2026-03-28T11:18:28.000Z</time></trkpt>
      <trkpt lat="53.457966" lon="-1.860140"><ele>614.0</ele><time>2026-03-28T11:18:29.000Z</time></trkpt>
      <trkpt lat="53.457973" lon="-1.860129"><ele>614.6</ele><time>2026-03-28T11:18:30.000Z</time></trkpt>
      <trkpt lat="53.457985" lon="-1.860113"><ele>614.0</ele><time>2026-03-28T11:18:31.000Z</time></trkpt>
      <trkpt lat="53.457996" lon="-1.860115"><ele>613.6</ele><time>2026-03-28T11:18:32.000Z</time></trkpt>
      <trkpt lat="53.458004" lon="-1.860100"><ele>613.8</ele><time>2026-03-28T11:18:33.000Z</time></trkpt>
      <trkpt lat="53.458015" lon="-1.860079"><ele>613.6</ele><time>2026-03-28T11:18:34.000Z</time></trkpt>
      <trkpt lat="53.458020" lon="-1.860062"><ele>614.0</ele><time>2026-03-28T11:18:35.000Z</time></trkpt>
      <trkpt lat="53.458027" lon="-1.860051"><ele>613.8</ele><time>2026-03-28T11:18:36.000Z</time></trkpt>
      <trkpt lat="53.458035" lon="-1.860060"><ele>613.2</ele><time>2026-03-28T11:18:37.000Z</time></trkpt>
      <trkpt lat="53.458046" lon="-1.860059"><ele>614.2</ele><time>2026-03-28T11:18:38.000Z</time></trkpt>
      <trkpt lat="53.458054" lon="-1.860058"><ele>614.4</ele><time>2026-03-28T11:18:39.000Z</time></trkpt>
      <trkpt lat="53.458065" lon="-1.860057"><ele>614.8</ele><time>2026-03-28T11:18:40.000Z</time></trkpt>
      <trkpt lat="53.458073" lon="-1.860059"><ele>615.0</ele><time>2026-03-28T11:18:41.000Z</time></trkpt>
      <trkpt lat="53.458076" lon="-1.860057"><ele>615.6</ele><time>2026-03-28T11:18:42.000Z</time></trkpt>
      <trkpt lat="53.458088" lon="-1.860053"><ele>615.0</ele><time>2026-03-28T11:18:43.000Z</time></trkpt>
      <trkpt lat="53.458103" lon="-1.860044"><ele>614.8</ele><time>2026-03-28T11:18:44.000Z</time></trkpt>
      <trkpt lat="53.458107" lon="-1.860040"><ele>615.0</ele><time>2026-03-28T11:18:45.000Z</time></trkpt>
      <trkpt lat="53.458107" lon="-1.860037"><ele>615.6</ele><time>2026-03-28T11:18:46.000Z</time></trkpt>
      <trkpt lat="53.458107" lon="-1.860041"><ele>615.4</ele><time>2026-03-28T11:18:47.000Z</time></trkpt>
      <trkpt lat="53.458107" lon="-1.860041"><ele>615.8</ele><time>2026-03-28T11:18:48.000Z</time></trkpt>
      <trkpt lat="53.458110" lon="-1.860035"><ele>616.0</ele><time>2026-03-28T11:18:49.000Z</time></trkpt>
      <trkpt lat="53.458120" lon="-1.860029"><ele>616.0</ele><time>2026-03-28T11:18:50.000Z</time></trkpt>
      <trkpt lat="53.458126" lon="-1.860015"><ele>616.0</ele><time>2026-03-28T11:18:51.000Z</time></trkpt>
      <trkpt lat="53.458134" lon="-1.860004"><ele>616.0</ele><time>2026-03-28T11:18:52.000Z</time></trkpt>
      <trkpt lat="53.458138" lon="-1.860013"><ele>616.0</ele><time>2026-03-28T11:18:53.000Z</time></trkpt>
      <trkpt lat="53.458150" lon="-1.860027"><ele>616.4</ele><time>2026-03-28T11:18:54.000Z</time></trkpt>
      <trkpt lat="53.458160" lon="-1.860034"><ele>615.8</ele><time>2026-03-28T11:18:55.000Z</time></trkpt>
      <trkpt lat="53.458164" lon="-1.860043"><ele>615.6</ele><time>2026-03-28T11:18:56.000Z</time></trkpt>
      <trkpt lat="53.458168" lon="-1.860049"><ele>616.4</ele><time>2026-03-28T11:18:57.000Z</time></trkpt>
      <trkpt lat="53.458180" lon="-1.860051"><ele>615.2</ele><time>2026-03-28T11:18:58.000Z</time></trkpt>
      <trkpt lat="53.458190" lon="-1.860051"><ele>615.8</ele><time>2026-03-28T11:18:59.000Z</time></trkpt>
      <trkpt lat="53.458202" lon="-1.860048"><ele>615.8</ele><time>2026-03-28T11:19:00.000Z</time></trkpt>
      <trkpt lat="53.458210" lon="-1.860038"><ele>616.4</ele><time>2026-03-28T11:19:01.000Z</time></trkpt>
      <trkpt lat="53.458210" lon="-1.860027"><ele>616.4</ele><time>2026-03-28T11:19:02.000Z</time></trkpt>
      <trkpt lat="53.458206" lon="-1.860013"><ele>615.8</ele><time>2026-03-28T11:19:03.000Z</time></trkpt>
      <trkpt lat="53.458202" lon="-1.860001"><ele>616.2</ele><time>2026-03-28T11:19:04.000Z</time></trkpt>
      <trkpt lat="53.458202" lon="-1.859997"><ele>616.2</ele><time>2026-03-28T11:19:05.000Z</time></trkpt>
      <trkpt lat="53.458202" lon="-1.859982"><ele>616.2</ele><time>2026-03-28T11:19:06.000Z</time></trkpt>
      <trkpt lat="53.458214" lon="-1.859972"><ele>616.0</ele><time>2026-03-28T11:19:07.000Z</time></trkpt>
      <trkpt lat="53.458225" lon="-1.859959"><ele>616.4</ele><time>2026-03-28T11:19:08.000Z</time></trkpt>
      <trkpt lat="53.458233" lon="-1.859956"><ele>616.0</ele><time>2026-03-28T11:19:09.000Z</time></trkpt>
      <trkpt lat="53.458237" lon="-1.859949"><ele>615.6</ele><time>2026-03-28T11:19:10.000Z</time></trkpt>
      <trkpt lat="53.458244" lon="-1.859947"><ele>615.2</ele><time>2026-03-28T11:19:11.000Z</time></trkpt>
      <trkpt lat="53.458250" lon="-1.859946"><ele>615.8</ele><time>2026-03-28T11:19:12.000Z</time></trkpt>
      <trkpt lat="53.458256" lon="-1.859954"><ele>615.8</ele><time>2026-03-28T11:19:13.000Z</time></trkpt>
      <trkpt lat="53.458260" lon="-1.859960"><ele>615.2</ele><time>2026-03-28T11:19:14.000Z</time></trkpt>
      <trkpt lat="53.458270" lon="-1.859971"><ele>615.8</ele><time>2026-03-28T11:19:15.000Z</time></trkpt>
      <trkpt lat="53.458290" lon="-1.859966"><ele>616.4</ele><time>2026-03-28T11:19:16.000Z</time></trkpt>
      <trkpt lat="53.458290" lon="-1.859950"><ele>616.6</ele><time>2026-03-28T11:19:17.000Z</time></trkpt>
      <trkpt lat="53.458298" lon="-1.859949"><ele>616.8</ele><time>2026-03-28T11:19:18.000Z</time></trkpt>
      <trkpt lat="53.458310" lon="-1.859964"><ele>617.6</ele><time>2026-03-28T11:19:19.000Z</time></trkpt>
      <trkpt lat="53.458317" lon="-1.859956"><ele>617.6</ele><time>2026-03-28T11:19:20.000Z</time></trkpt>
      <trkpt lat="53.458320" lon="-1.859943"><ele>617.8</ele><time>2026-03-28T11:19:21.000Z</time></trkpt>
      <trkpt lat="53.458320" lon="-1.859940"><ele>617.4</ele><time>2026-03-28T11:19:22.000Z</time></trkpt>
      <trkpt lat="53.458324" lon="-1.859931"><ele>617.2</ele><time>2026-03-28T11:19:23.000Z</time></trkpt>
      <trkpt lat="53.458324" lon="-1.859914"><ele>617.4</ele><time>2026-03-28T11:19:24.000Z</time></trkpt>
      <trkpt lat="53.458330" lon="-1.859900"><ele>617.0</ele><time>2026-03-28T11:19:25.000Z</time></trkpt>
      <trkpt lat="53.458332" lon="-1.859899"><ele>617.0</ele><time>2026-03-28T11:19:26.000Z</time></trkpt>
      <trkpt lat="53.458344" lon="-1.859891"><ele>617.0</ele><time>2026-03-28T11:19:27.000Z</time></trkpt>
      <trkpt lat="53.458350" lon="-1.859892"><ele>617.4</ele><time>2026-03-28T11:19:28.000Z</time></trkpt>
      <trkpt lat="53.458366" lon="-1.859889"><ele>618.0</ele><time>2026-03-28T11:19:29.000Z</time></trkpt>
      <trkpt lat="53.458378" lon="-1.859886"><ele>618.0</ele><time>2026-03-28T11:19:30.000Z</time></trkpt>
      <trkpt lat="53.458380" lon="-1.859891"><ele>618.6</ele><time>2026-03-28T11:19:31.000Z</time></trkpt>
      <trkpt lat="53.458393" lon="-1.859895"><ele>618.8</ele><time>2026-03-28T11:19:32.000Z</time></trkpt>
      <trkpt lat="53.458397" lon="-1.859899"><ele>618.8</ele><time>2026-03-28T11:19:33.000Z</time></trkpt>
      <trkpt lat="53.458400" lon="-1.859899"><ele>618.8</ele><time>2026-03-28T11:19:34.000Z</time></trkpt>
      <trkpt lat="53.458412" lon="-1.859901"><ele>618.4</ele><time>2026-03-28T11:19:35.000Z</time></trkpt>
      <trkpt lat="53.458416" lon="-1.859900"><ele>618.2</ele><time>2026-03-28T11:19:36.000Z</time></trkpt>
      <trkpt lat="53.458420" lon="-1.859900"><ele>618.6</ele><time>2026-03-28T11:19:37.000Z</time></trkpt>
      <trkpt lat="53.458427" lon="-1.859890"><ele>618.6</ele><time>2026-03-28T11:19:38.000Z</time></trkpt>
      <trkpt lat="53.458430" lon="-1.859875"><ele>618.4</ele><time>2026-03-28T11:19:39.000Z</time></trkpt>
      <trkpt lat="53.458430" lon="-1.859866"><ele>618.2</ele><time>2026-03-28T11:19:40.000Z</time></trkpt>
      <trkpt lat="53.458435" lon="-1.859866"><ele>618.2</ele><time>2026-03-28T11:19:41.000Z</time></trkpt>
      <trkpt lat="53.458435" lon="-1.859868"><ele>618.4</ele><time>2026-03-28T11:19:42.000Z</time></trkpt>
      <trkpt lat="53.458435" lon="-1.859871"><ele>619.0</ele><time>2026-03-28T11:19:43.000Z</time></trkpt>
      <trkpt lat="53.458443" lon="-1.859860"><ele>619.4</ele><time>2026-03-28T11:19:44.000Z</time></trkpt>
      <trkpt lat="53.458454" lon="-1.859853"><ele>620.2</ele><time>2026-03-28T11:19:45.000Z</time></trkpt>
      <trkpt lat="53.458454" lon="-1.859851"><ele>620.6</ele><time>2026-03-28T11:19:46.000Z</time></trkpt>
      <trkpt lat="53.458460" lon="-1.859849"><ele>620.0</ele><time>2026-03-28T11:19:47.000Z</time></trkpt>
      <trkpt lat="53.458466" lon="-1.859854"><ele>620.4</ele><time>2026-03-28T11:19:48.000Z</time></trkpt>
      <trkpt lat="53.458473" lon="-1.859860"><ele>620.0</ele><time>2026-03-28T11:19:49.000Z</time></trkpt>
      <trkpt lat="53.458485" lon="-1.859868"><ele>620.0</ele><time>2026-03-28T11:19:50.000Z</time></trkpt>
      <trkpt lat="53.458496" lon="-1.859873"><ele>618.8</ele><time>2026-03-28T11:19:51.000Z</time></trkpt>
      <trkpt lat="53.458510" lon="-1.859871"><ele>619.4</ele><time>2026-03-28T11:19:52.000Z</time></trkpt>
      <trkpt lat="53.458520" lon="-1.859865"><ele>619.0</ele><time>2026-03-28T11:19:53.000Z</time></trkpt>
      <trkpt lat="53.458530" lon="-1.859850"><ele>619.6</ele><time>2026-03-28T11:19:54.000Z</time></trkpt>
      <trkpt lat="53.458540" lon="-1.859839"><ele>620.4</ele><time>2026-03-28T11:19:55.000Z</time></trkpt>
      <trkpt lat="53.458546" lon="-1.859829"><ele>620.4</ele><time>2026-03-28T11:19:56.000Z</time></trkpt>
      <trkpt lat="53.458557" lon="-1.859814"><ele>621.0</ele><time>2026-03-28T11:19:57.000Z</time></trkpt>
      <trkpt lat="53.458565" lon="-1.859802"><ele>621.2</ele><time>2026-03-28T11:19:58.000Z</time></trkpt>
      <trkpt lat="53.458570" lon="-1.859797"><ele>621.4</ele><time>2026-03-28T11:19:59.000Z</time></trkpt>
      <trkpt lat="53.458576" lon="-1.859792"><ele>621.6</ele><time>2026-03-28T11:20:00.000Z</time></trkpt>
      <trkpt lat="53.458580" lon="-1.859789"><ele>621.2</ele><time>2026-03-28T11:20:01.000Z</time></trkpt>
      <trkpt lat="53.458584" lon="-1.859791"><ele>621.2</ele><time>2026-03-28T11:20:02.000Z</time></trkpt>
      <trkpt lat="53.458590" lon="-1.859795"><ele>621.4</ele><time>2026-03-28T11:20:03.000Z</time></trkpt>
      <trkpt lat="53.458603" lon="-1.859804"><ele>621.6</ele><time>2026-03-28T11:20:04.000Z</time></trkpt>
      <trkpt lat="53.458614" lon="-1.859801"><ele>621.4</ele><time>2026-03-28T11:20:05.000Z</time></trkpt>
      <trkpt lat="53.458622" lon="-1.859789"><ele>620.8</ele><time>2026-03-28T11:20:06.000Z</time></trkpt>
      <trkpt lat="53.458626" lon="-1.859776"><ele>621.0</ele><time>2026-03-28T11:20:07.000Z</time></trkpt>
      <trkpt lat="53.458626" lon="-1.859776"><ele>621.2</ele><time>2026-03-28T11:20:08.000Z</time></trkpt>
      <trkpt lat="53.458630" lon="-1.859781"><ele>621.2</ele><time>2026-03-28T11:20:09.000Z</time></trkpt>
      <trkpt lat="53.458645" lon="-1.859795"><ele>621.0</ele><time>2026-03-28T11:20:10.000Z</time></trkpt>
      <trkpt lat="53.458652" lon="-1.859795"><ele>621.4</ele><time>2026-03-28T11:20:11.000Z</time></trkpt>
      <trkpt lat="53.458660" lon="-1.859800"><ele>620.8</ele><time>2026-03-28T11:20:12.000Z</time></trkpt>
      <trkpt lat="53.458660" lon="-1.859789"><ele>621.2</ele><time>2026-03-28T11:20:13.000Z</time></trkpt>
      <trkpt lat="53.458675" lon="-1.859783"><ele>621.4</ele><time>2026-03-28T11:20:14.000Z</time></trkpt>
      <trkpt lat="53.458680" lon="-1.859781"><ele>621.0</ele><time>2026-03-28T11:20:15.000Z</time></trkpt>
      <trkpt lat="53.458680" lon="-1.859784"><ele>620.0</ele><time>2026-03-28T11:20:16.000Z</time></trkpt>
      <trkpt lat="53.458680" lon="-1.859791"><ele>619.6</ele><time>2026-03-28T11:20:17.000Z</time></trkpt>
      <trkpt lat="53.458694" lon="-1.859804"><ele>620.2</ele><time>2026-03-28T11:20:18.000Z</time></trkpt>
      <trkpt lat="53.458706" lon="-1.859809"><ele>619.8</ele><time>2026-03-28T11:20:19.000Z</time></trkpt>
      <trkpt lat="53.458720" lon="-1.859809"><ele>620.2</ele><time>2026-03-28T11:20:20.000Z</time></trkpt>
      <trkpt lat="53.458733" lon="-1.859809"><ele>620.0</ele><time>2026-03-28T11:20:21.000Z</time></trkpt>
      <trkpt lat="53.458736" lon="-1.859798"><ele>620.4</ele><time>2026-03-28T11:20:22.000Z</time></trkpt>
      <trkpt lat="53.458744" lon="-1.859795"><ele>620.2</ele><time>2026-03-28T11:20:23.000Z</time></trkpt>
      <trkpt lat="53.458750" lon="-1.859798"><ele>620.6</ele><time>2026-03-28T11:20:24.000Z</time></trkpt>
      <trkpt lat="53.458763" lon="-1.859799"><ele>620.6</ele><time>2026-03-28T11:20:25.000Z</time></trkpt>
      <trkpt lat="53.458782" lon="-1.859799"><ele>621.8</ele><time>2026-03-28T11:20:26.000Z</time></trkpt>
      <trkpt lat="53.458786" lon="-1.859808"><ele>621.6</ele><time>2026-03-28T11:20:27.000Z</time></trkpt>
      <trkpt lat="53.458794" lon="-1.859819"><ele>621.0</ele><time>2026-03-28T11:20:28.000Z</time></trkpt>
      <trkpt lat="53.458797" lon="-1.859826"><ele>620.6</ele><time>2026-03-28T11:20:29.000Z</time></trkpt>
      <trkpt lat="53.458805" lon="-1.859841"><ele>621.2</ele><time>2026-03-28T11:20:30.000Z</time></trkpt>
      <trkpt lat="53.458817" lon="-1.859843"><ele>620.8</ele><time>2026-03-28T11:20:31.000Z</time></trkpt>
      <trkpt lat="53.458824" lon="-1.859850"><ele>620.6</ele><time>2026-03-28T11:20:32.000Z</time></trkpt>
      <trkpt lat="53.458830" lon="-1.859849"><ele>620.8</ele><time>2026-03-28T11:20:33.000Z</time></trkpt>
      <trkpt lat="53.458843" lon="-1.859855"><ele>621.2</ele><time>2026-03-28T11:20:34.000Z</time></trkpt>
      <trkpt lat="53.458850" lon="-1.859861"><ele>621.2</ele><time>2026-03-28T11:20:35.000Z</time></trkpt>
      <trkpt lat="53.458862" lon="-1.859871"><ele>621.8</ele><time>2026-03-28T11:20:36.000Z</time></trkpt>
      <trkpt lat="53.458880" lon="-1.859872"><ele>621.8</ele><time>2026-03-28T11:20:37.000Z</time></trkpt>
      <trkpt lat="53.458880" lon="-1.859871"><ele>621.4</ele><time>2026-03-28T11:20:38.000Z</time></trkpt>
      <trkpt lat="53.458890" lon="-1.859867"><ele>621.6</ele><time>2026-03-28T11:20:39.000Z</time></trkpt>
      <trkpt lat="53.458904" lon="-1.859870"><ele>622.2</ele><time>2026-03-28T11:20:40.000Z</time></trkpt>
      <trkpt lat="53.458910" lon="-1.859870"><ele>621.6</ele><time>2026-03-28T11:20:41.000Z</time></trkpt>
      <trkpt lat="53.458916" lon="-1.859869"><ele>621.6</ele><time>2026-03-28T11:20:42.000Z</time></trkpt>
      <trkpt lat="53.458927" lon="-1.859869"><ele>621.2</ele><time>2026-03-28T11:20:43.000Z</time></trkpt>
      <trkpt lat="53.458935" lon="-1.859868"><ele>621.8</ele><time>2026-03-28T11:20:44.000Z</time></trkpt>
      <trkpt lat="53.458942" lon="-1.859867"><ele>621.6</ele><time>2026-03-28T11:20:45.000Z</time></trkpt>
      <trkpt lat="53.458950" lon="-1.859874"><ele>622.0</ele><time>2026-03-28T11:20:46.000Z</time></trkpt>
      <trkpt lat="53.458958" lon="-1.859890"><ele>622.0</ele><time>2026-03-28T11:20:47.000Z</time></trkpt>
      <trkpt lat="53.458958" lon="-1.859906"><ele>622.0</ele><time>2026-03-28T11:20:48.000Z</time></trkpt>
      <trkpt lat="53.458954" lon="-1.859918"><ele>622.0</ele><time>2026-03-28T11:20:49.000Z</time></trkpt>
      <trkpt lat="53.458960" lon="-1.859944"><ele>622.0</ele><time>2026-03-28T11:20:50.000Z</time></trkpt>
      <trkpt lat="53.458973" lon="-1.859951"><ele>622.0</ele><time>2026-03-28T11:20:51.000Z</time></trkpt>
      <trkpt lat="53.458980" lon="-1.859960"><ele>622.2</ele><time>2026-03-28T11:20:52.000Z</time></trkpt>
      <trkpt lat="53.458984" lon="-1.859984"><ele>622.2</ele><time>2026-03-28T11:20:53.000Z</time></trkpt>
      <trkpt lat="53.458990" lon="-1.860000"><ele>622.0</ele><time>2026-03-28T11:20:54.000Z</time></trkpt>
      <trkpt lat="53.458992" lon="-1.860026"><ele>621.8</ele><time>2026-03-28T11:20:55.000Z</time></trkpt>
      <trkpt lat="53.458996" lon="-1.860037"><ele>621.4</ele><time>2026-03-28T11:20:56.000Z</time></trkpt>
      <trkpt lat="53.459000" lon="-1.860050"><ele>621.4</ele><time>2026-03-28T11:20:57.000Z</time></trkpt>
      <trkpt lat="53.459007" lon="-1.860066"><ele>622.0</ele><time>2026-03-28T11:20:58.000Z</time></trkpt>
      <trkpt lat="53.459015" lon="-1.860089"><ele>621.4</ele><time>2026-03-28T11:20:59.000Z</time></trkpt>
      <trkpt lat="53.459023" lon="-1.860099"><ele>621.8</ele><time>2026-03-28T11:21:00.000Z</time></trkpt>
      <trkpt lat="53.459038" lon="-1.860117"><ele>622.0</ele><time>2026-03-28T11:21:01.000Z</time></trkpt>
      <trkpt lat="53.459045" lon="-1.860123"><ele>621.2</ele><time>2026-03-28T11:21:02.000Z</time></trkpt>
      <trkpt lat="53.459053" lon="-1.860129"><ele>621.2</ele><time>2026-03-28T11:21:03.000Z</time></trkpt>
      <trkpt lat="53.459060" lon="-1.860141"><ele>621.2</ele><time>2026-03-28T11:21:04.000Z</time></trkpt>
      <trkpt lat="53.459076" lon="-1.860157"><ele>621.0</ele><time>2026-03-28T11:21:05.000Z</time></trkpt>
      <trkpt lat="53.459080" lon="-1.860172"><ele>621.2</ele><time>2026-03-28T11:21:06.000Z</time></trkpt>
      <trkpt lat="53.459090" lon="-1.860189"><ele>621.0</ele><time>2026-03-28T11:21:07.000Z</time></trkpt>
      <trkpt lat="53.459095" lon="-1.860204"><ele>621.6</ele><time>2026-03-28T11:21:08.000Z</time></trkpt>
      <trkpt lat="53.459100" lon="-1.860215"><ele>622.0</ele><time>2026-03-28T11:21:09.000Z</time></trkpt>
      <trkpt lat="53.459106" lon="-1.860224"><ele>622.0</ele><time>2026-03-28T11:21:10.000Z</time></trkpt>
      <trkpt lat="53.459106" lon="-1.860232"><ele>621.4</ele><time>2026-03-28T11:21:11.000Z</time></trkpt>
      <trkpt lat="53.459106" lon="-1.860236"><ele>622.4</ele><time>2026-03-28T11:21:12.000Z</time></trkpt>
      <trkpt lat="53.459118" lon="-1.860254"><ele>622.0</ele><time>2026-03-28T11:21:13.000Z</time></trkpt>
      <trkpt lat="53.459133" lon="-1.860266"><ele>621.6</ele><time>2026-03-28T11:21:14.000Z</time></trkpt>
      <trkpt lat="53.459140" lon="-1.860272"><ele>622.0</ele><time>2026-03-28T11:21:15.000Z</time></trkpt>
      <trkpt lat="53.459150" lon="-1.860274"><ele>622.4</ele><time>2026-03-28T11:21:16.000Z</time></trkpt>
      <trkpt lat="53.459160" lon="-1.860262"><ele>622.6</ele><time>2026-03-28T11:21:17.000Z</time></trkpt>
      <trkpt lat="53.459170" lon="-1.860254"><ele>623.2</ele><time>2026-03-28T11:21:18.000Z</time></trkpt>
      <trkpt lat="53.459180" lon="-1.860251"><ele>622.4</ele><time>2026-03-28T11:21:19.000Z</time></trkpt>
      <trkpt lat="53.459194" lon="-1.860244"><ele>622.6</ele><time>2026-03-28T11:21:20.000Z</time></trkpt>
      <trkpt lat="53.459200" lon="-1.860234"><ele>622.8</ele><time>2026-03-28T11:21:21.000Z</time></trkpt>
      <trkpt lat="53.459206" lon="-1.860221"><ele>623.0</ele><time>2026-03-28T11:21:22.000Z</time></trkpt>
      <trkpt lat="53.459210" lon="-1.860206"><ele>623.8</ele><time>2026-03-28T11:21:23.000Z</time></trkpt>
      <trkpt lat="53.459217" lon="-1.860203"><ele>624.4</ele><time>2026-03-28T11:21:24.000Z</time></trkpt>
      <trkpt lat="53.459213" lon="-1.860194"><ele>624.0</ele><time>2026-03-28T11:21:25.000Z</time></trkpt>
      <trkpt lat="53.459217" lon="-1.860176"><ele>623.6</ele><time>2026-03-28T11:21:26.000Z</time></trkpt>
      <trkpt lat="53.459220" lon="-1.860164"><ele>624.0</ele><time>2026-03-28T11:21:27.000Z</time></trkpt>
      <trkpt lat="53.459236" lon="-1.860153"><ele>624.4</ele><time>2026-03-28T11:21:28.000Z</time></trkpt>
      <trkpt lat="53.459240" lon="-1.860154"><ele>624.0</ele><time>2026-03-28T11:21:29.000Z</time></trkpt>
      <trkpt lat="53.459248" lon="-1.860144"><ele>624.4</ele><time>2026-03-28T11:21:30.000Z</time></trkpt>
      <trkpt lat="53.459255" lon="-1.860138"><ele>624.6</ele><time>2026-03-28T11:21:31.000Z</time></trkpt>
      <trkpt lat="53.459255" lon="-1.860136"><ele>624.6</ele><time>2026-03-28T11:21:32.000Z</time></trkpt>
      <trkpt lat="53.459260" lon="-1.860130"><ele>624.4</ele><time>2026-03-28T11:21:33.000Z</time></trkpt>
      <trkpt lat="53.459267" lon="-1.860125"><ele>624.4</ele><time>2026-03-28T11:21:34.000Z</time></trkpt>
      <trkpt lat="53.459274" lon="-1.860122"><ele>624.6</ele><time>2026-03-28T11:21:35.000Z</time></trkpt>
      <trkpt lat="53.459274" lon="-1.860129"><ele>624.4</ele><time>2026-03-28T11:21:36.000Z</time></trkpt>
      <trkpt lat="53.459282" lon="-1.860140"><ele>624.4</ele><time>2026-03-28T11:21:37.000Z</time></trkpt>
      <trkpt lat="53.459286" lon="-1.860140"><ele>624.4</ele><time>2026-03-28T11:21:38.000Z</time></trkpt>
      <trkpt lat="53.459286" lon="-1.860137"><ele>624.4</ele><time>2026-03-28T11:21:39.000Z</time></trkpt>
      <trkpt lat="53.459293" lon="-1.860139"><ele>624.4</ele><time>2026-03-28T11:21:40.000Z</time></trkpt>
      <trkpt lat="53.459300" lon="-1.860143"><ele>624.2</ele><time>2026-03-28T11:21:41.000Z</time></trkpt>
      <trkpt lat="53.459312" lon="-1.860146"><ele>624.0</ele><time>2026-03-28T11:21:42.000Z</time></trkpt>
      <trkpt lat="53.459324" lon="-1.860148"><ele>625.0</ele><time>2026-03-28T11:21:43.000Z</time></trkpt>
      <trkpt lat="53.459330" lon="-1.860155"><ele>625.2</ele><time>2026-03-28T11:21:44.000Z</time></trkpt>
      <trkpt lat="53.459335" lon="-1.860148"><ele>625.2</ele><time>2026-03-28T11:21:45.000Z</time></trkpt>
      <trkpt lat="53.459347" lon="-1.860147"><ele>624.8</ele><time>2026-03-28T11:21:46.000Z</time></trkpt>
      <trkpt lat="53.459354" lon="-1.860145"><ele>625.0</ele><time>2026-03-28T11:21:47.000Z</time></trkpt>
      <trkpt lat="53.459366" lon="-1.860142"><ele>624.8</ele><time>2026-03-28T11:21:48.000Z</time></trkpt>
      <trkpt lat="53.459377" lon="-1.860131"><ele>624.6</ele><time>2026-03-28T11:21:49.000Z</time></trkpt>
      <trkpt lat="53.459380" lon="-1.860125"><ele>626.2</ele><time>2026-03-28T11:21:50.000Z</time></trkpt>
      <trkpt lat="53.459380" lon="-1.860134"><ele>625.2</ele><time>2026-03-28T11:21:51.000Z</time></trkpt>
      <trkpt lat="53.459390" lon="-1.860134"><ele>624.4</ele><time>2026-03-28T11:21:52.000Z</time></trkpt>
      <trkpt lat="53.459400" lon="-1.860147"><ele>624.8</ele><time>2026-03-28T11:21:53.000Z</time></trkpt>
      <trkpt lat="53.459404" lon="-1.860153"><ele>625.2</ele><time>2026-03-28T11:21:54.000Z</time></trkpt>
      <trkpt lat="53.459408" lon="-1.860151"><ele>624.6</ele><time>2026-03-28T11:21:55.000Z</time></trkpt>
      <trkpt lat="53.459410" lon="-1.860160"><ele>624.4</ele><time>2026-03-28T11:21:56.000Z</time></trkpt>
      <trkpt lat="53.459423" lon="-1.860171"><ele>624.8</ele><time>2026-03-28T11:21:57.000Z</time></trkpt>
      <trkpt lat="53.459427" lon="-1.860183"><ele>625.4</ele><time>2026-03-28T11:21:58.000Z</time></trkpt>
      <trkpt lat="53.459430" lon="-1.860192"><ele>624.6</ele><time>2026-03-28T11:21:59.000Z</time></trkpt>
      <trkpt lat="53.459440" lon="-1.860196"><ele>624.8</ele><time>2026-03-28T11:22:00.000Z</time></trkpt>
      <trkpt lat="53.459446" lon="-1.860194"><ele>625.2</ele><time>2026-03-28T11:22:01.000Z</time></trkpt>
      <trkpt lat="53.459457" lon="-1.860193"><ele>625.4</ele><time>2026-03-28T11:22:02.000Z</time></trkpt>
      <trkpt lat="53.459460" lon="-1.860203"><ele>624.4</ele><time>2026-03-28T11:22:03.000Z</time></trkpt>
      <trkpt lat="53.459470" lon="-1.860217"><ele>624.8</ele><time>2026-03-28T11:22:04.000Z</time></trkpt>
      <trkpt lat="53.459476" lon="-1.860231"><ele>625.0</ele><time>2026-03-28T11:22:05.000Z</time></trkpt>
      <trkpt lat="53.459476" lon="-1.860234"><ele>624.2</ele><time>2026-03-28T11:22:06.000Z</time></trkpt>
      <trkpt lat="53.459488" lon="-1.860251"><ele>624.6</ele><time>2026-03-28T11:22:07.000Z</time></trkpt>
      <trkpt lat="53.459496" lon="-1.860259"><ele>625.6</ele><time>2026-03-28T11:22:08.000Z</time></trkpt>
      <trkpt lat="53.459503" lon="-1.860261"><ele>624.8</ele><time>2026-03-28T11:22:09.000Z</time></trkpt>
      <trkpt lat="53.459507" lon="-1.860266"><ele>625.0</ele><time>2026-03-28T11:22:10.000Z</time></trkpt>
      <trkpt lat="53.459520" lon="-1.860280"><ele>625.4</ele><time>2026-03-28T11:22:11.000Z</time></trkpt>
      <trkpt lat="53.459522" lon="-1.860295"><ele>625.8</ele><time>2026-03-28T11:22:12.000Z</time></trkpt>
      <trkpt lat="53.459520" lon="-1.860290"><ele>625.6</ele><time>2026-03-28T11:22:13.000Z</time></trkpt>
      <trkpt lat="53.459520" lon="-1.860295"><ele>625.4</ele><time>2026-03-28T11:22:14.000Z</time></trkpt>
      <trkpt lat="53.459522" lon="-1.860308"><ele>625.2</ele><time>2026-03-28T11:22:15.000Z</time></trkpt>
      <trkpt lat="53.459526" lon="-1.860319"><ele>624.4</ele><time>2026-03-28T11:22:16.000Z</time></trkpt>
      <trkpt lat="53.459538" lon="-1.860332"><ele>624.0</ele><time>2026-03-28T11:22:17.000Z</time></trkpt>
      <trkpt lat="53.459550" lon="-1.860345"><ele>624.6</ele><time>2026-03-28T11:22:18.000Z</time></trkpt>
      <trkpt lat="53.459550" lon="-1.860352"><ele>625.8</ele><time>2026-03-28T11:22:19.000Z</time></trkpt>
      <trkpt lat="53.459553" lon="-1.860366"><ele>625.6</ele><time>2026-03-28T11:22:20.000Z</time></trkpt>
      <trkpt lat="53.459564" lon="-1.860372"><ele>625.0</ele><time>2026-03-28T11:22:21.000Z</time></trkpt>
      <trkpt lat="53.459580" lon="-1.860369"><ele>626.0</ele><time>2026-03-28T11:22:22.000Z</time></trkpt>
      <trkpt lat="53.459590" lon="-1.860375"><ele>626.8</ele><time>2026-03-28T11:22:23.000Z</time></trkpt>
      <trkpt lat="53.459602" lon="-1.860387"><ele>626.4</ele><time>2026-03-28T11:22:24.000Z</time></trkpt>
      <trkpt lat="53.459606" lon="-1.860396"><ele>626.4</ele><time>2026-03-28T11:22:25.000Z</time></trkpt>
      <trkpt lat="53.459610" lon="-1.860399"><ele>625.8</ele><time>2026-03-28T11:22:26.000Z</time></trkpt>
      <trkpt lat="53.459625" lon="-1.860408"><ele>626.0</ele><time>2026-03-28T11:22:27.000Z</time></trkpt>
      <trkpt lat="53.459620" lon="-1.860413"><ele>626.0</ele><time>2026-03-28T11:22:28.000Z</time></trkpt>
      <trkpt lat="53.459625" lon="-1.860424"><ele>626.0</ele><time>2026-03-28T11:22:29.000Z</time></trkpt>
      <trkpt lat="53.459625" lon="-1.860433"><ele>626.2</ele><time>2026-03-28T11:22:30.000Z</time></trkpt>
      <trkpt lat="53.459630" lon="-1.860444"><ele>626.2</ele><time>2026-03-28T11:22:31.000Z</time></trkpt>
      <trkpt lat="53.459633" lon="-1.860451"><ele>625.8</ele><time>2026-03-28T11:22:32.000Z</time></trkpt>
      <trkpt lat="53.459640" lon="-1.860463"><ele>626.0</ele><time>2026-03-28T11:22:33.000Z</time></trkpt>
      <trkpt lat="53.459644" lon="-1.860471"><ele>626.0</ele><time>2026-03-28T11:22:34.000Z</time></trkpt>
      <trkpt lat="53.459650" lon="-1.860486"><ele>625.8</ele><time>2026-03-28T11:22:35.000Z</time></trkpt>
      <trkpt lat="53.459656" lon="-1.860505"><ele>626.4</ele><time>2026-03-28T11:22:36.000Z</time></trkpt>
      <trkpt lat="53.459663" lon="-1.860522"><ele>627.0</ele><time>2026-03-28T11:22:37.000Z</time></trkpt>
      <trkpt lat="53.459670" lon="-1.860530"><ele>627.0</ele><time>2026-03-28T11:22:38.000Z</time></trkpt>
      <trkpt lat="53.459680" lon="-1.860543"><ele>626.6</ele><time>2026-03-28T11:22:39.000Z</time></trkpt>
      <trkpt lat="53.459682" lon="-1.860564"><ele>627.0</ele><time>2026-03-28T11:22:40.000Z</time></trkpt>
      <trkpt lat="53.459690" lon="-1.860579"><ele>627.2</ele><time>2026-03-28T11:22:41.000Z</time></trkpt>
      <trkpt lat="53.459694" lon="-1.860597"><ele>627.4</ele><time>2026-03-28T11:22:42.000Z</time></trkpt>
      <trkpt lat="53.459694" lon="-1.860611"><ele>627.6</ele><time>2026-03-28T11:22:43.000Z</time></trkpt>
      <trkpt lat="53.459694" lon="-1.860631"><ele>627.6</ele><time>2026-03-28T11:22:44.000Z</time></trkpt>
      <trkpt lat="53.459700" lon="-1.860648"><ele>627.6</ele><time>2026-03-28T11:22:45.000Z</time></trkpt>
      <trkpt lat="53.459705" lon="-1.860666"><ele>627.4</ele><time>2026-03-28T11:22:46.000Z</time></trkpt>
      <trkpt lat="53.459710" lon="-1.860682"><ele>627.6</ele><time>2026-03-28T11:22:47.000Z</time></trkpt>
      <trkpt lat="53.459717" lon="-1.860701"><ele>627.2</ele><time>2026-03-28T11:22:48.000Z</time></trkpt>
      <trkpt lat="53.459720" lon="-1.860715"><ele>627.2</ele><time>2026-03-28T11:22:49.000Z</time></trkpt>
      <trkpt lat="53.459724" lon="-1.860730"><ele>627.0</ele><time>2026-03-28T11:22:50.000Z</time></trkpt>
      <trkpt lat="53.459724" lon="-1.860750"><ele>627.2</ele><time>2026-03-28T11:22:51.000Z</time></trkpt>
      <trkpt lat="53.459730" lon="-1.860761"><ele>627.0</ele><time>2026-03-28T11:22:52.000Z</time></trkpt>
      <trkpt lat="53.459736" lon="-1.860768"><ele>627.0</ele><time>2026-03-28T11:22:53.000Z</time></trkpt>
      <trkpt lat="53.459740" lon="-1.860774"><ele>627.2</ele><time>2026-03-28T11:22:54.000Z</time></trkpt>
      <trkpt lat="53.459740" lon="-1.860771"><ele>626.8</ele><time>2026-03-28T11:22:55.000Z</time></trkpt>
      <trkpt lat="53.459750" lon="-1.860778"><ele>626.8</ele><time>2026-03-28T11:22:56.000Z</time></trkpt>
      <trkpt lat="53.459760" lon="-1.860793"><ele>626.0</ele><time>2026-03-28T11:22:57.000Z</time></trkpt>
      <trkpt lat="53.459755" lon="-1.860799"><ele>626.8</ele><time>2026-03-28T11:22:58.000Z</time></trkpt>
      <trkpt lat="53.459760" lon="-1.860794"><ele>627.6</ele><time>2026-03-28T11:22:59.000Z</time></trkpt>
      <trkpt lat="53.459750" lon="-1.860811"><ele>626.4</ele><time>2026-03-28T11:23:00.000Z</time></trkpt>
      <trkpt lat="53.459763" lon="-1.860820"><ele>626.6</ele><time>2026-03-28T11:23:01.000Z</time></trkpt>
      <trkpt lat="53.459780" lon="-1.860823"><ele>627.4</ele><time>2026-03-28T11:23:02.000Z</time></trkpt>
      <trkpt lat="53.459785" lon="-1.860829"><ele>627.6</ele><time>2026-03-28T11:23:03.000Z</time></trkpt>
      <trkpt lat="53.459797" lon="-1.860836"><ele>627.4</ele><time>2026-03-28T11:23:04.000Z</time></trkpt>
      <trkpt lat="53.459805" lon="-1.860847"><ele>627.4</ele><time>2026-03-28T11:23:05.000Z</time></trkpt>
      <trkpt lat="53.459816" lon="-1.860861"><ele>627.8</ele><time>2026-03-28T11:23:06.000Z</time></trkpt>
      <trkpt lat="53.459827" lon="-1.860867"><ele>628.0</ele><time>2026-03-28T11:23:07.000Z</time></trkpt>
      <trkpt lat="53.459843" lon="-1.860866"><ele>628.4</ele><time>2026-03-28T11:23:08.000Z</time></trkpt>
      <trkpt lat="53.459854" lon="-1.860870"><ele>628.4</ele><time>2026-03-28T11:23:09.000Z</time></trkpt>
      <trkpt lat="53.459866" lon="-1.860867"><ele>628.4</ele><time>2026-03-28T11:23:10.000Z</time></trkpt>
      <trkpt lat="53.459870" lon="-1.860871"><ele>628.0</ele><time>2026-03-28T11:23:11.000Z</time></trkpt>
      <trkpt lat="53.459873" lon="-1.860879"><ele>628.8</ele><time>2026-03-28T11:23:12.000Z</time></trkpt>
      <trkpt lat="53.459885" lon="-1.860892"><ele>629.2</ele><time>2026-03-28T11:23:13.000Z</time></trkpt>
      <trkpt lat="53.459900" lon="-1.860900"><ele>628.8</ele><time>2026-03-28T11:23:14.000Z</time></trkpt>
      <trkpt lat="53.459910" lon="-1.860902"><ele>628.8</ele><time>2026-03-28T11:23:15.000Z</time></trkpt>
      <trkpt lat="53.459920" lon="-1.860902"><ele>628.2</ele><time>2026-03-28T11:23:16.000Z</time></trkpt>
      <trkpt lat="53.459934" lon="-1.860892"><ele>628.8</ele><time>2026-03-28T11:23:17.000Z</time></trkpt>
      <trkpt lat="53.459953" lon="-1.860890"><ele>628.6</ele><time>2026-03-28T11:23:18.000Z</time></trkpt>
      <trkpt lat="53.459960" lon="-1.860883"><ele>629.2</ele><time>2026-03-28T11:23:19.000Z</time></trkpt>
      <trkpt lat="53.459972" lon="-1.860883"><ele>629.0</ele><time>2026-03-28T11:23:20.000Z</time></trkpt>
      <trkpt lat="53.459984" lon="-1.860882"><ele>629.2</ele><time>2026-03-28T11:23:21.000Z</time></trkpt>
      <trkpt lat="53.460000" lon="-1.860882"><ele>630.2</ele><time>2026-03-28T11:23:22.000Z</time></trkpt>
      <trkpt lat="53.460007" lon="-1.860870"><ele>629.4</ele><time>2026-03-28T11:23:23.000Z</time></trkpt>
      <trkpt lat="53.460014" lon="-1.860847"><ele>629.4</ele><time>2026-03-28T11:23:24.000Z</time></trkpt>
      <trkpt lat="53.460022" lon="-1.860842"><ele>629.2</ele><time>2026-03-28T11:23:25.000Z</time></trkpt>
      <trkpt lat="53.460030" lon="-1.860848"><ele>629.4</ele><time>2026-03-28T11:23:26.000Z</time></trkpt>
      <trkpt lat="53.460037" lon="-1.860857"><ele>629.6</ele><time>2026-03-28T11:23:27.000Z</time></trkpt>
      <trkpt lat="53.460050" lon="-1.860866"><ele>630.2</ele><time>2026-03-28T11:23:28.000Z</time></trkpt>
      <trkpt lat="53.460056" lon="-1.860871"><ele>630.0</ele><time>2026-03-28T11:23:29.000Z</time></trkpt>
      <trkpt lat="53.460068" lon="-1.860871"><ele>629.6</ele><time>2026-03-28T11:23:30.000Z</time></trkpt>
      <trkpt lat="53.460075" lon="-1.860872"><ele>629.0</ele><time>2026-03-28T11:23:31.000Z</time></trkpt>
      <trkpt lat="53.460090" lon="-1.860869"><ele>629.4</ele><time>2026-03-28T11:23:32.000Z</time></trkpt>
      <trkpt lat="53.460102" lon="-1.860862"><ele>630.0</ele><time>2026-03-28T11:23:33.000Z</time></trkpt>
      <trkpt lat="53.460106" lon="-1.860861"><ele>629.6</ele><time>2026-03-28T11:23:34.000Z</time></trkpt>
      <trkpt lat="53.460106" lon="-1.860863"><ele>629.8</ele><time>2026-03-28T11:23:35.000Z</time></trkpt>
      <trkpt lat="53.460114" lon="-1.860866"><ele>629.8</ele><time>2026-03-28T11:23:36.000Z</time></trkpt>
      <trkpt lat="53.460125" lon="-1.860866"><ele>630.0</ele><time>2026-03-28T11:23:37.000Z</time></trkpt>
      <trkpt lat="53.460140" lon="-1.860863"><ele>630.6</ele><time>2026-03-28T11:23:38.000Z</time></trkpt>
      <trkpt lat="53.460148" lon="-1.860861"><ele>630.4</ele><time>2026-03-28T11:23:39.000Z</time></trkpt>
      <trkpt lat="53.460160" lon="-1.860860"><ele>631.0</ele><time>2026-03-28T11:23:40.000Z</time></trkpt>
      <trkpt lat="53.460167" lon="-1.860857"><ele>630.4</ele><time>2026-03-28T11:23:41.000Z</time></trkpt>
      <trkpt lat="53.460175" lon="-1.860838"><ele>629.8</ele><time>2026-03-28T11:23:42.000Z</time></trkpt>
      <trkpt lat="53.460190" lon="-1.860828"><ele>630.8</ele><time>2026-03-28T11:23:43.000Z</time></trkpt>
      <trkpt lat="53.460200" lon="-1.860821"><ele>630.8</ele><time>2026-03-28T11:23:44.000Z</time></trkpt>
      <trkpt lat="53.460210" lon="-1.860813"><ele>630.8</ele><time>2026-03-28T11:23:45.000Z</time></trkpt>
      <trkpt lat="53.460217" lon="-1.860809"><ele>630.8</ele><time>2026-03-28T11:23:46.000Z</time></trkpt>
      <trkpt lat="53.460228" lon="-1.860795"><ele>631.2</ele><time>2026-03-28T11:23:47.000Z</time></trkpt>
      <trkpt lat="53.460236" lon="-1.860783"><ele>632.0</ele><time>2026-03-28T11:23:48.000Z</time></trkpt>
      <trkpt lat="53.460243" lon="-1.860771"><ele>632.0</ele><time>2026-03-28T11:23:49.000Z</time></trkpt>
      <trkpt lat="53.460250" lon="-1.860760"><ele>631.6</ele><time>2026-03-28T11:23:50.000Z</time></trkpt>
      <trkpt lat="53.460260" lon="-1.860745"><ele>631.8</ele><time>2026-03-28T11:23:51.000Z</time></trkpt>
      <trkpt lat="53.460266" lon="-1.860731"><ele>632.2</ele><time>2026-03-28T11:23:52.000Z</time></trkpt>
      <trkpt lat="53.460274" lon="-1.860714"><ele>631.8</ele><time>2026-03-28T11:23:53.000Z</time></trkpt>
      <trkpt lat="53.460285" lon="-1.860704"><ele>631.4</ele><time>2026-03-28T11:23:54.000Z</time></trkpt>
      <trkpt lat="53.460293" lon="-1.860688"><ele>631.6</ele><time>2026-03-28T11:23:55.000Z</time></trkpt>
      <trkpt lat="53.460300" lon="-1.860677"><ele>631.6</ele><time>2026-03-28T11:23:56.000Z</time></trkpt>
      <trkpt lat="53.460308" lon="-1.860664"><ele>632.2</ele><time>2026-03-28T11:23:57.000Z</time></trkpt>
      <trkpt lat="53.460310" lon="-1.860660"><ele>631.8</ele><time>2026-03-28T11:23:58.000Z</time></trkpt>
      <trkpt lat="53.460320" lon="-1.860656"><ele>632.2</ele><time>2026-03-28T11:23:59.000Z</time></trkpt>
      <trkpt lat="53.460327" lon="-1.860650"><ele>633.2</ele><time>2026-03-28T11:24:00.000Z</time></trkpt>
      <trkpt lat="53.460340" lon="-1.860643"><ele>632.8</ele><time>2026-03-28T11:24:01.000Z</time></trkpt>
      <trkpt lat="53.460346" lon="-1.860629"><ele>632.2</ele><time>2026-03-28T11:24:02.000Z</time></trkpt>
      <trkpt lat="53.460354" lon="-1.860618"><ele>633.0</ele><time>2026-03-28T11:24:03.000Z</time></trkpt>
      <trkpt lat="53.460360" lon="-1.860614"><ele>632.0</ele><time>2026-03-28T11:24:04.000Z</time></trkpt>
      <trkpt lat="53.460377" lon="-1.860606"><ele>631.8</ele><time>2026-03-28T11:24:05.000Z</time></trkpt>
      <trkpt lat="53.460392" lon="-1.860587"><ele>632.2</ele><time>2026-03-28T11:24:06.000Z</time></trkpt>
      <trkpt lat="53.460392" lon="-1.860574"><ele>631.4</ele><time>2026-03-28T11:24:07.000Z</time></trkpt>
      <trkpt lat="53.460400" lon="-1.860570"><ele>631.6</ele><time>2026-03-28T11:24:08.000Z</time></trkpt>
      <trkpt lat="53.460410" lon="-1.860554"><ele>631.8</ele><time>2026-03-28T11:24:09.000Z</time></trkpt>
      <trkpt lat="53.460426" lon="-1.860543"><ele>632.0</ele><time>2026-03-28T11:24:10.000Z</time></trkpt>
      <trkpt lat="53.460434" lon="-1.860536"><ele>632.2</ele><time>2026-03-28T11:24:11.000Z</time></trkpt>
      <trkpt lat="53.460450" lon="-1.860514"><ele>632.2</ele><time>2026-03-28T11:24:12.000Z</time></trkpt>
      <trkpt lat="53.460457" lon="-1.860508"><ele>632.6</ele><time>2026-03-28T11:24:13.000Z</time></trkpt>
      <trkpt lat="53.460472" lon="-1.860504"><ele>633.2</ele><time>2026-03-28T11:24:14.000Z</time></trkpt>
      <trkpt lat="53.460480" lon="-1.860505"><ele>632.6</ele><time>2026-03-28T11:24:15.000Z</time></trkpt>
      <trkpt lat="53.460495" lon="-1.860503"><ele>633.0</ele><time>2026-03-28T11:24:16.000Z</time></trkpt>
      <trkpt lat="53.460510" lon="-1.860493"><ele>633.2</ele><time>2026-03-28T11:24:17.000Z</time></trkpt>
      <trkpt lat="53.460518" lon="-1.860486"><ele>632.6</ele><time>2026-03-28T11:24:18.000Z</time></trkpt>
      <trkpt lat="53.460530" lon="-1.860469"><ele>632.6</ele><time>2026-03-28T11:24:19.000Z</time></trkpt>
      <trkpt lat="53.460540" lon="-1.860460"><ele>633.0</ele><time>2026-03-28T11:24:20.000Z</time></trkpt>
      <trkpt lat="53.460545" lon="-1.860452"><ele>632.6</ele><time>2026-03-28T11:24:21.000Z</time></trkpt>
      <trkpt lat="53.460556" lon="-1.860434"><ele>632.8</ele><time>2026-03-28T11:24:22.000Z</time></trkpt>
      <trkpt lat="53.460564" lon="-1.860415"><ele>633.0</ele><time>2026-03-28T11:24:23.000Z</time></trkpt>
      <trkpt lat="53.460570" lon="-1.860402"><ele>632.8</ele><time>2026-03-28T11:24:24.000Z</time></trkpt>
      <trkpt lat="53.460575" lon="-1.860383"><ele>632.4</ele><time>2026-03-28T11:24:25.000Z</time></trkpt>
      <trkpt lat="53.460580" lon="-1.860371"><ele>632.0</ele><time>2026-03-28T11:24:26.000Z</time></trkpt>
      <trkpt lat="53.460590" lon="-1.860357"><ele>631.8</ele><time>2026-03-28T11:24:27.000Z</time></trkpt>
      <trkpt lat="53.460600" lon="-1.860338"><ele>632.0</ele><time>2026-03-28T11:24:28.000Z</time></trkpt>
      <trkpt lat="53.460606" lon="-1.860326"><ele>631.4</ele><time>2026-03-28T11:24:29.000Z</time></trkpt>
      <trkpt lat="53.460613" lon="-1.860306"><ele>631.2</ele><time>2026-03-28T11:24:30.000Z</time></trkpt>
      <trkpt lat="53.460620" lon="-1.860295"><ele>630.8</ele><time>2026-03-28T11:24:31.000Z</time></trkpt>
      <trkpt lat="53.460630" lon="-1.860292"><ele>630.8</ele><time>2026-03-28T11:24:32.000Z</time></trkpt>
      <trkpt lat="53.460648" lon="-1.860282"><ele>631.2</ele><time>2026-03-28T11:24:33.000Z</time></trkpt>
      <trkpt lat="53.460660" lon="-1.860273"><ele>631.8</ele><time>2026-03-28T11:24:34.000Z</time></trkpt>
      <trkpt lat="53.460670" lon="-1.860259"><ele>631.2</ele><time>2026-03-28T11:24:35.000Z</time></trkpt>
      <trkpt lat="53.460686" lon="-1.860250"><ele>631.8</ele><time>2026-03-28T11:24:36.000Z</time></trkpt>
      <trkpt lat="53.460697" lon="-1.860240"><ele>632.0</ele><time>2026-03-28T11:24:37.000Z</time></trkpt>
      <trkpt lat="53.460705" lon="-1.860237"><ele>631.6</ele><time>2026-03-28T11:24:38.000Z</time></trkpt>
      <trkpt lat="53.460712" lon="-1.860228"><ele>631.6</ele><time>2026-03-28T11:24:39.000Z</time></trkpt>
      <trkpt lat="53.460724" lon="-1.860217"><ele>631.6</ele><time>2026-03-28T11:24:40.000Z</time></trkpt>
      <trkpt lat="53.460735" lon="-1.860221"><ele>631.6</ele><time>2026-03-28T11:24:41.000Z</time></trkpt>
      <trkpt lat="53.460747" lon="-1.860218"><ele>631.6</ele><time>2026-03-28T11:24:42.000Z</time></trkpt>
      <trkpt lat="53.460754" lon="-1.860209"><ele>631.6</ele><time>2026-03-28T11:24:43.000Z</time></trkpt>
      <trkpt lat="53.460766" lon="-1.860197"><ele>631.6</ele><time>2026-03-28T11:24:44.000Z</time></trkpt>
      <trkpt lat="53.460773" lon="-1.860181"><ele>631.6</ele><time>2026-03-28T11:24:45.000Z</time></trkpt>
      <trkpt lat="53.460780" lon="-1.860167"><ele>631.6</ele><time>2026-03-28T11:24:46.000Z</time></trkpt>
      <trkpt lat="53.460793" lon="-1.860160"><ele>632.0</ele><time>2026-03-28T11:24:47.000Z</time></trkpt>
      <trkpt lat="53.460810" lon="-1.860148"><ele>631.6</ele><time>2026-03-28T11:24:48.000Z</time></trkpt>
      <trkpt lat="53.460815" lon="-1.860143"><ele>631.6</ele><time>2026-03-28T11:24:49.000Z</time></trkpt>
      <trkpt lat="53.460823" lon="-1.860138"><ele>631.6</ele><time>2026-03-28T11:24:50.000Z</time></trkpt>
      <trkpt lat="53.460835" lon="-1.860135"><ele>631.8</ele><time>2026-03-28T11:24:51.000Z</time></trkpt>
      <trkpt lat="53.460842" lon="-1.860125"><ele>632.0</ele><time>2026-03-28T11:24:52.000Z</time></trkpt>
      <trkpt lat="53.460850" lon="-1.860114"><ele>632.0</ele><time>2026-03-28T11:24:53.000Z</time></trkpt>
      <trkpt lat="53.460857" lon="-1.860108"><ele>632.2</ele><time>2026-03-28T11:24:54.000Z</time></trkpt>
      <trkpt lat="53.460865" lon="-1.860102"><ele>632.0</ele><time>2026-03-28T11:24:55.000Z</time></trkpt>
      <trkpt lat="53.460873" lon="-1.860094"><ele>632.0</ele><time>2026-03-28T11:24:56.000Z</time></trkpt>
      <trkpt lat="53.460876" lon="-1.860084"><ele>632.0</ele><time>2026-03-28T11:24:57.000Z</time></trkpt>
      <trkpt lat="53.460880" lon="-1.860078"><ele>631.8</ele><time>2026-03-28T11:24:58.000Z</time></trkpt>
      <trkpt lat="53.460884" lon="-1.860067"><ele>632.0</ele><time>2026-03-28T11:24:59.000Z</time></trkpt>
      <trkpt lat="53.460884" lon="-1.860058"><ele>631.8</ele><time>2026-03-28T11:25:00.000Z</time></trkpt>
      <trkpt lat="53.460890" lon="-1.860054"><ele>631.8</ele><time>2026-03-28T11:25:01.000Z</time></trkpt>
      <trkpt lat="53.460900" lon="-1.860038"><ele>632.2</ele><time>2026-03-28T11:25:02.000Z</time></trkpt>
      <trkpt lat="53.460907" lon="-1.860027"><ele>631.8</ele><time>2026-03-28T11:25:03.000Z</time></trkpt>
      <trkpt lat="53.460915" lon="-1.860019"><ele>631.6</ele><time>2026-03-28T11:25:04.000Z</time></trkpt>
      <trkpt lat="53.460922" lon="-1.860012"><ele>631.6</ele><time>2026-03-28T11:25:05.000Z</time></trkpt>
      <trkpt lat="53.460930" lon="-1.860000"><ele>631.8</ele><time>2026-03-28T11:25:06.000Z</time></trkpt>
      <trkpt lat="53.460938" lon="-1.859987"><ele>631.6</ele><time>2026-03-28T11:25:07.000Z</time></trkpt>
      <trkpt lat="53.460945" lon="-1.859969"><ele>631.6</ele><time>2026-03-28T11:25:08.000Z</time></trkpt>
      <trkpt lat="53.460957" lon="-1.859959"><ele>632.4</ele><time>2026-03-28T11:25:09.000Z</time></trkpt>
      <trkpt lat="53.460964" lon="-1.859944"><ele>631.8</ele><time>2026-03-28T11:25:10.000Z</time></trkpt>
      <trkpt lat="53.460970" lon="-1.859927"><ele>632.2</ele><time>2026-03-28T11:25:11.000Z</time></trkpt>
      <trkpt lat="53.460976" lon="-1.859912"><ele>632.4</ele><time>2026-03-28T11:25:12.000Z</time></trkpt>
      <trkpt lat="53.460980" lon="-1.859893"><ele>632.2</ele><time>2026-03-28T11:25:13.000Z</time></trkpt>
      <trkpt lat="53.460983" lon="-1.859875"><ele>632.0</ele><time>2026-03-28T11:25:14.000Z</time></trkpt>
      <trkpt lat="53.460987" lon="-1.859857"><ele>631.8</ele><time>2026-03-28T11:25:15.000Z</time></trkpt>
      <trkpt lat="53.460995" lon="-1.859846"><ele>632.0</ele><time>2026-03-28T11:25:16.000Z</time></trkpt>
      <trkpt lat="53.461000" lon="-1.859835"><ele>632.0</ele><time>2026-03-28T11:25:17.000Z</time></trkpt>
      <trkpt lat="53.461006" lon="-1.859819"><ele>631.8</ele><time>2026-03-28T11:25:18.000Z</time></trkpt>
      <trkpt lat="53.461014" lon="-1.859799"><ele>631.8</ele><time>2026-03-28T11:25:19.000Z</time></trkpt>
      <trkpt lat="53.461030" lon="-1.859793"><ele>632.4</ele><time>2026-03-28T11:25:20.000Z</time></trkpt>
      <trkpt lat="53.461040" lon="-1.859796"><ele>632.2</ele><time>2026-03-28T11:25:21.000Z</time></trkpt>
      <trkpt lat="53.461050" lon="-1.859804"><ele>632.2</ele><time>2026-03-28T11:25:22.000Z</time></trkpt>
      <trkpt lat="53.461060" lon="-1.859797"><ele>632.0</ele><time>2026-03-28T11:25:23.000Z</time></trkpt>
      <trkpt lat="53.461070" lon="-1.859792"><ele>631.8</ele><time>2026-03-28T11:25:24.000Z</time></trkpt>
      <trkpt lat="53.461086" lon="-1.859787"><ele>632.4</ele><time>2026-03-28T11:25:25.000Z</time></trkpt>
      <trkpt lat="53.461094" lon="-1.859788"><ele>632.0</ele><time>2026-03-28T11:25:26.000Z</time></trkpt>
      <trkpt lat="53.461098" lon="-1.859782"><ele>631.8</ele><time>2026-03-28T11:25:27.000Z</time></trkpt>
      <trkpt lat="53.461117" lon="-1.859778"><ele>632.0</ele><time>2026-03-28T11:25:28.000Z</time></trkpt>
      <trkpt lat="53.461132" lon="-1.859771"><ele>632.8</ele><time>2026-03-28T11:25:29.000Z</time></trkpt>
      <trkpt lat="53.461136" lon="-1.859761"><ele>632.4</ele><time>2026-03-28T11:25:30.000Z</time></trkpt>
      <trkpt lat="53.461143" lon="-1.859749"><ele>632.8</ele><time>2026-03-28T11:25:31.000Z</time></trkpt>
      <trkpt lat="53.461155" lon="-1.859747"><ele>632.4</ele><time>2026-03-28T11:25:32.000Z</time></trkpt>
      <trkpt lat="53.461166" lon="-1.859742"><ele>632.6</ele><time>2026-03-28T11:25:33.000Z</time></trkpt>
      <trkpt lat="53.461174" lon="-1.859734"><ele>632.2</ele><time>2026-03-28T11:25:34.000Z</time></trkpt>
      <trkpt lat="53.461180" lon="-1.859722"><ele>632.2</ele><time>2026-03-28T11:25:35.000Z</time></trkpt>
      <trkpt lat="53.461193" lon="-1.859712"><ele>632.0</ele><time>2026-03-28T11:25:36.000Z</time></trkpt>
      <trkpt lat="53.461200" lon="-1.859711"><ele>632.0</ele><time>2026-03-28T11:25:37.000Z</time></trkpt>
      <trkpt lat="53.461216" lon="-1.859714"><ele>632.4</ele><time>2026-03-28T11:25:38.000Z</time></trkpt>
      <trkpt lat="53.461224" lon="-1.859714"><ele>631.8</ele><time>2026-03-28T11:25:39.000Z</time></trkpt>
      <trkpt lat="53.461230" lon="-1.859702"><ele>632.2</ele><time>2026-03-28T11:25:40.000Z</time></trkpt>
      <trkpt lat="53.461230" lon="-1.859685"><ele>632.2</ele><time>2026-03-28T11:25:41.000Z</time></trkpt>
      <trkpt lat="53.461235" lon="-1.859673"><ele>632.2</ele><time>2026-03-28T11:25:42.000Z</time></trkpt>
      <trkpt lat="53.461240" lon="-1.859664"><ele>633.0</ele><time>2026-03-28T11:25:43.000Z</time></trkpt>
      <trkpt lat="53.461243" lon="-1.859662"><ele>632.6</ele><time>2026-03-28T11:25:44.000Z</time></trkpt>
      <trkpt lat="53.461246" lon="-1.859667"><ele>633.4</ele><time>2026-03-28T11:25:45.000Z</time></trkpt>
      <trkpt lat="53.461235" lon="-1.859673"><ele>633.0</ele><time>2026-03-28T11:25:46.000Z</time></trkpt>
      <trkpt lat="53.461254" lon="-1.859668"><ele>633.2</ele><time>2026-03-28T11:25:47.000Z</time></trkpt>
      <trkpt lat="53.461258" lon="-1.859655"><ele>632.2</ele><time>2026-03-28T11:25:48.000Z</time></trkpt>
      <trkpt lat="53.461270" lon="-1.859643"><ele>632.0</ele><time>2026-03-28T11:25:49.000Z</time></trkpt>
      <trkpt lat="53.461270" lon="-1.859647"><ele>632.2</ele><time>2026-03-28T11:25:50.000Z</time></trkpt>
      <trkpt lat="53.461270" lon="-1.859644"><ele>632.2</ele><time>2026-03-28T11:25:51.000Z</time></trkpt>
      <trkpt lat="53.461266" lon="-1.859649"><ele>632.0</ele><time>2026-03-28T11:25:52.000Z</time></trkpt>
      <trkpt lat="53.461270" lon="-1.859646"><ele>632.2</ele><time>2026-03-28T11:25:53.000Z</time></trkpt>
      <trkpt lat="53.461270" lon="-1.859648"><ele>632.2</ele><time>2026-03-28T11:25:54.000Z</time></trkpt>
      <trkpt lat="53.461270" lon="-1.859649"><ele>632.2</ele><time>2026-03-28T11:25:55.000Z</time></trkpt>
      <trkpt lat="53.461266" lon="-1.859651"><ele>632.2</ele><time>2026-03-28T11:25:56.000Z</time></trkpt>
      <trkpt lat="53.461270" lon="-1.859646"><ele>631.8</ele><time>2026-03-28T11:25:57.000Z</time></trkpt>
      <trkpt lat="53.461266" lon="-1.859649"><ele>632.2</ele><time>2026-03-28T11:25:58.000Z</time></trkpt>
      <trkpt lat="53.461266" lon="-1.859649"><ele>631.8</ele><time>2026-03-28T11:25:59.000Z</time></trkpt>
      <trkpt lat="53.461266" lon="-1.859650"><ele>632.0</ele><time>2026-03-28T11:26:00.000Z</time></trkpt>
      <trkpt lat="53.461266" lon="-1.859651"><ele>632.0</ele><time>2026-03-28T11:26:01.000Z</time></trkpt>
      <trkpt lat="53.461266" lon="-1.859651"><ele>632.0</ele><time>2026-03-28T11:26:02.000Z</time></trkpt>
      <trkpt lat="53.461266" lon="-1.859651"><ele>632.2</ele><time>2026-03-28T11:26:03.000Z</time></trkpt>
      <trkpt lat="53.461266" lon="-1.859650"><ele>632.0</ele><time>2026-03-28T11:26:04.000Z</time></trkpt>
      <trkpt lat="53.461266" lon="-1.859652"><ele>632.0</ele><time>2026-03-28T11:26:05.000Z</time></trkpt>
      <trkpt lat="53.461266" lon="-1.859650"><ele>631.8</ele><time>2026-03-28T11:26:06.000Z</time></trkpt>
      <trkpt lat="53.461266" lon="-1.859651"><ele>631.6</ele><time>2026-03-28T11:26:07.000Z</time></trkpt>
      <trkpt lat="53.461260" lon="-1.859651"><ele>631.6</ele><time>2026-03-28T11:26:08.000Z</time></trkpt>
      <trkpt lat="53.461258" lon="-1.859656"><ele>631.6</ele><time>2026-03-28T11:26:09.000Z</time></trkpt>
      <trkpt lat="53.461260" lon="-1.859653"><ele>631.6</ele><time>2026-03-28T11:26:10.000Z</time></trkpt>
      <trkpt lat="53.461266" lon="-1.859658"><ele>631.8</ele><time>2026-03-28T11:26:11.000Z</time></trkpt>
      <trkpt lat="53.461266" lon="-1.859658"><ele>632.0</ele><time>2026-03-28T11:26:12.000Z</time></trkpt>
      <trkpt lat="53.461266" lon="-1.859658"><ele>632.2</ele><time>2026-03-28T11:26:13.000Z</time></trkpt>
      <trkpt lat="53.461266" lon="-1.859659"><ele>632.2</ele><time>2026-03-28T11:26:14.000Z</time></trkpt>
      <trkpt lat="53.461266" lon="-1.859659"><ele>632.2</ele><time>2026-03-28T11:26:15.000Z</time></trkpt>
      <trkpt lat="53.461266" lon="-1.859659"><ele>632.2</ele><time>2026-03-28T11:26:16.000Z</time></trkpt>
      <trkpt lat="53.461266" lon="-1.859659"><ele>632.2</ele><time>2026-03-28T11:26:17.000Z</time></trkpt>
      <trkpt lat="53.461260" lon="-1.859658"><ele>632.4</ele><time>2026-03-28T11:26:18.000Z</time></trkpt>
      <trkpt lat="53.461260" lon="-1.859660"><ele>632.4</ele><time>2026-03-28T11:26:19.000Z</time></trkpt>
      <trkpt lat="53.461266" lon="-1.859660"><ele>632.0</ele><time>2026-03-28T11:26:20.000Z</time></trkpt>
      <trkpt lat="53.461258" lon="-1.859659"><ele>632.0</ele><time>2026-03-28T11:26:21.000Z</time></trkpt>
      <trkpt lat="53.461260" lon="-1.859662"><ele>631.8</ele><time>2026-03-28T11:26:22.000Z</time></trkpt>
      <trkpt lat="53.461260" lon="-1.859662"><ele>632.2</ele><time>2026-03-28T11:26:23.000Z</time></trkpt>
      <trkpt lat="53.461260" lon="-1.859664"><ele>632.2</ele><time>2026-03-28T11:26:24.000Z</time></trkpt>
      <trkpt lat="53.461260" lon="-1.859665"><ele>632.2</ele><time>2026-03-28T11:26:25.000Z</time></trkpt>
      <trkpt lat="53.461260" lon="-1.859665"><ele>632.0</ele><time>2026-03-28T11:26:26.000Z</time></trkpt>
      <trkpt lat="53.461260" lon="-1.859665"><ele>632.2</ele><time>2026-03-28T11:26:27.000Z</time></trkpt>
      <trkpt lat="53.461260" lon="-1.859665"><ele>632.0</ele><time>2026-03-28T11:26:28.000Z</time></trkpt>
      <trkpt lat="53.461260" lon="-1.859665"><ele>632.0</ele><time>2026-03-28T11:26:29.000Z</time></trkpt>
      <trkpt lat="53.461258" lon="-1.859666"><ele>632.0</ele><time>2026-03-28T11:26:30.000Z</time></trkpt>
      <trkpt lat="53.461258" lon="-1.859667"><ele>632.0</ele><time>2026-03-28T11:26:31.000Z</time></trkpt>
      <trkpt lat="53.461258" lon="-1.859668"><ele>632.0</ele><time>2026-03-28T11:26:32.000Z</time></trkpt>
      <trkpt lat="53.461258" lon="-1.859668"><ele>632.2</ele><time>2026-03-28T11:26:33.000Z</time></trkpt>
      <trkpt lat="53.461258" lon="-1.859669"><ele>632.0</ele><time>2026-03-28T11:26:34.000Z</time></trkpt>
      <trkpt lat="53.461260" lon="-1.859673"><ele>632.4</ele><time>2026-03-28T11:26:35.000Z</time></trkpt>
      <trkpt lat="53.461260" lon="-1.859667"><ele>631.8</ele><time>2026-03-28T11:26:36.000Z</time></trkpt>
      <trkpt lat="53.461260" lon="-1.859670"><ele>631.8</ele><time>2026-03-28T11:26:37.000Z</time></trkpt>
      <trkpt lat="53.461260" lon="-1.859670"><ele>631.8</ele><time>2026-03-28T11:26:38.000Z</time></trkpt>
      <trkpt lat="53.461258" lon="-1.859672"><ele>631.2</ele><time>2026-03-28T11:26:39.000Z</time></trkpt>
      <trkpt lat="53.461258" lon="-1.859672"><ele>631.6</ele><time>2026-03-28T11:26:40.000Z</time></trkpt>
      <trkpt lat="53.461258" lon="-1.859673"><ele>631.4</ele><time>2026-03-28T11:26:41.000Z</time></trkpt>
      <trkpt lat="53.461258" lon="-1.859672"><ele>631.2</ele><time>2026-03-28T11:26:42.000Z</time></trkpt>
      <trkpt lat="53.461260" lon="-1.859670"><ele>631.2</ele><time>2026-03-28T11:26:43.000Z</time></trkpt>
      <trkpt lat="53.461258" lon="-1.859671"><ele>631.0</ele><time>2026-03-28T11:26:44.000Z</time></trkpt>
      <trkpt lat="53.461258" lon="-1.859669"><ele>631.2</ele><time>2026-03-28T11:26:45.000Z</time></trkpt>
      <trkpt lat="53.461258" lon="-1.859671"><ele>630.8</ele><time>2026-03-28T11:26:46.000Z</time></trkpt>
      <trkpt lat="53.461258" lon="-1.859670"><ele>631.0</ele><time>2026-03-28T11:26:47.000Z</time></trkpt>
      <trkpt lat="53.461258" lon="-1.859670"><ele>631.0</ele><time>2026-03-28T11:26:48.000Z</time></trkpt>
      <trkpt lat="53.461258" lon="-1.859669"><ele>630.8</ele><time>2026-03-28T11:26:49.000Z</time></trkpt>
      <trkpt lat="53.461260" lon="-1.859669"><ele>631.0</ele><time>2026-03-28T11:26:50.000Z</time></trkpt>
      <trkpt lat="53.461258" lon="-1.859671"><ele>631.0</ele><time>2026-03-28T11:26:51.000Z</time></trkpt>
      <trkpt lat="53.461258" lon="-1.859670"><ele>631.0</ele><time>2026-03-28T11:26:52.000Z</time></trkpt>
      <trkpt lat="53.461258" lon="-1.859671"><ele>631.0</ele><time>2026-03-28T11:26:53.000Z</time></trkpt>
      <trkpt lat="53.461258" lon="-1.859671"><ele>631.0</ele><time>2026-03-28T11:26:54.000Z</time></trkpt>
      <trkpt lat="53.461258" lon="-1.859672"><ele>630.8</ele><time>2026-03-28T11:26:55.000Z</time></trkpt>
      <trkpt lat="53.461258" lon="-1.859672"><ele>631.0</ele><time>2026-03-28T11:26:56.000Z</time></trkpt>
      <trkpt lat="53.461258" lon="-1.859673"><ele>631.0</ele><time>2026-03-28T11:26:57.000Z</time></trkpt>
      <trkpt lat="53.461258" lon="-1.859673"><ele>631.0</ele><time>2026-03-28T11:26:58.000Z</time></trkpt>
      <trkpt lat="53.461258" lon="-1.859672"><ele>631.0</ele><time>2026-03-28T11:26:59.000Z</time></trkpt>
      <trkpt lat="53.461258" lon="-1.859673"><ele>631.0</ele><time>2026-03-28T11:27:00.000Z</time></trkpt>
      <trkpt lat="53.461258" lon="-1.859673"><ele>631.0</ele><time>2026-03-28T11:27:01.000Z</time></trkpt>
      <trkpt lat="53.461258" lon="-1.859673"><ele>630.8</ele><time>2026-03-28T11:27:02.000Z</time></trkpt>
      <trkpt lat="53.461258" lon="-1.859673"><ele>630.8</ele><time>2026-03-28T11:27:03.000Z</time></trkpt>
      <trkpt lat="53.461258" lon="-1.859673"><ele>630.8</ele><time>2026-03-28T11:27:04.000Z</time></trkpt>
      <trkpt lat="53.461258" lon="-1.859672"><ele>630.8</ele><time>2026-03-28T11:27:05.000Z</time></trkpt>
      <trkpt lat="53.461258" lon="-1.859672"><ele>630.8</ele><time>2026-03-28T11:27:06.000Z</time></trkpt>
      <trkpt lat="53.461258" lon="-1.859672"><ele>630.8</ele><time>2026-03-28T11:27:07.000Z</time></trkpt>
      <trkpt lat="53.461258" lon="-1.859672"><ele>630.6</ele><time>2026-03-28T11:27:08.000Z</time></trkpt>
      <trkpt lat="53.461258" lon="-1.859669"><ele>630.4</ele><time>2026-03-28T11:27:09.000Z</time></trkpt>
      <trkpt lat="53.461258" lon="-1.859672"><ele>630.2</ele><time>2026-03-28T11:27:10.000Z</time></trkpt>
      <trkpt lat="53.461258" lon="-1.859671"><ele>630.4</ele><time>2026-03-28T11:27:11.000Z</time></trkpt>
      <trkpt lat="53.461258" lon="-1.859670"><ele>630.4</ele><time>2026-03-28T11:27:12.000Z</time></trkpt>
      <trkpt lat="53.461258" lon="-1.859670"><ele>630.4</ele><time>2026-03-28T11:27:13.000Z</time></trkpt>
      <trkpt lat="53.461258" lon="-1.859668"><ele>630.2</ele><time>2026-03-28T11:27:14.000Z</time></trkpt>
      <trkpt lat="53.461258" lon="-1.859668"><ele>630.2</ele><time>2026-03-28T11:27:15.000Z</time></trkpt>
      <trkpt lat="53.461258" lon="-1.859669"><ele>630.2</ele><time>2026-03-28T11:27:16.000Z</time></trkpt>
      <trkpt lat="53.461258" lon="-1.859669"><ele>630.2</ele><time>2026-03-28T11:27:17.000Z</time></trkpt>
      <trkpt lat="53.461254" lon="-1.859671"><ele>630.2</ele><time>2026-03-28T11:27:18.000Z</time></trkpt>
      <trkpt lat="53.461258" lon="-1.859679"><ele>630.2</ele><time>2026-03-28T11:27:19.000Z</time></trkpt>
      <trkpt lat="53.461258" lon="-1.859690"><ele>630.2</ele><time>2026-03-28T11:27:20.000Z</time></trkpt>
      <trkpt lat="53.461258" lon="-1.859701"><ele>630.0</ele><time>2026-03-28T11:27:21.000Z</time></trkpt>
      <trkpt lat="53.461260" lon="-1.859712"><ele>630.0</ele><time>2026-03-28T11:27:22.000Z</time></trkpt>
      <trkpt lat="53.461266" lon="-1.859716"><ele>630.2</ele><time>2026-03-28T11:27:23.000Z</time></trkpt>
      <trkpt lat="53.461266" lon="-1.859719"><ele>630.0</ele><time>2026-03-28T11:27:24.000Z</time></trkpt>
      <trkpt lat="53.461273" lon="-1.859725"><ele>630.0</ele><time>2026-03-28T11:27:25.000Z</time></trkpt>
      <trkpt lat="53.461277" lon="-1.859728"><ele>630.4</ele><time>2026-03-28T11:27:26.000Z</time></trkpt>
      <trkpt lat="53.461277" lon="-1.859729"><ele>630.2</ele><time>2026-03-28T11:27:27.000Z</time></trkpt>
      <trkpt lat="53.461277" lon="-1.859729"><ele>630.4</ele><time>2026-03-28T11:27:28.000Z</time></trkpt>
      <trkpt lat="53.461277" lon="-1.859727"><ele>630.4</ele><time>2026-03-28T11:27:29.000Z</time></trkpt>
      <trkpt lat="53.461273" lon="-1.859730"><ele>630.4</ele><time>2026-03-28T11:27:30.000Z</time></trkpt>
      <trkpt lat="53.461273" lon="-1.859730"><ele>630.6</ele><time>2026-03-28T11:27:31.000Z</time></trkpt>
      <trkpt lat="53.461273" lon="-1.859731"><ele>630.8</ele><time>2026-03-28T11:27:32.000Z</time></trkpt>
      <trkpt lat="53.461273" lon="-1.859733"><ele>630.6</ele><time>2026-03-28T11:27:33.000Z</time></trkpt>
      <trkpt lat="53.461273" lon="-1.859733"><ele>630.6</ele><time>2026-03-28T11:27:34.000Z</time></trkpt>
      <trkpt lat="53.461273" lon="-1.859733"><ele>630.6</ele><time>2026-03-28T11:27:35.000Z</time></trkpt>
      <trkpt lat="53.461273" lon="-1.859734"><ele>630.4</ele><time>2026-03-28T11:27:36.000Z</time></trkpt>
      <trkpt lat="53.461273" lon="-1.859735"><ele>630.4</ele><time>2026-03-28T11:27:37.000Z</time></trkpt>
      <trkpt lat="53.461273" lon="-1.859735"><ele>630.4</ele><time>2026-03-28T11:27:38.000Z</time></trkpt>
      <trkpt lat="53.461273" lon="-1.859735"><ele>630.4</ele><time>2026-03-28T11:27:39.000Z</time></trkpt>
      <trkpt lat="53.461273" lon="-1.859736"><ele>630.4</ele><time>2026-03-28T11:27:40.000Z</time></trkpt>
      <trkpt lat="53.461273" lon="-1.859736"><ele>630.4</ele><time>2026-03-28T11:27:41.000Z</time></trkpt>
      <trkpt lat="53.461273" lon="-1.859736"><ele>630.4</ele><time>2026-03-28T11:27:42.000Z</time></trkpt>
      <trkpt lat="53.461273" lon="-1.859736"><ele>630.4</ele><time>2026-03-28T11:27:43.000Z</time></trkpt>
      <trkpt lat="53.461273" lon="-1.859737"><ele>630.6</ele><time>2026-03-28T11:27:44.000Z</time></trkpt>
      <trkpt lat="53.461270" lon="-1.859737"><ele>630.4</ele><time>2026-03-28T11:27:45.000Z</time></trkpt>
      <trkpt lat="53.461270" lon="-1.859736"><ele>630.4</ele><time>2026-03-28T11:27:46.000Z</time></trkpt>
      <trkpt lat="53.461270" lon="-1.859737"><ele>630.4</ele><time>2026-03-28T11:27:47.000Z</time></trkpt>
      <trkpt lat="53.461270" lon="-1.859737"><ele>630.2</ele><time>2026-03-28T11:27:48.000Z</time></trkpt>
      <trkpt lat="53.461273" lon="-1.859734"><ele>630.0</ele><time>2026-03-28T11:27:49.000Z</time></trkpt>
      <trkpt lat="53.461273" lon="-1.859734"><ele>630.0</ele><time>2026-03-28T11:27:50.000Z</time></trkpt>
      <trkpt lat="53.461273" lon="-1.859734"><ele>630.2</ele><time>2026-03-28T11:27:51.000Z</time></trkpt>
      <trkpt lat="53.461273" lon="-1.859733"><ele>630.0</ele><time>2026-03-28T11:27:52.000Z</time></trkpt>
      <trkpt lat="53.461277" lon="-1.859733"><ele>630.2</ele><time>2026-03-28T11:27:53.000Z</time></trkpt>
      <trkpt lat="53.461277" lon="-1.859732"><ele>630.0</ele><time>2026-03-28T11:27:54.000Z</time></trkpt>
      <trkpt lat="53.461277" lon="-1.859732"><ele>630.0</ele><time>2026-03-28T11:27:55.000Z</time></trkpt>
      <trkpt lat="53.461277" lon="-1.859732"><ele>630.0</ele><time>2026-03-28T11:27:56.000Z</time></trkpt>
      <trkpt lat="53.461277" lon="-1.859729"><ele>630.0</ele><time>2026-03-28T11:27:57.000Z</time></trkpt>
      <trkpt lat="53.461277" lon="-1.859729"><ele>630.0</ele><time>2026-03-28T11:27:58.000Z</time></trkpt>
      <trkpt lat="53.461280" lon="-1.859726"><ele>630.0</ele><time>2026-03-28T11:27:59.000Z</time></trkpt>
      <trkpt lat="53.461285" lon="-1.859722"><ele>630.2</ele><time>2026-03-28T11:28:00.000Z</time></trkpt>
      <trkpt lat="53.461285" lon="-1.859718"><ele>630.0</ele><time>2026-03-28T11:28:01.000Z</time></trkpt>
      <trkpt lat="53.461285" lon="-1.859717"><ele>630.0</ele><time>2026-03-28T11:28:02.000Z</time></trkpt>
      <trkpt lat="53.461285" lon="-1.859714"><ele>629.8</ele><time>2026-03-28T11:28:03.000Z</time></trkpt>
      <trkpt lat="53.461290" lon="-1.859715"><ele>630.0</ele><time>2026-03-28T11:28:04.000Z</time></trkpt>
      <trkpt lat="53.461290" lon="-1.859714"><ele>630.2</ele><time>2026-03-28T11:28:05.000Z</time></trkpt>
      <trkpt lat="53.461290" lon="-1.859714"><ele>630.2</ele><time>2026-03-28T11:28:06.000Z</time></trkpt>
      <trkpt lat="53.461290" lon="-1.859714"><ele>630.2</ele><time>2026-03-28T11:28:07.000Z</time></trkpt>
      <trkpt lat="53.461285" lon="-1.859715"><ele>630.2</ele><time>2026-03-28T11:28:08.000Z</time></trkpt>
      <trkpt lat="53.461290" lon="-1.859710"><ele>630.4</ele><time>2026-03-28T11:28:09.000Z</time></trkpt>
      <trkpt lat="53.461285" lon="-1.859708"><ele>630.4</ele><time>2026-03-28T11:28:10.000Z</time></trkpt>
      <trkpt lat="53.461290" lon="-1.859709"><ele>630.4</ele><time>2026-03-28T11:28:11.000Z</time></trkpt>
      <trkpt lat="53.461290" lon="-1.859709"><ele>630.4</ele><time>2026-03-28T11:28:12.000Z</time></trkpt>
      <trkpt lat="53.461285" lon="-1.859707"><ele>630.2</ele><time>2026-03-28T11:28:13.000Z</time></trkpt>
      <trkpt lat="53.461285" lon="-1.859707"><ele>630.4</ele><time>2026-03-28T11:28:14.000Z</time></trkpt>
      <trkpt lat="53.461285" lon="-1.859704"><ele>630.4</ele><time>2026-03-28T11:28:15.000Z</time></trkpt>
      <trkpt lat="53.461285" lon="-1.859704"><ele>630.4</ele><time>2026-03-28T11:28:16.000Z</time></trkpt>
      <trkpt lat="53.461285" lon="-1.859703"><ele>630.4</ele><time>2026-03-28T11:28:17.000Z</time></trkpt>
      <trkpt lat="53.461285" lon="-1.859702"><ele>630.4</ele><time>2026-03-28T11:28:18.000Z</time></trkpt>
      <trkpt lat="53.461285" lon="-1.859700"><ele>630.8</ele><time>2026-03-28T11:28:19.000Z</time></trkpt>
      <trkpt lat="53.461285" lon="-1.859698"><ele>630.8</ele><time>2026-03-28T11:28:20.000Z</time></trkpt>
      <trkpt lat="53.461285" lon="-1.859696"><ele>631.0</ele><time>2026-03-28T11:28:21.000Z</time></trkpt>
      <trkpt lat="53.461285" lon="-1.859693"><ele>631.0</ele><time>2026-03-28T11:28:22.000Z</time></trkpt>
      <trkpt lat="53.461285" lon="-1.859692"><ele>631.0</ele><time>2026-03-28T11:28:23.000Z</time></trkpt>
      <trkpt lat="53.461285" lon="-1.859691"><ele>631.2</ele><time>2026-03-28T11:28:24.000Z</time></trkpt>
      <trkpt lat="53.461285" lon="-1.859691"><ele>631.2</ele><time>2026-03-28T11:28:25.000Z</time></trkpt>
      <trkpt lat="53.461285" lon="-1.859689"><ele>631.0</ele><time>2026-03-28T11:28:26.000Z</time></trkpt>
      <trkpt lat="53.461280" lon="-1.859690"><ele>630.8</ele><time>2026-03-28T11:28:27.000Z</time></trkpt>
      <trkpt lat="53.461280" lon="-1.859689"><ele>631.0</ele><time>2026-03-28T11:28:28.000Z</time></trkpt>
      <trkpt lat="53.461280" lon="-1.859690"><ele>631.0</ele><time>2026-03-28T11:28:29.000Z</time></trkpt>
      <trkpt lat="53.461277" lon="-1.859690"><ele>631.2</ele><time>2026-03-28T11:28:30.000Z</time></trkpt>
      <trkpt lat="53.461273" lon="-1.859693"><ele>631.0</ele><time>2026-03-28T11:28:31.000Z</time></trkpt>
      <trkpt lat="53.461270" lon="-1.859697"><ele>630.4</ele><time>2026-03-28T11:28:32.000Z</time></trkpt>
      <trkpt lat="53.461270" lon="-1.859702"><ele>630.4</ele><time>2026-03-28T11:28:33.000Z</time></trkpt>
      <trkpt lat="53.461266" lon="-1.859698"><ele>630.4</ele><time>2026-03-28T11:28:34.000Z</time></trkpt>
      <trkpt lat="53.461258" lon="-1.859688"><ele>630.4</ele><time>2026-03-28T11:28:35.000Z</time></trkpt>
      <trkpt lat="53.461254" lon="-1.859680"><ele>630.4</ele><time>2026-03-28T11:28:36.000Z</time></trkpt>
      <trkpt lat="53.461250" lon="-1.859666"><ele>630.4</ele><time>2026-03-28T11:28:37.000Z</time></trkpt>
      <trkpt lat="53.461243" lon="-1.859660"><ele>630.4</ele><time>2026-03-28T11:28:38.000Z</time></trkpt>
      <trkpt lat="53.461240" lon="-1.859652"><ele>630.6</ele><time>2026-03-28T11:28:39.000Z</time></trkpt>
      <trkpt lat="53.461230" lon="-1.859653"><ele>630.6</ele><time>2026-03-28T11:28:40.000Z</time></trkpt>
      <trkpt lat="53.461227" lon="-1.859655"><ele>630.6</ele><time>2026-03-28T11:28:41.000Z</time></trkpt>
      <trkpt lat="53.461220" lon="-1.859655"><ele>630.8</ele><time>2026-03-28T11:28:42.000Z</time></trkpt>
      <trkpt lat="53.461212" lon="-1.859663"><ele>630.8</ele><time>2026-03-28T11:28:43.000Z</time></trkpt>
      <trkpt lat="53.461210" lon="-1.859665"><ele>630.8</ele><time>2026-03-28T11:28:44.000Z</time></trkpt>
      <trkpt lat="53.461205" lon="-1.859676"><ele>630.8</ele><time>2026-03-28T11:28:45.000Z</time></trkpt>
      <trkpt lat="53.461200" lon="-1.859690"><ele>630.8</ele><time>2026-03-28T11:28:46.000Z</time></trkpt>
      <trkpt lat="53.461200" lon="-1.859707"><ele>630.8</ele><time>2026-03-28T11:28:47.000Z</time></trkpt>
      <trkpt lat="53.461200" lon="-1.859724"><ele>630.8</ele><time>2026-03-28T11:28:48.000Z</time></trkpt>
      <trkpt lat="53.461200" lon="-1.859739"><ele>630.8</ele><time>2026-03-28T11:28:49.000Z</time></trkpt>
      <trkpt lat="53.461197" lon="-1.859754"><ele>631.0</ele><time>2026-03-28T11:28:50.000Z</time></trkpt>
      <trkpt lat="53.461193" lon="-1.859768"><ele>630.6</ele><time>2026-03-28T11:28:51.000Z</time></trkpt>
      <trkpt lat="53.461193" lon="-1.859784"><ele>630.8</ele><time>2026-03-28T11:28:52.000Z</time></trkpt>
      <trkpt lat="53.461190" lon="-1.859796"><ele>630.8</ele><time>2026-03-28T11:28:53.000Z</time></trkpt>
      <trkpt lat="53.461185" lon="-1.859807"><ele>630.8</ele><time>2026-03-28T11:28:54.000Z</time></trkpt>
      <trkpt lat="53.461180" lon="-1.859810"><ele>631.0</ele><time>2026-03-28T11:28:55.000Z</time></trkpt>
      <trkpt lat="53.461180" lon="-1.859812"><ele>630.8</ele><time>2026-03-28T11:28:56.000Z</time></trkpt>
      <trkpt lat="53.461180" lon="-1.859820"><ele>631.0</ele><time>2026-03-28T11:28:57.000Z</time></trkpt>
      <trkpt lat="53.461174" lon="-1.859837"><ele>630.8</ele><time>2026-03-28T11:28:58.000Z</time></trkpt>
      <trkpt lat="53.461174" lon="-1.859852"><ele>630.8</ele><time>2026-03-28T11:28:59.000Z</time></trkpt>
      <trkpt lat="53.461166" lon="-1.859860"><ele>630.6</ele><time>2026-03-28T11:29:00.000Z</time></trkpt>
      <trkpt lat="53.461163" lon="-1.859871"><ele>630.8</ele><time>2026-03-28T11:29:01.000Z</time></trkpt>
      <trkpt lat="53.461150" lon="-1.859879"><ele>631.0</ele><time>2026-03-28T11:29:02.000Z</time></trkpt>
      <trkpt lat="53.461143" lon="-1.859890"><ele>630.8</ele><time>2026-03-28T11:29:03.000Z</time></trkpt>
      <trkpt lat="53.461136" lon="-1.859898"><ele>630.8</ele><time>2026-03-28T11:29:04.000Z</time></trkpt>
      <trkpt lat="53.461130" lon="-1.859907"><ele>631.0</ele><time>2026-03-28T11:29:05.000Z</time></trkpt>
      <trkpt lat="53.461120" lon="-1.859916"><ele>631.0</ele><time>2026-03-28T11:29:06.000Z</time></trkpt>
      <trkpt lat="53.461110" lon="-1.859924"><ele>631.2</ele><time>2026-03-28T11:29:07.000Z</time></trkpt>
      <trkpt lat="53.461098" lon="-1.859931"><ele>631.4</ele><time>2026-03-28T11:29:08.000Z</time></trkpt>
      <trkpt lat="53.461090" lon="-1.859940"><ele>631.2</ele><time>2026-03-28T11:29:09.000Z</time></trkpt>
      <trkpt lat="53.461082" lon="-1.859956"><ele>631.4</ele><time>2026-03-28T11:29:10.000Z</time></trkpt>
      <trkpt lat="53.461075" lon="-1.859969"><ele>631.6</ele><time>2026-03-28T11:29:11.000Z</time></trkpt>
      <trkpt lat="53.461070" lon="-1.859987"><ele>631.4</ele><time>2026-03-28T11:29:12.000Z</time></trkpt>
      <trkpt lat="53.461067" lon="-1.860004"><ele>631.6</ele><time>2026-03-28T11:29:13.000Z</time></trkpt>
      <trkpt lat="53.461060" lon="-1.860021"><ele>631.4</ele><time>2026-03-28T11:29:14.000Z</time></trkpt>
      <trkpt lat="53.461056" lon="-1.860038"><ele>631.6</ele><time>2026-03-28T11:29:15.000Z</time></trkpt>
      <trkpt lat="53.461052" lon="-1.860053"><ele>631.6</ele><time>2026-03-28T11:29:16.000Z</time></trkpt>
      <trkpt lat="53.461050" lon="-1.860072"><ele>631.4</ele><time>2026-03-28T11:29:17.000Z</time></trkpt>
      <trkpt lat="53.461044" lon="-1.860089"><ele>631.4</ele><time>2026-03-28T11:29:18.000Z</time></trkpt>
      <trkpt lat="53.461040" lon="-1.860109"><ele>631.4</ele><time>2026-03-28T11:29:19.000Z</time></trkpt>
      <trkpt lat="53.461037" lon="-1.860124"><ele>631.4</ele><time>2026-03-28T11:29:20.000Z</time></trkpt>
      <trkpt lat="53.461030" lon="-1.860138"><ele>631.4</ele><time>2026-03-28T11:29:21.000Z</time></trkpt>
      <trkpt lat="53.461025" lon="-1.860153"><ele>631.6</ele><time>2026-03-28T11:29:22.000Z</time></trkpt>
      <trkpt lat="53.461018" lon="-1.860164"><ele>631.8</ele><time>2026-03-28T11:29:23.000Z</time></trkpt>
      <trkpt lat="53.461010" lon="-1.860178"><ele>631.8</ele><time>2026-03-28T11:29:24.000Z</time></trkpt>
      <trkpt lat="53.461000" lon="-1.860189"><ele>631.4</ele><time>2026-03-28T11:29:25.000Z</time></trkpt>
      <trkpt lat="53.460995" lon="-1.860200"><ele>631.6</ele><time>2026-03-28T11:29:26.000Z</time></trkpt>
      <trkpt lat="53.460987" lon="-1.860210"><ele>631.4</ele><time>2026-03-28T11:29:27.000Z</time></trkpt>
      <trkpt lat="53.460983" lon="-1.860215"><ele>631.4</ele><time>2026-03-28T11:29:28.000Z</time></trkpt>
      <trkpt lat="53.460980" lon="-1.860223"><ele>632.0</ele><time>2026-03-28T11:29:29.000Z</time></trkpt>
      <trkpt lat="53.460983" lon="-1.860224"><ele>632.0</ele><time>2026-03-28T11:29:30.000Z</time></trkpt>
      <trkpt lat="53.460983" lon="-1.860224"><ele>632.0</ele><time>2026-03-28T11:29:31.000Z</time></trkpt>
      <trkpt lat="53.460980" lon="-1.860223"><ele>631.8</ele><time>2026-03-28T11:29:32.000Z</time></trkpt>
      <trkpt lat="53.460980" lon="-1.860223"><ele>631.2</ele><time>2026-03-28T11:29:33.000Z</time></trkpt>
      <trkpt lat="53.460980" lon="-1.860222"><ele>631.4</ele><time>2026-03-28T11:29:34.000Z</time></trkpt>
      <trkpt lat="53.460980" lon="-1.860226"><ele>631.4</ele><time>2026-03-28T11:29:35.000Z</time></trkpt>
      <trkpt lat="53.460976" lon="-1.860234"><ele>631.2</ele><time>2026-03-28T11:29:36.000Z</time></trkpt>
      <trkpt lat="53.460976" lon="-1.860246"><ele>631.2</ele><time>2026-03-28T11:29:37.000Z</time></trkpt>
      <trkpt lat="53.460968" lon="-1.860257"><ele>631.4</ele><time>2026-03-28T11:29:38.000Z</time></trkpt>
      <trkpt lat="53.460964" lon="-1.860272"><ele>631.6</ele><time>2026-03-28T11:29:39.000Z</time></trkpt>
      <trkpt lat="53.460957" lon="-1.860288"><ele>631.4</ele><time>2026-03-28T11:29:40.000Z</time></trkpt>
      <trkpt lat="53.460950" lon="-1.860303"><ele>631.8</ele><time>2026-03-28T11:29:41.000Z</time></trkpt>
      <trkpt lat="53.460940" lon="-1.860318"><ele>631.6</ele><time>2026-03-28T11:29:42.000Z</time></trkpt>
      <trkpt lat="53.460938" lon="-1.860329"><ele>631.8</ele><time>2026-03-28T11:29:43.000Z</time></trkpt>
      <trkpt lat="53.460934" lon="-1.860344"><ele>631.8</ele><time>2026-03-28T11:29:44.000Z</time></trkpt>
      <trkpt lat="53.460930" lon="-1.860357"><ele>631.6</ele><time>2026-03-28T11:29:45.000Z</time></trkpt>
      <trkpt lat="53.460926" lon="-1.860371"><ele>631.8</ele><time>2026-03-28T11:29:46.000Z</time></trkpt>
      <trkpt lat="53.460920" lon="-1.860382"><ele>631.8</ele><time>2026-03-28T11:29:47.000Z</time></trkpt>
      <trkpt lat="53.460920" lon="-1.860394"><ele>631.8</ele><time>2026-03-28T11:29:48.000Z</time></trkpt>
      <trkpt lat="53.460910" lon="-1.860408"><ele>631.8</ele><time>2026-03-28T11:29:49.000Z</time></trkpt>
      <trkpt lat="53.460907" lon="-1.860423"><ele>631.8</ele><time>2026-03-28T11:29:50.000Z</time></trkpt>
      <trkpt lat="53.460900" lon="-1.860435"><ele>631.8</ele><time>2026-03-28T11:29:51.000Z</time></trkpt>
      <trkpt lat="53.460890" lon="-1.860450"><ele>631.8</ele><time>2026-03-28T11:29:52.000Z</time></trkpt>
      <trkpt lat="53.460884" lon="-1.860461"><ele>632.0</ele><time>2026-03-28T11:29:53.000Z</time></trkpt>
      <trkpt lat="53.460876" lon="-1.860470"><ele>632.0</ele><time>2026-03-28T11:29:54.000Z</time></trkpt>
      <trkpt lat="53.460870" lon="-1.860482"><ele>632.0</ele><time>2026-03-28T11:29:55.000Z</time></trkpt>
      <trkpt lat="53.460865" lon="-1.860495"><ele>632.0</ele><time>2026-03-28T11:29:56.000Z</time></trkpt>
      <trkpt lat="53.460857" lon="-1.860510"><ele>631.8</ele><time>2026-03-28T11:29:57.000Z</time></trkpt>
      <trkpt lat="53.460850" lon="-1.860525"><ele>631.8</ele><time>2026-03-28T11:29:58.000Z</time></trkpt>
      <trkpt lat="53.460842" lon="-1.860542"><ele>631.8</ele><time>2026-03-28T11:29:59.000Z</time></trkpt>
      <trkpt lat="53.460835" lon="-1.860553"><ele>631.8</ele><time>2026-03-28T11:30:00.000Z</time></trkpt>
      <trkpt lat="53.460827" lon="-1.860566"><ele>631.6</ele><time>2026-03-28T11:30:01.000Z</time></trkpt>
      <trkpt lat="53.460823" lon="-1.860573"><ele>631.8</ele><time>2026-03-28T11:30:02.000Z</time></trkpt>
      <trkpt lat="53.460815" lon="-1.860588"><ele>632.0</ele><time>2026-03-28T11:30:03.000Z</time></trkpt>
      <trkpt lat="53.460810" lon="-1.860609"><ele>632.4</ele><time>2026-03-28T11:30:04.000Z</time></trkpt>
      <trkpt lat="53.460810" lon="-1.860628"><ele>632.6</ele><time>2026-03-28T11:30:05.000Z</time></trkpt>
      <trkpt lat="53.460808" lon="-1.860639"><ele>632.4</ele><time>2026-03-28T11:30:06.000Z</time></trkpt>
      <trkpt lat="53.460796" lon="-1.860654"><ele>632.2</ele><time>2026-03-28T11:30:07.000Z</time></trkpt>
      <trkpt lat="53.460793" lon="-1.860665"><ele>631.6</ele><time>2026-03-28T11:30:08.000Z</time></trkpt>
      <trkpt lat="53.460785" lon="-1.860690"><ele>631.6</ele><time>2026-03-28T11:30:09.000Z</time></trkpt>
      <trkpt lat="53.460777" lon="-1.860705"><ele>631.2</ele><time>2026-03-28T11:30:10.000Z</time></trkpt>
      <trkpt lat="53.460773" lon="-1.860723"><ele>631.6</ele><time>2026-03-28T11:30:11.000Z</time></trkpt>
      <trkpt lat="53.460766" lon="-1.860737"><ele>631.0</ele><time>2026-03-28T11:30:12.000Z</time></trkpt>
      <trkpt lat="53.460760" lon="-1.860752"><ele>630.8</ele><time>2026-03-28T11:30:13.000Z</time></trkpt>
      <trkpt lat="53.460750" lon="-1.860770"><ele>631.0</ele><time>2026-03-28T11:30:14.000Z</time></trkpt>
      <trkpt lat="53.460747" lon="-1.860787"><ele>630.8</ele><time>2026-03-28T11:30:15.000Z</time></trkpt>
      <trkpt lat="53.460740" lon="-1.860796"><ele>631.0</ele><time>2026-03-28T11:30:16.000Z</time></trkpt>
      <trkpt lat="53.460728" lon="-1.860812"><ele>630.8</ele><time>2026-03-28T11:30:17.000Z</time></trkpt>
      <trkpt lat="53.460720" lon="-1.860823"><ele>631.0</ele><time>2026-03-28T11:30:18.000Z</time></trkpt>
      <trkpt lat="53.460712" lon="-1.860829"><ele>631.4</ele><time>2026-03-28T11:30:19.000Z</time></trkpt>
      <trkpt lat="53.460705" lon="-1.860839"><ele>631.0</ele><time>2026-03-28T11:30:20.000Z</time></trkpt>
      <trkpt lat="53.460693" lon="-1.860846"><ele>631.6</ele><time>2026-03-28T11:30:21.000Z</time></trkpt>
      <trkpt lat="53.460682" lon="-1.860854"><ele>631.6</ele><time>2026-03-28T11:30:22.000Z</time></trkpt>
      <trkpt lat="53.460670" lon="-1.860865"><ele>631.8</ele><time>2026-03-28T11:30:23.000Z</time></trkpt>
      <trkpt lat="53.460663" lon="-1.860875"><ele>631.8</ele><time>2026-03-28T11:30:24.000Z</time></trkpt>
      <trkpt lat="53.460650" lon="-1.860887"><ele>631.6</ele><time>2026-03-28T11:30:25.000Z</time></trkpt>
      <trkpt lat="53.460648" lon="-1.860895"><ele>631.6</ele><time>2026-03-28T11:30:26.000Z</time></trkpt>
      <trkpt lat="53.460636" lon="-1.860901"><ele>631.6</ele><time>2026-03-28T11:30:27.000Z</time></trkpt>
      <trkpt lat="53.460630" lon="-1.860914"><ele>631.4</ele><time>2026-03-28T11:30:28.000Z</time></trkpt>
      <trkpt lat="53.460620" lon="-1.860927"><ele>631.4</ele><time>2026-03-28T11:30:29.000Z</time></trkpt>
      <trkpt lat="53.460617" lon="-1.860939"><ele>631.4</ele><time>2026-03-28T11:30:30.000Z</time></trkpt>
      <trkpt lat="53.460606" lon="-1.860950"><ele>631.6</ele><time>2026-03-28T11:30:31.000Z</time></trkpt>
      <trkpt lat="53.460600" lon="-1.860962"><ele>631.8</ele><time>2026-03-28T11:30:32.000Z</time></trkpt>
      <trkpt lat="53.460594" lon="-1.860979"><ele>631.4</ele><time>2026-03-28T11:30:33.000Z</time></trkpt>
      <trkpt lat="53.460590" lon="-1.860994"><ele>631.6</ele><time>2026-03-28T11:30:34.000Z</time></trkpt>
      <trkpt lat="53.460583" lon="-1.861006"><ele>631.4</ele><time>2026-03-28T11:30:35.000Z</time></trkpt>
      <trkpt lat="53.460575" lon="-1.861011"><ele>631.2</ele><time>2026-03-28T11:30:36.000Z</time></trkpt>
      <trkpt lat="53.460564" lon="-1.861009"><ele>631.4</ele><time>2026-03-28T11:30:37.000Z</time></trkpt>
      <trkpt lat="53.460537" lon="-1.861036"><ele>630.8</ele><time>2026-03-28T11:30:38.000Z</time></trkpt>
      <trkpt lat="53.460533" lon="-1.861052"><ele>630.8</ele><time>2026-03-28T11:30:39.000Z</time></trkpt>
      <trkpt lat="53.460530" lon="-1.861061"><ele>630.6</ele><time>2026-03-28T11:30:40.000Z</time></trkpt>
      <trkpt lat="53.460526" lon="-1.861072"><ele>631.0</ele><time>2026-03-28T11:30:41.000Z</time></trkpt>
      <trkpt lat="53.460518" lon="-1.861096"><ele>631.6</ele><time>2026-03-28T11:30:42.000Z</time></trkpt>
      <trkpt lat="53.460510" lon="-1.861114"><ele>631.2</ele><time>2026-03-28T11:30:43.000Z</time></trkpt>
      <trkpt lat="53.460503" lon="-1.861133"><ele>630.6</ele><time>2026-03-28T11:30:44.000Z</time></trkpt>
      <trkpt lat="53.460500" lon="-1.861149"><ele>630.8</ele><time>2026-03-28T11:30:45.000Z</time></trkpt>
      <trkpt lat="53.460495" lon="-1.861152"><ele>630.6</ele><time>2026-03-28T11:30:46.000Z</time></trkpt>
      <trkpt lat="53.460487" lon="-1.861161"><ele>630.8</ele><time>2026-03-28T11:30:47.000Z</time></trkpt>
      <trkpt lat="53.460476" lon="-1.861180"><ele>630.6</ele><time>2026-03-28T11:30:48.000Z</time></trkpt>
      <trkpt lat="53.460476" lon="-1.861196"><ele>630.0</ele><time>2026-03-28T11:30:49.000Z</time></trkpt>
      <trkpt lat="53.460476" lon="-1.861207"><ele>630.2</ele><time>2026-03-28T11:30:50.000Z</time></trkpt>
      <trkpt lat="53.460480" lon="-1.861215"><ele>630.6</ele><time>2026-03-28T11:30:51.000Z</time></trkpt>
      <trkpt lat="53.460480" lon="-1.861228"><ele>630.4</ele><time>2026-03-28T11:30:52.000Z</time></trkpt>
      <trkpt lat="53.460476" lon="-1.861238"><ele>631.0</ele><time>2026-03-28T11:30:53.000Z</time></trkpt>
      <trkpt lat="53.460472" lon="-1.861246"><ele>631.2</ele><time>2026-03-28T11:30:54.000Z</time></trkpt>
      <trkpt lat="53.460470" lon="-1.861254"><ele>630.8</ele><time>2026-03-28T11:30:55.000Z</time></trkpt>
      <trkpt lat="53.460460" lon="-1.861267"><ele>631.0</ele><time>2026-03-28T11:30:56.000Z</time></trkpt>
      <trkpt lat="53.460457" lon="-1.861281"><ele>630.8</ele><time>2026-03-28T11:30:57.000Z</time></trkpt>
      <trkpt lat="53.460457" lon="-1.861295"><ele>630.6</ele><time>2026-03-28T11:30:58.000Z</time></trkpt>
      <trkpt lat="53.460453" lon="-1.861305"><ele>631.0</ele><time>2026-03-28T11:30:59.000Z</time></trkpt>
      <trkpt lat="53.460450" lon="-1.861317"><ele>630.6</ele><time>2026-03-28T11:31:00.000Z</time></trkpt>
      <trkpt lat="53.460438" lon="-1.861327"><ele>631.0</ele><time>2026-03-28T11:31:01.000Z</time></trkpt>
      <trkpt lat="53.460423" lon="-1.861333"><ele>631.4</ele><time>2026-03-28T11:31:02.000Z</time></trkpt>
      <trkpt lat="53.460423" lon="-1.861338"><ele>631.8</ele><time>2026-03-28T11:31:03.000Z</time></trkpt>
      <trkpt lat="53.460415" lon="-1.861348"><ele>631.2</ele><time>2026-03-28T11:31:04.000Z</time></trkpt>
      <trkpt lat="53.460410" lon="-1.861363"><ele>630.6</ele><time>2026-03-28T11:31:05.000Z</time></trkpt>
      <trkpt lat="53.460403" lon="-1.861381"><ele>630.4</ele><time>2026-03-28T11:31:06.000Z</time></trkpt>
      <trkpt lat="53.460396" lon="-1.861408"><ele>630.4</ele><time>2026-03-28T11:31:07.000Z</time></trkpt>
      <trkpt lat="53.460392" lon="-1.861421"><ele>631.2</ele><time>2026-03-28T11:31:08.000Z</time></trkpt>
      <trkpt lat="53.460384" lon="-1.861432"><ele>632.2</ele><time>2026-03-28T11:31:09.000Z</time></trkpt>
      <trkpt lat="53.460380" lon="-1.861450"><ele>631.0</ele><time>2026-03-28T11:31:10.000Z</time></trkpt>
      <trkpt lat="53.460377" lon="-1.861471"><ele>631.2</ele><time>2026-03-28T11:31:11.000Z</time></trkpt>
      <trkpt lat="53.460377" lon="-1.861493"><ele>631.6</ele><time>2026-03-28T11:31:12.000Z</time></trkpt>
      <trkpt lat="53.460373" lon="-1.861504"><ele>631.6</ele><time>2026-03-28T11:31:13.000Z</time></trkpt>
      <trkpt lat="53.460370" lon="-1.861511"><ele>631.6</ele><time>2026-03-28T11:31:14.000Z</time></trkpt>
      <trkpt lat="53.460360" lon="-1.861529"><ele>631.0</ele><time>2026-03-28T11:31:15.000Z</time></trkpt>
      <trkpt lat="53.460354" lon="-1.861542"><ele>631.0</ele><time>2026-03-28T11:31:16.000Z</time></trkpt>
      <trkpt lat="53.460346" lon="-1.861552"><ele>630.8</ele><time>2026-03-28T11:31:17.000Z</time></trkpt>
      <trkpt lat="53.460335" lon="-1.861559"><ele>630.6</ele><time>2026-03-28T11:31:18.000Z</time></trkpt>
      <trkpt lat="53.460323" lon="-1.861577"><ele>630.8</ele><time>2026-03-28T11:31:19.000Z</time></trkpt>
      <trkpt lat="53.460320" lon="-1.861589"><ele>631.6</ele><time>2026-03-28T11:31:20.000Z</time></trkpt>
      <trkpt lat="53.460323" lon="-1.861596"><ele>631.2</ele><time>2026-03-28T11:31:21.000Z</time></trkpt>
      <trkpt lat="53.460320" lon="-1.861602"><ele>631.2</ele><time>2026-03-28T11:31:22.000Z</time></trkpt>
      <trkpt lat="53.460310" lon="-1.861610"><ele>630.8</ele><time>2026-03-28T11:31:23.000Z</time></trkpt>
      <trkpt lat="53.460304" lon="-1.861626"><ele>630.2</ele><time>2026-03-28T11:31:24.000Z</time></trkpt>
      <trkpt lat="53.460297" lon="-1.861644"><ele>630.4</ele><time>2026-03-28T11:31:25.000Z</time></trkpt>
      <trkpt lat="53.460293" lon="-1.861664"><ele>630.8</ele><time>2026-03-28T11:31:26.000Z</time></trkpt>
      <trkpt lat="53.460290" lon="-1.861688"><ele>630.4</ele><time>2026-03-28T11:31:27.000Z</time></trkpt>
      <trkpt lat="53.460285" lon="-1.861702"><ele>629.8</ele><time>2026-03-28T11:31:28.000Z</time></trkpt>
      <trkpt lat="53.460280" lon="-1.861722"><ele>630.0</ele><time>2026-03-28T11:31:29.000Z</time></trkpt>
      <trkpt lat="53.460280" lon="-1.861734"><ele>630.4</ele><time>2026-03-28T11:31:30.000Z</time></trkpt>
      <trkpt lat="53.460278" lon="-1.861754"><ele>630.4</ele><time>2026-03-28T11:31:31.000Z</time></trkpt>
      <trkpt lat="53.460270" lon="-1.861777"><ele>630.6</ele><time>2026-03-28T11:31:32.000Z</time></trkpt>
      <trkpt lat="53.460274" lon="-1.861796"><ele>630.4</ele><time>2026-03-28T11:31:33.000Z</time></trkpt>
      <trkpt lat="53.460274" lon="-1.861805"><ele>631.2</ele><time>2026-03-28T11:31:34.000Z</time></trkpt>
      <trkpt lat="53.460270" lon="-1.861821"><ele>631.4</ele><time>2026-03-28T11:31:35.000Z</time></trkpt>
      <trkpt lat="53.460262" lon="-1.861849"><ele>631.0</ele><time>2026-03-28T11:31:36.000Z</time></trkpt>
      <trkpt lat="53.460260" lon="-1.861863"><ele>631.2</ele><time>2026-03-28T11:31:37.000Z</time></trkpt>
      <trkpt lat="53.460250" lon="-1.861864"><ele>630.8</ele><time>2026-03-28T11:31:38.000Z</time></trkpt>
      <trkpt lat="53.460243" lon="-1.861881"><ele>630.6</ele><time>2026-03-28T11:31:39.000Z</time></trkpt>
      <trkpt lat="53.460236" lon="-1.861902"><ele>631.0</ele><time>2026-03-28T11:31:40.000Z</time></trkpt>
      <trkpt lat="53.460230" lon="-1.861922"><ele>631.2</ele><time>2026-03-28T11:31:41.000Z</time></trkpt>
      <trkpt lat="53.460228" lon="-1.861941"><ele>630.6</ele><time>2026-03-28T11:31:42.000Z</time></trkpt>
      <trkpt lat="53.460220" lon="-1.861948"><ele>630.8</ele><time>2026-03-28T11:31:43.000Z</time></trkpt>
      <trkpt lat="53.460213" lon="-1.861954"><ele>630.2</ele><time>2026-03-28T11:31:44.000Z</time></trkpt>
      <trkpt lat="53.460200" lon="-1.861966"><ele>629.8</ele><time>2026-03-28T11:31:45.000Z</time></trkpt>
      <trkpt lat="53.460194" lon="-1.861985"><ele>630.0</ele><time>2026-03-28T11:31:46.000Z</time></trkpt>
      <trkpt lat="53.460190" lon="-1.862001"><ele>630.0</ele><time>2026-03-28T11:31:47.000Z</time></trkpt>
      <trkpt lat="53.460186" lon="-1.862021"><ele>629.8</ele><time>2026-03-28T11:31:48.000Z</time></trkpt>
      <trkpt lat="53.460182" lon="-1.862027"><ele>629.8</ele><time>2026-03-28T11:31:49.000Z</time></trkpt>
      <trkpt lat="53.460175" lon="-1.862036"><ele>629.4</ele><time>2026-03-28T11:31:50.000Z</time></trkpt>
      <trkpt lat="53.460167" lon="-1.862051"><ele>629.2</ele><time>2026-03-28T11:31:51.000Z</time></trkpt>
      <trkpt lat="53.460160" lon="-1.862082"><ele>629.6</ele><time>2026-03-28T11:31:52.000Z</time></trkpt>
      <trkpt lat="53.460163" lon="-1.862088"><ele>629.2</ele><time>2026-03-28T11:31:53.000Z</time></trkpt>
      <trkpt lat="53.460160" lon="-1.862089"><ele>628.4</ele><time>2026-03-28T11:31:54.000Z</time></trkpt>
      <trkpt lat="53.460155" lon="-1.862098"><ele>628.8</ele><time>2026-03-28T11:31:55.000Z</time></trkpt>
      <trkpt lat="53.460140" lon="-1.862120"><ele>629.2</ele><time>2026-03-28T11:31:56.000Z</time></trkpt>
      <trkpt lat="53.460136" lon="-1.862146"><ele>629.0</ele><time>2026-03-28T11:31:57.000Z</time></trkpt>
      <trkpt lat="53.460140" lon="-1.862164"><ele>629.2</ele><time>2026-03-28T11:31:58.000Z</time></trkpt>
      <trkpt lat="53.460133" lon="-1.862175"><ele>629.2</ele><time>2026-03-28T11:31:59.000Z</time></trkpt>
      <trkpt lat="53.460130" lon="-1.862204"><ele>630.0</ele><time>2026-03-28T11:32:00.000Z</time></trkpt>
      <trkpt lat="53.460120" lon="-1.862213"><ele>629.0</ele><time>2026-03-28T11:32:01.000Z</time></trkpt>
      <trkpt lat="53.460125" lon="-1.862233"><ele>628.8</ele><time>2026-03-28T11:32:02.000Z</time></trkpt>
      <trkpt lat="53.460125" lon="-1.862258"><ele>628.6</ele><time>2026-03-28T11:32:03.000Z</time></trkpt>
      <trkpt lat="53.460120" lon="-1.862274"><ele>628.4</ele><time>2026-03-28T11:32:04.000Z</time></trkpt>
      <trkpt lat="53.460120" lon="-1.862289"><ele>627.8</ele><time>2026-03-28T11:32:05.000Z</time></trkpt>
      <trkpt lat="53.460117" lon="-1.862299"><ele>628.0</ele><time>2026-03-28T11:32:06.000Z</time></trkpt>
      <trkpt lat="53.460117" lon="-1.862295"><ele>628.0</ele><time>2026-03-28T11:32:07.000Z</time></trkpt>
      <trkpt lat="53.460106" lon="-1.862294"><ele>627.8</ele><time>2026-03-28T11:32:08.000Z</time></trkpt>
      <trkpt lat="53.460094" lon="-1.862321"><ele>628.6</ele><time>2026-03-28T11:32:09.000Z</time></trkpt>
      <trkpt lat="53.460090" lon="-1.862333"><ele>628.4</ele><time>2026-03-28T11:32:10.000Z</time></trkpt>
      <trkpt lat="53.460083" lon="-1.862342"><ele>627.8</ele><time>2026-03-28T11:32:11.000Z</time></trkpt>
      <trkpt lat="53.460075" lon="-1.862343"><ele>627.6</ele><time>2026-03-28T11:32:12.000Z</time></trkpt>
      <trkpt lat="53.460060" lon="-1.862350"><ele>627.8</ele><time>2026-03-28T11:32:13.000Z</time></trkpt>
      <trkpt lat="53.460050" lon="-1.862361"><ele>628.6</ele><time>2026-03-28T11:32:14.000Z</time></trkpt>
      <trkpt lat="53.460045" lon="-1.862386"><ele>627.8</ele><time>2026-03-28T11:32:15.000Z</time></trkpt>
      <trkpt lat="53.460037" lon="-1.862403"><ele>627.6</ele><time>2026-03-28T11:32:16.000Z</time></trkpt>
      <trkpt lat="53.460040" lon="-1.862408"><ele>627.2</ele><time>2026-03-28T11:32:17.000Z</time></trkpt>
      <trkpt lat="53.460040" lon="-1.862404"><ele>627.4</ele><time>2026-03-28T11:32:18.000Z</time></trkpt>
      <trkpt lat="53.460045" lon="-1.862405"><ele>627.4</ele><time>2026-03-28T11:32:19.000Z</time></trkpt>
      <trkpt lat="53.460045" lon="-1.862402"><ele>626.8</ele><time>2026-03-28T11:32:20.000Z</time></trkpt>
      <trkpt lat="53.460040" lon="-1.862407"><ele>625.8</ele><time>2026-03-28T11:32:21.000Z</time></trkpt>
      <trkpt lat="53.460033" lon="-1.862427"><ele>626.0</ele><time>2026-03-28T11:32:22.000Z</time></trkpt>
      <trkpt lat="53.460033" lon="-1.862444"><ele>626.0</ele><time>2026-03-28T11:32:23.000Z</time></trkpt>
      <trkpt lat="53.460040" lon="-1.862468"><ele>626.6</ele><time>2026-03-28T11:32:24.000Z</time></trkpt>
      <trkpt lat="53.460050" lon="-1.862491"><ele>627.2</ele><time>2026-03-28T11:32:25.000Z</time></trkpt>
      <trkpt lat="53.460045" lon="-1.862513"><ele>627.2</ele><time>2026-03-28T11:32:26.000Z</time></trkpt>
      <trkpt lat="53.460045" lon="-1.862525"><ele>626.6</ele><time>2026-03-28T11:32:27.000Z</time></trkpt>
      <trkpt lat="53.460050" lon="-1.862539"><ele>627.0</ele><time>2026-03-28T11:32:28.000Z</time></trkpt>
      <trkpt lat="53.460050" lon="-1.862563"><ele>627.4</ele><time>2026-03-28T11:32:29.000Z</time></trkpt>
      <trkpt lat="53.460040" lon="-1.862569"><ele>627.6</ele><time>2026-03-28T11:32:30.000Z</time></trkpt>
      <trkpt lat="53.460033" lon="-1.862569"><ele>628.8</ele><time>2026-03-28T11:32:31.000Z</time></trkpt>
      <trkpt lat="53.460033" lon="-1.862565"><ele>628.8</ele><time>2026-03-28T11:32:32.000Z</time></trkpt>
      <trkpt lat="53.460030" lon="-1.862565"><ele>628.4</ele><time>2026-03-28T11:32:33.000Z</time></trkpt>
      <trkpt lat="53.460030" lon="-1.862566"><ele>628.6</ele><time>2026-03-28T11:32:34.000Z</time></trkpt>
      <trkpt lat="53.460026" lon="-1.862571"><ele>628.8</ele><time>2026-03-28T11:32:35.000Z</time></trkpt>
      <trkpt lat="53.460026" lon="-1.862580"><ele>628.6</ele><time>2026-03-28T11:32:36.000Z</time></trkpt>
      <trkpt lat="53.460022" lon="-1.862583"><ele>628.8</ele><time>2026-03-28T11:32:37.000Z</time></trkpt>
      <trkpt lat="53.460020" lon="-1.862590"><ele>629.4</ele><time>2026-03-28T11:32:38.000Z</time></trkpt>
      <trkpt lat="53.460014" lon="-1.862604"><ele>629.6</ele><time>2026-03-28T11:32:39.000Z</time></trkpt>
      <trkpt lat="53.460007" lon="-1.862622"><ele>629.2</ele><time>2026-03-28T11:32:40.000Z</time></trkpt>
      <trkpt lat="53.460000" lon="-1.862643"><ele>629.0</ele><time>2026-03-28T11:32:41.000Z</time></trkpt>
      <trkpt lat="53.460000" lon="-1.862662"><ele>628.4</ele><time>2026-03-28T11:32:42.000Z</time></trkpt>
      <trkpt lat="53.459995" lon="-1.862674"><ele>629.0</ele><time>2026-03-28T11:32:43.000Z</time></trkpt>
      <trkpt lat="53.459988" lon="-1.862672"><ele>629.0</ele><time>2026-03-28T11:32:44.000Z</time></trkpt>
      <trkpt lat="53.459976" lon="-1.862677"><ele>628.4</ele><time>2026-03-28T11:32:45.000Z</time></trkpt>
      <trkpt lat="53.459960" lon="-1.862684"><ele>628.2</ele><time>2026-03-28T11:32:46.000Z</time></trkpt>
      <trkpt lat="53.459960" lon="-1.862689"><ele>628.2</ele><time>2026-03-28T11:32:47.000Z</time></trkpt>
      <trkpt lat="53.459953" lon="-1.862699"><ele>628.2</ele><time>2026-03-28T11:32:48.000Z</time></trkpt>
      <trkpt lat="53.459950" lon="-1.862709"><ele>628.2</ele><time>2026-03-28T11:32:49.000Z</time></trkpt>
      <trkpt lat="53.459946" lon="-1.862715"><ele>628.6</ele><time>2026-03-28T11:32:50.000Z</time></trkpt>
      <trkpt lat="53.459938" lon="-1.862722"><ele>628.2</ele><time>2026-03-28T11:32:51.000Z</time></trkpt>
      <trkpt lat="53.459934" lon="-1.862731"><ele>627.6</ele><time>2026-03-28T11:32:52.000Z</time></trkpt>
      <trkpt lat="53.459927" lon="-1.862739"><ele>627.8</ele><time>2026-03-28T11:32:53.000Z</time></trkpt>
      <trkpt lat="53.459927" lon="-1.862749"><ele>627.8</ele><time>2026-03-28T11:32:54.000Z</time></trkpt>
      <trkpt lat="53.459927" lon="-1.862746"><ele>628.8</ele><time>2026-03-28T11:32:55.000Z</time></trkpt>
      <trkpt lat="53.459915" lon="-1.862751"><ele>628.2</ele><time>2026-03-28T11:32:56.000Z</time></trkpt>
      <trkpt lat="53.459923" lon="-1.862768"><ele>628.6</ele><time>2026-03-28T11:32:57.000Z</time></trkpt>
      <trkpt lat="53.459920" lon="-1.862767"><ele>628.4</ele><time>2026-03-28T11:32:58.000Z</time></trkpt>
      <trkpt lat="53.459908" lon="-1.862777"><ele>628.2</ele><time>2026-03-28T11:32:59.000Z</time></trkpt>
      <trkpt lat="53.459900" lon="-1.862781"><ele>629.0</ele><time>2026-03-28T11:33:00.000Z</time></trkpt>
      <trkpt lat="53.459890" lon="-1.862791"><ele>628.0</ele><time>2026-03-28T11:33:01.000Z</time></trkpt>
      <trkpt lat="53.459885" lon="-1.862802"><ele>627.8</ele><time>2026-03-28T11:33:02.000Z</time></trkpt>
      <trkpt lat="53.459880" lon="-1.862823"><ele>627.6</ele><time>2026-03-28T11:33:03.000Z</time></trkpt>
      <trkpt lat="53.459873" lon="-1.862825"><ele>627.6</ele><time>2026-03-28T11:33:04.000Z</time></trkpt>
      <trkpt lat="53.459860" lon="-1.862833"><ele>627.0</ele><time>2026-03-28T11:33:05.000Z</time></trkpt>
      <trkpt lat="53.459854" lon="-1.862846"><ele>627.2</ele><time>2026-03-28T11:33:06.000Z</time></trkpt>
      <trkpt lat="53.459843" lon="-1.862869"><ele>627.4</ele><time>2026-03-28T11:33:07.000Z</time></trkpt>
      <trkpt lat="53.459843" lon="-1.862872"><ele>627.8</ele><time>2026-03-28T11:33:08.000Z</time></trkpt>
      <trkpt lat="53.459843" lon="-1.862868"><ele>627.4</ele><time>2026-03-28T11:33:09.000Z</time></trkpt>
      <trkpt lat="53.459830" lon="-1.862865"><ele>627.6</ele><time>2026-03-28T11:33:10.000Z</time></trkpt>
      <trkpt lat="53.459820" lon="-1.862858"><ele>628.2</ele><time>2026-03-28T11:33:11.000Z</time></trkpt>
      <trkpt lat="53.459810" lon="-1.862864"><ele>628.0</ele><time>2026-03-28T11:33:12.000Z</time></trkpt>
      <trkpt lat="53.459800" lon="-1.862874"><ele>627.6</ele><time>2026-03-28T11:33:13.000Z</time></trkpt>
      <trkpt lat="53.459790" lon="-1.862884"><ele>627.8</ele><time>2026-03-28T11:33:14.000Z</time></trkpt>
      <trkpt lat="53.459780" lon="-1.862886"><ele>627.6</ele><time>2026-03-28T11:33:15.000Z</time></trkpt>
      <trkpt lat="53.459770" lon="-1.862886"><ele>628.0</ele><time>2026-03-28T11:33:16.000Z</time></trkpt>
      <trkpt lat="53.459755" lon="-1.862892"><ele>627.8</ele><time>2026-03-28T11:33:17.000Z</time></trkpt>
      <trkpt lat="53.459743" lon="-1.862887"><ele>628.6</ele><time>2026-03-28T11:33:18.000Z</time></trkpt>
      <trkpt lat="53.459740" lon="-1.862879"><ele>627.4</ele><time>2026-03-28T11:33:19.000Z</time></trkpt>
      <trkpt lat="53.459736" lon="-1.862867"><ele>627.8</ele><time>2026-03-28T11:33:20.000Z</time></trkpt>
      <trkpt lat="53.459730" lon="-1.862859"><ele>627.8</ele><time>2026-03-28T11:33:21.000Z</time></trkpt>
      <trkpt lat="53.459724" lon="-1.862852"><ele>628.0</ele><time>2026-03-28T11:33:22.000Z</time></trkpt>
      <trkpt lat="53.459724" lon="-1.862849"><ele>627.8</ele><time>2026-03-28T11:33:23.000Z</time></trkpt>
      <trkpt lat="53.459724" lon="-1.862853"><ele>627.6</ele><time>2026-03-28T11:33:24.000Z</time></trkpt>
      <trkpt lat="53.459717" lon="-1.862847"><ele>627.6</ele><time>2026-03-28T11:33:25.000Z</time></trkpt>
      <trkpt lat="53.459717" lon="-1.862850"><ele>628.0</ele><time>2026-03-28T11:33:26.000Z</time></trkpt>
      <trkpt lat="53.459717" lon="-1.862850"><ele>628.0</ele><time>2026-03-28T11:33:27.000Z</time></trkpt>
      <trkpt lat="53.459717" lon="-1.862846"><ele>627.8</ele><time>2026-03-28T11:33:28.000Z</time></trkpt>
      <trkpt lat="53.459713" lon="-1.862838"><ele>627.6</ele><time>2026-03-28T11:33:29.000Z</time></trkpt>
      <trkpt lat="53.459700" lon="-1.862830"><ele>627.2</ele><time>2026-03-28T11:33:30.000Z</time></trkpt>
      <trkpt lat="53.459694" lon="-1.862829"><ele>627.2</ele><time>2026-03-28T11:33:31.000Z</time></trkpt>
      <trkpt lat="53.459694" lon="-1.862823"><ele>627.2</ele><time>2026-03-28T11:33:32.000Z</time></trkpt>
      <trkpt lat="53.459698" lon="-1.862820"><ele>626.4</ele><time>2026-03-28T11:33:33.000Z</time></trkpt>
      <trkpt lat="53.459710" lon="-1.862787"><ele>626.8</ele><time>2026-03-28T11:33:34.000Z</time></trkpt>
      <trkpt lat="53.459717" lon="-1.862753"><ele>627.0</ele><time>2026-03-28T11:33:35.000Z</time></trkpt>
      <trkpt lat="53.459713" lon="-1.862747"><ele>627.6</ele><time>2026-03-28T11:33:36.000Z</time></trkpt>
      <trkpt lat="53.459705" lon="-1.862749"><ele>626.6</ele><time>2026-03-28T11:33:37.000Z</time></trkpt>
      <trkpt lat="53.459705" lon="-1.862750"><ele>626.2</ele><time>2026-03-28T11:33:38.000Z</time></trkpt>
      <trkpt lat="53.459700" lon="-1.862749"><ele>626.0</ele><time>2026-03-28T11:33:39.000Z</time></trkpt>
      <trkpt lat="53.459694" lon="-1.862736"><ele>625.8</ele><time>2026-03-28T11:33:40.000Z</time></trkpt>
      <trkpt lat="53.459690" lon="-1.862730"><ele>625.6</ele><time>2026-03-28T11:33:41.000Z</time></trkpt>
      <trkpt lat="53.459686" lon="-1.862728"><ele>625.4</ele><time>2026-03-28T11:33:42.000Z</time></trkpt>
      <trkpt lat="53.459682" lon="-1.862732"><ele>625.8</ele><time>2026-03-28T11:33:43.000Z</time></trkpt>
      <trkpt lat="53.459675" lon="-1.862737"><ele>626.6</ele><time>2026-03-28T11:33:44.000Z</time></trkpt>
      <trkpt lat="53.459680" lon="-1.862737"><ele>626.2</ele><time>2026-03-28T11:33:45.000Z</time></trkpt>
      <trkpt lat="53.459680" lon="-1.862739"><ele>626.0</ele><time>2026-03-28T11:33:46.000Z</time></trkpt>
      <trkpt lat="53.459680" lon="-1.862741"><ele>626.2</ele><time>2026-03-28T11:33:47.000Z</time></trkpt>
      <trkpt lat="53.459680" lon="-1.862736"><ele>626.2</ele><time>2026-03-28T11:33:48.000Z</time></trkpt>
      <trkpt lat="53.459670" lon="-1.862731"><ele>626.2</ele><time>2026-03-28T11:33:49.000Z</time></trkpt>
      <trkpt lat="53.459663" lon="-1.862728"><ele>626.6</ele><time>2026-03-28T11:33:50.000Z</time></trkpt>
      <trkpt lat="53.459656" lon="-1.862714"><ele>626.2</ele><time>2026-03-28T11:33:51.000Z</time></trkpt>
      <trkpt lat="53.459650" lon="-1.862710"><ele>625.8</ele><time>2026-03-28T11:33:52.000Z</time></trkpt>
      <trkpt lat="53.459637" lon="-1.862710"><ele>625.6</ele><time>2026-03-28T11:33:53.000Z</time></trkpt>
      <trkpt lat="53.459637" lon="-1.862712"><ele>626.2</ele><time>2026-03-28T11:33:54.000Z</time></trkpt>
      <trkpt lat="53.459618" lon="-1.862707"><ele>626.0</ele><time>2026-03-28T11:33:55.000Z</time></trkpt>
      <trkpt lat="53.459620" lon="-1.862691"><ele>626.0</ele><time>2026-03-28T11:33:56.000Z</time></trkpt>
      <trkpt lat="53.459614" lon="-1.862677"><ele>625.2</ele><time>2026-03-28T11:33:57.000Z</time></trkpt>
      <trkpt lat="53.459610" lon="-1.862670"><ele>625.2</ele><time>2026-03-28T11:33:58.000Z</time></trkpt>
      <trkpt lat="53.459602" lon="-1.862670"><ele>625.2</ele><time>2026-03-28T11:33:59.000Z</time></trkpt>
      <trkpt lat="53.459600" lon="-1.862673"><ele>624.6</ele><time>2026-03-28T11:34:00.000Z</time></trkpt>
      <trkpt lat="53.459590" lon="-1.862677"><ele>624.2</ele><time>2026-03-28T11:34:01.000Z</time></trkpt>
      <trkpt lat="53.459590" lon="-1.862680"><ele>624.2</ele><time>2026-03-28T11:34:02.000Z</time></trkpt>
      <trkpt lat="53.459587" lon="-1.862681"><ele>624.2</ele><time>2026-03-28T11:34:03.000Z</time></trkpt>
      <trkpt lat="53.459576" lon="-1.862684"><ele>624.6</ele><time>2026-03-28T11:34:04.000Z</time></trkpt>
      <trkpt lat="53.459560" lon="-1.862694"><ele>624.2</ele><time>2026-03-28T11:34:05.000Z</time></trkpt>
      <trkpt lat="53.459557" lon="-1.862700"><ele>624.2</ele><time>2026-03-28T11:34:06.000Z</time></trkpt>
      <trkpt lat="53.459550" lon="-1.862707"><ele>625.0</ele><time>2026-03-28T11:34:07.000Z</time></trkpt>
      <trkpt lat="53.459538" lon="-1.862711"><ele>625.6</ele><time>2026-03-28T11:34:08.000Z</time></trkpt>
      <trkpt lat="53.459530" lon="-1.862709"><ele>625.6</ele><time>2026-03-28T11:34:09.000Z</time></trkpt>
      <trkpt lat="53.459526" lon="-1.862707"><ele>625.0</ele><time>2026-03-28T11:34:10.000Z</time></trkpt>
      <trkpt lat="53.459522" lon="-1.862707"><ele>625.6</ele><time>2026-03-28T11:34:11.000Z</time></trkpt>
      <trkpt lat="53.459515" lon="-1.862710"><ele>625.4</ele><time>2026-03-28T11:34:12.000Z</time></trkpt>
      <trkpt lat="53.459507" lon="-1.862708"><ele>626.2</ele><time>2026-03-28T11:34:13.000Z</time></trkpt>
      <trkpt lat="53.459490" lon="-1.862707"><ele>626.2</ele><time>2026-03-28T11:34:14.000Z</time></trkpt>
      <trkpt lat="53.459484" lon="-1.862707"><ele>625.6</ele><time>2026-03-28T11:34:15.000Z</time></trkpt>
      <trkpt lat="53.459473" lon="-1.862707"><ele>625.6</ele><time>2026-03-28T11:34:16.000Z</time></trkpt>
      <trkpt lat="53.459465" lon="-1.862705"><ele>626.0</ele><time>2026-03-28T11:34:17.000Z</time></trkpt>
      <trkpt lat="53.459457" lon="-1.862705"><ele>625.4</ele><time>2026-03-28T11:34:18.000Z</time></trkpt>
      <trkpt lat="53.459450" lon="-1.862704"><ele>625.2</ele><time>2026-03-28T11:34:19.000Z</time></trkpt>
      <trkpt lat="53.459440" lon="-1.862707"><ele>624.6</ele><time>2026-03-28T11:34:20.000Z</time></trkpt>
      <trkpt lat="53.459427" lon="-1.862707"><ele>625.2</ele><time>2026-03-28T11:34:21.000Z</time></trkpt>
      <trkpt lat="53.459420" lon="-1.862710"><ele>625.2</ele><time>2026-03-28T11:34:22.000Z</time></trkpt>
      <trkpt lat="53.459420" lon="-1.862712"><ele>625.0</ele><time>2026-03-28T11:34:23.000Z</time></trkpt>
      <trkpt lat="53.459420" lon="-1.862718"><ele>625.0</ele><time>2026-03-28T11:34:24.000Z</time></trkpt>
      <trkpt lat="53.459420" lon="-1.862719"><ele>625.0</ele><time>2026-03-28T11:34:25.000Z</time></trkpt>
      <trkpt lat="53.459415" lon="-1.862725"><ele>625.0</ele><time>2026-03-28T11:34:26.000Z</time></trkpt>
      <trkpt lat="53.459408" lon="-1.862732"><ele>625.0</ele><time>2026-03-28T11:34:27.000Z</time></trkpt>
      <trkpt lat="53.459408" lon="-1.862740"><ele>625.0</ele><time>2026-03-28T11:34:28.000Z</time></trkpt>
      <trkpt lat="53.459400" lon="-1.862748"><ele>624.8</ele><time>2026-03-28T11:34:29.000Z</time></trkpt>
      <trkpt lat="53.459393" lon="-1.862750"><ele>624.8</ele><time>2026-03-28T11:34:30.000Z</time></trkpt>
      <trkpt lat="53.459393" lon="-1.862748"><ele>625.2</ele><time>2026-03-28T11:34:31.000Z</time></trkpt>
      <trkpt lat="53.459380" lon="-1.862752"><ele>624.8</ele><time>2026-03-28T11:34:32.000Z</time></trkpt>
      <trkpt lat="53.459373" lon="-1.862759"><ele>625.2</ele><time>2026-03-28T11:34:33.000Z</time></trkpt>
      <trkpt lat="53.459366" lon="-1.862769"><ele>625.0</ele><time>2026-03-28T11:34:34.000Z</time></trkpt>
      <trkpt lat="53.459362" lon="-1.862766"><ele>624.8</ele><time>2026-03-28T11:34:35.000Z</time></trkpt>
      <trkpt lat="53.459360" lon="-1.862760"><ele>623.8</ele><time>2026-03-28T11:34:36.000Z</time></trkpt>
      <trkpt lat="53.459350" lon="-1.862758"><ele>624.2</ele><time>2026-03-28T11:34:37.000Z</time></trkpt>
      <trkpt lat="53.459343" lon="-1.862747"><ele>624.2</ele><time>2026-03-28T11:34:38.000Z</time></trkpt>
      <trkpt lat="53.459330" lon="-1.862739"><ele>623.8</ele><time>2026-03-28T11:34:39.000Z</time></trkpt>
      <trkpt lat="53.459320" lon="-1.862726"><ele>623.6</ele><time>2026-03-28T11:34:40.000Z</time></trkpt>
      <trkpt lat="53.459310" lon="-1.862726"><ele>624.2</ele><time>2026-03-28T11:34:41.000Z</time></trkpt>
      <trkpt lat="53.459293" lon="-1.862728"><ele>623.4</ele><time>2026-03-28T11:34:42.000Z</time></trkpt>
      <trkpt lat="53.459286" lon="-1.862734"><ele>623.6</ele><time>2026-03-28T11:34:43.000Z</time></trkpt>
      <trkpt lat="53.459274" lon="-1.862731"><ele>623.6</ele><time>2026-03-28T11:34:44.000Z</time></trkpt>
      <trkpt lat="53.459263" lon="-1.862731"><ele>623.8</ele><time>2026-03-28T11:34:45.000Z</time></trkpt>
      <trkpt lat="53.459255" lon="-1.862739"><ele>623.4</ele><time>2026-03-28T11:34:46.000Z</time></trkpt>
      <trkpt lat="53.459244" lon="-1.862744"><ele>622.8</ele><time>2026-03-28T11:34:47.000Z</time></trkpt>
      <trkpt lat="53.459232" lon="-1.862752"><ele>623.8</ele><time>2026-03-28T11:34:48.000Z</time></trkpt>
      <trkpt lat="53.459230" lon="-1.862751"><ele>623.2</ele><time>2026-03-28T11:34:49.000Z</time></trkpt>
      <trkpt lat="53.459232" lon="-1.862748"><ele>621.6</ele><time>2026-03-28T11:34:50.000Z</time></trkpt>
      <trkpt lat="53.459236" lon="-1.862749"><ele>622.6</ele><time>2026-03-28T11:34:51.000Z</time></trkpt>
      <trkpt lat="53.459240" lon="-1.862754"><ele>622.6</ele><time>2026-03-28T11:34:52.000Z</time></trkpt>
      <trkpt lat="53.459240" lon="-1.862752"><ele>622.0</ele><time>2026-03-28T11:34:53.000Z</time></trkpt>
      <trkpt lat="53.459244" lon="-1.862750"><ele>621.8</ele><time>2026-03-28T11:34:54.000Z</time></trkpt>
      <trkpt lat="53.459240" lon="-1.862751"><ele>622.4</ele><time>2026-03-28T11:34:55.000Z</time></trkpt>
      <trkpt lat="53.459240" lon="-1.862752"><ele>622.6</ele><time>2026-03-28T11:34:56.000Z</time></trkpt>
      <trkpt lat="53.459236" lon="-1.862753"><ele>622.8</ele><time>2026-03-28T11:34:57.000Z</time></trkpt>
      <trkpt lat="53.459236" lon="-1.862753"><ele>623.0</ele><time>2026-03-28T11:34:58.000Z</time></trkpt>
      <trkpt lat="53.459236" lon="-1.862753"><ele>622.6</ele><time>2026-03-28T11:34:59.000Z</time></trkpt>
      <trkpt lat="53.459230" lon="-1.862752"><ele>622.4</ele><time>2026-03-28T11:35:00.000Z</time></trkpt>
      <trkpt lat="53.459220" lon="-1.862756"><ele>622.8</ele><time>2026-03-28T11:35:01.000Z</time></trkpt>
      <trkpt lat="53.459213" lon="-1.862757"><ele>622.8</ele><time>2026-03-28T11:35:02.000Z</time></trkpt>
      <trkpt lat="53.459206" lon="-1.862760"><ele>623.0</ele><time>2026-03-28T11:35:03.000Z</time></trkpt>
      <trkpt lat="53.459198" lon="-1.862756"><ele>622.4</ele><time>2026-03-28T11:35:04.000Z</time></trkpt>
      <trkpt lat="53.459198" lon="-1.862746"><ele>623.0</ele><time>2026-03-28T11:35:05.000Z</time></trkpt>
      <trkpt lat="53.459180" lon="-1.862741"><ele>623.6</ele><time>2026-03-28T11:35:06.000Z</time></trkpt>
      <trkpt lat="53.459164" lon="-1.862729"><ele>624.0</ele><time>2026-03-28T11:35:07.000Z</time></trkpt>
      <trkpt lat="53.459156" lon="-1.862723"><ele>624.6</ele><time>2026-03-28T11:35:08.000Z</time></trkpt>
      <trkpt lat="53.459145" lon="-1.862722"><ele>624.4</ele><time>2026-03-28T11:35:09.000Z</time></trkpt>
      <trkpt lat="53.459133" lon="-1.862719"><ele>624.0</ele><time>2026-03-28T11:35:10.000Z</time></trkpt>
      <trkpt lat="53.459126" lon="-1.862714"><ele>624.0</ele><time>2026-03-28T11:35:11.000Z</time></trkpt>
      <trkpt lat="53.459118" lon="-1.862711"><ele>623.8</ele><time>2026-03-28T11:35:12.000Z</time></trkpt>
      <trkpt lat="53.459110" lon="-1.862707"><ele>623.4</ele><time>2026-03-28T11:35:13.000Z</time></trkpt>
      <trkpt lat="53.459095" lon="-1.862703"><ele>623.4</ele><time>2026-03-28T11:35:14.000Z</time></trkpt>
      <trkpt lat="53.459084" lon="-1.862704"><ele>622.8</ele><time>2026-03-28T11:35:15.000Z</time></trkpt>
      <trkpt lat="53.459080" lon="-1.862703"><ele>623.0</ele><time>2026-03-28T11:35:16.000Z</time></trkpt>
      <trkpt lat="53.459076" lon="-1.862693"><ele>622.8</ele><time>2026-03-28T11:35:17.000Z</time></trkpt>
      <trkpt lat="53.459064" lon="-1.862691"><ele>622.6</ele><time>2026-03-28T11:35:18.000Z</time></trkpt>
      <trkpt lat="53.459057" lon="-1.862694"><ele>622.6</ele><time>2026-03-28T11:35:19.000Z</time></trkpt>
      <trkpt lat="53.459050" lon="-1.862701"><ele>623.2</ele><time>2026-03-28T11:35:20.000Z</time></trkpt>
      <trkpt lat="53.459045" lon="-1.862705"><ele>622.6</ele><time>2026-03-28T11:35:21.000Z</time></trkpt>
      <trkpt lat="53.459034" lon="-1.862708"><ele>622.6</ele><time>2026-03-28T11:35:22.000Z</time></trkpt>
      <trkpt lat="53.459026" lon="-1.862709"><ele>622.4</ele><time>2026-03-28T11:35:23.000Z</time></trkpt>
      <trkpt lat="53.459026" lon="-1.862716"><ele>622.6</ele><time>2026-03-28T11:35:24.000Z</time></trkpt>
      <trkpt lat="53.459015" lon="-1.862724"><ele>622.2</ele><time>2026-03-28T11:35:25.000Z</time></trkpt>
      <trkpt lat="53.459007" lon="-1.862727"><ele>621.6</ele><time>2026-03-28T11:35:26.000Z</time></trkpt>
      <trkpt lat="53.458996" lon="-1.862726"><ele>621.4</ele><time>2026-03-28T11:35:27.000Z</time></trkpt>
      <trkpt lat="53.458984" lon="-1.862726"><ele>621.2</ele><time>2026-03-28T11:35:28.000Z</time></trkpt>
      <trkpt lat="53.458973" lon="-1.862729"><ele>621.6</ele><time>2026-03-28T11:35:29.000Z</time></trkpt>
      <trkpt lat="53.458960" lon="-1.862726"><ele>621.4</ele><time>2026-03-28T11:35:30.000Z</time></trkpt>
      <trkpt lat="53.458950" lon="-1.862721"><ele>621.0</ele><time>2026-03-28T11:35:31.000Z</time></trkpt>
      <trkpt lat="53.458946" lon="-1.862704"><ele>620.8</ele><time>2026-03-28T11:35:32.000Z</time></trkpt>
      <trkpt lat="53.458942" lon="-1.862683"><ele>620.6</ele><time>2026-03-28T11:35:33.000Z</time></trkpt>
      <trkpt lat="53.458935" lon="-1.862675"><ele>620.4</ele><time>2026-03-28T11:35:34.000Z</time></trkpt>
      <trkpt lat="53.458923" lon="-1.862678"><ele>619.6</ele><time>2026-03-28T11:35:35.000Z</time></trkpt>
      <trkpt lat="53.458916" lon="-1.862670"><ele>619.2</ele><time>2026-03-28T11:35:36.000Z</time></trkpt>
      <trkpt lat="53.458908" lon="-1.862669"><ele>619.2</ele><time>2026-03-28T11:35:37.000Z</time></trkpt>
      <trkpt lat="53.458893" lon="-1.862678"><ele>619.2</ele><time>2026-03-28T11:35:38.000Z</time></trkpt>
      <trkpt lat="53.458874" lon="-1.862679"><ele>619.6</ele><time>2026-03-28T11:35:39.000Z</time></trkpt>
      <trkpt lat="53.458866" lon="-1.862675"><ele>620.2</ele><time>2026-03-28T11:35:40.000Z</time></trkpt>
      <trkpt lat="53.458855" lon="-1.862670"><ele>620.2</ele><time>2026-03-28T11:35:41.000Z</time></trkpt>
      <trkpt lat="53.458843" lon="-1.862668"><ele>620.8</ele><time>2026-03-28T11:35:42.000Z</time></trkpt>
      <trkpt lat="53.458830" lon="-1.862661"><ele>620.8</ele><time>2026-03-28T11:35:43.000Z</time></trkpt>
      <trkpt lat="53.458820" lon="-1.862646"><ele>620.6</ele><time>2026-03-28T11:35:44.000Z</time></trkpt>
      <trkpt lat="53.458810" lon="-1.862638"><ele>621.0</ele><time>2026-03-28T11:35:45.000Z</time></trkpt>
      <trkpt lat="53.458797" lon="-1.862634"><ele>620.2</ele><time>2026-03-28T11:35:46.000Z</time></trkpt>
      <trkpt lat="53.458782" lon="-1.862627"><ele>621.0</ele><time>2026-03-28T11:35:47.000Z</time></trkpt>
      <trkpt lat="53.458775" lon="-1.862621"><ele>621.8</ele><time>2026-03-28T11:35:48.000Z</time></trkpt>
      <trkpt lat="53.458770" lon="-1.862609"><ele>622.2</ele><time>2026-03-28T11:35:49.000Z</time></trkpt>
      <trkpt lat="53.458763" lon="-1.862602"><ele>622.4</ele><time>2026-03-28T11:35:50.000Z</time></trkpt>
      <trkpt lat="53.458750" lon="-1.862595"><ele>621.8</ele><time>2026-03-28T11:35:51.000Z</time></trkpt>
      <trkpt lat="53.458744" lon="-1.862594"><ele>622.4</ele><time>2026-03-28T11:35:52.000Z</time></trkpt>
      <trkpt lat="53.458740" lon="-1.862600"><ele>622.4</ele><time>2026-03-28T11:35:53.000Z</time></trkpt>
      <trkpt lat="53.458740" lon="-1.862599"><ele>622.4</ele><time>2026-03-28T11:35:54.000Z</time></trkpt>
      <trkpt lat="53.458736" lon="-1.862597"><ele>622.4</ele><time>2026-03-28T11:35:55.000Z</time></trkpt>
      <trkpt lat="53.458730" lon="-1.862595"><ele>622.4</ele><time>2026-03-28T11:35:56.000Z</time></trkpt>
      <trkpt lat="53.458720" lon="-1.862593"><ele>622.2</ele><time>2026-03-28T11:35:57.000Z</time></trkpt>
      <trkpt lat="53.458717" lon="-1.862590"><ele>621.4</ele><time>2026-03-28T11:35:58.000Z</time></trkpt>
      <trkpt lat="53.458714" lon="-1.862582"><ele>621.0</ele><time>2026-03-28T11:35:59.000Z</time></trkpt>
      <trkpt lat="53.458702" lon="-1.862583"><ele>620.6</ele><time>2026-03-28T11:36:00.000Z</time></trkpt>
      <trkpt lat="53.458687" lon="-1.862582"><ele>620.2</ele><time>2026-03-28T11:36:01.000Z</time></trkpt>
      <trkpt lat="53.458670" lon="-1.862590"><ele>621.0</ele><time>2026-03-28T11:36:02.000Z</time></trkpt>
      <trkpt lat="53.458664" lon="-1.862605"><ele>621.6</ele><time>2026-03-28T11:36:03.000Z</time></trkpt>
      <trkpt lat="53.458652" lon="-1.862616"><ele>620.4</ele><time>2026-03-28T11:36:04.000Z</time></trkpt>
      <trkpt lat="53.458650" lon="-1.862624"><ele>620.6</ele><time>2026-03-28T11:36:05.000Z</time></trkpt>
      <trkpt lat="53.458640" lon="-1.862638"><ele>620.2</ele><time>2026-03-28T11:36:06.000Z</time></trkpt>
      <trkpt lat="53.458630" lon="-1.862657"><ele>620.4</ele><time>2026-03-28T11:36:07.000Z</time></trkpt>
      <trkpt lat="53.458622" lon="-1.862657"><ele>619.8</ele><time>2026-03-28T11:36:08.000Z</time></trkpt>
      <trkpt lat="53.458622" lon="-1.862648"><ele>619.2</ele><time>2026-03-28T11:36:09.000Z</time></trkpt>
      <trkpt lat="53.458614" lon="-1.862639"><ele>619.8</ele><time>2026-03-28T11:36:10.000Z</time></trkpt>
      <trkpt lat="53.458590" lon="-1.862640"><ele>620.0</ele><time>2026-03-28T11:36:11.000Z</time></trkpt>
      <trkpt lat="53.458584" lon="-1.862659"><ele>619.6</ele><time>2026-03-28T11:36:12.000Z</time></trkpt>
      <trkpt lat="53.458580" lon="-1.862665"><ele>620.2</ele><time>2026-03-28T11:36:13.000Z</time></trkpt>
      <trkpt lat="53.458570" lon="-1.862678"><ele>620.0</ele><time>2026-03-28T11:36:14.000Z</time></trkpt>
      <trkpt lat="53.458560" lon="-1.862698"><ele>620.6</ele><time>2026-03-28T11:36:15.000Z</time></trkpt>
      <trkpt lat="53.458560" lon="-1.862722"><ele>620.8</ele><time>2026-03-28T11:36:16.000Z</time></trkpt>
      <trkpt lat="53.458560" lon="-1.862735"><ele>620.8</ele><time>2026-03-28T11:36:17.000Z</time></trkpt>
      <trkpt lat="53.458557" lon="-1.862759"><ele>621.0</ele><time>2026-03-28T11:36:18.000Z</time></trkpt>
      <trkpt lat="53.458557" lon="-1.862776"><ele>620.8</ele><time>2026-03-28T11:36:19.000Z</time></trkpt>
      <trkpt lat="53.458557" lon="-1.862793"><ele>620.2</ele><time>2026-03-28T11:36:20.000Z</time></trkpt>
      <trkpt lat="53.458557" lon="-1.862800"><ele>618.8</ele><time>2026-03-28T11:36:21.000Z</time></trkpt>
      <trkpt lat="53.458553" lon="-1.862823"><ele>618.4</ele><time>2026-03-28T11:36:22.000Z</time></trkpt>
      <trkpt lat="53.458546" lon="-1.862839"><ele>619.0</ele><time>2026-03-28T11:36:23.000Z</time></trkpt>
      <trkpt lat="53.458534" lon="-1.862867"><ele>620.2</ele><time>2026-03-28T11:36:24.000Z</time></trkpt>
      <trkpt lat="53.458530" lon="-1.862877"><ele>619.4</ele><time>2026-03-28T11:36:25.000Z</time></trkpt>
      <trkpt lat="53.458527" lon="-1.862886"><ele>619.0</ele><time>2026-03-28T11:36:26.000Z</time></trkpt>
      <trkpt lat="53.458520" lon="-1.862905"><ele>619.2</ele><time>2026-03-28T11:36:27.000Z</time></trkpt>
      <trkpt lat="53.458515" lon="-1.862917"><ele>618.8</ele><time>2026-03-28T11:36:28.000Z</time></trkpt>
      <trkpt lat="53.458510" lon="-1.862937"><ele>618.8</ele><time>2026-03-28T11:36:29.000Z</time></trkpt>
      <trkpt lat="53.458510" lon="-1.862961"><ele>617.6</ele><time>2026-03-28T11:36:30.000Z</time></trkpt>
      <trkpt lat="53.458510" lon="-1.862972"><ele>618.2</ele><time>2026-03-28T11:36:31.000Z</time></trkpt>
      <trkpt lat="53.458504" lon="-1.862984"><ele>618.2</ele><time>2026-03-28T11:36:32.000Z</time></trkpt>
      <trkpt lat="53.458504" lon="-1.863003"><ele>618.2</ele><time>2026-03-28T11:36:33.000Z</time></trkpt>
      <trkpt lat="53.458508" lon="-1.863018"><ele>618.4</ele><time>2026-03-28T11:36:34.000Z</time></trkpt>
      <trkpt lat="53.458508" lon="-1.863020"><ele>618.4</ele><time>2026-03-28T11:36:35.000Z</time></trkpt>
      <trkpt lat="53.458496" lon="-1.863020"><ele>617.8</ele><time>2026-03-28T11:36:36.000Z</time></trkpt>
      <trkpt lat="53.458485" lon="-1.863027"><ele>617.6</ele><time>2026-03-28T11:36:37.000Z</time></trkpt>
      <trkpt lat="53.458470" lon="-1.863031"><ele>617.8</ele><time>2026-03-28T11:36:38.000Z</time></trkpt>
      <trkpt lat="53.458460" lon="-1.863040"><ele>617.6</ele><time>2026-03-28T11:36:39.000Z</time></trkpt>
      <trkpt lat="53.458454" lon="-1.863040"><ele>617.8</ele><time>2026-03-28T11:36:40.000Z</time></trkpt>
      <trkpt lat="53.458443" lon="-1.863044"><ele>618.2</ele><time>2026-03-28T11:36:41.000Z</time></trkpt>
      <trkpt lat="53.458424" lon="-1.863048"><ele>617.6</ele><time>2026-03-28T11:36:42.000Z</time></trkpt>
      <trkpt lat="53.458416" lon="-1.863044"><ele>617.8</ele><time>2026-03-28T11:36:43.000Z</time></trkpt>
      <trkpt lat="53.458410" lon="-1.863045"><ele>617.2</ele><time>2026-03-28T11:36:44.000Z</time></trkpt>
      <trkpt lat="53.458400" lon="-1.863048"><ele>617.2</ele><time>2026-03-28T11:36:45.000Z</time></trkpt>
      <trkpt lat="53.458385" lon="-1.863052"><ele>617.2</ele><time>2026-03-28T11:36:46.000Z</time></trkpt>
      <trkpt lat="53.458374" lon="-1.863046"><ele>617.4</ele><time>2026-03-28T11:36:47.000Z</time></trkpt>
      <trkpt lat="53.458363" lon="-1.863036"><ele>617.4</ele><time>2026-03-28T11:36:48.000Z</time></trkpt>
      <trkpt lat="53.458350" lon="-1.863037"><ele>617.0</ele><time>2026-03-28T11:36:49.000Z</time></trkpt>
      <trkpt lat="53.458344" lon="-1.863039"><ele>617.4</ele><time>2026-03-28T11:36:50.000Z</time></trkpt>
      <trkpt lat="53.458330" lon="-1.863037"><ele>617.6</ele><time>2026-03-28T11:36:51.000Z</time></trkpt>
      <trkpt lat="53.458317" lon="-1.863036"><ele>617.8</ele><time>2026-03-28T11:36:52.000Z</time></trkpt>
      <trkpt lat="53.458305" lon="-1.863040"><ele>617.6</ele><time>2026-03-28T11:36:53.000Z</time></trkpt>
      <trkpt lat="53.458298" lon="-1.863038"><ele>617.0</ele><time>2026-03-28T11:36:54.000Z</time></trkpt>
      <trkpt lat="53.458286" lon="-1.863041"><ele>617.4</ele><time>2026-03-28T11:36:55.000Z</time></trkpt>
      <trkpt lat="53.458275" lon="-1.863039"><ele>617.2</ele><time>2026-03-28T11:36:56.000Z</time></trkpt>
      <trkpt lat="53.458270" lon="-1.863044"><ele>616.8</ele><time>2026-03-28T11:36:57.000Z</time></trkpt>
      <trkpt lat="53.458267" lon="-1.863040"><ele>616.4</ele><time>2026-03-28T11:36:58.000Z</time></trkpt>
      <trkpt lat="53.458260" lon="-1.863034"><ele>616.4</ele><time>2026-03-28T11:36:59.000Z</time></trkpt>
      <trkpt lat="53.458260" lon="-1.863029"><ele>616.8</ele><time>2026-03-28T11:37:00.000Z</time></trkpt>
      <trkpt lat="53.458256" lon="-1.863025"><ele>616.8</ele><time>2026-03-28T11:37:01.000Z</time></trkpt>
      <trkpt lat="53.458252" lon="-1.863026"><ele>616.8</ele><time>2026-03-28T11:37:02.000Z</time></trkpt>
      <trkpt lat="53.458244" lon="-1.863025"><ele>617.6</ele><time>2026-03-28T11:37:03.000Z</time></trkpt>
      <trkpt lat="53.458233" lon="-1.863016"><ele>617.2</ele><time>2026-03-28T11:37:04.000Z</time></trkpt>
      <trkpt lat="53.458214" lon="-1.863015"><ele>616.6</ele><time>2026-03-28T11:37:05.000Z</time></trkpt>
      <trkpt lat="53.458214" lon="-1.863010"><ele>617.0</ele><time>2026-03-28T11:37:06.000Z</time></trkpt>
      <trkpt lat="53.458210" lon="-1.863008"><ele>617.0</ele><time>2026-03-28T11:37:07.000Z</time></trkpt>
      <trkpt lat="53.458206" lon="-1.863009"><ele>617.2</ele><time>2026-03-28T11:37:08.000Z</time></trkpt>
      <trkpt lat="53.458200" lon="-1.863010"><ele>617.6</ele><time>2026-03-28T11:37:09.000Z</time></trkpt>
      <trkpt lat="53.458187" lon="-1.863006"><ele>618.0</ele><time>2026-03-28T11:37:10.000Z</time></trkpt>
      <trkpt lat="53.458183" lon="-1.863000"><ele>617.8</ele><time>2026-03-28T11:37:11.000Z</time></trkpt>
      <trkpt lat="53.458180" lon="-1.863000"><ele>618.6</ele><time>2026-03-28T11:37:12.000Z</time></trkpt>
      <trkpt lat="53.458164" lon="-1.862993"><ele>619.4</ele><time>2026-03-28T11:37:13.000Z</time></trkpt>
      <trkpt lat="53.458157" lon="-1.862996"><ele>619.0</ele><time>2026-03-28T11:37:14.000Z</time></trkpt>
      <trkpt lat="53.458150" lon="-1.862987"><ele>618.8</ele><time>2026-03-28T11:37:15.000Z</time></trkpt>
      <trkpt lat="53.458138" lon="-1.862982"><ele>618.6</ele><time>2026-03-28T11:37:16.000Z</time></trkpt>
      <trkpt lat="53.458130" lon="-1.862989"><ele>618.4</ele><time>2026-03-28T11:37:17.000Z</time></trkpt>
      <trkpt lat="53.458122" lon="-1.862981"><ele>618.6</ele><time>2026-03-28T11:37:18.000Z</time></trkpt>
      <trkpt lat="53.458110" lon="-1.862972"><ele>619.0</ele><time>2026-03-28T11:37:19.000Z</time></trkpt>
      <trkpt lat="53.458103" lon="-1.862970"><ele>618.4</ele><time>2026-03-28T11:37:20.000Z</time></trkpt>
      <trkpt lat="53.458090" lon="-1.862958"><ele>618.2</ele><time>2026-03-28T11:37:21.000Z</time></trkpt>
      <trkpt lat="53.458080" lon="-1.862951"><ele>618.4</ele><time>2026-03-28T11:37:22.000Z</time></trkpt>
      <trkpt lat="53.458065" lon="-1.862956"><ele>617.8</ele><time>2026-03-28T11:37:23.000Z</time></trkpt>
      <trkpt lat="53.458057" lon="-1.862971"><ele>617.4</ele><time>2026-03-28T11:37:24.000Z</time></trkpt>
      <trkpt lat="53.458050" lon="-1.862966"><ele>617.6</ele><time>2026-03-28T11:37:25.000Z</time></trkpt>
      <trkpt lat="53.458042" lon="-1.862958"><ele>617.2</ele><time>2026-03-28T11:37:26.000Z</time></trkpt>
      <trkpt lat="53.458035" lon="-1.862949"><ele>616.2</ele><time>2026-03-28T11:37:27.000Z</time></trkpt>
      <trkpt lat="53.458023" lon="-1.862943"><ele>616.4</ele><time>2026-03-28T11:37:28.000Z</time></trkpt>
      <trkpt lat="53.458008" lon="-1.862933"><ele>615.8</ele><time>2026-03-28T11:37:29.000Z</time></trkpt>
      <trkpt lat="53.458000" lon="-1.862930"><ele>615.4</ele><time>2026-03-28T11:37:30.000Z</time></trkpt>
      <trkpt lat="53.457993" lon="-1.862941"><ele>615.0</ele><time>2026-03-28T11:37:31.000Z</time></trkpt>
      <trkpt lat="53.457985" lon="-1.862947"><ele>615.4</ele><time>2026-03-28T11:37:32.000Z</time></trkpt>
      <trkpt lat="53.457973" lon="-1.862940"><ele>614.8</ele><time>2026-03-28T11:37:33.000Z</time></trkpt>
      <trkpt lat="53.457962" lon="-1.862934"><ele>614.8</ele><time>2026-03-28T11:37:34.000Z</time></trkpt>
      <trkpt lat="53.457947" lon="-1.862936"><ele>615.0</ele><time>2026-03-28T11:37:35.000Z</time></trkpt>
      <trkpt lat="53.457935" lon="-1.862931"><ele>615.2</ele><time>2026-03-28T11:37:36.000Z</time></trkpt>
      <trkpt lat="53.457928" lon="-1.862932"><ele>615.2</ele><time>2026-03-28T11:37:37.000Z</time></trkpt>
      <trkpt lat="53.457916" lon="-1.862938"><ele>615.8</ele><time>2026-03-28T11:37:38.000Z</time></trkpt>
      <trkpt lat="53.457916" lon="-1.862943"><ele>614.8</ele><time>2026-03-28T11:37:39.000Z</time></trkpt>
      <trkpt lat="53.457920" lon="-1.862949"><ele>614.6</ele><time>2026-03-28T11:37:40.000Z</time></trkpt>
      <trkpt lat="53.457920" lon="-1.862950"><ele>615.0</ele><time>2026-03-28T11:37:41.000Z</time></trkpt>
      <trkpt lat="53.457920" lon="-1.862951"><ele>614.8</ele><time>2026-03-28T11:37:42.000Z</time></trkpt>
      <trkpt lat="53.457920" lon="-1.862951"><ele>614.8</ele><time>2026-03-28T11:37:43.000Z</time></trkpt>
      <trkpt lat="53.457920" lon="-1.862947"><ele>615.0</ele><time>2026-03-28T11:37:44.000Z</time></trkpt>
      <trkpt lat="53.457916" lon="-1.862950"><ele>615.0</ele><time>2026-03-28T11:37:45.000Z</time></trkpt>
      <trkpt lat="53.457910" lon="-1.862948"><ele>615.0</ele><time>2026-03-28T11:37:46.000Z</time></trkpt>
      <trkpt lat="53.457897" lon="-1.862944"><ele>614.8</ele><time>2026-03-28T11:37:47.000Z</time></trkpt>
      <trkpt lat="53.457893" lon="-1.862945"><ele>614.4</ele><time>2026-03-28T11:37:48.000Z</time></trkpt>
      <trkpt lat="53.457880" lon="-1.862948"><ele>614.0</ele><time>2026-03-28T11:37:49.000Z</time></trkpt>
      <trkpt lat="53.457867" lon="-1.862956"><ele>613.8</ele><time>2026-03-28T11:37:50.000Z</time></trkpt>
      <trkpt lat="53.457850" lon="-1.862959"><ele>613.8</ele><time>2026-03-28T11:37:51.000Z</time></trkpt>
      <trkpt lat="53.457840" lon="-1.862958"><ele>614.2</ele><time>2026-03-28T11:37:52.000Z</time></trkpt>
      <trkpt lat="53.457830" lon="-1.862960"><ele>614.0</ele><time>2026-03-28T11:37:53.000Z</time></trkpt>
      <trkpt lat="53.457825" lon="-1.862956"><ele>613.8</ele><time>2026-03-28T11:37:54.000Z</time></trkpt>
      <trkpt lat="53.457813" lon="-1.862965"><ele>613.8</ele><time>2026-03-28T11:37:55.000Z</time></trkpt>
      <trkpt lat="53.457810" lon="-1.862964"><ele>613.6</ele><time>2026-03-28T11:37:56.000Z</time></trkpt>
      <trkpt lat="53.457800" lon="-1.862957"><ele>614.2</ele><time>2026-03-28T11:37:57.000Z</time></trkpt>
      <trkpt lat="53.457800" lon="-1.862945"><ele>613.6</ele><time>2026-03-28T11:37:58.000Z</time></trkpt>
      <trkpt lat="53.457787" lon="-1.862937"><ele>614.4</ele><time>2026-03-28T11:37:59.000Z</time></trkpt>
      <trkpt lat="53.457770" lon="-1.862953"><ele>615.0</ele><time>2026-03-28T11:38:00.000Z</time></trkpt>
      <trkpt lat="53.457770" lon="-1.862973"><ele>615.4</ele><time>2026-03-28T11:38:01.000Z</time></trkpt>
      <trkpt lat="53.457770" lon="-1.862977"><ele>614.6</ele><time>2026-03-28T11:38:02.000Z</time></trkpt>
      <trkpt lat="53.457767" lon="-1.862979"><ele>614.2</ele><time>2026-03-28T11:38:03.000Z</time></trkpt>
      <trkpt lat="53.457760" lon="-1.862985"><ele>614.6</ele><time>2026-03-28T11:38:04.000Z</time></trkpt>
      <trkpt lat="53.457752" lon="-1.862988"><ele>614.6</ele><time>2026-03-28T11:38:05.000Z</time></trkpt>
      <trkpt lat="53.457745" lon="-1.862998"><ele>614.4</ele><time>2026-03-28T11:38:06.000Z</time></trkpt>
      <trkpt lat="53.457740" lon="-1.863005"><ele>614.4</ele><time>2026-03-28T11:38:07.000Z</time></trkpt>
      <trkpt lat="53.457737" lon="-1.863021"><ele>614.0</ele><time>2026-03-28T11:38:08.000Z</time></trkpt>
      <trkpt lat="53.457730" lon="-1.863031"><ele>614.4</ele><time>2026-03-28T11:38:09.000Z</time></trkpt>
      <trkpt lat="53.457718" lon="-1.863021"><ele>614.4</ele><time>2026-03-28T11:38:10.000Z</time></trkpt>
      <trkpt lat="53.457706" lon="-1.863020"><ele>613.6</ele><time>2026-03-28T11:38:11.000Z</time></trkpt>
      <trkpt lat="53.457690" lon="-1.863014"><ele>613.0</ele><time>2026-03-28T11:38:12.000Z</time></trkpt>
      <trkpt lat="53.457676" lon="-1.863016"><ele>612.8</ele><time>2026-03-28T11:38:13.000Z</time></trkpt>
      <trkpt lat="53.457664" lon="-1.863007"><ele>613.2</ele><time>2026-03-28T11:38:14.000Z</time></trkpt>
      <trkpt lat="53.457660" lon="-1.862996"><ele>613.4</ele><time>2026-03-28T11:38:15.000Z</time></trkpt>
      <trkpt lat="53.457650" lon="-1.862991"><ele>613.2</ele><time>2026-03-28T11:38:16.000Z</time></trkpt>
      <trkpt lat="53.457638" lon="-1.862988"><ele>612.8</ele><time>2026-03-28T11:38:17.000Z</time></trkpt>
      <trkpt lat="53.457630" lon="-1.862986"><ele>613.0</ele><time>2026-03-28T11:38:18.000Z</time></trkpt>
      <trkpt lat="53.457623" lon="-1.863002"><ele>613.0</ele><time>2026-03-28T11:38:19.000Z</time></trkpt>
      <trkpt lat="53.457630" lon="-1.863004"><ele>612.4</ele><time>2026-03-28T11:38:20.000Z</time></trkpt>
      <trkpt lat="53.457626" lon="-1.862998"><ele>612.8</ele><time>2026-03-28T11:38:21.000Z</time></trkpt>
      <trkpt lat="53.457626" lon="-1.862996"><ele>612.8</ele><time>2026-03-28T11:38:22.000Z</time></trkpt>
      <trkpt lat="53.457626" lon="-1.862997"><ele>613.0</ele><time>2026-03-28T11:38:23.000Z</time></trkpt>
      <trkpt lat="53.457626" lon="-1.862998"><ele>613.0</ele><time>2026-03-28T11:38:24.000Z</time></trkpt>
      <trkpt lat="53.457626" lon="-1.862999"><ele>612.8</ele><time>2026-03-28T11:38:25.000Z</time></trkpt>
      <trkpt lat="53.457626" lon="-1.863000"><ele>613.0</ele><time>2026-03-28T11:38:26.000Z</time></trkpt>
      <trkpt lat="53.457626" lon="-1.862995"><ele>613.0</ele><time>2026-03-28T11:38:27.000Z</time></trkpt>
      <trkpt lat="53.457620" lon="-1.863002"><ele>612.8</ele><time>2026-03-28T11:38:28.000Z</time></trkpt>
      <trkpt lat="53.457610" lon="-1.863012"><ele>612.4</ele><time>2026-03-28T11:38:29.000Z</time></trkpt>
      <trkpt lat="53.457607" lon="-1.863014"><ele>612.6</ele><time>2026-03-28T11:38:30.000Z</time></trkpt>
      <trkpt lat="53.457600" lon="-1.863021"><ele>612.0</ele><time>2026-03-28T11:38:31.000Z</time></trkpt>
      <trkpt lat="53.457596" lon="-1.863030"><ele>611.8</ele><time>2026-03-28T11:38:32.000Z</time></trkpt>
      <trkpt lat="53.457592" lon="-1.863040"><ele>611.4</ele><time>2026-03-28T11:38:33.000Z</time></trkpt>
      <trkpt lat="53.457580" lon="-1.863046"><ele>611.2</ele><time>2026-03-28T11:38:34.000Z</time></trkpt>
      <trkpt lat="53.457580" lon="-1.863037"><ele>611.8</ele><time>2026-03-28T11:38:35.000Z</time></trkpt>
      <trkpt lat="53.457573" lon="-1.863025"><ele>611.6</ele><time>2026-03-28T11:38:36.000Z</time></trkpt>
      <trkpt lat="53.457565" lon="-1.863005"><ele>611.8</ele><time>2026-03-28T11:38:37.000Z</time></trkpt>
      <trkpt lat="53.457550" lon="-1.862977"><ele>611.8</ele><time>2026-03-28T11:38:38.000Z</time></trkpt>
      <trkpt lat="53.457535" lon="-1.862980"><ele>612.2</ele><time>2026-03-28T11:38:39.000Z</time></trkpt>
      <trkpt lat="53.457530" lon="-1.862985"><ele>612.2</ele><time>2026-03-28T11:38:40.000Z</time></trkpt>
      <trkpt lat="53.457516" lon="-1.862978"><ele>612.0</ele><time>2026-03-28T11:38:41.000Z</time></trkpt>
      <trkpt lat="53.457500" lon="-1.862970"><ele>612.0</ele><time>2026-03-28T11:38:42.000Z</time></trkpt>
      <trkpt lat="53.457493" lon="-1.862963"><ele>612.2</ele><time>2026-03-28T11:38:43.000Z</time></trkpt>
      <trkpt lat="53.457490" lon="-1.862953"><ele>612.0</ele><time>2026-03-28T11:38:44.000Z</time></trkpt>
      <trkpt lat="53.457485" lon="-1.862943"><ele>611.6</ele><time>2026-03-28T11:38:45.000Z</time></trkpt>
      <trkpt lat="53.457466" lon="-1.862941"><ele>611.6</ele><time>2026-03-28T11:38:46.000Z</time></trkpt>
      <trkpt lat="53.457450" lon="-1.862933"><ele>612.2</ele><time>2026-03-28T11:38:47.000Z</time></trkpt>
      <trkpt lat="53.457443" lon="-1.862932"><ele>612.0</ele><time>2026-03-28T11:38:48.000Z</time></trkpt>
      <trkpt lat="53.457436" lon="-1.862930"><ele>611.2</ele><time>2026-03-28T11:38:49.000Z</time></trkpt>
      <trkpt lat="53.457424" lon="-1.862923"><ele>611.4</ele><time>2026-03-28T11:38:50.000Z</time></trkpt>
      <trkpt lat="53.457405" lon="-1.862915"><ele>611.6</ele><time>2026-03-28T11:38:51.000Z</time></trkpt>
      <trkpt lat="53.457400" lon="-1.862899"><ele>611.6</ele><time>2026-03-28T11:38:52.000Z</time></trkpt>
      <trkpt lat="53.457394" lon="-1.862893"><ele>610.8</ele><time>2026-03-28T11:38:53.000Z</time></trkpt>
      <trkpt lat="53.457382" lon="-1.862893"><ele>611.0</ele><time>2026-03-28T11:38:54.000Z</time></trkpt>
      <trkpt lat="53.457363" lon="-1.862901"><ele>612.2</ele><time>2026-03-28T11:38:55.000Z</time></trkpt>
      <trkpt lat="53.457355" lon="-1.862920"><ele>612.4</ele><time>2026-03-28T11:38:56.000Z</time></trkpt>
      <trkpt lat="53.457344" lon="-1.862918"><ele>612.4</ele><time>2026-03-28T11:38:57.000Z</time></trkpt>
      <trkpt lat="53.457333" lon="-1.862906"><ele>611.6</ele><time>2026-03-28T11:38:58.000Z</time></trkpt>
      <trkpt lat="53.457325" lon="-1.862911"><ele>611.2</ele><time>2026-03-28T11:38:59.000Z</time></trkpt>
      <trkpt lat="53.457320" lon="-1.862907"><ele>611.0</ele><time>2026-03-28T11:39:00.000Z</time></trkpt>
      <trkpt lat="53.457310" lon="-1.862905"><ele>611.4</ele><time>2026-03-28T11:39:01.000Z</time></trkpt>
      <trkpt lat="53.457310" lon="-1.862902"><ele>611.2</ele><time>2026-03-28T11:39:02.000Z</time></trkpt>
      <trkpt lat="53.457314" lon="-1.862908"><ele>611.0</ele><time>2026-03-28T11:39:03.000Z</time></trkpt>
      <trkpt lat="53.457314" lon="-1.862910"><ele>611.2</ele><time>2026-03-28T11:39:04.000Z</time></trkpt>
      <trkpt lat="53.457314" lon="-1.862908"><ele>611.2</ele><time>2026-03-28T11:39:05.000Z</time></trkpt>
      <trkpt lat="53.457310" lon="-1.862907"><ele>610.8</ele><time>2026-03-28T11:39:06.000Z</time></trkpt>
      <trkpt lat="53.457306" lon="-1.862907"><ele>611.0</ele><time>2026-03-28T11:39:07.000Z</time></trkpt>
      <trkpt lat="53.457302" lon="-1.862899"><ele>610.6</ele><time>2026-03-28T11:39:08.000Z</time></trkpt>
      <trkpt lat="53.457287" lon="-1.862899"><ele>611.0</ele><time>2026-03-28T11:39:09.000Z</time></trkpt>
      <trkpt lat="53.457280" lon="-1.862899"><ele>610.4</ele><time>2026-03-28T11:39:10.000Z</time></trkpt>
      <trkpt lat="53.457270" lon="-1.862906"><ele>610.4</ele><time>2026-03-28T11:39:11.000Z</time></trkpt>
      <trkpt lat="53.457270" lon="-1.862907"><ele>611.0</ele><time>2026-03-28T11:39:12.000Z</time></trkpt>
      <trkpt lat="53.457275" lon="-1.862908"><ele>610.8</ele><time>2026-03-28T11:39:13.000Z</time></trkpt>
      <trkpt lat="53.457280" lon="-1.862907"><ele>611.0</ele><time>2026-03-28T11:39:14.000Z</time></trkpt>
      <trkpt lat="53.457275" lon="-1.862910"><ele>611.0</ele><time>2026-03-28T11:39:15.000Z</time></trkpt>
      <trkpt lat="53.457280" lon="-1.862911"><ele>611.2</ele><time>2026-03-28T11:39:16.000Z</time></trkpt>
      <trkpt lat="53.457268" lon="-1.862899"><ele>612.0</ele><time>2026-03-28T11:39:17.000Z</time></trkpt>
      <trkpt lat="53.457275" lon="-1.862903"><ele>611.6</ele><time>2026-03-28T11:39:18.000Z</time></trkpt>
      <trkpt lat="53.457275" lon="-1.862907"><ele>611.8</ele><time>2026-03-28T11:39:19.000Z</time></trkpt>
      <trkpt lat="53.457275" lon="-1.862908"><ele>611.8</ele><time>2026-03-28T11:39:20.000Z</time></trkpt>
      <trkpt lat="53.457275" lon="-1.862909"><ele>611.6</ele><time>2026-03-28T11:39:21.000Z</time></trkpt>
      <trkpt lat="53.457275" lon="-1.862910"><ele>611.6</ele><time>2026-03-28T11:39:22.000Z</time></trkpt>
      <trkpt lat="53.457275" lon="-1.862912"><ele>611.8</ele><time>2026-03-28T11:39:23.000Z</time></trkpt>
      <trkpt lat="53.457270" lon="-1.862915"><ele>611.4</ele><time>2026-03-28T11:39:24.000Z</time></trkpt>
      <trkpt lat="53.457275" lon="-1.862922"><ele>611.2</ele><time>2026-03-28T11:39:25.000Z</time></trkpt>
      <trkpt lat="53.457275" lon="-1.862924"><ele>610.4</ele><time>2026-03-28T11:39:26.000Z</time></trkpt>
      <trkpt lat="53.457270" lon="-1.862933"><ele>610.6</ele><time>2026-03-28T11:39:27.000Z</time></trkpt>
      <trkpt lat="53.457268" lon="-1.862929"><ele>611.0</ele><time>2026-03-28T11:39:28.000Z</time></trkpt>
      <trkpt lat="53.457270" lon="-1.862930"><ele>610.6</ele><time>2026-03-28T11:39:29.000Z</time></trkpt>
      <trkpt lat="53.457275" lon="-1.862931"><ele>610.2</ele><time>2026-03-28T11:39:30.000Z</time></trkpt>
      <trkpt lat="53.457275" lon="-1.862928"><ele>610.2</ele><time>2026-03-28T11:39:31.000Z</time></trkpt>
      <trkpt lat="53.457275" lon="-1.862930"><ele>610.4</ele><time>2026-03-28T11:39:32.000Z</time></trkpt>
      <trkpt lat="53.457275" lon="-1.862930"><ele>610.4</ele><time>2026-03-28T11:39:33.000Z</time></trkpt>
      <trkpt lat="53.457275" lon="-1.862929"><ele>610.4</ele><time>2026-03-28T11:39:34.000Z</time></trkpt>
      <trkpt lat="53.457270" lon="-1.862930"><ele>610.4</ele><time>2026-03-28T11:39:35.000Z</time></trkpt>
      <trkpt lat="53.457275" lon="-1.862929"><ele>610.0</ele><time>2026-03-28T11:39:36.000Z</time></trkpt>
      <trkpt lat="53.457275" lon="-1.862928"><ele>609.8</ele><time>2026-03-28T11:39:37.000Z</time></trkpt>
      <trkpt lat="53.457275" lon="-1.862928"><ele>610.0</ele><time>2026-03-28T11:39:38.000Z</time></trkpt>
      <trkpt lat="53.457275" lon="-1.862927"><ele>610.0</ele><time>2026-03-28T11:39:39.000Z</time></trkpt>
      <trkpt lat="53.457275" lon="-1.862927"><ele>610.0</ele><time>2026-03-28T11:39:40.000Z</time></trkpt>
      <trkpt lat="53.457270" lon="-1.862929"><ele>610.2</ele><time>2026-03-28T11:39:41.000Z</time></trkpt>
      <trkpt lat="53.457275" lon="-1.862929"><ele>610.2</ele><time>2026-03-28T11:39:42.000Z</time></trkpt>
      <trkpt lat="53.457275" lon="-1.862929"><ele>610.2</ele><time>2026-03-28T11:39:43.000Z</time></trkpt>
      <trkpt lat="53.457275" lon="-1.862929"><ele>610.2</ele><time>2026-03-28T11:39:44.000Z</time></trkpt>
      <trkpt lat="53.457275" lon="-1.862929"><ele>610.2</ele><time>2026-03-28T11:39:45.000Z</time></trkpt>
      <trkpt lat="53.457270" lon="-1.862931"><ele>610.4</ele><time>2026-03-28T11:39:46.000Z</time></trkpt>
      <trkpt lat="53.457270" lon="-1.862933"><ele>610.6</ele><time>2026-03-28T11:39:47.000Z</time></trkpt>
      <trkpt lat="53.457275" lon="-1.862931"><ele>610.6</ele><time>2026-03-28T11:39:48.000Z</time></trkpt>
      <trkpt lat="53.457275" lon="-1.862928"><ele>611.0</ele><time>2026-03-28T11:39:49.000Z</time></trkpt>
      <trkpt lat="53.457275" lon="-1.862926"><ele>611.2</ele><time>2026-03-28T11:39:50.000Z</time></trkpt>
      <trkpt lat="53.457275" lon="-1.862927"><ele>611.0</ele><time>2026-03-28T11:39:51.000Z</time></trkpt>
      <trkpt lat="53.457275" lon="-1.862926"><ele>611.0</ele><time>2026-03-28T11:39:52.000Z</time></trkpt>
      <trkpt lat="53.457275" lon="-1.862926"><ele>611.0</ele><time>2026-03-28T11:39:53.000Z</time></trkpt>
      <trkpt lat="53.457275" lon="-1.862926"><ele>611.0</ele><time>2026-03-28T11:39:54.000Z</time></trkpt>
      <trkpt lat="53.457275" lon="-1.862928"><ele>611.2</ele><time>2026-03-28T11:39:55.000Z</time></trkpt>
      <trkpt lat="53.457275" lon="-1.862928"><ele>611.2</ele><time>2026-03-28T11:39:56.000Z</time></trkpt>
      <trkpt lat="53.457275" lon="-1.862930"><ele>611.2</ele><time>2026-03-28T11:39:57.000Z</time></trkpt>
      <trkpt lat="53.457275" lon="-1.862929"><ele>611.2</ele><time>2026-03-28T11:39:58.000Z</time></trkpt>
      <trkpt lat="53.457275" lon="-1.862930"><ele>611.2</ele><time>2026-03-28T11:39:59.000Z</time></trkpt>
      <trkpt lat="53.457275" lon="-1.862929"><ele>611.0</ele><time>2026-03-28T11:40:00.000Z</time></trkpt>
      <trkpt lat="53.457275" lon="-1.862929"><ele>611.0</ele><time>2026-03-28T11:40:01.000Z</time></trkpt>
      <trkpt lat="53.457275" lon="-1.862930"><ele>611.0</ele><time>2026-03-28T11:40:02.000Z</time></trkpt>
      <trkpt lat="53.457275" lon="-1.862930"><ele>611.2</ele><time>2026-03-28T11:40:03.000Z</time></trkpt>
      <trkpt lat="53.457270" lon="-1.862930"><ele>611.2</ele><time>2026-03-28T11:40:04.000Z</time></trkpt>
      <trkpt lat="53.457275" lon="-1.862932"><ele>611.0</ele><time>2026-03-28T11:40:05.000Z</time></trkpt>
      <trkpt lat="53.457275" lon="-1.862933"><ele>610.6</ele><time>2026-03-28T11:40:06.000Z</time></trkpt>
      <trkpt lat="53.457275" lon="-1.862933"><ele>610.8</ele><time>2026-03-28T11:40:07.000Z</time></trkpt>
      <trkpt lat="53.457275" lon="-1.862934"><ele>610.8</ele><time>2026-03-28T11:40:08.000Z</time></trkpt>
      <trkpt lat="53.457270" lon="-1.862933"><ele>610.8</ele><time>2026-03-28T11:40:09.000Z</time></trkpt>
      <trkpt lat="53.457275" lon="-1.862933"><ele>611.0</ele><time>2026-03-28T11:40:10.000Z</time></trkpt>
      <trkpt lat="53.457275" lon="-1.862934"><ele>611.0</ele><time>2026-03-28T11:40:11.000Z</time></trkpt>
      <trkpt lat="53.457270" lon="-1.862933"><ele>611.0</ele><time>2026-03-28T11:40:12.000Z</time></trkpt>
      <trkpt lat="53.457270" lon="-1.862931"><ele>611.0</ele><time>2026-03-28T11:40:13.000Z</time></trkpt>
      <trkpt lat="53.457270" lon="-1.862930"><ele>610.8</ele><time>2026-03-28T11:40:14.000Z</time></trkpt>
      <trkpt lat="53.457275" lon="-1.862932"><ele>611.2</ele><time>2026-03-28T11:40:15.000Z</time></trkpt>
      <trkpt lat="53.457270" lon="-1.862931"><ele>610.8</ele><time>2026-03-28T11:40:16.000Z</time></trkpt>
      <trkpt lat="53.457275" lon="-1.862931"><ele>610.8</ele><time>2026-03-28T11:40:17.000Z</time></trkpt>
      <trkpt lat="53.457275" lon="-1.862931"><ele>610.8</ele><time>2026-03-28T11:40:18.000Z</time></trkpt>
      <trkpt lat="53.457275" lon="-1.862930"><ele>611.0</ele><time>2026-03-28T11:40:19.000Z</time></trkpt>
      <trkpt lat="53.457275" lon="-1.862930"><ele>611.0</ele><time>2026-03-28T11:40:20.000Z</time></trkpt>
      <trkpt lat="53.457270" lon="-1.862929"><ele>610.8</ele><time>2026-03-28T11:40:21.000Z</time></trkpt>
      <trkpt lat="53.457270" lon="-1.862928"><ele>610.6</ele><time>2026-03-28T11:40:22.000Z</time></trkpt>
      <trkpt lat="53.457270" lon="-1.862928"><ele>610.6</ele><time>2026-03-28T11:40:23.000Z</time></trkpt>
      <trkpt lat="53.457270" lon="-1.862927"><ele>610.6</ele><time>2026-03-28T11:40:24.000Z</time></trkpt>
      <trkpt lat="53.457270" lon="-1.862927"><ele>610.8</ele><time>2026-03-28T11:40:25.000Z</time></trkpt>
      <trkpt lat="53.457270" lon="-1.862927"><ele>610.8</ele><time>2026-03-28T11:40:26.000Z</time></trkpt>
      <trkpt lat="53.457270" lon="-1.862927"><ele>610.8</ele><time>2026-03-28T11:40:27.000Z</time></trkpt>
      <trkpt lat="53.457270" lon="-1.862927"><ele>610.8</ele><time>2026-03-28T11:40:28.000Z</time></trkpt>
      <trkpt lat="53.457270" lon="-1.862927"><ele>610.8</ele><time>2026-03-28T11:40:29.000Z</time></trkpt>
      <trkpt lat="53.457270" lon="-1.862928"><ele>610.8</ele><time>2026-03-28T11:40:30.000Z</time></trkpt>
      <trkpt lat="53.457270" lon="-1.862928"><ele>610.8</ele><time>2026-03-28T11:40:31.000Z</time></trkpt>
      <trkpt lat="53.457270" lon="-1.862928"><ele>610.8</ele><time>2026-03-28T11:40:32.000Z</time></trkpt>
      <trkpt lat="53.457268" lon="-1.862927"><ele>610.6</ele><time>2026-03-28T11:40:33.000Z</time></trkpt>
      <trkpt lat="53.457268" lon="-1.862927"><ele>610.6</ele><time>2026-03-28T11:40:34.000Z</time></trkpt>
      <trkpt lat="53.457270" lon="-1.862928"><ele>610.2</ele><time>2026-03-28T11:40:35.000Z</time></trkpt>
      <trkpt lat="53.457270" lon="-1.862927"><ele>610.2</ele><time>2026-03-28T11:40:36.000Z</time></trkpt>
      <trkpt lat="53.457268" lon="-1.862928"><ele>610.0</ele><time>2026-03-28T11:40:37.000Z</time></trkpt>
      <trkpt lat="53.457268" lon="-1.862929"><ele>610.0</ele><time>2026-03-28T11:40:38.000Z</time></trkpt>
      <trkpt lat="53.457268" lon="-1.862929"><ele>610.0</ele><time>2026-03-28T11:40:39.000Z</time></trkpt>
      <trkpt lat="53.457268" lon="-1.862930"><ele>609.8</ele><time>2026-03-28T11:40:40.000Z</time></trkpt>
      <trkpt lat="53.457268" lon="-1.862930"><ele>609.8</ele><time>2026-03-28T11:40:41.000Z</time></trkpt>
      <trkpt lat="53.457268" lon="-1.862930"><ele>610.2</ele><time>2026-03-28T11:40:42.000Z</time></trkpt>
      <trkpt lat="53.457268" lon="-1.862930"><ele>610.2</ele><time>2026-03-28T11:40:43.000Z</time></trkpt>
      <trkpt lat="53.457268" lon="-1.862930"><ele>610.2</ele><time>2026-03-28T11:40:44.000Z</time></trkpt>
      <trkpt lat="53.457268" lon="-1.862930"><ele>610.2</ele><time>2026-03-28T11:40:45.000Z</time></trkpt>
      <trkpt lat="53.457268" lon="-1.862930"><ele>610.2</ele><time>2026-03-28T11:40:46.000Z</time></trkpt>
      <trkpt lat="53.457268" lon="-1.862931"><ele>610.2</ele><time>2026-03-28T11:40:47.000Z</time></trkpt>
      <trkpt lat="53.457268" lon="-1.862932"><ele>610.2</ele><time>2026-03-28T11:40:48.000Z</time></trkpt>
      <trkpt lat="53.457268" lon="-1.862932"><ele>610.2</ele><time>2026-03-28T11:40:49.000Z</time></trkpt>
      <trkpt lat="53.457268" lon="-1.862932"><ele>610.2</ele><time>2026-03-28T11:40:50.000Z</time></trkpt>
      <trkpt lat="53.457268" lon="-1.862932"><ele>610.2</ele><time>2026-03-28T11:40:51.000Z</time></trkpt>
      <trkpt lat="53.457268" lon="-1.862932"><ele>610.2</ele><time>2026-03-28T11:40:52.000Z</time></trkpt>
      <trkpt lat="53.457268" lon="-1.862932"><ele>610.6</ele><time>2026-03-28T11:40:53.000Z</time></trkpt>
      <trkpt lat="53.457268" lon="-1.862932"><ele>610.6</ele><time>2026-03-28T11:40:54.000Z</time></trkpt>
      <trkpt lat="53.457268" lon="-1.862932"><ele>610.6</ele><time>2026-03-28T11:40:55.000Z</time></trkpt>
      <trkpt lat="53.457268" lon="-1.862931"><ele>610.6</ele><time>2026-03-28T11:40:56.000Z</time></trkpt>
      <trkpt lat="53.457268" lon="-1.862932"><ele>610.6</ele><time>2026-03-28T11:40:57.000Z</time></trkpt>
      <trkpt lat="53.457270" lon="-1.862932"><ele>610.8</ele><time>2026-03-28T11:40:58.000Z</time></trkpt>
      <trkpt lat="53.457268" lon="-1.862931"><ele>610.8</ele><time>2026-03-28T11:40:59.000Z</time></trkpt>
      <trkpt lat="53.457270" lon="-1.862931"><ele>610.8</ele><time>2026-03-28T11:41:00.000Z</time></trkpt>
      <trkpt lat="53.457270" lon="-1.862932"><ele>611.0</ele><time>2026-03-28T11:41:01.000Z</time></trkpt>
      <trkpt lat="53.457270" lon="-1.862932"><ele>611.0</ele><time>2026-03-28T11:41:02.000Z</time></trkpt>
      <trkpt lat="53.457270" lon="-1.862932"><ele>610.8</ele><time>2026-03-28T11:41:03.000Z</time></trkpt>
      <trkpt lat="53.457270" lon="-1.862933"><ele>610.6</ele><time>2026-03-28T11:41:04.000Z</time></trkpt>
      <trkpt lat="53.457270" lon="-1.862933"><ele>610.6</ele><time>2026-03-28T11:41:05.000Z</time></trkpt>
      <trkpt lat="53.457270" lon="-1.862933"><ele>610.8</ele><time>2026-03-28T11:41:06.000Z</time></trkpt>
      <trkpt lat="53.457270" lon="-1.862933"><ele>610.6</ele><time>2026-03-28T11:41:07.000Z</time></trkpt>
      <trkpt lat="53.457270" lon="-1.862933"><ele>610.6</ele><time>2026-03-28T11:41:08.000Z</time></trkpt>
      <trkpt lat="53.457270" lon="-1.862933"><ele>610.6</ele><time>2026-03-28T11:41:09.000Z</time></trkpt>
      <trkpt lat="53.457270" lon="-1.862933"><ele>610.6</ele><time>2026-03-28T11:41:10.000Z</time></trkpt>
      <trkpt lat="53.457270" lon="-1.862933"><ele>610.6</ele><time>2026-03-28T11:41:11.000Z</time></trkpt>
      <trkpt lat="53.457270" lon="-1.862933"><ele>610.6</ele><time>2026-03-28T11:41:12.000Z</time></trkpt>
      <trkpt lat="53.457270" lon="-1.862933"><ele>610.6</ele><time>2026-03-28T11:41:13.000Z</time></trkpt>
      <trkpt lat="53.457270" lon="-1.862933"><ele>610.6</ele><time>2026-03-28T11:41:14.000Z</time></trkpt>
      <trkpt lat="53.457270" lon="-1.862933"><ele>610.6</ele><time>2026-03-28T11:41:15.000Z</time></trkpt>
      <trkpt lat="53.457270" lon="-1.862932"><ele>610.6</ele><time>2026-03-28T11:41:16.000Z</time></trkpt>
      <trkpt lat="53.457270" lon="-1.862933"><ele>610.6</ele><time>2026-03-28T11:41:17.000Z</time></trkpt>
      <trkpt lat="53.457270" lon="-1.862933"><ele>610.6</ele><time>2026-03-28T11:41:18.000Z</time></trkpt>
      <trkpt lat="53.457270" lon="-1.862933"><ele>610.6</ele><time>2026-03-28T11:41:19.000Z</time></trkpt>
      <trkpt lat="53.457270" lon="-1.862933"><ele>610.8</ele><time>2026-03-28T11:41:20.000Z</time></trkpt>
      <trkpt lat="53.457270" lon="-1.862933"><ele>610.8</ele><time>2026-03-28T11:41:21.000Z</time></trkpt>
      <trkpt lat="53.457270" lon="-1.862934"><ele>610.8</ele><time>2026-03-28T11:41:22.000Z</time></trkpt>
      <trkpt lat="53.457270" lon="-1.862934"><ele>610.8</ele><time>2026-03-28T11:41:23.000Z</time></trkpt>
      <trkpt lat="53.457270" lon="-1.862935"><ele>611.2</ele><time>2026-03-28T11:41:24.000Z</time></trkpt>
      <trkpt lat="53.457270" lon="-1.862933"><ele>611.0</ele><time>2026-03-28T11:41:25.000Z</time></trkpt>
      <trkpt lat="53.457270" lon="-1.862932"><ele>611.0</ele><time>2026-03-28T11:41:26.000Z</time></trkpt>
      <trkpt lat="53.457270" lon="-1.862932"><ele>611.0</ele><time>2026-03-28T11:41:27.000Z</time></trkpt>
      <trkpt lat="53.457270" lon="-1.862930"><ele>611.0</ele><time>2026-03-28T11:41:28.000Z</time></trkpt>
      <trkpt lat="53.457270" lon="-1.862930"><ele>611.2</ele><time>2026-03-28T11:41:29.000Z</time></trkpt>
      <trkpt lat="53.457270" lon="-1.862930"><ele>611.0</ele><time>2026-03-28T11:41:30.000Z</time></trkpt>
      <trkpt lat="53.457270" lon="-1.862927"><ele>610.8</ele><time>2026-03-28T11:41:31.000Z</time></trkpt>
      <trkpt lat="53.457270" lon="-1.862931"><ele>610.6</ele><time>2026-03-28T11:41:32.000Z</time></trkpt>
      <trkpt lat="53.457275" lon="-1.862936"><ele>610.8</ele><time>2026-03-28T11:41:33.000Z</time></trkpt>
      <trkpt lat="53.457275" lon="-1.862934"><ele>610.8</ele><time>2026-03-28T11:41:34.000Z</time></trkpt>
      <trkpt lat="53.457275" lon="-1.862934"><ele>610.8</ele><time>2026-03-28T11:41:35.000Z</time></trkpt>
      <trkpt lat="53.457275" lon="-1.862934"><ele>610.6</ele><time>2026-03-28T11:41:36.000Z</time></trkpt>
      <trkpt lat="53.457275" lon="-1.862934"><ele>610.6</ele><time>2026-03-28T11:41:37.000Z</time></trkpt>
      <trkpt lat="53.457275" lon="-1.862933"><ele>610.6</ele><time>2026-03-28T11:41:38.000Z</time></trkpt>
      <trkpt lat="53.457275" lon="-1.862933"><ele>610.6</ele><time>2026-03-28T11:41:39.000Z</time></trkpt>
      <trkpt lat="53.457275" lon="-1.862933"><ele>610.6</ele><time>2026-03-28T11:41:40.000Z</time></trkpt>
      <trkpt lat="53.457275" lon="-1.862934"><ele>610.6</ele><time>2026-03-28T11:41:41.000Z</time></trkpt>
      <trkpt lat="53.457275" lon="-1.862933"><ele>610.8</ele><time>2026-03-28T11:41:42.000Z</time></trkpt>
      <trkpt lat="53.457275" lon="-1.862930"><ele>611.0</ele><time>2026-03-28T11:41:43.000Z</time></trkpt>
      <trkpt lat="53.457275" lon="-1.862929"><ele>610.8</ele><time>2026-03-28T11:41:44.000Z</time></trkpt>
      <trkpt lat="53.457275" lon="-1.862930"><ele>610.8</ele><time>2026-03-28T11:41:45.000Z</time></trkpt>
      <trkpt lat="53.457275" lon="-1.862931"><ele>611.0</ele><time>2026-03-28T11:41:46.000Z</time></trkpt>
      <trkpt lat="53.457275" lon="-1.862931"><ele>611.0</ele><time>2026-03-28T11:41:47.000Z</time></trkpt>
      <trkpt lat="53.457280" lon="-1.862932"><ele>611.2</ele><time>2026-03-28T11:41:48.000Z</time></trkpt>
      <trkpt lat="53.457280" lon="-1.862932"><ele>611.4</ele><time>2026-03-28T11:41:49.000Z</time></trkpt>
      <trkpt lat="53.457275" lon="-1.862934"><ele>611.4</ele><time>2026-03-28T11:41:50.000Z</time></trkpt>
      <trkpt lat="53.457280" lon="-1.862931"><ele>611.4</ele><time>2026-03-28T11:41:51.000Z</time></trkpt>
      <trkpt lat="53.457275" lon="-1.862933"><ele>611.6</ele><time>2026-03-28T11:41:52.000Z</time></trkpt>
      <trkpt lat="53.457275" lon="-1.862932"><ele>611.4</ele><time>2026-03-28T11:41:53.000Z</time></trkpt>
      <trkpt lat="53.457280" lon="-1.862930"><ele>611.2</ele><time>2026-03-28T11:41:54.000Z</time></trkpt>
      <trkpt lat="53.457275" lon="-1.862929"><ele>611.2</ele><time>2026-03-28T11:41:55.000Z</time></trkpt>
      <trkpt lat="53.457275" lon="-1.862926"><ele>611.6</ele><time>2026-03-28T11:41:56.000Z</time></trkpt>
      <trkpt lat="53.457275" lon="-1.862925"><ele>611.4</ele><time>2026-03-28T11:41:57.000Z</time></trkpt>
      <trkpt lat="53.457275" lon="-1.862925"><ele>611.6</ele><time>2026-03-28T11:41:58.000Z</time></trkpt>
      <trkpt lat="53.457270" lon="-1.862924"><ele>611.6</ele><time>2026-03-28T11:41:59.000Z</time></trkpt>
      <trkpt lat="53.457270" lon="-1.862924"><ele>611.6</ele><time>2026-03-28T11:42:00.000Z</time></trkpt>
      <trkpt lat="53.457275" lon="-1.862926"><ele>611.4</ele><time>2026-03-28T11:42:01.000Z</time></trkpt>
      <trkpt lat="53.457275" lon="-1.862925"><ele>611.4</ele><time>2026-03-28T11:42:02.000Z</time></trkpt>
      <trkpt lat="53.457270" lon="-1.862924"><ele>611.2</ele><time>2026-03-28T11:42:03.000Z</time></trkpt>
      <trkpt lat="53.457275" lon="-1.862924"><ele>611.6</ele><time>2026-03-28T11:42:04.000Z</time></trkpt>
      <trkpt lat="53.457275" lon="-1.862923"><ele>611.6</ele><time>2026-03-28T11:42:05.000Z</time></trkpt>
      <trkpt lat="53.457275" lon="-1.862922"><ele>611.2</ele><time>2026-03-28T11:42:06.000Z</time></trkpt>
      <trkpt lat="53.457275" lon="-1.862923"><ele>611.0</ele><time>2026-03-28T11:42:07.000Z</time></trkpt>
      <trkpt lat="53.457275" lon="-1.862921"><ele>611.2</ele><time>2026-03-28T11:42:08.000Z</time></trkpt>
      <trkpt lat="53.457270" lon="-1.862920"><ele>611.0</ele><time>2026-03-28T11:42:09.000Z</time></trkpt>
      <trkpt lat="53.457275" lon="-1.862921"><ele>611.0</ele><time>2026-03-28T11:42:10.000Z</time></trkpt>
      <trkpt lat="53.457275" lon="-1.862916"><ele>610.6</ele><time>2026-03-28T11:42:11.000Z</time></trkpt>
      <trkpt lat="53.457275" lon="-1.862915"><ele>610.8</ele><time>2026-03-28T11:42:12.000Z</time></trkpt>
      <trkpt lat="53.457275" lon="-1.862916"><ele>610.8</ele><time>2026-03-28T11:42:13.000Z</time></trkpt>
      <trkpt lat="53.457275" lon="-1.862916"><ele>610.8</ele><time>2026-03-28T11:42:14.000Z</time></trkpt>
      <trkpt lat="53.457275" lon="-1.862919"><ele>610.6</ele><time>2026-03-28T11:42:15.000Z</time></trkpt>
      <trkpt lat="53.457275" lon="-1.862920"><ele>610.2</ele><time>2026-03-28T11:42:16.000Z</time></trkpt>
      <trkpt lat="53.457275" lon="-1.862929"><ele>610.8</ele><time>2026-03-28T11:42:17.000Z</time></trkpt>
      <trkpt lat="53.457275" lon="-1.862931"><ele>610.2</ele><time>2026-03-28T11:42:18.000Z</time></trkpt>
      <trkpt lat="53.457268" lon="-1.862926"><ele>609.8</ele><time>2026-03-28T11:42:19.000Z</time></trkpt>
      <trkpt lat="53.457270" lon="-1.862925"><ele>609.8</ele><time>2026-03-28T11:42:20.000Z</time></trkpt>
      <trkpt lat="53.457270" lon="-1.862925"><ele>609.8</ele><time>2026-03-28T11:42:21.000Z</time></trkpt>
      <trkpt lat="53.457270" lon="-1.862925"><ele>609.8</ele><time>2026-03-28T11:42:22.000Z</time></trkpt>
      <trkpt lat="53.457270" lon="-1.862923"><ele>610.2</ele><time>2026-03-28T11:42:23.000Z</time></trkpt>
      <trkpt lat="53.457270" lon="-1.862923"><ele>610.6</ele><time>2026-03-28T11:42:24.000Z</time></trkpt>
      <trkpt lat="53.457275" lon="-1.862922"><ele>610.4</ele><time>2026-03-28T11:42:25.000Z</time></trkpt>
      <trkpt lat="53.457275" lon="-1.862922"><ele>610.4</ele><time>2026-03-28T11:42:26.000Z</time></trkpt>
      <trkpt lat="53.457275" lon="-1.862922"><ele>610.4</ele><time>2026-03-28T11:42:27.000Z</time></trkpt>
      <trkpt lat="53.457275" lon="-1.862923"><ele>610.4</ele><time>2026-03-28T11:42:28.000Z</time></trkpt>
      <trkpt lat="53.457275" lon="-1.862923"><ele>610.6</ele><time>2026-03-28T11:42:29.000Z</time></trkpt>
      <trkpt lat="53.457275" lon="-1.862922"><ele>610.6</ele><time>2026-03-28T11:42:30.000Z</time></trkpt>
      <trkpt lat="53.457275" lon="-1.862922"><ele>610.6</ele><time>2026-03-28T11:42:31.000Z</time></trkpt>
      <trkpt lat="53.457270" lon="-1.862921"><ele>610.6</ele><time>2026-03-28T11:42:32.000Z</time></trkpt>
      <trkpt lat="53.457270" lon="-1.862923"><ele>610.6</ele><time>2026-03-28T11:42:33.000Z</time></trkpt>
      <trkpt lat="53.457275" lon="-1.862922"><ele>610.8</ele><time>2026-03-28T11:42:34.000Z</time></trkpt>
      <trkpt lat="53.457270" lon="-1.862922"><ele>610.6</ele><time>2026-03-28T11:42:35.000Z</time></trkpt>
      <trkpt lat="53.457280" lon="-1.862920"><ele>610.8</ele><time>2026-03-28T11:42:36.000Z</time></trkpt>
      <trkpt lat="53.457275" lon="-1.862916"><ele>610.2</ele><time>2026-03-28T11:42:37.000Z</time></trkpt>
      <trkpt lat="53.457270" lon="-1.862915"><ele>610.6</ele><time>2026-03-28T11:42:38.000Z</time></trkpt>
      <trkpt lat="53.457275" lon="-1.862915"><ele>611.0</ele><time>2026-03-28T11:42:39.000Z</time></trkpt>
      <trkpt lat="53.457270" lon="-1.862913"><ele>611.0</ele><time>2026-03-28T11:42:40.000Z</time></trkpt>
      <trkpt lat="53.457275" lon="-1.862913"><ele>611.2</ele><time>2026-03-28T11:42:41.000Z</time></trkpt>
      <trkpt lat="53.457275" lon="-1.862913"><ele>611.4</ele><time>2026-03-28T11:42:42.000Z</time></trkpt>
      <trkpt lat="53.457275" lon="-1.862912"><ele>611.2</ele><time>2026-03-28T11:42:43.000Z</time></trkpt>
      <trkpt lat="53.457275" lon="-1.862913"><ele>611.4</ele><time>2026-03-28T11:42:44.000Z</time></trkpt>
      <trkpt lat="53.457275" lon="-1.862912"><ele>611.2</ele><time>2026-03-28T11:42:45.000Z</time></trkpt>
      <trkpt lat="53.457275" lon="-1.862915"><ele>611.0</ele><time>2026-03-28T11:42:46.000Z</time></trkpt>
      <trkpt lat="53.457270" lon="-1.862914"><ele>610.8</ele><time>2026-03-28T11:42:47.000Z</time></trkpt>
      <trkpt lat="53.457268" lon="-1.862910"><ele>611.0</ele><time>2026-03-28T11:42:48.000Z</time></trkpt>
      <trkpt lat="53.457260" lon="-1.862904"><ele>610.6</ele><time>2026-03-28T11:42:49.000Z</time></trkpt>
      <trkpt lat="53.457256" lon="-1.862899"><ele>609.8</ele><time>2026-03-28T11:42:50.000Z</time></trkpt>
      <trkpt lat="53.457245" lon="-1.862889"><ele>609.8</ele><time>2026-03-28T11:42:51.000Z</time></trkpt>
      <trkpt lat="53.457233" lon="-1.862881"><ele>609.8</ele><time>2026-03-28T11:42:52.000Z</time></trkpt>
      <trkpt lat="53.457220" lon="-1.862869"><ele>609.4</ele><time>2026-03-28T11:42:53.000Z</time></trkpt>
      <trkpt lat="53.457207" lon="-1.862860"><ele>610.4</ele><time>2026-03-28T11:42:54.000Z</time></trkpt>
      <trkpt lat="53.457200" lon="-1.862848"><ele>610.6</ele><time>2026-03-28T11:42:55.000Z</time></trkpt>
      <trkpt lat="53.457190" lon="-1.862837"><ele>610.8</ele><time>2026-03-28T11:42:56.000Z</time></trkpt>
      <trkpt lat="53.457188" lon="-1.862827"><ele>611.0</ele><time>2026-03-28T11:42:57.000Z</time></trkpt>
      <trkpt lat="53.457172" lon="-1.862827"><ele>611.4</ele><time>2026-03-28T11:42:58.000Z</time></trkpt>
      <trkpt lat="53.457160" lon="-1.862830"><ele>611.4</ele><time>2026-03-28T11:42:59.000Z</time></trkpt>
      <trkpt lat="53.457157" lon="-1.862830"><ele>611.0</ele><time>2026-03-28T11:43:00.000Z</time></trkpt>
      <trkpt lat="53.457153" lon="-1.862823"><ele>610.6</ele><time>2026-03-28T11:43:01.000Z</time></trkpt>
      <trkpt lat="53.457138" lon="-1.862812"><ele>610.4</ele><time>2026-03-28T11:43:02.000Z</time></trkpt>
      <trkpt lat="53.457123" lon="-1.862809"><ele>610.0</ele><time>2026-03-28T11:43:03.000Z</time></trkpt>
      <trkpt lat="53.457110" lon="-1.862809"><ele>610.2</ele><time>2026-03-28T11:43:04.000Z</time></trkpt>
      <trkpt lat="53.457108" lon="-1.862815"><ele>609.8</ele><time>2026-03-28T11:43:05.000Z</time></trkpt>
      <trkpt lat="53.457096" lon="-1.862818"><ele>609.0</ele><time>2026-03-28T11:43:06.000Z</time></trkpt>
      <trkpt lat="53.457080" lon="-1.862822"><ele>609.0</ele><time>2026-03-28T11:43:07.000Z</time></trkpt>
      <trkpt lat="53.457070" lon="-1.862834"><ele>609.0</ele><time>2026-03-28T11:43:08.000Z</time></trkpt>
      <trkpt lat="53.457058" lon="-1.862845"><ele>609.6</ele><time>2026-03-28T11:43:09.000Z</time></trkpt>
      <trkpt lat="53.457050" lon="-1.862850"><ele>608.8</ele><time>2026-03-28T11:43:10.000Z</time></trkpt>
      <trkpt lat="53.457040" lon="-1.862843"><ele>608.4</ele><time>2026-03-28T11:43:11.000Z</time></trkpt>
      <trkpt lat="53.457024" lon="-1.862843"><ele>608.4</ele><time>2026-03-28T11:43:12.000Z</time></trkpt>
      <trkpt lat="53.457016" lon="-1.862844"><ele>608.4</ele><time>2026-03-28T11:43:13.000Z</time></trkpt>
      <trkpt lat="53.457005" lon="-1.862851"><ele>609.0</ele><time>2026-03-28T11:43:14.000Z</time></trkpt>
      <trkpt lat="53.456993" lon="-1.862857"><ele>608.8</ele><time>2026-03-28T11:43:15.000Z</time></trkpt>
      <trkpt lat="53.456980" lon="-1.862866"><ele>608.2</ele><time>2026-03-28T11:43:16.000Z</time></trkpt>
      <trkpt lat="53.456970" lon="-1.862881"><ele>608.2</ele><time>2026-03-28T11:43:17.000Z</time></trkpt>
      <trkpt lat="53.456960" lon="-1.862876"><ele>608.0</ele><time>2026-03-28T11:43:18.000Z</time></trkpt>
      <trkpt lat="53.456950" lon="-1.862869"><ele>608.0</ele><time>2026-03-28T11:43:19.000Z</time></trkpt>
      <trkpt lat="53.456936" lon="-1.862868"><ele>607.6</ele><time>2026-03-28T11:43:20.000Z</time></trkpt>
      <trkpt lat="53.456920" lon="-1.862865"><ele>608.2</ele><time>2026-03-28T11:43:21.000Z</time></trkpt>
      <trkpt lat="53.456913" lon="-1.862860"><ele>608.0</ele><time>2026-03-28T11:43:22.000Z</time></trkpt>
      <trkpt lat="53.456900" lon="-1.862856"><ele>607.8</ele><time>2026-03-28T11:43:23.000Z</time></trkpt>
      <trkpt lat="53.456886" lon="-1.862850"><ele>608.0</ele><time>2026-03-28T11:43:24.000Z</time></trkpt>
      <trkpt lat="53.456875" lon="-1.862843"><ele>607.8</ele><time>2026-03-28T11:43:25.000Z</time></trkpt>
      <trkpt lat="53.456867" lon="-1.862842"><ele>607.6</ele><time>2026-03-28T11:43:26.000Z</time></trkpt>
      <trkpt lat="53.456856" lon="-1.862842"><ele>607.6</ele><time>2026-03-28T11:43:27.000Z</time></trkpt>
      <trkpt lat="53.456844" lon="-1.862842"><ele>607.8</ele><time>2026-03-28T11:43:28.000Z</time></trkpt>
      <trkpt lat="53.456844" lon="-1.862830"><ele>607.6</ele><time>2026-03-28T11:43:29.000Z</time></trkpt>
      <trkpt lat="53.456840" lon="-1.862801"><ele>608.0</ele><time>2026-03-28T11:43:30.000Z</time></trkpt>
      <trkpt lat="53.456833" lon="-1.862779"><ele>608.0</ele><time>2026-03-28T11:43:31.000Z</time></trkpt>
      <trkpt lat="53.456820" lon="-1.862770"><ele>607.8</ele><time>2026-03-28T11:43:32.000Z</time></trkpt>
      <trkpt lat="53.456814" lon="-1.862766"><ele>607.4</ele><time>2026-03-28T11:43:33.000Z</time></trkpt>
      <trkpt lat="53.456810" lon="-1.862763"><ele>607.4</ele><time>2026-03-28T11:43:34.000Z</time></trkpt>
      <trkpt lat="53.456790" lon="-1.862746"><ele>607.4</ele><time>2026-03-28T11:43:35.000Z</time></trkpt>
      <trkpt lat="53.456780" lon="-1.862749"><ele>608.4</ele><time>2026-03-28T11:43:36.000Z</time></trkpt>
      <trkpt lat="53.456760" lon="-1.862758"><ele>607.8</ele><time>2026-03-28T11:43:37.000Z</time></trkpt>
      <trkpt lat="53.456753" lon="-1.862761"><ele>608.0</ele><time>2026-03-28T11:43:38.000Z</time></trkpt>
      <trkpt lat="53.456750" lon="-1.862752"><ele>607.4</ele><time>2026-03-28T11:43:39.000Z</time></trkpt>
      <trkpt lat="53.456734" lon="-1.862744"><ele>607.8</ele><time>2026-03-28T11:43:40.000Z</time></trkpt>
      <trkpt lat="53.456720" lon="-1.862732"><ele>608.0</ele><time>2026-03-28T11:43:41.000Z</time></trkpt>
      <trkpt lat="53.456707" lon="-1.862730"><ele>608.2</ele><time>2026-03-28T11:43:42.000Z</time></trkpt>
      <trkpt lat="53.456700" lon="-1.862729"><ele>607.2</ele><time>2026-03-28T11:43:43.000Z</time></trkpt>
      <trkpt lat="53.456684" lon="-1.862732"><ele>607.0</ele><time>2026-03-28T11:43:44.000Z</time></trkpt>
      <trkpt lat="53.456673" lon="-1.862735"><ele>607.6</ele><time>2026-03-28T11:43:45.000Z</time></trkpt>
      <trkpt lat="53.456670" lon="-1.862728"><ele>607.4</ele><time>2026-03-28T11:43:46.000Z</time></trkpt>
      <trkpt lat="53.456650" lon="-1.862729"><ele>607.2</ele><time>2026-03-28T11:43:47.000Z</time></trkpt>
      <trkpt lat="53.456642" lon="-1.862729"><ele>607.6</ele><time>2026-03-28T11:43:48.000Z</time></trkpt>
      <trkpt lat="53.456630" lon="-1.862732"><ele>606.4</ele><time>2026-03-28T11:43:49.000Z</time></trkpt>
      <trkpt lat="53.456620" lon="-1.862733"><ele>607.2</ele><time>2026-03-28T11:43:50.000Z</time></trkpt>
      <trkpt lat="53.456604" lon="-1.862738"><ele>607.0</ele><time>2026-03-28T11:43:51.000Z</time></trkpt>
      <trkpt lat="53.456596" lon="-1.862743"><ele>606.8</ele><time>2026-03-28T11:43:52.000Z</time></trkpt>
      <trkpt lat="53.456590" lon="-1.862751"><ele>606.4</ele><time>2026-03-28T11:43:53.000Z</time></trkpt>
      <trkpt lat="53.456577" lon="-1.862748"><ele>606.2</ele><time>2026-03-28T11:43:54.000Z</time></trkpt>
      <trkpt lat="53.456570" lon="-1.862749"><ele>606.4</ele><time>2026-03-28T11:43:55.000Z</time></trkpt>
      <trkpt lat="53.456560" lon="-1.862765"><ele>606.0</ele><time>2026-03-28T11:43:56.000Z</time></trkpt>
      <trkpt lat="53.456543" lon="-1.862778"><ele>605.6</ele><time>2026-03-28T11:43:57.000Z</time></trkpt>
      <trkpt lat="53.456535" lon="-1.862771"><ele>606.0</ele><time>2026-03-28T11:43:58.000Z</time></trkpt>
      <trkpt lat="53.456520" lon="-1.862771"><ele>605.8</ele><time>2026-03-28T11:43:59.000Z</time></trkpt>
      <trkpt lat="53.456510" lon="-1.862768"><ele>606.0</ele><time>2026-03-28T11:44:00.000Z</time></trkpt>
      <trkpt lat="53.456490" lon="-1.862769"><ele>606.0</ele><time>2026-03-28T11:44:01.000Z</time></trkpt>
      <trkpt lat="53.456482" lon="-1.862779"><ele>606.2</ele><time>2026-03-28T11:44:02.000Z</time></trkpt>
      <trkpt lat="53.456467" lon="-1.862793"><ele>605.6</ele><time>2026-03-28T11:44:03.000Z</time></trkpt>
      <trkpt lat="53.456455" lon="-1.862801"><ele>607.0</ele><time>2026-03-28T11:44:04.000Z</time></trkpt>
      <trkpt lat="53.456448" lon="-1.862788"><ele>607.6</ele><time>2026-03-28T11:44:05.000Z</time></trkpt>
      <trkpt lat="53.456436" lon="-1.862787"><ele>607.2</ele><time>2026-03-28T11:44:06.000Z</time></trkpt>
      <trkpt lat="53.456432" lon="-1.862794"><ele>607.0</ele><time>2026-03-28T11:44:07.000Z</time></trkpt>
      <trkpt lat="53.456417" lon="-1.862793"><ele>606.6</ele><time>2026-03-28T11:44:08.000Z</time></trkpt>
      <trkpt lat="53.456400" lon="-1.862810"><ele>607.0</ele><time>2026-03-28T11:44:09.000Z</time></trkpt>
      <trkpt lat="53.456390" lon="-1.862815"><ele>606.8</ele><time>2026-03-28T11:44:10.000Z</time></trkpt>
      <trkpt lat="53.456383" lon="-1.862816"><ele>606.8</ele><time>2026-03-28T11:44:11.000Z</time></trkpt>
      <trkpt lat="53.456375" lon="-1.862822"><ele>606.4</ele><time>2026-03-28T11:44:12.000Z</time></trkpt>
      <trkpt lat="53.456364" lon="-1.862833"><ele>606.2</ele><time>2026-03-28T11:44:13.000Z</time></trkpt>
      <trkpt lat="53.456350" lon="-1.862845"><ele>605.4</ele><time>2026-03-28T11:44:14.000Z</time></trkpt>
      <trkpt lat="53.456350" lon="-1.862854"><ele>605.6</ele><time>2026-03-28T11:44:15.000Z</time></trkpt>
      <trkpt lat="53.456345" lon="-1.862870"><ele>605.0</ele><time>2026-03-28T11:44:16.000Z</time></trkpt>
      <trkpt lat="53.456340" lon="-1.862888"><ele>604.4</ele><time>2026-03-28T11:44:17.000Z</time></trkpt>
      <trkpt lat="53.456340" lon="-1.862898"><ele>605.2</ele><time>2026-03-28T11:44:18.000Z</time></trkpt>
      <trkpt lat="53.456333" lon="-1.862905"><ele>605.0</ele><time>2026-03-28T11:44:19.000Z</time></trkpt>
      <trkpt lat="53.456330" lon="-1.862907"><ele>605.6</ele><time>2026-03-28T11:44:20.000Z</time></trkpt>
      <trkpt lat="53.456310" lon="-1.862926"><ele>605.6</ele><time>2026-03-28T11:44:21.000Z</time></trkpt>
      <trkpt lat="53.456306" lon="-1.862927"><ele>605.4</ele><time>2026-03-28T11:44:22.000Z</time></trkpt>
      <trkpt lat="53.456306" lon="-1.862947"><ele>605.2</ele><time>2026-03-28T11:44:23.000Z</time></trkpt>
      <trkpt lat="53.456318" lon="-1.862965"><ele>604.8</ele><time>2026-03-28T11:44:24.000Z</time></trkpt>
      <trkpt lat="53.456326" lon="-1.862987"><ele>605.2</ele><time>2026-03-28T11:44:25.000Z</time></trkpt>
      <trkpt lat="53.456310" lon="-1.863000"><ele>604.8</ele><time>2026-03-28T11:44:26.000Z</time></trkpt>
      <trkpt lat="53.456295" lon="-1.863024"><ele>605.2</ele><time>2026-03-28T11:44:27.000Z</time></trkpt>
      <trkpt lat="53.456280" lon="-1.863022"><ele>606.2</ele><time>2026-03-28T11:44:28.000Z</time></trkpt>
      <trkpt lat="53.456270" lon="-1.863022"><ele>606.4</ele><time>2026-03-28T11:44:29.000Z</time></trkpt>
      <trkpt lat="53.456257" lon="-1.863025"><ele>607.0</ele><time>2026-03-28T11:44:30.000Z</time></trkpt>
      <trkpt lat="53.456250" lon="-1.863035"><ele>606.0</ele><time>2026-03-28T11:44:31.000Z</time></trkpt>
      <trkpt lat="53.456238" lon="-1.863041"><ele>605.4</ele><time>2026-03-28T11:44:32.000Z</time></trkpt>
      <trkpt lat="53.456226" lon="-1.863038"><ele>606.2</ele><time>2026-03-28T11:44:33.000Z</time></trkpt>
      <trkpt lat="53.456210" lon="-1.863035"><ele>605.4</ele><time>2026-03-28T11:44:34.000Z</time></trkpt>
      <trkpt lat="53.456200" lon="-1.863031"><ele>606.2</ele><time>2026-03-28T11:44:35.000Z</time></trkpt>
      <trkpt lat="53.456196" lon="-1.863037"><ele>605.8</ele><time>2026-03-28T11:44:36.000Z</time></trkpt>
      <trkpt lat="53.456190" lon="-1.863033"><ele>605.6</ele><time>2026-03-28T11:44:37.000Z</time></trkpt>
      <trkpt lat="53.456177" lon="-1.863028"><ele>605.2</ele><time>2026-03-28T11:44:38.000Z</time></trkpt>
      <trkpt lat="53.456180" lon="-1.863026"><ele>605.6</ele><time>2026-03-28T11:44:39.000Z</time></trkpt>
      <trkpt lat="53.456184" lon="-1.863027"><ele>605.6</ele><time>2026-03-28T11:44:40.000Z</time></trkpt>
      <trkpt lat="53.456180" lon="-1.863021"><ele>605.8</ele><time>2026-03-28T11:44:41.000Z</time></trkpt>
      <trkpt lat="53.456173" lon="-1.863018"><ele>605.2</ele><time>2026-03-28T11:44:42.000Z</time></trkpt>
      <trkpt lat="53.456165" lon="-1.863017"><ele>605.6</ele><time>2026-03-28T11:44:43.000Z</time></trkpt>
      <trkpt lat="53.456158" lon="-1.863011"><ele>605.4</ele><time>2026-03-28T11:44:44.000Z</time></trkpt>
      <trkpt lat="53.456146" lon="-1.863007"><ele>605.8</ele><time>2026-03-28T11:44:45.000Z</time></trkpt>
      <trkpt lat="53.456142" lon="-1.863003"><ele>605.6</ele><time>2026-03-28T11:44:46.000Z</time></trkpt>
      <trkpt lat="53.456135" lon="-1.862994"><ele>605.2</ele><time>2026-03-28T11:44:47.000Z</time></trkpt>
      <trkpt lat="53.456140" lon="-1.863000"><ele>605.4</ele><time>2026-03-28T11:44:48.000Z</time></trkpt>
      <trkpt lat="53.456140" lon="-1.862999"><ele>605.2</ele><time>2026-03-28T11:44:49.000Z</time></trkpt>
      <trkpt lat="53.456140" lon="-1.862987"><ele>605.0</ele><time>2026-03-28T11:44:50.000Z</time></trkpt>
      <trkpt lat="53.456142" lon="-1.862976"><ele>604.8</ele><time>2026-03-28T11:44:51.000Z</time></trkpt>
      <trkpt lat="53.456150" lon="-1.862958"><ele>605.4</ele><time>2026-03-28T11:44:52.000Z</time></trkpt>
      <trkpt lat="53.456154" lon="-1.862937"><ele>605.6</ele><time>2026-03-28T11:44:53.000Z</time></trkpt>
      <trkpt lat="53.456150" lon="-1.862921"><ele>605.0</ele><time>2026-03-28T11:44:54.000Z</time></trkpt>
      <trkpt lat="53.456142" lon="-1.862908"><ele>605.6</ele><time>2026-03-28T11:44:55.000Z</time></trkpt>
      <trkpt lat="53.456130" lon="-1.862897"><ele>605.2</ele><time>2026-03-28T11:44:56.000Z</time></trkpt>
      <trkpt lat="53.456116" lon="-1.862896"><ele>604.8</ele><time>2026-03-28T11:44:57.000Z</time></trkpt>
      <trkpt lat="53.456104" lon="-1.862895"><ele>605.2</ele><time>2026-03-28T11:44:58.000Z</time></trkpt>
      <trkpt lat="53.456097" lon="-1.862892"><ele>604.8</ele><time>2026-03-28T11:44:59.000Z</time></trkpt>
      <trkpt lat="53.456085" lon="-1.862888"><ele>605.0</ele><time>2026-03-28T11:45:00.000Z</time></trkpt>
      <trkpt lat="53.456074" lon="-1.862876"><ele>605.0</ele><time>2026-03-28T11:45:01.000Z</time></trkpt>
      <trkpt lat="53.456074" lon="-1.862850"><ele>605.8</ele><time>2026-03-28T11:45:02.000Z</time></trkpt>
      <trkpt lat="53.456078" lon="-1.862838"><ele>606.2</ele><time>2026-03-28T11:45:03.000Z</time></trkpt>
      <trkpt lat="53.456062" lon="-1.862817"><ele>606.4</ele><time>2026-03-28T11:45:04.000Z</time></trkpt>
      <trkpt lat="53.456050" lon="-1.862805"><ele>605.4</ele><time>2026-03-28T11:45:05.000Z</time></trkpt>
      <trkpt lat="53.456040" lon="-1.862804"><ele>605.8</ele><time>2026-03-28T11:45:06.000Z</time></trkpt>
      <trkpt lat="53.456036" lon="-1.862803"><ele>604.6</ele><time>2026-03-28T11:45:07.000Z</time></trkpt>
      <trkpt lat="53.456020" lon="-1.862805"><ele>604.4</ele><time>2026-03-28T11:45:08.000Z</time></trkpt>
      <trkpt lat="53.456005" lon="-1.862811"><ele>604.4</ele><time>2026-03-28T11:45:09.000Z</time></trkpt>
      <trkpt lat="53.455994" lon="-1.862809"><ele>604.0</ele><time>2026-03-28T11:45:10.000Z</time></trkpt>
      <trkpt lat="53.455982" lon="-1.862814"><ele>604.8</ele><time>2026-03-28T11:45:11.000Z</time></trkpt>
      <trkpt lat="53.455975" lon="-1.862828"><ele>605.2</ele><time>2026-03-28T11:45:12.000Z</time></trkpt>
      <trkpt lat="53.455970" lon="-1.862840"><ele>605.0</ele><time>2026-03-28T11:45:13.000Z</time></trkpt>
      <trkpt lat="53.455963" lon="-1.862836"><ele>604.8</ele><time>2026-03-28T11:45:14.000Z</time></trkpt>
      <trkpt lat="53.455950" lon="-1.862831"><ele>604.0</ele><time>2026-03-28T11:45:15.000Z</time></trkpt>
      <trkpt lat="53.455940" lon="-1.862828"><ele>604.2</ele><time>2026-03-28T11:45:16.000Z</time></trkpt>
      <trkpt lat="53.455936" lon="-1.862822"><ele>605.2</ele><time>2026-03-28T11:45:17.000Z</time></trkpt>
      <trkpt lat="53.455930" lon="-1.862800"><ele>605.2</ele><time>2026-03-28T11:45:18.000Z</time></trkpt>
      <trkpt lat="53.455917" lon="-1.862782"><ele>604.4</ele><time>2026-03-28T11:45:19.000Z</time></trkpt>
      <trkpt lat="53.455910" lon="-1.862770"><ele>604.8</ele><time>2026-03-28T11:45:20.000Z</time></trkpt>
      <trkpt lat="53.455900" lon="-1.862762"><ele>604.8</ele><time>2026-03-28T11:45:21.000Z</time></trkpt>
      <trkpt lat="53.455883" lon="-1.862759"><ele>604.2</ele><time>2026-03-28T11:45:22.000Z</time></trkpt>
      <trkpt lat="53.455868" lon="-1.862749"><ele>605.4</ele><time>2026-03-28T11:45:23.000Z</time></trkpt>
      <trkpt lat="53.455864" lon="-1.862746"><ele>605.4</ele><time>2026-03-28T11:45:24.000Z</time></trkpt>
      <trkpt lat="53.455853" lon="-1.862742"><ele>605.0</ele><time>2026-03-28T11:45:25.000Z</time></trkpt>
      <trkpt lat="53.455840" lon="-1.862734"><ele>605.4</ele><time>2026-03-28T11:45:26.000Z</time></trkpt>
      <trkpt lat="53.455826" lon="-1.862723"><ele>604.8</ele><time>2026-03-28T11:45:27.000Z</time></trkpt>
      <trkpt lat="53.455814" lon="-1.862715"><ele>604.4</ele><time>2026-03-28T11:45:28.000Z</time></trkpt>
      <trkpt lat="53.455803" lon="-1.862704"><ele>605.0</ele><time>2026-03-28T11:45:29.000Z</time></trkpt>
      <trkpt lat="53.455795" lon="-1.862696"><ele>605.0</ele><time>2026-03-28T11:45:30.000Z</time></trkpt>
      <trkpt lat="53.455784" lon="-1.862692"><ele>603.6</ele><time>2026-03-28T11:45:31.000Z</time></trkpt>
      <trkpt lat="53.455770" lon="-1.862691"><ele>604.4</ele><time>2026-03-28T11:45:32.000Z</time></trkpt>
      <trkpt lat="53.455753" lon="-1.862689"><ele>604.4</ele><time>2026-03-28T11:45:33.000Z</time></trkpt>
      <trkpt lat="53.455746" lon="-1.862675"><ele>604.4</ele><time>2026-03-28T11:45:34.000Z</time></trkpt>
      <trkpt lat="53.455738" lon="-1.862667"><ele>603.4</ele><time>2026-03-28T11:45:35.000Z</time></trkpt>
      <trkpt lat="53.455730" lon="-1.862658"><ele>603.4</ele><time>2026-03-28T11:45:36.000Z</time></trkpt>
      <trkpt lat="53.455720" lon="-1.862649"><ele>603.4</ele><time>2026-03-28T11:45:37.000Z</time></trkpt>
      <trkpt lat="53.455710" lon="-1.862638"><ele>603.4</ele><time>2026-03-28T11:45:38.000Z</time></trkpt>
      <trkpt lat="53.455700" lon="-1.862631"><ele>603.0</ele><time>2026-03-28T11:45:39.000Z</time></trkpt>
      <trkpt lat="53.455692" lon="-1.862624"><ele>601.6</ele><time>2026-03-28T11:45:40.000Z</time></trkpt>
      <trkpt lat="53.455673" lon="-1.862610"><ele>601.6</ele><time>2026-03-28T11:45:41.000Z</time></trkpt>
      <trkpt lat="53.455666" lon="-1.862598"><ele>602.4</ele><time>2026-03-28T11:45:42.000Z</time></trkpt>
      <trkpt lat="53.455658" lon="-1.862586"><ele>602.4</ele><time>2026-03-28T11:45:43.000Z</time></trkpt>
      <trkpt lat="53.455650" lon="-1.862583"><ele>602.0</ele><time>2026-03-28T11:45:44.000Z</time></trkpt>
      <trkpt lat="53.455640" lon="-1.862580"><ele>602.6</ele><time>2026-03-28T11:45:45.000Z</time></trkpt>
      <trkpt lat="53.455627" lon="-1.862579"><ele>603.0</ele><time>2026-03-28T11:45:46.000Z</time></trkpt>
      <trkpt lat="53.455616" lon="-1.862570"><ele>602.6</ele><time>2026-03-28T11:45:47.000Z</time></trkpt>
      <trkpt lat="53.455605" lon="-1.862562"><ele>602.8</ele><time>2026-03-28T11:45:48.000Z</time></trkpt>
      <trkpt lat="53.455593" lon="-1.862555"><ele>602.4</ele><time>2026-03-28T11:45:49.000Z</time></trkpt>
      <trkpt lat="53.455585" lon="-1.862558"><ele>603.2</ele><time>2026-03-28T11:45:50.000Z</time></trkpt>
      <trkpt lat="53.455574" lon="-1.862551"><ele>603.6</ele><time>2026-03-28T11:45:51.000Z</time></trkpt>
      <trkpt lat="53.455574" lon="-1.862542"><ele>603.0</ele><time>2026-03-28T11:45:52.000Z</time></trkpt>
      <trkpt lat="53.455580" lon="-1.862530"><ele>603.4</ele><time>2026-03-28T11:45:53.000Z</time></trkpt>
      <trkpt lat="53.455580" lon="-1.862522"><ele>604.0</ele><time>2026-03-28T11:45:54.000Z</time></trkpt>
      <trkpt lat="53.455578" lon="-1.862506"><ele>603.4</ele><time>2026-03-28T11:45:55.000Z</time></trkpt>
      <trkpt lat="53.455574" lon="-1.862502"><ele>604.0</ele><time>2026-03-28T11:45:56.000Z</time></trkpt>
      <trkpt lat="53.455574" lon="-1.862505"><ele>603.8</ele><time>2026-03-28T11:45:57.000Z</time></trkpt>
      <trkpt lat="53.455570" lon="-1.862507"><ele>604.0</ele><time>2026-03-28T11:45:58.000Z</time></trkpt>
      <trkpt lat="53.455570" lon="-1.862509"><ele>604.0</ele><time>2026-03-28T11:45:59.000Z</time></trkpt>
      <trkpt lat="53.455563" lon="-1.862508"><ele>604.2</ele><time>2026-03-28T11:46:00.000Z</time></trkpt>
      <trkpt lat="53.455555" lon="-1.862511"><ele>603.8</ele><time>2026-03-28T11:46:01.000Z</time></trkpt>
      <trkpt lat="53.455547" lon="-1.862507"><ele>604.8</ele><time>2026-03-28T11:46:02.000Z</time></trkpt>
      <trkpt lat="53.455536" lon="-1.862505"><ele>604.6</ele><time>2026-03-28T11:46:03.000Z</time></trkpt>
      <trkpt lat="53.455524" lon="-1.862512"><ele>604.0</ele><time>2026-03-28T11:46:04.000Z</time></trkpt>
      <trkpt lat="53.455520" lon="-1.862522"><ele>603.6</ele><time>2026-03-28T11:46:05.000Z</time></trkpt>
      <trkpt lat="53.455513" lon="-1.862529"><ele>604.0</ele><time>2026-03-28T11:46:06.000Z</time></trkpt>
      <trkpt lat="53.455510" lon="-1.862522"><ele>603.2</ele><time>2026-03-28T11:46:07.000Z</time></trkpt>
      <trkpt lat="53.455505" lon="-1.862510"><ele>603.0</ele><time>2026-03-28T11:46:08.000Z</time></trkpt>
      <trkpt lat="53.455486" lon="-1.862493"><ele>603.2</ele><time>2026-03-28T11:46:09.000Z</time></trkpt>
      <trkpt lat="53.455475" lon="-1.862504"><ele>603.4</ele><time>2026-03-28T11:46:10.000Z</time></trkpt>
      <trkpt lat="53.455467" lon="-1.862519"><ele>603.6</ele><time>2026-03-28T11:46:11.000Z</time></trkpt>
      <trkpt lat="53.455456" lon="-1.862528"><ele>603.6</ele><time>2026-03-28T11:46:12.000Z</time></trkpt>
      <trkpt lat="53.455440" lon="-1.862530"><ele>603.6</ele><time>2026-03-28T11:46:13.000Z</time></trkpt>
      <trkpt lat="53.455430" lon="-1.862526"><ele>603.6</ele><time>2026-03-28T11:46:14.000Z</time></trkpt>
      <trkpt lat="53.455414" lon="-1.862514"><ele>603.8</ele><time>2026-03-28T11:46:15.000Z</time></trkpt>
      <trkpt lat="53.455402" lon="-1.862516"><ele>603.8</ele><time>2026-03-28T11:46:16.000Z</time></trkpt>
      <trkpt lat="53.455390" lon="-1.862512"><ele>603.8</ele><time>2026-03-28T11:46:17.000Z</time></trkpt>
      <trkpt lat="53.455383" lon="-1.862503"><ele>603.8</ele><time>2026-03-28T11:46:18.000Z</time></trkpt>
      <trkpt lat="53.455364" lon="-1.862500"><ele>604.0</ele><time>2026-03-28T11:46:19.000Z</time></trkpt>
      <trkpt lat="53.455357" lon="-1.862505"><ele>604.4</ele><time>2026-03-28T11:46:20.000Z</time></trkpt>
      <trkpt lat="53.455350" lon="-1.862508"><ele>604.2</ele><time>2026-03-28T11:46:21.000Z</time></trkpt>
      <trkpt lat="53.455345" lon="-1.862496"><ele>603.2</ele><time>2026-03-28T11:46:22.000Z</time></trkpt>
      <trkpt lat="53.455338" lon="-1.862476"><ele>603.2</ele><time>2026-03-28T11:46:23.000Z</time></trkpt>
      <trkpt lat="53.455334" lon="-1.862451"><ele>603.8</ele><time>2026-03-28T11:46:24.000Z</time></trkpt>
      <trkpt lat="53.455330" lon="-1.862441"><ele>603.6</ele><time>2026-03-28T11:46:25.000Z</time></trkpt>
      <trkpt lat="53.455330" lon="-1.862431"><ele>603.0</ele><time>2026-03-28T11:46:26.000Z</time></trkpt>
      <trkpt lat="53.455326" lon="-1.862413"><ele>603.2</ele><time>2026-03-28T11:46:27.000Z</time></trkpt>
      <trkpt lat="53.455330" lon="-1.862389"><ele>603.6</ele><time>2026-03-28T11:46:28.000Z</time></trkpt>
      <trkpt lat="53.455322" lon="-1.862374"><ele>603.4</ele><time>2026-03-28T11:46:29.000Z</time></trkpt>
      <trkpt lat="53.455320" lon="-1.862364"><ele>604.2</ele><time>2026-03-28T11:46:30.000Z</time></trkpt>
      <trkpt lat="53.455310" lon="-1.862350"><ele>603.4</ele><time>2026-03-28T11:46:31.000Z</time></trkpt>
      <trkpt lat="53.455303" lon="-1.862341"><ele>602.6</ele><time>2026-03-28T11:46:32.000Z</time></trkpt>
      <trkpt lat="53.455290" lon="-1.862335"><ele>602.0</ele><time>2026-03-28T11:46:33.000Z</time></trkpt>
      <trkpt lat="53.455284" lon="-1.862338"><ele>602.0</ele><time>2026-03-28T11:46:34.000Z</time></trkpt>
      <trkpt lat="53.455265" lon="-1.862343"><ele>602.6</ele><time>2026-03-28T11:46:35.000Z</time></trkpt>
      <trkpt lat="53.455257" lon="-1.862352"><ele>603.4</ele><time>2026-03-28T11:46:36.000Z</time></trkpt>
      <trkpt lat="53.455254" lon="-1.862370"><ele>603.8</ele><time>2026-03-28T11:46:37.000Z</time></trkpt>
      <trkpt lat="53.455246" lon="-1.862384"><ele>603.4</ele><time>2026-03-28T11:46:38.000Z</time></trkpt>
      <trkpt lat="53.455235" lon="-1.862390"><ele>603.2</ele><time>2026-03-28T11:46:39.000Z</time></trkpt>
      <trkpt lat="53.455223" lon="-1.862398"><ele>603.0</ele><time>2026-03-28T11:46:40.000Z</time></trkpt>
      <trkpt lat="53.455215" lon="-1.862399"><ele>603.6</ele><time>2026-03-28T11:46:41.000Z</time></trkpt>
      <trkpt lat="53.455204" lon="-1.862398"><ele>603.6</ele><time>2026-03-28T11:46:42.000Z</time></trkpt>
      <trkpt lat="53.455190" lon="-1.862406"><ele>603.6</ele><time>2026-03-28T11:46:43.000Z</time></trkpt>
      <trkpt lat="53.455185" lon="-1.862423"><ele>604.6</ele><time>2026-03-28T11:46:44.000Z</time></trkpt>
      <trkpt lat="53.455180" lon="-1.862441"><ele>603.8</ele><time>2026-03-28T11:46:45.000Z</time></trkpt>
      <trkpt lat="53.455173" lon="-1.862452"><ele>603.2</ele><time>2026-03-28T11:46:46.000Z</time></trkpt>
      <trkpt lat="53.455166" lon="-1.862462"><ele>603.0</ele><time>2026-03-28T11:46:47.000Z</time></trkpt>
      <trkpt lat="53.455160" lon="-1.862467"><ele>603.0</ele><time>2026-03-28T11:46:48.000Z</time></trkpt>
      <trkpt lat="53.455147" lon="-1.862476"><ele>603.2</ele><time>2026-03-28T11:46:49.000Z</time></trkpt>
      <trkpt lat="53.455140" lon="-1.862477"><ele>603.2</ele><time>2026-03-28T11:46:50.000Z</time></trkpt>
      <trkpt lat="53.455130" lon="-1.862476"><ele>602.0</ele><time>2026-03-28T11:46:51.000Z</time></trkpt>
      <trkpt lat="53.455128" lon="-1.862465"><ele>602.0</ele><time>2026-03-28T11:46:52.000Z</time></trkpt>
      <trkpt lat="53.455112" lon="-1.862454"><ele>601.6</ele><time>2026-03-28T11:46:53.000Z</time></trkpt>
      <trkpt lat="53.455105" lon="-1.862450"><ele>602.4</ele><time>2026-03-28T11:46:54.000Z</time></trkpt>
      <trkpt lat="53.455093" lon="-1.862445"><ele>601.4</ele><time>2026-03-28T11:46:55.000Z</time></trkpt>
      <trkpt lat="53.455082" lon="-1.862452"><ele>601.0</ele><time>2026-03-28T11:46:56.000Z</time></trkpt>
      <trkpt lat="53.455070" lon="-1.862448"><ele>601.4</ele><time>2026-03-28T11:46:57.000Z</time></trkpt>
      <trkpt lat="53.455060" lon="-1.862451"><ele>601.4</ele><time>2026-03-28T11:46:58.000Z</time></trkpt>
      <trkpt lat="53.455048" lon="-1.862458"><ele>601.8</ele><time>2026-03-28T11:46:59.000Z</time></trkpt>
      <trkpt lat="53.455044" lon="-1.862471"><ele>601.8</ele><time>2026-03-28T11:47:00.000Z</time></trkpt>
      <trkpt lat="53.455036" lon="-1.862479"><ele>602.0</ele><time>2026-03-28T11:47:01.000Z</time></trkpt>
      <trkpt lat="53.455032" lon="-1.862493"><ele>602.0</ele><time>2026-03-28T11:47:02.000Z</time></trkpt>
      <trkpt lat="53.455025" lon="-1.862504"><ele>602.4</ele><time>2026-03-28T11:47:03.000Z</time></trkpt>
      <trkpt lat="53.455020" lon="-1.862505"><ele>602.2</ele><time>2026-03-28T11:47:04.000Z</time></trkpt>
      <trkpt lat="53.455013" lon="-1.862511"><ele>602.2</ele><time>2026-03-28T11:47:05.000Z</time></trkpt>
      <trkpt lat="53.455006" lon="-1.862510"><ele>602.0</ele><time>2026-03-28T11:47:06.000Z</time></trkpt>
      <trkpt lat="53.454998" lon="-1.862519"><ele>602.6</ele><time>2026-03-28T11:47:07.000Z</time></trkpt>
      <trkpt lat="53.454994" lon="-1.862523"><ele>602.8</ele><time>2026-03-28T11:47:08.000Z</time></trkpt>
      <trkpt lat="53.454994" lon="-1.862521"><ele>602.8</ele><time>2026-03-28T11:47:09.000Z</time></trkpt>
      <trkpt lat="53.454994" lon="-1.862515"><ele>602.8</ele><time>2026-03-28T11:47:10.000Z</time></trkpt>
      <trkpt lat="53.454994" lon="-1.862518"><ele>602.8</ele><time>2026-03-28T11:47:11.000Z</time></trkpt>
      <trkpt lat="53.454990" lon="-1.862516"><ele>603.0</ele><time>2026-03-28T11:47:12.000Z</time></trkpt>
      <trkpt lat="53.454990" lon="-1.862515"><ele>602.8</ele><time>2026-03-28T11:47:13.000Z</time></trkpt>
      <trkpt lat="53.454983" lon="-1.862520"><ele>602.8</ele><time>2026-03-28T11:47:14.000Z</time></trkpt>
      <trkpt lat="53.454975" lon="-1.862533"><ele>602.8</ele><time>2026-03-28T11:47:15.000Z</time></trkpt>
      <trkpt lat="53.454970" lon="-1.862553"><ele>602.6</ele><time>2026-03-28T11:47:16.000Z</time></trkpt>
      <trkpt lat="53.454967" lon="-1.862571"><ele>602.8</ele><time>2026-03-28T11:47:17.000Z</time></trkpt>
      <trkpt lat="53.454967" lon="-1.862582"><ele>602.6</ele><time>2026-03-28T11:47:18.000Z</time></trkpt>
      <trkpt lat="53.454960" lon="-1.862589"><ele>602.6</ele><time>2026-03-28T11:47:19.000Z</time></trkpt>
      <trkpt lat="53.454950" lon="-1.862605"><ele>603.0</ele><time>2026-03-28T11:47:20.000Z</time></trkpt>
      <trkpt lat="53.454940" lon="-1.862626"><ele>602.0</ele><time>2026-03-28T11:47:21.000Z</time></trkpt>
      <trkpt lat="53.454937" lon="-1.862639"><ele>602.2</ele><time>2026-03-28T11:47:22.000Z</time></trkpt>
      <trkpt lat="53.454933" lon="-1.862647"><ele>601.8</ele><time>2026-03-28T11:47:23.000Z</time></trkpt>
      <trkpt lat="53.454926" lon="-1.862658"><ele>602.0</ele><time>2026-03-28T11:47:24.000Z</time></trkpt>
      <trkpt lat="53.454918" lon="-1.862660"><ele>602.0</ele><time>2026-03-28T11:47:25.000Z</time></trkpt>
      <trkpt lat="53.454910" lon="-1.862667"><ele>601.2</ele><time>2026-03-28T11:47:26.000Z</time></trkpt>
      <trkpt lat="53.454900" lon="-1.862683"><ele>601.8</ele><time>2026-03-28T11:47:27.000Z</time></trkpt>
      <trkpt lat="53.454887" lon="-1.862694"><ele>601.8</ele><time>2026-03-28T11:47:28.000Z</time></trkpt>
      <trkpt lat="53.454887" lon="-1.862711"><ele>601.4</ele><time>2026-03-28T11:47:29.000Z</time></trkpt>
      <trkpt lat="53.454880" lon="-1.862723"><ele>601.8</ele><time>2026-03-28T11:47:30.000Z</time></trkpt>
      <trkpt lat="53.454872" lon="-1.862733"><ele>601.2</ele><time>2026-03-28T11:47:31.000Z</time></trkpt>
      <trkpt lat="53.454865" lon="-1.862744"><ele>601.6</ele><time>2026-03-28T11:47:32.000Z</time></trkpt>
      <trkpt lat="53.454853" lon="-1.862755"><ele>601.0</ele><time>2026-03-28T11:47:33.000Z</time></trkpt>
      <trkpt lat="53.454850" lon="-1.862774"><ele>600.8</ele><time>2026-03-28T11:47:34.000Z</time></trkpt>
      <trkpt lat="53.454838" lon="-1.862790"><ele>600.8</ele><time>2026-03-28T11:47:35.000Z</time></trkpt>
      <trkpt lat="53.454834" lon="-1.862804"><ele>601.0</ele><time>2026-03-28T11:47:36.000Z</time></trkpt>
      <trkpt lat="53.454830" lon="-1.862817"><ele>601.2</ele><time>2026-03-28T11:47:37.000Z</time></trkpt>
      <trkpt lat="53.454823" lon="-1.862821"><ele>600.8</ele><time>2026-03-28T11:47:38.000Z</time></trkpt>
      <trkpt lat="53.454815" lon="-1.862837"><ele>600.6</ele><time>2026-03-28T11:47:39.000Z</time></trkpt>
      <trkpt lat="53.454807" lon="-1.862851"><ele>600.8</ele><time>2026-03-28T11:47:40.000Z</time></trkpt>
      <trkpt lat="53.454800" lon="-1.862864"><ele>601.0</ele><time>2026-03-28T11:47:41.000Z</time></trkpt>
      <trkpt lat="53.454792" lon="-1.862877"><ele>600.8</ele><time>2026-03-28T11:47:42.000Z</time></trkpt>
      <trkpt lat="53.454784" lon="-1.862894"><ele>600.8</ele><time>2026-03-28T11:47:43.000Z</time></trkpt>
      <trkpt lat="53.454780" lon="-1.862907"><ele>601.2</ele><time>2026-03-28T11:47:44.000Z</time></trkpt>
      <trkpt lat="53.454773" lon="-1.862917"><ele>601.0</ele><time>2026-03-28T11:47:45.000Z</time></trkpt>
      <trkpt lat="53.454773" lon="-1.862929"><ele>600.8</ele><time>2026-03-28T11:47:46.000Z</time></trkpt>
      <trkpt lat="53.454773" lon="-1.862941"><ele>600.2</ele><time>2026-03-28T11:47:47.000Z</time></trkpt>
      <trkpt lat="53.454765" lon="-1.862931"><ele>601.2</ele><time>2026-03-28T11:47:48.000Z</time></trkpt>
      <trkpt lat="53.454758" lon="-1.862930"><ele>601.2</ele><time>2026-03-28T11:47:49.000Z</time></trkpt>
      <trkpt lat="53.454750" lon="-1.862925"><ele>600.4</ele><time>2026-03-28T11:47:50.000Z</time></trkpt>
      <trkpt lat="53.454740" lon="-1.862916"><ele>601.0</ele><time>2026-03-28T11:47:51.000Z</time></trkpt>
      <trkpt lat="53.454730" lon="-1.862904"><ele>601.2</ele><time>2026-03-28T11:47:52.000Z</time></trkpt>
      <trkpt lat="53.454723" lon="-1.862896"><ele>602.0</ele><time>2026-03-28T11:47:53.000Z</time></trkpt>
      <trkpt lat="53.454723" lon="-1.862885"><ele>602.4</ele><time>2026-03-28T11:47:54.000Z</time></trkpt>
      <trkpt lat="53.454723" lon="-1.862873"><ele>602.6</ele><time>2026-03-28T11:47:55.000Z</time></trkpt>
      <trkpt lat="53.454720" lon="-1.862864"><ele>602.4</ele><time>2026-03-28T11:47:56.000Z</time></trkpt>
      <trkpt lat="53.454716" lon="-1.862859"><ele>601.6</ele><time>2026-03-28T11:47:57.000Z</time></trkpt>
      <trkpt lat="53.454710" lon="-1.862848"><ele>602.2</ele><time>2026-03-28T11:47:58.000Z</time></trkpt>
      <trkpt lat="53.454700" lon="-1.862845"><ele>602.4</ele><time>2026-03-28T11:47:59.000Z</time></trkpt>
      <trkpt lat="53.454693" lon="-1.862844"><ele>602.2</ele><time>2026-03-28T11:48:00.000Z</time></trkpt>
      <trkpt lat="53.454680" lon="-1.862845"><ele>602.4</ele><time>2026-03-28T11:48:01.000Z</time></trkpt>
      <trkpt lat="53.454674" lon="-1.862847"><ele>602.2</ele><time>2026-03-28T11:48:02.000Z</time></trkpt>
      <trkpt lat="53.454666" lon="-1.862858"><ele>602.0</ele><time>2026-03-28T11:48:03.000Z</time></trkpt>
      <trkpt lat="53.454662" lon="-1.862866"><ele>602.2</ele><time>2026-03-28T11:48:04.000Z</time></trkpt>
      <trkpt lat="53.454660" lon="-1.862870"><ele>602.0</ele><time>2026-03-28T11:48:05.000Z</time></trkpt>
      <trkpt lat="53.454660" lon="-1.862872"><ele>601.8</ele><time>2026-03-28T11:48:06.000Z</time></trkpt>
      <trkpt lat="53.454655" lon="-1.862869"><ele>602.0</ele><time>2026-03-28T11:48:07.000Z</time></trkpt>
      <trkpt lat="53.454650" lon="-1.862872"><ele>602.2</ele><time>2026-03-28T11:48:08.000Z</time></trkpt>
      <trkpt lat="53.454647" lon="-1.862872"><ele>602.2</ele><time>2026-03-28T11:48:09.000Z</time></trkpt>
      <trkpt lat="53.454647" lon="-1.862871"><ele>602.4</ele><time>2026-03-28T11:48:10.000Z</time></trkpt>
      <trkpt lat="53.454650" lon="-1.862872"><ele>602.6</ele><time>2026-03-28T11:48:11.000Z</time></trkpt>
      <trkpt lat="53.454655" lon="-1.862868"><ele>602.8</ele><time>2026-03-28T11:48:12.000Z</time></trkpt>
      <trkpt lat="53.454650" lon="-1.862873"><ele>602.6</ele><time>2026-03-28T11:48:13.000Z</time></trkpt>
      <trkpt lat="53.454650" lon="-1.862885"><ele>602.6</ele><time>2026-03-28T11:48:14.000Z</time></trkpt>
      <trkpt lat="53.454655" lon="-1.862899"><ele>602.4</ele><time>2026-03-28T11:48:15.000Z</time></trkpt>
      <trkpt lat="53.454662" lon="-1.862910"><ele>602.2</ele><time>2026-03-28T11:48:16.000Z</time></trkpt>
      <trkpt lat="53.454662" lon="-1.862922"><ele>601.4</ele><time>2026-03-28T11:48:17.000Z</time></trkpt>
      <trkpt lat="53.454660" lon="-1.862930"><ele>600.4</ele><time>2026-03-28T11:48:18.000Z</time></trkpt>
      <trkpt lat="53.454655" lon="-1.862943"><ele>599.6</ele><time>2026-03-28T11:48:19.000Z</time></trkpt>
      <trkpt lat="53.454650" lon="-1.862937"><ele>600.4</ele><time>2026-03-28T11:48:20.000Z</time></trkpt>
      <trkpt lat="53.454640" lon="-1.862920"><ele>600.4</ele><time>2026-03-28T11:48:21.000Z</time></trkpt>
      <trkpt lat="53.454640" lon="-1.862913"><ele>601.2</ele><time>2026-03-28T11:48:22.000Z</time></trkpt>
      <trkpt lat="53.454636" lon="-1.862914"><ele>601.4</ele><time>2026-03-28T11:48:23.000Z</time></trkpt>
      <trkpt lat="53.454636" lon="-1.862905"><ele>601.8</ele><time>2026-03-28T11:48:24.000Z</time></trkpt>
      <trkpt lat="53.454628" lon="-1.862898"><ele>601.4</ele><time>2026-03-28T11:48:25.000Z</time></trkpt>
      <trkpt lat="53.454617" lon="-1.862891"><ele>601.6</ele><time>2026-03-28T11:48:26.000Z</time></trkpt>
      <trkpt lat="53.454600" lon="-1.862879"><ele>601.4</ele><time>2026-03-28T11:48:27.000Z</time></trkpt>
      <trkpt lat="53.454590" lon="-1.862882"><ele>601.4</ele><time>2026-03-28T11:48:28.000Z</time></trkpt>
      <trkpt lat="53.454575" lon="-1.862889"><ele>601.4</ele><time>2026-03-28T11:48:29.000Z</time></trkpt>
      <trkpt lat="53.454563" lon="-1.862896"><ele>601.6</ele><time>2026-03-28T11:48:30.000Z</time></trkpt>
      <trkpt lat="53.454560" lon="-1.862895"><ele>601.8</ele><time>2026-03-28T11:48:31.000Z</time></trkpt>
      <trkpt lat="53.454550" lon="-1.862889"><ele>602.0</ele><time>2026-03-28T11:48:32.000Z</time></trkpt>
      <trkpt lat="53.454530" lon="-1.862891"><ele>602.0</ele><time>2026-03-28T11:48:33.000Z</time></trkpt>
      <trkpt lat="53.454517" lon="-1.862883"><ele>601.6</ele><time>2026-03-28T11:48:34.000Z</time></trkpt>
      <trkpt lat="53.454510" lon="-1.862879"><ele>601.8</ele><time>2026-03-28T11:48:35.000Z</time></trkpt>
      <trkpt lat="53.454502" lon="-1.862876"><ele>602.2</ele><time>2026-03-28T11:48:36.000Z</time></trkpt>
      <trkpt lat="53.454494" lon="-1.862872"><ele>602.4</ele><time>2026-03-28T11:48:37.000Z</time></trkpt>
      <trkpt lat="53.454487" lon="-1.862866"><ele>602.2</ele><time>2026-03-28T11:48:38.000Z</time></trkpt>
      <trkpt lat="53.454475" lon="-1.862866"><ele>601.6</ele><time>2026-03-28T11:48:39.000Z</time></trkpt>
      <trkpt lat="53.454468" lon="-1.862869"><ele>601.6</ele><time>2026-03-28T11:48:40.000Z</time></trkpt>
      <trkpt lat="53.454456" lon="-1.862860"><ele>601.8</ele><time>2026-03-28T11:48:41.000Z</time></trkpt>
      <trkpt lat="53.454445" lon="-1.862848"><ele>601.2</ele><time>2026-03-28T11:48:42.000Z</time></trkpt>
      <trkpt lat="53.454433" lon="-1.862844"><ele>601.4</ele><time>2026-03-28T11:48:43.000Z</time></trkpt>
      <trkpt lat="53.454426" lon="-1.862846"><ele>602.0</ele><time>2026-03-28T11:48:44.000Z</time></trkpt>
      <trkpt lat="53.454414" lon="-1.862850"><ele>600.6</ele><time>2026-03-28T11:48:45.000Z</time></trkpt>
      <trkpt lat="53.454403" lon="-1.862853"><ele>601.0</ele><time>2026-03-28T11:48:46.000Z</time></trkpt>
      <trkpt lat="53.454395" lon="-1.862868"><ele>600.8</ele><time>2026-03-28T11:48:47.000Z</time></trkpt>
      <trkpt lat="53.454388" lon="-1.862872"><ele>601.2</ele><time>2026-03-28T11:48:48.000Z</time></trkpt>
      <trkpt lat="53.454380" lon="-1.862876"><ele>601.6</ele><time>2026-03-28T11:48:49.000Z</time></trkpt>
      <trkpt lat="53.454372" lon="-1.862889"><ele>601.8</ele><time>2026-03-28T11:48:50.000Z</time></trkpt>
      <trkpt lat="53.454372" lon="-1.862910"><ele>601.2</ele><time>2026-03-28T11:48:51.000Z</time></trkpt>
      <trkpt lat="53.454370" lon="-1.862920"><ele>601.4</ele><time>2026-03-28T11:48:52.000Z</time></trkpt>
      <trkpt lat="53.454360" lon="-1.862928"><ele>602.0</ele><time>2026-03-28T11:48:53.000Z</time></trkpt>
      <trkpt lat="53.454340" lon="-1.862946"><ele>602.4</ele><time>2026-03-28T11:48:54.000Z</time></trkpt>
      <trkpt lat="53.454334" lon="-1.862950"><ele>602.2</ele><time>2026-03-28T11:48:55.000Z</time></trkpt>
      <trkpt lat="53.454327" lon="-1.862946"><ele>602.2</ele><time>2026-03-28T11:48:56.000Z</time></trkpt>
      <trkpt lat="53.454320" lon="-1.862941"><ele>602.6</ele><time>2026-03-28T11:48:57.000Z</time></trkpt>
      <trkpt lat="53.454315" lon="-1.862935"><ele>602.0</ele><time>2026-03-28T11:48:58.000Z</time></trkpt>
      <trkpt lat="53.454304" lon="-1.862933"><ele>602.0</ele><time>2026-03-28T11:48:59.000Z</time></trkpt>
      <trkpt lat="53.454296" lon="-1.862935"><ele>602.2</ele><time>2026-03-28T11:49:00.000Z</time></trkpt>
      <trkpt lat="53.454292" lon="-1.862936"><ele>602.4</ele><time>2026-03-28T11:49:01.000Z</time></trkpt>
      <trkpt lat="53.454273" lon="-1.862930"><ele>602.2</ele><time>2026-03-28T11:49:02.000Z</time></trkpt>
      <trkpt lat="53.454266" lon="-1.862941"><ele>602.2</ele><time>2026-03-28T11:49:03.000Z</time></trkpt>
      <trkpt lat="53.454254" lon="-1.862959"><ele>602.0</ele><time>2026-03-28T11:49:04.000Z</time></trkpt>
      <trkpt lat="53.454247" lon="-1.862965"><ele>603.8</ele><time>2026-03-28T11:49:05.000Z</time></trkpt>
      <trkpt lat="53.454243" lon="-1.862965"><ele>603.0</ele><time>2026-03-28T11:49:06.000Z</time></trkpt>
      <trkpt lat="53.454230" lon="-1.862961"><ele>602.8</ele><time>2026-03-28T11:49:07.000Z</time></trkpt>
      <trkpt lat="53.454216" lon="-1.862954"><ele>602.2</ele><time>2026-03-28T11:49:08.000Z</time></trkpt>
      <trkpt lat="53.454210" lon="-1.862956"><ele>601.8</ele><time>2026-03-28T11:49:09.000Z</time></trkpt>
      <trkpt lat="53.454205" lon="-1.862960"><ele>602.6</ele><time>2026-03-28T11:49:10.000Z</time></trkpt>
      <trkpt lat="53.454193" lon="-1.862968"><ele>602.6</ele><time>2026-03-28T11:49:11.000Z</time></trkpt>
      <trkpt lat="53.454185" lon="-1.862973"><ele>602.4</ele><time>2026-03-28T11:49:12.000Z</time></trkpt>
      <trkpt lat="53.454178" lon="-1.862971"><ele>601.6</ele><time>2026-03-28T11:49:13.000Z</time></trkpt>
      <trkpt lat="53.454166" lon="-1.862967"><ele>601.2</ele><time>2026-03-28T11:49:14.000Z</time></trkpt>
      <trkpt lat="53.454155" lon="-1.862964"><ele>601.4</ele><time>2026-03-28T11:49:15.000Z</time></trkpt>
      <trkpt lat="53.454144" lon="-1.862961"><ele>600.6</ele><time>2026-03-28T11:49:16.000Z</time></trkpt>
      <trkpt lat="53.454136" lon="-1.862957"><ele>600.2</ele><time>2026-03-28T11:49:17.000Z</time></trkpt>
      <trkpt lat="53.454130" lon="-1.862954"><ele>600.0</ele><time>2026-03-28T11:49:18.000Z</time></trkpt>
      <trkpt lat="53.454124" lon="-1.862951"><ele>599.8</ele><time>2026-03-28T11:49:19.000Z</time></trkpt>
      <trkpt lat="53.454117" lon="-1.862952"><ele>599.8</ele><time>2026-03-28T11:49:20.000Z</time></trkpt>
      <trkpt lat="53.454110" lon="-1.862950"><ele>600.0</ele><time>2026-03-28T11:49:21.000Z</time></trkpt>
      <trkpt lat="53.454100" lon="-1.862948"><ele>600.6</ele><time>2026-03-28T11:49:22.000Z</time></trkpt>
      <trkpt lat="53.454094" lon="-1.862957"><ele>600.6</ele><time>2026-03-28T11:49:23.000Z</time></trkpt>
      <trkpt lat="53.454098" lon="-1.862958"><ele>600.6</ele><time>2026-03-28T11:49:24.000Z</time></trkpt>
      <trkpt lat="53.454094" lon="-1.862961"><ele>600.8</ele><time>2026-03-28T11:49:25.000Z</time></trkpt>
      <trkpt lat="53.454094" lon="-1.862962"><ele>601.0</ele><time>2026-03-28T11:49:26.000Z</time></trkpt>
      <trkpt lat="53.454098" lon="-1.862961"><ele>601.0</ele><time>2026-03-28T11:49:27.000Z</time></trkpt>
      <trkpt lat="53.454094" lon="-1.862963"><ele>600.8</ele><time>2026-03-28T11:49:28.000Z</time></trkpt>
      <trkpt lat="53.454094" lon="-1.862966"><ele>600.8</ele><time>2026-03-28T11:49:29.000Z</time></trkpt>
      <trkpt lat="53.454094" lon="-1.862964"><ele>601.0</ele><time>2026-03-28T11:49:30.000Z</time></trkpt>
      <trkpt lat="53.454094" lon="-1.862960"><ele>600.8</ele><time>2026-03-28T11:49:31.000Z</time></trkpt>
      <trkpt lat="53.454090" lon="-1.862968"><ele>601.0</ele><time>2026-03-28T11:49:32.000Z</time></trkpt>
      <trkpt lat="53.454090" lon="-1.862979"><ele>600.8</ele><time>2026-03-28T11:49:33.000Z</time></trkpt>
      <trkpt lat="53.454098" lon="-1.862974"><ele>600.8</ele><time>2026-03-28T11:49:34.000Z</time></trkpt>
      <trkpt lat="53.454098" lon="-1.862977"><ele>600.8</ele><time>2026-03-28T11:49:35.000Z</time></trkpt>
      <trkpt lat="53.454098" lon="-1.862986"><ele>600.8</ele><time>2026-03-28T11:49:36.000Z</time></trkpt>
      <trkpt lat="53.454094" lon="-1.862992"><ele>600.4</ele><time>2026-03-28T11:49:37.000Z</time></trkpt>
      <trkpt lat="53.454094" lon="-1.862996"><ele>600.4</ele><time>2026-03-28T11:49:38.000Z</time></trkpt>
      <trkpt lat="53.454098" lon="-1.862993"><ele>600.6</ele><time>2026-03-28T11:49:39.000Z</time></trkpt>
      <trkpt lat="53.454100" lon="-1.862988"><ele>600.8</ele><time>2026-03-28T11:49:40.000Z</time></trkpt>
      <trkpt lat="53.454100" lon="-1.862988"><ele>601.0</ele><time>2026-03-28T11:49:41.000Z</time></trkpt>
      <trkpt lat="53.454100" lon="-1.862988"><ele>600.8</ele><time>2026-03-28T11:49:42.000Z</time></trkpt>
      <trkpt lat="53.454105" lon="-1.862988"><ele>601.0</ele><time>2026-03-28T11:49:43.000Z</time></trkpt>
      <trkpt lat="53.454100" lon="-1.862992"><ele>600.8</ele><time>2026-03-28T11:49:44.000Z</time></trkpt>
      <trkpt lat="53.454105" lon="-1.862988"><ele>601.0</ele><time>2026-03-28T11:49:45.000Z</time></trkpt>
      <trkpt lat="53.454105" lon="-1.862997"><ele>601.0</ele><time>2026-03-28T11:49:46.000Z</time></trkpt>
      <trkpt lat="53.454105" lon="-1.863008"><ele>600.6</ele><time>2026-03-28T11:49:47.000Z</time></trkpt>
      <trkpt lat="53.454105" lon="-1.863012"><ele>601.0</ele><time>2026-03-28T11:49:48.000Z</time></trkpt>
      <trkpt lat="53.454105" lon="-1.863024"><ele>601.0</ele><time>2026-03-28T11:49:49.000Z</time></trkpt>
      <trkpt lat="53.454117" lon="-1.863030"><ele>600.8</ele><time>2026-03-28T11:49:50.000Z</time></trkpt>
      <trkpt lat="53.454120" lon="-1.863048"><ele>600.6</ele><time>2026-03-28T11:49:51.000Z</time></trkpt>
      <trkpt lat="53.454120" lon="-1.863048"><ele>600.2</ele><time>2026-03-28T11:49:52.000Z</time></trkpt>
      <trkpt lat="53.454130" lon="-1.863062"><ele>600.6</ele><time>2026-03-28T11:49:53.000Z</time></trkpt>
      <trkpt lat="53.454130" lon="-1.863076"><ele>600.2</ele><time>2026-03-28T11:49:54.000Z</time></trkpt>
      <trkpt lat="53.454132" lon="-1.863090"><ele>600.0</ele><time>2026-03-28T11:49:55.000Z</time></trkpt>
      <trkpt lat="53.454130" lon="-1.863108"><ele>600.0</ele><time>2026-03-28T11:49:56.000Z</time></trkpt>
      <trkpt lat="53.454130" lon="-1.863120"><ele>600.2</ele><time>2026-03-28T11:49:57.000Z</time></trkpt>
      <trkpt lat="53.454136" lon="-1.863133"><ele>599.4</ele><time>2026-03-28T11:49:58.000Z</time></trkpt>
      <trkpt lat="53.454136" lon="-1.863152"><ele>600.2</ele><time>2026-03-28T11:49:59.000Z</time></trkpt>
      <trkpt lat="53.454140" lon="-1.863160"><ele>600.0</ele><time>2026-03-28T11:50:00.000Z</time></trkpt>
      <trkpt lat="53.454136" lon="-1.863172"><ele>599.6</ele><time>2026-03-28T11:50:01.000Z</time></trkpt>
      <trkpt lat="53.454140" lon="-1.863190"><ele>599.6</ele><time>2026-03-28T11:50:02.000Z</time></trkpt>
      <trkpt lat="53.454144" lon="-1.863199"><ele>600.4</ele><time>2026-03-28T11:50:03.000Z</time></trkpt>
      <trkpt lat="53.454147" lon="-1.863197"><ele>600.2</ele><time>2026-03-28T11:50:04.000Z</time></trkpt>
      <trkpt lat="53.454150" lon="-1.863202"><ele>600.4</ele><time>2026-03-28T11:50:05.000Z</time></trkpt>
      <trkpt lat="53.454160" lon="-1.863216"><ele>600.6</ele><time>2026-03-28T11:50:06.000Z</time></trkpt>
      <trkpt lat="53.454163" lon="-1.863233"><ele>600.2</ele><time>2026-03-28T11:50:07.000Z</time></trkpt>
      <trkpt lat="53.454166" lon="-1.863251"><ele>601.0</ele><time>2026-03-28T11:50:08.000Z</time></trkpt>
      <trkpt lat="53.454170" lon="-1.863259"><ele>601.0</ele><time>2026-03-28T11:50:09.000Z</time></trkpt>
      <trkpt lat="53.454178" lon="-1.863279"><ele>600.4</ele><time>2026-03-28T11:50:10.000Z</time></trkpt>
      <trkpt lat="53.454185" lon="-1.863289"><ele>600.6</ele><time>2026-03-28T11:50:11.000Z</time></trkpt>
      <trkpt lat="53.454185" lon="-1.863300"><ele>600.0</ele><time>2026-03-28T11:50:12.000Z</time></trkpt>
      <trkpt lat="53.454185" lon="-1.863312"><ele>600.0</ele><time>2026-03-28T11:50:13.000Z</time></trkpt>
      <trkpt lat="53.454190" lon="-1.863321"><ele>599.8</ele><time>2026-03-28T11:50:14.000Z</time></trkpt>
      <trkpt lat="53.454190" lon="-1.863321"><ele>599.8</ele><time>2026-03-28T11:50:15.000Z</time></trkpt>
      <trkpt lat="53.454197" lon="-1.863328"><ele>600.4</ele><time>2026-03-28T11:50:16.000Z</time></trkpt>
      <trkpt lat="53.454197" lon="-1.863331"><ele>601.0</ele><time>2026-03-28T11:50:17.000Z</time></trkpt>
      <trkpt lat="53.454193" lon="-1.863330"><ele>600.8</ele><time>2026-03-28T11:50:18.000Z</time></trkpt>
      <trkpt lat="53.454193" lon="-1.863337"><ele>601.0</ele><time>2026-03-28T11:50:19.000Z</time></trkpt>
      <trkpt lat="53.454193" lon="-1.863342"><ele>601.2</ele><time>2026-03-28T11:50:20.000Z</time></trkpt>
      <trkpt lat="53.454193" lon="-1.863344"><ele>601.6</ele><time>2026-03-28T11:50:21.000Z</time></trkpt>
      <trkpt lat="53.454193" lon="-1.863344"><ele>601.8</ele><time>2026-03-28T11:50:22.000Z</time></trkpt>
      <trkpt lat="53.454190" lon="-1.863345"><ele>601.6</ele><time>2026-03-28T11:50:23.000Z</time></trkpt>
      <trkpt lat="53.454190" lon="-1.863344"><ele>601.6</ele><time>2026-03-28T11:50:24.000Z</time></trkpt>
      <trkpt lat="53.454190" lon="-1.863344"><ele>601.6</ele><time>2026-03-28T11:50:25.000Z</time></trkpt>
      <trkpt lat="53.454185" lon="-1.863347"><ele>603.0</ele><time>2026-03-28T11:50:26.000Z</time></trkpt>
      <trkpt lat="53.454185" lon="-1.863338"><ele>602.4</ele><time>2026-03-28T11:50:27.000Z</time></trkpt>
      <trkpt lat="53.454185" lon="-1.863331"><ele>602.4</ele><time>2026-03-28T11:50:28.000Z</time></trkpt>
      <trkpt lat="53.454180" lon="-1.863325"><ele>602.4</ele><time>2026-03-28T11:50:29.000Z</time></trkpt>
      <trkpt lat="53.454185" lon="-1.863318"><ele>602.6</ele><time>2026-03-28T11:50:30.000Z</time></trkpt>
      <trkpt lat="53.454185" lon="-1.863315"><ele>602.6</ele><time>2026-03-28T11:50:31.000Z</time></trkpt>
      <trkpt lat="53.454185" lon="-1.863309"><ele>602.4</ele><time>2026-03-28T11:50:32.000Z</time></trkpt>
      <trkpt lat="53.454185" lon="-1.863312"><ele>602.8</ele><time>2026-03-28T11:50:33.000Z</time></trkpt>
      <trkpt lat="53.454190" lon="-1.863305"><ele>603.0</ele><time>2026-03-28T11:50:34.000Z</time></trkpt>
      <trkpt lat="53.454190" lon="-1.863303"><ele>602.8</ele><time>2026-03-28T11:50:35.000Z</time></trkpt>
      <trkpt lat="53.454190" lon="-1.863308"><ele>602.8</ele><time>2026-03-28T11:50:36.000Z</time></trkpt>
      <trkpt lat="53.454190" lon="-1.863307"><ele>602.8</ele><time>2026-03-28T11:50:37.000Z</time></trkpt>
      <trkpt lat="53.454190" lon="-1.863308"><ele>602.6</ele><time>2026-03-28T11:50:38.000Z</time></trkpt>
      <trkpt lat="53.454190" lon="-1.863308"><ele>602.6</ele><time>2026-03-28T11:50:39.000Z</time></trkpt>
      <trkpt lat="53.454190" lon="-1.863308"><ele>602.6</ele><time>2026-03-28T11:50:40.000Z</time></trkpt>
      <trkpt lat="53.454193" lon="-1.863309"><ele>602.8</ele><time>2026-03-28T11:50:41.000Z</time></trkpt>
      <trkpt lat="53.454193" lon="-1.863306"><ele>602.6</ele><time>2026-03-28T11:50:42.000Z</time></trkpt>
      <trkpt lat="53.454193" lon="-1.863305"><ele>602.6</ele><time>2026-03-28T11:50:43.000Z</time></trkpt>
      <trkpt lat="53.454193" lon="-1.863306"><ele>602.6</ele><time>2026-03-28T11:50:44.000Z</time></trkpt>
      <trkpt lat="53.454197" lon="-1.863302"><ele>602.6</ele><time>2026-03-28T11:50:45.000Z</time></trkpt>
      <trkpt lat="53.454197" lon="-1.863304"><ele>602.8</ele><time>2026-03-28T11:50:46.000Z</time></trkpt>
      <trkpt lat="53.454197" lon="-1.863305"><ele>602.4</ele><time>2026-03-28T11:50:47.000Z</time></trkpt>
      <trkpt lat="53.454197" lon="-1.863305"><ele>602.6</ele><time>2026-03-28T11:50:48.000Z</time></trkpt>
      <trkpt lat="53.454193" lon="-1.863305"><ele>602.6</ele><time>2026-03-28T11:50:49.000Z</time></trkpt>
      <trkpt lat="53.454193" lon="-1.863306"><ele>602.4</ele><time>2026-03-28T11:50:50.000Z</time></trkpt>
      <trkpt lat="53.454193" lon="-1.863306"><ele>602.8</ele><time>2026-03-28T11:50:51.000Z</time></trkpt>
      <trkpt lat="53.454193" lon="-1.863301"><ele>602.8</ele><time>2026-03-28T11:50:52.000Z</time></trkpt>
      <trkpt lat="53.454193" lon="-1.863303"><ele>602.8</ele><time>2026-03-28T11:50:53.000Z</time></trkpt>
      <trkpt lat="53.454193" lon="-1.863300"><ele>602.4</ele><time>2026-03-28T11:50:54.000Z</time></trkpt>
      <trkpt lat="53.454193" lon="-1.863298"><ele>602.4</ele><time>2026-03-28T11:50:55.000Z</time></trkpt>
      <trkpt lat="53.454193" lon="-1.863297"><ele>602.4</ele><time>2026-03-28T11:50:56.000Z</time></trkpt>
      <trkpt lat="53.454193" lon="-1.863293"><ele>602.6</ele><time>2026-03-28T11:50:57.000Z</time></trkpt>
      <trkpt lat="53.454193" lon="-1.863293"><ele>602.6</ele><time>2026-03-28T11:50:58.000Z</time></trkpt>
      <trkpt lat="53.454193" lon="-1.863290"><ele>602.4</ele><time>2026-03-28T11:50:59.000Z</time></trkpt>
      <trkpt lat="53.454193" lon="-1.863291"><ele>602.2</ele><time>2026-03-28T11:51:00.000Z</time></trkpt>
      <trkpt lat="53.454193" lon="-1.863290"><ele>602.2</ele><time>2026-03-28T11:51:01.000Z</time></trkpt>
      <trkpt lat="53.454193" lon="-1.863291"><ele>602.2</ele><time>2026-03-28T11:51:02.000Z</time></trkpt>
      <trkpt lat="53.454197" lon="-1.863289"><ele>602.2</ele><time>2026-03-28T11:51:03.000Z</time></trkpt>
      <trkpt lat="53.454197" lon="-1.863291"><ele>602.2</ele><time>2026-03-28T11:51:04.000Z</time></trkpt>
      <trkpt lat="53.454197" lon="-1.863286"><ele>602.2</ele><time>2026-03-28T11:51:05.000Z</time></trkpt>
      <trkpt lat="53.454197" lon="-1.863280"><ele>602.0</ele><time>2026-03-28T11:51:06.000Z</time></trkpt>
      <trkpt lat="53.454197" lon="-1.863276"><ele>602.0</ele><time>2026-03-28T11:51:07.000Z</time></trkpt>
      <trkpt lat="53.454193" lon="-1.863276"><ele>602.0</ele><time>2026-03-28T11:51:08.000Z</time></trkpt>
      <trkpt lat="53.454193" lon="-1.863276"><ele>602.0</ele><time>2026-03-28T11:51:09.000Z</time></trkpt>
      <trkpt lat="53.454193" lon="-1.863274"><ele>602.0</ele><time>2026-03-28T11:51:10.000Z</time></trkpt>
      <trkpt lat="53.454193" lon="-1.863272"><ele>602.0</ele><time>2026-03-28T11:51:11.000Z</time></trkpt>
      <trkpt lat="53.454193" lon="-1.863268"><ele>602.2</ele><time>2026-03-28T11:51:12.000Z</time></trkpt>
      <trkpt lat="53.454193" lon="-1.863269"><ele>602.2</ele><time>2026-03-28T11:51:13.000Z</time></trkpt>
      <trkpt lat="53.454193" lon="-1.863268"><ele>602.2</ele><time>2026-03-28T11:51:14.000Z</time></trkpt>
      <trkpt lat="53.454193" lon="-1.863269"><ele>602.4</ele><time>2026-03-28T11:51:15.000Z</time></trkpt>
      <trkpt lat="53.454193" lon="-1.863269"><ele>602.2</ele><time>2026-03-28T11:51:16.000Z</time></trkpt>
      <trkpt lat="53.454193" lon="-1.863269"><ele>602.6</ele><time>2026-03-28T11:51:17.000Z</time></trkpt>
      <trkpt lat="53.454193" lon="-1.863267"><ele>602.2</ele><time>2026-03-28T11:51:18.000Z</time></trkpt>
      <trkpt lat="53.454193" lon="-1.863266"><ele>602.0</ele><time>2026-03-28T11:51:19.000Z</time></trkpt>
      <trkpt lat="53.454193" lon="-1.863266"><ele>602.4</ele><time>2026-03-28T11:51:20.000Z</time></trkpt>
      <trkpt lat="53.454193" lon="-1.863264"><ele>601.8</ele><time>2026-03-28T11:51:21.000Z</time></trkpt>
      <trkpt lat="53.454190" lon="-1.863247"><ele>602.0</ele><time>2026-03-28T11:51:22.000Z</time></trkpt>
      <trkpt lat="53.454190" lon="-1.863239"><ele>601.6</ele><time>2026-03-28T11:51:23.000Z</time></trkpt>
      <trkpt lat="53.454193" lon="-1.863232"><ele>601.2</ele><time>2026-03-28T11:51:24.000Z</time></trkpt>
      <trkpt lat="53.454193" lon="-1.863225"><ele>600.8</ele><time>2026-03-28T11:51:25.000Z</time></trkpt>
      <trkpt lat="53.454193" lon="-1.863208"><ele>601.0</ele><time>2026-03-28T11:51:26.000Z</time></trkpt>
      <trkpt lat="53.454197" lon="-1.863191"><ele>601.8</ele><time>2026-03-28T11:51:27.000Z</time></trkpt>
      <trkpt lat="53.454193" lon="-1.863190"><ele>601.6</ele><time>2026-03-28T11:51:28.000Z</time></trkpt>
      <trkpt lat="53.454190" lon="-1.863193"><ele>601.0</ele><time>2026-03-28T11:51:29.000Z</time></trkpt>
      <trkpt lat="53.454193" lon="-1.863195"><ele>601.0</ele><time>2026-03-28T11:51:30.000Z</time></trkpt>
      <trkpt lat="53.454193" lon="-1.863195"><ele>600.8</ele><time>2026-03-28T11:51:31.000Z</time></trkpt>
      <trkpt lat="53.454190" lon="-1.863192"><ele>600.8</ele><time>2026-03-28T11:51:32.000Z</time></trkpt>
      <trkpt lat="53.454190" lon="-1.863190"><ele>600.6</ele><time>2026-03-28T11:51:33.000Z</time></trkpt>
      <trkpt lat="53.454185" lon="-1.863192"><ele>600.8</ele><time>2026-03-28T11:51:34.000Z</time></trkpt>
      <trkpt lat="53.454190" lon="-1.863191"><ele>600.6</ele><time>2026-03-28T11:51:35.000Z</time></trkpt>
      <trkpt lat="53.454193" lon="-1.863194"><ele>600.4</ele><time>2026-03-28T11:51:36.000Z</time></trkpt>
      <trkpt lat="53.454193" lon="-1.863191"><ele>600.6</ele><time>2026-03-28T11:51:37.000Z</time></trkpt>
      <trkpt lat="53.454190" lon="-1.863190"><ele>600.6</ele><time>2026-03-28T11:51:38.000Z</time></trkpt>
      <trkpt lat="53.454190" lon="-1.863191"><ele>600.4</ele><time>2026-03-28T11:51:39.000Z</time></trkpt>
      <trkpt lat="53.454190" lon="-1.863189"><ele>600.4</ele><time>2026-03-28T11:51:40.000Z</time></trkpt>
      <trkpt lat="53.454190" lon="-1.863190"><ele>600.4</ele><time>2026-03-28T11:51:41.000Z</time></trkpt>
      <trkpt lat="53.454190" lon="-1.863193"><ele>600.2</ele><time>2026-03-28T11:51:42.000Z</time></trkpt>
      <trkpt lat="53.454185" lon="-1.863194"><ele>600.4</ele><time>2026-03-28T11:51:43.000Z</time></trkpt>
      <trkpt lat="53.454185" lon="-1.863187"><ele>600.4</ele><time>2026-03-28T11:51:44.000Z</time></trkpt>
      <trkpt lat="53.454185" lon="-1.863190"><ele>600.4</ele><time>2026-03-28T11:51:45.000Z</time></trkpt>
      <trkpt lat="53.454185" lon="-1.863184"><ele>600.2</ele><time>2026-03-28T11:51:46.000Z</time></trkpt>
      <trkpt lat="53.454178" lon="-1.863177"><ele>600.0</ele><time>2026-03-28T11:51:47.000Z</time></trkpt>
      <trkpt lat="53.454174" lon="-1.863170"><ele>600.2</ele><time>2026-03-28T11:51:48.000Z</time></trkpt>
      <trkpt lat="53.454174" lon="-1.863158"><ele>600.6</ele><time>2026-03-28T11:51:49.000Z</time></trkpt>
      <trkpt lat="53.454166" lon="-1.863139"><ele>600.4</ele><time>2026-03-28T11:51:50.000Z</time></trkpt>
      <trkpt lat="53.454166" lon="-1.863142"><ele>600.0</ele><time>2026-03-28T11:51:51.000Z</time></trkpt>
      <trkpt lat="53.454160" lon="-1.863131"><ele>600.8</ele><time>2026-03-28T11:51:52.000Z</time></trkpt>
      <trkpt lat="53.454155" lon="-1.863115"><ele>601.8</ele><time>2026-03-28T11:51:53.000Z</time></trkpt>
      <trkpt lat="53.454155" lon="-1.863115"><ele>601.6</ele><time>2026-03-28T11:51:54.000Z</time></trkpt>
      <trkpt lat="53.454160" lon="-1.863124"><ele>601.8</ele><time>2026-03-28T11:51:55.000Z</time></trkpt>
      <trkpt lat="53.454163" lon="-1.863128"><ele>601.6</ele><time>2026-03-28T11:51:56.000Z</time></trkpt>
      <trkpt lat="53.454163" lon="-1.863119"><ele>601.8</ele><time>2026-03-28T11:51:57.000Z</time></trkpt>
      <trkpt lat="53.454174" lon="-1.863107"><ele>601.8</ele><time>2026-03-28T11:51:58.000Z</time></trkpt>
      <trkpt lat="53.454178" lon="-1.863097"><ele>602.0</ele><time>2026-03-28T11:51:59.000Z</time></trkpt>
      <trkpt lat="53.454180" lon="-1.863088"><ele>601.6</ele><time>2026-03-28T11:52:00.000Z</time></trkpt>
      <trkpt lat="53.454185" lon="-1.863086"><ele>601.6</ele><time>2026-03-28T11:52:01.000Z</time></trkpt>
      <trkpt lat="53.454185" lon="-1.863085"><ele>601.0</ele><time>2026-03-28T11:52:02.000Z</time></trkpt>
      <trkpt lat="53.454185" lon="-1.863078"><ele>601.4</ele><time>2026-03-28T11:52:03.000Z</time></trkpt>
      <trkpt lat="53.454185" lon="-1.863066"><ele>601.2</ele><time>2026-03-28T11:52:04.000Z</time></trkpt>
      <trkpt lat="53.454185" lon="-1.863054"><ele>601.2</ele><time>2026-03-28T11:52:05.000Z</time></trkpt>
      <trkpt lat="53.454180" lon="-1.863042"><ele>601.2</ele><time>2026-03-28T11:52:06.000Z</time></trkpt>
      <trkpt lat="53.454180" lon="-1.863029"><ele>601.4</ele><time>2026-03-28T11:52:07.000Z</time></trkpt>
      <trkpt lat="53.454180" lon="-1.863018"><ele>601.2</ele><time>2026-03-28T11:52:08.000Z</time></trkpt>
      <trkpt lat="53.454178" lon="-1.862995"><ele>601.0</ele><time>2026-03-28T11:52:09.000Z</time></trkpt>
      <trkpt lat="53.454170" lon="-1.862962"><ele>601.4</ele><time>2026-03-28T11:52:10.000Z</time></trkpt>
      <trkpt lat="53.454170" lon="-1.862955"><ele>601.8</ele><time>2026-03-28T11:52:11.000Z</time></trkpt>
      <trkpt lat="53.454166" lon="-1.862950"><ele>601.0</ele><time>2026-03-28T11:52:12.000Z</time></trkpt>
      <trkpt lat="53.454163" lon="-1.862929"><ele>601.2</ele><time>2026-03-28T11:52:13.000Z</time></trkpt>
      <trkpt lat="53.454163" lon="-1.862908"><ele>601.4</ele><time>2026-03-28T11:52:14.000Z</time></trkpt>
      <trkpt lat="53.454163" lon="-1.862891"><ele>601.4</ele><time>2026-03-28T11:52:15.000Z</time></trkpt>
      <trkpt lat="53.454166" lon="-1.862879"><ele>601.8</ele><time>2026-03-28T11:52:16.000Z</time></trkpt>
      <trkpt lat="53.454174" lon="-1.862872"><ele>601.8</ele><time>2026-03-28T11:52:17.000Z</time></trkpt>
      <trkpt lat="53.454185" lon="-1.862856"><ele>601.6</ele><time>2026-03-28T11:52:18.000Z</time></trkpt>
      <trkpt lat="53.454190" lon="-1.862845"><ele>601.4</ele><time>2026-03-28T11:52:19.000Z</time></trkpt>
      <trkpt lat="53.454193" lon="-1.862833"><ele>600.8</ele><time>2026-03-28T11:52:20.000Z</time></trkpt>
      <trkpt lat="53.454200" lon="-1.862823"><ele>601.4</ele><time>2026-03-28T11:52:21.000Z</time></trkpt>
      <trkpt lat="53.454210" lon="-1.862815"><ele>601.6</ele><time>2026-03-28T11:52:22.000Z</time></trkpt>
      <trkpt lat="53.454212" lon="-1.862802"><ele>602.4</ele><time>2026-03-28T11:52:23.000Z</time></trkpt>
      <trkpt lat="53.454212" lon="-1.862796"><ele>602.2</ele><time>2026-03-28T11:52:24.000Z</time></trkpt>
      <trkpt lat="53.454220" lon="-1.862809"><ele>601.0</ele><time>2026-03-28T11:52:25.000Z</time></trkpt>
      <trkpt lat="53.454230" lon="-1.862791"><ele>600.6</ele><time>2026-03-28T11:52:26.000Z</time></trkpt>
      <trkpt lat="53.454230" lon="-1.862766"><ele>600.6</ele><time>2026-03-28T11:52:27.000Z</time></trkpt>
      <trkpt lat="53.454224" lon="-1.862744"><ele>601.2</ele><time>2026-03-28T11:52:28.000Z</time></trkpt>
      <trkpt lat="53.454220" lon="-1.862727"><ele>601.2</ele><time>2026-03-28T11:52:29.000Z</time></trkpt>
      <trkpt lat="53.454220" lon="-1.862706"><ele>601.0</ele><time>2026-03-28T11:52:30.000Z</time></trkpt>
      <trkpt lat="53.454212" lon="-1.862682"><ele>601.4</ele><time>2026-03-28T11:52:31.000Z</time></trkpt>
      <trkpt lat="53.454205" lon="-1.862667"><ele>601.2</ele><time>2026-03-28T11:52:32.000Z</time></trkpt>
      <trkpt lat="53.454197" lon="-1.862658"><ele>601.0</ele><time>2026-03-28T11:52:33.000Z</time></trkpt>
      <trkpt lat="53.454193" lon="-1.862644"><ele>601.6</ele><time>2026-03-28T11:52:34.000Z</time></trkpt>
      <trkpt lat="53.454185" lon="-1.862617"><ele>601.4</ele><time>2026-03-28T11:52:35.000Z</time></trkpt>
      <trkpt lat="53.454178" lon="-1.862603"><ele>601.6</ele><time>2026-03-28T11:52:36.000Z</time></trkpt>
      <trkpt lat="53.454170" lon="-1.862588"><ele>601.8</ele><time>2026-03-28T11:52:37.000Z</time></trkpt>
      <trkpt lat="53.454160" lon="-1.862570"><ele>601.0</ele><time>2026-03-28T11:52:38.000Z</time></trkpt>
      <trkpt lat="53.454155" lon="-1.862557"><ele>601.8</ele><time>2026-03-28T11:52:39.000Z</time></trkpt>
      <trkpt lat="53.454147" lon="-1.862541"><ele>601.4</ele><time>2026-03-28T11:52:40.000Z</time></trkpt>
      <trkpt lat="53.454147" lon="-1.862530"><ele>601.2</ele><time>2026-03-28T11:52:41.000Z</time></trkpt>
      <trkpt lat="53.454144" lon="-1.862516"><ele>601.2</ele><time>2026-03-28T11:52:42.000Z</time></trkpt>
      <trkpt lat="53.454140" lon="-1.862496"><ele>601.2</ele><time>2026-03-28T11:52:43.000Z</time></trkpt>
      <trkpt lat="53.454136" lon="-1.862482"><ele>601.4</ele><time>2026-03-28T11:52:44.000Z</time></trkpt>
      <trkpt lat="53.454140" lon="-1.862469"><ele>602.6</ele><time>2026-03-28T11:52:45.000Z</time></trkpt>
      <trkpt lat="53.454140" lon="-1.862453"><ele>602.2</ele><time>2026-03-28T11:52:46.000Z</time></trkpt>
      <trkpt lat="53.454140" lon="-1.862436"><ele>601.6</ele><time>2026-03-28T11:52:47.000Z</time></trkpt>
      <trkpt lat="53.454140" lon="-1.862425"><ele>601.8</ele><time>2026-03-28T11:52:48.000Z</time></trkpt>
      <trkpt lat="53.454136" lon="-1.862405"><ele>601.2</ele><time>2026-03-28T11:52:49.000Z</time></trkpt>
      <trkpt lat="53.454136" lon="-1.862395"><ele>600.8</ele><time>2026-03-28T11:52:50.000Z</time></trkpt>
      <trkpt lat="53.454132" lon="-1.862394"><ele>600.2</ele><time>2026-03-28T11:52:51.000Z</time></trkpt>
      <trkpt lat="53.454132" lon="-1.862373"><ele>600.2</ele><time>2026-03-28T11:52:52.000Z</time></trkpt>
      <trkpt lat="53.454132" lon="-1.862348"><ele>601.0</ele><time>2026-03-28T11:52:53.000Z</time></trkpt>
      <trkpt lat="53.454130" lon="-1.862333"><ele>600.6</ele><time>2026-03-28T11:52:54.000Z</time></trkpt>
      <trkpt lat="53.454124" lon="-1.862319"><ele>600.8</ele><time>2026-03-28T11:52:55.000Z</time></trkpt>
      <trkpt lat="53.454120" lon="-1.862304"><ele>601.0</ele><time>2026-03-28T11:52:56.000Z</time></trkpt>
      <trkpt lat="53.454117" lon="-1.862286"><ele>601.0</ele><time>2026-03-28T11:52:57.000Z</time></trkpt>
      <trkpt lat="53.454113" lon="-1.862278"><ele>600.4</ele><time>2026-03-28T11:52:58.000Z</time></trkpt>
      <trkpt lat="53.454110" lon="-1.862271"><ele>600.4</ele><time>2026-03-28T11:52:59.000Z</time></trkpt>
      <trkpt lat="53.454105" lon="-1.862255"><ele>600.6</ele><time>2026-03-28T11:53:00.000Z</time></trkpt>
      <trkpt lat="53.454098" lon="-1.862234"><ele>601.4</ele><time>2026-03-28T11:53:01.000Z</time></trkpt>
      <trkpt lat="53.454098" lon="-1.862223"><ele>602.0</ele><time>2026-03-28T11:53:02.000Z</time></trkpt>
      <trkpt lat="53.454086" lon="-1.862206"><ele>602.0</ele><time>2026-03-28T11:53:03.000Z</time></trkpt>
      <trkpt lat="53.454080" lon="-1.862194"><ele>601.8</ele><time>2026-03-28T11:53:04.000Z</time></trkpt>
      <trkpt lat="53.454075" lon="-1.862188"><ele>601.6</ele><time>2026-03-28T11:53:05.000Z</time></trkpt>
      <trkpt lat="53.454075" lon="-1.862178"><ele>601.2</ele><time>2026-03-28T11:53:06.000Z</time></trkpt>
      <trkpt lat="53.454080" lon="-1.862153"><ele>601.6</ele><time>2026-03-28T11:53:07.000Z</time></trkpt>
      <trkpt lat="53.454086" lon="-1.862135"><ele>602.0</ele><time>2026-03-28T11:53:08.000Z</time></trkpt>
      <trkpt lat="53.454090" lon="-1.862118"><ele>602.2</ele><time>2026-03-28T11:53:09.000Z</time></trkpt>
      <trkpt lat="53.454090" lon="-1.862098"><ele>601.8</ele><time>2026-03-28T11:53:10.000Z</time></trkpt>
      <trkpt lat="53.454082" lon="-1.862071"><ele>601.4</ele><time>2026-03-28T11:53:11.000Z</time></trkpt>
      <trkpt lat="53.454070" lon="-1.862062"><ele>601.8</ele><time>2026-03-28T11:53:12.000Z</time></trkpt>
      <trkpt lat="53.454060" lon="-1.862052"><ele>601.4</ele><time>2026-03-28T11:53:13.000Z</time></trkpt>
      <trkpt lat="53.454056" lon="-1.862045"><ele>601.2</ele><time>2026-03-28T11:53:14.000Z</time></trkpt>
      <trkpt lat="53.454044" lon="-1.862039"><ele>601.2</ele><time>2026-03-28T11:53:15.000Z</time></trkpt>
      <trkpt lat="53.454040" lon="-1.862028"><ele>601.2</ele><time>2026-03-28T11:53:16.000Z</time></trkpt>
      <trkpt lat="53.454033" lon="-1.862013"><ele>601.0</ele><time>2026-03-28T11:53:17.000Z</time></trkpt>
      <trkpt lat="53.454025" lon="-1.861992"><ele>600.8</ele><time>2026-03-28T11:53:18.000Z</time></trkpt>
      <trkpt lat="53.454025" lon="-1.861976"><ele>600.8</ele><time>2026-03-28T11:53:19.000Z</time></trkpt>
      <trkpt lat="53.454025" lon="-1.861957"><ele>601.0</ele><time>2026-03-28T11:53:20.000Z</time></trkpt>
      <trkpt lat="53.454014" lon="-1.861944"><ele>601.0</ele><time>2026-03-28T11:53:21.000Z</time></trkpt>
      <trkpt lat="53.454010" lon="-1.861932"><ele>601.2</ele><time>2026-03-28T11:53:22.000Z</time></trkpt>
      <trkpt lat="53.454002" lon="-1.861911"><ele>601.4</ele><time>2026-03-28T11:53:23.000Z</time></trkpt>
      <trkpt lat="53.454000" lon="-1.861898"><ele>600.8</ele><time>2026-03-28T11:53:24.000Z</time></trkpt>
      <trkpt lat="53.453990" lon="-1.861890"><ele>600.4</ele><time>2026-03-28T11:53:25.000Z</time></trkpt>
      <trkpt lat="53.453987" lon="-1.861872"><ele>600.0</ele><time>2026-03-28T11:53:26.000Z</time></trkpt>
      <trkpt lat="53.453980" lon="-1.861853"><ele>600.2</ele><time>2026-03-28T11:53:27.000Z</time></trkpt>
      <trkpt lat="53.453970" lon="-1.861840"><ele>600.0</ele><time>2026-03-28T11:53:28.000Z</time></trkpt>
      <trkpt lat="53.453968" lon="-1.861831"><ele>600.6</ele><time>2026-03-28T11:53:29.000Z</time></trkpt>
      <trkpt lat="53.453957" lon="-1.861813"><ele>600.2</ele><time>2026-03-28T11:53:30.000Z</time></trkpt>
      <trkpt lat="53.453953" lon="-1.861795"><ele>600.4</ele><time>2026-03-28T11:53:31.000Z</time></trkpt>
      <trkpt lat="53.453945" lon="-1.861779"><ele>600.2</ele><time>2026-03-28T11:53:32.000Z</time></trkpt>
      <trkpt lat="53.453945" lon="-1.861772"><ele>600.2</ele><time>2026-03-28T11:53:33.000Z</time></trkpt>
      <trkpt lat="53.453938" lon="-1.861755"><ele>600.4</ele><time>2026-03-28T11:53:34.000Z</time></trkpt>
      <trkpt lat="53.453930" lon="-1.861737"><ele>600.8</ele><time>2026-03-28T11:53:35.000Z</time></trkpt>
      <trkpt lat="53.453930" lon="-1.861730"><ele>600.6</ele><time>2026-03-28T11:53:36.000Z</time></trkpt>
      <trkpt lat="53.453922" lon="-1.861708"><ele>600.0</ele><time>2026-03-28T11:53:37.000Z</time></trkpt>
      <trkpt lat="53.453926" lon="-1.861688"><ele>601.2</ele><time>2026-03-28T11:53:38.000Z</time></trkpt>
      <trkpt lat="53.453930" lon="-1.861676"><ele>600.6</ele><time>2026-03-28T11:53:39.000Z</time></trkpt>
      <trkpt lat="53.453934" lon="-1.861663"><ele>600.2</ele><time>2026-03-28T11:53:40.000Z</time></trkpt>
      <trkpt lat="53.453945" lon="-1.861640"><ele>599.4</ele><time>2026-03-28T11:53:41.000Z</time></trkpt>
      <trkpt lat="53.453957" lon="-1.861633"><ele>599.0</ele><time>2026-03-28T11:53:42.000Z</time></trkpt>
      <trkpt lat="53.453957" lon="-1.861611"><ele>599.2</ele><time>2026-03-28T11:53:43.000Z</time></trkpt>
      <trkpt lat="53.453960" lon="-1.861608"><ele>598.6</ele><time>2026-03-28T11:53:44.000Z</time></trkpt>
      <trkpt lat="53.453953" lon="-1.861594"><ele>598.4</ele><time>2026-03-28T11:53:45.000Z</time></trkpt>
      <trkpt lat="53.453950" lon="-1.861592"><ele>598.2</ele><time>2026-03-28T11:53:46.000Z</time></trkpt>
      <trkpt lat="53.453950" lon="-1.861590"><ele>598.0</ele><time>2026-03-28T11:53:47.000Z</time></trkpt>
      <trkpt lat="53.453950" lon="-1.861589"><ele>598.0</ele><time>2026-03-28T11:53:48.000Z</time></trkpt>
      <trkpt lat="53.453950" lon="-1.861588"><ele>598.0</ele><time>2026-03-28T11:53:49.000Z</time></trkpt>
      <trkpt lat="53.453945" lon="-1.861589"><ele>597.8</ele><time>2026-03-28T11:53:50.000Z</time></trkpt>
      <trkpt lat="53.453945" lon="-1.861590"><ele>597.8</ele><time>2026-03-28T11:53:51.000Z</time></trkpt>
      <trkpt lat="53.453950" lon="-1.861584"><ele>597.6</ele><time>2026-03-28T11:53:52.000Z</time></trkpt>
      <trkpt lat="53.453950" lon="-1.861585"><ele>597.6</ele><time>2026-03-28T11:53:53.000Z</time></trkpt>
      <trkpt lat="53.453950" lon="-1.861585"><ele>597.6</ele><time>2026-03-28T11:53:54.000Z</time></trkpt>
      <trkpt lat="53.453945" lon="-1.861573"><ele>597.4</ele><time>2026-03-28T11:53:55.000Z</time></trkpt>
      <trkpt lat="53.453945" lon="-1.861563"><ele>597.4</ele><time>2026-03-28T11:53:56.000Z</time></trkpt>
      <trkpt lat="53.453945" lon="-1.861555"><ele>597.6</ele><time>2026-03-28T11:53:57.000Z</time></trkpt>
      <trkpt lat="53.453945" lon="-1.861538"><ele>597.6</ele><time>2026-03-28T11:53:58.000Z</time></trkpt>
      <trkpt lat="53.453950" lon="-1.861527"><ele>597.2</ele><time>2026-03-28T11:53:59.000Z</time></trkpt>
      <trkpt lat="53.453953" lon="-1.861520"><ele>596.6</ele><time>2026-03-28T11:54:00.000Z</time></trkpt>
      <trkpt lat="53.453960" lon="-1.861503"><ele>596.4</ele><time>2026-03-28T11:54:01.000Z</time></trkpt>
      <trkpt lat="53.453970" lon="-1.861486"><ele>596.6</ele><time>2026-03-28T11:54:02.000Z</time></trkpt>
      <trkpt lat="53.453968" lon="-1.861493"><ele>596.0</ele><time>2026-03-28T11:54:03.000Z</time></trkpt>
      <trkpt lat="53.453968" lon="-1.861496"><ele>596.0</ele><time>2026-03-28T11:54:04.000Z</time></trkpt>
      <trkpt lat="53.453976" lon="-1.861484"><ele>596.0</ele><time>2026-03-28T11:54:05.000Z</time></trkpt>
      <trkpt lat="53.453983" lon="-1.861460"><ele>595.4</ele><time>2026-03-28T11:54:06.000Z</time></trkpt>
      <trkpt lat="53.453987" lon="-1.861445"><ele>595.4</ele><time>2026-03-28T11:54:07.000Z</time></trkpt>
      <trkpt lat="53.453987" lon="-1.861446"><ele>594.2</ele><time>2026-03-28T11:54:08.000Z</time></trkpt>
      <trkpt lat="53.454002" lon="-1.861427"><ele>594.6</ele><time>2026-03-28T11:54:09.000Z</time></trkpt>
      <trkpt lat="53.454010" lon="-1.861404"><ele>595.4</ele><time>2026-03-28T11:54:10.000Z</time></trkpt>
      <trkpt lat="53.454010" lon="-1.861376"><ele>594.8</ele><time>2026-03-28T11:54:11.000Z</time></trkpt>
      <trkpt lat="53.454006" lon="-1.861362"><ele>595.4</ele><time>2026-03-28T11:54:12.000Z</time></trkpt>
      <trkpt lat="53.454000" lon="-1.861375"><ele>595.4</ele><time>2026-03-28T11:54:13.000Z</time></trkpt>
      <trkpt lat="53.454000" lon="-1.861381"><ele>595.0</ele><time>2026-03-28T11:54:14.000Z</time></trkpt>
      <trkpt lat="53.454002" lon="-1.861377"><ele>595.2</ele><time>2026-03-28T11:54:15.000Z</time></trkpt>
      <trkpt lat="53.454006" lon="-1.861374"><ele>595.4</ele><time>2026-03-28T11:54:16.000Z</time></trkpt>
      <trkpt lat="53.454010" lon="-1.861359"><ele>595.4</ele><time>2026-03-28T11:54:17.000Z</time></trkpt>
      <trkpt lat="53.454018" lon="-1.861339"><ele>594.8</ele><time>2026-03-28T11:54:18.000Z</time></trkpt>
      <trkpt lat="53.454020" lon="-1.861326"><ele>594.2</ele><time>2026-03-28T11:54:19.000Z</time></trkpt>
      <trkpt lat="53.454030" lon="-1.861316"><ele>593.6</ele><time>2026-03-28T11:54:20.000Z</time></trkpt>
      <trkpt lat="53.454037" lon="-1.861309"><ele>594.0</ele><time>2026-03-28T11:54:21.000Z</time></trkpt>
      <trkpt lat="53.454050" lon="-1.861299"><ele>594.6</ele><time>2026-03-28T11:54:22.000Z</time></trkpt>
      <trkpt lat="53.454060" lon="-1.861283"><ele>594.4</ele><time>2026-03-28T11:54:23.000Z</time></trkpt>
      <trkpt lat="53.454067" lon="-1.861270"><ele>594.2</ele><time>2026-03-28T11:54:24.000Z</time></trkpt>
      <trkpt lat="53.454063" lon="-1.861252"><ele>593.4</ele><time>2026-03-28T11:54:25.000Z</time></trkpt>
      <trkpt lat="53.454067" lon="-1.861230"><ele>593.8</ele><time>2026-03-28T11:54:26.000Z</time></trkpt>
      <trkpt lat="53.454070" lon="-1.861212"><ele>593.8</ele><time>2026-03-28T11:54:27.000Z</time></trkpt>
      <trkpt lat="53.454070" lon="-1.861196"><ele>593.8</ele><time>2026-03-28T11:54:28.000Z</time></trkpt>
      <trkpt lat="53.454075" lon="-1.861178"><ele>594.0</ele><time>2026-03-28T11:54:29.000Z</time></trkpt>
      <trkpt lat="53.454075" lon="-1.861153"><ele>594.4</ele><time>2026-03-28T11:54:30.000Z</time></trkpt>
      <trkpt lat="53.454080" lon="-1.861142"><ele>594.2</ele><time>2026-03-28T11:54:31.000Z</time></trkpt>
      <trkpt lat="53.454080" lon="-1.861131"><ele>593.2</ele><time>2026-03-28T11:54:32.000Z</time></trkpt>
      <trkpt lat="53.454082" lon="-1.861113"><ele>593.6</ele><time>2026-03-28T11:54:33.000Z</time></trkpt>
      <trkpt lat="53.454094" lon="-1.861094"><ele>593.4</ele><time>2026-03-28T11:54:34.000Z</time></trkpt>
      <trkpt lat="53.454098" lon="-1.861075"><ele>594.4</ele><time>2026-03-28T11:54:35.000Z</time></trkpt>
      <trkpt lat="53.454098" lon="-1.861062"><ele>594.4</ele><time>2026-03-28T11:54:36.000Z</time></trkpt>
      <trkpt lat="53.454105" lon="-1.861051"><ele>594.0</ele><time>2026-03-28T11:54:37.000Z</time></trkpt>
      <trkpt lat="53.454110" lon="-1.861034"><ele>593.4</ele><time>2026-03-28T11:54:38.000Z</time></trkpt>
      <trkpt lat="53.454117" lon="-1.861022"><ele>594.4</ele><time>2026-03-28T11:54:39.000Z</time></trkpt>
      <trkpt lat="53.454120" lon="-1.861014"><ele>594.6</ele><time>2026-03-28T11:54:40.000Z</time></trkpt>
      <trkpt lat="53.454124" lon="-1.861001"><ele>594.6</ele><time>2026-03-28T11:54:41.000Z</time></trkpt>
      <trkpt lat="53.454124" lon="-1.860990"><ele>594.4</ele><time>2026-03-28T11:54:42.000Z</time></trkpt>
      <trkpt lat="53.454132" lon="-1.860975"><ele>595.0</ele><time>2026-03-28T11:54:43.000Z</time></trkpt>
      <trkpt lat="53.454136" lon="-1.860955"><ele>595.0</ele><time>2026-03-28T11:54:44.000Z</time></trkpt>
      <trkpt lat="53.454140" lon="-1.860936"><ele>596.0</ele><time>2026-03-28T11:54:45.000Z</time></trkpt>
      <trkpt lat="53.454140" lon="-1.860918"><ele>595.6</ele><time>2026-03-28T11:54:46.000Z</time></trkpt>
      <trkpt lat="53.454147" lon="-1.860910"><ele>595.6</ele><time>2026-03-28T11:54:47.000Z</time></trkpt>
      <trkpt lat="53.454150" lon="-1.860896"><ele>595.8</ele><time>2026-03-28T11:54:48.000Z</time></trkpt>
      <trkpt lat="53.454150" lon="-1.860874"><ele>596.0</ele><time>2026-03-28T11:54:49.000Z</time></trkpt>
      <trkpt lat="53.454155" lon="-1.860860"><ele>595.0</ele><time>2026-03-28T11:54:50.000Z</time></trkpt>
      <trkpt lat="53.454155" lon="-1.860838"><ele>595.2</ele><time>2026-03-28T11:54:51.000Z</time></trkpt>
      <trkpt lat="53.454160" lon="-1.860820"><ele>595.4</ele><time>2026-03-28T11:54:52.000Z</time></trkpt>
      <trkpt lat="53.454166" lon="-1.860814"><ele>595.8</ele><time>2026-03-28T11:54:53.000Z</time></trkpt>
      <trkpt lat="53.454174" lon="-1.860807"><ele>595.2</ele><time>2026-03-28T11:54:54.000Z</time></trkpt>
      <trkpt lat="53.454180" lon="-1.860792"><ele>595.2</ele><time>2026-03-28T11:54:55.000Z</time></trkpt>
      <trkpt lat="53.454185" lon="-1.860774"><ele>596.0</ele><time>2026-03-28T11:54:56.000Z</time></trkpt>
      <trkpt lat="53.454193" lon="-1.860754"><ele>596.2</ele><time>2026-03-28T11:54:57.000Z</time></trkpt>
      <trkpt lat="53.454193" lon="-1.860734"><ele>596.0</ele><time>2026-03-28T11:54:58.000Z</time></trkpt>
      <trkpt lat="53.454190" lon="-1.860724"><ele>596.0</ele><time>2026-03-28T11:54:59.000Z</time></trkpt>
      <trkpt lat="53.454185" lon="-1.860706"><ele>596.0</ele><time>2026-03-28T11:55:00.000Z</time></trkpt>
      <trkpt lat="53.454178" lon="-1.860686"><ele>595.4</ele><time>2026-03-28T11:55:01.000Z</time></trkpt>
      <trkpt lat="53.454174" lon="-1.860667"><ele>595.6</ele><time>2026-03-28T11:55:02.000Z</time></trkpt>
      <trkpt lat="53.454174" lon="-1.860655"><ele>595.4</ele><time>2026-03-28T11:55:03.000Z</time></trkpt>
      <trkpt lat="53.454174" lon="-1.860639"><ele>595.2</ele><time>2026-03-28T11:55:04.000Z</time></trkpt>
      <trkpt lat="53.454170" lon="-1.860622"><ele>594.8</ele><time>2026-03-28T11:55:05.000Z</time></trkpt>
      <trkpt lat="53.454166" lon="-1.860604"><ele>594.4</ele><time>2026-03-28T11:55:06.000Z</time></trkpt>
      <trkpt lat="53.454166" lon="-1.860585"><ele>595.2</ele><time>2026-03-28T11:55:07.000Z</time></trkpt>
      <trkpt lat="53.454170" lon="-1.860572"><ele>595.6</ele><time>2026-03-28T11:55:08.000Z</time></trkpt>
      <trkpt lat="53.454174" lon="-1.860568"><ele>595.4</ele><time>2026-03-28T11:55:09.000Z</time></trkpt>
      <trkpt lat="53.454170" lon="-1.860535"><ele>595.2</ele><time>2026-03-28T11:55:10.000Z</time></trkpt>
      <trkpt lat="53.454170" lon="-1.860518"><ele>595.6</ele><time>2026-03-28T11:55:11.000Z</time></trkpt>
      <trkpt lat="53.454166" lon="-1.860505"><ele>595.6</ele><time>2026-03-28T11:55:12.000Z</time></trkpt>
      <trkpt lat="53.454160" lon="-1.860494"><ele>595.4</ele><time>2026-03-28T11:55:13.000Z</time></trkpt>
      <trkpt lat="53.454147" lon="-1.860485"><ele>595.2</ele><time>2026-03-28T11:55:14.000Z</time></trkpt>
      <trkpt lat="53.454144" lon="-1.860481"><ele>595.0</ele><time>2026-03-28T11:55:15.000Z</time></trkpt>
      <trkpt lat="53.454140" lon="-1.860471"><ele>594.4</ele><time>2026-03-28T11:55:16.000Z</time></trkpt>
      <trkpt lat="53.454136" lon="-1.860460"><ele>594.8</ele><time>2026-03-28T11:55:17.000Z</time></trkpt>
      <trkpt lat="53.454132" lon="-1.860447"><ele>594.8</ele><time>2026-03-28T11:55:18.000Z</time></trkpt>
      <trkpt lat="53.454132" lon="-1.860443"><ele>595.0</ele><time>2026-03-28T11:55:19.000Z</time></trkpt>
      <trkpt lat="53.454130" lon="-1.860446"><ele>594.6</ele><time>2026-03-28T11:55:20.000Z</time></trkpt>
      <trkpt lat="53.454120" lon="-1.860444"><ele>594.4</ele><time>2026-03-28T11:55:21.000Z</time></trkpt>
      <trkpt lat="53.454100" lon="-1.860440"><ele>593.6</ele><time>2026-03-28T11:55:22.000Z</time></trkpt>
      <trkpt lat="53.454090" lon="-1.860419"><ele>594.2</ele><time>2026-03-28T11:55:23.000Z</time></trkpt>
      <trkpt lat="53.454098" lon="-1.860400"><ele>594.4</ele><time>2026-03-28T11:55:24.000Z</time></trkpt>
      <trkpt lat="53.454098" lon="-1.860382"><ele>594.8</ele><time>2026-03-28T11:55:25.000Z</time></trkpt>
      <trkpt lat="53.454094" lon="-1.860372"><ele>595.2</ele><time>2026-03-28T11:55:26.000Z</time></trkpt>
      <trkpt lat="53.454086" lon="-1.860366"><ele>595.0</ele><time>2026-03-28T11:55:27.000Z</time></trkpt>
      <trkpt lat="53.454082" lon="-1.860350"><ele>595.2</ele><time>2026-03-28T11:55:28.000Z</time></trkpt>
      <trkpt lat="53.454086" lon="-1.860344"><ele>594.8</ele><time>2026-03-28T11:55:29.000Z</time></trkpt>
      <trkpt lat="53.454082" lon="-1.860333"><ele>594.8</ele><time>2026-03-28T11:55:30.000Z</time></trkpt>
      <trkpt lat="53.454080" lon="-1.860339"><ele>594.2</ele><time>2026-03-28T11:55:31.000Z</time></trkpt>
      <trkpt lat="53.454075" lon="-1.860341"><ele>594.4</ele><time>2026-03-28T11:55:32.000Z</time></trkpt>
      <trkpt lat="53.454075" lon="-1.860340"><ele>594.2</ele><time>2026-03-28T11:55:33.000Z</time></trkpt>
      <trkpt lat="53.454063" lon="-1.860336"><ele>594.0</ele><time>2026-03-28T11:55:34.000Z</time></trkpt>
      <trkpt lat="53.454056" lon="-1.860327"><ele>594.0</ele><time>2026-03-28T11:55:35.000Z</time></trkpt>
      <trkpt lat="53.454050" lon="-1.860322"><ele>593.8</ele><time>2026-03-28T11:55:36.000Z</time></trkpt>
      <trkpt lat="53.454037" lon="-1.860309"><ele>592.8</ele><time>2026-03-28T11:55:37.000Z</time></trkpt>
      <trkpt lat="53.454040" lon="-1.860311"><ele>592.6</ele><time>2026-03-28T11:55:38.000Z</time></trkpt>
      <trkpt lat="53.454037" lon="-1.860311"><ele>593.2</ele><time>2026-03-28T11:55:39.000Z</time></trkpt>
      <trkpt lat="53.454033" lon="-1.860300"><ele>593.0</ele><time>2026-03-28T11:55:40.000Z</time></trkpt>
      <trkpt lat="53.454033" lon="-1.860285"><ele>593.4</ele><time>2026-03-28T11:55:41.000Z</time></trkpt>
      <trkpt lat="53.454033" lon="-1.860289"><ele>593.4</ele><time>2026-03-28T11:55:42.000Z</time></trkpt>
      <trkpt lat="53.454033" lon="-1.860292"><ele>593.6</ele><time>2026-03-28T11:55:43.000Z</time></trkpt>
      <trkpt lat="53.454033" lon="-1.860294"><ele>593.6</ele><time>2026-03-28T11:55:44.000Z</time></trkpt>
      <trkpt lat="53.454033" lon="-1.860295"><ele>593.6</ele><time>2026-03-28T11:55:45.000Z</time></trkpt>
      <trkpt lat="53.454030" lon="-1.860295"><ele>593.6</ele><time>2026-03-28T11:55:46.000Z</time></trkpt>
      <trkpt lat="53.454030" lon="-1.860300"><ele>593.6</ele><time>2026-03-28T11:55:47.000Z</time></trkpt>
      <trkpt lat="53.454030" lon="-1.860298"><ele>594.0</ele><time>2026-03-28T11:55:48.000Z</time></trkpt>
      <trkpt lat="53.454025" lon="-1.860297"><ele>593.8</ele><time>2026-03-28T11:55:49.000Z</time></trkpt>
      <trkpt lat="53.454018" lon="-1.860295"><ele>594.2</ele><time>2026-03-28T11:55:50.000Z</time></trkpt>
      <trkpt lat="53.454010" lon="-1.860295"><ele>594.8</ele><time>2026-03-28T11:55:51.000Z</time></trkpt>
      <trkpt lat="53.454006" lon="-1.860293"><ele>594.8</ele><time>2026-03-28T11:55:52.000Z</time></trkpt>
      <trkpt lat="53.454006" lon="-1.860294"><ele>594.6</ele><time>2026-03-28T11:55:53.000Z</time></trkpt>
      <trkpt lat="53.454000" lon="-1.860302"><ele>594.6</ele><time>2026-03-28T11:55:54.000Z</time></trkpt>
      <trkpt lat="53.454000" lon="-1.860296"><ele>595.0</ele><time>2026-03-28T11:55:55.000Z</time></trkpt>
      <trkpt lat="53.453990" lon="-1.860289"><ele>594.6</ele><time>2026-03-28T11:55:56.000Z</time></trkpt>
      <trkpt lat="53.453987" lon="-1.860294"><ele>594.4</ele><time>2026-03-28T11:55:57.000Z</time></trkpt>
      <trkpt lat="53.453976" lon="-1.860281"><ele>594.8</ele><time>2026-03-28T11:55:58.000Z</time></trkpt>
      <trkpt lat="53.453976" lon="-1.860268"><ele>595.2</ele><time>2026-03-28T11:55:59.000Z</time></trkpt>
      <trkpt lat="53.453976" lon="-1.860264"><ele>594.4</ele><time>2026-03-28T11:56:00.000Z</time></trkpt>
      <trkpt lat="53.453970" lon="-1.860248"><ele>594.4</ele><time>2026-03-28T11:56:01.000Z</time></trkpt>
      <trkpt lat="53.453970" lon="-1.860248"><ele>595.0</ele><time>2026-03-28T11:56:02.000Z</time></trkpt>
      <trkpt lat="53.453968" lon="-1.860240"><ele>594.8</ele><time>2026-03-28T11:56:03.000Z</time></trkpt>
      <trkpt lat="53.453964" lon="-1.860228"><ele>594.2</ele><time>2026-03-28T11:56:04.000Z</time></trkpt>
      <trkpt lat="53.453960" lon="-1.860223"><ele>594.2</ele><time>2026-03-28T11:56:05.000Z</time></trkpt>
      <trkpt lat="53.453957" lon="-1.860206"><ele>594.6</ele><time>2026-03-28T11:56:06.000Z</time></trkpt>
      <trkpt lat="53.453953" lon="-1.860188"><ele>593.8</ele><time>2026-03-28T11:56:07.000Z</time></trkpt>
      <trkpt lat="53.453950" lon="-1.860180"><ele>594.4</ele><time>2026-03-28T11:56:08.000Z</time></trkpt>
      <trkpt lat="53.453940" lon="-1.860168"><ele>593.8</ele><time>2026-03-28T11:56:09.000Z</time></trkpt>
      <trkpt lat="53.453938" lon="-1.860161"><ele>594.2</ele><time>2026-03-28T11:56:10.000Z</time></trkpt>
      <trkpt lat="53.453938" lon="-1.860150"><ele>594.0</ele><time>2026-03-28T11:56:11.000Z</time></trkpt>
      <trkpt lat="53.453930" lon="-1.860130"><ele>593.6</ele><time>2026-03-28T11:56:12.000Z</time></trkpt>
      <trkpt lat="53.453926" lon="-1.860117"><ele>594.2</ele><time>2026-03-28T11:56:13.000Z</time></trkpt>
      <trkpt lat="53.453926" lon="-1.860115"><ele>594.0</ele><time>2026-03-28T11:56:14.000Z</time></trkpt>
      <trkpt lat="53.453922" lon="-1.860096"><ele>594.2</ele><time>2026-03-28T11:56:15.000Z</time></trkpt>
      <trkpt lat="53.453922" lon="-1.860094"><ele>594.2</ele><time>2026-03-28T11:56:16.000Z</time></trkpt>
      <trkpt lat="53.453920" lon="-1.860089"><ele>594.4</ele><time>2026-03-28T11:56:17.000Z</time></trkpt>
      <trkpt lat="53.453915" lon="-1.860086"><ele>594.4</ele><time>2026-03-28T11:56:18.000Z</time></trkpt>
      <trkpt lat="53.453915" lon="-1.860080"><ele>594.6</ele><time>2026-03-28T11:56:19.000Z</time></trkpt>
      <trkpt lat="53.453915" lon="-1.860075"><ele>594.2</ele><time>2026-03-28T11:56:20.000Z</time></trkpt>
      <trkpt lat="53.453907" lon="-1.860058"><ele>593.8</ele><time>2026-03-28T11:56:21.000Z</time></trkpt>
      <trkpt lat="53.453903" lon="-1.860041"><ele>594.4</ele><time>2026-03-28T11:56:22.000Z</time></trkpt>
      <trkpt lat="53.453900" lon="-1.860022"><ele>594.4</ele><time>2026-03-28T11:56:23.000Z</time></trkpt>
      <trkpt lat="53.453896" lon="-1.860009"><ele>594.4</ele><time>2026-03-28T11:56:24.000Z</time></trkpt>
      <trkpt lat="53.453890" lon="-1.859995"><ele>593.6</ele><time>2026-03-28T11:56:25.000Z</time></trkpt>
      <trkpt lat="53.453884" lon="-1.859981"><ele>593.4</ele><time>2026-03-28T11:56:26.000Z</time></trkpt>
      <trkpt lat="53.453880" lon="-1.859963"><ele>593.2</ele><time>2026-03-28T11:56:27.000Z</time></trkpt>
      <trkpt lat="53.453884" lon="-1.859954"><ele>594.2</ele><time>2026-03-28T11:56:28.000Z</time></trkpt>
      <trkpt lat="53.453884" lon="-1.859943"><ele>595.0</ele><time>2026-03-28T11:56:29.000Z</time></trkpt>
      <trkpt lat="53.453888" lon="-1.859924"><ele>595.6</ele><time>2026-03-28T11:56:30.000Z</time></trkpt>
      <trkpt lat="53.453888" lon="-1.859893"><ele>595.8</ele><time>2026-03-28T11:56:31.000Z</time></trkpt>
      <trkpt lat="53.453884" lon="-1.859880"><ele>594.6</ele><time>2026-03-28T11:56:32.000Z</time></trkpt>
      <trkpt lat="53.453880" lon="-1.859858"><ele>595.2</ele><time>2026-03-28T11:56:33.000Z</time></trkpt>
      <trkpt lat="53.453876" lon="-1.859845"><ele>595.6</ele><time>2026-03-28T11:56:34.000Z</time></trkpt>
      <trkpt lat="53.453876" lon="-1.859824"><ele>596.2</ele><time>2026-03-28T11:56:35.000Z</time></trkpt>
      <trkpt lat="53.453873" lon="-1.859808"><ele>595.6</ele><time>2026-03-28T11:56:36.000Z</time></trkpt>
      <trkpt lat="53.453870" lon="-1.859798"><ele>595.0</ele><time>2026-03-28T11:56:37.000Z</time></trkpt>
      <trkpt lat="53.453870" lon="-1.859783"><ele>595.6</ele><time>2026-03-28T11:56:38.000Z</time></trkpt>
      <trkpt lat="53.453873" lon="-1.859758"><ele>595.6</ele><time>2026-03-28T11:56:39.000Z</time></trkpt>
      <trkpt lat="53.453870" lon="-1.859731"><ele>595.4</ele><time>2026-03-28T11:56:40.000Z</time></trkpt>
      <trkpt lat="53.453870" lon="-1.859713"><ele>595.4</ele><time>2026-03-28T11:56:41.000Z</time></trkpt>
      <trkpt lat="53.453870" lon="-1.859700"><ele>596.0</ele><time>2026-03-28T11:56:42.000Z</time></trkpt>
      <trkpt lat="53.453865" lon="-1.859687"><ele>596.2</ele><time>2026-03-28T11:56:43.000Z</time></trkpt>
      <trkpt lat="53.453860" lon="-1.859669"><ele>596.4</ele><time>2026-03-28T11:56:44.000Z</time></trkpt>
      <trkpt lat="53.453857" lon="-1.859649"><ele>595.6</ele><time>2026-03-28T11:56:45.000Z</time></trkpt>
      <trkpt lat="53.453854" lon="-1.859624"><ele>596.2</ele><time>2026-03-28T11:56:46.000Z</time></trkpt>
      <trkpt lat="53.453850" lon="-1.859608"><ele>596.0</ele><time>2026-03-28T11:56:47.000Z</time></trkpt>
      <trkpt lat="53.453846" lon="-1.859593"><ele>595.8</ele><time>2026-03-28T11:56:48.000Z</time></trkpt>
      <trkpt lat="53.453850" lon="-1.859574"><ele>596.4</ele><time>2026-03-28T11:56:49.000Z</time></trkpt>
      <trkpt lat="53.453846" lon="-1.859549"><ele>595.8</ele><time>2026-03-28T11:56:50.000Z</time></trkpt>
      <trkpt lat="53.453840" lon="-1.859535"><ele>595.6</ele><time>2026-03-28T11:56:51.000Z</time></trkpt>
      <trkpt lat="53.453835" lon="-1.859518"><ele>596.0</ele><time>2026-03-28T11:56:52.000Z</time></trkpt>
      <trkpt lat="53.453830" lon="-1.859502"><ele>595.4</ele><time>2026-03-28T11:56:53.000Z</time></trkpt>
      <trkpt lat="53.453830" lon="-1.859497"><ele>595.4</ele><time>2026-03-28T11:56:54.000Z</time></trkpt>
      <trkpt lat="53.453827" lon="-1.859482"><ele>595.0</ele><time>2026-03-28T11:56:55.000Z</time></trkpt>
      <trkpt lat="53.453827" lon="-1.859474"><ele>594.2</ele><time>2026-03-28T11:56:56.000Z</time></trkpt>
      <trkpt lat="53.453827" lon="-1.859465"><ele>594.6</ele><time>2026-03-28T11:56:57.000Z</time></trkpt>
      <trkpt lat="53.453823" lon="-1.859453"><ele>594.0</ele><time>2026-03-28T11:56:58.000Z</time></trkpt>
      <trkpt lat="53.453823" lon="-1.859455"><ele>594.0</ele><time>2026-03-28T11:56:59.000Z</time></trkpt>
      <trkpt lat="53.453827" lon="-1.859448"><ele>593.6</ele><time>2026-03-28T11:57:00.000Z</time></trkpt>
      <trkpt lat="53.453827" lon="-1.859438"><ele>593.6</ele><time>2026-03-28T11:57:01.000Z</time></trkpt>
      <trkpt lat="53.453827" lon="-1.859437"><ele>593.2</ele><time>2026-03-28T11:57:02.000Z</time></trkpt>
      <trkpt lat="53.453823" lon="-1.859428"><ele>593.4</ele><time>2026-03-28T11:57:03.000Z</time></trkpt>
      <trkpt lat="53.453827" lon="-1.859420"><ele>593.6</ele><time>2026-03-28T11:57:04.000Z</time></trkpt>
      <trkpt lat="53.453830" lon="-1.859399"><ele>593.2</ele><time>2026-03-28T11:57:05.000Z</time></trkpt>
      <trkpt lat="53.453835" lon="-1.859397"><ele>593.6</ele><time>2026-03-28T11:57:06.000Z</time></trkpt>
      <trkpt lat="53.453835" lon="-1.859396"><ele>593.0</ele><time>2026-03-28T11:57:07.000Z</time></trkpt>
      <trkpt lat="53.453842" lon="-1.859391"><ele>592.4</ele><time>2026-03-28T11:57:08.000Z</time></trkpt>
      <trkpt lat="53.453846" lon="-1.859379"><ele>591.6</ele><time>2026-03-28T11:57:09.000Z</time></trkpt>
      <trkpt lat="53.453850" lon="-1.859355"><ele>591.2</ele><time>2026-03-28T11:57:10.000Z</time></trkpt>
      <trkpt lat="53.453850" lon="-1.859331"><ele>591.2</ele><time>2026-03-28T11:57:11.000Z</time></trkpt>
      <trkpt lat="53.453842" lon="-1.859310"><ele>591.2</ele><time>2026-03-28T11:57:12.000Z</time></trkpt>
      <trkpt lat="53.453840" lon="-1.859298"><ele>591.0</ele><time>2026-03-28T11:57:13.000Z</time></trkpt>
      <trkpt lat="53.453840" lon="-1.859292"><ele>591.4</ele><time>2026-03-28T11:57:14.000Z</time></trkpt>
      <trkpt lat="53.453842" lon="-1.859280"><ele>591.8</ele><time>2026-03-28T11:57:15.000Z</time></trkpt>
      <trkpt lat="53.453840" lon="-1.859283"><ele>591.6</ele><time>2026-03-28T11:57:16.000Z</time></trkpt>
      <trkpt lat="53.453842" lon="-1.859265"><ele>591.8</ele><time>2026-03-28T11:57:17.000Z</time></trkpt>
      <trkpt lat="53.453840" lon="-1.859254"><ele>591.6</ele><time>2026-03-28T11:57:18.000Z</time></trkpt>
      <trkpt lat="53.453846" lon="-1.859237"><ele>591.4</ele><time>2026-03-28T11:57:19.000Z</time></trkpt>
      <trkpt lat="53.453854" lon="-1.859227"><ele>591.8</ele><time>2026-03-28T11:57:20.000Z</time></trkpt>
      <trkpt lat="53.453860" lon="-1.859204"><ele>592.8</ele><time>2026-03-28T11:57:21.000Z</time></trkpt>
      <trkpt lat="53.453854" lon="-1.859196"><ele>592.8</ele><time>2026-03-28T11:57:22.000Z</time></trkpt>
      <trkpt lat="53.453857" lon="-1.859195"><ele>592.4</ele><time>2026-03-28T11:57:23.000Z</time></trkpt>
      <trkpt lat="53.453870" lon="-1.859183"><ele>592.4</ele><time>2026-03-28T11:57:24.000Z</time></trkpt>
      <trkpt lat="53.453876" lon="-1.859158"><ele>593.6</ele><time>2026-03-28T11:57:25.000Z</time></trkpt>
      <trkpt lat="53.453873" lon="-1.859152"><ele>594.0</ele><time>2026-03-28T11:57:26.000Z</time></trkpt>
      <trkpt lat="53.453860" lon="-1.859142"><ele>593.0</ele><time>2026-03-28T11:57:27.000Z</time></trkpt>
      <trkpt lat="53.453850" lon="-1.859133"><ele>593.0</ele><time>2026-03-28T11:57:28.000Z</time></trkpt>
      <trkpt lat="53.453835" lon="-1.859119"><ele>592.8</ele><time>2026-03-28T11:57:29.000Z</time></trkpt>
      <trkpt lat="53.453820" lon="-1.859095"><ele>593.0</ele><time>2026-03-28T11:57:30.000Z</time></trkpt>
      <trkpt lat="53.453820" lon="-1.859084"><ele>593.4</ele><time>2026-03-28T11:57:31.000Z</time></trkpt>
      <trkpt lat="53.453810" lon="-1.859063"><ele>593.4</ele><time>2026-03-28T11:57:32.000Z</time></trkpt>
      <trkpt lat="53.453804" lon="-1.859051"><ele>593.0</ele><time>2026-03-28T11:57:33.000Z</time></trkpt>
      <trkpt lat="53.453796" lon="-1.859039"><ele>593.0</ele><time>2026-03-28T11:57:34.000Z</time></trkpt>
      <trkpt lat="53.453780" lon="-1.859034"><ele>592.4</ele><time>2026-03-28T11:57:35.000Z</time></trkpt>
      <trkpt lat="53.453766" lon="-1.859031"><ele>593.2</ele><time>2026-03-28T11:57:36.000Z</time></trkpt>
      <trkpt lat="53.453760" lon="-1.859025"><ele>593.2</ele><time>2026-03-28T11:57:37.000Z</time></trkpt>
      <trkpt lat="53.453750" lon="-1.859016"><ele>592.8</ele><time>2026-03-28T11:57:38.000Z</time></trkpt>
      <trkpt lat="53.453743" lon="-1.859006"><ele>593.2</ele><time>2026-03-28T11:57:39.000Z</time></trkpt>
      <trkpt lat="53.453730" lon="-1.858997"><ele>592.4</ele><time>2026-03-28T11:57:40.000Z</time></trkpt>
      <trkpt lat="53.453724" lon="-1.858993"><ele>591.8</ele><time>2026-03-28T11:57:41.000Z</time></trkpt>
      <trkpt lat="53.453716" lon="-1.858982"><ele>591.6</ele><time>2026-03-28T11:57:42.000Z</time></trkpt>
      <trkpt lat="53.453705" lon="-1.858977"><ele>592.4</ele><time>2026-03-28T11:57:43.000Z</time></trkpt>
      <trkpt lat="53.453697" lon="-1.858962"><ele>592.6</ele><time>2026-03-28T11:57:44.000Z</time></trkpt>
      <trkpt lat="53.453690" lon="-1.858947"><ele>592.0</ele><time>2026-03-28T11:57:45.000Z</time></trkpt>
      <trkpt lat="53.453682" lon="-1.858930"><ele>592.6</ele><time>2026-03-28T11:57:46.000Z</time></trkpt>
      <trkpt lat="53.453674" lon="-1.858918"><ele>592.2</ele><time>2026-03-28T11:57:47.000Z</time></trkpt>
      <trkpt lat="53.453667" lon="-1.858904"><ele>592.0</ele><time>2026-03-28T11:57:48.000Z</time></trkpt>
      <trkpt lat="53.453660" lon="-1.858886"><ele>591.6</ele><time>2026-03-28T11:57:49.000Z</time></trkpt>
      <trkpt lat="53.453650" lon="-1.858872"><ele>591.4</ele><time>2026-03-28T11:57:50.000Z</time></trkpt>
      <trkpt lat="53.453640" lon="-1.858848"><ele>591.2</ele><time>2026-03-28T11:57:51.000Z</time></trkpt>
      <trkpt lat="53.453632" lon="-1.858834"><ele>591.8</ele><time>2026-03-28T11:57:52.000Z</time></trkpt>
      <trkpt lat="53.453625" lon="-1.858821"><ele>591.6</ele><time>2026-03-28T11:57:53.000Z</time></trkpt>
      <trkpt lat="53.453617" lon="-1.858803"><ele>592.4</ele><time>2026-03-28T11:57:54.000Z</time></trkpt>
      <trkpt lat="53.453610" lon="-1.858784"><ele>592.4</ele><time>2026-03-28T11:57:55.000Z</time></trkpt>
      <trkpt lat="53.453600" lon="-1.858773"><ele>592.8</ele><time>2026-03-28T11:57:56.000Z</time></trkpt>
      <trkpt lat="53.453598" lon="-1.858757"><ele>592.0</ele><time>2026-03-28T11:57:57.000Z</time></trkpt>
      <trkpt lat="53.453590" lon="-1.858741"><ele>591.8</ele><time>2026-03-28T11:57:58.000Z</time></trkpt>
      <trkpt lat="53.453583" lon="-1.858728"><ele>591.6</ele><time>2026-03-28T11:57:59.000Z</time></trkpt>
      <trkpt lat="53.453568" lon="-1.858709"><ele>591.6</ele><time>2026-03-28T11:58:00.000Z</time></trkpt>
      <trkpt lat="53.453556" lon="-1.858701"><ele>591.8</ele><time>2026-03-28T11:58:01.000Z</time></trkpt>
      <trkpt lat="53.453550" lon="-1.858684"><ele>591.6</ele><time>2026-03-28T11:58:02.000Z</time></trkpt>
      <trkpt lat="53.453540" lon="-1.858667"><ele>591.8</ele><time>2026-03-28T11:58:03.000Z</time></trkpt>
      <trkpt lat="53.453533" lon="-1.858646"><ele>591.8</ele><time>2026-03-28T11:58:04.000Z</time></trkpt>
      <trkpt lat="53.453520" lon="-1.858633"><ele>591.0</ele><time>2026-03-28T11:58:05.000Z</time></trkpt>
      <trkpt lat="53.453510" lon="-1.858621"><ele>590.6</ele><time>2026-03-28T11:58:06.000Z</time></trkpt>
      <trkpt lat="53.453500" lon="-1.858609"><ele>590.8</ele><time>2026-03-28T11:58:07.000Z</time></trkpt>
      <trkpt lat="53.453487" lon="-1.858598"><ele>590.6</ele><time>2026-03-28T11:58:08.000Z</time></trkpt>
      <trkpt lat="53.453472" lon="-1.858584"><ele>590.4</ele><time>2026-03-28T11:58:09.000Z</time></trkpt>
      <trkpt lat="53.453465" lon="-1.858569"><ele>590.6</ele><time>2026-03-28T11:58:10.000Z</time></trkpt>
      <trkpt lat="53.453453" lon="-1.858558"><ele>590.8</ele><time>2026-03-28T11:58:11.000Z</time></trkpt>
      <trkpt lat="53.453440" lon="-1.858546"><ele>589.6</ele><time>2026-03-28T11:58:12.000Z</time></trkpt>
      <trkpt lat="53.453426" lon="-1.858530"><ele>590.2</ele><time>2026-03-28T11:58:13.000Z</time></trkpt>
      <trkpt lat="53.453420" lon="-1.858521"><ele>590.4</ele><time>2026-03-28T11:58:14.000Z</time></trkpt>
      <trkpt lat="53.453403" lon="-1.858507"><ele>591.0</ele><time>2026-03-28T11:58:15.000Z</time></trkpt>
      <trkpt lat="53.453396" lon="-1.858498"><ele>590.4</ele><time>2026-03-28T11:58:16.000Z</time></trkpt>
      <trkpt lat="53.453384" lon="-1.858477"><ele>590.2</ele><time>2026-03-28T11:58:17.000Z</time></trkpt>
      <trkpt lat="53.453380" lon="-1.858457"><ele>590.8</ele><time>2026-03-28T11:58:18.000Z</time></trkpt>
      <trkpt lat="53.453373" lon="-1.858441"><ele>591.0</ele><time>2026-03-28T11:58:19.000Z</time></trkpt>
      <trkpt lat="53.453358" lon="-1.858429"><ele>591.4</ele><time>2026-03-28T11:58:20.000Z</time></trkpt>
      <trkpt lat="53.453346" lon="-1.858425"><ele>590.6</ele><time>2026-03-28T11:58:21.000Z</time></trkpt>
      <trkpt lat="53.453335" lon="-1.858422"><ele>590.4</ele><time>2026-03-28T11:58:22.000Z</time></trkpt>
      <trkpt lat="53.453320" lon="-1.858416"><ele>590.2</ele><time>2026-03-28T11:58:23.000Z</time></trkpt>
      <trkpt lat="53.453304" lon="-1.858413"><ele>589.6</ele><time>2026-03-28T11:58:24.000Z</time></trkpt>
      <trkpt lat="53.453293" lon="-1.858406"><ele>589.4</ele><time>2026-03-28T11:58:25.000Z</time></trkpt>
      <trkpt lat="53.453280" lon="-1.858398"><ele>589.6</ele><time>2026-03-28T11:58:26.000Z</time></trkpt>
      <trkpt lat="53.453274" lon="-1.858393"><ele>589.8</ele><time>2026-03-28T11:58:27.000Z</time></trkpt>
      <trkpt lat="53.453262" lon="-1.858377"><ele>589.4</ele><time>2026-03-28T11:58:28.000Z</time></trkpt>
      <trkpt lat="53.453250" lon="-1.858366"><ele>589.4</ele><time>2026-03-28T11:58:29.000Z</time></trkpt>
      <trkpt lat="53.453240" lon="-1.858355"><ele>589.6</ele><time>2026-03-28T11:58:30.000Z</time></trkpt>
      <trkpt lat="53.453230" lon="-1.858337"><ele>589.6</ele><time>2026-03-28T11:58:31.000Z</time></trkpt>
      <trkpt lat="53.453220" lon="-1.858327"><ele>589.4</ele><time>2026-03-28T11:58:32.000Z</time></trkpt>
      <trkpt lat="53.453213" lon="-1.858316"><ele>588.8</ele><time>2026-03-28T11:58:33.000Z</time></trkpt>
      <trkpt lat="53.453200" lon="-1.858298"><ele>588.8</ele><time>2026-03-28T11:58:34.000Z</time></trkpt>
      <trkpt lat="53.453194" lon="-1.858285"><ele>589.6</ele><time>2026-03-28T11:58:35.000Z</time></trkpt>
      <trkpt lat="53.453186" lon="-1.858269"><ele>589.0</ele><time>2026-03-28T11:58:36.000Z</time></trkpt>
      <trkpt lat="53.453182" lon="-1.858248"><ele>588.8</ele><time>2026-03-28T11:58:37.000Z</time></trkpt>
      <trkpt lat="53.453180" lon="-1.858224"><ele>588.6</ele><time>2026-03-28T11:58:38.000Z</time></trkpt>
      <trkpt lat="53.453175" lon="-1.858209"><ele>588.6</ele><time>2026-03-28T11:58:39.000Z</time></trkpt>
      <trkpt lat="53.453175" lon="-1.858200"><ele>588.4</ele><time>2026-03-28T11:58:40.000Z</time></trkpt>
      <trkpt lat="53.453167" lon="-1.858184"><ele>588.8</ele><time>2026-03-28T11:58:41.000Z</time></trkpt>
      <trkpt lat="53.453160" lon="-1.858175"><ele>588.8</ele><time>2026-03-28T11:58:42.000Z</time></trkpt>
      <trkpt lat="53.453150" lon="-1.858168"><ele>588.8</ele><time>2026-03-28T11:58:43.000Z</time></trkpt>
      <trkpt lat="53.453148" lon="-1.858161"><ele>588.6</ele><time>2026-03-28T11:58:44.000Z</time></trkpt>
      <trkpt lat="53.453140" lon="-1.858149"><ele>588.6</ele><time>2026-03-28T11:58:45.000Z</time></trkpt>
      <trkpt lat="53.453130" lon="-1.858136"><ele>588.4</ele><time>2026-03-28T11:58:46.000Z</time></trkpt>
      <trkpt lat="53.453117" lon="-1.858131"><ele>588.2</ele><time>2026-03-28T11:58:47.000Z</time></trkpt>
      <trkpt lat="53.453110" lon="-1.858126"><ele>588.6</ele><time>2026-03-28T11:58:48.000Z</time></trkpt>
      <trkpt lat="53.453110" lon="-1.858129"><ele>589.0</ele><time>2026-03-28T11:58:49.000Z</time></trkpt>
      <trkpt lat="53.453106" lon="-1.858117"><ele>588.2</ele><time>2026-03-28T11:58:50.000Z</time></trkpt>
      <trkpt lat="53.453102" lon="-1.858096"><ele>588.2</ele><time>2026-03-28T11:58:51.000Z</time></trkpt>
      <trkpt lat="53.453100" lon="-1.858073"><ele>588.0</ele><time>2026-03-28T11:58:52.000Z</time></trkpt>
      <trkpt lat="53.453090" lon="-1.858053"><ele>588.0</ele><time>2026-03-28T11:58:53.000Z</time></trkpt>
      <trkpt lat="53.453090" lon="-1.858039"><ele>588.6</ele><time>2026-03-28T11:58:54.000Z</time></trkpt>
      <trkpt lat="53.453087" lon="-1.858031"><ele>588.4</ele><time>2026-03-28T11:58:55.000Z</time></trkpt>
      <trkpt lat="53.453087" lon="-1.858019"><ele>588.2</ele><time>2026-03-28T11:58:56.000Z</time></trkpt>
      <trkpt lat="53.453075" lon="-1.857996"><ele>588.0</ele><time>2026-03-28T11:58:57.000Z</time></trkpt>
      <trkpt lat="53.453068" lon="-1.857983"><ele>587.6</ele><time>2026-03-28T11:58:58.000Z</time></trkpt>
      <trkpt lat="53.453064" lon="-1.857966"><ele>588.0</ele><time>2026-03-28T11:58:59.000Z</time></trkpt>
      <trkpt lat="53.453060" lon="-1.857956"><ele>587.6</ele><time>2026-03-28T11:59:00.000Z</time></trkpt>
      <trkpt lat="53.453060" lon="-1.857935"><ele>587.2</ele><time>2026-03-28T11:59:01.000Z</time></trkpt>
      <trkpt lat="53.453060" lon="-1.857912"><ele>587.0</ele><time>2026-03-28T11:59:02.000Z</time></trkpt>
      <trkpt lat="53.453053" lon="-1.857898"><ele>587.0</ele><time>2026-03-28T11:59:03.000Z</time></trkpt>
      <trkpt lat="53.453053" lon="-1.857896"><ele>587.4</ele><time>2026-03-28T11:59:04.000Z</time></trkpt>
      <trkpt lat="53.453045" lon="-1.857888"><ele>587.2</ele><time>2026-03-28T11:59:05.000Z</time></trkpt>
      <trkpt lat="53.453040" lon="-1.857881"><ele>587.4</ele><time>2026-03-28T11:59:06.000Z</time></trkpt>
      <trkpt lat="53.453040" lon="-1.857874"><ele>587.0</ele><time>2026-03-28T11:59:07.000Z</time></trkpt>
      <trkpt lat="53.453037" lon="-1.857862"><ele>587.6</ele><time>2026-03-28T11:59:08.000Z</time></trkpt>
      <trkpt lat="53.453037" lon="-1.857840"><ele>587.4</ele><time>2026-03-28T11:59:09.000Z</time></trkpt>
      <trkpt lat="53.453040" lon="-1.857820"><ele>586.2</ele><time>2026-03-28T11:59:10.000Z</time></trkpt>
      <trkpt lat="53.453045" lon="-1.857814"><ele>586.2</ele><time>2026-03-28T11:59:11.000Z</time></trkpt>
      <trkpt lat="53.453040" lon="-1.857794"><ele>586.2</ele><time>2026-03-28T11:59:12.000Z</time></trkpt>
      <trkpt lat="53.453037" lon="-1.857770"><ele>586.0</ele><time>2026-03-28T11:59:13.000Z</time></trkpt>
      <trkpt lat="53.453033" lon="-1.857764"><ele>586.4</ele><time>2026-03-28T11:59:14.000Z</time></trkpt>
      <trkpt lat="53.453030" lon="-1.857753"><ele>586.4</ele><time>2026-03-28T11:59:15.000Z</time></trkpt>
      <trkpt lat="53.453022" lon="-1.857738"><ele>585.6</ele><time>2026-03-28T11:59:16.000Z</time></trkpt>
      <trkpt lat="53.453020" lon="-1.857739"><ele>586.2</ele><time>2026-03-28T11:59:17.000Z</time></trkpt>
      <trkpt lat="53.453014" lon="-1.857729"><ele>586.4</ele><time>2026-03-28T11:59:18.000Z</time></trkpt>
      <trkpt lat="53.453007" lon="-1.857714"><ele>585.8</ele><time>2026-03-28T11:59:19.000Z</time></trkpt>
      <trkpt lat="53.453003" lon="-1.857702"><ele>585.6</ele><time>2026-03-28T11:59:20.000Z</time></trkpt>
      <trkpt lat="53.453003" lon="-1.857682"><ele>585.8</ele><time>2026-03-28T11:59:21.000Z</time></trkpt>
      <trkpt lat="53.452990" lon="-1.857661"><ele>585.6</ele><time>2026-03-28T11:59:22.000Z</time></trkpt>
      <trkpt lat="53.452988" lon="-1.857638"><ele>586.0</ele><time>2026-03-28T11:59:23.000Z</time></trkpt>
      <trkpt lat="53.452988" lon="-1.857624"><ele>586.4</ele><time>2026-03-28T11:59:24.000Z</time></trkpt>
      <trkpt lat="53.452980" lon="-1.857612"><ele>586.0</ele><time>2026-03-28T11:59:25.000Z</time></trkpt>
      <trkpt lat="53.452970" lon="-1.857601"><ele>586.4</ele><time>2026-03-28T11:59:26.000Z</time></trkpt>
      <trkpt lat="53.452960" lon="-1.857592"><ele>586.0</ele><time>2026-03-28T11:59:27.000Z</time></trkpt>
      <trkpt lat="53.452960" lon="-1.857577"><ele>585.6</ele><time>2026-03-28T11:59:28.000Z</time></trkpt>
      <trkpt lat="53.452960" lon="-1.857555"><ele>585.4</ele><time>2026-03-28T11:59:29.000Z</time></trkpt>
      <trkpt lat="53.452953" lon="-1.857536"><ele>584.8</ele><time>2026-03-28T11:59:30.000Z</time></trkpt>
      <trkpt lat="53.452946" lon="-1.857518"><ele>585.6</ele><time>2026-03-28T11:59:31.000Z</time></trkpt>
      <trkpt lat="53.452940" lon="-1.857500"><ele>585.0</ele><time>2026-03-28T11:59:32.000Z</time></trkpt>
      <trkpt lat="53.452938" lon="-1.857488"><ele>585.4</ele><time>2026-03-28T11:59:33.000Z</time></trkpt>
      <trkpt lat="53.452927" lon="-1.857476"><ele>585.0</ele><time>2026-03-28T11:59:34.000Z</time></trkpt>
      <trkpt lat="53.452910" lon="-1.857459"><ele>585.0</ele><time>2026-03-28T11:59:35.000Z</time></trkpt>
      <trkpt lat="53.452908" lon="-1.857448"><ele>585.2</ele><time>2026-03-28T11:59:36.000Z</time></trkpt>
      <trkpt lat="53.452910" lon="-1.857444"><ele>585.2</ele><time>2026-03-28T11:59:37.000Z</time></trkpt>
      <trkpt lat="53.452908" lon="-1.857432"><ele>584.4</ele><time>2026-03-28T11:59:38.000Z</time></trkpt>
      <trkpt lat="53.452908" lon="-1.857404"><ele>584.0</ele><time>2026-03-28T11:59:39.000Z</time></trkpt>
      <trkpt lat="53.452900" lon="-1.857393"><ele>584.4</ele><time>2026-03-28T11:59:40.000Z</time></trkpt>
      <trkpt lat="53.452896" lon="-1.857388"><ele>583.8</ele><time>2026-03-28T11:59:41.000Z</time></trkpt>
      <trkpt lat="53.452896" lon="-1.857394"><ele>583.8</ele><time>2026-03-28T11:59:42.000Z</time></trkpt>
      <trkpt lat="53.452892" lon="-1.857392"><ele>584.0</ele><time>2026-03-28T11:59:43.000Z</time></trkpt>
      <trkpt lat="53.452896" lon="-1.857389"><ele>584.2</ele><time>2026-03-28T11:59:44.000Z</time></trkpt>
      <trkpt lat="53.452896" lon="-1.857378"><ele>584.2</ele><time>2026-03-28T11:59:45.000Z</time></trkpt>
      <trkpt lat="53.452896" lon="-1.857380"><ele>583.6</ele><time>2026-03-28T11:59:46.000Z</time></trkpt>
      <trkpt lat="53.452892" lon="-1.857361"><ele>583.2</ele><time>2026-03-28T11:59:47.000Z</time></trkpt>
      <trkpt lat="53.452892" lon="-1.857342"><ele>583.4</ele><time>2026-03-28T11:59:48.000Z</time></trkpt>
      <trkpt lat="53.452885" lon="-1.857335"><ele>583.0</ele><time>2026-03-28T11:59:49.000Z</time></trkpt>
      <trkpt lat="53.452877" lon="-1.857330"><ele>583.0</ele><time>2026-03-28T11:59:50.000Z</time></trkpt>
      <trkpt lat="53.452877" lon="-1.857319"><ele>583.4</ele><time>2026-03-28T11:59:51.000Z</time></trkpt>
      <trkpt lat="53.452873" lon="-1.857309"><ele>583.2</ele><time>2026-03-28T11:59:52.000Z</time></trkpt>
      <trkpt lat="53.452866" lon="-1.857299"><ele>583.2</ele><time>2026-03-28T11:59:53.000Z</time></trkpt>
      <trkpt lat="53.452858" lon="-1.857281"><ele>582.8</ele><time>2026-03-28T11:59:54.000Z</time></trkpt>
      <trkpt lat="53.452858" lon="-1.857270"><ele>582.8</ele><time>2026-03-28T11:59:55.000Z</time></trkpt>
      <trkpt lat="53.452854" lon="-1.857253"><ele>583.2</ele><time>2026-03-28T11:59:56.000Z</time></trkpt>
      <trkpt lat="53.452850" lon="-1.857226"><ele>582.6</ele><time>2026-03-28T11:59:57.000Z</time></trkpt>
      <trkpt lat="53.452840" lon="-1.857200"><ele>583.6</ele><time>2026-03-28T11:59:58.000Z</time></trkpt>
      <trkpt lat="53.452830" lon="-1.857198"><ele>583.6</ele><time>2026-03-28T11:59:59.000Z</time></trkpt>
      <trkpt lat="53.452830" lon="-1.857201"><ele>584.2</ele><time>2026-03-28T12:00:00.000Z</time></trkpt>
      <trkpt lat="53.452830" lon="-1.857189"><ele>584.2</ele><time>2026-03-28T12:00:01.000Z</time></trkpt>
      <trkpt lat="53.452820" lon="-1.857185"><ele>584.0</ele><time>2026-03-28T12:00:02.000Z</time></trkpt>
      <trkpt lat="53.452810" lon="-1.857171"><ele>583.6</ele><time>2026-03-28T12:00:03.000Z</time></trkpt>
      <trkpt lat="53.452805" lon="-1.857174"><ele>583.6</ele><time>2026-03-28T12:00:04.000Z</time></trkpt>
      <trkpt lat="53.452810" lon="-1.857181"><ele>583.6</ele><time>2026-03-28T12:00:05.000Z</time></trkpt>
      <trkpt lat="53.452805" lon="-1.857179"><ele>584.0</ele><time>2026-03-28T12:00:06.000Z</time></trkpt>
      <trkpt lat="53.452800" lon="-1.857180"><ele>583.6</ele><time>2026-03-28T12:00:07.000Z</time></trkpt>
      <trkpt lat="53.452797" lon="-1.857171"><ele>583.8</ele><time>2026-03-28T12:00:08.000Z</time></trkpt>
      <trkpt lat="53.452793" lon="-1.857164"><ele>583.4</ele><time>2026-03-28T12:00:09.000Z</time></trkpt>
      <trkpt lat="53.452785" lon="-1.857159"><ele>583.4</ele><time>2026-03-28T12:00:10.000Z</time></trkpt>
      <trkpt lat="53.452780" lon="-1.857153"><ele>583.6</ele><time>2026-03-28T12:00:11.000Z</time></trkpt>
      <trkpt lat="53.452780" lon="-1.857151"><ele>583.6</ele><time>2026-03-28T12:00:12.000Z</time></trkpt>
      <trkpt lat="53.452778" lon="-1.857147"><ele>584.0</ele><time>2026-03-28T12:00:13.000Z</time></trkpt>
      <trkpt lat="53.452778" lon="-1.857144"><ele>583.6</ele><time>2026-03-28T12:00:14.000Z</time></trkpt>
      <trkpt lat="53.452774" lon="-1.857133"><ele>583.4</ele><time>2026-03-28T12:00:15.000Z</time></trkpt>
      <trkpt lat="53.452774" lon="-1.857134"><ele>583.8</ele><time>2026-03-28T12:00:16.000Z</time></trkpt>
      <trkpt lat="53.452770" lon="-1.857126"><ele>584.0</ele><time>2026-03-28T12:00:17.000Z</time></trkpt>
      <trkpt lat="53.452766" lon="-1.857123"><ele>583.4</ele><time>2026-03-28T12:00:18.000Z</time></trkpt>
      <trkpt lat="53.452763" lon="-1.857119"><ele>583.4</ele><time>2026-03-28T12:00:19.000Z</time></trkpt>
      <trkpt lat="53.452766" lon="-1.857118"><ele>583.8</ele><time>2026-03-28T12:00:20.000Z</time></trkpt>
      <trkpt lat="53.452760" lon="-1.857081"><ele>583.8</ele><time>2026-03-28T12:00:21.000Z</time></trkpt>
      <trkpt lat="53.452760" lon="-1.857046"><ele>583.4</ele><time>2026-03-28T12:00:22.000Z</time></trkpt>
      <trkpt lat="53.452760" lon="-1.857044"><ele>583.6</ele><time>2026-03-28T12:00:23.000Z</time></trkpt>
      <trkpt lat="53.452755" lon="-1.857032"><ele>583.6</ele><time>2026-03-28T12:00:24.000Z</time></trkpt>
      <trkpt lat="53.452755" lon="-1.857023"><ele>583.0</ele><time>2026-03-28T12:00:25.000Z</time></trkpt>
      <trkpt lat="53.452750" lon="-1.857007"><ele>582.6</ele><time>2026-03-28T12:00:26.000Z</time></trkpt>
      <trkpt lat="53.452744" lon="-1.856989"><ele>582.2</ele><time>2026-03-28T12:00:27.000Z</time></trkpt>
      <trkpt lat="53.452736" lon="-1.856974"><ele>582.0</ele><time>2026-03-28T12:00:28.000Z</time></trkpt>
      <trkpt lat="53.452736" lon="-1.856976"><ele>581.6</ele><time>2026-03-28T12:00:29.000Z</time></trkpt>
      <trkpt lat="53.452732" lon="-1.856961"><ele>581.8</ele><time>2026-03-28T12:00:30.000Z</time></trkpt>
      <trkpt lat="53.452732" lon="-1.856949"><ele>581.2</ele><time>2026-03-28T12:00:31.000Z</time></trkpt>
      <trkpt lat="53.452732" lon="-1.856931"><ele>581.8</ele><time>2026-03-28T12:00:32.000Z</time></trkpt>
      <trkpt lat="53.452724" lon="-1.856911"><ele>581.8</ele><time>2026-03-28T12:00:33.000Z</time></trkpt>
      <trkpt lat="53.452720" lon="-1.856909"><ele>580.8</ele><time>2026-03-28T12:00:34.000Z</time></trkpt>
      <trkpt lat="53.452713" lon="-1.856896"><ele>580.6</ele><time>2026-03-28T12:00:35.000Z</time></trkpt>
      <trkpt lat="53.452700" lon="-1.856894"><ele>580.6</ele><time>2026-03-28T12:00:36.000Z</time></trkpt>
      <trkpt lat="53.452700" lon="-1.856902"><ele>581.2</ele><time>2026-03-28T12:00:37.000Z</time></trkpt>
      <trkpt lat="53.452694" lon="-1.856885"><ele>580.2</ele><time>2026-03-28T12:00:38.000Z</time></trkpt>
      <trkpt lat="53.452694" lon="-1.856856"><ele>580.2</ele><time>2026-03-28T12:00:39.000Z</time></trkpt>
      <trkpt lat="53.452686" lon="-1.856843"><ele>580.8</ele><time>2026-03-28T12:00:40.000Z</time></trkpt>
      <trkpt lat="53.452682" lon="-1.856836"><ele>580.6</ele><time>2026-03-28T12:00:41.000Z</time></trkpt>
      <trkpt lat="53.452680" lon="-1.856814"><ele>581.0</ele><time>2026-03-28T12:00:42.000Z</time></trkpt>
      <trkpt lat="53.452675" lon="-1.856790"><ele>580.8</ele><time>2026-03-28T12:00:43.000Z</time></trkpt>
      <trkpt lat="53.452667" lon="-1.856777"><ele>581.0</ele><time>2026-03-28T12:00:44.000Z</time></trkpt>
      <trkpt lat="53.452656" lon="-1.856768"><ele>580.2</ele><time>2026-03-28T12:00:45.000Z</time></trkpt>
      <trkpt lat="53.452644" lon="-1.856763"><ele>580.2</ele><time>2026-03-28T12:00:46.000Z</time></trkpt>
      <trkpt lat="53.452644" lon="-1.856772"><ele>580.2</ele><time>2026-03-28T12:00:47.000Z</time></trkpt>
      <trkpt lat="53.452640" lon="-1.856773"><ele>580.0</ele><time>2026-03-28T12:00:48.000Z</time></trkpt>
      <trkpt lat="53.452637" lon="-1.856770"><ele>580.6</ele><time>2026-03-28T12:00:49.000Z</time></trkpt>
      <trkpt lat="53.452633" lon="-1.856764"><ele>580.4</ele><time>2026-03-28T12:00:50.000Z</time></trkpt>
      <trkpt lat="53.452625" lon="-1.856763"><ele>580.0</ele><time>2026-03-28T12:00:51.000Z</time></trkpt>
      <trkpt lat="53.452614" lon="-1.856760"><ele>579.8</ele><time>2026-03-28T12:00:52.000Z</time></trkpt>
      <trkpt lat="53.452606" lon="-1.856760"><ele>579.8</ele><time>2026-03-28T12:00:53.000Z</time></trkpt>
      <trkpt lat="53.452606" lon="-1.856745"><ele>579.4</ele><time>2026-03-28T12:00:54.000Z</time></trkpt>
      <trkpt lat="53.452590" lon="-1.856732"><ele>579.6</ele><time>2026-03-28T12:00:55.000Z</time></trkpt>
      <trkpt lat="53.452587" lon="-1.856737"><ele>579.6</ele><time>2026-03-28T12:00:56.000Z</time></trkpt>
      <trkpt lat="53.452570" lon="-1.856739"><ele>579.6</ele><time>2026-03-28T12:00:57.000Z</time></trkpt>
      <trkpt lat="53.452564" lon="-1.856739"><ele>579.6</ele><time>2026-03-28T12:00:58.000Z</time></trkpt>
      <trkpt lat="53.452560" lon="-1.856728"><ele>579.8</ele><time>2026-03-28T12:00:59.000Z</time></trkpt>
      <trkpt lat="53.452550" lon="-1.856723"><ele>579.8</ele><time>2026-03-28T12:01:00.000Z</time></trkpt>
      <trkpt lat="53.452540" lon="-1.856724"><ele>579.4</ele><time>2026-03-28T12:01:01.000Z</time></trkpt>
      <trkpt lat="53.452540" lon="-1.856715"><ele>579.4</ele><time>2026-03-28T12:01:02.000Z</time></trkpt>
      <trkpt lat="53.452538" lon="-1.856704"><ele>579.6</ele><time>2026-03-28T12:01:03.000Z</time></trkpt>
      <trkpt lat="53.452530" lon="-1.856693"><ele>579.6</ele><time>2026-03-28T12:01:04.000Z</time></trkpt>
      <trkpt lat="53.452530" lon="-1.856691"><ele>578.8</ele><time>2026-03-28T12:01:05.000Z</time></trkpt>
      <trkpt lat="53.452534" lon="-1.856696"><ele>579.2</ele><time>2026-03-28T12:01:06.000Z</time></trkpt>
      <trkpt lat="53.452534" lon="-1.856696"><ele>579.2</ele><time>2026-03-28T12:01:07.000Z</time></trkpt>
      <trkpt lat="53.452534" lon="-1.856694"><ele>579.2</ele><time>2026-03-28T12:01:08.000Z</time></trkpt>
      <trkpt lat="53.452530" lon="-1.856690"><ele>579.2</ele><time>2026-03-28T12:01:09.000Z</time></trkpt>
      <trkpt lat="53.452530" lon="-1.856698"><ele>579.2</ele><time>2026-03-28T12:01:10.000Z</time></trkpt>
      <trkpt lat="53.452530" lon="-1.856700"><ele>579.2</ele><time>2026-03-28T12:01:11.000Z</time></trkpt>
      <trkpt lat="53.452530" lon="-1.856693"><ele>579.2</ele><time>2026-03-28T12:01:12.000Z</time></trkpt>
      <trkpt lat="53.452526" lon="-1.856690"><ele>579.4</ele><time>2026-03-28T12:01:13.000Z</time></trkpt>
      <trkpt lat="53.452520" lon="-1.856677"><ele>579.4</ele><time>2026-03-28T12:01:14.000Z</time></trkpt>
      <trkpt lat="53.452515" lon="-1.856668"><ele>579.2</ele><time>2026-03-28T12:01:15.000Z</time></trkpt>
      <trkpt lat="53.452510" lon="-1.856653"><ele>579.6</ele><time>2026-03-28T12:01:16.000Z</time></trkpt>
      <trkpt lat="53.452507" lon="-1.856638"><ele>578.6</ele><time>2026-03-28T12:01:17.000Z</time></trkpt>
      <trkpt lat="53.452500" lon="-1.856632"><ele>578.6</ele><time>2026-03-28T12:01:18.000Z</time></trkpt>
      <trkpt lat="53.452500" lon="-1.856628"><ele>578.2</ele><time>2026-03-28T12:01:19.000Z</time></trkpt>
      <trkpt lat="53.452496" lon="-1.856606"><ele>578.6</ele><time>2026-03-28T12:01:20.000Z</time></trkpt>
      <trkpt lat="53.452490" lon="-1.856583"><ele>578.6</ele><time>2026-03-28T12:01:21.000Z</time></trkpt>
      <trkpt lat="53.452480" lon="-1.856567"><ele>578.0</ele><time>2026-03-28T12:01:22.000Z</time></trkpt>
      <trkpt lat="53.452470" lon="-1.856565"><ele>578.2</ele><time>2026-03-28T12:01:23.000Z</time></trkpt>
      <trkpt lat="53.452457" lon="-1.856555"><ele>578.0</ele><time>2026-03-28T12:01:24.000Z</time></trkpt>
      <trkpt lat="53.452450" lon="-1.856555"><ele>578.6</ele><time>2026-03-28T12:01:25.000Z</time></trkpt>
      <trkpt lat="53.452435" lon="-1.856549"><ele>578.6</ele><time>2026-03-28T12:01:26.000Z</time></trkpt>
      <trkpt lat="53.452427" lon="-1.856546"><ele>579.2</ele><time>2026-03-28T12:01:27.000Z</time></trkpt>
      <trkpt lat="53.452423" lon="-1.856540"><ele>578.4</ele><time>2026-03-28T12:01:28.000Z</time></trkpt>
      <trkpt lat="53.452410" lon="-1.856537"><ele>578.0</ele><time>2026-03-28T12:01:29.000Z</time></trkpt>
      <trkpt lat="53.452400" lon="-1.856537"><ele>578.6</ele><time>2026-03-28T12:01:30.000Z</time></trkpt>
      <trkpt lat="53.452396" lon="-1.856541"><ele>578.2</ele><time>2026-03-28T12:01:31.000Z</time></trkpt>
      <trkpt lat="53.452385" lon="-1.856546"><ele>578.0</ele><time>2026-03-28T12:01:32.000Z</time></trkpt>
      <trkpt lat="53.452374" lon="-1.856553"><ele>578.2</ele><time>2026-03-28T12:01:33.000Z</time></trkpt>
      <trkpt lat="53.452362" lon="-1.856542"><ele>578.4</ele><time>2026-03-28T12:01:34.000Z</time></trkpt>
      <trkpt lat="53.452354" lon="-1.856530"><ele>578.4</ele><time>2026-03-28T12:01:35.000Z</time></trkpt>
      <trkpt lat="53.452343" lon="-1.856523"><ele>578.4</ele><time>2026-03-28T12:01:36.000Z</time></trkpt>
      <trkpt lat="53.452340" lon="-1.856518"><ele>579.0</ele><time>2026-03-28T12:01:37.000Z</time></trkpt>
      <trkpt lat="53.452330" lon="-1.856510"><ele>579.0</ele><time>2026-03-28T12:01:38.000Z</time></trkpt>
      <trkpt lat="53.452328" lon="-1.856502"><ele>579.4</ele><time>2026-03-28T12:01:39.000Z</time></trkpt>
      <trkpt lat="53.452316" lon="-1.856489"><ele>579.6</ele><time>2026-03-28T12:01:40.000Z</time></trkpt>
      <trkpt lat="53.452305" lon="-1.856480"><ele>579.6</ele><time>2026-03-28T12:01:41.000Z</time></trkpt>
      <trkpt lat="53.452300" lon="-1.856485"><ele>578.8</ele><time>2026-03-28T12:01:42.000Z</time></trkpt>
      <trkpt lat="53.452297" lon="-1.856489"><ele>579.2</ele><time>2026-03-28T12:01:43.000Z</time></trkpt>
      <trkpt lat="53.452297" lon="-1.856482"><ele>579.8</ele><time>2026-03-28T12:01:44.000Z</time></trkpt>
      <trkpt lat="53.452297" lon="-1.856487"><ele>579.6</ele><time>2026-03-28T12:01:45.000Z</time></trkpt>
      <trkpt lat="53.452293" lon="-1.856479"><ele>579.8</ele><time>2026-03-28T12:01:46.000Z</time></trkpt>
      <trkpt lat="53.452290" lon="-1.856461"><ele>580.2</ele><time>2026-03-28T12:01:47.000Z</time></trkpt>
      <trkpt lat="53.452280" lon="-1.856448"><ele>579.4</ele><time>2026-03-28T12:01:48.000Z</time></trkpt>
      <trkpt lat="53.452270" lon="-1.856440"><ele>578.8</ele><time>2026-03-28T12:01:49.000Z</time></trkpt>
      <trkpt lat="53.452270" lon="-1.856442"><ele>578.4</ele><time>2026-03-28T12:01:50.000Z</time></trkpt>
      <trkpt lat="53.452260" lon="-1.856436"><ele>577.8</ele><time>2026-03-28T12:01:51.000Z</time></trkpt>
      <trkpt lat="53.452244" lon="-1.856435"><ele>578.0</ele><time>2026-03-28T12:01:52.000Z</time></trkpt>
      <trkpt lat="53.452244" lon="-1.856434"><ele>577.8</ele><time>2026-03-28T12:01:53.000Z</time></trkpt>
      <trkpt lat="53.452240" lon="-1.856437"><ele>578.0</ele><time>2026-03-28T12:01:54.000Z</time></trkpt>
      <trkpt lat="53.452240" lon="-1.856428"><ele>578.0</ele><time>2026-03-28T12:01:55.000Z</time></trkpt>
      <trkpt lat="53.452232" lon="-1.856403"><ele>578.4</ele><time>2026-03-28T12:01:56.000Z</time></trkpt>
      <trkpt lat="53.452225" lon="-1.856388"><ele>578.2</ele><time>2026-03-28T12:01:57.000Z</time></trkpt>
      <trkpt lat="53.452210" lon="-1.856383"><ele>577.8</ele><time>2026-03-28T12:01:58.000Z</time></trkpt>
      <trkpt lat="53.452210" lon="-1.856386"><ele>577.4</ele><time>2026-03-28T12:01:59.000Z</time></trkpt>
      <trkpt lat="53.452198" lon="-1.856386"><ele>577.2</ele><time>2026-03-28T12:02:00.000Z</time></trkpt>
      <trkpt lat="53.452190" lon="-1.856376"><ele>577.6</ele><time>2026-03-28T12:02:01.000Z</time></trkpt>
      <trkpt lat="53.452183" lon="-1.856379"><ele>577.2</ele><time>2026-03-28T12:02:02.000Z</time></trkpt>
      <trkpt lat="53.452175" lon="-1.856364"><ele>577.8</ele><time>2026-03-28T12:02:03.000Z</time></trkpt>
      <trkpt lat="53.452170" lon="-1.856352"><ele>577.8</ele><time>2026-03-28T12:02:04.000Z</time></trkpt>
      <trkpt lat="53.452164" lon="-1.856334"><ele>577.8</ele><time>2026-03-28T12:02:05.000Z</time></trkpt>
      <trkpt lat="53.452160" lon="-1.856327"><ele>577.2</ele><time>2026-03-28T12:02:06.000Z</time></trkpt>
      <trkpt lat="53.452160" lon="-1.856320"><ele>578.2</ele><time>2026-03-28T12:02:07.000Z</time></trkpt>
      <trkpt lat="53.452150" lon="-1.856299"><ele>578.0</ele><time>2026-03-28T12:02:08.000Z</time></trkpt>
      <trkpt lat="53.452140" lon="-1.856295"><ele>577.2</ele><time>2026-03-28T12:02:09.000Z</time></trkpt>
      <trkpt lat="53.452140" lon="-1.856286"><ele>576.8</ele><time>2026-03-28T12:02:10.000Z</time></trkpt>
      <trkpt lat="53.452133" lon="-1.856288"><ele>577.0</ele><time>2026-03-28T12:02:11.000Z</time></trkpt>
      <trkpt lat="53.452133" lon="-1.856290"><ele>576.6</ele><time>2026-03-28T12:02:12.000Z</time></trkpt>
      <trkpt lat="53.452133" lon="-1.856285"><ele>576.4</ele><time>2026-03-28T12:02:13.000Z</time></trkpt>
      <trkpt lat="53.452130" lon="-1.856274"><ele>576.4</ele><time>2026-03-28T12:02:14.000Z</time></trkpt>
      <trkpt lat="53.452126" lon="-1.856272"><ele>575.8</ele><time>2026-03-28T12:02:15.000Z</time></trkpt>
      <trkpt lat="53.452118" lon="-1.856266"><ele>575.8</ele><time>2026-03-28T12:02:16.000Z</time></trkpt>
      <trkpt lat="53.452120" lon="-1.856264"><ele>575.4</ele><time>2026-03-28T12:02:17.000Z</time></trkpt>
      <trkpt lat="53.452110" lon="-1.856257"><ele>575.4</ele><time>2026-03-28T12:02:18.000Z</time></trkpt>
      <trkpt lat="53.452106" lon="-1.856245"><ele>575.4</ele><time>2026-03-28T12:02:19.000Z</time></trkpt>
      <trkpt lat="53.452103" lon="-1.856234"><ele>575.2</ele><time>2026-03-28T12:02:20.000Z</time></trkpt>
      <trkpt lat="53.452103" lon="-1.856224"><ele>575.2</ele><time>2026-03-28T12:02:21.000Z</time></trkpt>
      <trkpt lat="53.452100" lon="-1.856219"><ele>575.0</ele><time>2026-03-28T12:02:22.000Z</time></trkpt>
      <trkpt lat="53.452090" lon="-1.856211"><ele>574.6</ele><time>2026-03-28T12:02:23.000Z</time></trkpt>
      <trkpt lat="53.452087" lon="-1.856203"><ele>574.4</ele><time>2026-03-28T12:02:24.000Z</time></trkpt>
      <trkpt lat="53.452076" lon="-1.856199"><ele>574.4</ele><time>2026-03-28T12:02:25.000Z</time></trkpt>
      <trkpt lat="53.452070" lon="-1.856198"><ele>574.6</ele><time>2026-03-28T12:02:26.000Z</time></trkpt>
      <trkpt lat="53.452057" lon="-1.856195"><ele>574.6</ele><time>2026-03-28T12:02:27.000Z</time></trkpt>
      <trkpt lat="53.452045" lon="-1.856187"><ele>574.8</ele><time>2026-03-28T12:02:28.000Z</time></trkpt>
      <trkpt lat="53.452034" lon="-1.856184"><ele>575.0</ele><time>2026-03-28T12:02:29.000Z</time></trkpt>
      <trkpt lat="53.452030" lon="-1.856174"><ele>574.6</ele><time>2026-03-28T12:02:30.000Z</time></trkpt>
      <trkpt lat="53.452023" lon="-1.856167"><ele>574.2</ele><time>2026-03-28T12:02:31.000Z</time></trkpt>
      <trkpt lat="53.452007" lon="-1.856162"><ele>574.2</ele><time>2026-03-28T12:02:32.000Z</time></trkpt>
      <trkpt lat="53.452000" lon="-1.856165"><ele>574.4</ele><time>2026-03-28T12:02:33.000Z</time></trkpt>
      <trkpt lat="53.451992" lon="-1.856167"><ele>573.8</ele><time>2026-03-28T12:02:34.000Z</time></trkpt>
      <trkpt lat="53.451984" lon="-1.856164"><ele>574.8</ele><time>2026-03-28T12:02:35.000Z</time></trkpt>
      <trkpt lat="53.451977" lon="-1.856167"><ele>574.2</ele><time>2026-03-28T12:02:36.000Z</time></trkpt>
      <trkpt lat="53.451970" lon="-1.856172"><ele>574.0</ele><time>2026-03-28T12:02:37.000Z</time></trkpt>
      <trkpt lat="53.451965" lon="-1.856167"><ele>574.2</ele><time>2026-03-28T12:02:38.000Z</time></trkpt>
      <trkpt lat="53.451960" lon="-1.856155"><ele>574.4</ele><time>2026-03-28T12:02:39.000Z</time></trkpt>
      <trkpt lat="53.451954" lon="-1.856140"><ele>574.6</ele><time>2026-03-28T12:02:40.000Z</time></trkpt>
      <trkpt lat="53.451950" lon="-1.856128"><ele>575.0</ele><time>2026-03-28T12:02:41.000Z</time></trkpt>
      <trkpt lat="53.451942" lon="-1.856117"><ele>574.2</ele><time>2026-03-28T12:02:42.000Z</time></trkpt>
      <trkpt lat="53.451940" lon="-1.856109"><ele>574.0</ele><time>2026-03-28T12:02:43.000Z</time></trkpt>
      <trkpt lat="53.451930" lon="-1.856102"><ele>574.2</ele><time>2026-03-28T12:02:44.000Z</time></trkpt>
      <trkpt lat="53.451923" lon="-1.856101"><ele>574.0</ele><time>2026-03-28T12:02:45.000Z</time></trkpt>
      <trkpt lat="53.451923" lon="-1.856100"><ele>574.2</ele><time>2026-03-28T12:02:46.000Z</time></trkpt>
      <trkpt lat="53.451910" lon="-1.856100"><ele>574.0</ele><time>2026-03-28T12:02:47.000Z</time></trkpt>
      <trkpt lat="53.451893" lon="-1.856105"><ele>574.0</ele><time>2026-03-28T12:02:48.000Z</time></trkpt>
      <trkpt lat="53.451880" lon="-1.856115"><ele>574.2</ele><time>2026-03-28T12:02:49.000Z</time></trkpt>
      <trkpt lat="53.451880" lon="-1.856105"><ele>573.8</ele><time>2026-03-28T12:02:50.000Z</time></trkpt>
      <trkpt lat="53.451870" lon="-1.856098"><ele>574.0</ele><time>2026-03-28T12:02:51.000Z</time></trkpt>
      <trkpt lat="53.451862" lon="-1.856096"><ele>574.0</ele><time>2026-03-28T12:02:52.000Z</time></trkpt>
      <trkpt lat="53.451855" lon="-1.856091"><ele>574.4</ele><time>2026-03-28T12:02:53.000Z</time></trkpt>
      <trkpt lat="53.451847" lon="-1.856087"><ele>574.8</ele><time>2026-03-28T12:02:54.000Z</time></trkpt>
      <trkpt lat="53.451850" lon="-1.856090"><ele>574.4</ele><time>2026-03-28T12:02:55.000Z</time></trkpt>
      <trkpt lat="53.451850" lon="-1.856082"><ele>574.2</ele><time>2026-03-28T12:02:56.000Z</time></trkpt>
      <trkpt lat="53.451850" lon="-1.856074"><ele>574.4</ele><time>2026-03-28T12:02:57.000Z</time></trkpt>
      <trkpt lat="53.451850" lon="-1.856043"><ele>574.4</ele><time>2026-03-28T12:02:58.000Z</time></trkpt>
      <trkpt lat="53.451840" lon="-1.856010"><ele>574.2</ele><time>2026-03-28T12:02:59.000Z</time></trkpt>
      <trkpt lat="53.451836" lon="-1.856007"><ele>574.4</ele><time>2026-03-28T12:03:00.000Z</time></trkpt>
      <trkpt lat="53.451828" lon="-1.856004"><ele>574.0</ele><time>2026-03-28T12:03:01.000Z</time></trkpt>
      <trkpt lat="53.451817" lon="-1.855985"><ele>573.6</ele><time>2026-03-28T12:03:02.000Z</time></trkpt>
      <trkpt lat="53.451810" lon="-1.855983"><ele>573.2</ele><time>2026-03-28T12:03:03.000Z</time></trkpt>
      <trkpt lat="53.451800" lon="-1.855973"><ele>573.2</ele><time>2026-03-28T12:03:04.000Z</time></trkpt>
      <trkpt lat="53.451800" lon="-1.855959"><ele>573.2</ele><time>2026-03-28T12:03:05.000Z</time></trkpt>
      <trkpt lat="53.451797" lon="-1.855945"><ele>573.2</ele><time>2026-03-28T12:03:06.000Z</time></trkpt>
      <trkpt lat="53.451794" lon="-1.855930"><ele>573.2</ele><time>2026-03-28T12:03:07.000Z</time></trkpt>
      <trkpt lat="53.451794" lon="-1.855921"><ele>573.0</ele><time>2026-03-28T12:03:08.000Z</time></trkpt>
      <trkpt lat="53.451794" lon="-1.855909"><ele>572.8</ele><time>2026-03-28T12:03:09.000Z</time></trkpt>
      <trkpt lat="53.451782" lon="-1.855891"><ele>573.0</ele><time>2026-03-28T12:03:10.000Z</time></trkpt>
      <trkpt lat="53.451775" lon="-1.855887"><ele>573.2</ele><time>2026-03-28T12:03:11.000Z</time></trkpt>
      <trkpt lat="53.451763" lon="-1.855886"><ele>573.0</ele><time>2026-03-28T12:03:12.000Z</time></trkpt>
      <trkpt lat="53.451760" lon="-1.855889"><ele>573.4</ele><time>2026-03-28T12:03:13.000Z</time></trkpt>
      <trkpt lat="53.451763" lon="-1.855893"><ele>573.6</ele><time>2026-03-28T12:03:14.000Z</time></trkpt>
      <trkpt lat="53.451763" lon="-1.855891"><ele>573.6</ele><time>2026-03-28T12:03:15.000Z</time></trkpt>
      <trkpt lat="53.451763" lon="-1.855892"><ele>573.6</ele><time>2026-03-28T12:03:16.000Z</time></trkpt>
      <trkpt lat="53.451760" lon="-1.855889"><ele>573.6</ele><time>2026-03-28T12:03:17.000Z</time></trkpt>
      <trkpt lat="53.451748" lon="-1.855875"><ele>573.6</ele><time>2026-03-28T12:03:18.000Z</time></trkpt>
      <trkpt lat="53.451736" lon="-1.855865"><ele>573.6</ele><time>2026-03-28T12:03:19.000Z</time></trkpt>
      <trkpt lat="53.451730" lon="-1.855861"><ele>573.0</ele><time>2026-03-28T12:03:20.000Z</time></trkpt>
      <trkpt lat="53.451730" lon="-1.855857"><ele>573.0</ele><time>2026-03-28T12:03:21.000Z</time></trkpt>
      <trkpt lat="53.451720" lon="-1.855857"><ele>573.0</ele><time>2026-03-28T12:03:22.000Z</time></trkpt>
      <trkpt lat="53.451714" lon="-1.855847"><ele>573.2</ele><time>2026-03-28T12:03:23.000Z</time></trkpt>
      <trkpt lat="53.451706" lon="-1.855840"><ele>573.6</ele><time>2026-03-28T12:03:24.000Z</time></trkpt>
      <trkpt lat="53.451700" lon="-1.855835"><ele>574.0</ele><time>2026-03-28T12:03:25.000Z</time></trkpt>
      <trkpt lat="53.451687" lon="-1.855828"><ele>573.4</ele><time>2026-03-28T12:03:26.000Z</time></trkpt>
      <trkpt lat="53.451680" lon="-1.855820"><ele>573.8</ele><time>2026-03-28T12:03:27.000Z</time></trkpt>
      <trkpt lat="53.451675" lon="-1.855815"><ele>574.0</ele><time>2026-03-28T12:03:28.000Z</time></trkpt>
      <trkpt lat="53.451668" lon="-1.855791"><ele>573.4</ele><time>2026-03-28T12:03:29.000Z</time></trkpt>
      <trkpt lat="53.451664" lon="-1.855780"><ele>574.4</ele><time>2026-03-28T12:03:30.000Z</time></trkpt>
      <trkpt lat="53.451660" lon="-1.855779"><ele>574.6</ele><time>2026-03-28T12:03:31.000Z</time></trkpt>
      <trkpt lat="53.451660" lon="-1.855776"><ele>574.4</ele><time>2026-03-28T12:03:32.000Z</time></trkpt>
      <trkpt lat="53.451660" lon="-1.855784"><ele>573.8</ele><time>2026-03-28T12:03:33.000Z</time></trkpt>
      <trkpt lat="53.451660" lon="-1.855782"><ele>574.0</ele><time>2026-03-28T12:03:34.000Z</time></trkpt>
      <trkpt lat="53.451656" lon="-1.855780"><ele>573.8</ele><time>2026-03-28T12:03:35.000Z</time></trkpt>
      <trkpt lat="53.451656" lon="-1.855775"><ele>574.0</ele><time>2026-03-28T12:03:36.000Z</time></trkpt>
      <trkpt lat="53.451656" lon="-1.855780"><ele>574.0</ele><time>2026-03-28T12:03:37.000Z</time></trkpt>
      <trkpt lat="53.451660" lon="-1.855776"><ele>573.6</ele><time>2026-03-28T12:03:38.000Z</time></trkpt>
      <trkpt lat="53.451660" lon="-1.855769"><ele>573.4</ele><time>2026-03-28T12:03:39.000Z</time></trkpt>
      <trkpt lat="53.451660" lon="-1.855770"><ele>573.6</ele><time>2026-03-28T12:03:40.000Z</time></trkpt>
      <trkpt lat="53.451660" lon="-1.855765"><ele>573.4</ele><time>2026-03-28T12:03:41.000Z</time></trkpt>
      <trkpt lat="53.451660" lon="-1.855762"><ele>573.4</ele><time>2026-03-28T12:03:42.000Z</time></trkpt>
      <trkpt lat="53.451660" lon="-1.855761"><ele>573.4</ele><time>2026-03-28T12:03:43.000Z</time></trkpt>
      <trkpt lat="53.451660" lon="-1.855759"><ele>573.6</ele><time>2026-03-28T12:03:44.000Z</time></trkpt>
      <trkpt lat="53.451660" lon="-1.855756"><ele>573.4</ele><time>2026-03-28T12:03:45.000Z</time></trkpt>
      <trkpt lat="53.451660" lon="-1.855755"><ele>573.4</ele><time>2026-03-28T12:03:46.000Z</time></trkpt>
      <trkpt lat="53.451660" lon="-1.855753"><ele>573.4</ele><time>2026-03-28T12:03:47.000Z</time></trkpt>
      <trkpt lat="53.451664" lon="-1.855751"><ele>573.4</ele><time>2026-03-28T12:03:48.000Z</time></trkpt>
      <trkpt lat="53.451664" lon="-1.855751"><ele>573.4</ele><time>2026-03-28T12:03:49.000Z</time></trkpt>
      <trkpt lat="53.451664" lon="-1.855752"><ele>573.4</ele><time>2026-03-28T12:03:50.000Z</time></trkpt>
      <trkpt lat="53.451664" lon="-1.855752"><ele>573.4</ele><time>2026-03-28T12:03:51.000Z</time></trkpt>
      <trkpt lat="53.451664" lon="-1.855753"><ele>573.6</ele><time>2026-03-28T12:03:52.000Z</time></trkpt>
      <trkpt lat="53.451664" lon="-1.855753"><ele>573.6</ele><time>2026-03-28T12:03:53.000Z</time></trkpt>
      <trkpt lat="53.451664" lon="-1.855754"><ele>573.8</ele><time>2026-03-28T12:03:54.000Z</time></trkpt>
      <trkpt lat="53.451664" lon="-1.855755"><ele>573.6</ele><time>2026-03-28T12:03:55.000Z</time></trkpt>
      <trkpt lat="53.451660" lon="-1.855754"><ele>573.6</ele><time>2026-03-28T12:03:56.000Z</time></trkpt>
      <trkpt lat="53.451664" lon="-1.855753"><ele>573.6</ele><time>2026-03-28T12:03:57.000Z</time></trkpt>
      <trkpt lat="53.451664" lon="-1.855753"><ele>573.6</ele><time>2026-03-28T12:03:58.000Z</time></trkpt>
      <trkpt lat="53.451664" lon="-1.855754"><ele>574.0</ele><time>2026-03-28T12:03:59.000Z</time></trkpt>
      <trkpt lat="53.451664" lon="-1.855754"><ele>574.0</ele><time>2026-03-28T12:04:00.000Z</time></trkpt>
      <trkpt lat="53.451664" lon="-1.855754"><ele>574.0</ele><time>2026-03-28T12:04:01.000Z</time></trkpt>
      <trkpt lat="53.451664" lon="-1.855754"><ele>574.0</ele><time>2026-03-28T12:04:02.000Z</time></trkpt>
      <trkpt lat="53.451660" lon="-1.855757"><ele>574.2</ele><time>2026-03-28T12:04:03.000Z</time></trkpt>
      <trkpt lat="53.451660" lon="-1.855758"><ele>574.2</ele><time>2026-03-28T12:04:04.000Z</time></trkpt>
      <trkpt lat="53.451660" lon="-1.855759"><ele>574.4</ele><time>2026-03-28T12:04:05.000Z</time></trkpt>
      <trkpt lat="53.451660" lon="-1.855760"><ele>574.4</ele><time>2026-03-28T12:04:06.000Z</time></trkpt>
      <trkpt lat="53.451660" lon="-1.855760"><ele>574.4</ele><time>2026-03-28T12:04:07.000Z</time></trkpt>
      <trkpt lat="53.451660" lon="-1.855760"><ele>574.4</ele><time>2026-03-28T12:04:08.000Z</time></trkpt>
      <trkpt lat="53.451660" lon="-1.855763"><ele>574.4</ele><time>2026-03-28T12:04:09.000Z</time></trkpt>
      <trkpt lat="53.451660" lon="-1.855763"><ele>574.4</ele><time>2026-03-28T12:04:10.000Z</time></trkpt>
      <trkpt lat="53.451660" lon="-1.855763"><ele>574.4</ele><time>2026-03-28T12:04:11.000Z</time></trkpt>
      <trkpt lat="53.451660" lon="-1.855763"><ele>574.4</ele><time>2026-03-28T12:04:12.000Z</time></trkpt>
      <trkpt lat="53.451660" lon="-1.855767"><ele>574.2</ele><time>2026-03-28T12:04:13.000Z</time></trkpt>
      <trkpt lat="53.451660" lon="-1.855767"><ele>574.0</ele><time>2026-03-28T12:04:14.000Z</time></trkpt>
      <trkpt lat="53.451660" lon="-1.855766"><ele>574.0</ele><time>2026-03-28T12:04:15.000Z</time></trkpt>
      <trkpt lat="53.451660" lon="-1.855767"><ele>573.8</ele><time>2026-03-28T12:04:16.000Z</time></trkpt>
      <trkpt lat="53.451664" lon="-1.855769"><ele>573.6</ele><time>2026-03-28T12:04:17.000Z</time></trkpt>
      <trkpt lat="53.451664" lon="-1.855771"><ele>573.4</ele><time>2026-03-28T12:04:18.000Z</time></trkpt>
      <trkpt lat="53.451664" lon="-1.855770"><ele>573.4</ele><time>2026-03-28T12:04:19.000Z</time></trkpt>
      <trkpt lat="53.451664" lon="-1.855770"><ele>573.4</ele><time>2026-03-28T12:04:20.000Z</time></trkpt>
      <trkpt lat="53.451664" lon="-1.855770"><ele>573.2</ele><time>2026-03-28T12:04:21.000Z</time></trkpt>
      <trkpt lat="53.451664" lon="-1.855770"><ele>573.2</ele><time>2026-03-28T12:04:22.000Z</time></trkpt>
      <trkpt lat="53.451664" lon="-1.855770"><ele>573.0</ele><time>2026-03-28T12:04:23.000Z</time></trkpt>
      <trkpt lat="53.451664" lon="-1.855768"><ele>573.0</ele><time>2026-03-28T12:04:24.000Z</time></trkpt>
      <trkpt lat="53.451664" lon="-1.855767"><ele>573.0</ele><time>2026-03-28T12:04:25.000Z</time></trkpt>
      <trkpt lat="53.451664" lon="-1.855768"><ele>573.2</ele><time>2026-03-28T12:04:26.000Z</time></trkpt>
      <trkpt lat="53.451664" lon="-1.855768"><ele>573.0</ele><time>2026-03-28T12:04:27.000Z</time></trkpt>
      <trkpt lat="53.451664" lon="-1.855767"><ele>573.0</ele><time>2026-03-28T12:04:28.000Z</time></trkpt>
      <trkpt lat="53.451664" lon="-1.855766"><ele>573.2</ele><time>2026-03-28T12:04:29.000Z</time></trkpt>
      <trkpt lat="53.451664" lon="-1.855765"><ele>573.2</ele><time>2026-03-28T12:04:30.000Z</time></trkpt>
      <trkpt lat="53.451664" lon="-1.855765"><ele>573.0</ele><time>2026-03-28T12:04:31.000Z</time></trkpt>
      <trkpt lat="53.451664" lon="-1.855765"><ele>573.2</ele><time>2026-03-28T12:04:32.000Z</time></trkpt>
      <trkpt lat="53.451664" lon="-1.855765"><ele>573.0</ele><time>2026-03-28T12:04:33.000Z</time></trkpt>
      <trkpt lat="53.451664" lon="-1.855766"><ele>573.0</ele><time>2026-03-28T12:04:34.000Z</time></trkpt>
      <trkpt lat="53.451664" lon="-1.855765"><ele>573.0</ele><time>2026-03-28T12:04:35.000Z</time></trkpt>
      <trkpt lat="53.451664" lon="-1.855762"><ele>573.2</ele><time>2026-03-28T12:04:36.000Z</time></trkpt>
      <trkpt lat="53.451664" lon="-1.855760"><ele>573.0</ele><time>2026-03-28T12:04:37.000Z</time></trkpt>
      <trkpt lat="53.451664" lon="-1.855760"><ele>573.0</ele><time>2026-03-28T12:04:38.000Z</time></trkpt>
      <trkpt lat="53.451660" lon="-1.855760"><ele>573.0</ele><time>2026-03-28T12:04:39.000Z</time></trkpt>
      <trkpt lat="53.451660" lon="-1.855760"><ele>572.8</ele><time>2026-03-28T12:04:40.000Z</time></trkpt>
      <trkpt lat="53.451660" lon="-1.855758"><ele>572.8</ele><time>2026-03-28T12:04:41.000Z</time></trkpt>
      <trkpt lat="53.451660" lon="-1.855757"><ele>573.0</ele><time>2026-03-28T12:04:42.000Z</time></trkpt>
      <trkpt lat="53.451660" lon="-1.855756"><ele>573.0</ele><time>2026-03-28T12:04:43.000Z</time></trkpt>
      <trkpt lat="53.451660" lon="-1.855753"><ele>573.0</ele><time>2026-03-28T12:04:44.000Z</time></trkpt>
      <trkpt lat="53.451660" lon="-1.855753"><ele>573.2</ele><time>2026-03-28T12:04:45.000Z</time></trkpt>
      <trkpt lat="53.451656" lon="-1.855752"><ele>573.2</ele><time>2026-03-28T12:04:46.000Z</time></trkpt>
      <trkpt lat="53.451656" lon="-1.855752"><ele>573.2</ele><time>2026-03-28T12:04:47.000Z</time></trkpt>
      <trkpt lat="53.451656" lon="-1.855748"><ele>573.2</ele><time>2026-03-28T12:04:48.000Z</time></trkpt>
      <trkpt lat="53.451660" lon="-1.855751"><ele>573.4</ele><time>2026-03-28T12:04:49.000Z</time></trkpt>
      <trkpt lat="53.451660" lon="-1.855751"><ele>573.6</ele><time>2026-03-28T12:04:50.000Z</time></trkpt>
      <trkpt lat="53.451660" lon="-1.855753"><ele>573.2</ele><time>2026-03-28T12:04:51.000Z</time></trkpt>
      <trkpt lat="53.451660" lon="-1.855756"><ele>573.2</ele><time>2026-03-28T12:04:52.000Z</time></trkpt>
      <trkpt lat="53.451660" lon="-1.855753"><ele>573.4</ele><time>2026-03-28T12:04:53.000Z</time></trkpt>
      <trkpt lat="53.451660" lon="-1.855755"><ele>573.2</ele><time>2026-03-28T12:04:54.000Z</time></trkpt>
      <trkpt lat="53.451660" lon="-1.855755"><ele>573.0</ele><time>2026-03-28T12:04:55.000Z</time></trkpt>
      <trkpt lat="53.451664" lon="-1.855762"><ele>572.8</ele><time>2026-03-28T12:04:56.000Z</time></trkpt>
      <trkpt lat="53.451670" lon="-1.855768"><ele>573.0</ele><time>2026-03-28T12:04:57.000Z</time></trkpt>
      <trkpt lat="53.451668" lon="-1.855771"><ele>573.2</ele><time>2026-03-28T12:04:58.000Z</time></trkpt>
      <trkpt lat="53.451675" lon="-1.855778"><ele>573.2</ele><time>2026-03-28T12:04:59.000Z</time></trkpt>
      <trkpt lat="53.451670" lon="-1.855786"><ele>573.2</ele><time>2026-03-28T12:05:00.000Z</time></trkpt>
      <trkpt lat="53.451670" lon="-1.855792"><ele>573.2</ele><time>2026-03-28T12:05:01.000Z</time></trkpt>
      <trkpt lat="53.451670" lon="-1.855799"><ele>573.0</ele><time>2026-03-28T12:05:02.000Z</time></trkpt>
      <trkpt lat="53.451668" lon="-1.855810"><ele>573.2</ele><time>2026-03-28T12:05:03.000Z</time></trkpt>
      <trkpt lat="53.451664" lon="-1.855818"><ele>573.0</ele><time>2026-03-28T12:05:04.000Z</time></trkpt>
      <trkpt lat="53.451660" lon="-1.855826"><ele>572.8</ele><time>2026-03-28T12:05:05.000Z</time></trkpt>
      <trkpt lat="53.451650" lon="-1.855838"><ele>571.8</ele><time>2026-03-28T12:05:06.000Z</time></trkpt>
      <trkpt lat="53.451637" lon="-1.855840"><ele>572.6</ele><time>2026-03-28T12:05:07.000Z</time></trkpt>
      <trkpt lat="53.451626" lon="-1.855837"><ele>572.4</ele><time>2026-03-28T12:05:08.000Z</time></trkpt>
      <trkpt lat="53.451610" lon="-1.855831"><ele>572.8</ele><time>2026-03-28T12:05:09.000Z</time></trkpt>
      <trkpt lat="53.451603" lon="-1.855821"><ele>573.0</ele><time>2026-03-28T12:05:10.000Z</time></trkpt>
      <trkpt lat="53.451590" lon="-1.855823"><ele>573.0</ele><time>2026-03-28T12:05:11.000Z</time></trkpt>
      <trkpt lat="53.451580" lon="-1.855829"><ele>573.4</ele><time>2026-03-28T12:05:12.000Z</time></trkpt>
      <trkpt lat="53.451572" lon="-1.855852"><ele>573.4</ele><time>2026-03-28T12:05:13.000Z</time></trkpt>
      <trkpt lat="53.451576" lon="-1.855874"><ele>574.0</ele><time>2026-03-28T12:05:14.000Z</time></trkpt>
      <trkpt lat="53.451570" lon="-1.855870"><ele>574.2</ele><time>2026-03-28T12:05:15.000Z</time></trkpt>
      <trkpt lat="53.451557" lon="-1.855879"><ele>573.8</ele><time>2026-03-28T12:05:16.000Z</time></trkpt>
      <trkpt lat="53.451546" lon="-1.855877"><ele>573.4</ele><time>2026-03-28T12:05:17.000Z</time></trkpt>
      <trkpt lat="53.451534" lon="-1.855872"><ele>573.2</ele><time>2026-03-28T12:05:18.000Z</time></trkpt>
      <trkpt lat="53.451520" lon="-1.855873"><ele>573.2</ele><time>2026-03-28T12:05:19.000Z</time></trkpt>
      <trkpt lat="53.451508" lon="-1.855879"><ele>573.6</ele><time>2026-03-28T12:05:20.000Z</time></trkpt>
      <trkpt lat="53.451492" lon="-1.855878"><ele>573.4</ele><time>2026-03-28T12:05:21.000Z</time></trkpt>
      <trkpt lat="53.451485" lon="-1.855878"><ele>573.0</ele><time>2026-03-28T12:05:22.000Z</time></trkpt>
      <trkpt lat="53.451477" lon="-1.855870"><ele>573.4</ele><time>2026-03-28T12:05:23.000Z</time></trkpt>
      <trkpt lat="53.451470" lon="-1.855862"><ele>573.2</ele><time>2026-03-28T12:05:24.000Z</time></trkpt>
      <trkpt lat="53.451454" lon="-1.855856"><ele>573.4</ele><time>2026-03-28T12:05:25.000Z</time></trkpt>
      <trkpt lat="53.451450" lon="-1.855844"><ele>573.2</ele><time>2026-03-28T12:05:26.000Z</time></trkpt>
      <trkpt lat="53.451443" lon="-1.855833"><ele>573.0</ele><time>2026-03-28T12:05:27.000Z</time></trkpt>
      <trkpt lat="53.451427" lon="-1.855822"><ele>573.2</ele><time>2026-03-28T12:05:28.000Z</time></trkpt>
      <trkpt lat="53.451420" lon="-1.855814"><ele>573.8</ele><time>2026-03-28T12:05:29.000Z</time></trkpt>
      <trkpt lat="53.451410" lon="-1.855818"><ele>574.0</ele><time>2026-03-28T12:05:30.000Z</time></trkpt>
      <trkpt lat="53.451397" lon="-1.855818"><ele>574.6</ele><time>2026-03-28T12:05:31.000Z</time></trkpt>
      <trkpt lat="53.451390" lon="-1.855819"><ele>574.0</ele><time>2026-03-28T12:05:32.000Z</time></trkpt>
      <trkpt lat="53.451385" lon="-1.855812"><ele>573.8</ele><time>2026-03-28T12:05:33.000Z</time></trkpt>
      <trkpt lat="53.451378" lon="-1.855800"><ele>573.6</ele><time>2026-03-28T12:05:34.000Z</time></trkpt>
      <trkpt lat="53.451363" lon="-1.855789"><ele>573.0</ele><time>2026-03-28T12:05:35.000Z</time></trkpt>
      <trkpt lat="53.451350" lon="-1.855787"><ele>573.2</ele><time>2026-03-28T12:05:36.000Z</time></trkpt>
      <trkpt lat="53.451340" lon="-1.855769"><ele>573.6</ele><time>2026-03-28T12:05:37.000Z</time></trkpt>
      <trkpt lat="53.451336" lon="-1.855763"><ele>573.0</ele><time>2026-03-28T12:05:38.000Z</time></trkpt>
      <trkpt lat="53.451324" lon="-1.855770"><ele>572.6</ele><time>2026-03-28T12:05:39.000Z</time></trkpt>
      <trkpt lat="53.451313" lon="-1.855784"><ele>572.6</ele><time>2026-03-28T12:05:40.000Z</time></trkpt>
      <trkpt lat="53.451305" lon="-1.855783"><ele>573.0</ele><time>2026-03-28T12:05:41.000Z</time></trkpt>
      <trkpt lat="53.451305" lon="-1.855775"><ele>572.2</ele><time>2026-03-28T12:05:42.000Z</time></trkpt>
      <trkpt lat="53.451286" lon="-1.855765"><ele>571.4</ele><time>2026-03-28T12:05:43.000Z</time></trkpt>
      <trkpt lat="53.451270" lon="-1.855763"><ele>571.8</ele><time>2026-03-28T12:05:44.000Z</time></trkpt>
      <trkpt lat="53.451263" lon="-1.855747"><ele>572.2</ele><time>2026-03-28T12:05:45.000Z</time></trkpt>
      <trkpt lat="53.451267" lon="-1.855746"><ele>572.2</ele><time>2026-03-28T12:05:46.000Z</time></trkpt>
      <trkpt lat="53.451270" lon="-1.855732"><ele>572.2</ele><time>2026-03-28T12:05:47.000Z</time></trkpt>
      <trkpt lat="53.451267" lon="-1.855719"><ele>571.4</ele><time>2026-03-28T12:05:48.000Z</time></trkpt>
      <trkpt lat="53.451244" lon="-1.855710"><ele>571.4</ele><time>2026-03-28T12:05:49.000Z</time></trkpt>
      <trkpt lat="53.451218" lon="-1.855728"><ele>571.8</ele><time>2026-03-28T12:05:50.000Z</time></trkpt>
      <trkpt lat="53.451214" lon="-1.855746"><ele>572.2</ele><time>2026-03-28T12:05:51.000Z</time></trkpt>
      <trkpt lat="53.451206" lon="-1.855742"><ele>572.4</ele><time>2026-03-28T12:05:52.000Z</time></trkpt>
      <trkpt lat="53.451200" lon="-1.855734"><ele>572.2</ele><time>2026-03-28T12:05:53.000Z</time></trkpt>
      <trkpt lat="53.451183" lon="-1.855725"><ele>572.2</ele><time>2026-03-28T12:05:54.000Z</time></trkpt>
      <trkpt lat="53.451164" lon="-1.855739"><ele>572.0</ele><time>2026-03-28T12:05:55.000Z</time></trkpt>
      <trkpt lat="53.451153" lon="-1.855743"><ele>571.0</ele><time>2026-03-28T12:05:56.000Z</time></trkpt>
      <trkpt lat="53.451145" lon="-1.855733"><ele>570.2</ele><time>2026-03-28T12:05:57.000Z</time></trkpt>
      <trkpt lat="53.451134" lon="-1.855728"><ele>570.6</ele><time>2026-03-28T12:05:58.000Z</time></trkpt>
      <trkpt lat="53.451120" lon="-1.855722"><ele>570.8</ele><time>2026-03-28T12:05:59.000Z</time></trkpt>
      <trkpt lat="53.451107" lon="-1.855719"><ele>571.4</ele><time>2026-03-28T12:06:00.000Z</time></trkpt>
      <trkpt lat="53.451096" lon="-1.855723"><ele>571.2</ele><time>2026-03-28T12:06:01.000Z</time></trkpt>
      <trkpt lat="53.451080" lon="-1.855720"><ele>571.0</ele><time>2026-03-28T12:06:02.000Z</time></trkpt>
      <trkpt lat="53.451073" lon="-1.855722"><ele>571.2</ele><time>2026-03-28T12:06:03.000Z</time></trkpt>
      <trkpt lat="53.451070" lon="-1.855722"><ele>571.0</ele><time>2026-03-28T12:06:04.000Z</time></trkpt>
      <trkpt lat="53.451057" lon="-1.855714"><ele>570.8</ele><time>2026-03-28T12:06:05.000Z</time></trkpt>
      <trkpt lat="53.451050" lon="-1.855712"><ele>571.2</ele><time>2026-03-28T12:06:06.000Z</time></trkpt>
      <trkpt lat="53.451046" lon="-1.855692"><ele>571.6</ele><time>2026-03-28T12:06:07.000Z</time></trkpt>
      <trkpt lat="53.451050" lon="-1.855652"><ele>571.4</ele><time>2026-03-28T12:06:08.000Z</time></trkpt>
      <trkpt lat="53.451042" lon="-1.855631"><ele>571.6</ele><time>2026-03-28T12:06:09.000Z</time></trkpt>
      <trkpt lat="53.451030" lon="-1.855616"><ele>571.0</ele><time>2026-03-28T12:06:10.000Z</time></trkpt>
      <trkpt lat="53.451023" lon="-1.855607"><ele>570.8</ele><time>2026-03-28T12:06:11.000Z</time></trkpt>
      <trkpt lat="53.451027" lon="-1.855592"><ele>570.6</ele><time>2026-03-28T12:06:12.000Z</time></trkpt>
      <trkpt lat="53.451027" lon="-1.855581"><ele>570.2</ele><time>2026-03-28T12:06:13.000Z</time></trkpt>
      <trkpt lat="53.451010" lon="-1.855562"><ele>569.6</ele><time>2026-03-28T12:06:14.000Z</time></trkpt>
      <trkpt lat="53.450990" lon="-1.855551"><ele>569.6</ele><time>2026-03-28T12:06:15.000Z</time></trkpt>
      <trkpt lat="53.450980" lon="-1.855551"><ele>569.6</ele><time>2026-03-28T12:06:16.000Z</time></trkpt>
      <trkpt lat="53.450974" lon="-1.855558"><ele>569.0</ele><time>2026-03-28T12:06:17.000Z</time></trkpt>
      <trkpt lat="53.450970" lon="-1.855556"><ele>569.2</ele><time>2026-03-28T12:06:18.000Z</time></trkpt>
      <trkpt lat="53.450960" lon="-1.855551"><ele>568.4</ele><time>2026-03-28T12:06:19.000Z</time></trkpt>
      <trkpt lat="53.450943" lon="-1.855529"><ele>568.4</ele><time>2026-03-28T12:06:20.000Z</time></trkpt>
      <trkpt lat="53.450928" lon="-1.855522"><ele>568.6</ele><time>2026-03-28T12:06:21.000Z</time></trkpt>
      <trkpt lat="53.450916" lon="-1.855524"><ele>568.6</ele><time>2026-03-28T12:06:22.000Z</time></trkpt>
      <trkpt lat="53.450905" lon="-1.855521"><ele>569.2</ele><time>2026-03-28T12:06:23.000Z</time></trkpt>
      <trkpt lat="53.450886" lon="-1.855518"><ele>569.4</ele><time>2026-03-28T12:06:24.000Z</time></trkpt>
      <trkpt lat="53.450874" lon="-1.855517"><ele>569.2</ele><time>2026-03-28T12:06:25.000Z</time></trkpt>
      <trkpt lat="53.450867" lon="-1.855521"><ele>569.0</ele><time>2026-03-28T12:06:26.000Z</time></trkpt>
      <trkpt lat="53.450850" lon="-1.855522"><ele>569.0</ele><time>2026-03-28T12:06:27.000Z</time></trkpt>
      <trkpt lat="53.450844" lon="-1.855518"><ele>569.4</ele><time>2026-03-28T12:06:28.000Z</time></trkpt>
      <trkpt lat="53.450836" lon="-1.855514"><ele>568.8</ele><time>2026-03-28T12:06:29.000Z</time></trkpt>
      <trkpt lat="53.450825" lon="-1.855508"><ele>568.2</ele><time>2026-03-28T12:06:30.000Z</time></trkpt>
      <trkpt lat="53.450820" lon="-1.855502"><ele>568.4</ele><time>2026-03-28T12:06:31.000Z</time></trkpt>
      <trkpt lat="53.450806" lon="-1.855497"><ele>569.2</ele><time>2026-03-28T12:06:32.000Z</time></trkpt>
      <trkpt lat="53.450790" lon="-1.855495"><ele>568.8</ele><time>2026-03-28T12:06:33.000Z</time></trkpt>
      <trkpt lat="53.450780" lon="-1.855493"><ele>569.2</ele><time>2026-03-28T12:06:34.000Z</time></trkpt>
      <trkpt lat="53.450768" lon="-1.855483"><ele>569.0</ele><time>2026-03-28T12:06:35.000Z</time></trkpt>
      <trkpt lat="53.450752" lon="-1.855475"><ele>569.2</ele><time>2026-03-28T12:06:36.000Z</time></trkpt>
      <trkpt lat="53.450745" lon="-1.855476"><ele>568.8</ele><time>2026-03-28T12:06:37.000Z</time></trkpt>
      <trkpt lat="53.450733" lon="-1.855476"><ele>568.6</ele><time>2026-03-28T12:06:38.000Z</time></trkpt>
      <trkpt lat="53.450718" lon="-1.855468"><ele>568.4</ele><time>2026-03-28T12:06:39.000Z</time></trkpt>
      <trkpt lat="53.450706" lon="-1.855465"><ele>568.6</ele><time>2026-03-28T12:06:40.000Z</time></trkpt>
      <trkpt lat="53.450700" lon="-1.855457"><ele>568.4</ele><time>2026-03-28T12:06:41.000Z</time></trkpt>
      <trkpt lat="53.450690" lon="-1.855458"><ele>567.6</ele><time>2026-03-28T12:06:42.000Z</time></trkpt>
      <trkpt lat="53.450680" lon="-1.855462"><ele>567.2</ele><time>2026-03-28T12:06:43.000Z</time></trkpt>
      <trkpt lat="53.450676" lon="-1.855471"><ele>567.4</ele><time>2026-03-28T12:06:44.000Z</time></trkpt>
      <trkpt lat="53.450665" lon="-1.855489"><ele>567.4</ele><time>2026-03-28T12:06:45.000Z</time></trkpt>
      <trkpt lat="53.450653" lon="-1.855495"><ele>568.0</ele><time>2026-03-28T12:06:46.000Z</time></trkpt>
      <trkpt lat="53.450650" lon="-1.855488"><ele>568.2</ele><time>2026-03-28T12:06:47.000Z</time></trkpt>
      <trkpt lat="53.450650" lon="-1.855477"><ele>568.4</ele><time>2026-03-28T12:06:48.000Z</time></trkpt>
      <trkpt lat="53.450657" lon="-1.855465"><ele>569.2</ele><time>2026-03-28T12:06:49.000Z</time></trkpt>
      <trkpt lat="53.450638" lon="-1.855452"><ele>569.8</ele><time>2026-03-28T12:06:50.000Z</time></trkpt>
      <trkpt lat="53.450615" lon="-1.855449"><ele>569.4</ele><time>2026-03-28T12:06:51.000Z</time></trkpt>
      <trkpt lat="53.450607" lon="-1.855463"><ele>569.8</ele><time>2026-03-28T12:06:52.000Z</time></trkpt>
      <trkpt lat="53.450603" lon="-1.855469"><ele>570.0</ele><time>2026-03-28T12:06:53.000Z</time></trkpt>
      <trkpt lat="53.450590" lon="-1.855475"><ele>569.0</ele><time>2026-03-28T12:06:54.000Z</time></trkpt>
      <trkpt lat="53.450580" lon="-1.855489"><ele>568.4</ele><time>2026-03-28T12:06:55.000Z</time></trkpt>
      <trkpt lat="53.450570" lon="-1.855486"><ele>568.8</ele><time>2026-03-28T12:06:56.000Z</time></trkpt>
      <trkpt lat="53.450560" lon="-1.855486"><ele>568.4</ele><time>2026-03-28T12:06:57.000Z</time></trkpt>
      <trkpt lat="53.450546" lon="-1.855497"><ele>568.6</ele><time>2026-03-28T12:06:58.000Z</time></trkpt>
      <trkpt lat="53.450540" lon="-1.855493"><ele>568.6</ele><time>2026-03-28T12:06:59.000Z</time></trkpt>
      <trkpt lat="53.450530" lon="-1.855494"><ele>568.6</ele><time>2026-03-28T12:07:00.000Z</time></trkpt>
      <trkpt lat="53.450530" lon="-1.855503"><ele>568.4</ele><time>2026-03-28T12:07:01.000Z</time></trkpt>
      <trkpt lat="53.450520" lon="-1.855513"><ele>568.6</ele><time>2026-03-28T12:07:02.000Z</time></trkpt>
      <trkpt lat="53.450520" lon="-1.855522"><ele>568.4</ele><time>2026-03-28T12:07:03.000Z</time></trkpt>
      <trkpt lat="53.450523" lon="-1.855531"><ele>568.6</ele><time>2026-03-28T12:07:04.000Z</time></trkpt>
      <trkpt lat="53.450523" lon="-1.855530"><ele>568.6</ele><time>2026-03-28T12:07:05.000Z</time></trkpt>
      <trkpt lat="53.450523" lon="-1.855534"><ele>568.6</ele><time>2026-03-28T12:07:06.000Z</time></trkpt>
      <trkpt lat="53.450523" lon="-1.855544"><ele>568.6</ele><time>2026-03-28T12:07:07.000Z</time></trkpt>
      <trkpt lat="53.450520" lon="-1.855542"><ele>568.4</ele><time>2026-03-28T12:07:08.000Z</time></trkpt>
      <trkpt lat="53.450523" lon="-1.855543"><ele>568.8</ele><time>2026-03-28T12:07:09.000Z</time></trkpt>
      <trkpt lat="53.450523" lon="-1.855540"><ele>569.0</ele><time>2026-03-28T12:07:10.000Z</time></trkpt>
      <trkpt lat="53.450523" lon="-1.855539"><ele>569.0</ele><time>2026-03-28T12:07:11.000Z</time></trkpt>
      <trkpt lat="53.450523" lon="-1.855538"><ele>569.4</ele><time>2026-03-28T12:07:12.000Z</time></trkpt>
      <trkpt lat="53.450523" lon="-1.855532"><ele>569.6</ele><time>2026-03-28T12:07:13.000Z</time></trkpt>
      <trkpt lat="53.450520" lon="-1.855532"><ele>569.6</ele><time>2026-03-28T12:07:14.000Z</time></trkpt>
      <trkpt lat="53.450516" lon="-1.855523"><ele>569.6</ele><time>2026-03-28T12:07:15.000Z</time></trkpt>
      <trkpt lat="53.450504" lon="-1.855516"><ele>568.6</ele><time>2026-03-28T12:07:16.000Z</time></trkpt>
      <trkpt lat="53.450504" lon="-1.855513"><ele>569.2</ele><time>2026-03-28T12:07:17.000Z</time></trkpt>
      <trkpt lat="53.450500" lon="-1.855514"><ele>568.8</ele><time>2026-03-28T12:07:18.000Z</time></trkpt>
      <trkpt lat="53.450497" lon="-1.855509"><ele>569.0</ele><time>2026-03-28T12:07:19.000Z</time></trkpt>
      <trkpt lat="53.450493" lon="-1.855504"><ele>569.2</ele><time>2026-03-28T12:07:20.000Z</time></trkpt>
      <trkpt lat="53.450485" lon="-1.855497"><ele>568.8</ele><time>2026-03-28T12:07:21.000Z</time></trkpt>
      <trkpt lat="53.450478" lon="-1.855494"><ele>569.0</ele><time>2026-03-28T12:07:22.000Z</time></trkpt>
      <trkpt lat="53.450470" lon="-1.855491"><ele>568.8</ele><time>2026-03-28T12:07:23.000Z</time></trkpt>
      <trkpt lat="53.450466" lon="-1.855492"><ele>569.0</ele><time>2026-03-28T12:07:24.000Z</time></trkpt>
      <trkpt lat="53.450466" lon="-1.855494"><ele>569.0</ele><time>2026-03-28T12:07:25.000Z</time></trkpt>
      <trkpt lat="53.450466" lon="-1.855498"><ele>569.2</ele><time>2026-03-28T12:07:26.000Z</time></trkpt>
      <trkpt lat="53.450466" lon="-1.855497"><ele>569.2</ele><time>2026-03-28T12:07:27.000Z</time></trkpt>
      <trkpt lat="53.450462" lon="-1.855497"><ele>568.8</ele><time>2026-03-28T12:07:28.000Z</time></trkpt>
      <trkpt lat="53.450455" lon="-1.855496"><ele>568.8</ele><time>2026-03-28T12:07:29.000Z</time></trkpt>
      <trkpt lat="53.450447" lon="-1.855501"><ele>568.2</ele><time>2026-03-28T12:07:30.000Z</time></trkpt>
      <trkpt lat="53.450436" lon="-1.855504"><ele>568.2</ele><time>2026-03-28T12:07:31.000Z</time></trkpt>
      <trkpt lat="53.450430" lon="-1.855519"><ele>568.0</ele><time>2026-03-28T12:07:32.000Z</time></trkpt>
      <trkpt lat="53.450413" lon="-1.855550"><ele>568.4</ele><time>2026-03-28T12:07:33.000Z</time></trkpt>
      <trkpt lat="53.450413" lon="-1.855552"><ele>568.2</ele><time>2026-03-28T12:07:34.000Z</time></trkpt>
      <trkpt lat="53.450413" lon="-1.855542"><ele>567.6</ele><time>2026-03-28T12:07:35.000Z</time></trkpt>
      <trkpt lat="53.450397" lon="-1.855542"><ele>567.6</ele><time>2026-03-28T12:07:36.000Z</time></trkpt>
      <trkpt lat="53.450390" lon="-1.855548"><ele>567.6</ele><time>2026-03-28T12:07:37.000Z</time></trkpt>
      <trkpt lat="53.450386" lon="-1.855553"><ele>567.6</ele><time>2026-03-28T12:07:38.000Z</time></trkpt>
      <trkpt lat="53.450380" lon="-1.855556"><ele>567.0</ele><time>2026-03-28T12:07:39.000Z</time></trkpt>
      <trkpt lat="53.450367" lon="-1.855558"><ele>566.8</ele><time>2026-03-28T12:07:40.000Z</time></trkpt>
      <trkpt lat="53.450360" lon="-1.855573"><ele>566.4</ele><time>2026-03-28T12:07:41.000Z</time></trkpt>
      <trkpt lat="53.450360" lon="-1.855580"><ele>566.8</ele><time>2026-03-28T12:07:42.000Z</time></trkpt>
      <trkpt lat="53.450350" lon="-1.855584"><ele>566.8</ele><time>2026-03-28T12:07:43.000Z</time></trkpt>
      <trkpt lat="53.450344" lon="-1.855585"><ele>566.8</ele><time>2026-03-28T12:07:44.000Z</time></trkpt>
      <trkpt lat="53.450340" lon="-1.855585"><ele>567.0</ele><time>2026-03-28T12:07:45.000Z</time></trkpt>
      <trkpt lat="53.450340" lon="-1.855585"><ele>567.4</ele><time>2026-03-28T12:07:46.000Z</time></trkpt>
      <trkpt lat="53.450344" lon="-1.855582"><ele>567.4</ele><time>2026-03-28T12:07:47.000Z</time></trkpt>
      <trkpt lat="53.450336" lon="-1.855582"><ele>567.0</ele><time>2026-03-28T12:07:48.000Z</time></trkpt>
      <trkpt lat="53.450333" lon="-1.855573"><ele>566.6</ele><time>2026-03-28T12:07:49.000Z</time></trkpt>
      <trkpt lat="53.450325" lon="-1.855554"><ele>566.8</ele><time>2026-03-28T12:07:50.000Z</time></trkpt>
      <trkpt lat="53.450325" lon="-1.855533"><ele>567.4</ele><time>2026-03-28T12:07:51.000Z</time></trkpt>
      <trkpt lat="53.450320" lon="-1.855527"><ele>567.6</ele><time>2026-03-28T12:07:52.000Z</time></trkpt>
      <trkpt lat="53.450310" lon="-1.855520"><ele>567.6</ele><time>2026-03-28T12:07:53.000Z</time></trkpt>
      <trkpt lat="53.450294" lon="-1.855532"><ele>567.6</ele><time>2026-03-28T12:07:54.000Z</time></trkpt>
      <trkpt lat="53.450287" lon="-1.855539"><ele>567.4</ele><time>2026-03-28T12:07:55.000Z</time></trkpt>
      <trkpt lat="53.450280" lon="-1.855540"><ele>567.4</ele><time>2026-03-28T12:07:56.000Z</time></trkpt>
      <trkpt lat="53.450264" lon="-1.855535"><ele>567.0</ele><time>2026-03-28T12:07:57.000Z</time></trkpt>
      <trkpt lat="53.450256" lon="-1.855526"><ele>567.0</ele><time>2026-03-28T12:07:58.000Z</time></trkpt>
      <trkpt lat="53.450250" lon="-1.855505"><ele>567.0</ele><time>2026-03-28T12:07:59.000Z</time></trkpt>
      <trkpt lat="53.450245" lon="-1.855483"><ele>567.4</ele><time>2026-03-28T12:08:00.000Z</time></trkpt>
      <trkpt lat="53.450237" lon="-1.855489"><ele>567.2</ele><time>2026-03-28T12:08:01.000Z</time></trkpt>
      <trkpt lat="53.450230" lon="-1.855487"><ele>567.0</ele><time>2026-03-28T12:08:02.000Z</time></trkpt>
      <trkpt lat="53.450233" lon="-1.855487"><ele>566.8</ele><time>2026-03-28T12:08:03.000Z</time></trkpt>
      <trkpt lat="53.450233" lon="-1.855487"><ele>567.0</ele><time>2026-03-28T12:08:04.000Z</time></trkpt>
      <trkpt lat="53.450233" lon="-1.855486"><ele>567.2</ele><time>2026-03-28T12:08:05.000Z</time></trkpt>
      <trkpt lat="53.450233" lon="-1.855489"><ele>567.4</ele><time>2026-03-28T12:08:06.000Z</time></trkpt>
      <trkpt lat="53.450233" lon="-1.855486"><ele>567.6</ele><time>2026-03-28T12:08:07.000Z</time></trkpt>
      <trkpt lat="53.450237" lon="-1.855487"><ele>567.8</ele><time>2026-03-28T12:08:08.000Z</time></trkpt>
      <trkpt lat="53.450237" lon="-1.855487"><ele>567.4</ele><time>2026-03-28T12:08:09.000Z</time></trkpt>
      <trkpt lat="53.450237" lon="-1.855490"><ele>567.6</ele><time>2026-03-28T12:08:10.000Z</time></trkpt>
      <trkpt lat="53.450237" lon="-1.855492"><ele>567.4</ele><time>2026-03-28T12:08:11.000Z</time></trkpt>
      <trkpt lat="53.450237" lon="-1.855486"><ele>567.2</ele><time>2026-03-28T12:08:12.000Z</time></trkpt>
      <trkpt lat="53.450240" lon="-1.855482"><ele>567.2</ele><time>2026-03-28T12:08:13.000Z</time></trkpt>
      <trkpt lat="53.450240" lon="-1.855483"><ele>567.0</ele><time>2026-03-28T12:08:14.000Z</time></trkpt>
      <trkpt lat="53.450240" lon="-1.855485"><ele>567.0</ele><time>2026-03-28T12:08:15.000Z</time></trkpt>
      <trkpt lat="53.450240" lon="-1.855485"><ele>567.0</ele><time>2026-03-28T12:08:16.000Z</time></trkpt>
      <trkpt lat="53.450233" lon="-1.855486"><ele>566.8</ele><time>2026-03-28T12:08:17.000Z</time></trkpt>
      <trkpt lat="53.450226" lon="-1.855494"><ele>566.8</ele><time>2026-03-28T12:08:18.000Z</time></trkpt>
      <trkpt lat="53.450220" lon="-1.855508"><ele>566.8</ele><time>2026-03-28T12:08:19.000Z</time></trkpt>
      <trkpt lat="53.450207" lon="-1.855510"><ele>566.6</ele><time>2026-03-28T12:08:20.000Z</time></trkpt>
      <trkpt lat="53.450200" lon="-1.855509"><ele>566.8</ele><time>2026-03-28T12:08:21.000Z</time></trkpt>
      <trkpt lat="53.450188" lon="-1.855509"><ele>566.4</ele><time>2026-03-28T12:08:22.000Z</time></trkpt>
      <trkpt lat="53.450172" lon="-1.855506"><ele>566.6</ele><time>2026-03-28T12:08:23.000Z</time></trkpt>
      <trkpt lat="53.450165" lon="-1.855507"><ele>566.6</ele><time>2026-03-28T12:08:24.000Z</time></trkpt>
      <trkpt lat="53.450160" lon="-1.855500"><ele>566.2</ele><time>2026-03-28T12:08:25.000Z</time></trkpt>
      <trkpt lat="53.450146" lon="-1.855493"><ele>566.2</ele><time>2026-03-28T12:08:26.000Z</time></trkpt>
      <trkpt lat="53.450123" lon="-1.855484"><ele>566.2</ele><time>2026-03-28T12:08:27.000Z</time></trkpt>
      <trkpt lat="53.450115" lon="-1.855486"><ele>565.6</ele><time>2026-03-28T12:08:28.000Z</time></trkpt>
      <trkpt lat="53.450110" lon="-1.855480"><ele>567.0</ele><time>2026-03-28T12:08:29.000Z</time></trkpt>
      <trkpt lat="53.450104" lon="-1.855474"><ele>566.0</ele><time>2026-03-28T12:08:30.000Z</time></trkpt>
      <trkpt lat="53.450090" lon="-1.855473"><ele>566.0</ele><time>2026-03-28T12:08:31.000Z</time></trkpt>
      <trkpt lat="53.450080" lon="-1.855479"><ele>565.8</ele><time>2026-03-28T12:08:32.000Z</time></trkpt>
      <trkpt lat="53.450073" lon="-1.855476"><ele>566.2</ele><time>2026-03-28T12:08:33.000Z</time></trkpt>
      <trkpt lat="53.450070" lon="-1.855480"><ele>566.2</ele><time>2026-03-28T12:08:34.000Z</time></trkpt>
      <trkpt lat="53.450060" lon="-1.855485"><ele>566.2</ele><time>2026-03-28T12:08:35.000Z</time></trkpt>
      <trkpt lat="53.450054" lon="-1.855478"><ele>565.8</ele><time>2026-03-28T12:08:36.000Z</time></trkpt>
      <trkpt lat="53.450043" lon="-1.855475"><ele>565.4</ele><time>2026-03-28T12:08:37.000Z</time></trkpt>
      <trkpt lat="53.450040" lon="-1.855479"><ele>566.0</ele><time>2026-03-28T12:08:38.000Z</time></trkpt>
      <trkpt lat="53.450040" lon="-1.855490"><ele>566.2</ele><time>2026-03-28T12:08:39.000Z</time></trkpt>
      <trkpt lat="53.450043" lon="-1.855516"><ele>566.2</ele><time>2026-03-28T12:08:40.000Z</time></trkpt>
      <trkpt lat="53.450040" lon="-1.855518"><ele>565.6</ele><time>2026-03-28T12:08:41.000Z</time></trkpt>
      <trkpt lat="53.450030" lon="-1.855508"><ele>565.4</ele><time>2026-03-28T12:08:42.000Z</time></trkpt>
      <trkpt lat="53.450010" lon="-1.855490"><ele>566.2</ele><time>2026-03-28T12:08:43.000Z</time></trkpt>
      <trkpt lat="53.450005" lon="-1.855486"><ele>566.2</ele><time>2026-03-28T12:08:44.000Z</time></trkpt>
      <trkpt lat="53.449993" lon="-1.855485"><ele>566.6</ele><time>2026-03-28T12:08:45.000Z</time></trkpt>
      <trkpt lat="53.449980" lon="-1.855487"><ele>566.2</ele><time>2026-03-28T12:08:46.000Z</time></trkpt>
      <trkpt lat="53.449970" lon="-1.855482"><ele>566.0</ele><time>2026-03-28T12:08:47.000Z</time></trkpt>
      <trkpt lat="53.449960" lon="-1.855481"><ele>566.2</ele><time>2026-03-28T12:08:48.000Z</time></trkpt>
      <trkpt lat="53.449955" lon="-1.855477"><ele>566.2</ele><time>2026-03-28T12:08:49.000Z</time></trkpt>
      <trkpt lat="53.449944" lon="-1.855478"><ele>565.8</ele><time>2026-03-28T12:08:50.000Z</time></trkpt>
      <trkpt lat="53.449936" lon="-1.855492"><ele>566.0</ele><time>2026-03-28T12:08:51.000Z</time></trkpt>
      <trkpt lat="53.449930" lon="-1.855509"><ele>566.8</ele><time>2026-03-28T12:08:52.000Z</time></trkpt>
      <trkpt lat="53.449930" lon="-1.855521"><ele>566.6</ele><time>2026-03-28T12:08:53.000Z</time></trkpt>
      <trkpt lat="53.449930" lon="-1.855516"><ele>566.4</ele><time>2026-03-28T12:08:54.000Z</time></trkpt>
      <trkpt lat="53.449920" lon="-1.855516"><ele>566.2</ele><time>2026-03-28T12:08:55.000Z</time></trkpt>
      <trkpt lat="53.449920" lon="-1.855513"><ele>566.2</ele><time>2026-03-28T12:08:56.000Z</time></trkpt>
      <trkpt lat="53.449917" lon="-1.855513"><ele>566.4</ele><time>2026-03-28T12:08:57.000Z</time></trkpt>
      <trkpt lat="53.449917" lon="-1.855507"><ele>566.0</ele><time>2026-03-28T12:08:58.000Z</time></trkpt>
      <trkpt lat="53.449910" lon="-1.855497"><ele>566.0</ele><time>2026-03-28T12:08:59.000Z</time></trkpt>
      <trkpt lat="53.449898" lon="-1.855494"><ele>566.2</ele><time>2026-03-28T12:09:00.000Z</time></trkpt>
      <trkpt lat="53.449894" lon="-1.855496"><ele>566.2</ele><time>2026-03-28T12:09:01.000Z</time></trkpt>
      <trkpt lat="53.449894" lon="-1.855492"><ele>566.0</ele><time>2026-03-28T12:09:02.000Z</time></trkpt>
      <trkpt lat="53.449880" lon="-1.855483"><ele>566.0</ele><time>2026-03-28T12:09:03.000Z</time></trkpt>
      <trkpt lat="53.449870" lon="-1.855470"><ele>566.6</ele><time>2026-03-28T12:09:04.000Z</time></trkpt>
      <trkpt lat="53.449867" lon="-1.855473"><ele>566.8</ele><time>2026-03-28T12:09:05.000Z</time></trkpt>
      <trkpt lat="53.449860" lon="-1.855477"><ele>566.6</ele><time>2026-03-28T12:09:06.000Z</time></trkpt>
      <trkpt lat="53.449852" lon="-1.855481"><ele>566.4</ele><time>2026-03-28T12:09:07.000Z</time></trkpt>
      <trkpt lat="53.449850" lon="-1.855483"><ele>566.2</ele><time>2026-03-28T12:09:08.000Z</time></trkpt>
      <trkpt lat="53.449837" lon="-1.855478"><ele>566.2</ele><time>2026-03-28T12:09:09.000Z</time></trkpt>
      <trkpt lat="53.449833" lon="-1.855476"><ele>566.6</ele><time>2026-03-28T12:09:10.000Z</time></trkpt>
      <trkpt lat="53.449830" lon="-1.855474"><ele>566.6</ele><time>2026-03-28T12:09:11.000Z</time></trkpt>
      <trkpt lat="53.449825" lon="-1.855473"><ele>566.6</ele><time>2026-03-28T12:09:12.000Z</time></trkpt>
      <trkpt lat="53.449818" lon="-1.855471"><ele>566.2</ele><time>2026-03-28T12:09:13.000Z</time></trkpt>
      <trkpt lat="53.449818" lon="-1.855469"><ele>564.4</ele><time>2026-03-28T12:09:14.000Z</time></trkpt>
      <trkpt lat="53.449818" lon="-1.855467"><ele>564.6</ele><time>2026-03-28T12:09:15.000Z</time></trkpt>
      <trkpt lat="53.449814" lon="-1.855460"><ele>565.2</ele><time>2026-03-28T12:09:16.000Z</time></trkpt>
      <trkpt lat="53.449806" lon="-1.855448"><ele>565.2</ele><time>2026-03-28T12:09:17.000Z</time></trkpt>
      <trkpt lat="53.449802" lon="-1.855452"><ele>565.8</ele><time>2026-03-28T12:09:18.000Z</time></trkpt>
      <trkpt lat="53.449795" lon="-1.855460"><ele>565.6</ele><time>2026-03-28T12:09:19.000Z</time></trkpt>
      <trkpt lat="53.449783" lon="-1.855458"><ele>565.8</ele><time>2026-03-28T12:09:20.000Z</time></trkpt>
      <trkpt lat="53.449776" lon="-1.855460"><ele>565.2</ele><time>2026-03-28T12:09:21.000Z</time></trkpt>
      <trkpt lat="53.449770" lon="-1.855453"><ele>566.2</ele><time>2026-03-28T12:09:22.000Z</time></trkpt>
      <trkpt lat="53.449764" lon="-1.855443"><ele>565.6</ele><time>2026-03-28T12:09:23.000Z</time></trkpt>
      <trkpt lat="53.449757" lon="-1.855430"><ele>565.4</ele><time>2026-03-28T12:09:24.000Z</time></trkpt>
      <trkpt lat="53.449753" lon="-1.855417"><ele>565.4</ele><time>2026-03-28T12:09:25.000Z</time></trkpt>
      <trkpt lat="53.449753" lon="-1.855400"><ele>565.4</ele><time>2026-03-28T12:09:26.000Z</time></trkpt>
      <trkpt lat="53.449738" lon="-1.855384"><ele>565.2</ele><time>2026-03-28T12:09:27.000Z</time></trkpt>
      <trkpt lat="53.449722" lon="-1.855374"><ele>566.2</ele><time>2026-03-28T12:09:28.000Z</time></trkpt>
      <trkpt lat="53.449730" lon="-1.855375"><ele>566.4</ele><time>2026-03-28T12:09:29.000Z</time></trkpt>
      <trkpt lat="53.449730" lon="-1.855376"><ele>565.8</ele><time>2026-03-28T12:09:30.000Z</time></trkpt>
      <trkpt lat="53.449722" lon="-1.855358"><ele>565.8</ele><time>2026-03-28T12:09:31.000Z</time></trkpt>
      <trkpt lat="53.449726" lon="-1.855340"><ele>565.4</ele><time>2026-03-28T12:09:32.000Z</time></trkpt>
      <trkpt lat="53.449730" lon="-1.855328"><ele>565.2</ele><time>2026-03-28T12:09:33.000Z</time></trkpt>
      <trkpt lat="53.449720" lon="-1.855312"><ele>564.8</ele><time>2026-03-28T12:09:34.000Z</time></trkpt>
      <trkpt lat="53.449710" lon="-1.855298"><ele>564.4</ele><time>2026-03-28T12:09:35.000Z</time></trkpt>
      <trkpt lat="53.449710" lon="-1.855286"><ele>564.4</ele><time>2026-03-28T12:09:36.000Z</time></trkpt>
      <trkpt lat="53.449700" lon="-1.855256"><ele>564.2</ele><time>2026-03-28T12:09:37.000Z</time></trkpt>
      <trkpt lat="53.449690" lon="-1.855246"><ele>563.8</ele><time>2026-03-28T12:09:38.000Z</time></trkpt>
      <trkpt lat="53.449688" lon="-1.855237"><ele>564.0</ele><time>2026-03-28T12:09:39.000Z</time></trkpt>
      <trkpt lat="53.449680" lon="-1.855220"><ele>564.8</ele><time>2026-03-28T12:09:40.000Z</time></trkpt>
      <trkpt lat="53.449673" lon="-1.855200"><ele>565.0</ele><time>2026-03-28T12:09:41.000Z</time></trkpt>
      <trkpt lat="53.449665" lon="-1.855192"><ele>564.8</ele><time>2026-03-28T12:09:42.000Z</time></trkpt>
      <trkpt lat="53.449657" lon="-1.855179"><ele>564.6</ele><time>2026-03-28T12:09:43.000Z</time></trkpt>
      <trkpt lat="53.449654" lon="-1.855164"><ele>564.4</ele><time>2026-03-28T12:09:44.000Z</time></trkpt>
      <trkpt lat="53.449646" lon="-1.855149"><ele>564.8</ele><time>2026-03-28T12:09:45.000Z</time></trkpt>
      <trkpt lat="53.449640" lon="-1.855142"><ele>564.8</ele><time>2026-03-28T12:09:46.000Z</time></trkpt>
      <trkpt lat="53.449635" lon="-1.855139"><ele>565.2</ele><time>2026-03-28T12:09:47.000Z</time></trkpt>
      <trkpt lat="53.449627" lon="-1.855129"><ele>565.8</ele><time>2026-03-28T12:09:48.000Z</time></trkpt>
      <trkpt lat="53.449620" lon="-1.855117"><ele>564.8</ele><time>2026-03-28T12:09:49.000Z</time></trkpt>
      <trkpt lat="53.449608" lon="-1.855101"><ele>564.6</ele><time>2026-03-28T12:09:50.000Z</time></trkpt>
      <trkpt lat="53.449600" lon="-1.855112"><ele>565.6</ele><time>2026-03-28T12:09:51.000Z</time></trkpt>
      <trkpt lat="53.449600" lon="-1.855113"><ele>564.8</ele><time>2026-03-28T12:09:52.000Z</time></trkpt>
      <trkpt lat="53.449590" lon="-1.855105"><ele>564.4</ele><time>2026-03-28T12:09:53.000Z</time></trkpt>
      <trkpt lat="53.449585" lon="-1.855092"><ele>565.0</ele><time>2026-03-28T12:09:54.000Z</time></trkpt>
      <trkpt lat="53.449580" lon="-1.855080"><ele>564.6</ele><time>2026-03-28T12:09:55.000Z</time></trkpt>
      <trkpt lat="53.449580" lon="-1.855064"><ele>565.0</ele><time>2026-03-28T12:09:56.000Z</time></trkpt>
      <trkpt lat="53.449577" lon="-1.855044"><ele>564.8</ele><time>2026-03-28T12:09:57.000Z</time></trkpt>
      <trkpt lat="53.449577" lon="-1.855038"><ele>565.6</ele><time>2026-03-28T12:09:58.000Z</time></trkpt>
      <trkpt lat="53.449574" lon="-1.855036"><ele>565.4</ele><time>2026-03-28T12:09:59.000Z</time></trkpt>
      <trkpt lat="53.449574" lon="-1.855034"><ele>564.8</ele><time>2026-03-28T12:10:00.000Z</time></trkpt>
      <trkpt lat="53.449566" lon="-1.855036"><ele>564.0</ele><time>2026-03-28T12:10:01.000Z</time></trkpt>
      <trkpt lat="53.449562" lon="-1.855012"><ele>564.4</ele><time>2026-03-28T12:10:02.000Z</time></trkpt>
      <trkpt lat="53.449560" lon="-1.854991"><ele>564.6</ele><time>2026-03-28T12:10:03.000Z</time></trkpt>
      <trkpt lat="53.449550" lon="-1.854973"><ele>564.6</ele><time>2026-03-28T12:10:04.000Z</time></trkpt>
      <trkpt lat="53.449540" lon="-1.854964"><ele>564.0</ele><time>2026-03-28T12:10:05.000Z</time></trkpt>
      <trkpt lat="53.449535" lon="-1.854945"><ele>564.4</ele><time>2026-03-28T12:10:06.000Z</time></trkpt>
      <trkpt lat="53.449530" lon="-1.854928"><ele>564.0</ele><time>2026-03-28T12:10:07.000Z</time></trkpt>
      <trkpt lat="53.449528" lon="-1.854904"><ele>564.8</ele><time>2026-03-28T12:10:08.000Z</time></trkpt>
      <trkpt lat="53.449520" lon="-1.854896"><ele>564.6</ele><time>2026-03-28T12:10:09.000Z</time></trkpt>
      <trkpt lat="53.449512" lon="-1.854880"><ele>564.4</ele><time>2026-03-28T12:10:10.000Z</time></trkpt>
      <trkpt lat="53.449510" lon="-1.854862"><ele>564.4</ele><time>2026-03-28T12:10:11.000Z</time></trkpt>
      <trkpt lat="53.449497" lon="-1.854843"><ele>564.8</ele><time>2026-03-28T12:10:12.000Z</time></trkpt>
      <trkpt lat="53.449490" lon="-1.854826"><ele>565.0</ele><time>2026-03-28T12:10:13.000Z</time></trkpt>
      <trkpt lat="53.449486" lon="-1.854813"><ele>564.6</ele><time>2026-03-28T12:10:14.000Z</time></trkpt>
      <trkpt lat="53.449490" lon="-1.854796"><ele>565.2</ele><time>2026-03-28T12:10:15.000Z</time></trkpt>
      <trkpt lat="53.449490" lon="-1.854789"><ele>565.2</ele><time>2026-03-28T12:10:16.000Z</time></trkpt>
      <trkpt lat="53.449493" lon="-1.854761"><ele>564.8</ele><time>2026-03-28T12:10:17.000Z</time></trkpt>
      <trkpt lat="53.449490" lon="-1.854742"><ele>564.0</ele><time>2026-03-28T12:10:18.000Z</time></trkpt>
      <trkpt lat="53.449486" lon="-1.854723"><ele>564.0</ele><time>2026-03-28T12:10:19.000Z</time></trkpt>
      <trkpt lat="53.449480" lon="-1.854699"><ele>564.2</ele><time>2026-03-28T12:10:20.000Z</time></trkpt>
      <trkpt lat="53.449474" lon="-1.854686"><ele>564.2</ele><time>2026-03-28T12:10:21.000Z</time></trkpt>
      <trkpt lat="53.449474" lon="-1.854676"><ele>564.0</ele><time>2026-03-28T12:10:22.000Z</time></trkpt>
      <trkpt lat="53.449467" lon="-1.854649"><ele>563.8</ele><time>2026-03-28T12:10:23.000Z</time></trkpt>
      <trkpt lat="53.449460" lon="-1.854634"><ele>563.8</ele><time>2026-03-28T12:10:24.000Z</time></trkpt>
      <trkpt lat="53.449455" lon="-1.854614"><ele>564.0</ele><time>2026-03-28T12:10:25.000Z</time></trkpt>
      <trkpt lat="53.449444" lon="-1.854601"><ele>564.2</ele><time>2026-03-28T12:10:26.000Z</time></trkpt>
      <trkpt lat="53.449436" lon="-1.854584"><ele>563.8</ele><time>2026-03-28T12:10:27.000Z</time></trkpt>
      <trkpt lat="53.449432" lon="-1.854564"><ele>564.0</ele><time>2026-03-28T12:10:28.000Z</time></trkpt>
      <trkpt lat="53.449430" lon="-1.854543"><ele>564.0</ele><time>2026-03-28T12:10:29.000Z</time></trkpt>
      <trkpt lat="53.449420" lon="-1.854522"><ele>563.8</ele><time>2026-03-28T12:10:30.000Z</time></trkpt>
      <trkpt lat="53.449417" lon="-1.854508"><ele>564.0</ele><time>2026-03-28T12:10:31.000Z</time></trkpt>
      <trkpt lat="53.449410" lon="-1.854484"><ele>563.6</ele><time>2026-03-28T12:10:32.000Z</time></trkpt>
      <trkpt lat="53.449406" lon="-1.854469"><ele>563.6</ele><time>2026-03-28T12:10:33.000Z</time></trkpt>
      <trkpt lat="53.449398" lon="-1.854452"><ele>563.6</ele><time>2026-03-28T12:10:34.000Z</time></trkpt>
      <trkpt lat="53.449394" lon="-1.854436"><ele>563.6</ele><time>2026-03-28T12:10:35.000Z</time></trkpt>
      <trkpt lat="53.449387" lon="-1.854414"><ele>563.6</ele><time>2026-03-28T12:10:36.000Z</time></trkpt>
      <trkpt lat="53.449375" lon="-1.854398"><ele>563.6</ele><time>2026-03-28T12:10:37.000Z</time></trkpt>
      <trkpt lat="53.449368" lon="-1.854387"><ele>563.6</ele><time>2026-03-28T12:10:38.000Z</time></trkpt>
      <trkpt lat="53.449360" lon="-1.854376"><ele>563.2</ele><time>2026-03-28T12:10:39.000Z</time></trkpt>
      <trkpt lat="53.449352" lon="-1.854369"><ele>564.0</ele><time>2026-03-28T12:10:40.000Z</time></trkpt>
      <trkpt lat="53.449350" lon="-1.854357"><ele>563.8</ele><time>2026-03-28T12:10:41.000Z</time></trkpt>
      <trkpt lat="53.449340" lon="-1.854328"><ele>564.2</ele><time>2026-03-28T12:10:42.000Z</time></trkpt>
      <trkpt lat="53.449333" lon="-1.854318"><ele>564.0</ele><time>2026-03-28T12:10:43.000Z</time></trkpt>
      <trkpt lat="53.449330" lon="-1.854298"><ele>564.0</ele><time>2026-03-28T12:10:44.000Z</time></trkpt>
      <trkpt lat="53.449326" lon="-1.854279"><ele>564.0</ele><time>2026-03-28T12:10:45.000Z</time></trkpt>
      <trkpt lat="53.449318" lon="-1.854261"><ele>564.0</ele><time>2026-03-28T12:10:46.000Z</time></trkpt>
      <trkpt lat="53.449314" lon="-1.854242"><ele>563.8</ele><time>2026-03-28T12:10:47.000Z</time></trkpt>
      <trkpt lat="53.449318" lon="-1.854226"><ele>564.4</ele><time>2026-03-28T12:10:48.000Z</time></trkpt>
      <trkpt lat="53.449314" lon="-1.854207"><ele>563.8</ele><time>2026-03-28T12:10:49.000Z</time></trkpt>
      <trkpt lat="53.449306" lon="-1.854189"><ele>563.6</ele><time>2026-03-28T12:10:50.000Z</time></trkpt>
      <trkpt lat="53.449295" lon="-1.854166"><ele>564.2</ele><time>2026-03-28T12:10:51.000Z</time></trkpt>
      <trkpt lat="53.449287" lon="-1.854155"><ele>564.6</ele><time>2026-03-28T12:10:52.000Z</time></trkpt>
      <trkpt lat="53.449280" lon="-1.854147"><ele>564.6</ele><time>2026-03-28T12:10:53.000Z</time></trkpt>
      <trkpt lat="53.449272" lon="-1.854135"><ele>564.4</ele><time>2026-03-28T12:10:54.000Z</time></trkpt>
      <trkpt lat="53.449270" lon="-1.854112"><ele>565.2</ele><time>2026-03-28T12:10:55.000Z</time></trkpt>
      <trkpt lat="53.449265" lon="-1.854084"><ele>565.0</ele><time>2026-03-28T12:10:56.000Z</time></trkpt>
      <trkpt lat="53.449265" lon="-1.854068"><ele>565.0</ele><time>2026-03-28T12:10:57.000Z</time></trkpt>
      <trkpt lat="53.449260" lon="-1.854050"><ele>564.0</ele><time>2026-03-28T12:10:58.000Z</time></trkpt>
      <trkpt lat="53.449265" lon="-1.854033"><ele>564.4</ele><time>2026-03-28T12:10:59.000Z</time></trkpt>
      <trkpt lat="53.449265" lon="-1.854010"><ele>564.6</ele><time>2026-03-28T12:11:00.000Z</time></trkpt>
      <trkpt lat="53.449265" lon="-1.853992"><ele>564.6</ele><time>2026-03-28T12:11:01.000Z</time></trkpt>
      <trkpt lat="53.449257" lon="-1.853975"><ele>564.6</ele><time>2026-03-28T12:11:02.000Z</time></trkpt>
      <trkpt lat="53.449257" lon="-1.853958"><ele>563.8</ele><time>2026-03-28T12:11:03.000Z</time></trkpt>
      <trkpt lat="53.449253" lon="-1.853939"><ele>564.4</ele><time>2026-03-28T12:11:04.000Z</time></trkpt>
      <trkpt lat="53.449245" lon="-1.853908"><ele>564.8</ele><time>2026-03-28T12:11:05.000Z</time></trkpt>
      <trkpt lat="53.449240" lon="-1.853894"><ele>564.4</ele><time>2026-03-28T12:11:06.000Z</time></trkpt>
      <trkpt lat="53.449238" lon="-1.853874"><ele>564.6</ele><time>2026-03-28T12:11:07.000Z</time></trkpt>
      <trkpt lat="53.449234" lon="-1.853852"><ele>564.4</ele><time>2026-03-28T12:11:08.000Z</time></trkpt>
      <trkpt lat="53.449230" lon="-1.853836"><ele>563.8</ele><time>2026-03-28T12:11:09.000Z</time></trkpt>
      <trkpt lat="53.449220" lon="-1.853820"><ele>564.0</ele><time>2026-03-28T12:11:10.000Z</time></trkpt>
      <trkpt lat="53.449215" lon="-1.853798"><ele>563.6</ele><time>2026-03-28T12:11:11.000Z</time></trkpt>
      <trkpt lat="53.449207" lon="-1.853777"><ele>564.2</ele><time>2026-03-28T12:11:12.000Z</time></trkpt>
      <trkpt lat="53.449203" lon="-1.853757"><ele>564.6</ele><time>2026-03-28T12:11:13.000Z</time></trkpt>
      <trkpt lat="53.449196" lon="-1.853737"><ele>564.2</ele><time>2026-03-28T12:11:14.000Z</time></trkpt>
      <trkpt lat="53.449190" lon="-1.853723"><ele>564.8</ele><time>2026-03-28T12:11:15.000Z</time></trkpt>
      <trkpt lat="53.449184" lon="-1.853707"><ele>564.6</ele><time>2026-03-28T12:11:16.000Z</time></trkpt>
      <trkpt lat="53.449180" lon="-1.853691"><ele>564.8</ele><time>2026-03-28T12:11:17.000Z</time></trkpt>
      <trkpt lat="53.449177" lon="-1.853671"><ele>564.8</ele><time>2026-03-28T12:11:18.000Z</time></trkpt>
      <trkpt lat="53.449170" lon="-1.853655"><ele>565.4</ele><time>2026-03-28T12:11:19.000Z</time></trkpt>
      <trkpt lat="53.449165" lon="-1.853643"><ele>565.8</ele><time>2026-03-28T12:11:20.000Z</time></trkpt>
      <trkpt lat="53.449165" lon="-1.853627"><ele>565.6</ele><time>2026-03-28T12:11:21.000Z</time></trkpt>
      <trkpt lat="53.449165" lon="-1.853598"><ele>565.4</ele><time>2026-03-28T12:11:22.000Z</time></trkpt>
      <trkpt lat="53.449158" lon="-1.853576"><ele>565.0</ele><time>2026-03-28T12:11:23.000Z</time></trkpt>
      <trkpt lat="53.449150" lon="-1.853563"><ele>565.0</ele><time>2026-03-28T12:11:24.000Z</time></trkpt>
      <trkpt lat="53.449142" lon="-1.853536"><ele>565.0</ele><time>2026-03-28T12:11:25.000Z</time></trkpt>
      <trkpt lat="53.449135" lon="-1.853525"><ele>564.8</ele><time>2026-03-28T12:11:26.000Z</time></trkpt>
      <trkpt lat="53.449135" lon="-1.853518"><ele>565.6</ele><time>2026-03-28T12:11:27.000Z</time></trkpt>
      <trkpt lat="53.449130" lon="-1.853504"><ele>565.4</ele><time>2026-03-28T12:11:28.000Z</time></trkpt>
      <trkpt lat="53.449123" lon="-1.853485"><ele>565.4</ele><time>2026-03-28T12:11:29.000Z</time></trkpt>
      <trkpt lat="53.449110" lon="-1.853468"><ele>565.6</ele><time>2026-03-28T12:11:30.000Z</time></trkpt>
      <trkpt lat="53.449100" lon="-1.853462"><ele>565.6</ele><time>2026-03-28T12:11:31.000Z</time></trkpt>
      <trkpt lat="53.449093" lon="-1.853460"><ele>565.2</ele><time>2026-03-28T12:11:32.000Z</time></trkpt>
      <trkpt lat="53.449085" lon="-1.853455"><ele>565.2</ele><time>2026-03-28T12:11:33.000Z</time></trkpt>
      <trkpt lat="53.449074" lon="-1.853445"><ele>565.6</ele><time>2026-03-28T12:11:34.000Z</time></trkpt>
      <trkpt lat="53.449062" lon="-1.853436"><ele>565.0</ele><time>2026-03-28T12:11:35.000Z</time></trkpt>
      <trkpt lat="53.449060" lon="-1.853427"><ele>564.8</ele><time>2026-03-28T12:11:36.000Z</time></trkpt>
      <trkpt lat="53.449060" lon="-1.853416"><ele>565.4</ele><time>2026-03-28T12:11:37.000Z</time></trkpt>
      <trkpt lat="53.449047" lon="-1.853404"><ele>565.0</ele><time>2026-03-28T12:11:38.000Z</time></trkpt>
      <trkpt lat="53.449040" lon="-1.853396"><ele>565.6</ele><time>2026-03-28T12:11:39.000Z</time></trkpt>
      <trkpt lat="53.449030" lon="-1.853399"><ele>565.8</ele><time>2026-03-28T12:11:40.000Z</time></trkpt>
      <trkpt lat="53.449024" lon="-1.853393"><ele>566.0</ele><time>2026-03-28T12:11:41.000Z</time></trkpt>
      <trkpt lat="53.449017" lon="-1.853383"><ele>567.0</ele><time>2026-03-28T12:11:42.000Z</time></trkpt>
      <trkpt lat="53.449010" lon="-1.853378"><ele>566.6</ele><time>2026-03-28T12:11:43.000Z</time></trkpt>
      <trkpt lat="53.448994" lon="-1.853374"><ele>566.2</ele><time>2026-03-28T12:11:44.000Z</time></trkpt>
      <trkpt lat="53.448990" lon="-1.853377"><ele>566.8</ele><time>2026-03-28T12:11:45.000Z</time></trkpt>
      <trkpt lat="53.448982" lon="-1.853375"><ele>567.2</ele><time>2026-03-28T12:11:46.000Z</time></trkpt>
      <trkpt lat="53.448970" lon="-1.853375"><ele>567.6</ele><time>2026-03-28T12:11:47.000Z</time></trkpt>
      <trkpt lat="53.448956" lon="-1.853375"><ele>567.6</ele><time>2026-03-28T12:11:48.000Z</time></trkpt>
      <trkpt lat="53.448948" lon="-1.853379"><ele>567.4</ele><time>2026-03-28T12:11:49.000Z</time></trkpt>
      <trkpt lat="53.448936" lon="-1.853377"><ele>567.6</ele><time>2026-03-28T12:11:50.000Z</time></trkpt>
      <trkpt lat="53.448930" lon="-1.853386"><ele>568.4</ele><time>2026-03-28T12:11:51.000Z</time></trkpt>
      <trkpt lat="53.448920" lon="-1.853389"><ele>567.6</ele><time>2026-03-28T12:11:52.000Z</time></trkpt>
      <trkpt lat="53.448914" lon="-1.853396"><ele>568.4</ele><time>2026-03-28T12:11:53.000Z</time></trkpt>
      <trkpt lat="53.448902" lon="-1.853396"><ele>568.2</ele><time>2026-03-28T12:11:54.000Z</time></trkpt>
      <trkpt lat="53.448890" lon="-1.853403"><ele>568.4</ele><time>2026-03-28T12:11:55.000Z</time></trkpt>
      <trkpt lat="53.448883" lon="-1.853409"><ele>568.6</ele><time>2026-03-28T12:11:56.000Z</time></trkpt>
      <trkpt lat="53.448870" lon="-1.853407"><ele>569.0</ele><time>2026-03-28T12:11:57.000Z</time></trkpt>
      <trkpt lat="53.448860" lon="-1.853414"><ele>569.0</ele><time>2026-03-28T12:11:58.000Z</time></trkpt>
      <trkpt lat="53.448850" lon="-1.853424"><ele>569.2</ele><time>2026-03-28T12:11:59.000Z</time></trkpt>
      <trkpt lat="53.448840" lon="-1.853438"><ele>569.4</ele><time>2026-03-28T12:12:00.000Z</time></trkpt>
      <trkpt lat="53.448837" lon="-1.853445"><ele>569.4</ele><time>2026-03-28T12:12:01.000Z</time></trkpt>
      <trkpt lat="53.448826" lon="-1.853464"><ele>569.0</ele><time>2026-03-28T12:12:02.000Z</time></trkpt>
      <trkpt lat="53.448814" lon="-1.853479"><ele>570.0</ele><time>2026-03-28T12:12:03.000Z</time></trkpt>
      <trkpt lat="53.448807" lon="-1.853482"><ele>569.2</ele><time>2026-03-28T12:12:04.000Z</time></trkpt>
      <trkpt lat="53.448803" lon="-1.853498"><ele>569.4</ele><time>2026-03-28T12:12:05.000Z</time></trkpt>
      <trkpt lat="53.448795" lon="-1.853514"><ele>569.4</ele><time>2026-03-28T12:12:06.000Z</time></trkpt>
      <trkpt lat="53.448788" lon="-1.853538"><ele>569.6</ele><time>2026-03-28T12:12:07.000Z</time></trkpt>
      <trkpt lat="53.448788" lon="-1.853550"><ele>569.6</ele><time>2026-03-28T12:12:08.000Z</time></trkpt>
      <trkpt lat="53.448784" lon="-1.853571"><ele>569.8</ele><time>2026-03-28T12:12:09.000Z</time></trkpt>
      <trkpt lat="53.448780" lon="-1.853589"><ele>570.4</ele><time>2026-03-28T12:12:10.000Z</time></trkpt>
      <trkpt lat="53.448776" lon="-1.853613"><ele>570.0</ele><time>2026-03-28T12:12:11.000Z</time></trkpt>
      <trkpt lat="53.448770" lon="-1.853629"><ele>570.2</ele><time>2026-03-28T12:12:12.000Z</time></trkpt>
      <trkpt lat="53.448765" lon="-1.853644"><ele>569.4</ele><time>2026-03-28T12:12:13.000Z</time></trkpt>
      <trkpt lat="53.448757" lon="-1.853667"><ele>570.2</ele><time>2026-03-28T12:12:14.000Z</time></trkpt>
      <trkpt lat="53.448753" lon="-1.853681"><ele>570.2</ele><time>2026-03-28T12:12:15.000Z</time></trkpt>
      <trkpt lat="53.448750" lon="-1.853678"><ele>569.8</ele><time>2026-03-28T12:12:16.000Z</time></trkpt>
      <trkpt lat="53.448746" lon="-1.853699"><ele>569.6</ele><time>2026-03-28T12:12:17.000Z</time></trkpt>
      <trkpt lat="53.448742" lon="-1.853719"><ele>569.4</ele><time>2026-03-28T12:12:18.000Z</time></trkpt>
      <trkpt lat="53.448740" lon="-1.853733"><ele>569.2</ele><time>2026-03-28T12:12:19.000Z</time></trkpt>
      <trkpt lat="53.448730" lon="-1.853744"><ele>569.8</ele><time>2026-03-28T12:12:20.000Z</time></trkpt>
      <trkpt lat="53.448723" lon="-1.853749"><ele>569.4</ele><time>2026-03-28T12:12:21.000Z</time></trkpt>
      <trkpt lat="53.448715" lon="-1.853749"><ele>569.8</ele><time>2026-03-28T12:12:22.000Z</time></trkpt>
      <trkpt lat="53.448710" lon="-1.853756"><ele>569.4</ele><time>2026-03-28T12:12:23.000Z</time></trkpt>
      <trkpt lat="53.448708" lon="-1.853757"><ele>569.8</ele><time>2026-03-28T12:12:24.000Z</time></trkpt>
      <trkpt lat="53.448696" lon="-1.853756"><ele>569.4</ele><time>2026-03-28T12:12:25.000Z</time></trkpt>
      <trkpt lat="53.448680" lon="-1.853761"><ele>569.8</ele><time>2026-03-28T12:12:26.000Z</time></trkpt>
      <trkpt lat="53.448670" lon="-1.853768"><ele>569.6</ele><time>2026-03-28T12:12:27.000Z</time></trkpt>
      <trkpt lat="53.448666" lon="-1.853777"><ele>569.2</ele><time>2026-03-28T12:12:28.000Z</time></trkpt>
      <trkpt lat="53.448654" lon="-1.853784"><ele>569.8</ele><time>2026-03-28T12:12:29.000Z</time></trkpt>
      <trkpt lat="53.448640" lon="-1.853794"><ele>570.0</ele><time>2026-03-28T12:12:30.000Z</time></trkpt>
      <trkpt lat="53.448630" lon="-1.853797"><ele>569.8</ele><time>2026-03-28T12:12:31.000Z</time></trkpt>
      <trkpt lat="53.448624" lon="-1.853806"><ele>569.4</ele><time>2026-03-28T12:12:32.000Z</time></trkpt>
      <trkpt lat="53.448610" lon="-1.853821"><ele>570.0</ele><time>2026-03-28T12:12:33.000Z</time></trkpt>
      <trkpt lat="53.448597" lon="-1.853822"><ele>571.2</ele><time>2026-03-28T12:12:34.000Z</time></trkpt>
      <trkpt lat="53.448580" lon="-1.853834"><ele>571.0</ele><time>2026-03-28T12:12:35.000Z</time></trkpt>
      <trkpt lat="53.448574" lon="-1.853847"><ele>570.4</ele><time>2026-03-28T12:12:36.000Z</time></trkpt>
      <trkpt lat="53.448563" lon="-1.853865"><ele>570.6</ele><time>2026-03-28T12:12:37.000Z</time></trkpt>
      <trkpt lat="53.448550" lon="-1.853878"><ele>570.8</ele><time>2026-03-28T12:12:38.000Z</time></trkpt>
      <trkpt lat="53.448544" lon="-1.853881"><ele>570.6</ele><time>2026-03-28T12:12:39.000Z</time></trkpt>
      <trkpt lat="53.448536" lon="-1.853883"><ele>570.6</ele><time>2026-03-28T12:12:40.000Z</time></trkpt>
      <trkpt lat="53.448530" lon="-1.853880"><ele>570.6</ele><time>2026-03-28T12:12:41.000Z</time></trkpt>
      <trkpt lat="53.448517" lon="-1.853877"><ele>570.6</ele><time>2026-03-28T12:12:42.000Z</time></trkpt>
      <trkpt lat="53.448505" lon="-1.853872"><ele>570.0</ele><time>2026-03-28T12:12:43.000Z</time></trkpt>
      <trkpt lat="53.448494" lon="-1.853860"><ele>569.8</ele><time>2026-03-28T12:12:44.000Z</time></trkpt>
      <trkpt lat="53.448486" lon="-1.853846"><ele>570.0</ele><time>2026-03-28T12:12:45.000Z</time></trkpt>
      <trkpt lat="53.448475" lon="-1.853827"><ele>570.0</ele><time>2026-03-28T12:12:46.000Z</time></trkpt>
      <trkpt lat="53.448463" lon="-1.853824"><ele>569.2</ele><time>2026-03-28T12:12:47.000Z</time></trkpt>
      <trkpt lat="53.448452" lon="-1.853818"><ele>569.2</ele><time>2026-03-28T12:12:48.000Z</time></trkpt>
      <trkpt lat="53.448437" lon="-1.853817"><ele>569.6</ele><time>2026-03-28T12:12:49.000Z</time></trkpt>
      <trkpt lat="53.448430" lon="-1.853814"><ele>570.4</ele><time>2026-03-28T12:12:50.000Z</time></trkpt>
      <trkpt lat="53.448418" lon="-1.853800"><ele>570.4</ele><time>2026-03-28T12:12:51.000Z</time></trkpt>
      <trkpt lat="53.448402" lon="-1.853793"><ele>570.2</ele><time>2026-03-28T12:12:52.000Z</time></trkpt>
      <trkpt lat="53.448395" lon="-1.853782"><ele>570.2</ele><time>2026-03-28T12:12:53.000Z</time></trkpt>
      <trkpt lat="53.448383" lon="-1.853771"><ele>570.0</ele><time>2026-03-28T12:12:54.000Z</time></trkpt>
      <trkpt lat="53.448370" lon="-1.853758"><ele>570.4</ele><time>2026-03-28T12:12:55.000Z</time></trkpt>
      <trkpt lat="53.448364" lon="-1.853744"><ele>570.6</ele><time>2026-03-28T12:12:56.000Z</time></trkpt>
      <trkpt lat="53.448360" lon="-1.853731"><ele>571.2</ele><time>2026-03-28T12:12:57.000Z</time></trkpt>
      <trkpt lat="53.448350" lon="-1.853715"><ele>571.2</ele><time>2026-03-28T12:12:58.000Z</time></trkpt>
      <trkpt lat="53.448345" lon="-1.853708"><ele>571.0</ele><time>2026-03-28T12:12:59.000Z</time></trkpt>
      <trkpt lat="53.448340" lon="-1.853706"><ele>571.4</ele><time>2026-03-28T12:13:00.000Z</time></trkpt>
      <trkpt lat="53.448330" lon="-1.853698"><ele>571.4</ele><time>2026-03-28T12:13:01.000Z</time></trkpt>
      <trkpt lat="53.448326" lon="-1.853683"><ele>570.4</ele><time>2026-03-28T12:13:02.000Z</time></trkpt>
      <trkpt lat="53.448322" lon="-1.853670"><ele>571.4</ele><time>2026-03-28T12:13:03.000Z</time></trkpt>
      <trkpt lat="53.448322" lon="-1.853666"><ele>571.2</ele><time>2026-03-28T12:13:04.000Z</time></trkpt>
      <trkpt lat="53.448310" lon="-1.853645"><ele>571.6</ele><time>2026-03-28T12:13:05.000Z</time></trkpt>
      <trkpt lat="53.448303" lon="-1.853636"><ele>571.4</ele><time>2026-03-28T12:13:06.000Z</time></trkpt>
      <trkpt lat="53.448296" lon="-1.853625"><ele>572.0</ele><time>2026-03-28T12:13:07.000Z</time></trkpt>
      <trkpt lat="53.448296" lon="-1.853610"><ele>571.8</ele><time>2026-03-28T12:13:08.000Z</time></trkpt>
      <trkpt lat="53.448288" lon="-1.853591"><ele>572.6</ele><time>2026-03-28T12:13:09.000Z</time></trkpt>
      <trkpt lat="53.448284" lon="-1.853574"><ele>571.8</ele><time>2026-03-28T12:13:10.000Z</time></trkpt>
      <trkpt lat="53.448277" lon="-1.853559"><ele>571.6</ele><time>2026-03-28T12:13:11.000Z</time></trkpt>
      <trkpt lat="53.448273" lon="-1.853542"><ele>572.0</ele><time>2026-03-28T12:13:12.000Z</time></trkpt>
      <trkpt lat="53.448270" lon="-1.853527"><ele>572.2</ele><time>2026-03-28T12:13:13.000Z</time></trkpt>
      <trkpt lat="53.448260" lon="-1.853496"><ele>572.2</ele><time>2026-03-28T12:13:14.000Z</time></trkpt>
      <trkpt lat="53.448257" lon="-1.853485"><ele>572.2</ele><time>2026-03-28T12:13:15.000Z</time></trkpt>
      <trkpt lat="53.448254" lon="-1.853462"><ele>572.8</ele><time>2026-03-28T12:13:16.000Z</time></trkpt>
      <trkpt lat="53.448246" lon="-1.853448"><ele>572.0</ele><time>2026-03-28T12:13:17.000Z</time></trkpt>
      <trkpt lat="53.448242" lon="-1.853426"><ele>572.2</ele><time>2026-03-28T12:13:18.000Z</time></trkpt>
      <trkpt lat="53.448235" lon="-1.853411"><ele>572.0</ele><time>2026-03-28T12:13:19.000Z</time></trkpt>
      <trkpt lat="53.448227" lon="-1.853389"><ele>572.8</ele><time>2026-03-28T12:13:20.000Z</time></trkpt>
      <trkpt lat="53.448220" lon="-1.853377"><ele>572.8</ele><time>2026-03-28T12:13:21.000Z</time></trkpt>
      <trkpt lat="53.448210" lon="-1.853356"><ele>573.2</ele><time>2026-03-28T12:13:22.000Z</time></trkpt>
      <trkpt lat="53.448204" lon="-1.853344"><ele>572.6</ele><time>2026-03-28T12:13:23.000Z</time></trkpt>
      <trkpt lat="53.448196" lon="-1.853331"><ele>573.4</ele><time>2026-03-28T12:13:24.000Z</time></trkpt>
      <trkpt lat="53.448190" lon="-1.853312"><ele>574.2</ele><time>2026-03-28T12:13:25.000Z</time></trkpt>
      <trkpt lat="53.448177" lon="-1.853305"><ele>574.0</ele><time>2026-03-28T12:13:26.000Z</time></trkpt>
      <trkpt lat="53.448166" lon="-1.853295"><ele>573.4</ele><time>2026-03-28T12:13:27.000Z</time></trkpt>
      <trkpt lat="53.448154" lon="-1.853287"><ele>572.8</ele><time>2026-03-28T12:13:28.000Z</time></trkpt>
      <trkpt lat="53.448147" lon="-1.853274"><ele>573.4</ele><time>2026-03-28T12:13:29.000Z</time></trkpt>
      <trkpt lat="53.448140" lon="-1.853260"><ele>573.6</ele><time>2026-03-28T12:13:30.000Z</time></trkpt>
      <trkpt lat="53.448130" lon="-1.853249"><ele>572.8</ele><time>2026-03-28T12:13:31.000Z</time></trkpt>
      <trkpt lat="53.448124" lon="-1.853238"><ele>572.4</ele><time>2026-03-28T12:13:32.000Z</time></trkpt>
      <trkpt lat="53.448112" lon="-1.853218"><ele>572.8</ele><time>2026-03-28T12:13:33.000Z</time></trkpt>
      <trkpt lat="53.448110" lon="-1.853200"><ele>572.6</ele><time>2026-03-28T12:13:34.000Z</time></trkpt>
      <trkpt lat="53.448100" lon="-1.853180"><ele>572.6</ele><time>2026-03-28T12:13:35.000Z</time></trkpt>
      <trkpt lat="53.448097" lon="-1.853163"><ele>572.8</ele><time>2026-03-28T12:13:36.000Z</time></trkpt>
      <trkpt lat="53.448093" lon="-1.853147"><ele>572.8</ele><time>2026-03-28T12:13:37.000Z</time></trkpt>
      <trkpt lat="53.448090" lon="-1.853129"><ele>573.0</ele><time>2026-03-28T12:13:38.000Z</time></trkpt>
      <trkpt lat="53.448086" lon="-1.853103"><ele>573.2</ele><time>2026-03-28T12:13:39.000Z</time></trkpt>
      <trkpt lat="53.448086" lon="-1.853083"><ele>573.4</ele><time>2026-03-28T12:13:40.000Z</time></trkpt>
      <trkpt lat="53.448086" lon="-1.853061"><ele>573.8</ele><time>2026-03-28T12:13:41.000Z</time></trkpt>
      <trkpt lat="53.448080" lon="-1.853042"><ele>574.4</ele><time>2026-03-28T12:13:42.000Z</time></trkpt>
      <trkpt lat="53.448074" lon="-1.853031"><ele>573.6</ele><time>2026-03-28T12:13:43.000Z</time></trkpt>
      <trkpt lat="53.448070" lon="-1.853011"><ele>573.6</ele><time>2026-03-28T12:13:44.000Z</time></trkpt>
      <trkpt lat="53.448070" lon="-1.852991"><ele>573.6</ele><time>2026-03-28T12:13:45.000Z</time></trkpt>
      <trkpt lat="53.448063" lon="-1.852961"><ele>573.0</ele><time>2026-03-28T12:13:46.000Z</time></trkpt>
      <trkpt lat="53.448060" lon="-1.852953"><ele>572.8</ele><time>2026-03-28T12:13:47.000Z</time></trkpt>
      <trkpt lat="53.448050" lon="-1.852935"><ele>572.8</ele><time>2026-03-28T12:13:48.000Z</time></trkpt>
      <trkpt lat="53.448048" lon="-1.852916"><ele>573.6</ele><time>2026-03-28T12:13:49.000Z</time></trkpt>
      <trkpt lat="53.448040" lon="-1.852902"><ele>573.0</ele><time>2026-03-28T12:13:50.000Z</time></trkpt>
      <trkpt lat="53.448036" lon="-1.852883"><ele>573.2</ele><time>2026-03-28T12:13:51.000Z</time></trkpt>
      <trkpt lat="53.448030" lon="-1.852864"><ele>573.6</ele><time>2026-03-28T12:13:52.000Z</time></trkpt>
      <trkpt lat="53.448020" lon="-1.852851"><ele>573.2</ele><time>2026-03-28T12:13:53.000Z</time></trkpt>
      <trkpt lat="53.448017" lon="-1.852834"><ele>573.4</ele><time>2026-03-28T12:13:54.000Z</time></trkpt>
      <trkpt lat="53.448013" lon="-1.852820"><ele>573.6</ele><time>2026-03-28T12:13:55.000Z</time></trkpt>
      <trkpt lat="53.448000" lon="-1.852807"><ele>573.8</ele><time>2026-03-28T12:13:56.000Z</time></trkpt>
      <trkpt lat="53.447990" lon="-1.852790"><ele>574.0</ele><time>2026-03-28T12:13:57.000Z</time></trkpt>
      <trkpt lat="53.447980" lon="-1.852785"><ele>574.2</ele><time>2026-03-28T12:13:58.000Z</time></trkpt>
      <trkpt lat="53.447964" lon="-1.852770"><ele>573.8</ele><time>2026-03-28T12:13:59.000Z</time></trkpt>
      <trkpt lat="53.447960" lon="-1.852762"><ele>574.2</ele><time>2026-03-28T12:14:00.000Z</time></trkpt>
      <trkpt lat="53.447950" lon="-1.852755"><ele>574.8</ele><time>2026-03-28T12:14:01.000Z</time></trkpt>
      <trkpt lat="53.447937" lon="-1.852748"><ele>574.4</ele><time>2026-03-28T12:14:02.000Z</time></trkpt>
      <trkpt lat="53.447930" lon="-1.852736"><ele>575.8</ele><time>2026-03-28T12:14:03.000Z</time></trkpt>
      <trkpt lat="53.447914" lon="-1.852725"><ele>574.8</ele><time>2026-03-28T12:14:04.000Z</time></trkpt>
      <trkpt lat="53.447906" lon="-1.852709"><ele>575.6</ele><time>2026-03-28T12:14:05.000Z</time></trkpt>
      <trkpt lat="53.447900" lon="-1.852693"><ele>575.8</ele><time>2026-03-28T12:14:06.000Z</time></trkpt>
      <trkpt lat="53.447890" lon="-1.852682"><ele>575.0</ele><time>2026-03-28T12:14:07.000Z</time></trkpt>
      <trkpt lat="53.447880" lon="-1.852669"><ele>575.2</ele><time>2026-03-28T12:14:08.000Z</time></trkpt>
      <trkpt lat="53.447870" lon="-1.852665"><ele>574.8</ele><time>2026-03-28T12:14:09.000Z</time></trkpt>
      <trkpt lat="53.447860" lon="-1.852657"><ele>575.2</ele><time>2026-03-28T12:14:10.000Z</time></trkpt>
      <trkpt lat="53.447845" lon="-1.852646"><ele>575.4</ele><time>2026-03-28T12:14:11.000Z</time></trkpt>
      <trkpt lat="53.447834" lon="-1.852643"><ele>575.6</ele><time>2026-03-28T12:14:12.000Z</time></trkpt>
      <trkpt lat="53.447823" lon="-1.852640"><ele>575.6</ele><time>2026-03-28T12:14:13.000Z</time></trkpt>
      <trkpt lat="53.447810" lon="-1.852639"><ele>575.0</ele><time>2026-03-28T12:14:14.000Z</time></trkpt>
      <trkpt lat="53.447800" lon="-1.852641"><ele>575.0</ele><time>2026-03-28T12:14:15.000Z</time></trkpt>
      <trkpt lat="53.447790" lon="-1.852641"><ele>574.8</ele><time>2026-03-28T12:14:16.000Z</time></trkpt>
      <trkpt lat="53.447777" lon="-1.852641"><ele>574.4</ele><time>2026-03-28T12:14:17.000Z</time></trkpt>
      <trkpt lat="53.447770" lon="-1.852640"><ele>574.8</ele><time>2026-03-28T12:14:18.000Z</time></trkpt>
      <trkpt lat="53.447758" lon="-1.852646"><ele>574.6</ele><time>2026-03-28T12:14:19.000Z</time></trkpt>
      <trkpt lat="53.447746" lon="-1.852645"><ele>574.8</ele><time>2026-03-28T12:14:20.000Z</time></trkpt>
      <trkpt lat="53.447735" lon="-1.852647"><ele>575.0</ele><time>2026-03-28T12:14:21.000Z</time></trkpt>
      <trkpt lat="53.447727" lon="-1.852643"><ele>574.8</ele><time>2026-03-28T12:14:22.000Z</time></trkpt>
      <trkpt lat="53.447716" lon="-1.852640"><ele>574.6</ele><time>2026-03-28T12:14:23.000Z</time></trkpt>
      <trkpt lat="53.447710" lon="-1.852624"><ele>576.0</ele><time>2026-03-28T12:14:24.000Z</time></trkpt>
      <trkpt lat="53.447697" lon="-1.852602"><ele>576.4</ele><time>2026-03-28T12:14:25.000Z</time></trkpt>
      <trkpt lat="53.447690" lon="-1.852587"><ele>575.8</ele><time>2026-03-28T12:14:26.000Z</time></trkpt>
      <trkpt lat="53.447678" lon="-1.852578"><ele>575.6</ele><time>2026-03-28T12:14:27.000Z</time></trkpt>
      <trkpt lat="53.447670" lon="-1.852569"><ele>575.0</ele><time>2026-03-28T12:14:28.000Z</time></trkpt>
      <trkpt lat="53.447666" lon="-1.852559"><ele>575.0</ele><time>2026-03-28T12:14:29.000Z</time></trkpt>
      <trkpt lat="53.447666" lon="-1.852544"><ele>575.0</ele><time>2026-03-28T12:14:30.000Z</time></trkpt>
      <trkpt lat="53.447662" lon="-1.852520"><ele>575.8</ele><time>2026-03-28T12:14:31.000Z</time></trkpt>
      <trkpt lat="53.447655" lon="-1.852507"><ele>574.8</ele><time>2026-03-28T12:14:32.000Z</time></trkpt>
      <trkpt lat="53.447655" lon="-1.852496"><ele>575.8</ele><time>2026-03-28T12:14:33.000Z</time></trkpt>
      <trkpt lat="53.447655" lon="-1.852484"><ele>575.8</ele><time>2026-03-28T12:14:34.000Z</time></trkpt>
      <trkpt lat="53.447655" lon="-1.852447"><ele>576.4</ele><time>2026-03-28T12:14:35.000Z</time></trkpt>
      <trkpt lat="53.447650" lon="-1.852430"><ele>575.4</ele><time>2026-03-28T12:14:36.000Z</time></trkpt>
      <trkpt lat="53.447640" lon="-1.852415"><ele>575.6</ele><time>2026-03-28T12:14:37.000Z</time></trkpt>
      <trkpt lat="53.447628" lon="-1.852413"><ele>575.6</ele><time>2026-03-28T12:14:38.000Z</time></trkpt>
      <trkpt lat="53.447620" lon="-1.852410"><ele>575.8</ele><time>2026-03-28T12:14:39.000Z</time></trkpt>
      <trkpt lat="53.447613" lon="-1.852409"><ele>575.8</ele><time>2026-03-28T12:14:40.000Z</time></trkpt>
      <trkpt lat="53.447613" lon="-1.852402"><ele>575.6</ele><time>2026-03-28T12:14:41.000Z</time></trkpt>
      <trkpt lat="53.447598" lon="-1.852392"><ele>576.2</ele><time>2026-03-28T12:14:42.000Z</time></trkpt>
      <trkpt lat="53.447586" lon="-1.852385"><ele>575.2</ele><time>2026-03-28T12:14:43.000Z</time></trkpt>
      <trkpt lat="53.447586" lon="-1.852371"><ele>575.4</ele><time>2026-03-28T12:14:44.000Z</time></trkpt>
      <trkpt lat="53.447580" lon="-1.852347"><ele>575.8</ele><time>2026-03-28T12:14:45.000Z</time></trkpt>
      <trkpt lat="53.447567" lon="-1.852340"><ele>576.2</ele><time>2026-03-28T12:14:46.000Z</time></trkpt>
      <trkpt lat="53.447556" lon="-1.852327"><ele>574.8</ele><time>2026-03-28T12:14:47.000Z</time></trkpt>
      <trkpt lat="53.447548" lon="-1.852312"><ele>575.0</ele><time>2026-03-28T12:14:48.000Z</time></trkpt>
      <trkpt lat="53.447540" lon="-1.852297"><ele>575.4</ele><time>2026-03-28T12:14:49.000Z</time></trkpt>
      <trkpt lat="53.447536" lon="-1.852285"><ele>574.6</ele><time>2026-03-28T12:14:50.000Z</time></trkpt>
      <trkpt lat="53.447525" lon="-1.852270"><ele>574.4</ele><time>2026-03-28T12:14:51.000Z</time></trkpt>
      <trkpt lat="53.447506" lon="-1.852266"><ele>574.4</ele><time>2026-03-28T12:14:52.000Z</time></trkpt>
      <trkpt lat="53.447495" lon="-1.852263"><ele>574.4</ele><time>2026-03-28T12:14:53.000Z</time></trkpt>
      <trkpt lat="53.447475" lon="-1.852257"><ele>574.4</ele><time>2026-03-28T12:14:54.000Z</time></trkpt>
      <trkpt lat="53.447468" lon="-1.852260"><ele>574.6</ele><time>2026-03-28T12:14:55.000Z</time></trkpt>
      <trkpt lat="53.447453" lon="-1.852262"><ele>575.2</ele><time>2026-03-28T12:14:56.000Z</time></trkpt>
      <trkpt lat="53.447445" lon="-1.852262"><ele>575.0</ele><time>2026-03-28T12:14:57.000Z</time></trkpt>
      <trkpt lat="53.447433" lon="-1.852265"><ele>575.2</ele><time>2026-03-28T12:14:58.000Z</time></trkpt>
      <trkpt lat="53.447426" lon="-1.852273"><ele>575.6</ele><time>2026-03-28T12:14:59.000Z</time></trkpt>
      <trkpt lat="53.447414" lon="-1.852271"><ele>575.0</ele><time>2026-03-28T12:15:00.000Z</time></trkpt>
      <trkpt lat="53.447403" lon="-1.852275"><ele>575.2</ele><time>2026-03-28T12:15:01.000Z</time></trkpt>
      <trkpt lat="53.447390" lon="-1.852288"><ele>575.2</ele><time>2026-03-28T12:15:02.000Z</time></trkpt>
      <trkpt lat="53.447384" lon="-1.852299"><ele>575.6</ele><time>2026-03-28T12:15:03.000Z</time></trkpt>
      <trkpt lat="53.447376" lon="-1.852300"><ele>575.4</ele><time>2026-03-28T12:15:04.000Z</time></trkpt>
      <trkpt lat="53.447370" lon="-1.852306"><ele>575.0</ele><time>2026-03-28T12:15:05.000Z</time></trkpt>
      <trkpt lat="53.447357" lon="-1.852316"><ele>575.0</ele><time>2026-03-28T12:15:06.000Z</time></trkpt>
      <trkpt lat="53.447346" lon="-1.852329"><ele>575.4</ele><time>2026-03-28T12:15:07.000Z</time></trkpt>
      <trkpt lat="53.447342" lon="-1.852338"><ele>575.6</ele><time>2026-03-28T12:15:08.000Z</time></trkpt>
      <trkpt lat="53.447330" lon="-1.852349"><ele>575.2</ele><time>2026-03-28T12:15:09.000Z</time></trkpt>
      <trkpt lat="53.447320" lon="-1.852356"><ele>575.2</ele><time>2026-03-28T12:15:10.000Z</time></trkpt>
      <trkpt lat="53.447308" lon="-1.852367"><ele>575.0</ele><time>2026-03-28T12:15:11.000Z</time></trkpt>
      <trkpt lat="53.447296" lon="-1.852378"><ele>575.0</ele><time>2026-03-28T12:15:12.000Z</time></trkpt>
      <trkpt lat="53.447290" lon="-1.852385"><ele>574.8</ele><time>2026-03-28T12:15:13.000Z</time></trkpt>
      <trkpt lat="53.447277" lon="-1.852388"><ele>574.6</ele><time>2026-03-28T12:15:14.000Z</time></trkpt>
      <trkpt lat="53.447266" lon="-1.852397"><ele>574.6</ele><time>2026-03-28T12:15:15.000Z</time></trkpt>
      <trkpt lat="53.447250" lon="-1.852408"><ele>574.8</ele><time>2026-03-28T12:15:16.000Z</time></trkpt>
      <trkpt lat="53.447243" lon="-1.852415"><ele>575.4</ele><time>2026-03-28T12:15:17.000Z</time></trkpt>
      <trkpt lat="53.447230" lon="-1.852420"><ele>575.4</ele><time>2026-03-28T12:15:18.000Z</time></trkpt>
      <trkpt lat="53.447224" lon="-1.852422"><ele>575.2</ele><time>2026-03-28T12:15:19.000Z</time></trkpt>
      <trkpt lat="53.447212" lon="-1.852424"><ele>575.0</ele><time>2026-03-28T12:15:20.000Z</time></trkpt>
      <trkpt lat="53.447205" lon="-1.852427"><ele>575.0</ele><time>2026-03-28T12:15:21.000Z</time></trkpt>
      <trkpt lat="53.447190" lon="-1.852431"><ele>575.6</ele><time>2026-03-28T12:15:22.000Z</time></trkpt>
      <trkpt lat="53.447178" lon="-1.852430"><ele>575.0</ele><time>2026-03-28T12:15:23.000Z</time></trkpt>
      <trkpt lat="53.447166" lon="-1.852427"><ele>575.0</ele><time>2026-03-28T12:15:24.000Z</time></trkpt>
      <trkpt lat="53.447155" lon="-1.852423"><ele>575.4</ele><time>2026-03-28T12:15:25.000Z</time></trkpt>
      <trkpt lat="53.447144" lon="-1.852438"><ele>575.0</ele><time>2026-03-28T12:15:26.000Z</time></trkpt>
      <trkpt lat="53.447132" lon="-1.852464"><ele>575.2</ele><time>2026-03-28T12:15:27.000Z</time></trkpt>
      <trkpt lat="53.447130" lon="-1.852481"><ele>575.0</ele><time>2026-03-28T12:15:28.000Z</time></trkpt>
      <trkpt lat="53.447120" lon="-1.852496"><ele>574.8</ele><time>2026-03-28T12:15:29.000Z</time></trkpt>
      <trkpt lat="53.447113" lon="-1.852508"><ele>574.8</ele><time>2026-03-28T12:15:30.000Z</time></trkpt>
      <trkpt lat="53.447105" lon="-1.852512"><ele>574.6</ele><time>2026-03-28T12:15:31.000Z</time></trkpt>
      <trkpt lat="53.447094" lon="-1.852515"><ele>574.2</ele><time>2026-03-28T12:15:32.000Z</time></trkpt>
      <trkpt lat="53.447080" lon="-1.852526"><ele>574.6</ele><time>2026-03-28T12:15:33.000Z</time></trkpt>
      <trkpt lat="53.447070" lon="-1.852534"><ele>574.4</ele><time>2026-03-28T12:15:34.000Z</time></trkpt>
      <trkpt lat="53.447056" lon="-1.852547"><ele>574.2</ele><time>2026-03-28T12:15:35.000Z</time></trkpt>
      <trkpt lat="53.447050" lon="-1.852553"><ele>573.8</ele><time>2026-03-28T12:15:36.000Z</time></trkpt>
      <trkpt lat="53.447040" lon="-1.852557"><ele>574.2</ele><time>2026-03-28T12:15:37.000Z</time></trkpt>
      <trkpt lat="53.447030" lon="-1.852561"><ele>574.0</ele><time>2026-03-28T12:15:38.000Z</time></trkpt>
      <trkpt lat="53.447014" lon="-1.852570"><ele>573.8</ele><time>2026-03-28T12:15:39.000Z</time></trkpt>
      <trkpt lat="53.447006" lon="-1.852581"><ele>574.6</ele><time>2026-03-28T12:15:40.000Z</time></trkpt>
      <trkpt lat="53.446995" lon="-1.852586"><ele>574.8</ele><time>2026-03-28T12:15:41.000Z</time></trkpt>
      <trkpt lat="53.446983" lon="-1.852588"><ele>574.6</ele><time>2026-03-28T12:15:42.000Z</time></trkpt>
      <trkpt lat="53.446976" lon="-1.852592"><ele>574.6</ele><time>2026-03-28T12:15:43.000Z</time></trkpt>
      <trkpt lat="53.446964" lon="-1.852594"><ele>574.2</ele><time>2026-03-28T12:15:44.000Z</time></trkpt>
      <trkpt lat="53.446953" lon="-1.852602"><ele>574.2</ele><time>2026-03-28T12:15:45.000Z</time></trkpt>
      <trkpt lat="53.446940" lon="-1.852608"><ele>574.2</ele><time>2026-03-28T12:15:46.000Z</time></trkpt>
      <trkpt lat="53.446930" lon="-1.852623"><ele>574.2</ele><time>2026-03-28T12:15:47.000Z</time></trkpt>
      <trkpt lat="53.446926" lon="-1.852635"><ele>574.4</ele><time>2026-03-28T12:15:48.000Z</time></trkpt>
      <trkpt lat="53.446922" lon="-1.852649"><ele>574.6</ele><time>2026-03-28T12:15:49.000Z</time></trkpt>
      <trkpt lat="53.446915" lon="-1.852657"><ele>574.6</ele><time>2026-03-28T12:15:50.000Z</time></trkpt>
      <trkpt lat="53.446910" lon="-1.852674"><ele>574.4</ele><time>2026-03-28T12:15:51.000Z</time></trkpt>
      <trkpt lat="53.446903" lon="-1.852685"><ele>574.6</ele><time>2026-03-28T12:15:52.000Z</time></trkpt>
      <trkpt lat="53.446896" lon="-1.852675"><ele>575.0</ele><time>2026-03-28T12:15:53.000Z</time></trkpt>
      <trkpt lat="53.446884" lon="-1.852666"><ele>574.2</ele><time>2026-03-28T12:15:54.000Z</time></trkpt>
      <trkpt lat="53.446870" lon="-1.852667"><ele>574.0</ele><time>2026-03-28T12:15:55.000Z</time></trkpt>
      <trkpt lat="53.446857" lon="-1.852660"><ele>573.6</ele><time>2026-03-28T12:15:56.000Z</time></trkpt>
      <trkpt lat="53.446850" lon="-1.852645"><ele>574.0</ele><time>2026-03-28T12:15:57.000Z</time></trkpt>
      <trkpt lat="53.446842" lon="-1.852634"><ele>574.0</ele><time>2026-03-28T12:15:58.000Z</time></trkpt>
      <trkpt lat="53.446835" lon="-1.852625"><ele>574.4</ele><time>2026-03-28T12:15:59.000Z</time></trkpt>
      <trkpt lat="53.446827" lon="-1.852618"><ele>574.4</ele><time>2026-03-28T12:16:00.000Z</time></trkpt>
      <trkpt lat="53.446815" lon="-1.852598"><ele>574.0</ele><time>2026-03-28T12:16:01.000Z</time></trkpt>
      <trkpt lat="53.446810" lon="-1.852582"><ele>574.2</ele><time>2026-03-28T12:16:02.000Z</time></trkpt>
      <trkpt lat="53.446810" lon="-1.852563"><ele>574.0</ele><time>2026-03-28T12:16:03.000Z</time></trkpt>
      <trkpt lat="53.446808" lon="-1.852548"><ele>574.2</ele><time>2026-03-28T12:16:04.000Z</time></trkpt>
      <trkpt lat="53.446800" lon="-1.852530"><ele>574.2</ele><time>2026-03-28T12:16:05.000Z</time></trkpt>
      <trkpt lat="53.446796" lon="-1.852513"><ele>574.0</ele><time>2026-03-28T12:16:06.000Z</time></trkpt>
      <trkpt lat="53.446793" lon="-1.852497"><ele>573.8</ele><time>2026-03-28T12:16:07.000Z</time></trkpt>
      <trkpt lat="53.446785" lon="-1.852478"><ele>573.6</ele><time>2026-03-28T12:16:08.000Z</time></trkpt>
      <trkpt lat="53.446774" lon="-1.852471"><ele>573.8</ele><time>2026-03-28T12:16:09.000Z</time></trkpt>
      <trkpt lat="53.446760" lon="-1.852461"><ele>573.2</ele><time>2026-03-28T12:16:10.000Z</time></trkpt>
      <trkpt lat="53.446747" lon="-1.852461"><ele>573.0</ele><time>2026-03-28T12:16:11.000Z</time></trkpt>
      <trkpt lat="53.446728" lon="-1.852466"><ele>572.8</ele><time>2026-03-28T12:16:12.000Z</time></trkpt>
      <trkpt lat="53.446716" lon="-1.852476"><ele>573.4</ele><time>2026-03-28T12:16:13.000Z</time></trkpt>
      <trkpt lat="53.446705" lon="-1.852495"><ele>573.2</ele><time>2026-03-28T12:16:14.000Z</time></trkpt>
      <trkpt lat="53.446697" lon="-1.852506"><ele>572.6</ele><time>2026-03-28T12:16:15.000Z</time></trkpt>
      <trkpt lat="53.446690" lon="-1.852508"><ele>573.0</ele><time>2026-03-28T12:16:16.000Z</time></trkpt>
      <trkpt lat="53.446680" lon="-1.852520"><ele>573.0</ele><time>2026-03-28T12:16:17.000Z</time></trkpt>
      <trkpt lat="53.446667" lon="-1.852534"><ele>573.2</ele><time>2026-03-28T12:16:18.000Z</time></trkpt>
      <trkpt lat="53.446660" lon="-1.852551"><ele>573.2</ele><time>2026-03-28T12:16:19.000Z</time></trkpt>
      <trkpt lat="53.446655" lon="-1.852558"><ele>573.4</ele><time>2026-03-28T12:16:20.000Z</time></trkpt>
      <trkpt lat="53.446644" lon="-1.852561"><ele>572.4</ele><time>2026-03-28T12:16:21.000Z</time></trkpt>
      <trkpt lat="53.446632" lon="-1.852568"><ele>573.2</ele><time>2026-03-28T12:16:22.000Z</time></trkpt>
      <trkpt lat="53.446617" lon="-1.852569"><ele>572.8</ele><time>2026-03-28T12:16:23.000Z</time></trkpt>
      <trkpt lat="53.446610" lon="-1.852563"><ele>573.0</ele><time>2026-03-28T12:16:24.000Z</time></trkpt>
      <trkpt lat="53.446600" lon="-1.852557"><ele>573.2</ele><time>2026-03-28T12:16:25.000Z</time></trkpt>
      <trkpt lat="53.446598" lon="-1.852557"><ele>573.0</ele><time>2026-03-28T12:16:26.000Z</time></trkpt>
      <trkpt lat="53.446590" lon="-1.852556"><ele>573.0</ele><time>2026-03-28T12:16:27.000Z</time></trkpt>
      <trkpt lat="53.446583" lon="-1.852550"><ele>572.4</ele><time>2026-03-28T12:16:28.000Z</time></trkpt>
      <trkpt lat="53.446570" lon="-1.852549"><ele>573.0</ele><time>2026-03-28T12:16:29.000Z</time></trkpt>
      <trkpt lat="53.446568" lon="-1.852554"><ele>572.2</ele><time>2026-03-28T12:16:30.000Z</time></trkpt>
      <trkpt lat="53.446564" lon="-1.852557"><ele>572.2</ele><time>2026-03-28T12:16:31.000Z</time></trkpt>
      <trkpt lat="53.446560" lon="-1.852564"><ele>572.8</ele><time>2026-03-28T12:16:32.000Z</time></trkpt>
      <trkpt lat="53.446550" lon="-1.852571"><ele>572.8</ele><time>2026-03-28T12:16:33.000Z</time></trkpt>
      <trkpt lat="53.446540" lon="-1.852577"><ele>572.6</ele><time>2026-03-28T12:16:34.000Z</time></trkpt>
      <trkpt lat="53.446533" lon="-1.852579"><ele>572.6</ele><time>2026-03-28T12:16:35.000Z</time></trkpt>
      <trkpt lat="53.446520" lon="-1.852583"><ele>572.0</ele><time>2026-03-28T12:16:36.000Z</time></trkpt>
      <trkpt lat="53.446510" lon="-1.852588"><ele>572.2</ele><time>2026-03-28T12:16:37.000Z</time></trkpt>
      <trkpt lat="53.446495" lon="-1.852596"><ele>572.0</ele><time>2026-03-28T12:16:38.000Z</time></trkpt>
      <trkpt lat="53.446484" lon="-1.852607"><ele>572.6</ele><time>2026-03-28T12:16:39.000Z</time></trkpt>
      <trkpt lat="53.446472" lon="-1.852612"><ele>572.4</ele><time>2026-03-28T12:16:40.000Z</time></trkpt>
      <trkpt lat="53.446457" lon="-1.852612"><ele>572.0</ele><time>2026-03-28T12:16:41.000Z</time></trkpt>
      <trkpt lat="53.446450" lon="-1.852608"><ele>572.2</ele><time>2026-03-28T12:16:42.000Z</time></trkpt>
      <trkpt lat="53.446440" lon="-1.852604"><ele>571.8</ele><time>2026-03-28T12:16:43.000Z</time></trkpt>
      <trkpt lat="53.446423" lon="-1.852606"><ele>572.2</ele><time>2026-03-28T12:16:44.000Z</time></trkpt>
      <trkpt lat="53.446410" lon="-1.852619"><ele>572.2</ele><time>2026-03-28T12:16:45.000Z</time></trkpt>
      <trkpt lat="53.446400" lon="-1.852630"><ele>572.4</ele><time>2026-03-28T12:16:46.000Z</time></trkpt>
      <trkpt lat="53.446390" lon="-1.852639"><ele>572.0</ele><time>2026-03-28T12:16:47.000Z</time></trkpt>
      <trkpt lat="53.446377" lon="-1.852653"><ele>572.2</ele><time>2026-03-28T12:16:48.000Z</time></trkpt>
      <trkpt lat="53.446370" lon="-1.852667"><ele>572.4</ele><time>2026-03-28T12:16:49.000Z</time></trkpt>
      <trkpt lat="53.446360" lon="-1.852677"><ele>572.2</ele><time>2026-03-28T12:16:50.000Z</time></trkpt>
      <trkpt lat="53.446358" lon="-1.852678"><ele>572.4</ele><time>2026-03-28T12:16:51.000Z</time></trkpt>
      <trkpt lat="53.446346" lon="-1.852679"><ele>572.0</ele><time>2026-03-28T12:16:52.000Z</time></trkpt>
      <trkpt lat="53.446340" lon="-1.852681"><ele>572.2</ele><time>2026-03-28T12:16:53.000Z</time></trkpt>
      <trkpt lat="53.446335" lon="-1.852671"><ele>571.4</ele><time>2026-03-28T12:16:54.000Z</time></trkpt>
      <trkpt lat="53.446323" lon="-1.852671"><ele>571.6</ele><time>2026-03-28T12:16:55.000Z</time></trkpt>
      <trkpt lat="53.446316" lon="-1.852668"><ele>571.4</ele><time>2026-03-28T12:16:56.000Z</time></trkpt>
      <trkpt lat="53.446310" lon="-1.852659"><ele>571.2</ele><time>2026-03-28T12:16:57.000Z</time></trkpt>
      <trkpt lat="53.446300" lon="-1.852648"><ele>571.4</ele><time>2026-03-28T12:16:58.000Z</time></trkpt>
      <trkpt lat="53.446300" lon="-1.852642"><ele>570.6</ele><time>2026-03-28T12:16:59.000Z</time></trkpt>
      <trkpt lat="53.446300" lon="-1.852623"><ele>571.2</ele><time>2026-03-28T12:17:00.000Z</time></trkpt>
      <trkpt lat="53.446293" lon="-1.852600"><ele>571.0</ele><time>2026-03-28T12:17:01.000Z</time></trkpt>
      <trkpt lat="53.446285" lon="-1.852594"><ele>570.6</ele><time>2026-03-28T12:17:02.000Z</time></trkpt>
      <trkpt lat="53.446280" lon="-1.852579"><ele>570.6</ele><time>2026-03-28T12:17:03.000Z</time></trkpt>
      <trkpt lat="53.446274" lon="-1.852564"><ele>570.4</ele><time>2026-03-28T12:17:04.000Z</time></trkpt>
      <trkpt lat="53.446266" lon="-1.852542"><ele>570.4</ele><time>2026-03-28T12:17:05.000Z</time></trkpt>
      <trkpt lat="53.446260" lon="-1.852529"><ele>570.4</ele><time>2026-03-28T12:17:06.000Z</time></trkpt>
      <trkpt lat="53.446255" lon="-1.852517"><ele>569.8</ele><time>2026-03-28T12:17:07.000Z</time></trkpt>
      <trkpt lat="53.446247" lon="-1.852514"><ele>570.2</ele><time>2026-03-28T12:17:08.000Z</time></trkpt>
      <trkpt lat="53.446230" lon="-1.852507"><ele>570.2</ele><time>2026-03-28T12:17:09.000Z</time></trkpt>
      <trkpt lat="53.446220" lon="-1.852507"><ele>569.6</ele><time>2026-03-28T12:17:10.000Z</time></trkpt>
      <trkpt lat="53.446213" lon="-1.852512"><ele>570.0</ele><time>2026-03-28T12:17:11.000Z</time></trkpt>
      <trkpt lat="53.446213" lon="-1.852514"><ele>570.6</ele><time>2026-03-28T12:17:12.000Z</time></trkpt>
      <trkpt lat="53.446210" lon="-1.852516"><ele>570.6</ele><time>2026-03-28T12:17:13.000Z</time></trkpt>
      <trkpt lat="53.446200" lon="-1.852513"><ele>570.6</ele><time>2026-03-28T12:17:14.000Z</time></trkpt>
      <trkpt lat="53.446194" lon="-1.852505"><ele>570.2</ele><time>2026-03-28T12:17:15.000Z</time></trkpt>
      <trkpt lat="53.446182" lon="-1.852495"><ele>570.0</ele><time>2026-03-28T12:17:16.000Z</time></trkpt>
      <trkpt lat="53.446163" lon="-1.852483"><ele>570.6</ele><time>2026-03-28T12:17:17.000Z</time></trkpt>
      <trkpt lat="53.446156" lon="-1.852480"><ele>570.2</ele><time>2026-03-28T12:17:18.000Z</time></trkpt>
      <trkpt lat="53.446144" lon="-1.852478"><ele>569.8</ele><time>2026-03-28T12:17:19.000Z</time></trkpt>
      <trkpt lat="53.446125" lon="-1.852478"><ele>570.2</ele><time>2026-03-28T12:17:20.000Z</time></trkpt>
      <trkpt lat="53.446114" lon="-1.852473"><ele>569.4</ele><time>2026-03-28T12:17:21.000Z</time></trkpt>
      <trkpt lat="53.446095" lon="-1.852475"><ele>569.4</ele><time>2026-03-28T12:17:22.000Z</time></trkpt>
      <trkpt lat="53.446083" lon="-1.852482"><ele>569.8</ele><time>2026-03-28T12:17:23.000Z</time></trkpt>
      <trkpt lat="53.446070" lon="-1.852502"><ele>569.4</ele><time>2026-03-28T12:17:24.000Z</time></trkpt>
      <trkpt lat="53.446060" lon="-1.852514"><ele>569.8</ele><time>2026-03-28T12:17:25.000Z</time></trkpt>
      <trkpt lat="53.446050" lon="-1.852522"><ele>569.8</ele><time>2026-03-28T12:17:26.000Z</time></trkpt>
      <trkpt lat="53.446045" lon="-1.852524"><ele>569.4</ele><time>2026-03-28T12:17:27.000Z</time></trkpt>
      <trkpt lat="53.446033" lon="-1.852523"><ele>569.4</ele><time>2026-03-28T12:17:28.000Z</time></trkpt>
      <trkpt lat="53.446020" lon="-1.852524"><ele>569.6</ele><time>2026-03-28T12:17:29.000Z</time></trkpt>
      <trkpt lat="53.446007" lon="-1.852531"><ele>570.0</ele><time>2026-03-28T12:17:30.000Z</time></trkpt>
      <trkpt lat="53.445995" lon="-1.852530"><ele>569.8</ele><time>2026-03-28T12:17:31.000Z</time></trkpt>
      <trkpt lat="53.445984" lon="-1.852529"><ele>570.0</ele><time>2026-03-28T12:17:32.000Z</time></trkpt>
      <trkpt lat="53.445976" lon="-1.852529"><ele>570.4</ele><time>2026-03-28T12:17:33.000Z</time></trkpt>
      <trkpt lat="53.445970" lon="-1.852526"><ele>570.2</ele><time>2026-03-28T12:17:34.000Z</time></trkpt>
      <trkpt lat="53.445957" lon="-1.852518"><ele>570.8</ele><time>2026-03-28T12:17:35.000Z</time></trkpt>
      <trkpt lat="53.445942" lon="-1.852513"><ele>570.4</ele><time>2026-03-28T12:17:36.000Z</time></trkpt>
      <trkpt lat="53.445934" lon="-1.852517"><ele>570.2</ele><time>2026-03-28T12:17:37.000Z</time></trkpt>
      <trkpt lat="53.445923" lon="-1.852513"><ele>569.8</ele><time>2026-03-28T12:17:38.000Z</time></trkpt>
      <trkpt lat="53.445910" lon="-1.852510"><ele>569.6</ele><time>2026-03-28T12:17:39.000Z</time></trkpt>
      <trkpt lat="53.445904" lon="-1.852508"><ele>569.2</ele><time>2026-03-28T12:17:40.000Z</time></trkpt>
      <trkpt lat="53.445890" lon="-1.852508"><ele>569.0</ele><time>2026-03-28T12:17:41.000Z</time></trkpt>
      <trkpt lat="53.445877" lon="-1.852516"><ele>569.2</ele><time>2026-03-28T12:17:42.000Z</time></trkpt>
      <trkpt lat="53.445870" lon="-1.852515"><ele>569.4</ele><time>2026-03-28T12:17:43.000Z</time></trkpt>
      <trkpt lat="53.445860" lon="-1.852519"><ele>569.8</ele><time>2026-03-28T12:17:44.000Z</time></trkpt>
      <trkpt lat="53.445854" lon="-1.852524"><ele>569.6</ele><time>2026-03-28T12:17:45.000Z</time></trkpt>
      <trkpt lat="53.445843" lon="-1.852529"><ele>569.4</ele><time>2026-03-28T12:17:46.000Z</time></trkpt>
      <trkpt lat="53.445835" lon="-1.852537"><ele>569.8</ele><time>2026-03-28T12:17:47.000Z</time></trkpt>
      <trkpt lat="53.445824" lon="-1.852538"><ele>570.0</ele><time>2026-03-28T12:17:48.000Z</time></trkpt>
      <trkpt lat="53.445812" lon="-1.852542"><ele>569.6</ele><time>2026-03-28T12:17:49.000Z</time></trkpt>
      <trkpt lat="53.445800" lon="-1.852546"><ele>569.2</ele><time>2026-03-28T12:17:50.000Z</time></trkpt>
      <trkpt lat="53.445786" lon="-1.852551"><ele>569.6</ele><time>2026-03-28T12:17:51.000Z</time></trkpt>
      <trkpt lat="53.445770" lon="-1.852557"><ele>568.6</ele><time>2026-03-28T12:17:52.000Z</time></trkpt>
      <trkpt lat="53.445763" lon="-1.852564"><ele>569.0</ele><time>2026-03-28T12:17:53.000Z</time></trkpt>
      <trkpt lat="53.445750" lon="-1.852566"><ele>568.6</ele><time>2026-03-28T12:17:54.000Z</time></trkpt>
      <trkpt lat="53.445744" lon="-1.852562"><ele>569.2</ele><time>2026-03-28T12:17:55.000Z</time></trkpt>
      <trkpt lat="53.445730" lon="-1.852562"><ele>569.6</ele><time>2026-03-28T12:17:56.000Z</time></trkpt>
      <trkpt lat="53.445717" lon="-1.852568"><ele>569.8</ele><time>2026-03-28T12:17:57.000Z</time></trkpt>
      <trkpt lat="53.445705" lon="-1.852571"><ele>569.0</ele><time>2026-03-28T12:17:58.000Z</time></trkpt>
      <trkpt lat="53.445694" lon="-1.852583"><ele>569.6</ele><time>2026-03-28T12:17:59.000Z</time></trkpt>
      <trkpt lat="53.445690" lon="-1.852586"><ele>569.6</ele><time>2026-03-28T12:18:00.000Z</time></trkpt>
      <trkpt lat="53.445680" lon="-1.852586"><ele>569.8</ele><time>2026-03-28T12:18:01.000Z</time></trkpt>
      <trkpt lat="53.445663" lon="-1.852594"><ele>569.6</ele><time>2026-03-28T12:18:02.000Z</time></trkpt>
      <trkpt lat="53.445652" lon="-1.852604"><ele>569.4</ele><time>2026-03-28T12:18:03.000Z</time></trkpt>
      <trkpt lat="53.445644" lon="-1.852610"><ele>569.0</ele><time>2026-03-28T12:18:04.000Z</time></trkpt>
      <trkpt lat="53.445633" lon="-1.852622"><ele>568.4</ele><time>2026-03-28T12:18:05.000Z</time></trkpt>
      <trkpt lat="53.445620" lon="-1.852626"><ele>568.2</ele><time>2026-03-28T12:18:06.000Z</time></trkpt>
      <trkpt lat="53.445614" lon="-1.852631"><ele>568.0</ele><time>2026-03-28T12:18:07.000Z</time></trkpt>
      <trkpt lat="53.445602" lon="-1.852636"><ele>568.0</ele><time>2026-03-28T12:18:08.000Z</time></trkpt>
      <trkpt lat="53.445587" lon="-1.852646"><ele>569.0</ele><time>2026-03-28T12:18:09.000Z</time></trkpt>
      <trkpt lat="53.445580" lon="-1.852651"><ele>569.0</ele><time>2026-03-28T12:18:10.000Z</time></trkpt>
      <trkpt lat="53.445564" lon="-1.852668"><ele>568.8</ele><time>2026-03-28T12:18:11.000Z</time></trkpt>
      <trkpt lat="53.445560" lon="-1.852685"><ele>568.4</ele><time>2026-03-28T12:18:12.000Z</time></trkpt>
      <trkpt lat="53.445553" lon="-1.852700"><ele>568.4</ele><time>2026-03-28T12:18:13.000Z</time></trkpt>
      <trkpt lat="53.445540" lon="-1.852715"><ele>567.2</ele><time>2026-03-28T12:18:14.000Z</time></trkpt>
      <trkpt lat="53.445534" lon="-1.852729"><ele>567.4</ele><time>2026-03-28T12:18:15.000Z</time></trkpt>
      <trkpt lat="53.445526" lon="-1.852741"><ele>567.6</ele><time>2026-03-28T12:18:16.000Z</time></trkpt>
      <trkpt lat="53.445515" lon="-1.852750"><ele>567.8</ele><time>2026-03-28T12:18:17.000Z</time></trkpt>
      <trkpt lat="53.445503" lon="-1.852757"><ele>568.2</ele><time>2026-03-28T12:18:18.000Z</time></trkpt>
      <trkpt lat="53.445496" lon="-1.852758"><ele>568.2</ele><time>2026-03-28T12:18:19.000Z</time></trkpt>
      <trkpt lat="53.445480" lon="-1.852758"><ele>567.6</ele><time>2026-03-28T12:18:20.000Z</time></trkpt>
      <trkpt lat="53.445470" lon="-1.852763"><ele>566.8</ele><time>2026-03-28T12:18:21.000Z</time></trkpt>
      <trkpt lat="53.445454" lon="-1.852763"><ele>566.8</ele><time>2026-03-28T12:18:22.000Z</time></trkpt>
      <trkpt lat="53.445442" lon="-1.852763"><ele>567.6</ele><time>2026-03-28T12:18:23.000Z</time></trkpt>
      <trkpt lat="53.445430" lon="-1.852761"><ele>567.6</ele><time>2026-03-28T12:18:24.000Z</time></trkpt>
      <trkpt lat="53.445420" lon="-1.852763"><ele>567.0</ele><time>2026-03-28T12:18:25.000Z</time></trkpt>
      <trkpt lat="53.445415" lon="-1.852771"><ele>567.4</ele><time>2026-03-28T12:18:26.000Z</time></trkpt>
      <trkpt lat="53.445404" lon="-1.852775"><ele>567.6</ele><time>2026-03-28T12:18:27.000Z</time></trkpt>
      <trkpt lat="53.445390" lon="-1.852783"><ele>567.4</ele><time>2026-03-28T12:18:28.000Z</time></trkpt>
      <trkpt lat="53.445374" lon="-1.852790"><ele>567.0</ele><time>2026-03-28T12:18:29.000Z</time></trkpt>
      <trkpt lat="53.445362" lon="-1.852790"><ele>567.2</ele><time>2026-03-28T12:18:30.000Z</time></trkpt>
      <trkpt lat="53.445350" lon="-1.852790"><ele>566.8</ele><time>2026-03-28T12:18:31.000Z</time></trkpt>
      <trkpt lat="53.445335" lon="-1.852786"><ele>567.0</ele><time>2026-03-28T12:18:32.000Z</time></trkpt>
      <trkpt lat="53.445324" lon="-1.852786"><ele>566.0</ele><time>2026-03-28T12:18:33.000Z</time></trkpt>
      <trkpt lat="53.445312" lon="-1.852785"><ele>566.4</ele><time>2026-03-28T12:18:34.000Z</time></trkpt>
      <trkpt lat="53.445300" lon="-1.852792"><ele>566.6</ele><time>2026-03-28T12:18:35.000Z</time></trkpt>
      <trkpt lat="53.445290" lon="-1.852804"><ele>566.4</ele><time>2026-03-28T12:18:36.000Z</time></trkpt>
      <trkpt lat="53.445280" lon="-1.852812"><ele>566.2</ele><time>2026-03-28T12:18:37.000Z</time></trkpt>
      <trkpt lat="53.445263" lon="-1.852823"><ele>566.2</ele><time>2026-03-28T12:18:38.000Z</time></trkpt>
      <trkpt lat="53.445250" lon="-1.852830"><ele>566.0</ele><time>2026-03-28T12:18:39.000Z</time></trkpt>
      <trkpt lat="53.445240" lon="-1.852836"><ele>565.6</ele><time>2026-03-28T12:18:40.000Z</time></trkpt>
      <trkpt lat="53.445230" lon="-1.852844"><ele>565.2</ele><time>2026-03-28T12:18:41.000Z</time></trkpt>
      <trkpt lat="53.445217" lon="-1.852850"><ele>565.4</ele><time>2026-03-28T12:18:42.000Z</time></trkpt>
      <trkpt lat="53.445210" lon="-1.852856"><ele>565.2</ele><time>2026-03-28T12:18:43.000Z</time></trkpt>
      <trkpt lat="53.445194" lon="-1.852861"><ele>565.6</ele><time>2026-03-28T12:18:44.000Z</time></trkpt>
      <trkpt lat="53.445180" lon="-1.852862"><ele>565.8</ele><time>2026-03-28T12:18:45.000Z</time></trkpt>
      <trkpt lat="53.445168" lon="-1.852867"><ele>565.4</ele><time>2026-03-28T12:18:46.000Z</time></trkpt>
      <trkpt lat="53.445152" lon="-1.852869"><ele>564.8</ele><time>2026-03-28T12:18:47.000Z</time></trkpt>
      <trkpt lat="53.445145" lon="-1.852886"><ele>564.4</ele><time>2026-03-28T12:18:48.000Z</time></trkpt>
      <trkpt lat="53.445130" lon="-1.852900"><ele>565.4</ele><time>2026-03-28T12:18:49.000Z</time></trkpt>
      <trkpt lat="53.445118" lon="-1.852902"><ele>565.6</ele><time>2026-03-28T12:18:50.000Z</time></trkpt>
      <trkpt lat="53.445110" lon="-1.852910"><ele>565.6</ele><time>2026-03-28T12:18:51.000Z</time></trkpt>
      <trkpt lat="53.445095" lon="-1.852914"><ele>565.8</ele><time>2026-03-28T12:18:52.000Z</time></trkpt>
      <trkpt lat="53.445084" lon="-1.852921"><ele>565.6</ele><time>2026-03-28T12:18:53.000Z</time></trkpt>
      <trkpt lat="53.445072" lon="-1.852927"><ele>565.8</ele><time>2026-03-28T12:18:54.000Z</time></trkpt>
      <trkpt lat="53.445060" lon="-1.852936"><ele>565.8</ele><time>2026-03-28T12:18:55.000Z</time></trkpt>
      <trkpt lat="53.445050" lon="-1.852935"><ele>565.6</ele><time>2026-03-28T12:18:56.000Z</time></trkpt>
      <trkpt lat="53.445038" lon="-1.852933"><ele>565.6</ele><time>2026-03-28T12:18:57.000Z</time></trkpt>
      <trkpt lat="53.445026" lon="-1.852939"><ele>565.6</ele><time>2026-03-28T12:18:58.000Z</time></trkpt>
      <trkpt lat="53.445015" lon="-1.852947"><ele>564.8</ele><time>2026-03-28T12:18:59.000Z</time></trkpt>
      <trkpt lat="53.445004" lon="-1.852945"><ele>565.0</ele><time>2026-03-28T12:19:00.000Z</time></trkpt>
      <trkpt lat="53.444990" lon="-1.852952"><ele>565.2</ele><time>2026-03-28T12:19:01.000Z</time></trkpt>
      <trkpt lat="53.444977" lon="-1.852960"><ele>565.4</ele><time>2026-03-28T12:19:02.000Z</time></trkpt>
      <trkpt lat="53.444965" lon="-1.852969"><ele>565.0</ele><time>2026-03-28T12:19:03.000Z</time></trkpt>
      <trkpt lat="53.444958" lon="-1.852977"><ele>564.6</ele><time>2026-03-28T12:19:04.000Z</time></trkpt>
      <trkpt lat="53.444950" lon="-1.852988"><ele>563.6</ele><time>2026-03-28T12:19:05.000Z</time></trkpt>
      <trkpt lat="53.444940" lon="-1.853003"><ele>563.6</ele><time>2026-03-28T12:19:06.000Z</time></trkpt>
      <trkpt lat="53.444930" lon="-1.853022"><ele>563.2</ele><time>2026-03-28T12:19:07.000Z</time></trkpt>
      <trkpt lat="53.444923" lon="-1.853037"><ele>562.6</ele><time>2026-03-28T12:19:08.000Z</time></trkpt>
      <trkpt lat="53.444916" lon="-1.853053"><ele>562.6</ele><time>2026-03-28T12:19:09.000Z</time></trkpt>
      <trkpt lat="53.444904" lon="-1.853062"><ele>562.6</ele><time>2026-03-28T12:19:10.000Z</time></trkpt>
      <trkpt lat="53.444893" lon="-1.853064"><ele>562.6</ele><time>2026-03-28T12:19:11.000Z</time></trkpt>
      <trkpt lat="53.444880" lon="-1.853069"><ele>562.8</ele><time>2026-03-28T12:19:12.000Z</time></trkpt>
      <trkpt lat="53.444866" lon="-1.853078"><ele>562.8</ele><time>2026-03-28T12:19:13.000Z</time></trkpt>
      <trkpt lat="53.444860" lon="-1.853084"><ele>562.0</ele><time>2026-03-28T12:19:14.000Z</time></trkpt>
      <trkpt lat="53.444850" lon="-1.853091"><ele>562.0</ele><time>2026-03-28T12:19:15.000Z</time></trkpt>
      <trkpt lat="53.444840" lon="-1.853100"><ele>561.4</ele><time>2026-03-28T12:19:16.000Z</time></trkpt>
      <trkpt lat="53.444830" lon="-1.853100"><ele>561.6</ele><time>2026-03-28T12:19:17.000Z</time></trkpt>
      <trkpt lat="53.444817" lon="-1.853112"><ele>561.6</ele><time>2026-03-28T12:19:18.000Z</time></trkpt>
      <trkpt lat="53.444810" lon="-1.853127"><ele>561.0</ele><time>2026-03-28T12:19:19.000Z</time></trkpt>
      <trkpt lat="53.444798" lon="-1.853132"><ele>561.8</ele><time>2026-03-28T12:19:20.000Z</time></trkpt>
      <trkpt lat="53.444782" lon="-1.853151"><ele>562.0</ele><time>2026-03-28T12:19:21.000Z</time></trkpt>
      <trkpt lat="53.444775" lon="-1.853158"><ele>561.8</ele><time>2026-03-28T12:19:22.000Z</time></trkpt>
      <trkpt lat="53.444760" lon="-1.853167"><ele>561.6</ele><time>2026-03-28T12:19:23.000Z</time></trkpt>
      <trkpt lat="53.444748" lon="-1.853173"><ele>561.4</ele><time>2026-03-28T12:19:24.000Z</time></trkpt>
      <trkpt lat="53.444744" lon="-1.853179"><ele>561.0</ele><time>2026-03-28T12:19:25.000Z</time></trkpt>
      <trkpt lat="53.444733" lon="-1.853190"><ele>561.4</ele><time>2026-03-28T12:19:26.000Z</time></trkpt>
      <trkpt lat="53.444725" lon="-1.853202"><ele>561.6</ele><time>2026-03-28T12:19:27.000Z</time></trkpt>
      <trkpt lat="53.444733" lon="-1.853197"><ele>561.6</ele><time>2026-03-28T12:19:28.000Z</time></trkpt>
      <trkpt lat="53.444733" lon="-1.853194"><ele>561.4</ele><time>2026-03-28T12:19:29.000Z</time></trkpt>
      <trkpt lat="53.444730" lon="-1.853191"><ele>561.4</ele><time>2026-03-28T12:19:30.000Z</time></trkpt>
      <trkpt lat="53.444730" lon="-1.853184"><ele>561.6</ele><time>2026-03-28T12:19:31.000Z</time></trkpt>
      <trkpt lat="53.444730" lon="-1.853184"><ele>562.0</ele><time>2026-03-28T12:19:32.000Z</time></trkpt>
      <trkpt lat="53.444717" lon="-1.853191"><ele>561.4</ele><time>2026-03-28T12:19:33.000Z</time></trkpt>
      <trkpt lat="53.444702" lon="-1.853205"><ele>561.6</ele><time>2026-03-28T12:19:34.000Z</time></trkpt>
      <trkpt lat="53.444690" lon="-1.853219"><ele>562.0</ele><time>2026-03-28T12:19:35.000Z</time></trkpt>
      <trkpt lat="53.444683" lon="-1.853226"><ele>561.4</ele><time>2026-03-28T12:19:36.000Z</time></trkpt>
      <trkpt lat="53.444675" lon="-1.853235"><ele>561.2</ele><time>2026-03-28T12:19:37.000Z</time></trkpt>
      <trkpt lat="53.444668" lon="-1.853241"><ele>560.8</ele><time>2026-03-28T12:19:38.000Z</time></trkpt>
      <trkpt lat="53.444656" lon="-1.853253"><ele>561.2</ele><time>2026-03-28T12:19:39.000Z</time></trkpt>
      <trkpt lat="53.444645" lon="-1.853273"><ele>561.0</ele><time>2026-03-28T12:19:40.000Z</time></trkpt>
      <trkpt lat="53.444640" lon="-1.853288"><ele>561.2</ele><time>2026-03-28T12:19:41.000Z</time></trkpt>
      <trkpt lat="53.444633" lon="-1.853299"><ele>561.2</ele><time>2026-03-28T12:19:42.000Z</time></trkpt>
      <trkpt lat="53.444626" lon="-1.853308"><ele>560.6</ele><time>2026-03-28T12:19:43.000Z</time></trkpt>
      <trkpt lat="53.444614" lon="-1.853321"><ele>560.6</ele><time>2026-03-28T12:19:44.000Z</time></trkpt>
      <trkpt lat="53.444603" lon="-1.853332"><ele>560.4</ele><time>2026-03-28T12:19:45.000Z</time></trkpt>
      <trkpt lat="53.444595" lon="-1.853347"><ele>560.4</ele><time>2026-03-28T12:19:46.000Z</time></trkpt>
      <trkpt lat="53.444590" lon="-1.853376"><ele>560.4</ele><time>2026-03-28T12:19:47.000Z</time></trkpt>
      <trkpt lat="53.444584" lon="-1.853379"><ele>560.2</ele><time>2026-03-28T12:19:48.000Z</time></trkpt>
      <trkpt lat="53.444572" lon="-1.853382"><ele>560.2</ele><time>2026-03-28T12:19:49.000Z</time></trkpt>
      <trkpt lat="53.444557" lon="-1.853391"><ele>560.6</ele><time>2026-03-28T12:19:50.000Z</time></trkpt>
      <trkpt lat="53.444546" lon="-1.853399"><ele>560.8</ele><time>2026-03-28T12:19:51.000Z</time></trkpt>
      <trkpt lat="53.444534" lon="-1.853398"><ele>560.8</ele><time>2026-03-28T12:19:52.000Z</time></trkpt>
      <trkpt lat="53.444527" lon="-1.853411"><ele>560.8</ele><time>2026-03-28T12:19:53.000Z</time></trkpt>
      <trkpt lat="53.444523" lon="-1.853423"><ele>560.2</ele><time>2026-03-28T12:19:54.000Z</time></trkpt>
      <trkpt lat="53.444510" lon="-1.853436"><ele>560.0</ele><time>2026-03-28T12:19:55.000Z</time></trkpt>
      <trkpt lat="53.444500" lon="-1.853441"><ele>560.6</ele><time>2026-03-28T12:19:56.000Z</time></trkpt>
      <trkpt lat="53.444490" lon="-1.853449"><ele>560.2</ele><time>2026-03-28T12:19:57.000Z</time></trkpt>
      <trkpt lat="53.444477" lon="-1.853455"><ele>560.0</ele><time>2026-03-28T12:19:58.000Z</time></trkpt>
      <trkpt lat="53.444473" lon="-1.853469"><ele>559.6</ele><time>2026-03-28T12:19:59.000Z</time></trkpt>
      <trkpt lat="53.444466" lon="-1.853492"><ele>559.6</ele><time>2026-03-28T12:20:00.000Z</time></trkpt>
      <trkpt lat="53.444466" lon="-1.853511"><ele>559.4</ele><time>2026-03-28T12:20:01.000Z</time></trkpt>
      <trkpt lat="53.444458" lon="-1.853530"><ele>559.0</ele><time>2026-03-28T12:20:02.000Z</time></trkpt>
      <trkpt lat="53.444450" lon="-1.853541"><ele>559.6</ele><time>2026-03-28T12:20:03.000Z</time></trkpt>
      <trkpt lat="53.444443" lon="-1.853548"><ele>559.0</ele><time>2026-03-28T12:20:04.000Z</time></trkpt>
      <trkpt lat="53.444435" lon="-1.853566"><ele>559.0</ele><time>2026-03-28T12:20:05.000Z</time></trkpt>
      <trkpt lat="53.444427" lon="-1.853578"><ele>559.0</ele><time>2026-03-28T12:20:06.000Z</time></trkpt>
      <trkpt lat="53.444416" lon="-1.853585"><ele>559.6</ele><time>2026-03-28T12:20:07.000Z</time></trkpt>
      <trkpt lat="53.444405" lon="-1.853591"><ele>559.4</ele><time>2026-03-28T12:20:08.000Z</time></trkpt>
      <trkpt lat="53.444393" lon="-1.853592"><ele>559.6</ele><time>2026-03-28T12:20:09.000Z</time></trkpt>
      <trkpt lat="53.444380" lon="-1.853586"><ele>559.2</ele><time>2026-03-28T12:20:10.000Z</time></trkpt>
      <trkpt lat="53.444378" lon="-1.853596"><ele>558.4</ele><time>2026-03-28T12:20:11.000Z</time></trkpt>
      <trkpt lat="53.444363" lon="-1.853609"><ele>558.8</ele><time>2026-03-28T12:20:12.000Z</time></trkpt>
      <trkpt lat="53.444355" lon="-1.853616"><ele>559.2</ele><time>2026-03-28T12:20:13.000Z</time></trkpt>
      <trkpt lat="53.444344" lon="-1.853617"><ele>559.4</ele><time>2026-03-28T12:20:14.000Z</time></trkpt>
      <trkpt lat="53.444330" lon="-1.853625"><ele>559.2</ele><time>2026-03-28T12:20:15.000Z</time></trkpt>
      <trkpt lat="53.444320" lon="-1.853643"><ele>558.8</ele><time>2026-03-28T12:20:16.000Z</time></trkpt>
      <trkpt lat="53.444310" lon="-1.853660"><ele>558.6</ele><time>2026-03-28T12:20:17.000Z</time></trkpt>
      <trkpt lat="53.444300" lon="-1.853677"><ele>559.2</ele><time>2026-03-28T12:20:18.000Z</time></trkpt>
      <trkpt lat="53.444294" lon="-1.853690"><ele>559.4</ele><time>2026-03-28T12:20:19.000Z</time></trkpt>
      <trkpt lat="53.444286" lon="-1.853713"><ele>559.2</ele><time>2026-03-28T12:20:20.000Z</time></trkpt>
      <trkpt lat="53.444283" lon="-1.853730"><ele>558.8</ele><time>2026-03-28T12:20:21.000Z</time></trkpt>
      <trkpt lat="53.444275" lon="-1.853750"><ele>558.8</ele><time>2026-03-28T12:20:22.000Z</time></trkpt>
      <trkpt lat="53.444270" lon="-1.853767"><ele>559.2</ele><time>2026-03-28T12:20:23.000Z</time></trkpt>
      <trkpt lat="53.444267" lon="-1.853777"><ele>559.2</ele><time>2026-03-28T12:20:24.000Z</time></trkpt>
      <trkpt lat="53.444260" lon="-1.853789"><ele>558.6</ele><time>2026-03-28T12:20:25.000Z</time></trkpt>
      <trkpt lat="53.444256" lon="-1.853801"><ele>558.8</ele><time>2026-03-28T12:20:26.000Z</time></trkpt>
      <trkpt lat="53.444244" lon="-1.853818"><ele>559.2</ele><time>2026-03-28T12:20:27.000Z</time></trkpt>
      <trkpt lat="53.444237" lon="-1.853826"><ele>558.6</ele><time>2026-03-28T12:20:28.000Z</time></trkpt>
      <trkpt lat="53.444230" lon="-1.853830"><ele>559.0</ele><time>2026-03-28T12:20:29.000Z</time></trkpt>
      <trkpt lat="53.444218" lon="-1.853839"><ele>558.6</ele><time>2026-03-28T12:20:30.000Z</time></trkpt>
      <trkpt lat="53.444206" lon="-1.853850"><ele>558.8</ele><time>2026-03-28T12:20:31.000Z</time></trkpt>
      <trkpt lat="53.444195" lon="-1.853863"><ele>558.4</ele><time>2026-03-28T12:20:32.000Z</time></trkpt>
      <trkpt lat="53.444187" lon="-1.853873"><ele>558.4</ele><time>2026-03-28T12:20:33.000Z</time></trkpt>
      <trkpt lat="53.444180" lon="-1.853889"><ele>558.2</ele><time>2026-03-28T12:20:34.000Z</time></trkpt>
      <trkpt lat="53.444170" lon="-1.853907"><ele>558.0</ele><time>2026-03-28T12:20:35.000Z</time></trkpt>
      <trkpt lat="53.444168" lon="-1.853921"><ele>558.4</ele><time>2026-03-28T12:20:36.000Z</time></trkpt>
      <trkpt lat="53.444164" lon="-1.853930"><ele>558.4</ele><time>2026-03-28T12:20:37.000Z</time></trkpt>
      <trkpt lat="53.444157" lon="-1.853927"><ele>557.8</ele><time>2026-03-28T12:20:38.000Z</time></trkpt>
      <trkpt lat="53.444145" lon="-1.853938"><ele>558.2</ele><time>2026-03-28T12:20:39.000Z</time></trkpt>
      <trkpt lat="53.444138" lon="-1.853954"><ele>557.6</ele><time>2026-03-28T12:20:40.000Z</time></trkpt>
      <trkpt lat="53.444134" lon="-1.853971"><ele>557.4</ele><time>2026-03-28T12:20:41.000Z</time></trkpt>
      <trkpt lat="53.444130" lon="-1.853986"><ele>557.8</ele><time>2026-03-28T12:20:42.000Z</time></trkpt>
      <trkpt lat="53.444115" lon="-1.854006"><ele>557.0</ele><time>2026-03-28T12:20:43.000Z</time></trkpt>
      <trkpt lat="53.444115" lon="-1.854017"><ele>557.4</ele><time>2026-03-28T12:20:44.000Z</time></trkpt>
      <trkpt lat="53.444103" lon="-1.854021"><ele>557.0</ele><time>2026-03-28T12:20:45.000Z</time></trkpt>
      <trkpt lat="53.444096" lon="-1.854020"><ele>556.4</ele><time>2026-03-28T12:20:46.000Z</time></trkpt>
      <trkpt lat="53.444077" lon="-1.854036"><ele>556.2</ele><time>2026-03-28T12:20:47.000Z</time></trkpt>
      <trkpt lat="53.444073" lon="-1.854060"><ele>556.4</ele><time>2026-03-28T12:20:48.000Z</time></trkpt>
      <trkpt lat="53.444065" lon="-1.854075"><ele>556.2</ele><time>2026-03-28T12:20:49.000Z</time></trkpt>
      <trkpt lat="53.444060" lon="-1.854084"><ele>555.8</ele><time>2026-03-28T12:20:50.000Z</time></trkpt>
      <trkpt lat="53.444050" lon="-1.854097"><ele>556.0</ele><time>2026-03-28T12:20:51.000Z</time></trkpt>
      <trkpt lat="53.444035" lon="-1.854119"><ele>556.4</ele><time>2026-03-28T12:20:52.000Z</time></trkpt>
      <trkpt lat="53.444027" lon="-1.854122"><ele>556.2</ele><time>2026-03-28T12:20:53.000Z</time></trkpt>
      <trkpt lat="53.444016" lon="-1.854128"><ele>555.6</ele><time>2026-03-28T12:20:54.000Z</time></trkpt>
      <trkpt lat="53.444004" lon="-1.854133"><ele>555.4</ele><time>2026-03-28T12:20:55.000Z</time></trkpt>
      <trkpt lat="53.443993" lon="-1.854138"><ele>555.2</ele><time>2026-03-28T12:20:56.000Z</time></trkpt>
      <trkpt lat="53.443980" lon="-1.854153"><ele>555.6</ele><time>2026-03-28T12:20:57.000Z</time></trkpt>
      <trkpt lat="53.443974" lon="-1.854167"><ele>555.4</ele><time>2026-03-28T12:20:58.000Z</time></trkpt>
      <trkpt lat="53.443966" lon="-1.854173"><ele>554.8</ele><time>2026-03-28T12:20:59.000Z</time></trkpt>
      <trkpt lat="53.443954" lon="-1.854185"><ele>555.0</ele><time>2026-03-28T12:21:00.000Z</time></trkpt>
      <trkpt lat="53.443940" lon="-1.854196"><ele>555.6</ele><time>2026-03-28T12:21:01.000Z</time></trkpt>
      <trkpt lat="53.443930" lon="-1.854209"><ele>555.2</ele><time>2026-03-28T12:21:02.000Z</time></trkpt>
      <trkpt lat="53.443924" lon="-1.854224"><ele>555.4</ele><time>2026-03-28T12:21:03.000Z</time></trkpt>
      <trkpt lat="53.443916" lon="-1.854236"><ele>555.2</ele><time>2026-03-28T12:21:04.000Z</time></trkpt>
      <trkpt lat="53.443910" lon="-1.854247"><ele>554.8</ele><time>2026-03-28T12:21:05.000Z</time></trkpt>
      <trkpt lat="53.443900" lon="-1.854257"><ele>554.8</ele><time>2026-03-28T12:21:06.000Z</time></trkpt>
      <trkpt lat="53.443886" lon="-1.854284"><ele>555.0</ele><time>2026-03-28T12:21:07.000Z</time></trkpt>
      <trkpt lat="53.443882" lon="-1.854298"><ele>554.4</ele><time>2026-03-28T12:21:08.000Z</time></trkpt>
      <trkpt lat="53.443882" lon="-1.854312"><ele>554.0</ele><time>2026-03-28T12:21:09.000Z</time></trkpt>
      <trkpt lat="53.443870" lon="-1.854326"><ele>555.0</ele><time>2026-03-28T12:21:10.000Z</time></trkpt>
      <trkpt lat="53.443867" lon="-1.854338"><ele>554.6</ele><time>2026-03-28T12:21:11.000Z</time></trkpt>
      <trkpt lat="53.443860" lon="-1.854345"><ele>554.0</ele><time>2026-03-28T12:21:12.000Z</time></trkpt>
      <trkpt lat="53.443855" lon="-1.854359"><ele>553.8</ele><time>2026-03-28T12:21:13.000Z</time></trkpt>
      <trkpt lat="53.443850" lon="-1.854369"><ele>554.4</ele><time>2026-03-28T12:21:14.000Z</time></trkpt>
      <trkpt lat="53.443848" lon="-1.854386"><ele>553.8</ele><time>2026-03-28T12:21:15.000Z</time></trkpt>
      <trkpt lat="53.443840" lon="-1.854399"><ele>553.2</ele><time>2026-03-28T12:21:16.000Z</time></trkpt>
      <trkpt lat="53.443830" lon="-1.854412"><ele>553.0</ele><time>2026-03-28T12:21:17.000Z</time></trkpt>
      <trkpt lat="53.443820" lon="-1.854421"><ele>552.4</ele><time>2026-03-28T12:21:18.000Z</time></trkpt>
      <trkpt lat="53.443817" lon="-1.854422"><ele>552.2</ele><time>2026-03-28T12:21:19.000Z</time></trkpt>
      <trkpt lat="53.443798" lon="-1.854440"><ele>552.0</ele><time>2026-03-28T12:21:20.000Z</time></trkpt>
      <trkpt lat="53.443783" lon="-1.854449"><ele>552.6</ele><time>2026-03-28T12:21:21.000Z</time></trkpt>
      <trkpt lat="53.443770" lon="-1.854455"><ele>552.8</ele><time>2026-03-28T12:21:22.000Z</time></trkpt>
      <trkpt lat="53.443760" lon="-1.854467"><ele>552.6</ele><time>2026-03-28T12:21:23.000Z</time></trkpt>
      <trkpt lat="53.443752" lon="-1.854472"><ele>552.6</ele><time>2026-03-28T12:21:24.000Z</time></trkpt>
      <trkpt lat="53.443745" lon="-1.854484"><ele>552.4</ele><time>2026-03-28T12:21:25.000Z</time></trkpt>
      <trkpt lat="53.443737" lon="-1.854502"><ele>552.8</ele><time>2026-03-28T12:21:26.000Z</time></trkpt>
      <trkpt lat="53.443730" lon="-1.854504"><ele>552.8</ele><time>2026-03-28T12:21:27.000Z</time></trkpt>
      <trkpt lat="53.443718" lon="-1.854515"><ele>552.4</ele><time>2026-03-28T12:21:28.000Z</time></trkpt>
      <trkpt lat="53.443710" lon="-1.854531"><ele>552.2</ele><time>2026-03-28T12:21:29.000Z</time></trkpt>
      <trkpt lat="53.443703" lon="-1.854548"><ele>552.6</ele><time>2026-03-28T12:21:30.000Z</time></trkpt>
      <trkpt lat="53.443695" lon="-1.854572"><ele>552.4</ele><time>2026-03-28T12:21:31.000Z</time></trkpt>
      <trkpt lat="53.443687" lon="-1.854590"><ele>551.4</ele><time>2026-03-28T12:21:32.000Z</time></trkpt>
      <trkpt lat="53.443684" lon="-1.854604"><ele>551.6</ele><time>2026-03-28T12:21:33.000Z</time></trkpt>
      <trkpt lat="53.443680" lon="-1.854604"><ele>551.6</ele><time>2026-03-28T12:21:34.000Z</time></trkpt>
      <trkpt lat="53.443670" lon="-1.854623"><ele>551.2</ele><time>2026-03-28T12:21:35.000Z</time></trkpt>
      <trkpt lat="53.443657" lon="-1.854649"><ele>550.8</ele><time>2026-03-28T12:21:36.000Z</time></trkpt>
      <trkpt lat="53.443650" lon="-1.854662"><ele>551.0</ele><time>2026-03-28T12:21:37.000Z</time></trkpt>
      <trkpt lat="53.443640" lon="-1.854672"><ele>550.8</ele><time>2026-03-28T12:21:38.000Z</time></trkpt>
      <trkpt lat="53.443640" lon="-1.854690"><ele>550.8</ele><time>2026-03-28T12:21:39.000Z</time></trkpt>
      <trkpt lat="53.443630" lon="-1.854710"><ele>550.8</ele><time>2026-03-28T12:21:40.000Z</time></trkpt>
      <trkpt lat="53.443626" lon="-1.854730"><ele>550.2</ele><time>2026-03-28T12:21:41.000Z</time></trkpt>
      <trkpt lat="53.443620" lon="-1.854745"><ele>550.0</ele><time>2026-03-28T12:21:42.000Z</time></trkpt>
      <trkpt lat="53.443610" lon="-1.854759"><ele>550.0</ele><time>2026-03-28T12:21:43.000Z</time></trkpt>
      <trkpt lat="53.443604" lon="-1.854764"><ele>549.8</ele><time>2026-03-28T12:21:44.000Z</time></trkpt>
      <trkpt lat="53.443596" lon="-1.854764"><ele>549.8</ele><time>2026-03-28T12:21:45.000Z</time></trkpt>
      <trkpt lat="53.443590" lon="-1.854767"><ele>549.4</ele><time>2026-03-28T12:21:46.000Z</time></trkpt>
      <trkpt lat="53.443573" lon="-1.854770"><ele>550.0</ele><time>2026-03-28T12:21:47.000Z</time></trkpt>
      <trkpt lat="53.443558" lon="-1.854786"><ele>549.8</ele><time>2026-03-28T12:21:48.000Z</time></trkpt>
      <trkpt lat="53.443550" lon="-1.854787"><ele>550.2</ele><time>2026-03-28T12:21:49.000Z</time></trkpt>
      <trkpt lat="53.443542" lon="-1.854798"><ele>550.4</ele><time>2026-03-28T12:21:50.000Z</time></trkpt>
      <trkpt lat="53.443535" lon="-1.854809"><ele>550.2</ele><time>2026-03-28T12:21:51.000Z</time></trkpt>
      <trkpt lat="53.443527" lon="-1.854819"><ele>550.0</ele><time>2026-03-28T12:21:52.000Z</time></trkpt>
      <trkpt lat="53.443516" lon="-1.854831"><ele>550.8</ele><time>2026-03-28T12:21:53.000Z</time></trkpt>
      <trkpt lat="53.443504" lon="-1.854847"><ele>550.4</ele><time>2026-03-28T12:21:54.000Z</time></trkpt>
      <trkpt lat="53.443497" lon="-1.854864"><ele>550.6</ele><time>2026-03-28T12:21:55.000Z</time></trkpt>
      <trkpt lat="53.443485" lon="-1.854883"><ele>550.8</ele><time>2026-03-28T12:21:56.000Z</time></trkpt>
      <trkpt lat="53.443478" lon="-1.854899"><ele>550.2</ele><time>2026-03-28T12:21:57.000Z</time></trkpt>
      <trkpt lat="53.443470" lon="-1.854902"><ele>550.2</ele><time>2026-03-28T12:21:58.000Z</time></trkpt>
      <trkpt lat="53.443460" lon="-1.854915"><ele>550.0</ele><time>2026-03-28T12:21:59.000Z</time></trkpt>
      <trkpt lat="53.443450" lon="-1.854928"><ele>549.8</ele><time>2026-03-28T12:22:00.000Z</time></trkpt>
      <trkpt lat="53.443443" lon="-1.854947"><ele>550.2</ele><time>2026-03-28T12:22:01.000Z</time></trkpt>
      <trkpt lat="53.443430" lon="-1.854952"><ele>549.8</ele><time>2026-03-28T12:22:02.000Z</time></trkpt>
      <trkpt lat="53.443428" lon="-1.854968"><ele>549.4</ele><time>2026-03-28T12:22:03.000Z</time></trkpt>
      <trkpt lat="53.443420" lon="-1.854981"><ele>548.8</ele><time>2026-03-28T12:22:04.000Z</time></trkpt>
      <trkpt lat="53.443405" lon="-1.854999"><ele>548.6</ele><time>2026-03-28T12:22:05.000Z</time></trkpt>
      <trkpt lat="53.443398" lon="-1.855014"><ele>548.8</ele><time>2026-03-28T12:22:06.000Z</time></trkpt>
      <trkpt lat="53.443386" lon="-1.855026"><ele>548.8</ele><time>2026-03-28T12:22:07.000Z</time></trkpt>
      <trkpt lat="53.443380" lon="-1.855047"><ele>548.4</ele><time>2026-03-28T12:22:08.000Z</time></trkpt>
      <trkpt lat="53.443370" lon="-1.855064"><ele>549.0</ele><time>2026-03-28T12:22:09.000Z</time></trkpt>
      <trkpt lat="53.443367" lon="-1.855080"><ele>549.0</ele><time>2026-03-28T12:22:10.000Z</time></trkpt>
      <trkpt lat="53.443363" lon="-1.855095"><ele>548.4</ele><time>2026-03-28T12:22:11.000Z</time></trkpt>
      <trkpt lat="53.443356" lon="-1.855115"><ele>548.8</ele><time>2026-03-28T12:22:12.000Z</time></trkpt>
      <trkpt lat="53.443348" lon="-1.855125"><ele>547.6</ele><time>2026-03-28T12:22:13.000Z</time></trkpt>
      <trkpt lat="53.443336" lon="-1.855134"><ele>548.0</ele><time>2026-03-28T12:22:14.000Z</time></trkpt>
      <trkpt lat="53.443330" lon="-1.855144"><ele>547.4</ele><time>2026-03-28T12:22:15.000Z</time></trkpt>
      <trkpt lat="53.443317" lon="-1.855149"><ele>547.2</ele><time>2026-03-28T12:22:16.000Z</time></trkpt>
      <trkpt lat="53.443306" lon="-1.855171"><ele>547.8</ele><time>2026-03-28T12:22:17.000Z</time></trkpt>
      <trkpt lat="53.443300" lon="-1.855185"><ele>547.4</ele><time>2026-03-28T12:22:18.000Z</time></trkpt>
      <trkpt lat="53.443287" lon="-1.855193"><ele>548.0</ele><time>2026-03-28T12:22:19.000Z</time></trkpt>
      <trkpt lat="53.443275" lon="-1.855204"><ele>547.6</ele><time>2026-03-28T12:22:20.000Z</time></trkpt>
      <trkpt lat="53.443264" lon="-1.855217"><ele>547.6</ele><time>2026-03-28T12:22:21.000Z</time></trkpt>
      <trkpt lat="53.443253" lon="-1.855228"><ele>547.2</ele><time>2026-03-28T12:22:22.000Z</time></trkpt>
      <trkpt lat="53.443245" lon="-1.855242"><ele>547.4</ele><time>2026-03-28T12:22:23.000Z</time></trkpt>
      <trkpt lat="53.443237" lon="-1.855249"><ele>547.0</ele><time>2026-03-28T12:22:24.000Z</time></trkpt>
      <trkpt lat="53.443233" lon="-1.855254"><ele>546.6</ele><time>2026-03-28T12:22:25.000Z</time></trkpt>
      <trkpt lat="53.443220" lon="-1.855275"><ele>546.0</ele><time>2026-03-28T12:22:26.000Z</time></trkpt>
      <trkpt lat="53.443207" lon="-1.855291"><ele>546.4</ele><time>2026-03-28T12:22:27.000Z</time></trkpt>
      <trkpt lat="53.443200" lon="-1.855311"><ele>546.4</ele><time>2026-03-28T12:22:28.000Z</time></trkpt>
      <trkpt lat="53.443188" lon="-1.855323"><ele>546.8</ele><time>2026-03-28T12:22:29.000Z</time></trkpt>
      <trkpt lat="53.443176" lon="-1.855338"><ele>546.4</ele><time>2026-03-28T12:22:30.000Z</time></trkpt>
      <trkpt lat="53.443172" lon="-1.855352"><ele>546.6</ele><time>2026-03-28T12:22:31.000Z</time></trkpt>
      <trkpt lat="53.443160" lon="-1.855367"><ele>546.8</ele><time>2026-03-28T12:22:32.000Z</time></trkpt>
      <trkpt lat="53.443153" lon="-1.855385"><ele>546.2</ele><time>2026-03-28T12:22:33.000Z</time></trkpt>
      <trkpt lat="53.443142" lon="-1.855400"><ele>546.0</ele><time>2026-03-28T12:22:34.000Z</time></trkpt>
      <trkpt lat="53.443134" lon="-1.855410"><ele>546.4</ele><time>2026-03-28T12:22:35.000Z</time></trkpt>
      <trkpt lat="53.443120" lon="-1.855424"><ele>545.6</ele><time>2026-03-28T12:22:36.000Z</time></trkpt>
      <trkpt lat="53.443108" lon="-1.855436"><ele>545.8</ele><time>2026-03-28T12:22:37.000Z</time></trkpt>
      <trkpt lat="53.443096" lon="-1.855449"><ele>545.8</ele><time>2026-03-28T12:22:38.000Z</time></trkpt>
      <trkpt lat="53.443090" lon="-1.855455"><ele>546.2</ele><time>2026-03-28T12:22:39.000Z</time></trkpt>
      <trkpt lat="53.443077" lon="-1.855471"><ele>545.4</ele><time>2026-03-28T12:22:40.000Z</time></trkpt>
      <trkpt lat="53.443066" lon="-1.855481"><ele>545.0</ele><time>2026-03-28T12:22:41.000Z</time></trkpt>
      <trkpt lat="53.443054" lon="-1.855494"><ele>545.0</ele><time>2026-03-28T12:22:42.000Z</time></trkpt>
      <trkpt lat="53.443047" lon="-1.855504"><ele>545.0</ele><time>2026-03-28T12:22:43.000Z</time></trkpt>
      <trkpt lat="53.443030" lon="-1.855520"><ele>545.2</ele><time>2026-03-28T12:22:44.000Z</time></trkpt>
      <trkpt lat="53.443024" lon="-1.855526"><ele>545.2</ele><time>2026-03-28T12:22:45.000Z</time></trkpt>
      <trkpt lat="53.443012" lon="-1.855535"><ele>544.6</ele><time>2026-03-28T12:22:46.000Z</time></trkpt>
      <trkpt lat="53.443005" lon="-1.855549"><ele>544.8</ele><time>2026-03-28T12:22:47.000Z</time></trkpt>
      <trkpt lat="53.442997" lon="-1.855561"><ele>544.6</ele><time>2026-03-28T12:22:48.000Z</time></trkpt>
      <trkpt lat="53.442990" lon="-1.855574"><ele>544.4</ele><time>2026-03-28T12:22:49.000Z</time></trkpt>
      <trkpt lat="53.442980" lon="-1.855598"><ele>544.4</ele><time>2026-03-28T12:22:50.000Z</time></trkpt>
      <trkpt lat="53.442974" lon="-1.855613"><ele>544.4</ele><time>2026-03-28T12:22:51.000Z</time></trkpt>
      <trkpt lat="53.442966" lon="-1.855628"><ele>544.0</ele><time>2026-03-28T12:22:52.000Z</time></trkpt>
      <trkpt lat="53.442960" lon="-1.855641"><ele>543.6</ele><time>2026-03-28T12:22:53.000Z</time></trkpt>
      <trkpt lat="53.442950" lon="-1.855656"><ele>544.2</ele><time>2026-03-28T12:22:54.000Z</time></trkpt>
      <trkpt lat="53.442944" lon="-1.855677"><ele>544.0</ele><time>2026-03-28T12:22:55.000Z</time></trkpt>
      <trkpt lat="53.442936" lon="-1.855694"><ele>543.8</ele><time>2026-03-28T12:22:56.000Z</time></trkpt>
      <trkpt lat="53.442930" lon="-1.855707"><ele>543.6</ele><time>2026-03-28T12:22:57.000Z</time></trkpt>
      <trkpt lat="53.442924" lon="-1.855720"><ele>543.4</ele><time>2026-03-28T12:22:58.000Z</time></trkpt>
      <trkpt lat="53.442917" lon="-1.855735"><ele>543.2</ele><time>2026-03-28T12:22:59.000Z</time></trkpt>
      <trkpt lat="53.442917" lon="-1.855741"><ele>542.8</ele><time>2026-03-28T12:23:00.000Z</time></trkpt>
      <trkpt lat="53.442920" lon="-1.855742"><ele>542.8</ele><time>2026-03-28T12:23:01.000Z</time></trkpt>
      <trkpt lat="53.442910" lon="-1.855746"><ele>542.2</ele><time>2026-03-28T12:23:02.000Z</time></trkpt>
      <trkpt lat="53.442900" lon="-1.855771"><ele>541.8</ele><time>2026-03-28T12:23:03.000Z</time></trkpt>
      <trkpt lat="53.442898" lon="-1.855787"><ele>542.2</ele><time>2026-03-28T12:23:04.000Z</time></trkpt>
      <trkpt lat="53.442900" lon="-1.855788"><ele>542.4</ele><time>2026-03-28T12:23:05.000Z</time></trkpt>
      <trkpt lat="53.442898" lon="-1.855797"><ele>541.4</ele><time>2026-03-28T12:23:06.000Z</time></trkpt>
      <trkpt lat="53.442890" lon="-1.855813"><ele>541.8</ele><time>2026-03-28T12:23:07.000Z</time></trkpt>
      <trkpt lat="53.442883" lon="-1.855823"><ele>542.0</ele><time>2026-03-28T12:23:08.000Z</time></trkpt>
      <trkpt lat="53.442870" lon="-1.855828"><ele>542.0</ele><time>2026-03-28T12:23:09.000Z</time></trkpt>
      <trkpt lat="53.442860" lon="-1.855825"><ele>541.8</ele><time>2026-03-28T12:23:10.000Z</time></trkpt>
      <trkpt lat="53.442844" lon="-1.855830"><ele>542.2</ele><time>2026-03-28T12:23:11.000Z</time></trkpt>
      <trkpt lat="53.442830" lon="-1.855838"><ele>541.2</ele><time>2026-03-28T12:23:12.000Z</time></trkpt>
      <trkpt lat="53.442820" lon="-1.855846"><ele>541.4</ele><time>2026-03-28T12:23:13.000Z</time></trkpt>
      <trkpt lat="53.442810" lon="-1.855862"><ele>541.4</ele><time>2026-03-28T12:23:14.000Z</time></trkpt>
      <trkpt lat="53.442800" lon="-1.855876"><ele>540.8</ele><time>2026-03-28T12:23:15.000Z</time></trkpt>
      <trkpt lat="53.442787" lon="-1.855889"><ele>540.8</ele><time>2026-03-28T12:23:16.000Z</time></trkpt>
      <trkpt lat="53.442780" lon="-1.855894"><ele>541.2</ele><time>2026-03-28T12:23:17.000Z</time></trkpt>
      <trkpt lat="53.442772" lon="-1.855908"><ele>541.4</ele><time>2026-03-28T12:23:18.000Z</time></trkpt>
      <trkpt lat="53.442760" lon="-1.855921"><ele>542.2</ele><time>2026-03-28T12:23:19.000Z</time></trkpt>
      <trkpt lat="53.442750" lon="-1.855930"><ele>542.4</ele><time>2026-03-28T12:23:20.000Z</time></trkpt>
      <trkpt lat="53.442734" lon="-1.855933"><ele>541.6</ele><time>2026-03-28T12:23:21.000Z</time></trkpt>
      <trkpt lat="53.442722" lon="-1.855941"><ele>541.0</ele><time>2026-03-28T12:23:22.000Z</time></trkpt>
      <trkpt lat="53.442710" lon="-1.855958"><ele>541.2</ele><time>2026-03-28T12:23:23.000Z</time></trkpt>
      <trkpt lat="53.442703" lon="-1.855965"><ele>540.8</ele><time>2026-03-28T12:23:24.000Z</time></trkpt>
      <trkpt lat="53.442688" lon="-1.855988"><ele>541.2</ele><time>2026-03-28T12:23:25.000Z</time></trkpt>
      <trkpt lat="53.442680" lon="-1.855997"><ele>540.6</ele><time>2026-03-28T12:23:26.000Z</time></trkpt>
      <trkpt lat="53.442673" lon="-1.856016"><ele>540.6</ele><time>2026-03-28T12:23:27.000Z</time></trkpt>
      <trkpt lat="53.442665" lon="-1.856033"><ele>540.6</ele><time>2026-03-28T12:23:28.000Z</time></trkpt>
      <trkpt lat="53.442660" lon="-1.856042"><ele>540.2</ele><time>2026-03-28T12:23:29.000Z</time></trkpt>
      <trkpt lat="53.442650" lon="-1.856056"><ele>540.0</ele><time>2026-03-28T12:23:30.000Z</time></trkpt>
      <trkpt lat="53.442642" lon="-1.856067"><ele>540.2</ele><time>2026-03-28T12:23:31.000Z</time></trkpt>
      <trkpt lat="53.442630" lon="-1.856081"><ele>540.8</ele><time>2026-03-28T12:23:32.000Z</time></trkpt>
      <trkpt lat="53.442623" lon="-1.856099"><ele>540.0</ele><time>2026-03-28T12:23:33.000Z</time></trkpt>
      <trkpt lat="53.442616" lon="-1.856116"><ele>539.8</ele><time>2026-03-28T12:23:34.000Z</time></trkpt>
      <trkpt lat="53.442608" lon="-1.856133"><ele>539.8</ele><time>2026-03-28T12:23:35.000Z</time></trkpt>
      <trkpt lat="53.442600" lon="-1.856146"><ele>539.8</ele><time>2026-03-28T12:23:36.000Z</time></trkpt>
      <trkpt lat="53.442590" lon="-1.856170"><ele>539.8</ele><time>2026-03-28T12:23:37.000Z</time></trkpt>
      <trkpt lat="53.442585" lon="-1.856183"><ele>539.6</ele><time>2026-03-28T12:23:38.000Z</time></trkpt>
      <trkpt lat="53.442577" lon="-1.856196"><ele>539.2</ele><time>2026-03-28T12:23:39.000Z</time></trkpt>
      <trkpt lat="53.442566" lon="-1.856208"><ele>539.8</ele><time>2026-03-28T12:23:40.000Z</time></trkpt>
      <trkpt lat="53.442562" lon="-1.856219"><ele>538.8</ele><time>2026-03-28T12:23:41.000Z</time></trkpt>
      <trkpt lat="53.442554" lon="-1.856243"><ele>539.2</ele><time>2026-03-28T12:23:42.000Z</time></trkpt>
      <trkpt lat="53.442547" lon="-1.856257"><ele>539.8</ele><time>2026-03-28T12:23:43.000Z</time></trkpt>
      <trkpt lat="53.442543" lon="-1.856274"><ele>539.4</ele><time>2026-03-28T12:23:44.000Z</time></trkpt>
      <trkpt lat="53.442540" lon="-1.856274"><ele>539.0</ele><time>2026-03-28T12:23:45.000Z</time></trkpt>
      <trkpt lat="53.442530" lon="-1.856282"><ele>538.8</ele><time>2026-03-28T12:23:46.000Z</time></trkpt>
      <trkpt lat="53.442513" lon="-1.856295"><ele>539.0</ele><time>2026-03-28T12:23:47.000Z</time></trkpt>
      <trkpt lat="53.442500" lon="-1.856300"><ele>539.6</ele><time>2026-03-28T12:23:48.000Z</time></trkpt>
      <trkpt lat="53.442493" lon="-1.856318"><ele>538.8</ele><time>2026-03-28T12:23:49.000Z</time></trkpt>
      <trkpt lat="53.442482" lon="-1.856330"><ele>538.8</ele><time>2026-03-28T12:23:50.000Z</time></trkpt>
      <trkpt lat="53.442470" lon="-1.856338"><ele>538.6</ele><time>2026-03-28T12:23:51.000Z</time></trkpt>
      <trkpt lat="53.442460" lon="-1.856342"><ele>538.0</ele><time>2026-03-28T12:23:52.000Z</time></trkpt>
      <trkpt lat="53.442448" lon="-1.856354"><ele>538.0</ele><time>2026-03-28T12:23:53.000Z</time></trkpt>
      <trkpt lat="53.442436" lon="-1.856366"><ele>538.8</ele><time>2026-03-28T12:23:54.000Z</time></trkpt>
      <trkpt lat="53.442425" lon="-1.856378"><ele>538.6</ele><time>2026-03-28T12:23:55.000Z</time></trkpt>
      <trkpt lat="53.442413" lon="-1.856397"><ele>538.6</ele><time>2026-03-28T12:23:56.000Z</time></trkpt>
      <trkpt lat="53.442406" lon="-1.856410"><ele>538.4</ele><time>2026-03-28T12:23:57.000Z</time></trkpt>
      <trkpt lat="53.442394" lon="-1.856420"><ele>538.2</ele><time>2026-03-28T12:23:58.000Z</time></trkpt>
      <trkpt lat="53.442383" lon="-1.856438"><ele>538.4</ele><time>2026-03-28T12:23:59.000Z</time></trkpt>
      <trkpt lat="53.442375" lon="-1.856448"><ele>538.6</ele><time>2026-03-28T12:24:00.000Z</time></trkpt>
      <trkpt lat="53.442360" lon="-1.856467"><ele>538.0</ele><time>2026-03-28T12:24:01.000Z</time></trkpt>
      <trkpt lat="53.442350" lon="-1.856474"><ele>538.2</ele><time>2026-03-28T12:24:02.000Z</time></trkpt>
      <trkpt lat="53.442340" lon="-1.856489"><ele>538.4</ele><time>2026-03-28T12:24:03.000Z</time></trkpt>
      <trkpt lat="53.442333" lon="-1.856507"><ele>537.8</ele><time>2026-03-28T12:24:04.000Z</time></trkpt>
      <trkpt lat="53.442330" lon="-1.856530"><ele>537.6</ele><time>2026-03-28T12:24:05.000Z</time></trkpt>
      <trkpt lat="53.442326" lon="-1.856556"><ele>538.4</ele><time>2026-03-28T12:24:06.000Z</time></trkpt>
      <trkpt lat="53.442314" lon="-1.856569"><ele>537.8</ele><time>2026-03-28T12:24:07.000Z</time></trkpt>
      <trkpt lat="53.442307" lon="-1.856585"><ele>537.6</ele><time>2026-03-28T12:24:08.000Z</time></trkpt>
      <trkpt lat="53.442300" lon="-1.856598"><ele>537.4</ele><time>2026-03-28T12:24:09.000Z</time></trkpt>
      <trkpt lat="53.442290" lon="-1.856609"><ele>537.6</ele><time>2026-03-28T12:24:10.000Z</time></trkpt>
      <trkpt lat="53.442284" lon="-1.856626"><ele>537.4</ele><time>2026-03-28T12:24:11.000Z</time></trkpt>
      <trkpt lat="53.442270" lon="-1.856651"><ele>537.2</ele><time>2026-03-28T12:24:12.000Z</time></trkpt>
      <trkpt lat="53.442265" lon="-1.856666"><ele>537.4</ele><time>2026-03-28T12:24:13.000Z</time></trkpt>
      <trkpt lat="53.442260" lon="-1.856685"><ele>537.2</ele><time>2026-03-28T12:24:14.000Z</time></trkpt>
      <trkpt lat="53.442260" lon="-1.856702"><ele>537.0</ele><time>2026-03-28T12:24:15.000Z</time></trkpt>
      <trkpt lat="53.442260" lon="-1.856720"><ele>536.0</ele><time>2026-03-28T12:24:16.000Z</time></trkpt>
      <trkpt lat="53.442260" lon="-1.856740"><ele>536.4</ele><time>2026-03-28T12:24:17.000Z</time></trkpt>
      <trkpt lat="53.442257" lon="-1.856762"><ele>536.6</ele><time>2026-03-28T12:24:18.000Z</time></trkpt>
      <trkpt lat="53.442253" lon="-1.856777"><ele>536.2</ele><time>2026-03-28T12:24:19.000Z</time></trkpt>
      <trkpt lat="53.442245" lon="-1.856793"><ele>536.4</ele><time>2026-03-28T12:24:20.000Z</time></trkpt>
      <trkpt lat="53.442238" lon="-1.856809"><ele>536.0</ele><time>2026-03-28T12:24:21.000Z</time></trkpt>
      <trkpt lat="53.442234" lon="-1.856819"><ele>536.2</ele><time>2026-03-28T12:24:22.000Z</time></trkpt>
      <trkpt lat="53.442234" lon="-1.856828"><ele>536.2</ele><time>2026-03-28T12:24:23.000Z</time></trkpt>
      <trkpt lat="53.442226" lon="-1.856853"><ele>535.8</ele><time>2026-03-28T12:24:24.000Z</time></trkpt>
      <trkpt lat="53.442223" lon="-1.856865"><ele>536.4</ele><time>2026-03-28T12:24:25.000Z</time></trkpt>
      <trkpt lat="53.442215" lon="-1.856880"><ele>536.2</ele><time>2026-03-28T12:24:26.000Z</time></trkpt>
      <trkpt lat="53.442207" lon="-1.856894"><ele>536.4</ele><time>2026-03-28T12:24:27.000Z</time></trkpt>
      <trkpt lat="53.442200" lon="-1.856903"><ele>536.2</ele><time>2026-03-28T12:24:28.000Z</time></trkpt>
      <trkpt lat="53.442192" lon="-1.856909"><ele>536.0</ele><time>2026-03-28T12:24:29.000Z</time></trkpt>
      <trkpt lat="53.442180" lon="-1.856929"><ele>536.0</ele><time>2026-03-28T12:24:30.000Z</time></trkpt>
      <trkpt lat="53.442170" lon="-1.856939"><ele>536.4</ele><time>2026-03-28T12:24:31.000Z</time></trkpt>
      <trkpt lat="53.442158" lon="-1.856958"><ele>536.2</ele><time>2026-03-28T12:24:32.000Z</time></trkpt>
      <trkpt lat="53.442154" lon="-1.856969"><ele>536.0</ele><time>2026-03-28T12:24:33.000Z</time></trkpt>
      <trkpt lat="53.442142" lon="-1.856973"><ele>536.0</ele><time>2026-03-28T12:24:34.000Z</time></trkpt>
      <trkpt lat="53.442135" lon="-1.856984"><ele>536.0</ele><time>2026-03-28T12:24:35.000Z</time></trkpt>
      <trkpt lat="53.442116" lon="-1.857013"><ele>536.0</ele><time>2026-03-28T12:24:36.000Z</time></trkpt>
      <trkpt lat="53.442112" lon="-1.857022"><ele>536.2</ele><time>2026-03-28T12:24:37.000Z</time></trkpt>
      <trkpt lat="53.442100" lon="-1.857039"><ele>536.2</ele><time>2026-03-28T12:24:38.000Z</time></trkpt>
      <trkpt lat="53.442097" lon="-1.857052"><ele>536.0</ele><time>2026-03-28T12:24:39.000Z</time></trkpt>
      <trkpt lat="53.442085" lon="-1.857060"><ele>536.6</ele><time>2026-03-28T12:24:40.000Z</time></trkpt>
      <trkpt lat="53.442074" lon="-1.857078"><ele>536.8</ele><time>2026-03-28T12:24:41.000Z</time></trkpt>
      <trkpt lat="53.442066" lon="-1.857093"><ele>536.6</ele><time>2026-03-28T12:24:42.000Z</time></trkpt>
      <trkpt lat="53.442055" lon="-1.857107"><ele>536.6</ele><time>2026-03-28T12:24:43.000Z</time></trkpt>
      <trkpt lat="53.442047" lon="-1.857115"><ele>536.2</ele><time>2026-03-28T12:24:44.000Z</time></trkpt>
      <trkpt lat="53.442040" lon="-1.857126"><ele>536.6</ele><time>2026-03-28T12:24:45.000Z</time></trkpt>
      <trkpt lat="53.442030" lon="-1.857127"><ele>537.2</ele><time>2026-03-28T12:24:46.000Z</time></trkpt>
      <trkpt lat="53.442020" lon="-1.857132"><ele>536.4</ele><time>2026-03-28T12:24:47.000Z</time></trkpt>
      <trkpt lat="53.442013" lon="-1.857148"><ele>536.8</ele><time>2026-03-28T12:24:48.000Z</time></trkpt>
      <trkpt lat="53.442000" lon="-1.857177"><ele>537.0</ele><time>2026-03-28T12:24:49.000Z</time></trkpt>
      <trkpt lat="53.441998" lon="-1.857192"><ele>537.4</ele><time>2026-03-28T12:24:50.000Z</time></trkpt>
      <trkpt lat="53.441986" lon="-1.857212"><ele>536.4</ele><time>2026-03-28T12:24:51.000Z</time></trkpt>
      <trkpt lat="53.441982" lon="-1.857231"><ele>536.2</ele><time>2026-03-28T12:24:52.000Z</time></trkpt>
      <trkpt lat="53.441980" lon="-1.857247"><ele>535.0</ele><time>2026-03-28T12:24:53.000Z</time></trkpt>
      <trkpt lat="53.441975" lon="-1.857271"><ele>535.0</ele><time>2026-03-28T12:24:54.000Z</time></trkpt>
      <trkpt lat="53.441967" lon="-1.857291"><ele>536.0</ele><time>2026-03-28T12:24:55.000Z</time></trkpt>
      <trkpt lat="53.441960" lon="-1.857308"><ele>535.8</ele><time>2026-03-28T12:24:56.000Z</time></trkpt>
      <trkpt lat="53.441950" lon="-1.857321"><ele>535.6</ele><time>2026-03-28T12:24:57.000Z</time></trkpt>
      <trkpt lat="53.441944" lon="-1.857335"><ele>536.2</ele><time>2026-03-28T12:24:58.000Z</time></trkpt>
      <trkpt lat="53.441936" lon="-1.857349"><ele>535.6</ele><time>2026-03-28T12:24:59.000Z</time></trkpt>
      <trkpt lat="53.441933" lon="-1.857357"><ele>535.4</ele><time>2026-03-28T12:25:00.000Z</time></trkpt>
      <trkpt lat="53.441920" lon="-1.857370"><ele>535.6</ele><time>2026-03-28T12:25:01.000Z</time></trkpt>
      <trkpt lat="53.441910" lon="-1.857380"><ele>535.8</ele><time>2026-03-28T12:25:02.000Z</time></trkpt>
      <trkpt lat="53.441906" lon="-1.857389"><ele>536.0</ele><time>2026-03-28T12:25:03.000Z</time></trkpt>
      <trkpt lat="53.441900" lon="-1.857404"><ele>536.4</ele><time>2026-03-28T12:25:04.000Z</time></trkpt>
      <trkpt lat="53.441900" lon="-1.857405"><ele>536.4</ele><time>2026-03-28T12:25:05.000Z</time></trkpt>
      <trkpt lat="53.441900" lon="-1.857404"><ele>536.4</ele><time>2026-03-28T12:25:06.000Z</time></trkpt>
      <trkpt lat="53.441887" lon="-1.857414"><ele>536.2</ele><time>2026-03-28T12:25:07.000Z</time></trkpt>
      <trkpt lat="53.441880" lon="-1.857434"><ele>536.2</ele><time>2026-03-28T12:25:08.000Z</time></trkpt>
      <trkpt lat="53.441870" lon="-1.857455"><ele>536.6</ele><time>2026-03-28T12:25:09.000Z</time></trkpt>
      <trkpt lat="53.441870" lon="-1.857463"><ele>536.4</ele><time>2026-03-28T12:25:10.000Z</time></trkpt>
      <trkpt lat="53.441875" lon="-1.857453"><ele>536.4</ele><time>2026-03-28T12:25:11.000Z</time></trkpt>
      <trkpt lat="53.441875" lon="-1.857453"><ele>536.4</ele><time>2026-03-28T12:25:12.000Z</time></trkpt>
      <trkpt lat="53.441875" lon="-1.857452"><ele>536.4</ele><time>2026-03-28T12:25:13.000Z</time></trkpt>
      <trkpt lat="53.441875" lon="-1.857451"><ele>536.4</ele><time>2026-03-28T12:25:14.000Z</time></trkpt>
      <trkpt lat="53.441870" lon="-1.857456"><ele>536.4</ele><time>2026-03-28T12:25:15.000Z</time></trkpt>
      <trkpt lat="53.441864" lon="-1.857472"><ele>536.2</ele><time>2026-03-28T12:25:16.000Z</time></trkpt>
      <trkpt lat="53.441853" lon="-1.857500"><ele>536.4</ele><time>2026-03-28T12:25:17.000Z</time></trkpt>
      <trkpt lat="53.441845" lon="-1.857519"><ele>536.2</ele><time>2026-03-28T12:25:18.000Z</time></trkpt>
      <trkpt lat="53.441837" lon="-1.857538"><ele>536.0</ele><time>2026-03-28T12:25:19.000Z</time></trkpt>
      <trkpt lat="53.441830" lon="-1.857557"><ele>535.4</ele><time>2026-03-28T12:25:20.000Z</time></trkpt>
      <trkpt lat="53.441814" lon="-1.857576"><ele>535.6</ele><time>2026-03-28T12:25:21.000Z</time></trkpt>
      <trkpt lat="53.441803" lon="-1.857584"><ele>535.4</ele><time>2026-03-28T12:25:22.000Z</time></trkpt>
      <trkpt lat="53.441795" lon="-1.857595"><ele>535.6</ele><time>2026-03-28T12:25:23.000Z</time></trkpt>
      <trkpt lat="53.441790" lon="-1.857611"><ele>535.2</ele><time>2026-03-28T12:25:24.000Z</time></trkpt>
      <trkpt lat="53.441780" lon="-1.857626"><ele>535.6</ele><time>2026-03-28T12:25:25.000Z</time></trkpt>
      <trkpt lat="53.441772" lon="-1.857646"><ele>535.2</ele><time>2026-03-28T12:25:26.000Z</time></trkpt>
      <trkpt lat="53.441770" lon="-1.857673"><ele>534.8</ele><time>2026-03-28T12:25:27.000Z</time></trkpt>
      <trkpt lat="53.441757" lon="-1.857689"><ele>534.8</ele><time>2026-03-28T12:25:28.000Z</time></trkpt>
      <trkpt lat="53.441746" lon="-1.857706"><ele>534.6</ele><time>2026-03-28T12:25:29.000Z</time></trkpt>
      <trkpt lat="53.441734" lon="-1.857715"><ele>534.0</ele><time>2026-03-28T12:25:30.000Z</time></trkpt>
      <trkpt lat="53.441727" lon="-1.857731"><ele>534.4</ele><time>2026-03-28T12:25:31.000Z</time></trkpt>
      <trkpt lat="53.441723" lon="-1.857752"><ele>535.2</ele><time>2026-03-28T12:25:32.000Z</time></trkpt>
      <trkpt lat="53.441710" lon="-1.857770"><ele>534.8</ele><time>2026-03-28T12:25:33.000Z</time></trkpt>
      <trkpt lat="53.441704" lon="-1.857792"><ele>534.6</ele><time>2026-03-28T12:25:34.000Z</time></trkpt>
      <trkpt lat="53.441700" lon="-1.857811"><ele>535.0</ele><time>2026-03-28T12:25:35.000Z</time></trkpt>
      <trkpt lat="53.441690" lon="-1.857828"><ele>535.4</ele><time>2026-03-28T12:25:36.000Z</time></trkpt>
      <trkpt lat="53.441677" lon="-1.857844"><ele>534.6</ele><time>2026-03-28T12:25:37.000Z</time></trkpt>
      <trkpt lat="53.441670" lon="-1.857864"><ele>534.2</ele><time>2026-03-28T12:25:38.000Z</time></trkpt>
      <trkpt lat="53.441660" lon="-1.857884"><ele>534.2</ele><time>2026-03-28T12:25:39.000Z</time></trkpt>
      <trkpt lat="53.441650" lon="-1.857903"><ele>534.6</ele><time>2026-03-28T12:25:40.000Z</time></trkpt>
      <trkpt lat="53.441643" lon="-1.857922"><ele>535.2</ele><time>2026-03-28T12:25:41.000Z</time></trkpt>
      <trkpt lat="53.441635" lon="-1.857934"><ele>535.4</ele><time>2026-03-28T12:25:42.000Z</time></trkpt>
      <trkpt lat="53.441624" lon="-1.857951"><ele>534.8</ele><time>2026-03-28T12:25:43.000Z</time></trkpt>
      <trkpt lat="53.441616" lon="-1.857972"><ele>534.8</ele><time>2026-03-28T12:25:44.000Z</time></trkpt>
      <trkpt lat="53.441610" lon="-1.857988"><ele>534.4</ele><time>2026-03-28T12:25:45.000Z</time></trkpt>
      <trkpt lat="53.441597" lon="-1.858008"><ele>534.0</ele><time>2026-03-28T12:25:46.000Z</time></trkpt>
      <trkpt lat="53.441590" lon="-1.858022"><ele>534.6</ele><time>2026-03-28T12:25:47.000Z</time></trkpt>
      <trkpt lat="53.441578" lon="-1.858036"><ele>534.4</ele><time>2026-03-28T12:25:48.000Z</time></trkpt>
      <trkpt lat="53.441570" lon="-1.858056"><ele>534.4</ele><time>2026-03-28T12:25:49.000Z</time></trkpt>
      <trkpt lat="53.441566" lon="-1.858078"><ele>534.0</ele><time>2026-03-28T12:25:50.000Z</time></trkpt>
      <trkpt lat="53.441560" lon="-1.858102"><ele>534.8</ele><time>2026-03-28T12:25:51.000Z</time></trkpt>
      <trkpt lat="53.441547" lon="-1.858117"><ele>533.8</ele><time>2026-03-28T12:25:52.000Z</time></trkpt>
      <trkpt lat="53.441536" lon="-1.858131"><ele>534.2</ele><time>2026-03-28T12:25:53.000Z</time></trkpt>
      <trkpt lat="53.441530" lon="-1.858145"><ele>534.0</ele><time>2026-03-28T12:25:54.000Z</time></trkpt>
      <trkpt lat="53.441520" lon="-1.858159"><ele>534.0</ele><time>2026-03-28T12:25:55.000Z</time></trkpt>
      <trkpt lat="53.441510" lon="-1.858175"><ele>534.2</ele><time>2026-03-28T12:25:56.000Z</time></trkpt>
      <trkpt lat="53.441498" lon="-1.858189"><ele>533.8</ele><time>2026-03-28T12:25:57.000Z</time></trkpt>
      <trkpt lat="53.441490" lon="-1.858207"><ele>533.4</ele><time>2026-03-28T12:25:58.000Z</time></trkpt>
      <trkpt lat="53.441486" lon="-1.858218"><ele>533.4</ele><time>2026-03-28T12:25:59.000Z</time></trkpt>
      <trkpt lat="53.441480" lon="-1.858225"><ele>532.8</ele><time>2026-03-28T12:26:00.000Z</time></trkpt>
      <trkpt lat="53.441467" lon="-1.858236"><ele>533.2</ele><time>2026-03-28T12:26:01.000Z</time></trkpt>
      <trkpt lat="53.441456" lon="-1.858255"><ele>533.4</ele><time>2026-03-28T12:26:02.000Z</time></trkpt>
      <trkpt lat="53.441452" lon="-1.858280"><ele>532.6</ele><time>2026-03-28T12:26:03.000Z</time></trkpt>
      <trkpt lat="53.441444" lon="-1.858299"><ele>532.6</ele><time>2026-03-28T12:26:04.000Z</time></trkpt>
      <trkpt lat="53.441437" lon="-1.858314"><ele>533.2</ele><time>2026-03-28T12:26:05.000Z</time></trkpt>
      <trkpt lat="53.441430" lon="-1.858336"><ele>532.2</ele><time>2026-03-28T12:26:06.000Z</time></trkpt>
      <trkpt lat="53.441425" lon="-1.858364"><ele>531.6</ele><time>2026-03-28T12:26:07.000Z</time></trkpt>
      <trkpt lat="53.441420" lon="-1.858376"><ele>532.2</ele><time>2026-03-28T12:26:08.000Z</time></trkpt>
      <trkpt lat="53.441418" lon="-1.858385"><ele>531.8</ele><time>2026-03-28T12:26:09.000Z</time></trkpt>
      <trkpt lat="53.441410" lon="-1.858401"><ele>532.0</ele><time>2026-03-28T12:26:10.000Z</time></trkpt>
      <trkpt lat="53.441402" lon="-1.858410"><ele>532.2</ele><time>2026-03-28T12:26:11.000Z</time></trkpt>
      <trkpt lat="53.441395" lon="-1.858422"><ele>532.4</ele><time>2026-03-28T12:26:12.000Z</time></trkpt>
      <trkpt lat="53.441387" lon="-1.858434"><ele>532.4</ele><time>2026-03-28T12:26:13.000Z</time></trkpt>
      <trkpt lat="53.441380" lon="-1.858445"><ele>532.6</ele><time>2026-03-28T12:26:14.000Z</time></trkpt>
      <trkpt lat="53.441372" lon="-1.858457"><ele>532.8</ele><time>2026-03-28T12:26:15.000Z</time></trkpt>
      <trkpt lat="53.441364" lon="-1.858467"><ele>533.0</ele><time>2026-03-28T12:26:16.000Z</time></trkpt>
      <trkpt lat="53.441360" lon="-1.858481"><ele>532.4</ele><time>2026-03-28T12:26:17.000Z</time></trkpt>
      <trkpt lat="53.441357" lon="-1.858495"><ele>533.0</ele><time>2026-03-28T12:26:18.000Z</time></trkpt>
      <trkpt lat="53.441357" lon="-1.858501"><ele>533.0</ele><time>2026-03-28T12:26:19.000Z</time></trkpt>
      <trkpt lat="53.441357" lon="-1.858496"><ele>532.8</ele><time>2026-03-28T12:26:20.000Z</time></trkpt>
      <trkpt lat="53.441357" lon="-1.858497"><ele>532.8</ele><time>2026-03-28T12:26:21.000Z</time></trkpt>
      <trkpt lat="53.441353" lon="-1.858504"><ele>532.4</ele><time>2026-03-28T12:26:22.000Z</time></trkpt>
      <trkpt lat="53.441345" lon="-1.858517"><ele>532.0</ele><time>2026-03-28T12:26:23.000Z</time></trkpt>
      <trkpt lat="53.441330" lon="-1.858535"><ele>532.6</ele><time>2026-03-28T12:26:24.000Z</time></trkpt>
      <trkpt lat="53.441322" lon="-1.858544"><ele>532.6</ele><time>2026-03-28T12:26:25.000Z</time></trkpt>
      <trkpt lat="53.441310" lon="-1.858563"><ele>532.4</ele><time>2026-03-28T12:26:26.000Z</time></trkpt>
      <trkpt lat="53.441303" lon="-1.858572"><ele>532.0</ele><time>2026-03-28T12:26:27.000Z</time></trkpt>
      <trkpt lat="53.441296" lon="-1.858592"><ele>532.2</ele><time>2026-03-28T12:26:28.000Z</time></trkpt>
      <trkpt lat="53.441290" lon="-1.858619"><ele>532.8</ele><time>2026-03-28T12:26:29.000Z</time></trkpt>
      <trkpt lat="53.441284" lon="-1.858628"><ele>532.6</ele><time>2026-03-28T12:26:30.000Z</time></trkpt>
      <trkpt lat="53.441273" lon="-1.858658"><ele>532.2</ele><time>2026-03-28T12:26:31.000Z</time></trkpt>
      <trkpt lat="53.441273" lon="-1.858674"><ele>532.6</ele><time>2026-03-28T12:26:32.000Z</time></trkpt>
      <trkpt lat="53.441273" lon="-1.858699"><ele>532.8</ele><time>2026-03-28T12:26:33.000Z</time></trkpt>
      <trkpt lat="53.441265" lon="-1.858726"><ele>532.2</ele><time>2026-03-28T12:26:34.000Z</time></trkpt>
      <trkpt lat="53.441260" lon="-1.858739"><ele>532.2</ele><time>2026-03-28T12:26:35.000Z</time></trkpt>
      <trkpt lat="53.441254" lon="-1.858756"><ele>532.6</ele><time>2026-03-28T12:26:36.000Z</time></trkpt>
      <trkpt lat="53.441242" lon="-1.858773"><ele>533.0</ele><time>2026-03-28T12:26:37.000Z</time></trkpt>
      <trkpt lat="53.441235" lon="-1.858788"><ele>532.8</ele><time>2026-03-28T12:26:38.000Z</time></trkpt>
      <trkpt lat="53.441227" lon="-1.858803"><ele>532.4</ele><time>2026-03-28T12:26:39.000Z</time></trkpt>
      <trkpt lat="53.441223" lon="-1.858829"><ele>532.2</ele><time>2026-03-28T12:26:40.000Z</time></trkpt>
      <trkpt lat="53.441216" lon="-1.858840"><ele>532.2</ele><time>2026-03-28T12:26:41.000Z</time></trkpt>
      <trkpt lat="53.441208" lon="-1.858855"><ele>532.0</ele><time>2026-03-28T12:26:42.000Z</time></trkpt>
      <trkpt lat="53.441196" lon="-1.858871"><ele>532.2</ele><time>2026-03-28T12:26:43.000Z</time></trkpt>
      <trkpt lat="53.441193" lon="-1.858889"><ele>531.6</ele><time>2026-03-28T12:26:44.000Z</time></trkpt>
      <trkpt lat="53.441185" lon="-1.858906"><ele>531.6</ele><time>2026-03-28T12:26:45.000Z</time></trkpt>
      <trkpt lat="53.441185" lon="-1.858920"><ele>531.0</ele><time>2026-03-28T12:26:46.000Z</time></trkpt>
      <trkpt lat="53.441180" lon="-1.858936"><ele>531.0</ele><time>2026-03-28T12:26:47.000Z</time></trkpt>
      <trkpt lat="53.441174" lon="-1.858959"><ele>531.2</ele><time>2026-03-28T12:26:48.000Z</time></trkpt>
      <trkpt lat="53.441170" lon="-1.858977"><ele>531.4</ele><time>2026-03-28T12:26:49.000Z</time></trkpt>
      <trkpt lat="53.441160" lon="-1.858988"><ele>531.2</ele><time>2026-03-28T12:26:50.000Z</time></trkpt>
      <trkpt lat="53.441150" lon="-1.858995"><ele>531.2</ele><time>2026-03-28T12:26:51.000Z</time></trkpt>
      <trkpt lat="53.441143" lon="-1.859006"><ele>531.4</ele><time>2026-03-28T12:26:52.000Z</time></trkpt>
      <trkpt lat="53.441130" lon="-1.859016"><ele>531.0</ele><time>2026-03-28T12:26:53.000Z</time></trkpt>
      <trkpt lat="53.441116" lon="-1.859031"><ele>531.4</ele><time>2026-03-28T12:26:54.000Z</time></trkpt>
      <trkpt lat="53.441113" lon="-1.859037"><ele>532.2</ele><time>2026-03-28T12:26:55.000Z</time></trkpt>
      <trkpt lat="53.441100" lon="-1.859050"><ele>532.4</ele><time>2026-03-28T12:26:56.000Z</time></trkpt>
      <trkpt lat="53.441097" lon="-1.859061"><ele>532.2</ele><time>2026-03-28T12:26:57.000Z</time></trkpt>
      <trkpt lat="53.441090" lon="-1.859076"><ele>532.0</ele><time>2026-03-28T12:26:58.000Z</time></trkpt>
      <trkpt lat="53.441082" lon="-1.859093"><ele>532.4</ele><time>2026-03-28T12:26:59.000Z</time></trkpt>
      <trkpt lat="53.441080" lon="-1.859101"><ele>531.8</ele><time>2026-03-28T12:27:00.000Z</time></trkpt>
      <trkpt lat="53.441070" lon="-1.859116"><ele>532.0</ele><time>2026-03-28T12:27:01.000Z</time></trkpt>
      <trkpt lat="53.441067" lon="-1.859133"><ele>531.6</ele><time>2026-03-28T12:27:02.000Z</time></trkpt>
      <trkpt lat="53.441060" lon="-1.859153"><ele>531.6</ele><time>2026-03-28T12:27:03.000Z</time></trkpt>
      <trkpt lat="53.441055" lon="-1.859173"><ele>531.8</ele><time>2026-03-28T12:27:04.000Z</time></trkpt>
      <trkpt lat="53.441048" lon="-1.859189"><ele>531.4</ele><time>2026-03-28T12:27:05.000Z</time></trkpt>
      <trkpt lat="53.441048" lon="-1.859209"><ele>531.6</ele><time>2026-03-28T12:27:06.000Z</time></trkpt>
      <trkpt lat="53.441048" lon="-1.859223"><ele>530.8</ele><time>2026-03-28T12:27:07.000Z</time></trkpt>
      <trkpt lat="53.441044" lon="-1.859244"><ele>531.8</ele><time>2026-03-28T12:27:08.000Z</time></trkpt>
      <trkpt lat="53.441040" lon="-1.859260"><ele>531.6</ele><time>2026-03-28T12:27:09.000Z</time></trkpt>
      <trkpt lat="53.441036" lon="-1.859276"><ele>530.4</ele><time>2026-03-28T12:27:10.000Z</time></trkpt>
      <trkpt lat="53.441032" lon="-1.859291"><ele>530.6</ele><time>2026-03-28T12:27:11.000Z</time></trkpt>
      <trkpt lat="53.441025" lon="-1.859305"><ele>530.6</ele><time>2026-03-28T12:27:12.000Z</time></trkpt>
      <trkpt lat="53.441020" lon="-1.859328"><ele>531.0</ele><time>2026-03-28T12:27:13.000Z</time></trkpt>
      <trkpt lat="53.441017" lon="-1.859340"><ele>530.8</ele><time>2026-03-28T12:27:14.000Z</time></trkpt>
      <trkpt lat="53.441017" lon="-1.859342"><ele>531.0</ele><time>2026-03-28T12:27:15.000Z</time></trkpt>
      <trkpt lat="53.441010" lon="-1.859346"><ele>530.2</ele><time>2026-03-28T12:27:16.000Z</time></trkpt>
      <trkpt lat="53.441000" lon="-1.859369"><ele>530.6</ele><time>2026-03-28T12:27:17.000Z</time></trkpt>
      <trkpt lat="53.440994" lon="-1.859379"><ele>530.8</ele><time>2026-03-28T12:27:18.000Z</time></trkpt>
      <trkpt lat="53.440990" lon="-1.859386"><ele>530.6</ele><time>2026-03-28T12:27:19.000Z</time></trkpt>
      <trkpt lat="53.440983" lon="-1.859399"><ele>530.4</ele><time>2026-03-28T12:27:20.000Z</time></trkpt>
      <trkpt lat="53.440975" lon="-1.859419"><ele>531.0</ele><time>2026-03-28T12:27:21.000Z</time></trkpt>
      <trkpt lat="53.440970" lon="-1.859432"><ele>530.8</ele><time>2026-03-28T12:27:22.000Z</time></trkpt>
      <trkpt lat="53.440968" lon="-1.859444"><ele>530.2</ele><time>2026-03-28T12:27:23.000Z</time></trkpt>
      <trkpt lat="53.440956" lon="-1.859457"><ele>530.0</ele><time>2026-03-28T12:27:24.000Z</time></trkpt>
      <trkpt lat="53.440945" lon="-1.859465"><ele>529.6</ele><time>2026-03-28T12:27:25.000Z</time></trkpt>
      <trkpt lat="53.440933" lon="-1.859469"><ele>529.8</ele><time>2026-03-28T12:27:26.000Z</time></trkpt>
      <trkpt lat="53.440926" lon="-1.859482"><ele>529.4</ele><time>2026-03-28T12:27:27.000Z</time></trkpt>
      <trkpt lat="53.440920" lon="-1.859497"><ele>529.4</ele><time>2026-03-28T12:27:28.000Z</time></trkpt>
      <trkpt lat="53.440910" lon="-1.859519"><ele>530.0</ele><time>2026-03-28T12:27:29.000Z</time></trkpt>
      <trkpt lat="53.440900" lon="-1.859530"><ele>530.0</ele><time>2026-03-28T12:27:30.000Z</time></trkpt>
      <trkpt lat="53.440890" lon="-1.859545"><ele>530.2</ele><time>2026-03-28T12:27:31.000Z</time></trkpt>
      <trkpt lat="53.440880" lon="-1.859559"><ele>530.8</ele><time>2026-03-28T12:27:32.000Z</time></trkpt>
      <trkpt lat="53.440876" lon="-1.859573"><ele>530.8</ele><time>2026-03-28T12:27:33.000Z</time></trkpt>
      <trkpt lat="53.440870" lon="-1.859588"><ele>530.0</ele><time>2026-03-28T12:27:34.000Z</time></trkpt>
      <trkpt lat="53.440860" lon="-1.859604"><ele>530.6</ele><time>2026-03-28T12:27:35.000Z</time></trkpt>
      <trkpt lat="53.440857" lon="-1.859618"><ele>530.4</ele><time>2026-03-28T12:27:36.000Z</time></trkpt>
      <trkpt lat="53.440850" lon="-1.859626"><ele>530.0</ele><time>2026-03-28T12:27:37.000Z</time></trkpt>
      <trkpt lat="53.440840" lon="-1.859634"><ele>530.0</ele><time>2026-03-28T12:27:38.000Z</time></trkpt>
      <trkpt lat="53.440834" lon="-1.859655"><ele>530.6</ele><time>2026-03-28T12:27:39.000Z</time></trkpt>
      <trkpt lat="53.440826" lon="-1.859679"><ele>531.4</ele><time>2026-03-28T12:27:40.000Z</time></trkpt>
      <trkpt lat="53.440823" lon="-1.859693"><ele>531.2</ele><time>2026-03-28T12:27:41.000Z</time></trkpt>
      <trkpt lat="53.440820" lon="-1.859708"><ele>531.2</ele><time>2026-03-28T12:27:42.000Z</time></trkpt>
      <trkpt lat="53.440815" lon="-1.859716"><ele>530.6</ele><time>2026-03-28T12:27:43.000Z</time></trkpt>
      <trkpt lat="53.440807" lon="-1.859734"><ele>530.2</ele><time>2026-03-28T12:27:44.000Z</time></trkpt>
      <trkpt lat="53.440796" lon="-1.859755"><ele>529.8</ele><time>2026-03-28T12:27:45.000Z</time></trkpt>
      <trkpt lat="53.440790" lon="-1.859765"><ele>529.6</ele><time>2026-03-28T12:27:46.000Z</time></trkpt>
      <trkpt lat="53.440780" lon="-1.859776"><ele>529.4</ele><time>2026-03-28T12:27:47.000Z</time></trkpt>
      <trkpt lat="53.440777" lon="-1.859775"><ele>530.4</ele><time>2026-03-28T12:27:48.000Z</time></trkpt>
      <trkpt lat="53.440760" lon="-1.859790"><ele>531.2</ele><time>2026-03-28T12:27:49.000Z</time></trkpt>
      <trkpt lat="53.440754" lon="-1.859812"><ele>530.4</ele><time>2026-03-28T12:27:50.000Z</time></trkpt>
      <trkpt lat="53.440750" lon="-1.859827"><ele>529.6</ele><time>2026-03-28T12:27:51.000Z</time></trkpt>
      <trkpt lat="53.440746" lon="-1.859841"><ele>529.0</ele><time>2026-03-28T12:27:52.000Z</time></trkpt>
      <trkpt lat="53.440740" lon="-1.859847"><ele>529.0</ele><time>2026-03-28T12:27:53.000Z</time></trkpt>
      <trkpt lat="53.440730" lon="-1.859861"><ele>529.2</ele><time>2026-03-28T12:27:54.000Z</time></trkpt>
      <trkpt lat="53.440720" lon="-1.859881"><ele>529.8</ele><time>2026-03-28T12:27:55.000Z</time></trkpt>
      <trkpt lat="53.440720" lon="-1.859894"><ele>529.2</ele><time>2026-03-28T12:27:56.000Z</time></trkpt>
      <trkpt lat="53.440720" lon="-1.859896"><ele>529.0</ele><time>2026-03-28T12:27:57.000Z</time></trkpt>
      <trkpt lat="53.440723" lon="-1.859886"><ele>529.4</ele><time>2026-03-28T12:27:58.000Z</time></trkpt>
      <trkpt lat="53.440720" lon="-1.859886"><ele>529.2</ele><time>2026-03-28T12:27:59.000Z</time></trkpt>
      <trkpt lat="53.440720" lon="-1.859889"><ele>529.4</ele><time>2026-03-28T12:28:00.000Z</time></trkpt>
      <trkpt lat="53.440716" lon="-1.859895"><ele>529.0</ele><time>2026-03-28T12:28:01.000Z</time></trkpt>
      <trkpt lat="53.440712" lon="-1.859904"><ele>529.2</ele><time>2026-03-28T12:28:02.000Z</time></trkpt>
      <trkpt lat="53.440712" lon="-1.859911"><ele>529.4</ele><time>2026-03-28T12:28:03.000Z</time></trkpt>
      <trkpt lat="53.440712" lon="-1.859910"><ele>529.4</ele><time>2026-03-28T12:28:04.000Z</time></trkpt>
      <trkpt lat="53.440723" lon="-1.859914"><ele>529.6</ele><time>2026-03-28T12:28:05.000Z</time></trkpt>
      <trkpt lat="53.440727" lon="-1.859912"><ele>529.6</ele><time>2026-03-28T12:28:06.000Z</time></trkpt>
      <trkpt lat="53.440727" lon="-1.859913"><ele>529.4</ele><time>2026-03-28T12:28:07.000Z</time></trkpt>
      <trkpt lat="53.440723" lon="-1.859909"><ele>529.8</ele><time>2026-03-28T12:28:08.000Z</time></trkpt>
      <trkpt lat="53.440727" lon="-1.859909"><ele>529.8</ele><time>2026-03-28T12:28:09.000Z</time></trkpt>
      <trkpt lat="53.440727" lon="-1.859909"><ele>529.6</ele><time>2026-03-28T12:28:10.000Z</time></trkpt>
      <trkpt lat="53.440730" lon="-1.859908"><ele>529.8</ele><time>2026-03-28T12:28:11.000Z</time></trkpt>
      <trkpt lat="53.440727" lon="-1.859909"><ele>529.8</ele><time>2026-03-28T12:28:12.000Z</time></trkpt>
      <trkpt lat="53.440730" lon="-1.859917"><ele>530.4</ele><time>2026-03-28T12:28:13.000Z</time></trkpt>
      <trkpt lat="53.440735" lon="-1.859919"><ele>530.8</ele><time>2026-03-28T12:28:14.000Z</time></trkpt>
      <trkpt lat="53.440730" lon="-1.859918"><ele>530.8</ele><time>2026-03-28T12:28:15.000Z</time></trkpt>
      <trkpt lat="53.440735" lon="-1.859921"><ele>530.8</ele><time>2026-03-28T12:28:16.000Z</time></trkpt>
      <trkpt lat="53.440735" lon="-1.859921"><ele>530.6</ele><time>2026-03-28T12:28:17.000Z</time></trkpt>
      <trkpt lat="53.440735" lon="-1.859921"><ele>530.6</ele><time>2026-03-28T12:28:18.000Z</time></trkpt>
      <trkpt lat="53.440735" lon="-1.859922"><ele>530.8</ele><time>2026-03-28T12:28:19.000Z</time></trkpt>
      <trkpt lat="53.440735" lon="-1.859921"><ele>530.8</ele><time>2026-03-28T12:28:20.000Z</time></trkpt>
      <trkpt lat="53.440730" lon="-1.859922"><ele>530.8</ele><time>2026-03-28T12:28:21.000Z</time></trkpt>
      <trkpt lat="53.440730" lon="-1.859927"><ele>530.6</ele><time>2026-03-28T12:28:22.000Z</time></trkpt>
      <trkpt lat="53.440727" lon="-1.859934"><ele>530.8</ele><time>2026-03-28T12:28:23.000Z</time></trkpt>
      <trkpt lat="53.440723" lon="-1.859936"><ele>530.8</ele><time>2026-03-28T12:28:24.000Z</time></trkpt>
      <trkpt lat="53.440723" lon="-1.859936"><ele>530.8</ele><time>2026-03-28T12:28:25.000Z</time></trkpt>
      <trkpt lat="53.440723" lon="-1.859937"><ele>530.6</ele><time>2026-03-28T12:28:26.000Z</time></trkpt>
      <trkpt lat="53.440723" lon="-1.859935"><ele>530.6</ele><time>2026-03-28T12:28:27.000Z</time></trkpt>
      <trkpt lat="53.440727" lon="-1.859936"><ele>530.8</ele><time>2026-03-28T12:28:28.000Z</time></trkpt>
      <trkpt lat="53.440723" lon="-1.859937"><ele>530.8</ele><time>2026-03-28T12:28:29.000Z</time></trkpt>
      <trkpt lat="53.440723" lon="-1.859938"><ele>530.6</ele><time>2026-03-28T12:28:30.000Z</time></trkpt>
      <trkpt lat="53.440723" lon="-1.859939"><ele>530.6</ele><time>2026-03-28T12:28:31.000Z</time></trkpt>
      <trkpt lat="53.440723" lon="-1.859940"><ele>530.6</ele><time>2026-03-28T12:28:32.000Z</time></trkpt>
      <trkpt lat="53.440723" lon="-1.859942"><ele>530.4</ele><time>2026-03-28T12:28:33.000Z</time></trkpt>
      <trkpt lat="53.440720" lon="-1.859946"><ele>530.4</ele><time>2026-03-28T12:28:34.000Z</time></trkpt>
      <trkpt lat="53.440720" lon="-1.859949"><ele>530.6</ele><time>2026-03-28T12:28:35.000Z</time></trkpt>
      <trkpt lat="53.440716" lon="-1.859947"><ele>530.4</ele><time>2026-03-28T12:28:36.000Z</time></trkpt>
      <trkpt lat="53.440716" lon="-1.859948"><ele>530.6</ele><time>2026-03-28T12:28:37.000Z</time></trkpt>
      <trkpt lat="53.440716" lon="-1.859946"><ele>530.6</ele><time>2026-03-28T12:28:38.000Z</time></trkpt>
      <trkpt lat="53.440716" lon="-1.859944"><ele>530.4</ele><time>2026-03-28T12:28:39.000Z</time></trkpt>
      <trkpt lat="53.440712" lon="-1.859947"><ele>530.4</ele><time>2026-03-28T12:28:40.000Z</time></trkpt>
      <trkpt lat="53.440710" lon="-1.859943"><ele>530.2</ele><time>2026-03-28T12:28:41.000Z</time></trkpt>
      <trkpt lat="53.440710" lon="-1.859940"><ele>530.2</ele><time>2026-03-28T12:28:42.000Z</time></trkpt>
      <trkpt lat="53.440710" lon="-1.859940"><ele>530.2</ele><time>2026-03-28T12:28:43.000Z</time></trkpt>
      <trkpt lat="53.440710" lon="-1.859940"><ele>530.2</ele><time>2026-03-28T12:28:44.000Z</time></trkpt>
      <trkpt lat="53.440710" lon="-1.859940"><ele>530.4</ele><time>2026-03-28T12:28:45.000Z</time></trkpt>
      <trkpt lat="53.440710" lon="-1.859939"><ele>530.4</ele><time>2026-03-28T12:28:46.000Z</time></trkpt>
      <trkpt lat="53.440710" lon="-1.859940"><ele>530.4</ele><time>2026-03-28T12:28:47.000Z</time></trkpt>
      <trkpt lat="53.440704" lon="-1.859945"><ele>530.4</ele><time>2026-03-28T12:28:48.000Z</time></trkpt>
      <trkpt lat="53.440710" lon="-1.859947"><ele>530.4</ele><time>2026-03-28T12:28:49.000Z</time></trkpt>
      <trkpt lat="53.440710" lon="-1.859947"><ele>530.4</ele><time>2026-03-28T12:28:50.000Z</time></trkpt>
      <trkpt lat="53.440710" lon="-1.859948"><ele>530.4</ele><time>2026-03-28T12:28:51.000Z</time></trkpt>
      <trkpt lat="53.440710" lon="-1.859949"><ele>530.4</ele><time>2026-03-28T12:28:52.000Z</time></trkpt>
      <trkpt lat="53.440710" lon="-1.859945"><ele>530.4</ele><time>2026-03-28T12:28:53.000Z</time></trkpt>
      <trkpt lat="53.440710" lon="-1.859946"><ele>530.2</ele><time>2026-03-28T12:28:54.000Z</time></trkpt>
      <trkpt lat="53.440710" lon="-1.859943"><ele>530.2</ele><time>2026-03-28T12:28:55.000Z</time></trkpt>
      <trkpt lat="53.440704" lon="-1.859943"><ele>530.2</ele><time>2026-03-28T12:28:56.000Z</time></trkpt>
      <trkpt lat="53.440700" lon="-1.859952"><ele>530.0</ele><time>2026-03-28T12:28:57.000Z</time></trkpt>
      <trkpt lat="53.440693" lon="-1.859961"><ele>529.6</ele><time>2026-03-28T12:28:58.000Z</time></trkpt>
      <trkpt lat="53.440680" lon="-1.859974"><ele>530.0</ele><time>2026-03-28T12:28:59.000Z</time></trkpt>
      <trkpt lat="53.440685" lon="-1.859973"><ele>529.4</ele><time>2026-03-28T12:29:00.000Z</time></trkpt>
      <trkpt lat="53.440685" lon="-1.859977"><ele>529.4</ele><time>2026-03-28T12:29:01.000Z</time></trkpt>
      <trkpt lat="53.440680" lon="-1.859981"><ele>529.4</ele><time>2026-03-28T12:29:02.000Z</time></trkpt>
      <trkpt lat="53.440678" lon="-1.859991"><ele>529.4</ele><time>2026-03-28T12:29:03.000Z</time></trkpt>
      <trkpt lat="53.440678" lon="-1.859990"><ele>529.2</ele><time>2026-03-28T12:29:04.000Z</time></trkpt>
      <trkpt lat="53.440680" lon="-1.859986"><ele>529.2</ele><time>2026-03-28T12:29:05.000Z</time></trkpt>
      <trkpt lat="53.440680" lon="-1.859988"><ele>529.0</ele><time>2026-03-28T12:29:06.000Z</time></trkpt>
      <trkpt lat="53.440678" lon="-1.859988"><ele>528.8</ele><time>2026-03-28T12:29:07.000Z</time></trkpt>
      <trkpt lat="53.440674" lon="-1.859988"><ele>529.0</ele><time>2026-03-28T12:29:08.000Z</time></trkpt>
      <trkpt lat="53.440666" lon="-1.859999"><ele>529.0</ele><time>2026-03-28T12:29:09.000Z</time></trkpt>
      <trkpt lat="53.440660" lon="-1.860006"><ele>528.2</ele><time>2026-03-28T12:29:10.000Z</time></trkpt>
      <trkpt lat="53.440650" lon="-1.860008"><ele>528.4</ele><time>2026-03-28T12:29:11.000Z</time></trkpt>
      <trkpt lat="53.440640" lon="-1.860007"><ele>528.0</ele><time>2026-03-28T12:29:12.000Z</time></trkpt>
      <trkpt lat="53.440628" lon="-1.860011"><ele>527.4</ele><time>2026-03-28T12:29:13.000Z</time></trkpt>
      <trkpt lat="53.440624" lon="-1.860027"><ele>527.4</ele><time>2026-03-28T12:29:14.000Z</time></trkpt>
      <trkpt lat="53.440610" lon="-1.860063"><ele>527.8</ele><time>2026-03-28T12:29:15.000Z</time></trkpt>
      <trkpt lat="53.440610" lon="-1.860090"><ele>527.4</ele><time>2026-03-28T12:29:16.000Z</time></trkpt>
      <trkpt lat="53.440605" lon="-1.860109"><ele>526.8</ele><time>2026-03-28T12:29:17.000Z</time></trkpt>
      <trkpt lat="53.440598" lon="-1.860124"><ele>526.8</ele><time>2026-03-28T12:29:18.000Z</time></trkpt>
      <trkpt lat="53.440594" lon="-1.860136"><ele>527.0</ele><time>2026-03-28T12:29:19.000Z</time></trkpt>
      <trkpt lat="53.440590" lon="-1.860144"><ele>527.2</ele><time>2026-03-28T12:29:20.000Z</time></trkpt>
      <trkpt lat="53.440582" lon="-1.860157"><ele>527.0</ele><time>2026-03-28T12:29:21.000Z</time></trkpt>
      <trkpt lat="53.440567" lon="-1.860181"><ele>527.4</ele><time>2026-03-28T12:29:22.000Z</time></trkpt>
      <trkpt lat="53.440556" lon="-1.860196"><ele>526.6</ele><time>2026-03-28T12:29:23.000Z</time></trkpt>
      <trkpt lat="53.440548" lon="-1.860210"><ele>526.2</ele><time>2026-03-28T12:29:24.000Z</time></trkpt>
      <trkpt lat="53.440544" lon="-1.860228"><ele>526.2</ele><time>2026-03-28T12:29:25.000Z</time></trkpt>
      <trkpt lat="53.440536" lon="-1.860241"><ele>526.2</ele><time>2026-03-28T12:29:26.000Z</time></trkpt>
      <trkpt lat="53.440536" lon="-1.860249"><ele>526.2</ele><time>2026-03-28T12:29:27.000Z</time></trkpt>
      <trkpt lat="53.440540" lon="-1.860254"><ele>526.6</ele><time>2026-03-28T12:29:28.000Z</time></trkpt>
      <trkpt lat="53.440544" lon="-1.860267"><ele>526.4</ele><time>2026-03-28T12:29:29.000Z</time></trkpt>
      <trkpt lat="53.440544" lon="-1.860260"><ele>527.2</ele><time>2026-03-28T12:29:30.000Z</time></trkpt>
      <trkpt lat="53.440544" lon="-1.860269"><ele>526.8</ele><time>2026-03-28T12:29:31.000Z</time></trkpt>
      <trkpt lat="53.440540" lon="-1.860283"><ele>525.8</ele><time>2026-03-28T12:29:32.000Z</time></trkpt>
      <trkpt lat="53.440530" lon="-1.860304"><ele>525.6</ele><time>2026-03-28T12:29:33.000Z</time></trkpt>
      <trkpt lat="53.440525" lon="-1.860316"><ele>525.4</ele><time>2026-03-28T12:29:34.000Z</time></trkpt>
      <trkpt lat="53.440520" lon="-1.860325"><ele>525.6</ele><time>2026-03-28T12:29:35.000Z</time></trkpt>
      <trkpt lat="53.440517" lon="-1.860329"><ele>526.2</ele><time>2026-03-28T12:29:36.000Z</time></trkpt>
      <trkpt lat="53.440514" lon="-1.860338"><ele>526.0</ele><time>2026-03-28T12:29:37.000Z</time></trkpt>
      <trkpt lat="53.440506" lon="-1.860350"><ele>525.6</ele><time>2026-03-28T12:29:38.000Z</time></trkpt>
      <trkpt lat="53.440495" lon="-1.860359"><ele>525.4</ele><time>2026-03-28T12:29:39.000Z</time></trkpt>
      <trkpt lat="53.440487" lon="-1.860363"><ele>525.6</ele><time>2026-03-28T12:29:40.000Z</time></trkpt>
      <trkpt lat="53.440480" lon="-1.860374"><ele>525.8</ele><time>2026-03-28T12:29:41.000Z</time></trkpt>
      <trkpt lat="53.440468" lon="-1.860389"><ele>525.6</ele><time>2026-03-28T12:29:42.000Z</time></trkpt>
      <trkpt lat="53.440456" lon="-1.860404"><ele>525.6</ele><time>2026-03-28T12:29:43.000Z</time></trkpt>
      <trkpt lat="53.440456" lon="-1.860426"><ele>525.0</ele><time>2026-03-28T12:29:44.000Z</time></trkpt>
      <trkpt lat="53.440450" lon="-1.860442"><ele>525.4</ele><time>2026-03-28T12:29:45.000Z</time></trkpt>
      <trkpt lat="53.440440" lon="-1.860456"><ele>525.6</ele><time>2026-03-28T12:29:46.000Z</time></trkpt>
      <trkpt lat="53.440430" lon="-1.860470"><ele>525.8</ele><time>2026-03-28T12:29:47.000Z</time></trkpt>
      <trkpt lat="53.440422" lon="-1.860487"><ele>525.2</ele><time>2026-03-28T12:29:48.000Z</time></trkpt>
      <trkpt lat="53.440420" lon="-1.860496"><ele>525.6</ele><time>2026-03-28T12:29:49.000Z</time></trkpt>
      <trkpt lat="53.440410" lon="-1.860506"><ele>525.8</ele><time>2026-03-28T12:29:50.000Z</time></trkpt>
      <trkpt lat="53.440403" lon="-1.860515"><ele>526.2</ele><time>2026-03-28T12:29:51.000Z</time></trkpt>
      <trkpt lat="53.440384" lon="-1.860526"><ele>526.6</ele><time>2026-03-28T12:29:52.000Z</time></trkpt>
      <trkpt lat="53.440376" lon="-1.860537"><ele>526.8</ele><time>2026-03-28T12:29:53.000Z</time></trkpt>
      <trkpt lat="53.440365" lon="-1.860551"><ele>526.0</ele><time>2026-03-28T12:29:54.000Z</time></trkpt>
      <trkpt lat="53.440357" lon="-1.860566"><ele>525.8</ele><time>2026-03-28T12:29:55.000Z</time></trkpt>
      <trkpt lat="53.440353" lon="-1.860580"><ele>525.6</ele><time>2026-03-28T12:29:56.000Z</time></trkpt>
      <trkpt lat="53.440342" lon="-1.860598"><ele>525.6</ele><time>2026-03-28T12:29:57.000Z</time></trkpt>
      <trkpt lat="53.440334" lon="-1.860611"><ele>525.4</ele><time>2026-03-28T12:29:58.000Z</time></trkpt>
      <trkpt lat="53.440323" lon="-1.860630"><ele>525.2</ele><time>2026-03-28T12:29:59.000Z</time></trkpt>
      <trkpt lat="53.440315" lon="-1.860645"><ele>525.2</ele><time>2026-03-28T12:30:00.000Z</time></trkpt>
      <trkpt lat="53.440308" lon="-1.860655"><ele>525.2</ele><time>2026-03-28T12:30:01.000Z</time></trkpt>
      <trkpt lat="53.440300" lon="-1.860666"><ele>524.6</ele><time>2026-03-28T12:30:02.000Z</time></trkpt>
      <trkpt lat="53.440292" lon="-1.860687"><ele>525.2</ele><time>2026-03-28T12:30:03.000Z</time></trkpt>
      <trkpt lat="53.440285" lon="-1.860707"><ele>525.0</ele><time>2026-03-28T12:30:04.000Z</time></trkpt>
      <trkpt lat="53.440277" lon="-1.860720"><ele>524.2</ele><time>2026-03-28T12:30:05.000Z</time></trkpt>
      <trkpt lat="53.440273" lon="-1.860730"><ele>524.0</ele><time>2026-03-28T12:30:06.000Z</time></trkpt>
      <trkpt lat="53.440266" lon="-1.860741"><ele>523.8</ele><time>2026-03-28T12:30:07.000Z</time></trkpt>
      <trkpt lat="53.440254" lon="-1.860763"><ele>524.2</ele><time>2026-03-28T12:30:08.000Z</time></trkpt>
      <trkpt lat="53.440250" lon="-1.860778"><ele>524.4</ele><time>2026-03-28T12:30:09.000Z</time></trkpt>
      <trkpt lat="53.440240" lon="-1.860802"><ele>524.4</ele><time>2026-03-28T12:30:10.000Z</time></trkpt>
      <trkpt lat="53.440230" lon="-1.860812"><ele>525.2</ele><time>2026-03-28T12:30:11.000Z</time></trkpt>
      <trkpt lat="53.440220" lon="-1.860818"><ele>525.6</ele><time>2026-03-28T12:30:12.000Z</time></trkpt>
      <trkpt lat="53.440210" lon="-1.860834"><ele>525.4</ele><time>2026-03-28T12:30:13.000Z</time></trkpt>
      <trkpt lat="53.440197" lon="-1.860843"><ele>525.4</ele><time>2026-03-28T12:30:14.000Z</time></trkpt>
      <trkpt lat="53.440190" lon="-1.860858"><ele>525.0</ele><time>2026-03-28T12:30:15.000Z</time></trkpt>
      <trkpt lat="53.440180" lon="-1.860876"><ele>525.0</ele><time>2026-03-28T12:30:16.000Z</time></trkpt>
      <trkpt lat="53.440174" lon="-1.860890"><ele>525.4</ele><time>2026-03-28T12:30:17.000Z</time></trkpt>
      <trkpt lat="53.440166" lon="-1.860910"><ele>525.2</ele><time>2026-03-28T12:30:18.000Z</time></trkpt>
      <trkpt lat="53.440163" lon="-1.860933"><ele>525.2</ele><time>2026-03-28T12:30:19.000Z</time></trkpt>
      <trkpt lat="53.440155" lon="-1.860950"><ele>524.6</ele><time>2026-03-28T12:30:20.000Z</time></trkpt>
      <trkpt lat="53.440150" lon="-1.860974"><ele>524.8</ele><time>2026-03-28T12:30:21.000Z</time></trkpt>
      <trkpt lat="53.440147" lon="-1.860993"><ele>524.2</ele><time>2026-03-28T12:30:22.000Z</time></trkpt>
      <trkpt lat="53.440140" lon="-1.861015"><ele>524.0</ele><time>2026-03-28T12:30:23.000Z</time></trkpt>
      <trkpt lat="53.440132" lon="-1.861028"><ele>524.2</ele><time>2026-03-28T12:30:24.000Z</time></trkpt>
      <trkpt lat="53.440130" lon="-1.861046"><ele>525.0</ele><time>2026-03-28T12:30:25.000Z</time></trkpt>
      <trkpt lat="53.440120" lon="-1.861067"><ele>524.2</ele><time>2026-03-28T12:30:26.000Z</time></trkpt>
      <trkpt lat="53.440117" lon="-1.861072"><ele>523.2</ele><time>2026-03-28T12:30:27.000Z</time></trkpt>
      <trkpt lat="53.440110" lon="-1.861079"><ele>523.0</ele><time>2026-03-28T12:30:28.000Z</time></trkpt>
      <trkpt lat="53.440094" lon="-1.861102"><ele>523.6</ele><time>2026-03-28T12:30:29.000Z</time></trkpt>
      <trkpt lat="53.440086" lon="-1.861115"><ele>523.6</ele><time>2026-03-28T12:30:30.000Z</time></trkpt>
      <trkpt lat="53.440080" lon="-1.861129"><ele>524.4</ele><time>2026-03-28T12:30:31.000Z</time></trkpt>
      <trkpt lat="53.440070" lon="-1.861141"><ele>523.8</ele><time>2026-03-28T12:30:32.000Z</time></trkpt>
      <trkpt lat="53.440060" lon="-1.861157"><ele>524.4</ele><time>2026-03-28T12:30:33.000Z</time></trkpt>
      <trkpt lat="53.440050" lon="-1.861169"><ele>524.2</ele><time>2026-03-28T12:30:34.000Z</time></trkpt>
      <trkpt lat="53.440040" lon="-1.861184"><ele>524.0</ele><time>2026-03-28T12:30:35.000Z</time></trkpt>
      <trkpt lat="53.440030" lon="-1.861193"><ele>524.2</ele><time>2026-03-28T12:30:36.000Z</time></trkpt>
      <trkpt lat="53.440018" lon="-1.861211"><ele>523.2</ele><time>2026-03-28T12:30:37.000Z</time></trkpt>
      <trkpt lat="53.440014" lon="-1.861227"><ele>523.4</ele><time>2026-03-28T12:30:38.000Z</time></trkpt>
      <trkpt lat="53.440006" lon="-1.861242"><ele>523.8</ele><time>2026-03-28T12:30:39.000Z</time></trkpt>
      <trkpt lat="53.440002" lon="-1.861247"><ele>524.2</ele><time>2026-03-28T12:30:40.000Z</time></trkpt>
      <trkpt lat="53.440002" lon="-1.861240"><ele>524.2</ele><time>2026-03-28T12:30:41.000Z</time></trkpt>
      <trkpt lat="53.440000" lon="-1.861247"><ele>523.8</ele><time>2026-03-28T12:30:42.000Z</time></trkpt>
      <trkpt lat="53.439995" lon="-1.861266"><ele>523.8</ele><time>2026-03-28T12:30:43.000Z</time></trkpt>
      <trkpt lat="53.439990" lon="-1.861284"><ele>523.6</ele><time>2026-03-28T12:30:44.000Z</time></trkpt>
      <trkpt lat="53.439983" lon="-1.861300"><ele>523.6</ele><time>2026-03-28T12:30:45.000Z</time></trkpt>
      <trkpt lat="53.439972" lon="-1.861301"><ele>523.6</ele><time>2026-03-28T12:30:46.000Z</time></trkpt>
      <trkpt lat="53.439970" lon="-1.861315"><ele>523.2</ele><time>2026-03-28T12:30:47.000Z</time></trkpt>
      <trkpt lat="53.439970" lon="-1.861325"><ele>523.2</ele><time>2026-03-28T12:30:48.000Z</time></trkpt>
      <trkpt lat="53.439964" lon="-1.861334"><ele>523.0</ele><time>2026-03-28T12:30:49.000Z</time></trkpt>
      <trkpt lat="53.439960" lon="-1.861350"><ele>523.2</ele><time>2026-03-28T12:30:50.000Z</time></trkpt>
      <trkpt lat="53.439957" lon="-1.861361"><ele>523.0</ele><time>2026-03-28T12:30:51.000Z</time></trkpt>
      <trkpt lat="53.439950" lon="-1.861380"><ele>523.0</ele><time>2026-03-28T12:30:52.000Z</time></trkpt>
      <trkpt lat="53.439938" lon="-1.861397"><ele>522.8</ele><time>2026-03-28T12:30:53.000Z</time></trkpt>
      <trkpt lat="53.439930" lon="-1.861401"><ele>523.4</ele><time>2026-03-28T12:30:54.000Z</time></trkpt>
      <trkpt lat="53.439926" lon="-1.861417"><ele>522.6</ele><time>2026-03-28T12:30:55.000Z</time></trkpt>
      <trkpt lat="53.439920" lon="-1.861430"><ele>522.6</ele><time>2026-03-28T12:30:56.000Z</time></trkpt>
      <trkpt lat="53.439915" lon="-1.861442"><ele>522.8</ele><time>2026-03-28T12:30:57.000Z</time></trkpt>
      <trkpt lat="53.439903" lon="-1.861455"><ele>522.2</ele><time>2026-03-28T12:30:58.000Z</time></trkpt>
      <trkpt lat="53.439896" lon="-1.861465"><ele>522.4</ele><time>2026-03-28T12:30:59.000Z</time></trkpt>
      <trkpt lat="53.439888" lon="-1.861482"><ele>522.8</ele><time>2026-03-28T12:31:00.000Z</time></trkpt>
      <trkpt lat="53.439884" lon="-1.861490"><ele>522.4</ele><time>2026-03-28T12:31:01.000Z</time></trkpt>
      <trkpt lat="53.439873" lon="-1.861497"><ele>522.0</ele><time>2026-03-28T12:31:02.000Z</time></trkpt>
      <trkpt lat="53.439857" lon="-1.861511"><ele>522.0</ele><time>2026-03-28T12:31:03.000Z</time></trkpt>
      <trkpt lat="53.439850" lon="-1.861523"><ele>521.8</ele><time>2026-03-28T12:31:04.000Z</time></trkpt>
      <trkpt lat="53.439840" lon="-1.861533"><ele>522.4</ele><time>2026-03-28T12:31:05.000Z</time></trkpt>
      <trkpt lat="53.439830" lon="-1.861551"><ele>522.2</ele><time>2026-03-28T12:31:06.000Z</time></trkpt>
      <trkpt lat="53.439827" lon="-1.861560"><ele>522.6</ele><time>2026-03-28T12:31:07.000Z</time></trkpt>
      <trkpt lat="53.439820" lon="-1.861567"><ele>522.0</ele><time>2026-03-28T12:31:08.000Z</time></trkpt>
      <trkpt lat="53.439810" lon="-1.861584"><ele>522.4</ele><time>2026-03-28T12:31:09.000Z</time></trkpt>
      <trkpt lat="53.439804" lon="-1.861600"><ele>522.2</ele><time>2026-03-28T12:31:10.000Z</time></trkpt>
      <trkpt lat="53.439800" lon="-1.861611"><ele>522.0</ele><time>2026-03-28T12:31:11.000Z</time></trkpt>
      <trkpt lat="53.439793" lon="-1.861630"><ele>521.4</ele><time>2026-03-28T12:31:12.000Z</time></trkpt>
      <trkpt lat="53.439785" lon="-1.861655"><ele>521.8</ele><time>2026-03-28T12:31:13.000Z</time></trkpt>
      <trkpt lat="53.439777" lon="-1.861662"><ele>521.8</ele><time>2026-03-28T12:31:14.000Z</time></trkpt>
      <trkpt lat="53.439770" lon="-1.861679"><ele>521.6</ele><time>2026-03-28T12:31:15.000Z</time></trkpt>
      <trkpt lat="53.439762" lon="-1.861697"><ele>521.4</ele><time>2026-03-28T12:31:16.000Z</time></trkpt>
      <trkpt lat="53.439760" lon="-1.861715"><ele>521.4</ele><time>2026-03-28T12:31:17.000Z</time></trkpt>
      <trkpt lat="53.439754" lon="-1.861735"><ele>521.8</ele><time>2026-03-28T12:31:18.000Z</time></trkpt>
      <trkpt lat="53.439754" lon="-1.861748"><ele>521.4</ele><time>2026-03-28T12:31:19.000Z</time></trkpt>
      <trkpt lat="53.439760" lon="-1.861746"><ele>521.4</ele><time>2026-03-28T12:31:20.000Z</time></trkpt>
      <trkpt lat="53.439754" lon="-1.861771"><ele>521.2</ele><time>2026-03-28T12:31:21.000Z</time></trkpt>
      <trkpt lat="53.439754" lon="-1.861788"><ele>521.0</ele><time>2026-03-28T12:31:22.000Z</time></trkpt>
      <trkpt lat="53.439754" lon="-1.861808"><ele>520.4</ele><time>2026-03-28T12:31:23.000Z</time></trkpt>
      <trkpt lat="53.439747" lon="-1.861816"><ele>519.6</ele><time>2026-03-28T12:31:24.000Z</time></trkpt>
      <trkpt lat="53.439735" lon="-1.861828"><ele>519.6</ele><time>2026-03-28T12:31:25.000Z</time></trkpt>
      <trkpt lat="53.439728" lon="-1.861837"><ele>520.0</ele><time>2026-03-28T12:31:26.000Z</time></trkpt>
      <trkpt lat="53.439720" lon="-1.861852"><ele>520.0</ele><time>2026-03-28T12:31:27.000Z</time></trkpt>
      <trkpt lat="53.439713" lon="-1.861856"><ele>519.4</ele><time>2026-03-28T12:31:28.000Z</time></trkpt>
      <trkpt lat="53.439705" lon="-1.861865"><ele>519.8</ele><time>2026-03-28T12:31:29.000Z</time></trkpt>
      <trkpt lat="53.439697" lon="-1.861877"><ele>519.8</ele><time>2026-03-28T12:31:30.000Z</time></trkpt>
      <trkpt lat="53.439686" lon="-1.861899"><ele>520.6</ele><time>2026-03-28T12:31:31.000Z</time></trkpt>
      <trkpt lat="53.439682" lon="-1.861907"><ele>520.2</ele><time>2026-03-28T12:31:32.000Z</time></trkpt>
      <trkpt lat="53.439674" lon="-1.861927"><ele>520.4</ele><time>2026-03-28T12:31:33.000Z</time></trkpt>
      <trkpt lat="53.439667" lon="-1.861937"><ele>520.2</ele><time>2026-03-28T12:31:34.000Z</time></trkpt>
      <trkpt lat="53.439655" lon="-1.861955"><ele>520.0</ele><time>2026-03-28T12:31:35.000Z</time></trkpt>
      <trkpt lat="53.439648" lon="-1.861974"><ele>520.6</ele><time>2026-03-28T12:31:36.000Z</time></trkpt>
      <trkpt lat="53.439644" lon="-1.861987"><ele>520.6</ele><time>2026-03-28T12:31:37.000Z</time></trkpt>
      <trkpt lat="53.439636" lon="-1.862008"><ele>520.2</ele><time>2026-03-28T12:31:38.000Z</time></trkpt>
      <trkpt lat="53.439630" lon="-1.862017"><ele>520.2</ele><time>2026-03-28T12:31:39.000Z</time></trkpt>
      <trkpt lat="53.439620" lon="-1.862031"><ele>520.2</ele><time>2026-03-28T12:31:40.000Z</time></trkpt>
      <trkpt lat="53.439613" lon="-1.862050"><ele>520.4</ele><time>2026-03-28T12:31:41.000Z</time></trkpt>
      <trkpt lat="53.439613" lon="-1.862077"><ele>520.6</ele><time>2026-03-28T12:31:42.000Z</time></trkpt>
      <trkpt lat="53.439606" lon="-1.862086"><ele>520.4</ele><time>2026-03-28T12:31:43.000Z</time></trkpt>
      <trkpt lat="53.439598" lon="-1.862101"><ele>520.2</ele><time>2026-03-28T12:31:44.000Z</time></trkpt>
      <trkpt lat="53.439594" lon="-1.862110"><ele>520.4</ele><time>2026-03-28T12:31:45.000Z</time></trkpt>
      <trkpt lat="53.439580" lon="-1.862125"><ele>520.8</ele><time>2026-03-28T12:31:46.000Z</time></trkpt>
      <trkpt lat="53.439570" lon="-1.862135"><ele>520.8</ele><time>2026-03-28T12:31:47.000Z</time></trkpt>
      <trkpt lat="53.439564" lon="-1.862145"><ele>520.8</ele><time>2026-03-28T12:31:48.000Z</time></trkpt>
      <trkpt lat="53.439556" lon="-1.862155"><ele>520.6</ele><time>2026-03-28T12:31:49.000Z</time></trkpt>
      <trkpt lat="53.439550" lon="-1.862154"><ele>521.0</ele><time>2026-03-28T12:31:50.000Z</time></trkpt>
      <trkpt lat="53.439533" lon="-1.862168"><ele>520.0</ele><time>2026-03-28T12:31:51.000Z</time></trkpt>
      <trkpt lat="53.439526" lon="-1.862184"><ele>520.2</ele><time>2026-03-28T12:31:52.000Z</time></trkpt>
      <trkpt lat="53.439518" lon="-1.862204"><ele>520.4</ele><time>2026-03-28T12:31:53.000Z</time></trkpt>
      <trkpt lat="53.439507" lon="-1.862217"><ele>520.2</ele><time>2026-03-28T12:31:54.000Z</time></trkpt>
      <trkpt lat="53.439495" lon="-1.862238"><ele>520.2</ele><time>2026-03-28T12:31:55.000Z</time></trkpt>
      <trkpt lat="53.439487" lon="-1.862244"><ele>520.0</ele><time>2026-03-28T12:31:56.000Z</time></trkpt>
      <trkpt lat="53.439480" lon="-1.862258"><ele>520.2</ele><time>2026-03-28T12:31:57.000Z</time></trkpt>
      <trkpt lat="53.439470" lon="-1.862277"><ele>521.0</ele><time>2026-03-28T12:31:58.000Z</time></trkpt>
      <trkpt lat="53.439460" lon="-1.862292"><ele>520.6</ele><time>2026-03-28T12:31:59.000Z</time></trkpt>
      <trkpt lat="53.439453" lon="-1.862310"><ele>521.2</ele><time>2026-03-28T12:32:00.000Z</time></trkpt>
      <trkpt lat="53.439445" lon="-1.862319"><ele>521.2</ele><time>2026-03-28T12:32:01.000Z</time></trkpt>
      <trkpt lat="53.439434" lon="-1.862338"><ele>520.4</ele><time>2026-03-28T12:32:02.000Z</time></trkpt>
      <trkpt lat="53.439426" lon="-1.862354"><ele>521.4</ele><time>2026-03-28T12:32:03.000Z</time></trkpt>
      <trkpt lat="53.439420" lon="-1.862363"><ele>520.6</ele><time>2026-03-28T12:32:04.000Z</time></trkpt>
      <trkpt lat="53.439410" lon="-1.862370"><ele>520.6</ele><time>2026-03-28T12:32:05.000Z</time></trkpt>
      <trkpt lat="53.439400" lon="-1.862377"><ele>520.6</ele><time>2026-03-28T12:32:06.000Z</time></trkpt>
      <trkpt lat="53.439384" lon="-1.862387"><ele>520.0</ele><time>2026-03-28T12:32:07.000Z</time></trkpt>
      <trkpt lat="53.439377" lon="-1.862398"><ele>520.4</ele><time>2026-03-28T12:32:08.000Z</time></trkpt>
      <trkpt lat="53.439370" lon="-1.862419"><ele>520.8</ele><time>2026-03-28T12:32:09.000Z</time></trkpt>
      <trkpt lat="53.439365" lon="-1.862439"><ele>520.8</ele><time>2026-03-28T12:32:10.000Z</time></trkpt>
      <trkpt lat="53.439360" lon="-1.862450"><ele>520.8</ele><time>2026-03-28T12:32:11.000Z</time></trkpt>
      <trkpt lat="53.439354" lon="-1.862465"><ele>520.4</ele><time>2026-03-28T12:32:12.000Z</time></trkpt>
      <trkpt lat="53.439342" lon="-1.862484"><ele>520.4</ele><time>2026-03-28T12:32:13.000Z</time></trkpt>
      <trkpt lat="53.439335" lon="-1.862500"><ele>520.6</ele><time>2026-03-28T12:32:14.000Z</time></trkpt>
      <trkpt lat="53.439323" lon="-1.862520"><ele>520.0</ele><time>2026-03-28T12:32:15.000Z</time></trkpt>
      <trkpt lat="53.439312" lon="-1.862524"><ele>520.4</ele><time>2026-03-28T12:32:16.000Z</time></trkpt>
      <trkpt lat="53.439304" lon="-1.862539"><ele>520.4</ele><time>2026-03-28T12:32:17.000Z</time></trkpt>
      <trkpt lat="53.439293" lon="-1.862551"><ele>519.6</ele><time>2026-03-28T12:32:18.000Z</time></trkpt>
      <trkpt lat="53.439285" lon="-1.862565"><ele>520.0</ele><time>2026-03-28T12:32:19.000Z</time></trkpt>
      <trkpt lat="53.439278" lon="-1.862579"><ele>520.0</ele><time>2026-03-28T12:32:20.000Z</time></trkpt>
      <trkpt lat="53.439266" lon="-1.862593"><ele>520.6</ele><time>2026-03-28T12:32:21.000Z</time></trkpt>
      <trkpt lat="53.439255" lon="-1.862605"><ele>520.2</ele><time>2026-03-28T12:32:22.000Z</time></trkpt>
      <trkpt lat="53.439243" lon="-1.862613"><ele>519.6</ele><time>2026-03-28T12:32:23.000Z</time></trkpt>
      <trkpt lat="53.439243" lon="-1.862626"><ele>519.8</ele><time>2026-03-28T12:32:24.000Z</time></trkpt>
      <trkpt lat="53.439240" lon="-1.862641"><ele>519.0</ele><time>2026-03-28T12:32:25.000Z</time></trkpt>
      <trkpt lat="53.439240" lon="-1.862655"><ele>519.2</ele><time>2026-03-28T12:32:26.000Z</time></trkpt>
      <trkpt lat="53.439236" lon="-1.862654"><ele>519.2</ele><time>2026-03-28T12:32:27.000Z</time></trkpt>
      <trkpt lat="53.439224" lon="-1.862674"><ele>518.4</ele><time>2026-03-28T12:32:28.000Z</time></trkpt>
      <trkpt lat="53.439220" lon="-1.862684"><ele>518.6</ele><time>2026-03-28T12:32:29.000Z</time></trkpt>
      <trkpt lat="53.439210" lon="-1.862693"><ele>519.0</ele><time>2026-03-28T12:32:30.000Z</time></trkpt>
      <trkpt lat="53.439198" lon="-1.862690"><ele>520.0</ele><time>2026-03-28T12:32:31.000Z</time></trkpt>
      <trkpt lat="53.439190" lon="-1.862693"><ele>520.2</ele><time>2026-03-28T12:32:32.000Z</time></trkpt>
      <trkpt lat="53.439182" lon="-1.862705"><ele>520.0</ele><time>2026-03-28T12:32:33.000Z</time></trkpt>
      <trkpt lat="53.439180" lon="-1.862719"><ele>519.6</ele><time>2026-03-28T12:32:34.000Z</time></trkpt>
      <trkpt lat="53.439180" lon="-1.862726"><ele>520.0</ele><time>2026-03-28T12:32:35.000Z</time></trkpt>
      <trkpt lat="53.439167" lon="-1.862738"><ele>519.8</ele><time>2026-03-28T12:32:36.000Z</time></trkpt>
      <trkpt lat="53.439160" lon="-1.862747"><ele>521.0</ele><time>2026-03-28T12:32:37.000Z</time></trkpt>
      <trkpt lat="53.439156" lon="-1.862761"><ele>520.4</ele><time>2026-03-28T12:32:38.000Z</time></trkpt>
      <trkpt lat="53.439150" lon="-1.862769"><ele>520.4</ele><time>2026-03-28T12:32:39.000Z</time></trkpt>
      <trkpt lat="53.439140" lon="-1.862783"><ele>521.2</ele><time>2026-03-28T12:32:40.000Z</time></trkpt>
      <trkpt lat="53.439130" lon="-1.862800"><ele>521.0</ele><time>2026-03-28T12:32:41.000Z</time></trkpt>
      <trkpt lat="53.439125" lon="-1.862817"><ele>521.2</ele><time>2026-03-28T12:32:42.000Z</time></trkpt>
      <trkpt lat="53.439120" lon="-1.862826"><ele>520.8</ele><time>2026-03-28T12:32:43.000Z</time></trkpt>
      <trkpt lat="53.439125" lon="-1.862824"><ele>521.0</ele><time>2026-03-28T12:32:44.000Z</time></trkpt>
      <trkpt lat="53.439125" lon="-1.862821"><ele>521.2</ele><time>2026-03-28T12:32:45.000Z</time></trkpt>
      <trkpt lat="53.439125" lon="-1.862817"><ele>521.2</ele><time>2026-03-28T12:32:46.000Z</time></trkpt>
      <trkpt lat="53.439130" lon="-1.862814"><ele>521.2</ele><time>2026-03-28T12:32:47.000Z</time></trkpt>
      <trkpt lat="53.439120" lon="-1.862809"><ele>521.2</ele><time>2026-03-28T12:32:48.000Z</time></trkpt>
      <trkpt lat="53.439114" lon="-1.862804"><ele>521.2</ele><time>2026-03-28T12:32:49.000Z</time></trkpt>
      <trkpt lat="53.439117" lon="-1.862800"><ele>521.6</ele><time>2026-03-28T12:32:50.000Z</time></trkpt>
      <trkpt lat="53.439117" lon="-1.862802"><ele>521.6</ele><time>2026-03-28T12:32:51.000Z</time></trkpt>
      <trkpt lat="53.439120" lon="-1.862805"><ele>521.6</ele><time>2026-03-28T12:32:52.000Z</time></trkpt>
      <trkpt lat="53.439120" lon="-1.862806"><ele>521.0</ele><time>2026-03-28T12:32:53.000Z</time></trkpt>
      <trkpt lat="53.439120" lon="-1.862805"><ele>521.0</ele><time>2026-03-28T12:32:54.000Z</time></trkpt>
      <trkpt lat="53.439125" lon="-1.862805"><ele>521.0</ele><time>2026-03-28T12:32:55.000Z</time></trkpt>
      <trkpt lat="53.439125" lon="-1.862805"><ele>521.0</ele><time>2026-03-28T12:32:56.000Z</time></trkpt>
      <trkpt lat="53.439125" lon="-1.862805"><ele>520.8</ele><time>2026-03-28T12:32:57.000Z</time></trkpt>
      <trkpt lat="53.439125" lon="-1.862806"><ele>520.6</ele><time>2026-03-28T12:32:58.000Z</time></trkpt>
      <trkpt lat="53.439125" lon="-1.862807"><ele>520.8</ele><time>2026-03-28T12:32:59.000Z</time></trkpt>
      <trkpt lat="53.439125" lon="-1.862807"><ele>520.8</ele><time>2026-03-28T12:33:00.000Z</time></trkpt>
      <trkpt lat="53.439125" lon="-1.862807"><ele>520.8</ele><time>2026-03-28T12:33:01.000Z</time></trkpt>
      <trkpt lat="53.439125" lon="-1.862809"><ele>520.6</ele><time>2026-03-28T12:33:02.000Z</time></trkpt>
      <trkpt lat="53.439125" lon="-1.862810"><ele>520.6</ele><time>2026-03-28T12:33:03.000Z</time></trkpt>
      <trkpt lat="53.439125" lon="-1.862809"><ele>520.6</ele><time>2026-03-28T12:33:04.000Z</time></trkpt>
      <trkpt lat="53.439125" lon="-1.862805"><ele>520.4</ele><time>2026-03-28T12:33:05.000Z</time></trkpt>
      <trkpt lat="53.439125" lon="-1.862802"><ele>520.2</ele><time>2026-03-28T12:33:06.000Z</time></trkpt>
      <trkpt lat="53.439125" lon="-1.862812"><ele>520.0</ele><time>2026-03-28T12:33:07.000Z</time></trkpt>
      <trkpt lat="53.439125" lon="-1.862811"><ele>520.4</ele><time>2026-03-28T12:33:08.000Z</time></trkpt>
      <trkpt lat="53.439125" lon="-1.862809"><ele>520.6</ele><time>2026-03-28T12:33:09.000Z</time></trkpt>
      <trkpt lat="53.439125" lon="-1.862809"><ele>520.4</ele><time>2026-03-28T12:33:10.000Z</time></trkpt>
      <trkpt lat="53.439125" lon="-1.862809"><ele>520.4</ele><time>2026-03-28T12:33:11.000Z</time></trkpt>
      <trkpt lat="53.439125" lon="-1.862809"><ele>520.4</ele><time>2026-03-28T12:33:12.000Z</time></trkpt>
      <trkpt lat="53.439125" lon="-1.862810"><ele>520.6</ele><time>2026-03-28T12:33:13.000Z</time></trkpt>
      <trkpt lat="53.439125" lon="-1.862810"><ele>520.6</ele><time>2026-03-28T12:33:14.000Z</time></trkpt>
      <trkpt lat="53.439125" lon="-1.862811"><ele>520.2</ele><time>2026-03-28T12:33:15.000Z</time></trkpt>
      <trkpt lat="53.439125" lon="-1.862828"><ele>520.6</ele><time>2026-03-28T12:33:16.000Z</time></trkpt>
      <trkpt lat="53.439125" lon="-1.862848"><ele>520.2</ele><time>2026-03-28T12:33:17.000Z</time></trkpt>
      <trkpt lat="53.439120" lon="-1.862860"><ele>520.4</ele><time>2026-03-28T12:33:18.000Z</time></trkpt>
      <trkpt lat="53.439117" lon="-1.862865"><ele>520.2</ele><time>2026-03-28T12:33:19.000Z</time></trkpt>
      <trkpt lat="53.439110" lon="-1.862877"><ele>521.0</ele><time>2026-03-28T12:33:20.000Z</time></trkpt>
      <trkpt lat="53.439102" lon="-1.862891"><ele>521.0</ele><time>2026-03-28T12:33:21.000Z</time></trkpt>
      <trkpt lat="53.439095" lon="-1.862908"><ele>521.2</ele><time>2026-03-28T12:33:22.000Z</time></trkpt>
      <trkpt lat="53.439087" lon="-1.862919"><ele>520.8</ele><time>2026-03-28T12:33:23.000Z</time></trkpt>
      <trkpt lat="53.439083" lon="-1.862931"><ele>521.4</ele><time>2026-03-28T12:33:24.000Z</time></trkpt>
      <trkpt lat="53.439075" lon="-1.862945"><ele>521.8</ele><time>2026-03-28T12:33:25.000Z</time></trkpt>
      <trkpt lat="53.439064" lon="-1.862957"><ele>522.2</ele><time>2026-03-28T12:33:26.000Z</time></trkpt>
      <trkpt lat="53.439056" lon="-1.862968"><ele>522.0</ele><time>2026-03-28T12:33:27.000Z</time></trkpt>
      <trkpt lat="53.439045" lon="-1.862987"><ele>522.0</ele><time>2026-03-28T12:33:28.000Z</time></trkpt>
      <trkpt lat="53.439037" lon="-1.863003"><ele>521.2</ele><time>2026-03-28T12:33:29.000Z</time></trkpt>
      <trkpt lat="53.439030" lon="-1.863010"><ele>521.4</ele><time>2026-03-28T12:33:30.000Z</time></trkpt>
      <trkpt lat="53.439022" lon="-1.863027"><ele>520.8</ele><time>2026-03-28T12:33:31.000Z</time></trkpt>
      <trkpt lat="53.439014" lon="-1.863043"><ele>520.2</ele><time>2026-03-28T12:33:32.000Z</time></trkpt>
      <trkpt lat="53.439007" lon="-1.863059"><ele>520.6</ele><time>2026-03-28T12:33:33.000Z</time></trkpt>
      <trkpt lat="53.438995" lon="-1.863077"><ele>520.8</ele><time>2026-03-28T12:33:34.000Z</time></trkpt>
      <trkpt lat="53.438988" lon="-1.863087"><ele>520.8</ele><time>2026-03-28T12:33:35.000Z</time></trkpt>
      <trkpt lat="53.438980" lon="-1.863098"><ele>521.2</ele><time>2026-03-28T12:33:36.000Z</time></trkpt>
      <trkpt lat="53.438976" lon="-1.863116"><ele>520.6</ele><time>2026-03-28T12:33:37.000Z</time></trkpt>
      <trkpt lat="53.438965" lon="-1.863133"><ele>520.8</ele><time>2026-03-28T12:33:38.000Z</time></trkpt>
      <trkpt lat="53.438957" lon="-1.863152"><ele>520.2</ele><time>2026-03-28T12:33:39.000Z</time></trkpt>
      <trkpt lat="53.438950" lon="-1.863166"><ele>520.2</ele><time>2026-03-28T12:33:40.000Z</time></trkpt>
      <trkpt lat="53.438942" lon="-1.863188"><ele>520.4</ele><time>2026-03-28T12:33:41.000Z</time></trkpt>
      <trkpt lat="53.438930" lon="-1.863197"><ele>520.8</ele><time>2026-03-28T12:33:42.000Z</time></trkpt>
      <trkpt lat="53.438920" lon="-1.863212"><ele>520.0</ele><time>2026-03-28T12:33:43.000Z</time></trkpt>
      <trkpt lat="53.438915" lon="-1.863224"><ele>521.0</ele><time>2026-03-28T12:33:44.000Z</time></trkpt>
      <trkpt lat="53.438910" lon="-1.863229"><ele>521.0</ele><time>2026-03-28T12:33:45.000Z</time></trkpt>
      <trkpt lat="53.438908" lon="-1.863234"><ele>521.0</ele><time>2026-03-28T12:33:46.000Z</time></trkpt>
      <trkpt lat="53.438904" lon="-1.863246"><ele>521.2</ele><time>2026-03-28T12:33:47.000Z</time></trkpt>
      <trkpt lat="53.438900" lon="-1.863258"><ele>521.2</ele><time>2026-03-28T12:33:48.000Z</time></trkpt>
      <trkpt lat="53.438890" lon="-1.863265"><ele>521.4</ele><time>2026-03-28T12:33:49.000Z</time></trkpt>
      <trkpt lat="53.438885" lon="-1.863272"><ele>521.6</ele><time>2026-03-28T12:33:50.000Z</time></trkpt>
      <trkpt lat="53.438880" lon="-1.863272"><ele>521.0</ele><time>2026-03-28T12:33:51.000Z</time></trkpt>
      <trkpt lat="53.438873" lon="-1.863277"><ele>521.0</ele><time>2026-03-28T12:33:52.000Z</time></trkpt>
      <trkpt lat="53.438870" lon="-1.863281"><ele>521.2</ele><time>2026-03-28T12:33:53.000Z</time></trkpt>
      <trkpt lat="53.438866" lon="-1.863279"><ele>521.0</ele><time>2026-03-28T12:33:54.000Z</time></trkpt>
      <trkpt lat="53.438854" lon="-1.863290"><ele>520.8</ele><time>2026-03-28T12:33:55.000Z</time></trkpt>
      <trkpt lat="53.438843" lon="-1.863306"><ele>521.0</ele><time>2026-03-28T12:33:56.000Z</time></trkpt>
      <trkpt lat="53.438840" lon="-1.863319"><ele>520.6</ele><time>2026-03-28T12:33:57.000Z</time></trkpt>
      <trkpt lat="53.438828" lon="-1.863325"><ele>520.8</ele><time>2026-03-28T12:33:58.000Z</time></trkpt>
      <trkpt lat="53.438816" lon="-1.863335"><ele>520.6</ele><time>2026-03-28T12:33:59.000Z</time></trkpt>
      <trkpt lat="53.438800" lon="-1.863350"><ele>520.8</ele><time>2026-03-28T12:34:00.000Z</time></trkpt>
      <trkpt lat="53.438793" lon="-1.863360"><ele>521.0</ele><time>2026-03-28T12:34:01.000Z</time></trkpt>
      <trkpt lat="53.438786" lon="-1.863372"><ele>521.2</ele><time>2026-03-28T12:34:02.000Z</time></trkpt>
      <trkpt lat="53.438774" lon="-1.863381"><ele>520.8</ele><time>2026-03-28T12:34:03.000Z</time></trkpt>
      <trkpt lat="53.438763" lon="-1.863391"><ele>521.0</ele><time>2026-03-28T12:34:04.000Z</time></trkpt>
      <trkpt lat="53.438750" lon="-1.863401"><ele>521.2</ele><time>2026-03-28T12:34:05.000Z</time></trkpt>
      <trkpt lat="53.438744" lon="-1.863409"><ele>521.0</ele><time>2026-03-28T12:34:06.000Z</time></trkpt>
      <trkpt lat="53.438725" lon="-1.863421"><ele>520.4</ele><time>2026-03-28T12:34:07.000Z</time></trkpt>
      <trkpt lat="53.438717" lon="-1.863428"><ele>520.6</ele><time>2026-03-28T12:34:08.000Z</time></trkpt>
      <trkpt lat="53.438705" lon="-1.863441"><ele>520.4</ele><time>2026-03-28T12:34:09.000Z</time></trkpt>
      <trkpt lat="53.438698" lon="-1.863450"><ele>520.6</ele><time>2026-03-28T12:34:10.000Z</time></trkpt>
      <trkpt lat="53.438683" lon="-1.863459"><ele>520.4</ele><time>2026-03-28T12:34:11.000Z</time></trkpt>
      <trkpt lat="53.438670" lon="-1.863462"><ele>520.4</ele><time>2026-03-28T12:34:12.000Z</time></trkpt>
      <trkpt lat="53.438656" lon="-1.863474"><ele>521.2</ele><time>2026-03-28T12:34:13.000Z</time></trkpt>
      <trkpt lat="53.438650" lon="-1.863481"><ele>521.4</ele><time>2026-03-28T12:34:14.000Z</time></trkpt>
      <trkpt lat="53.438633" lon="-1.863489"><ele>520.8</ele><time>2026-03-28T12:34:15.000Z</time></trkpt>
      <trkpt lat="53.438625" lon="-1.863497"><ele>521.2</ele><time>2026-03-28T12:34:16.000Z</time></trkpt>
      <trkpt lat="53.438614" lon="-1.863512"><ele>520.8</ele><time>2026-03-28T12:34:17.000Z</time></trkpt>
      <trkpt lat="53.438602" lon="-1.863527"><ele>520.8</ele><time>2026-03-28T12:34:18.000Z</time></trkpt>
      <trkpt lat="53.438600" lon="-1.863544"><ele>521.8</ele><time>2026-03-28T12:34:19.000Z</time></trkpt>
      <trkpt lat="53.438590" lon="-1.863555"><ele>521.6</ele><time>2026-03-28T12:34:20.000Z</time></trkpt>
      <trkpt lat="53.438587" lon="-1.863558"><ele>521.4</ele><time>2026-03-28T12:34:21.000Z</time></trkpt>
      <trkpt lat="53.438580" lon="-1.863568"><ele>521.2</ele><time>2026-03-28T12:34:22.000Z</time></trkpt>
      <trkpt lat="53.438564" lon="-1.863583"><ele>521.4</ele><time>2026-03-28T12:34:23.000Z</time></trkpt>
      <trkpt lat="53.438557" lon="-1.863596"><ele>521.4</ele><time>2026-03-28T12:34:24.000Z</time></trkpt>
      <trkpt lat="53.438550" lon="-1.863610"><ele>521.8</ele><time>2026-03-28T12:34:25.000Z</time></trkpt>
      <trkpt lat="53.438540" lon="-1.863624"><ele>521.6</ele><time>2026-03-28T12:34:26.000Z</time></trkpt>
      <trkpt lat="53.438530" lon="-1.863649"><ele>520.2</ele><time>2026-03-28T12:34:27.000Z</time></trkpt>
      <trkpt lat="53.438522" lon="-1.863658"><ele>520.6</ele><time>2026-03-28T12:34:28.000Z</time></trkpt>
      <trkpt lat="53.438515" lon="-1.863668"><ele>520.6</ele><time>2026-03-28T12:34:29.000Z</time></trkpt>
      <trkpt lat="53.438507" lon="-1.863682"><ele>520.2</ele><time>2026-03-28T12:34:30.000Z</time></trkpt>
      <trkpt lat="53.438500" lon="-1.863700"><ele>520.0</ele><time>2026-03-28T12:34:31.000Z</time></trkpt>
      <trkpt lat="53.438490" lon="-1.863712"><ele>519.6</ele><time>2026-03-28T12:34:32.000Z</time></trkpt>
      <trkpt lat="53.438480" lon="-1.863735"><ele>520.0</ele><time>2026-03-28T12:34:33.000Z</time></trkpt>
      <trkpt lat="53.438473" lon="-1.863747"><ele>519.6</ele><time>2026-03-28T12:34:34.000Z</time></trkpt>
      <trkpt lat="53.438465" lon="-1.863764"><ele>520.2</ele><time>2026-03-28T12:34:35.000Z</time></trkpt>
      <trkpt lat="53.438454" lon="-1.863779"><ele>520.2</ele><time>2026-03-28T12:34:36.000Z</time></trkpt>
      <trkpt lat="53.438446" lon="-1.863794"><ele>520.4</ele><time>2026-03-28T12:34:37.000Z</time></trkpt>
      <trkpt lat="53.438440" lon="-1.863810"><ele>520.0</ele><time>2026-03-28T12:34:38.000Z</time></trkpt>
      <trkpt lat="53.438435" lon="-1.863828"><ele>520.0</ele><time>2026-03-28T12:34:39.000Z</time></trkpt>
      <trkpt lat="53.438427" lon="-1.863841"><ele>520.0</ele><time>2026-03-28T12:34:40.000Z</time></trkpt>
      <trkpt lat="53.438420" lon="-1.863859"><ele>520.6</ele><time>2026-03-28T12:34:41.000Z</time></trkpt>
      <trkpt lat="53.438410" lon="-1.863870"><ele>520.4</ele><time>2026-03-28T12:34:42.000Z</time></trkpt>
      <trkpt lat="53.438400" lon="-1.863885"><ele>519.8</ele><time>2026-03-28T12:34:43.000Z</time></trkpt>
      <trkpt lat="53.438393" lon="-1.863897"><ele>520.0</ele><time>2026-03-28T12:34:44.000Z</time></trkpt>
      <trkpt lat="53.438385" lon="-1.863914"><ele>520.2</ele><time>2026-03-28T12:34:45.000Z</time></trkpt>
      <trkpt lat="53.438374" lon="-1.863935"><ele>521.0</ele><time>2026-03-28T12:34:46.000Z</time></trkpt>
      <trkpt lat="53.438366" lon="-1.863944"><ele>520.8</ele><time>2026-03-28T12:34:47.000Z</time></trkpt>
      <trkpt lat="53.438360" lon="-1.863958"><ele>521.0</ele><time>2026-03-28T12:34:48.000Z</time></trkpt>
      <trkpt lat="53.438347" lon="-1.863972"><ele>521.6</ele><time>2026-03-28T12:34:49.000Z</time></trkpt>
      <trkpt lat="53.438335" lon="-1.863985"><ele>520.6</ele><time>2026-03-28T12:34:50.000Z</time></trkpt>
      <trkpt lat="53.438320" lon="-1.864006"><ele>521.0</ele><time>2026-03-28T12:34:51.000Z</time></trkpt>
      <trkpt lat="53.438316" lon="-1.864016"><ele>520.2</ele><time>2026-03-28T12:34:52.000Z</time></trkpt>
      <trkpt lat="53.438310" lon="-1.864034"><ele>520.0</ele><time>2026-03-28T12:34:53.000Z</time></trkpt>
      <trkpt lat="53.438297" lon="-1.864048"><ele>520.8</ele><time>2026-03-28T12:34:54.000Z</time></trkpt>
      <trkpt lat="53.438290" lon="-1.864053"><ele>521.0</ele><time>2026-03-28T12:34:55.000Z</time></trkpt>
      <trkpt lat="53.438280" lon="-1.864062"><ele>520.8</ele><time>2026-03-28T12:34:56.000Z</time></trkpt>
      <trkpt lat="53.438270" lon="-1.864077"><ele>520.8</ele><time>2026-03-28T12:34:57.000Z</time></trkpt>
      <trkpt lat="53.438260" lon="-1.864094"><ele>519.6</ele><time>2026-03-28T12:34:58.000Z</time></trkpt>
      <trkpt lat="53.438248" lon="-1.864108"><ele>520.0</ele><time>2026-03-28T12:34:59.000Z</time></trkpt>
      <trkpt lat="53.438236" lon="-1.864121"><ele>519.2</ele><time>2026-03-28T12:35:00.000Z</time></trkpt>
      <trkpt lat="53.438230" lon="-1.864131"><ele>519.8</ele><time>2026-03-28T12:35:01.000Z</time></trkpt>
      <trkpt lat="53.438217" lon="-1.864140"><ele>520.4</ele><time>2026-03-28T12:35:02.000Z</time></trkpt>
      <trkpt lat="53.438200" lon="-1.864154"><ele>520.0</ele><time>2026-03-28T12:35:03.000Z</time></trkpt>
      <trkpt lat="53.438194" lon="-1.864164"><ele>520.2</ele><time>2026-03-28T12:35:04.000Z</time></trkpt>
      <trkpt lat="53.438183" lon="-1.864183"><ele>520.0</ele><time>2026-03-28T12:35:05.000Z</time></trkpt>
      <trkpt lat="53.438180" lon="-1.864195"><ele>520.8</ele><time>2026-03-28T12:35:06.000Z</time></trkpt>
      <trkpt lat="53.438168" lon="-1.864209"><ele>520.4</ele><time>2026-03-28T12:35:07.000Z</time></trkpt>
      <trkpt lat="53.438160" lon="-1.864222"><ele>520.0</ele><time>2026-03-28T12:35:08.000Z</time></trkpt>
      <trkpt lat="53.438152" lon="-1.864237"><ele>520.2</ele><time>2026-03-28T12:35:09.000Z</time></trkpt>
      <trkpt lat="53.438140" lon="-1.864254"><ele>519.6</ele><time>2026-03-28T12:35:10.000Z</time></trkpt>
      <trkpt lat="53.438137" lon="-1.864265"><ele>519.2</ele><time>2026-03-28T12:35:11.000Z</time></trkpt>
      <trkpt lat="53.438126" lon="-1.864282"><ele>519.6</ele><time>2026-03-28T12:35:12.000Z</time></trkpt>
      <trkpt lat="53.438114" lon="-1.864291"><ele>519.8</ele><time>2026-03-28T12:35:13.000Z</time></trkpt>
      <trkpt lat="53.438107" lon="-1.864311"><ele>519.8</ele><time>2026-03-28T12:35:14.000Z</time></trkpt>
      <trkpt lat="53.438095" lon="-1.864324"><ele>519.6</ele><time>2026-03-28T12:35:15.000Z</time></trkpt>
      <trkpt lat="53.438087" lon="-1.864343"><ele>519.6</ele><time>2026-03-28T12:35:16.000Z</time></trkpt>
      <trkpt lat="53.438084" lon="-1.864358"><ele>519.0</ele><time>2026-03-28T12:35:17.000Z</time></trkpt>
      <trkpt lat="53.438076" lon="-1.864368"><ele>519.2</ele><time>2026-03-28T12:35:18.000Z</time></trkpt>
      <trkpt lat="53.438065" lon="-1.864386"><ele>519.6</ele><time>2026-03-28T12:35:19.000Z</time></trkpt>
      <trkpt lat="53.438053" lon="-1.864410"><ele>519.6</ele><time>2026-03-28T12:35:20.000Z</time></trkpt>
      <trkpt lat="53.438050" lon="-1.864426"><ele>519.4</ele><time>2026-03-28T12:35:21.000Z</time></trkpt>
      <trkpt lat="53.438040" lon="-1.864449"><ele>518.8</ele><time>2026-03-28T12:35:22.000Z</time></trkpt>
      <trkpt lat="53.438034" lon="-1.864468"><ele>519.2</ele><time>2026-03-28T12:35:23.000Z</time></trkpt>
      <trkpt lat="53.438026" lon="-1.864486"><ele>518.8</ele><time>2026-03-28T12:35:24.000Z</time></trkpt>
      <trkpt lat="53.438020" lon="-1.864498"><ele>519.4</ele><time>2026-03-28T12:35:25.000Z</time></trkpt>
      <trkpt lat="53.438007" lon="-1.864510"><ele>519.0</ele><time>2026-03-28T12:35:26.000Z</time></trkpt>
      <trkpt lat="53.437996" lon="-1.864527"><ele>519.8</ele><time>2026-03-28T12:35:27.000Z</time></trkpt>
      <trkpt lat="53.437990" lon="-1.864547"><ele>519.8</ele><time>2026-03-28T12:35:28.000Z</time></trkpt>
      <trkpt lat="53.437984" lon="-1.864570"><ele>519.6</ele><time>2026-03-28T12:35:29.000Z</time></trkpt>
      <trkpt lat="53.437977" lon="-1.864599"><ele>519.8</ele><time>2026-03-28T12:35:30.000Z</time></trkpt>
      <trkpt lat="53.437965" lon="-1.864610"><ele>519.6</ele><time>2026-03-28T12:35:31.000Z</time></trkpt>
      <trkpt lat="53.437954" lon="-1.864626"><ele>520.0</ele><time>2026-03-28T12:35:32.000Z</time></trkpt>
      <trkpt lat="53.437943" lon="-1.864635"><ele>520.2</ele><time>2026-03-28T12:35:33.000Z</time></trkpt>
      <trkpt lat="53.437930" lon="-1.864650"><ele>520.0</ele><time>2026-03-28T12:35:34.000Z</time></trkpt>
      <trkpt lat="53.437920" lon="-1.864659"><ele>520.2</ele><time>2026-03-28T12:35:35.000Z</time></trkpt>
      <trkpt lat="53.437910" lon="-1.864666"><ele>519.8</ele><time>2026-03-28T12:35:36.000Z</time></trkpt>
      <trkpt lat="53.437893" lon="-1.864687"><ele>520.0</ele><time>2026-03-28T12:35:37.000Z</time></trkpt>
      <trkpt lat="53.437885" lon="-1.864701"><ele>520.0</ele><time>2026-03-28T12:35:38.000Z</time></trkpt>
      <trkpt lat="53.437878" lon="-1.864721"><ele>520.4</ele><time>2026-03-28T12:35:39.000Z</time></trkpt>
      <trkpt lat="53.437866" lon="-1.864729"><ele>520.0</ele><time>2026-03-28T12:35:40.000Z</time></trkpt>
      <trkpt lat="53.437855" lon="-1.864741"><ele>519.2</ele><time>2026-03-28T12:35:41.000Z</time></trkpt>
      <trkpt lat="53.437843" lon="-1.864751"><ele>519.0</ele><time>2026-03-28T12:35:42.000Z</time></trkpt>
      <trkpt lat="53.437830" lon="-1.864768"><ele>518.8</ele><time>2026-03-28T12:35:43.000Z</time></trkpt>
      <trkpt lat="53.437824" lon="-1.864784"><ele>518.4</ele><time>2026-03-28T12:35:44.000Z</time></trkpt>
      <trkpt lat="53.437817" lon="-1.864801"><ele>519.4</ele><time>2026-03-28T12:35:45.000Z</time></trkpt>
      <trkpt lat="53.437800" lon="-1.864808"><ele>519.2</ele><time>2026-03-28T12:35:46.000Z</time></trkpt>
      <trkpt lat="53.437786" lon="-1.864822"><ele>518.8</ele><time>2026-03-28T12:35:47.000Z</time></trkpt>
      <trkpt lat="53.437780" lon="-1.864833"><ele>518.8</ele><time>2026-03-28T12:35:48.000Z</time></trkpt>
      <trkpt lat="53.437767" lon="-1.864847"><ele>518.4</ele><time>2026-03-28T12:35:49.000Z</time></trkpt>
      <trkpt lat="53.437756" lon="-1.864866"><ele>518.8</ele><time>2026-03-28T12:35:50.000Z</time></trkpt>
      <trkpt lat="53.437744" lon="-1.864877"><ele>518.0</ele><time>2026-03-28T12:35:51.000Z</time></trkpt>
      <trkpt lat="53.437730" lon="-1.864892"><ele>517.6</ele><time>2026-03-28T12:35:52.000Z</time></trkpt>
      <trkpt lat="53.437720" lon="-1.864900"><ele>518.6</ele><time>2026-03-28T12:35:53.000Z</time></trkpt>
      <trkpt lat="53.437710" lon="-1.864909"><ele>519.0</ele><time>2026-03-28T12:35:54.000Z</time></trkpt>
      <trkpt lat="53.437695" lon="-1.864924"><ele>517.8</ele><time>2026-03-28T12:35:55.000Z</time></trkpt>
      <trkpt lat="53.437683" lon="-1.864936"><ele>518.0</ele><time>2026-03-28T12:35:56.000Z</time></trkpt>
      <trkpt lat="53.437670" lon="-1.864948"><ele>517.6</ele><time>2026-03-28T12:35:57.000Z</time></trkpt>
      <trkpt lat="53.437664" lon="-1.864960"><ele>517.6</ele><time>2026-03-28T12:35:58.000Z</time></trkpt>
      <trkpt lat="53.437653" lon="-1.864974"><ele>517.6</ele><time>2026-03-28T12:35:59.000Z</time></trkpt>
      <trkpt lat="53.437637" lon="-1.864983"><ele>517.2</ele><time>2026-03-28T12:36:00.000Z</time></trkpt>
      <trkpt lat="53.437626" lon="-1.864999"><ele>517.0</ele><time>2026-03-28T12:36:01.000Z</time></trkpt>
      <trkpt lat="53.437614" lon="-1.865015"><ele>517.0</ele><time>2026-03-28T12:36:02.000Z</time></trkpt>
      <trkpt lat="53.437603" lon="-1.865021"><ele>517.2</ele><time>2026-03-28T12:36:03.000Z</time></trkpt>
      <trkpt lat="53.437590" lon="-1.865037"><ele>516.6</ele><time>2026-03-28T12:36:04.000Z</time></trkpt>
      <trkpt lat="53.437584" lon="-1.865056"><ele>517.2</ele><time>2026-03-28T12:36:05.000Z</time></trkpt>
      <trkpt lat="53.437576" lon="-1.865065"><ele>516.4</ele><time>2026-03-28T12:36:06.000Z</time></trkpt>
      <trkpt lat="53.437565" lon="-1.865075"><ele>517.2</ele><time>2026-03-28T12:36:07.000Z</time></trkpt>
      <trkpt lat="53.437557" lon="-1.865088"><ele>517.2</ele><time>2026-03-28T12:36:08.000Z</time></trkpt>
      <trkpt lat="53.437542" lon="-1.865105"><ele>517.6</ele><time>2026-03-28T12:36:09.000Z</time></trkpt>
      <trkpt lat="53.437534" lon="-1.865115"><ele>517.0</ele><time>2026-03-28T12:36:10.000Z</time></trkpt>
      <trkpt lat="53.437523" lon="-1.865122"><ele>517.8</ele><time>2026-03-28T12:36:11.000Z</time></trkpt>
      <trkpt lat="53.437515" lon="-1.865131"><ele>518.4</ele><time>2026-03-28T12:36:12.000Z</time></trkpt>
      <trkpt lat="53.437504" lon="-1.865140"><ele>517.8</ele><time>2026-03-28T12:36:13.000Z</time></trkpt>
      <trkpt lat="53.437496" lon="-1.865152"><ele>517.2</ele><time>2026-03-28T12:36:14.000Z</time></trkpt>
      <trkpt lat="53.437490" lon="-1.865169"><ele>516.8</ele><time>2026-03-28T12:36:15.000Z</time></trkpt>
      <trkpt lat="53.437473" lon="-1.865186"><ele>516.6</ele><time>2026-03-28T12:36:16.000Z</time></trkpt>
      <trkpt lat="53.437466" lon="-1.865192"><ele>517.2</ele><time>2026-03-28T12:36:17.000Z</time></trkpt>
      <trkpt lat="53.437454" lon="-1.865203"><ele>516.8</ele><time>2026-03-28T12:36:18.000Z</time></trkpt>
      <trkpt lat="53.437443" lon="-1.865212"><ele>516.8</ele><time>2026-03-28T12:36:19.000Z</time></trkpt>
      <trkpt lat="53.437435" lon="-1.865219"><ele>516.6</ele><time>2026-03-28T12:36:20.000Z</time></trkpt>
      <trkpt lat="53.437420" lon="-1.865229"><ele>517.0</ele><time>2026-03-28T12:36:21.000Z</time></trkpt>
      <trkpt lat="53.437410" lon="-1.865244"><ele>516.6</ele><time>2026-03-28T12:36:22.000Z</time></trkpt>
      <trkpt lat="53.437397" lon="-1.865254"><ele>517.2</ele><time>2026-03-28T12:36:23.000Z</time></trkpt>
      <trkpt lat="53.437390" lon="-1.865264"><ele>516.8</ele><time>2026-03-28T12:36:24.000Z</time></trkpt>
      <trkpt lat="53.437374" lon="-1.865285"><ele>516.6</ele><time>2026-03-28T12:36:25.000Z</time></trkpt>
      <trkpt lat="53.437366" lon="-1.865297"><ele>516.4</ele><time>2026-03-28T12:36:26.000Z</time></trkpt>
      <trkpt lat="53.437360" lon="-1.865306"><ele>516.4</ele><time>2026-03-28T12:36:27.000Z</time></trkpt>
      <trkpt lat="53.437347" lon="-1.865317"><ele>516.2</ele><time>2026-03-28T12:36:28.000Z</time></trkpt>
      <trkpt lat="53.437336" lon="-1.865328"><ele>516.8</ele><time>2026-03-28T12:36:29.000Z</time></trkpt>
      <trkpt lat="53.437320" lon="-1.865339"><ele>517.6</ele><time>2026-03-28T12:36:30.000Z</time></trkpt>
      <trkpt lat="53.437313" lon="-1.865345"><ele>517.8</ele><time>2026-03-28T12:36:31.000Z</time></trkpt>
      <trkpt lat="53.437300" lon="-1.865357"><ele>516.2</ele><time>2026-03-28T12:36:32.000Z</time></trkpt>
      <trkpt lat="53.437290" lon="-1.865371"><ele>516.0</ele><time>2026-03-28T12:36:33.000Z</time></trkpt>
      <trkpt lat="53.437283" lon="-1.865389"><ele>515.2</ele><time>2026-03-28T12:36:34.000Z</time></trkpt>
      <trkpt lat="53.437270" lon="-1.865398"><ele>515.4</ele><time>2026-03-28T12:36:35.000Z</time></trkpt>
      <trkpt lat="53.437260" lon="-1.865412"><ele>515.6</ele><time>2026-03-28T12:36:36.000Z</time></trkpt>
      <trkpt lat="53.437250" lon="-1.865428"><ele>516.2</ele><time>2026-03-28T12:36:37.000Z</time></trkpt>
      <trkpt lat="53.437237" lon="-1.865434"><ele>516.8</ele><time>2026-03-28T12:36:38.000Z</time></trkpt>
      <trkpt lat="53.437230" lon="-1.865449"><ele>516.4</ele><time>2026-03-28T12:36:39.000Z</time></trkpt>
      <trkpt lat="53.437220" lon="-1.865465"><ele>516.6</ele><time>2026-03-28T12:36:40.000Z</time></trkpt>
      <trkpt lat="53.437214" lon="-1.865475"><ele>516.4</ele><time>2026-03-28T12:36:41.000Z</time></trkpt>
      <trkpt lat="53.437206" lon="-1.865488"><ele>516.4</ele><time>2026-03-28T12:36:42.000Z</time></trkpt>
      <trkpt lat="53.437195" lon="-1.865496"><ele>516.0</ele><time>2026-03-28T12:36:43.000Z</time></trkpt>
      <trkpt lat="53.437183" lon="-1.865504"><ele>515.6</ele><time>2026-03-28T12:36:44.000Z</time></trkpt>
      <trkpt lat="53.437170" lon="-1.865520"><ele>516.6</ele><time>2026-03-28T12:36:45.000Z</time></trkpt>
      <trkpt lat="53.437160" lon="-1.865532"><ele>516.2</ele><time>2026-03-28T12:36:46.000Z</time></trkpt>
      <trkpt lat="53.437145" lon="-1.865539"><ele>516.2</ele><time>2026-03-28T12:36:47.000Z</time></trkpt>
      <trkpt lat="53.437134" lon="-1.865554"><ele>515.6</ele><time>2026-03-28T12:36:48.000Z</time></trkpt>
      <trkpt lat="53.437126" lon="-1.865568"><ele>515.4</ele><time>2026-03-28T12:36:49.000Z</time></trkpt>
      <trkpt lat="53.437120" lon="-1.865577"><ele>515.0</ele><time>2026-03-28T12:36:50.000Z</time></trkpt>
      <trkpt lat="53.437107" lon="-1.865585"><ele>515.2</ele><time>2026-03-28T12:36:51.000Z</time></trkpt>
      <trkpt lat="53.437090" lon="-1.865596"><ele>515.0</ele><time>2026-03-28T12:36:52.000Z</time></trkpt>
      <trkpt lat="53.437084" lon="-1.865614"><ele>514.8</ele><time>2026-03-28T12:36:53.000Z</time></trkpt>
      <trkpt lat="53.437077" lon="-1.865630"><ele>514.2</ele><time>2026-03-28T12:36:54.000Z</time></trkpt>
      <trkpt lat="53.437070" lon="-1.865647"><ele>514.6</ele><time>2026-03-28T12:36:55.000Z</time></trkpt>
      <trkpt lat="53.437060" lon="-1.865658"><ele>514.8</ele><time>2026-03-28T12:36:56.000Z</time></trkpt>
      <trkpt lat="53.437050" lon="-1.865667"><ele>515.0</ele><time>2026-03-28T12:36:57.000Z</time></trkpt>
      <trkpt lat="53.437046" lon="-1.865672"><ele>514.4</ele><time>2026-03-28T12:36:58.000Z</time></trkpt>
      <trkpt lat="53.437035" lon="-1.865689"><ele>514.2</ele><time>2026-03-28T12:36:59.000Z</time></trkpt>
      <trkpt lat="53.437027" lon="-1.865703"><ele>514.6</ele><time>2026-03-28T12:37:00.000Z</time></trkpt>
      <trkpt lat="53.437016" lon="-1.865714"><ele>514.4</ele><time>2026-03-28T12:37:01.000Z</time></trkpt>
      <trkpt lat="53.437004" lon="-1.865726"><ele>514.2</ele><time>2026-03-28T12:37:02.000Z</time></trkpt>
      <trkpt lat="53.436996" lon="-1.865735"><ele>514.6</ele><time>2026-03-28T12:37:03.000Z</time></trkpt>
      <trkpt lat="53.436990" lon="-1.865751"><ele>514.8</ele><time>2026-03-28T12:37:04.000Z</time></trkpt>
      <trkpt lat="53.436977" lon="-1.865770"><ele>514.8</ele><time>2026-03-28T12:37:05.000Z</time></trkpt>
      <trkpt lat="53.436970" lon="-1.865782"><ele>514.8</ele><time>2026-03-28T12:37:06.000Z</time></trkpt>
      <trkpt lat="53.436962" lon="-1.865794"><ele>515.4</ele><time>2026-03-28T12:37:07.000Z</time></trkpt>
      <trkpt lat="53.436947" lon="-1.865802"><ele>514.6</ele><time>2026-03-28T12:37:08.000Z</time></trkpt>
      <trkpt lat="53.436935" lon="-1.865812"><ele>514.8</ele><time>2026-03-28T12:37:09.000Z</time></trkpt>
      <trkpt lat="53.436928" lon="-1.865826"><ele>515.4</ele><time>2026-03-28T12:37:10.000Z</time></trkpt>
      <trkpt lat="53.436920" lon="-1.865842"><ele>514.8</ele><time>2026-03-28T12:37:11.000Z</time></trkpt>
      <trkpt lat="53.436913" lon="-1.865859"><ele>516.0</ele><time>2026-03-28T12:37:12.000Z</time></trkpt>
      <trkpt lat="53.436900" lon="-1.865868"><ele>515.6</ele><time>2026-03-28T12:37:13.000Z</time></trkpt>
      <trkpt lat="53.436890" lon="-1.865881"><ele>514.6</ele><time>2026-03-28T12:37:14.000Z</time></trkpt>
      <trkpt lat="53.436880" lon="-1.865897"><ele>514.0</ele><time>2026-03-28T12:37:15.000Z</time></trkpt>
      <trkpt lat="53.436870" lon="-1.865909"><ele>514.2</ele><time>2026-03-28T12:37:16.000Z</time></trkpt>
      <trkpt lat="53.436863" lon="-1.865923"><ele>514.8</ele><time>2026-03-28T12:37:17.000Z</time></trkpt>
      <trkpt lat="53.436855" lon="-1.865939"><ele>514.8</ele><time>2026-03-28T12:37:18.000Z</time></trkpt>
      <trkpt lat="53.436848" lon="-1.865956"><ele>515.0</ele><time>2026-03-28T12:37:19.000Z</time></trkpt>
      <trkpt lat="53.436844" lon="-1.865980"><ele>515.0</ele><time>2026-03-28T12:37:20.000Z</time></trkpt>
      <trkpt lat="53.436840" lon="-1.865996"><ele>515.8</ele><time>2026-03-28T12:37:21.000Z</time></trkpt>
      <trkpt lat="53.436832" lon="-1.866011"><ele>515.2</ele><time>2026-03-28T12:37:22.000Z</time></trkpt>
      <trkpt lat="53.436825" lon="-1.866026"><ele>515.4</ele><time>2026-03-28T12:37:23.000Z</time></trkpt>
      <trkpt lat="53.436817" lon="-1.866040"><ele>515.8</ele><time>2026-03-28T12:37:24.000Z</time></trkpt>
      <trkpt lat="53.436813" lon="-1.866054"><ele>516.0</ele><time>2026-03-28T12:37:25.000Z</time></trkpt>
      <trkpt lat="53.436802" lon="-1.866073"><ele>515.2</ele><time>2026-03-28T12:37:26.000Z</time></trkpt>
      <trkpt lat="53.436794" lon="-1.866079"><ele>515.4</ele><time>2026-03-28T12:37:27.000Z</time></trkpt>
      <trkpt lat="53.436787" lon="-1.866096"><ele>515.4</ele><time>2026-03-28T12:37:28.000Z</time></trkpt>
      <trkpt lat="53.436775" lon="-1.866108"><ele>515.8</ele><time>2026-03-28T12:37:29.000Z</time></trkpt>
      <trkpt lat="53.436768" lon="-1.866118"><ele>516.0</ele><time>2026-03-28T12:37:30.000Z</time></trkpt>
      <trkpt lat="53.436756" lon="-1.866122"><ele>514.8</ele><time>2026-03-28T12:37:31.000Z</time></trkpt>
      <trkpt lat="53.436740" lon="-1.866133"><ele>514.8</ele><time>2026-03-28T12:37:32.000Z</time></trkpt>
      <trkpt lat="53.436730" lon="-1.866138"><ele>514.0</ele><time>2026-03-28T12:37:33.000Z</time></trkpt>
      <trkpt lat="53.436718" lon="-1.866144"><ele>515.0</ele><time>2026-03-28T12:37:34.000Z</time></trkpt>
      <trkpt lat="53.436707" lon="-1.866149"><ele>515.8</ele><time>2026-03-28T12:37:35.000Z</time></trkpt>
      <trkpt lat="53.436695" lon="-1.866154"><ele>514.8</ele><time>2026-03-28T12:37:36.000Z</time></trkpt>
      <trkpt lat="53.436680" lon="-1.866157"><ele>515.4</ele><time>2026-03-28T12:37:37.000Z</time></trkpt>
      <trkpt lat="53.436670" lon="-1.866163"><ele>515.0</ele><time>2026-03-28T12:37:38.000Z</time></trkpt>
      <trkpt lat="53.436660" lon="-1.866175"><ele>513.6</ele><time>2026-03-28T12:37:39.000Z</time></trkpt>
      <trkpt lat="53.436646" lon="-1.866189"><ele>513.6</ele><time>2026-03-28T12:37:40.000Z</time></trkpt>
      <trkpt lat="53.436638" lon="-1.866203"><ele>513.4</ele><time>2026-03-28T12:37:41.000Z</time></trkpt>
      <trkpt lat="53.436623" lon="-1.866214"><ele>513.8</ele><time>2026-03-28T12:37:42.000Z</time></trkpt>
      <trkpt lat="53.436615" lon="-1.866229"><ele>513.4</ele><time>2026-03-28T12:37:43.000Z</time></trkpt>
      <trkpt lat="53.436604" lon="-1.866244"><ele>513.8</ele><time>2026-03-28T12:37:44.000Z</time></trkpt>
      <trkpt lat="53.436596" lon="-1.866250"><ele>515.4</ele><time>2026-03-28T12:37:45.000Z</time></trkpt>
      <trkpt lat="53.436584" lon="-1.866256"><ele>515.6</ele><time>2026-03-28T12:37:46.000Z</time></trkpt>
      <trkpt lat="53.436577" lon="-1.866268"><ele>514.6</ele><time>2026-03-28T12:37:47.000Z</time></trkpt>
      <trkpt lat="53.436560" lon="-1.866282"><ele>514.4</ele><time>2026-03-28T12:37:48.000Z</time></trkpt>
      <trkpt lat="53.436550" lon="-1.866294"><ele>515.0</ele><time>2026-03-28T12:37:49.000Z</time></trkpt>
      <trkpt lat="53.436540" lon="-1.866306"><ele>514.8</ele><time>2026-03-28T12:37:50.000Z</time></trkpt>
      <trkpt lat="53.436527" lon="-1.866313"><ele>513.8</ele><time>2026-03-28T12:37:51.000Z</time></trkpt>
      <trkpt lat="53.436516" lon="-1.866317"><ele>514.0</ele><time>2026-03-28T12:37:52.000Z</time></trkpt>
      <trkpt lat="53.436504" lon="-1.866324"><ele>514.0</ele><time>2026-03-28T12:37:53.000Z</time></trkpt>
      <trkpt lat="53.436490" lon="-1.866330"><ele>514.4</ele><time>2026-03-28T12:37:54.000Z</time></trkpt>
      <trkpt lat="53.436480" lon="-1.866336"><ele>514.4</ele><time>2026-03-28T12:37:55.000Z</time></trkpt>
      <trkpt lat="53.436470" lon="-1.866344"><ele>514.8</ele><time>2026-03-28T12:37:56.000Z</time></trkpt>
      <trkpt lat="53.436462" lon="-1.866350"><ele>514.8</ele><time>2026-03-28T12:37:57.000Z</time></trkpt>
      <trkpt lat="53.436447" lon="-1.866363"><ele>514.2</ele><time>2026-03-28T12:37:58.000Z</time></trkpt>
      <trkpt lat="53.436436" lon="-1.866371"><ele>514.0</ele><time>2026-03-28T12:37:59.000Z</time></trkpt>
      <trkpt lat="53.436424" lon="-1.866381"><ele>514.0</ele><time>2026-03-28T12:38:00.000Z</time></trkpt>
      <trkpt lat="53.436413" lon="-1.866386"><ele>513.4</ele><time>2026-03-28T12:38:01.000Z</time></trkpt>
      <trkpt lat="53.436400" lon="-1.866393"><ele>513.6</ele><time>2026-03-28T12:38:02.000Z</time></trkpt>
      <trkpt lat="53.436390" lon="-1.866402"><ele>513.4</ele><time>2026-03-28T12:38:03.000Z</time></trkpt>
      <trkpt lat="53.436375" lon="-1.866409"><ele>514.2</ele><time>2026-03-28T12:38:04.000Z</time></trkpt>
      <trkpt lat="53.436367" lon="-1.866416"><ele>514.4</ele><time>2026-03-28T12:38:05.000Z</time></trkpt>
      <trkpt lat="53.436350" lon="-1.866423"><ele>514.2</ele><time>2026-03-28T12:38:06.000Z</time></trkpt>
      <trkpt lat="53.436340" lon="-1.866422"><ele>513.8</ele><time>2026-03-28T12:38:07.000Z</time></trkpt>
      <trkpt lat="53.436330" lon="-1.866431"><ele>514.0</ele><time>2026-03-28T12:38:08.000Z</time></trkpt>
      <trkpt lat="53.436317" lon="-1.866438"><ele>513.6</ele><time>2026-03-28T12:38:09.000Z</time></trkpt>
      <trkpt lat="53.436306" lon="-1.866439"><ele>513.6</ele><time>2026-03-28T12:38:10.000Z</time></trkpt>
      <trkpt lat="53.436295" lon="-1.866445"><ele>513.4</ele><time>2026-03-28T12:38:11.000Z</time></trkpt>
      <trkpt lat="53.436280" lon="-1.866450"><ele>514.0</ele><time>2026-03-28T12:38:12.000Z</time></trkpt>
      <trkpt lat="53.436270" lon="-1.866457"><ele>514.2</ele><time>2026-03-28T12:38:13.000Z</time></trkpt>
      <trkpt lat="53.436260" lon="-1.866468"><ele>514.2</ele><time>2026-03-28T12:38:14.000Z</time></trkpt>
      <trkpt lat="53.436250" lon="-1.866476"><ele>514.2</ele><time>2026-03-28T12:38:15.000Z</time></trkpt>
      <trkpt lat="53.436237" lon="-1.866487"><ele>514.0</ele><time>2026-03-28T12:38:16.000Z</time></trkpt>
      <trkpt lat="53.436230" lon="-1.866492"><ele>513.4</ele><time>2026-03-28T12:38:17.000Z</time></trkpt>
      <trkpt lat="53.436220" lon="-1.866501"><ele>513.2</ele><time>2026-03-28T12:38:18.000Z</time></trkpt>
      <trkpt lat="53.436203" lon="-1.866506"><ele>513.8</ele><time>2026-03-28T12:38:19.000Z</time></trkpt>
      <trkpt lat="53.436190" lon="-1.866514"><ele>513.6</ele><time>2026-03-28T12:38:20.000Z</time></trkpt>
      <trkpt lat="53.436180" lon="-1.866522"><ele>514.0</ele><time>2026-03-28T12:38:21.000Z</time></trkpt>
      <trkpt lat="53.436170" lon="-1.866527"><ele>514.0</ele><time>2026-03-28T12:38:22.000Z</time></trkpt>
      <trkpt lat="53.436157" lon="-1.866533"><ele>514.2</ele><time>2026-03-28T12:38:23.000Z</time></trkpt>
      <trkpt lat="53.436146" lon="-1.866543"><ele>514.2</ele><time>2026-03-28T12:38:24.000Z</time></trkpt>
      <trkpt lat="53.436134" lon="-1.866549"><ele>514.4</ele><time>2026-03-28T12:38:25.000Z</time></trkpt>
      <trkpt lat="53.436127" lon="-1.866557"><ele>514.2</ele><time>2026-03-28T12:38:26.000Z</time></trkpt>
      <trkpt lat="53.436110" lon="-1.866566"><ele>513.8</ele><time>2026-03-28T12:38:27.000Z</time></trkpt>
      <trkpt lat="53.436100" lon="-1.866575"><ele>513.8</ele><time>2026-03-28T12:38:28.000Z</time></trkpt>
      <trkpt lat="53.436090" lon="-1.866581"><ele>512.6</ele><time>2026-03-28T12:38:29.000Z</time></trkpt>
      <trkpt lat="53.436073" lon="-1.866591"><ele>513.2</ele><time>2026-03-28T12:38:30.000Z</time></trkpt>
      <trkpt lat="53.436060" lon="-1.866594"><ele>513.0</ele><time>2026-03-28T12:38:31.000Z</time></trkpt>
      <trkpt lat="53.436054" lon="-1.866600"><ele>513.2</ele><time>2026-03-28T12:38:32.000Z</time></trkpt>
      <trkpt lat="53.436043" lon="-1.866610"><ele>513.2</ele><time>2026-03-28T12:38:33.000Z</time></trkpt>
      <trkpt lat="53.436024" lon="-1.866625"><ele>512.8</ele><time>2026-03-28T12:38:34.000Z</time></trkpt>
      <trkpt lat="53.436016" lon="-1.866632"><ele>512.6</ele><time>2026-03-28T12:38:35.000Z</time></trkpt>
      <trkpt lat="53.436000" lon="-1.866646"><ele>512.4</ele><time>2026-03-28T12:38:36.000Z</time></trkpt>
      <trkpt lat="53.435990" lon="-1.866653"><ele>512.0</ele><time>2026-03-28T12:38:37.000Z</time></trkpt>
      <trkpt lat="53.435978" lon="-1.866663"><ele>512.0</ele><time>2026-03-28T12:38:38.000Z</time></trkpt>
      <trkpt lat="53.435966" lon="-1.866671"><ele>512.0</ele><time>2026-03-28T12:38:39.000Z</time></trkpt>
      <trkpt lat="53.435955" lon="-1.866680"><ele>512.6</ele><time>2026-03-28T12:38:40.000Z</time></trkpt>
      <trkpt lat="53.435944" lon="-1.866692"><ele>513.0</ele><time>2026-03-28T12:38:41.000Z</time></trkpt>
      <trkpt lat="53.435932" lon="-1.866696"><ele>513.0</ele><time>2026-03-28T12:38:42.000Z</time></trkpt>
      <trkpt lat="53.435920" lon="-1.866706"><ele>512.8</ele><time>2026-03-28T12:38:43.000Z</time></trkpt>
      <trkpt lat="53.435910" lon="-1.866718"><ele>512.4</ele><time>2026-03-28T12:38:44.000Z</time></trkpt>
      <trkpt lat="53.435898" lon="-1.866726"><ele>511.8</ele><time>2026-03-28T12:38:45.000Z</time></trkpt>
      <trkpt lat="53.435886" lon="-1.866731"><ele>512.2</ele><time>2026-03-28T12:38:46.000Z</time></trkpt>
      <trkpt lat="53.435880" lon="-1.866737"><ele>512.2</ele><time>2026-03-28T12:38:47.000Z</time></trkpt>
      <trkpt lat="53.435867" lon="-1.866747"><ele>512.4</ele><time>2026-03-28T12:38:48.000Z</time></trkpt>
      <trkpt lat="53.435856" lon="-1.866751"><ele>512.8</ele><time>2026-03-28T12:38:49.000Z</time></trkpt>
      <trkpt lat="53.435844" lon="-1.866751"><ele>512.6</ele><time>2026-03-28T12:38:50.000Z</time></trkpt>
      <trkpt lat="53.435833" lon="-1.866761"><ele>512.6</ele><time>2026-03-28T12:38:51.000Z</time></trkpt>
      <trkpt lat="53.435820" lon="-1.866768"><ele>512.2</ele><time>2026-03-28T12:38:52.000Z</time></trkpt>
      <trkpt lat="53.435814" lon="-1.866774"><ele>512.4</ele><time>2026-03-28T12:38:53.000Z</time></trkpt>
      <trkpt lat="53.435802" lon="-1.866775"><ele>512.6</ele><time>2026-03-28T12:38:54.000Z</time></trkpt>
      <trkpt lat="53.435795" lon="-1.866780"><ele>512.4</ele><time>2026-03-28T12:38:55.000Z</time></trkpt>
      <trkpt lat="53.435776" lon="-1.866790"><ele>512.8</ele><time>2026-03-28T12:38:56.000Z</time></trkpt>
      <trkpt lat="53.435770" lon="-1.866795"><ele>512.8</ele><time>2026-03-28T12:38:57.000Z</time></trkpt>
      <trkpt lat="53.435757" lon="-1.866805"><ele>512.8</ele><time>2026-03-28T12:38:58.000Z</time></trkpt>
      <trkpt lat="53.435745" lon="-1.866811"><ele>513.0</ele><time>2026-03-28T12:38:59.000Z</time></trkpt>
      <trkpt lat="53.435738" lon="-1.866819"><ele>513.6</ele><time>2026-03-28T12:39:00.000Z</time></trkpt>
      <trkpt lat="53.435726" lon="-1.866830"><ele>513.4</ele><time>2026-03-28T12:39:01.000Z</time></trkpt>
      <trkpt lat="53.435720" lon="-1.866840"><ele>513.6</ele><time>2026-03-28T12:39:02.000Z</time></trkpt>
      <trkpt lat="53.435707" lon="-1.866850"><ele>513.8</ele><time>2026-03-28T12:39:03.000Z</time></trkpt>
      <trkpt lat="53.435696" lon="-1.866866"><ele>513.8</ele><time>2026-03-28T12:39:04.000Z</time></trkpt>
      <trkpt lat="53.435684" lon="-1.866869"><ele>513.6</ele><time>2026-03-28T12:39:05.000Z</time></trkpt>
      <trkpt lat="53.435677" lon="-1.866878"><ele>513.8</ele><time>2026-03-28T12:39:06.000Z</time></trkpt>
      <trkpt lat="53.435665" lon="-1.866886"><ele>513.2</ele><time>2026-03-28T12:39:07.000Z</time></trkpt>
      <trkpt lat="53.435654" lon="-1.866890"><ele>513.4</ele><time>2026-03-28T12:39:08.000Z</time></trkpt>
      <trkpt lat="53.435642" lon="-1.866899"><ele>514.0</ele><time>2026-03-28T12:39:09.000Z</time></trkpt>
      <trkpt lat="53.435630" lon="-1.866905"><ele>514.0</ele><time>2026-03-28T12:39:10.000Z</time></trkpt>
      <trkpt lat="53.435620" lon="-1.866918"><ele>514.6</ele><time>2026-03-28T12:39:11.000Z</time></trkpt>
      <trkpt lat="53.435608" lon="-1.866919"><ele>513.6</ele><time>2026-03-28T12:39:12.000Z</time></trkpt>
      <trkpt lat="53.435596" lon="-1.866932"><ele>513.8</ele><time>2026-03-28T12:39:13.000Z</time></trkpt>
      <trkpt lat="53.435585" lon="-1.866945"><ele>513.2</ele><time>2026-03-28T12:39:14.000Z</time></trkpt>
      <trkpt lat="53.435574" lon="-1.866958"><ele>513.2</ele><time>2026-03-28T12:39:15.000Z</time></trkpt>
      <trkpt lat="53.435562" lon="-1.866966"><ele>513.0</ele><time>2026-03-28T12:39:16.000Z</time></trkpt>
      <trkpt lat="53.435547" lon="-1.866975"><ele>513.0</ele><time>2026-03-28T12:39:17.000Z</time></trkpt>
      <trkpt lat="53.435535" lon="-1.866987"><ele>512.8</ele><time>2026-03-28T12:39:18.000Z</time></trkpt>
      <trkpt lat="53.435524" lon="-1.866993"><ele>513.2</ele><time>2026-03-28T12:39:19.000Z</time></trkpt>
      <trkpt lat="53.435516" lon="-1.867000"><ele>513.2</ele><time>2026-03-28T12:39:20.000Z</time></trkpt>
      <trkpt lat="53.435500" lon="-1.867011"><ele>512.8</ele><time>2026-03-28T12:39:21.000Z</time></trkpt>
      <trkpt lat="53.435490" lon="-1.867023"><ele>512.4</ele><time>2026-03-28T12:39:22.000Z</time></trkpt>
      <trkpt lat="53.435480" lon="-1.867032"><ele>512.6</ele><time>2026-03-28T12:39:23.000Z</time></trkpt>
      <trkpt lat="53.435467" lon="-1.867045"><ele>512.4</ele><time>2026-03-28T12:39:24.000Z</time></trkpt>
      <trkpt lat="53.435460" lon="-1.867053"><ele>511.8</ele><time>2026-03-28T12:39:25.000Z</time></trkpt>
      <trkpt lat="53.435448" lon="-1.867059"><ele>512.4</ele><time>2026-03-28T12:39:26.000Z</time></trkpt>
      <trkpt lat="53.435440" lon="-1.867064"><ele>512.6</ele><time>2026-03-28T12:39:27.000Z</time></trkpt>
      <trkpt lat="53.435425" lon="-1.867072"><ele>512.8</ele><time>2026-03-28T12:39:28.000Z</time></trkpt>
      <trkpt lat="53.435413" lon="-1.867080"><ele>512.2</ele><time>2026-03-28T12:39:29.000Z</time></trkpt>
      <trkpt lat="53.435406" lon="-1.867090"><ele>512.4</ele><time>2026-03-28T12:39:30.000Z</time></trkpt>
      <trkpt lat="53.435394" lon="-1.867098"><ele>512.6</ele><time>2026-03-28T12:39:31.000Z</time></trkpt>
      <trkpt lat="53.435380" lon="-1.867105"><ele>512.4</ele><time>2026-03-28T12:39:32.000Z</time></trkpt>
      <trkpt lat="53.435368" lon="-1.867113"><ele>512.0</ele><time>2026-03-28T12:39:33.000Z</time></trkpt>
      <trkpt lat="53.435360" lon="-1.867120"><ele>512.2</ele><time>2026-03-28T12:39:34.000Z</time></trkpt>
      <trkpt lat="53.435350" lon="-1.867126"><ele>512.2</ele><time>2026-03-28T12:39:35.000Z</time></trkpt>
      <trkpt lat="53.435340" lon="-1.867133"><ele>511.2</ele><time>2026-03-28T12:39:36.000Z</time></trkpt>
      <trkpt lat="53.435330" lon="-1.867146"><ele>511.6</ele><time>2026-03-28T12:39:37.000Z</time></trkpt>
      <trkpt lat="53.435318" lon="-1.867157"><ele>511.8</ele><time>2026-03-28T12:39:38.000Z</time></trkpt>
      <trkpt lat="53.435303" lon="-1.867158"><ele>511.6</ele><time>2026-03-28T12:39:39.000Z</time></trkpt>
      <trkpt lat="53.435290" lon="-1.867169"><ele>511.6</ele><time>2026-03-28T12:39:40.000Z</time></trkpt>
      <trkpt lat="53.435280" lon="-1.867178"><ele>512.0</ele><time>2026-03-28T12:39:41.000Z</time></trkpt>
      <trkpt lat="53.435272" lon="-1.867188"><ele>511.2</ele><time>2026-03-28T12:39:42.000Z</time></trkpt>
      <trkpt lat="53.435260" lon="-1.867199"><ele>511.2</ele><time>2026-03-28T12:39:43.000Z</time></trkpt>
      <trkpt lat="53.435253" lon="-1.867206"><ele>511.4</ele><time>2026-03-28T12:39:44.000Z</time></trkpt>
      <trkpt lat="53.435238" lon="-1.867219"><ele>511.8</ele><time>2026-03-28T12:39:45.000Z</time></trkpt>
      <trkpt lat="53.435226" lon="-1.867225"><ele>511.8</ele><time>2026-03-28T12:39:46.000Z</time></trkpt>
      <trkpt lat="53.435215" lon="-1.867235"><ele>512.0</ele><time>2026-03-28T12:39:47.000Z</time></trkpt>
      <trkpt lat="53.435207" lon="-1.867242"><ele>512.4</ele><time>2026-03-28T12:39:48.000Z</time></trkpt>
      <trkpt lat="53.435196" lon="-1.867253"><ele>512.2</ele><time>2026-03-28T12:39:49.000Z</time></trkpt>
      <trkpt lat="53.435184" lon="-1.867259"><ele>512.2</ele><time>2026-03-28T12:39:50.000Z</time></trkpt>
      <trkpt lat="53.435173" lon="-1.867269"><ele>511.8</ele><time>2026-03-28T12:39:51.000Z</time></trkpt>
      <trkpt lat="53.435160" lon="-1.867280"><ele>512.0</ele><time>2026-03-28T12:39:52.000Z</time></trkpt>
      <trkpt lat="53.435154" lon="-1.867290"><ele>512.8</ele><time>2026-03-28T12:39:53.000Z</time></trkpt>
      <trkpt lat="53.435140" lon="-1.867306"><ele>511.6</ele><time>2026-03-28T12:39:54.000Z</time></trkpt>
      <trkpt lat="53.435127" lon="-1.867319"><ele>511.2</ele><time>2026-03-28T12:39:55.000Z</time></trkpt>
      <trkpt lat="53.435116" lon="-1.867327"><ele>510.6</ele><time>2026-03-28T12:39:56.000Z</time></trkpt>
      <trkpt lat="53.435104" lon="-1.867338"><ele>510.6</ele><time>2026-03-28T12:39:57.000Z</time></trkpt>
      <trkpt lat="53.435097" lon="-1.867350"><ele>510.2</ele><time>2026-03-28T12:39:58.000Z</time></trkpt>
      <trkpt lat="53.435085" lon="-1.867363"><ele>511.0</ele><time>2026-03-28T12:39:59.000Z</time></trkpt>
      <trkpt lat="53.435074" lon="-1.867369"><ele>511.4</ele><time>2026-03-28T12:40:00.000Z</time></trkpt>
      <trkpt lat="53.435060" lon="-1.867378"><ele>510.6</ele><time>2026-03-28T12:40:01.000Z</time></trkpt>
      <trkpt lat="53.435047" lon="-1.867396"><ele>510.6</ele><time>2026-03-28T12:40:02.000Z</time></trkpt>
      <trkpt lat="53.435036" lon="-1.867405"><ele>510.2</ele><time>2026-03-28T12:40:03.000Z</time></trkpt>
      <trkpt lat="53.435024" lon="-1.867413"><ele>510.6</ele><time>2026-03-28T12:40:04.000Z</time></trkpt>
      <trkpt lat="53.435013" lon="-1.867426"><ele>510.4</ele><time>2026-03-28T12:40:05.000Z</time></trkpt>
      <trkpt lat="53.435000" lon="-1.867431"><ele>510.4</ele><time>2026-03-28T12:40:06.000Z</time></trkpt>
      <trkpt lat="53.434986" lon="-1.867443"><ele>510.2</ele><time>2026-03-28T12:40:07.000Z</time></trkpt>
      <trkpt lat="53.434980" lon="-1.867453"><ele>510.8</ele><time>2026-03-28T12:40:08.000Z</time></trkpt>
      <trkpt lat="53.434970" lon="-1.867462"><ele>511.4</ele><time>2026-03-28T12:40:09.000Z</time></trkpt>
      <trkpt lat="53.434960" lon="-1.867465"><ele>511.0</ele><time>2026-03-28T12:40:10.000Z</time></trkpt>
      <trkpt lat="53.434948" lon="-1.867471"><ele>510.2</ele><time>2026-03-28T12:40:11.000Z</time></trkpt>
      <trkpt lat="53.434937" lon="-1.867484"><ele>510.2</ele><time>2026-03-28T12:40:12.000Z</time></trkpt>
      <trkpt lat="53.434925" lon="-1.867495"><ele>510.8</ele><time>2026-03-28T12:40:13.000Z</time></trkpt>
      <trkpt lat="53.434914" lon="-1.867502"><ele>509.8</ele><time>2026-03-28T12:40:14.000Z</time></trkpt>
      <trkpt lat="53.434906" lon="-1.867512"><ele>510.4</ele><time>2026-03-28T12:40:15.000Z</time></trkpt>
      <trkpt lat="53.434895" lon="-1.867522"><ele>510.4</ele><time>2026-03-28T12:40:16.000Z</time></trkpt>
      <trkpt lat="53.434887" lon="-1.867527"><ele>510.0</ele><time>2026-03-28T12:40:17.000Z</time></trkpt>
      <trkpt lat="53.434875" lon="-1.867536"><ele>510.0</ele><time>2026-03-28T12:40:18.000Z</time></trkpt>
      <trkpt lat="53.434864" lon="-1.867547"><ele>510.2</ele><time>2026-03-28T12:40:19.000Z</time></trkpt>
      <trkpt lat="53.434853" lon="-1.867553"><ele>510.4</ele><time>2026-03-28T12:40:20.000Z</time></trkpt>
      <trkpt lat="53.434845" lon="-1.867557"><ele>511.0</ele><time>2026-03-28T12:40:21.000Z</time></trkpt>
      <trkpt lat="53.434834" lon="-1.867561"><ele>510.4</ele><time>2026-03-28T12:40:22.000Z</time></trkpt>
      <trkpt lat="53.434822" lon="-1.867569"><ele>510.4</ele><time>2026-03-28T12:40:23.000Z</time></trkpt>
      <trkpt lat="53.434810" lon="-1.867580"><ele>510.2</ele><time>2026-03-28T12:40:24.000Z</time></trkpt>
      <trkpt lat="53.434795" lon="-1.867592"><ele>510.6</ele><time>2026-03-28T12:40:25.000Z</time></trkpt>
      <trkpt lat="53.434788" lon="-1.867601"><ele>510.4</ele><time>2026-03-28T12:40:26.000Z</time></trkpt>
      <trkpt lat="53.434776" lon="-1.867606"><ele>510.4</ele><time>2026-03-28T12:40:27.000Z</time></trkpt>
      <trkpt lat="53.434765" lon="-1.867617"><ele>510.6</ele><time>2026-03-28T12:40:28.000Z</time></trkpt>
      <trkpt lat="53.434757" lon="-1.867626"><ele>510.4</ele><time>2026-03-28T12:40:29.000Z</time></trkpt>
      <trkpt lat="53.434742" lon="-1.867635"><ele>510.4</ele><time>2026-03-28T12:40:30.000Z</time></trkpt>
      <trkpt lat="53.434734" lon="-1.867640"><ele>510.8</ele><time>2026-03-28T12:40:31.000Z</time></trkpt>
      <trkpt lat="53.434723" lon="-1.867651"><ele>510.0</ele><time>2026-03-28T12:40:32.000Z</time></trkpt>
      <trkpt lat="53.434710" lon="-1.867661"><ele>510.0</ele><time>2026-03-28T12:40:33.000Z</time></trkpt>
      <trkpt lat="53.434700" lon="-1.867660"><ele>510.2</ele><time>2026-03-28T12:40:34.000Z</time></trkpt>
      <trkpt lat="53.434690" lon="-1.867663"><ele>510.6</ele><time>2026-03-28T12:40:35.000Z</time></trkpt>
      <trkpt lat="53.434677" lon="-1.867679"><ele>510.0</ele><time>2026-03-28T12:40:36.000Z</time></trkpt>
      <trkpt lat="53.434666" lon="-1.867685"><ele>510.4</ele><time>2026-03-28T12:40:37.000Z</time></trkpt>
      <trkpt lat="53.434654" lon="-1.867698"><ele>510.4</ele><time>2026-03-28T12:40:38.000Z</time></trkpt>
      <trkpt lat="53.434647" lon="-1.867708"><ele>510.4</ele><time>2026-03-28T12:40:39.000Z</time></trkpt>
      <trkpt lat="53.434635" lon="-1.867721"><ele>511.0</ele><time>2026-03-28T12:40:40.000Z</time></trkpt>
      <trkpt lat="53.434628" lon="-1.867725"><ele>511.0</ele><time>2026-03-28T12:40:41.000Z</time></trkpt>
      <trkpt lat="53.434620" lon="-1.867732"><ele>510.6</ele><time>2026-03-28T12:40:42.000Z</time></trkpt>
      <trkpt lat="53.434610" lon="-1.867746"><ele>510.8</ele><time>2026-03-28T12:40:43.000Z</time></trkpt>
      <trkpt lat="53.434593" lon="-1.867757"><ele>510.8</ele><time>2026-03-28T12:40:44.000Z</time></trkpt>
      <trkpt lat="53.434586" lon="-1.867761"><ele>511.2</ele><time>2026-03-28T12:40:45.000Z</time></trkpt>
      <trkpt lat="53.434578" lon="-1.867774"><ele>511.2</ele><time>2026-03-28T12:40:46.000Z</time></trkpt>
      <trkpt lat="53.434566" lon="-1.867785"><ele>511.0</ele><time>2026-03-28T12:40:47.000Z</time></trkpt>
      <trkpt lat="53.434560" lon="-1.867792"><ele>510.8</ele><time>2026-03-28T12:40:48.000Z</time></trkpt>
      <trkpt lat="53.434547" lon="-1.867802"><ele>510.2</ele><time>2026-03-28T12:40:49.000Z</time></trkpt>
      <trkpt lat="53.434536" lon="-1.867815"><ele>510.6</ele><time>2026-03-28T12:40:50.000Z</time></trkpt>
      <trkpt lat="53.434530" lon="-1.867825"><ele>510.8</ele><time>2026-03-28T12:40:51.000Z</time></trkpt>
      <trkpt lat="53.434517" lon="-1.867831"><ele>511.0</ele><time>2026-03-28T12:40:52.000Z</time></trkpt>
      <trkpt lat="53.434505" lon="-1.867836"><ele>510.6</ele><time>2026-03-28T12:40:53.000Z</time></trkpt>
      <trkpt lat="53.434498" lon="-1.867848"><ele>510.6</ele><time>2026-03-28T12:40:54.000Z</time></trkpt>
      <trkpt lat="53.434486" lon="-1.867854"><ele>511.2</ele><time>2026-03-28T12:40:55.000Z</time></trkpt>
      <trkpt lat="53.434475" lon="-1.867861"><ele>511.0</ele><time>2026-03-28T12:40:56.000Z</time></trkpt>
      <trkpt lat="53.434464" lon="-1.867868"><ele>510.4</ele><time>2026-03-28T12:40:57.000Z</time></trkpt>
      <trkpt lat="53.434450" lon="-1.867882"><ele>510.6</ele><time>2026-03-28T12:40:58.000Z</time></trkpt>
      <trkpt lat="53.434440" lon="-1.867888"><ele>510.2</ele><time>2026-03-28T12:40:59.000Z</time></trkpt>
      <trkpt lat="53.434430" lon="-1.867893"><ele>510.2</ele><time>2026-03-28T12:41:00.000Z</time></trkpt>
      <trkpt lat="53.434420" lon="-1.867900"><ele>510.4</ele><time>2026-03-28T12:41:01.000Z</time></trkpt>
      <trkpt lat="53.434410" lon="-1.867911"><ele>510.2</ele><time>2026-03-28T12:41:02.000Z</time></trkpt>
      <trkpt lat="53.434400" lon="-1.867920"><ele>510.8</ele><time>2026-03-28T12:41:03.000Z</time></trkpt>
      <trkpt lat="53.434387" lon="-1.867927"><ele>510.6</ele><time>2026-03-28T12:41:04.000Z</time></trkpt>
      <trkpt lat="53.434376" lon="-1.867936"><ele>510.0</ele><time>2026-03-28T12:41:05.000Z</time></trkpt>
      <trkpt lat="53.434364" lon="-1.867941"><ele>510.2</ele><time>2026-03-28T12:41:06.000Z</time></trkpt>
      <trkpt lat="53.434357" lon="-1.867943"><ele>511.0</ele><time>2026-03-28T12:41:07.000Z</time></trkpt>
      <trkpt lat="53.434345" lon="-1.867951"><ele>511.2</ele><time>2026-03-28T12:41:08.000Z</time></trkpt>
      <trkpt lat="53.434334" lon="-1.867961"><ele>510.0</ele><time>2026-03-28T12:41:09.000Z</time></trkpt>
      <trkpt lat="53.434322" lon="-1.867972"><ele>510.4</ele><time>2026-03-28T12:41:10.000Z</time></trkpt>
      <trkpt lat="53.434310" lon="-1.867984"><ele>510.0</ele><time>2026-03-28T12:41:11.000Z</time></trkpt>
      <trkpt lat="53.434300" lon="-1.867992"><ele>510.2</ele><time>2026-03-28T12:41:12.000Z</time></trkpt>
      <trkpt lat="53.434290" lon="-1.867996"><ele>510.2</ele><time>2026-03-28T12:41:13.000Z</time></trkpt>
      <trkpt lat="53.434280" lon="-1.868002"><ele>510.6</ele><time>2026-03-28T12:41:14.000Z</time></trkpt>
      <trkpt lat="53.434270" lon="-1.868011"><ele>510.2</ele><time>2026-03-28T12:41:15.000Z</time></trkpt>
      <trkpt lat="53.434258" lon="-1.868019"><ele>510.0</ele><time>2026-03-28T12:41:16.000Z</time></trkpt>
      <trkpt lat="53.434246" lon="-1.868029"><ele>510.2</ele><time>2026-03-28T12:41:17.000Z</time></trkpt>
      <trkpt lat="53.434235" lon="-1.868041"><ele>510.2</ele><time>2026-03-28T12:41:18.000Z</time></trkpt>
      <trkpt lat="53.434227" lon="-1.868053"><ele>510.8</ele><time>2026-03-28T12:41:19.000Z</time></trkpt>
      <trkpt lat="53.434216" lon="-1.868055"><ele>511.0</ele><time>2026-03-28T12:41:20.000Z</time></trkpt>
      <trkpt lat="53.434204" lon="-1.868062"><ele>510.8</ele><time>2026-03-28T12:41:21.000Z</time></trkpt>
      <trkpt lat="53.434193" lon="-1.868064"><ele>510.6</ele><time>2026-03-28T12:41:22.000Z</time></trkpt>
      <trkpt lat="53.434185" lon="-1.868073"><ele>510.6</ele><time>2026-03-28T12:41:23.000Z</time></trkpt>
      <trkpt lat="53.434180" lon="-1.868082"><ele>510.8</ele><time>2026-03-28T12:41:24.000Z</time></trkpt>
      <trkpt lat="53.434170" lon="-1.868092"><ele>510.8</ele><time>2026-03-28T12:41:25.000Z</time></trkpt>
      <trkpt lat="53.434162" lon="-1.868100"><ele>511.0</ele><time>2026-03-28T12:41:26.000Z</time></trkpt>
      <trkpt lat="53.434155" lon="-1.868108"><ele>511.2</ele><time>2026-03-28T12:41:27.000Z</time></trkpt>
      <trkpt lat="53.434147" lon="-1.868111"><ele>511.0</ele><time>2026-03-28T12:41:28.000Z</time></trkpt>
      <trkpt lat="53.434140" lon="-1.868113"><ele>511.0</ele><time>2026-03-28T12:41:29.000Z</time></trkpt>
      <trkpt lat="53.434124" lon="-1.868123"><ele>511.2</ele><time>2026-03-28T12:41:30.000Z</time></trkpt>
      <trkpt lat="53.434110" lon="-1.868134"><ele>511.8</ele><time>2026-03-28T12:41:31.000Z</time></trkpt>
      <trkpt lat="53.434100" lon="-1.868138"><ele>511.4</ele><time>2026-03-28T12:41:32.000Z</time></trkpt>
      <trkpt lat="53.434093" lon="-1.868149"><ele>511.8</ele><time>2026-03-28T12:41:33.000Z</time></trkpt>
      <trkpt lat="53.434086" lon="-1.868170"><ele>511.2</ele><time>2026-03-28T12:41:34.000Z</time></trkpt>
      <trkpt lat="53.434080" lon="-1.868183"><ele>511.0</ele><time>2026-03-28T12:41:35.000Z</time></trkpt>
      <trkpt lat="53.434067" lon="-1.868192"><ele>510.6</ele><time>2026-03-28T12:41:36.000Z</time></trkpt>
      <trkpt lat="53.434055" lon="-1.868198"><ele>510.8</ele><time>2026-03-28T12:41:37.000Z</time></trkpt>
      <trkpt lat="53.434044" lon="-1.868201"><ele>510.8</ele><time>2026-03-28T12:41:38.000Z</time></trkpt>
      <trkpt lat="53.434032" lon="-1.868214"><ele>510.8</ele><time>2026-03-28T12:41:39.000Z</time></trkpt>
      <trkpt lat="53.434020" lon="-1.868222"><ele>510.6</ele><time>2026-03-28T12:41:40.000Z</time></trkpt>
      <trkpt lat="53.434010" lon="-1.868231"><ele>511.0</ele><time>2026-03-28T12:41:41.000Z</time></trkpt>
      <trkpt lat="53.434002" lon="-1.868240"><ele>511.0</ele><time>2026-03-28T12:41:42.000Z</time></trkpt>
      <trkpt lat="53.433990" lon="-1.868248"><ele>511.0</ele><time>2026-03-28T12:41:43.000Z</time></trkpt>
      <trkpt lat="53.433975" lon="-1.868261"><ele>511.4</ele><time>2026-03-28T12:41:44.000Z</time></trkpt>
      <trkpt lat="53.433968" lon="-1.868267"><ele>511.6</ele><time>2026-03-28T12:41:45.000Z</time></trkpt>
      <trkpt lat="53.433956" lon="-1.868275"><ele>511.4</ele><time>2026-03-28T12:41:46.000Z</time></trkpt>
      <trkpt lat="53.433940" lon="-1.868281"><ele>511.6</ele><time>2026-03-28T12:41:47.000Z</time></trkpt>
      <trkpt lat="53.433930" lon="-1.868288"><ele>511.2</ele><time>2026-03-28T12:41:48.000Z</time></trkpt>
      <trkpt lat="53.433914" lon="-1.868293"><ele>511.2</ele><time>2026-03-28T12:41:49.000Z</time></trkpt>
      <trkpt lat="53.433907" lon="-1.868304"><ele>511.4</ele><time>2026-03-28T12:41:50.000Z</time></trkpt>
      <trkpt lat="53.433895" lon="-1.868321"><ele>511.4</ele><time>2026-03-28T12:41:51.000Z</time></trkpt>
      <trkpt lat="53.433887" lon="-1.868329"><ele>511.6</ele><time>2026-03-28T12:41:52.000Z</time></trkpt>
      <trkpt lat="53.433876" lon="-1.868336"><ele>511.4</ele><time>2026-03-28T12:41:53.000Z</time></trkpt>
      <trkpt lat="53.433865" lon="-1.868344"><ele>511.4</ele><time>2026-03-28T12:41:54.000Z</time></trkpt>
      <trkpt lat="53.433853" lon="-1.868357"><ele>511.2</ele><time>2026-03-28T12:41:55.000Z</time></trkpt>
      <trkpt lat="53.433840" lon="-1.868367"><ele>511.2</ele><time>2026-03-28T12:41:56.000Z</time></trkpt>
      <trkpt lat="53.433830" lon="-1.868374"><ele>511.4</ele><time>2026-03-28T12:41:57.000Z</time></trkpt>
      <trkpt lat="53.433820" lon="-1.868378"><ele>511.0</ele><time>2026-03-28T12:41:58.000Z</time></trkpt>
      <trkpt lat="53.433804" lon="-1.868382"><ele>510.6</ele><time>2026-03-28T12:41:59.000Z</time></trkpt>
      <trkpt lat="53.433796" lon="-1.868390"><ele>511.4</ele><time>2026-03-28T12:42:00.000Z</time></trkpt>
      <trkpt lat="53.433784" lon="-1.868392"><ele>511.6</ele><time>2026-03-28T12:42:01.000Z</time></trkpt>
      <trkpt lat="53.433770" lon="-1.868399"><ele>511.4</ele><time>2026-03-28T12:42:02.000Z</time></trkpt>
      <trkpt lat="53.433758" lon="-1.868403"><ele>511.2</ele><time>2026-03-28T12:42:03.000Z</time></trkpt>
      <trkpt lat="53.433750" lon="-1.868406"><ele>510.8</ele><time>2026-03-28T12:42:04.000Z</time></trkpt>
      <trkpt lat="53.433740" lon="-1.868410"><ele>510.4</ele><time>2026-03-28T12:42:05.000Z</time></trkpt>
      <trkpt lat="53.433730" lon="-1.868411"><ele>510.4</ele><time>2026-03-28T12:42:06.000Z</time></trkpt>
      <trkpt lat="53.433723" lon="-1.868412"><ele>510.4</ele><time>2026-03-28T12:42:07.000Z</time></trkpt>
      <trkpt lat="53.433716" lon="-1.868411"><ele>510.6</ele><time>2026-03-28T12:42:08.000Z</time></trkpt>
      <trkpt lat="53.433712" lon="-1.868412"><ele>511.0</ele><time>2026-03-28T12:42:09.000Z</time></trkpt>
      <trkpt lat="53.433712" lon="-1.868416"><ele>510.8</ele><time>2026-03-28T12:42:10.000Z</time></trkpt>
      <trkpt lat="53.433716" lon="-1.868412"><ele>510.8</ele><time>2026-03-28T12:42:11.000Z</time></trkpt>
      <trkpt lat="53.433720" lon="-1.868404"><ele>511.6</ele><time>2026-03-28T12:42:12.000Z</time></trkpt>
      <trkpt lat="53.433720" lon="-1.868405"><ele>511.6</ele><time>2026-03-28T12:42:13.000Z</time></trkpt>
      <trkpt lat="53.433723" lon="-1.868407"><ele>511.8</ele><time>2026-03-28T12:42:14.000Z</time></trkpt>
      <trkpt lat="53.433720" lon="-1.868409"><ele>512.0</ele><time>2026-03-28T12:42:15.000Z</time></trkpt>
      <trkpt lat="53.433712" lon="-1.868407"><ele>511.6</ele><time>2026-03-28T12:42:16.000Z</time></trkpt>
      <trkpt lat="53.433716" lon="-1.868404"><ele>511.4</ele><time>2026-03-28T12:42:17.000Z</time></trkpt>
      <trkpt lat="53.433712" lon="-1.868407"><ele>511.2</ele><time>2026-03-28T12:42:18.000Z</time></trkpt>
      <trkpt lat="53.433704" lon="-1.868420"><ele>511.6</ele><time>2026-03-28T12:42:19.000Z</time></trkpt>
      <trkpt lat="53.433704" lon="-1.868427"><ele>511.8</ele><time>2026-03-28T12:42:20.000Z</time></trkpt>
      <trkpt lat="53.433697" lon="-1.868431"><ele>511.8</ele><time>2026-03-28T12:42:21.000Z</time></trkpt>
      <trkpt lat="53.433693" lon="-1.868432"><ele>512.2</ele><time>2026-03-28T12:42:22.000Z</time></trkpt>
      <trkpt lat="53.433685" lon="-1.868442"><ele>512.2</ele><time>2026-03-28T12:42:23.000Z</time></trkpt>
      <trkpt lat="53.433674" lon="-1.868457"><ele>512.4</ele><time>2026-03-28T12:42:24.000Z</time></trkpt>
      <trkpt lat="53.433660" lon="-1.868470"><ele>512.2</ele><time>2026-03-28T12:42:25.000Z</time></trkpt>
      <trkpt lat="53.433647" lon="-1.868480"><ele>511.8</ele><time>2026-03-28T12:42:26.000Z</time></trkpt>
      <trkpt lat="53.433636" lon="-1.868491"><ele>511.8</ele><time>2026-03-28T12:42:27.000Z</time></trkpt>
      <trkpt lat="53.433624" lon="-1.868501"><ele>512.0</ele><time>2026-03-28T12:42:28.000Z</time></trkpt>
      <trkpt lat="53.433610" lon="-1.868511"><ele>511.8</ele><time>2026-03-28T12:42:29.000Z</time></trkpt>
      <trkpt lat="53.433598" lon="-1.868513"><ele>512.0</ele><time>2026-03-28T12:42:30.000Z</time></trkpt>
      <trkpt lat="53.433586" lon="-1.868523"><ele>511.6</ele><time>2026-03-28T12:42:31.000Z</time></trkpt>
      <trkpt lat="53.433575" lon="-1.868535"><ele>511.6</ele><time>2026-03-28T12:42:32.000Z</time></trkpt>
      <trkpt lat="53.433563" lon="-1.868546"><ele>511.4</ele><time>2026-03-28T12:42:33.000Z</time></trkpt>
      <trkpt lat="53.433550" lon="-1.868551"><ele>511.8</ele><time>2026-03-28T12:42:34.000Z</time></trkpt>
      <trkpt lat="53.433537" lon="-1.868556"><ele>511.4</ele><time>2026-03-28T12:42:35.000Z</time></trkpt>
      <trkpt lat="53.433520" lon="-1.868557"><ele>510.6</ele><time>2026-03-28T12:42:36.000Z</time></trkpt>
      <trkpt lat="53.433510" lon="-1.868569"><ele>510.6</ele><time>2026-03-28T12:42:37.000Z</time></trkpt>
      <trkpt lat="53.433500" lon="-1.868574"><ele>510.4</ele><time>2026-03-28T12:42:38.000Z</time></trkpt>
      <trkpt lat="53.433483" lon="-1.868578"><ele>510.8</ele><time>2026-03-28T12:42:39.000Z</time></trkpt>
      <trkpt lat="53.433470" lon="-1.868583"><ele>510.8</ele><time>2026-03-28T12:42:40.000Z</time></trkpt>
      <trkpt lat="53.433460" lon="-1.868591"><ele>511.4</ele><time>2026-03-28T12:42:41.000Z</time></trkpt>
      <trkpt lat="53.433450" lon="-1.868601"><ele>511.4</ele><time>2026-03-28T12:42:42.000Z</time></trkpt>
      <trkpt lat="53.433437" lon="-1.868608"><ele>511.8</ele><time>2026-03-28T12:42:43.000Z</time></trkpt>
      <trkpt lat="53.433426" lon="-1.868623"><ele>511.8</ele><time>2026-03-28T12:42:44.000Z</time></trkpt>
      <trkpt lat="53.433414" lon="-1.868627"><ele>511.8</ele><time>2026-03-28T12:42:45.000Z</time></trkpt>
      <trkpt lat="53.433403" lon="-1.868629"><ele>511.6</ele><time>2026-03-28T12:42:46.000Z</time></trkpt>
      <trkpt lat="53.433388" lon="-1.868631"><ele>512.2</ele><time>2026-03-28T12:42:47.000Z</time></trkpt>
      <trkpt lat="53.433380" lon="-1.868637"><ele>511.8</ele><time>2026-03-28T12:42:48.000Z</time></trkpt>
      <trkpt lat="53.433365" lon="-1.868642"><ele>511.6</ele><time>2026-03-28T12:42:49.000Z</time></trkpt>
      <trkpt lat="53.433353" lon="-1.868645"><ele>511.8</ele><time>2026-03-28T12:42:50.000Z</time></trkpt>
      <trkpt lat="53.433342" lon="-1.868655"><ele>511.8</ele><time>2026-03-28T12:42:51.000Z</time></trkpt>
      <trkpt lat="53.433330" lon="-1.868659"><ele>511.4</ele><time>2026-03-28T12:42:52.000Z</time></trkpt>
      <trkpt lat="53.433320" lon="-1.868665"><ele>511.8</ele><time>2026-03-28T12:42:53.000Z</time></trkpt>
      <trkpt lat="53.433308" lon="-1.868666"><ele>511.6</ele><time>2026-03-28T12:42:54.000Z</time></trkpt>
      <trkpt lat="53.433296" lon="-1.868669"><ele>511.6</ele><time>2026-03-28T12:42:55.000Z</time></trkpt>
      <trkpt lat="53.433285" lon="-1.868678"><ele>511.2</ele><time>2026-03-28T12:42:56.000Z</time></trkpt>
      <trkpt lat="53.433273" lon="-1.868681"><ele>511.2</ele><time>2026-03-28T12:42:57.000Z</time></trkpt>
      <trkpt lat="53.433258" lon="-1.868687"><ele>511.0</ele><time>2026-03-28T12:42:58.000Z</time></trkpt>
      <trkpt lat="53.433247" lon="-1.868694"><ele>511.4</ele><time>2026-03-28T12:42:59.000Z</time></trkpt>
      <trkpt lat="53.433235" lon="-1.868701"><ele>511.0</ele><time>2026-03-28T12:43:00.000Z</time></trkpt>
      <trkpt lat="53.433228" lon="-1.868704"><ele>511.0</ele><time>2026-03-28T12:43:01.000Z</time></trkpt>
      <trkpt lat="53.433212" lon="-1.868708"><ele>511.2</ele><time>2026-03-28T12:43:02.000Z</time></trkpt>
      <trkpt lat="53.433200" lon="-1.868704"><ele>511.6</ele><time>2026-03-28T12:43:03.000Z</time></trkpt>
      <trkpt lat="53.433193" lon="-1.868703"><ele>511.2</ele><time>2026-03-28T12:43:04.000Z</time></trkpt>
      <trkpt lat="53.433178" lon="-1.868708"><ele>511.2</ele><time>2026-03-28T12:43:05.000Z</time></trkpt>
      <trkpt lat="53.433170" lon="-1.868714"><ele>511.6</ele><time>2026-03-28T12:43:06.000Z</time></trkpt>
      <trkpt lat="53.433163" lon="-1.868715"><ele>512.0</ele><time>2026-03-28T12:43:07.000Z</time></trkpt>
      <trkpt lat="53.433150" lon="-1.868720"><ele>511.6</ele><time>2026-03-28T12:43:08.000Z</time></trkpt>
      <trkpt lat="53.433140" lon="-1.868726"><ele>511.4</ele><time>2026-03-28T12:43:09.000Z</time></trkpt>
      <trkpt lat="53.433130" lon="-1.868738"><ele>511.4</ele><time>2026-03-28T12:43:10.000Z</time></trkpt>
      <trkpt lat="53.433120" lon="-1.868741"><ele>512.2</ele><time>2026-03-28T12:43:11.000Z</time></trkpt>
      <trkpt lat="53.433110" lon="-1.868743"><ele>511.6</ele><time>2026-03-28T12:43:12.000Z</time></trkpt>
      <trkpt lat="53.433094" lon="-1.868747"><ele>512.2</ele><time>2026-03-28T12:43:13.000Z</time></trkpt>
      <trkpt lat="53.433086" lon="-1.868756"><ele>512.0</ele><time>2026-03-28T12:43:14.000Z</time></trkpt>
      <trkpt lat="53.433075" lon="-1.868754"><ele>511.6</ele><time>2026-03-28T12:43:15.000Z</time></trkpt>
      <trkpt lat="53.433067" lon="-1.868758"><ele>511.6</ele><time>2026-03-28T12:43:16.000Z</time></trkpt>
      <trkpt lat="53.433060" lon="-1.868764"><ele>511.8</ele><time>2026-03-28T12:43:17.000Z</time></trkpt>
      <trkpt lat="53.433050" lon="-1.868768"><ele>511.6</ele><time>2026-03-28T12:43:18.000Z</time></trkpt>
      <trkpt lat="53.433044" lon="-1.868759"><ele>512.6</ele><time>2026-03-28T12:43:19.000Z</time></trkpt>
      <trkpt lat="53.433037" lon="-1.868763"><ele>512.2</ele><time>2026-03-28T12:43:20.000Z</time></trkpt>
      <trkpt lat="53.433020" lon="-1.868773"><ele>511.8</ele><time>2026-03-28T12:43:21.000Z</time></trkpt>
      <trkpt lat="53.433014" lon="-1.868789"><ele>512.0</ele><time>2026-03-28T12:43:22.000Z</time></trkpt>
      <trkpt lat="53.433002" lon="-1.868796"><ele>511.8</ele><time>2026-03-28T12:43:23.000Z</time></trkpt>
      <trkpt lat="53.432995" lon="-1.868810"><ele>511.0</ele><time>2026-03-28T12:43:24.000Z</time></trkpt>
      <trkpt lat="53.432987" lon="-1.868825"><ele>511.0</ele><time>2026-03-28T12:43:25.000Z</time></trkpt>
      <trkpt lat="53.432980" lon="-1.868838"><ele>511.6</ele><time>2026-03-28T12:43:26.000Z</time></trkpt>
      <trkpt lat="53.432972" lon="-1.868847"><ele>511.4</ele><time>2026-03-28T12:43:27.000Z</time></trkpt>
      <trkpt lat="53.432970" lon="-1.868863"><ele>511.6</ele><time>2026-03-28T12:43:28.000Z</time></trkpt>
      <trkpt lat="53.432960" lon="-1.868884"><ele>512.2</ele><time>2026-03-28T12:43:29.000Z</time></trkpt>
      <trkpt lat="53.432953" lon="-1.868891"><ele>511.8</ele><time>2026-03-28T12:43:30.000Z</time></trkpt>
      <trkpt lat="53.432945" lon="-1.868895"><ele>511.6</ele><time>2026-03-28T12:43:31.000Z</time></trkpt>
      <trkpt lat="53.432938" lon="-1.868910"><ele>512.2</ele><time>2026-03-28T12:43:32.000Z</time></trkpt>
      <trkpt lat="53.432934" lon="-1.868922"><ele>512.6</ele><time>2026-03-28T12:43:33.000Z</time></trkpt>
      <trkpt lat="53.432934" lon="-1.868945"><ele>512.2</ele><time>2026-03-28T12:43:34.000Z</time></trkpt>
      <trkpt lat="53.432938" lon="-1.868958"><ele>512.8</ele><time>2026-03-28T12:43:35.000Z</time></trkpt>
      <trkpt lat="53.432934" lon="-1.868978"><ele>512.6</ele><time>2026-03-28T12:43:36.000Z</time></trkpt>
      <trkpt lat="53.432930" lon="-1.868982"><ele>512.0</ele><time>2026-03-28T12:43:37.000Z</time></trkpt>
      <trkpt lat="53.432930" lon="-1.868985"><ele>511.8</ele><time>2026-03-28T12:43:38.000Z</time></trkpt>
      <trkpt lat="53.432926" lon="-1.868989"><ele>512.0</ele><time>2026-03-28T12:43:39.000Z</time></trkpt>
      <trkpt lat="53.432930" lon="-1.868994"><ele>512.2</ele><time>2026-03-28T12:43:40.000Z</time></trkpt>
      <trkpt lat="53.432934" lon="-1.868994"><ele>512.8</ele><time>2026-03-28T12:43:41.000Z</time></trkpt>
      <trkpt lat="53.432930" lon="-1.869000"><ele>512.6</ele><time>2026-03-28T12:43:42.000Z</time></trkpt>
      <trkpt lat="53.432930" lon="-1.869010"><ele>513.0</ele><time>2026-03-28T12:43:43.000Z</time></trkpt>
      <trkpt lat="53.432934" lon="-1.869017"><ele>514.2</ele><time>2026-03-28T12:43:44.000Z</time></trkpt>
      <trkpt lat="53.432938" lon="-1.869013"><ele>513.6</ele><time>2026-03-28T12:43:45.000Z</time></trkpt>
      <trkpt lat="53.432938" lon="-1.869002"><ele>513.6</ele><time>2026-03-28T12:43:46.000Z</time></trkpt>
      <trkpt lat="53.432938" lon="-1.869000"><ele>513.6</ele><time>2026-03-28T12:43:47.000Z</time></trkpt>
      <trkpt lat="53.432930" lon="-1.869002"><ele>512.8</ele><time>2026-03-28T12:43:48.000Z</time></trkpt>
      <trkpt lat="53.432930" lon="-1.869005"><ele>512.6</ele><time>2026-03-28T12:43:49.000Z</time></trkpt>
      <trkpt lat="53.432930" lon="-1.869004"><ele>512.6</ele><time>2026-03-28T12:43:50.000Z</time></trkpt>
      <trkpt lat="53.432930" lon="-1.869001"><ele>512.8</ele><time>2026-03-28T12:43:51.000Z</time></trkpt>
      <trkpt lat="53.432926" lon="-1.869001"><ele>512.8</ele><time>2026-03-28T12:43:52.000Z</time></trkpt>
      <trkpt lat="53.432926" lon="-1.869005"><ele>512.8</ele><time>2026-03-28T12:43:53.000Z</time></trkpt>
      <trkpt lat="53.432926" lon="-1.869004"><ele>512.8</ele><time>2026-03-28T12:43:54.000Z</time></trkpt>
      <trkpt lat="53.432922" lon="-1.869002"><ele>512.4</ele><time>2026-03-28T12:43:55.000Z</time></trkpt>
      <trkpt lat="53.432926" lon="-1.869004"><ele>512.4</ele><time>2026-03-28T12:43:56.000Z</time></trkpt>
      <trkpt lat="53.432926" lon="-1.869002"><ele>512.2</ele><time>2026-03-28T12:43:57.000Z</time></trkpt>
      <trkpt lat="53.432926" lon="-1.868998"><ele>512.2</ele><time>2026-03-28T12:43:58.000Z</time></trkpt>
      <trkpt lat="53.432926" lon="-1.869000"><ele>512.6</ele><time>2026-03-28T12:43:59.000Z</time></trkpt>
      <trkpt lat="53.432926" lon="-1.868999"><ele>512.6</ele><time>2026-03-28T12:44:00.000Z</time></trkpt>
      <trkpt lat="53.432926" lon="-1.868999"><ele>512.6</ele><time>2026-03-28T12:44:01.000Z</time></trkpt>
      <trkpt lat="53.432926" lon="-1.868999"><ele>512.6</ele><time>2026-03-28T12:44:02.000Z</time></trkpt>
      <trkpt lat="53.432926" lon="-1.868996"><ele>511.8</ele><time>2026-03-28T12:44:03.000Z</time></trkpt>
      <trkpt lat="53.432926" lon="-1.868998"><ele>512.0</ele><time>2026-03-28T12:44:04.000Z</time></trkpt>
    </trkseg>
  </trk>
</gpx>
